// MiscFixed9x15 font, converted from 9x15.bdf by bdf2gfx.py
// Range: U+0020-U+04FF  (1112 glyphs defined, rest placeholders)
// Metrics: ascent=12 descent=3  yAdvance=15
#pragma once
#include <Adafruit_GFX.h>

static const uint8_t MiscFixed9x15Bitmaps[] PROGMEM = {
  0x00, 0x00, 0x00, 0x00, 0x00, 0x00, 0x00, 0x00, 0x00, 0x00, 0x00, 0x00, 0x00, 0x00, 0x00, 0x00,
  0x00, 0x00, 0x04, 0x02, 0x01, 0x00, 0x80, 0x40, 0x20, 0x10, 0x00, 0x00, 0x02, 0x01, 0x00, 0x00,
  0x00, 0x00, 0x00, 0x00, 0x04, 0x82, 0x41, 0x20, 0x00, 0x00, 0x00, 0x00, 0x00, 0x00, 0x00, 0x00,
  0x00, 0x00, 0x00, 0x00, 0x00, 0x00, 0x04, 0x82, 0x43, 0xF0, 0x90, 0x48, 0x7E, 0x12, 0x09, 0x00,
  0x00, 0x00, 0x00, 0x00, 0x00, 0x00, 0x02, 0x07, 0xC4, 0x92, 0x40, 0xA0, 0x38, 0x0A, 0x04, 0x92,
  0x47, 0xC0, 0x80, 0x00, 0x00, 0x00, 0x00, 0x08, 0x4A, 0x45, 0x21, 0x20, 0x20, 0x10, 0x12, 0x12,
  0x89, 0x48, 0x40, 0x00, 0x00, 0x00, 0x00, 0x00, 0x0C, 0x09, 0x04, 0x82, 0x40, 0xC0, 0x62, 0x4A,
  0x22, 0x12, 0x86, 0x20, 0x00, 0x00, 0x00, 0x00, 0x00, 0x02, 0x01, 0x00, 0x80, 0x00, 0x00, 0x00,
  0x00, 0x00, 0x00, 0x00, 0x00, 0x00, 0x00, 0x00, 0x00, 0x02, 0x02, 0x01, 0x01, 0x00, 0x80, 0x40,
  0x20, 0x10, 0x08, 0x02, 0x01, 0x00, 0x40, 0x00, 0x00, 0x00, 0x08, 0x02, 0x01, 0x00, 0x40, 0x20,
  0x10, 0x08, 0x04, 0x02, 0x02, 0x01, 0x01, 0x00, 0x00, 0x00, 0x00, 0x00, 0x02, 0x09, 0x22, 0xA0,
  0xE0, 0xA8, 0x92, 0x08, 0x00, 0x00, 0x00, 0x00, 0x00, 0x00, 0x00, 0x00, 0x00, 0x00, 0x00, 0x00,
  0x80, 0x40, 0x20, 0xFE, 0x08, 0x04, 0x02, 0x00, 0x00, 0x00, 0x00, 0x00, 0x00, 0x00, 0x00, 0x00,
  0x00, 0x00, 0x00, 0x00, 0x00, 0x00, 0x00, 0x03, 0x01, 0x80, 0x40, 0x20, 0x20, 0x00, 0x00, 0x00,
  0x00, 0x00, 0x00, 0x00, 0x00, 0xFE, 0x00, 0x00, 0x00, 0x00, 0x00, 0x00, 0x00, 0x00, 0x00, 0x00,
  0x00, 0x00, 0x00, 0x00, 0x00, 0x00, 0x00, 0x00, 0x00, 0x03, 0x01, 0x80, 0x00, 0x00, 0x00, 0x00,
  0x00, 0x00, 0x40, 0x40, 0x20, 0x20, 0x20, 0x10, 0x10, 0x10, 0x08, 0x08, 0x00, 0x00, 0x00, 0x00,
  0x00, 0x00, 0x07, 0x04, 0x44, 0x12, 0x09, 0x04, 0x82, 0x41, 0x20, 0x88, 0x83, 0x80, 0x00, 0x00,
  0x00, 0x00, 0x00, 0x02, 0x03, 0x02, 0x82, 0x40, 0x20, 0x10, 0x08, 0x04, 0x02, 0x0F, 0xE0, 0x00,
  0x00, 0x00, 0x00, 0x00, 0x0F, 0x88, 0x24, 0x10, 0x10, 0x10, 0x10, 0x10, 0x10, 0x10, 0x0F, 0xE0,
  0x00, 0x00, 0x00, 0x00, 0x00, 0x1F, 0xC0, 0x20, 0x20, 0x20, 0x38, 0x02, 0x01, 0x00, 0x90, 0x47,
  0xC0, 0x00, 0x00, 0x00, 0x00, 0x00, 0x00, 0x80, 0xC0, 0xA0, 0x90, 0x88, 0x84, 0x7F, 0x01, 0x00,
  0x80, 0x40, 0x00, 0x00, 0x00, 0x00, 0x00, 0x1F, 0xC8, 0x04, 0x02, 0xF1, 0x84, 0x02, 0x01, 0x00,
  0x90, 0x47, 0xC0, 0x00, 0x00, 0x00, 0x00, 0x00, 0x07, 0x84, 0x04, 0x02, 0x01, 0x78, 0xC2, 0x41,
  0x20, 0x90, 0x47, 0xC0, 0x00, 0x00, 0x00, 0x00, 0x00, 0x1F, 0xC0, 0x20, 0x20, 0x10, 0x10, 0x08,
  0x08, 0x04, 0x04, 0x02, 0x00, 0x00, 0x00, 0x00, 0x00, 0x00, 0x07, 0x04, 0x44, 0x11, 0x10, 0x70,
  0x44, 0x41, 0x20, 0x88, 0x83, 0x80, 0x00, 0x00, 0x00, 0x00, 0x00, 0x0F, 0x88, 0x24, 0x12, 0x09,
  0x0C, 0x7A, 0x01, 0x00, 0x80, 0x87, 0x80, 0x00, 0x00, 0x00, 0x00, 0x00, 0x00, 0x00, 0x00, 0x00,
  0x60, 0x30, 0x00, 0x00, 0x00, 0x03, 0x01, 0x80, 0x00, 0x00, 0x00, 0x00, 0x00, 0x00, 0x00, 0x00,
  0x00, 0x60, 0x30, 0x00, 0x00, 0x00, 0x03, 0x01, 0x80, 0x40, 0x20, 0x20, 0x00, 0x00, 0x00, 0x80,
  0x80, 0x80, 0x80, 0x80, 0x40, 0x10, 0x04, 0x01, 0x00, 0x40, 0x00, 0x00, 0x00, 0x00, 0x00, 0x00,
  0x00, 0x00, 0x00, 0x01, 0xFC, 0x00, 0x00, 0x3F, 0x80, 0x00, 0x00, 0x00, 0x00, 0x00, 0x00, 0x00,
  0x08, 0x02, 0x00, 0x80, 0x20, 0x08, 0x04, 0x04, 0x04, 0x04, 0x04, 0x00, 0x00, 0x00, 0x00, 0x00,
  0x00, 0x0F, 0x88, 0x24, 0x10, 0x08, 0x08, 0x08, 0x08, 0x04, 0x00, 0x01, 0x00, 0x00, 0x00, 0x00,
  0x00, 0x00, 0x0F, 0x88, 0x24, 0x12, 0x79, 0x44, 0xA6, 0x4D, 0x20, 0x10, 0x07, 0xC0, 0x00, 0x00,
  0x00, 0x00, 0x00, 0x02, 0x02, 0x82, 0x22, 0x09, 0x04, 0x82, 0x7F, 0x20, 0x90, 0x48, 0x20, 0x00,
  0x00, 0x00, 0x00, 0x00, 0x1F, 0x08, 0x44, 0x12, 0x11, 0xF0, 0x84, 0x41, 0x20, 0x90, 0x8F, 0x80,
  0x00, 0x00, 0x00, 0x00, 0x00, 0x0F, 0x88, 0x24, 0x02, 0x01, 0x00, 0x80, 0x40, 0x20, 0x10, 0x47,
  0xC0, 0x00, 0x00, 0x00, 0x00, 0x00, 0x1F, 0x08, 0x44, 0x12, 0x09, 0x04, 0x82, 0x41, 0x20, 0x90,
  0x8F, 0x80, 0x00, 0x00, 0x00, 0x00, 0x00, 0x1F, 0xC8, 0x04, 0x02, 0x01, 0xF0, 0x80, 0x40, 0x20,
  0x10, 0x0F, 0xE0, 0x00, 0x00, 0x00, 0x00, 0x00, 0x1F, 0xC8, 0x04, 0x02, 0x01, 0xF0, 0x80, 0x40,
  0x20, 0x10, 0x08, 0x00, 0x00, 0x00, 0x00, 0x00, 0x00, 0x0F, 0x88, 0x24, 0x02, 0x01, 0x00, 0x8E,
  0x41, 0x20, 0x90, 0x47, 0xC0, 0x00, 0x00, 0x00, 0x00, 0x00, 0x10, 0x48, 0x24, 0x12, 0x09, 0xFC,
  0x82, 0x41, 0x20, 0x90, 0x48, 0x20, 0x00, 0x00, 0x00, 0x00, 0x00, 0x0F, 0x81, 0x00, 0x80, 0x40,
  0x20, 0x10, 0x08, 0x04, 0x02, 0x07, 0xC0, 0x00, 0x00, 0x00, 0x00, 0x00, 0x03, 0xE0, 0x40, 0x20,
  0x10, 0x08, 0x04, 0x02, 0x01, 0x10, 0x87, 0x80, 0x00, 0x00, 0x00, 0x00, 0x00, 0x10, 0x48, 0x44,
  0x42, 0x41, 0xC0, 0xA0, 0x48, 0x22, 0x10, 0x88, 0x20, 0x00, 0x00, 0x00, 0x00, 0x00, 0x10, 0x08,
  0x04, 0x02, 0x01, 0x00, 0x80, 0x40, 0x20, 0x10, 0x0F, 0xE0, 0x00, 0x00, 0x00, 0x00, 0x00, 0x10,
  0x48, 0x26, 0x32, 0xA9, 0x54, 0x92, 0x49, 0x20, 0x90, 0x48, 0x20, 0x00, 0x00, 0x00, 0x00, 0x00,
  0x10, 0x48, 0x26, 0x12, 0x89, 0x24, 0x8A, 0x43, 0x20, 0x90, 0x48, 0x20, 0x00, 0x00, 0x00, 0x00,
  0x00, 0x0F, 0x88, 0x24, 0x12, 0x09, 0x04, 0x82, 0x41, 0x20, 0x90, 0x47, 0xC0, 0x00, 0x00, 0x00,
  0x00, 0x00, 0x1F, 0x88, 0x24, 0x12, 0x09, 0xF8, 0x80, 0x40, 0x20, 0x10, 0x08, 0x00, 0x00, 0x00,
  0x00, 0x00, 0x00, 0x0F, 0x88, 0x24, 0x12, 0x09, 0x04, 0x82, 0x41, 0x28, 0x92, 0x47, 0xC0, 0x40,
  0x18, 0x00, 0x00, 0x00, 0x1F, 0x88, 0x24, 0x12, 0x09, 0xF8, 0x90, 0x44, 0x21, 0x10, 0x48, 0x20,
  0x00, 0x00, 0x00, 0x00, 0x00, 0x0F, 0x88, 0x24, 0x12, 0x00, 0xE0, 0x0C, 0x01, 0x20, 0x90, 0x47,
  0xC0, 0x00, 0x00, 0x00, 0x00, 0x00, 0x1F, 0xC1, 0x00, 0x80, 0x40, 0x20, 0x10, 0x08, 0x04, 0x02,
  0x01, 0x00, 0x00, 0x00, 0x00, 0x00, 0x00, 0x10, 0x48, 0x24, 0x12, 0x09, 0x04, 0x82, 0x41, 0x20,
  0x90, 0x47, 0xC0, 0x00, 0x00, 0x00, 0x00, 0x00, 0x10, 0x48, 0x24, 0x11, 0x10, 0x88, 0x44, 0x14,
  0x0A, 0x05, 0x01, 0x00, 0x00, 0x00, 0x00, 0x00, 0x00, 0x10, 0x48, 0x24, 0x12, 0x09, 0x24, 0x92,
  0x49, 0x24, 0x95, 0x44, 0x40, 0x00, 0x00, 0x00, 0x00, 0x00, 0x10, 0x48, 0x22, 0x20, 0xA0, 0x20,
  0x10, 0x14, 0x11, 0x10, 0x48, 0x20, 0x00, 0x00, 0x00, 0x00, 0x00, 0x10, 0x48, 0x22, 0x20, 0xA0,
  0x20, 0x10, 0x08, 0x04, 0x02, 0x01, 0x00, 0x00, 0x00, 0x00, 0x00, 0x00, 0x1F, 0xC0, 0x20, 0x20,
  0x20, 0x20, 0x20, 0x20, 0x20, 0x10, 0x0F, 0xE0, 0x00, 0x00, 0x00, 0x00, 0x0F, 0x04, 0x02, 0x01,
  0x00, 0x80, 0x40, 0x20, 0x10, 0x08, 0x04, 0x02, 0x01, 0xE0, 0x00, 0x00, 0x00, 0x00, 0x10, 0x04,
  0x02, 0x00, 0x80, 0x20, 0x10, 0x04, 0x01, 0x00, 0x80, 0x20, 0x00, 0x00, 0x00, 0x00, 0x1E, 0x01,
  0x00, 0x80, 0x40, 0x20, 0x10, 0x08, 0x04, 0x02, 0x01, 0x00, 0x83, 0xC0, 0x00, 0x00, 0x00, 0x00,
  0x02, 0x02, 0x82, 0x22, 0x08, 0x00, 0x00, 0x00, 0x00, 0x00, 0x00, 0x00, 0x00, 0x00, 0x00, 0x00,
  0x00, 0x00, 0x00, 0x00, 0x00, 0x00, 0x00, 0x00, 0x00, 0x00, 0x00, 0x00, 0x0F, 0xF0, 0x00, 0x00,
  0x00, 0x08, 0x02, 0x00, 0x80, 0x00, 0x00, 0x00, 0x00, 0x00, 0x00, 0x00, 0x00, 0x00, 0x00, 0x00,
  0x00, 0x00, 0x00, 0x00, 0x00, 0x00, 0x01, 0xF0, 0x04, 0x02, 0x3F, 0x20, 0x90, 0xC7, 0xA0, 0x00,
  0x00, 0x00, 0x00, 0x00, 0x10, 0x08, 0x04, 0x02, 0xF1, 0x84, 0x82, 0x41, 0x20, 0x98, 0x4B, 0xC0,
  0x00, 0x00, 0x00, 0x00, 0x00, 0x00, 0x00, 0x00, 0x01, 0xF1, 0x04, 0x80, 0x40, 0x20, 0x10, 0x47,
  0xC0, 0x00, 0x00, 0x00, 0x00, 0x00, 0x00, 0x40, 0x20, 0x11, 0xE9, 0x0C, 0x82, 0x41, 0x20, 0x90,
  0xC7, 0xA0, 0x00, 0x00, 0x00, 0x00, 0x00, 0x00, 0x00, 0x00, 0x01, 0xF1, 0x04, 0x82, 0x7F, 0x20,
  0x10, 0x07, 0xC0, 0x00, 0x00, 0x00, 0x00, 0x00, 0x03, 0x82, 0x21, 0x10, 0x80, 0x40, 0xF8, 0x10,
  0x08, 0x04, 0x02, 0x00, 0x00, 0x00, 0x00, 0x00, 0x00, 0x00, 0x00, 0x00, 0x01, 0xE9, 0x08, 0x84,
  0x42, 0x1E, 0x10, 0x07, 0xC4, 0x12, 0x08, 0xF8, 0x00, 0x00, 0x10, 0x08, 0x04, 0x02, 0xF1, 0x84,
  0x82, 0x41, 0x20, 0x90, 0x48, 0x20, 0x00, 0x00, 0x00, 0x00, 0x00, 0x06, 0x00, 0x00, 0x01, 0xC0,
  0x20, 0x10, 0x08, 0x04, 0x02, 0x07, 0xC0, 0x00, 0x00, 0x00, 0x00, 0x00, 0x01, 0x80, 0x00, 0x00,
  0x70, 0x08, 0x04, 0x02, 0x01, 0x00, 0x88, 0x44, 0x22, 0x10, 0xF0, 0x00, 0x00, 0x10, 0x08, 0x04,
  0x02, 0x09, 0x18, 0xB0, 0x60, 0x2C, 0x11, 0x88, 0x20, 0x00, 0x00, 0x00, 0x00, 0x00, 0x0E, 0x01,
  0x00, 0x80, 0x40, 0x20, 0x10, 0x08, 0x04, 0x02, 0x07, 0xC0, 0x00, 0x00, 0x00, 0x00, 0x00, 0x00,
  0x00, 0x00, 0x03, 0xB1, 0x24, 0x92, 0x49, 0x24, 0x92, 0x48, 0x20, 0x00, 0x00, 0x00, 0x00, 0x00,
  0x00, 0x00, 0x00, 0x02, 0xF1, 0x84, 0x82, 0x41, 0x20, 0x90, 0x48, 0x20, 0x00, 0x00, 0x00, 0x00,
  0x00, 0x00, 0x00, 0x00, 0x01, 0xF1, 0x04, 0x82, 0x41, 0x20, 0x90, 0x47, 0xC0, 0x00, 0x00, 0x00,
  0x00, 0x00, 0x00, 0x00, 0x00, 0x02, 0xF1, 0x84, 0x82, 0x41, 0x20, 0x98, 0x4B, 0xC4, 0x02, 0x01,
  0x00, 0x00, 0x00, 0x00, 0x00, 0x00, 0x01, 0xE9, 0x0C, 0x82, 0x41, 0x20, 0x90, 0xC7, 0xA0, 0x10,
  0x08, 0x04, 0x00, 0x00, 0x00, 0x00, 0x00, 0x02, 0x70, 0xC4, 0x42, 0x20, 0x10, 0x08, 0x04, 0x00,
  0x00, 0x00, 0x00, 0x00, 0x00, 0x00, 0x00, 0x00, 0x01, 0xF1, 0x04, 0x80, 0x3E, 0x00, 0x90, 0x47,
  0xC0, 0x00, 0x00, 0x00, 0x00, 0x00, 0x00, 0x02, 0x01, 0x03, 0xF0, 0x40, 0x20, 0x10, 0x08, 0x04,
  0x41, 0xC0, 0x00, 0x00, 0x00, 0x00, 0x00, 0x00, 0x00, 0x00, 0x02, 0x11, 0x08, 0x84, 0x42, 0x21,
  0x10, 0x87, 0xA0, 0x00, 0x00, 0x00, 0x00, 0x00, 0x00, 0x00, 0x00, 0x02, 0x09, 0x04, 0x44, 0x22,
  0x0A, 0x05, 0x01, 0x00, 0x00, 0x00, 0x00, 0x00, 0x00, 0x00, 0x00, 0x00, 0x02, 0x09, 0x04, 0x92,
  0x49, 0x24, 0x95, 0x44, 0x40, 0x00, 0x00, 0x00, 0x00, 0x00, 0x00, 0x00, 0x00, 0x02, 0x08, 0x88,
  0x28, 0x08, 0x0A, 0x08, 0x88, 0x20, 0x00, 0x00, 0x00, 0x00, 0x00, 0x00, 0x00, 0x00, 0x02, 0x11,
  0x08, 0x84, 0x42, 0x21, 0x11, 0x87, 0x40, 0x22, 0x10, 0xF0, 0x00, 0x00, 0x00, 0x00, 0x00, 0x03,
  0xF8, 0x08, 0x08, 0x08, 0x08, 0x08, 0x0F, 0xE0, 0x00, 0x00, 0x00, 0x00, 0x03, 0x82, 0x01, 0x00,
  0x80, 0x20, 0x60, 0x30, 0x04, 0x04, 0x02, 0x01, 0x00, 0x70, 0x00, 0x00, 0x00, 0x04, 0x02, 0x01,
  0x00, 0x80, 0x40, 0x20, 0x10, 0x08, 0x04, 0x02, 0x01, 0x00, 0x80, 0x00, 0x00, 0x00, 0x38, 0x02,
  0x01, 0x00, 0x80, 0x80, 0x30, 0x18, 0x10, 0x04, 0x02, 0x01, 0x07, 0x00, 0x00, 0x00, 0x00, 0x00,
  0x0C, 0x49, 0x24, 0x60, 0x00, 0x00, 0x00, 0x00, 0x00, 0x00, 0x00, 0x00, 0x00, 0x00, 0x00, 0x00,
  0x00, 0x00, 0x00, 0x00, 0x00, 0x00, 0x00, 0x00, 0x00, 0x00, 0x00, 0x00, 0x00, 0x00, 0x00, 0x00,
  0x00, 0x04, 0x02, 0x00, 0x00, 0x00, 0x40, 0x20, 0x10, 0x08, 0x04, 0x02, 0x01, 0x00, 0x00, 0x00,
  0x00, 0x00, 0x00, 0x00, 0x00, 0x00, 0x41, 0xE1, 0x28, 0x90, 0x50, 0x29, 0x0F, 0x04, 0x00, 0x00,
  0x00, 0x00, 0x00, 0x00, 0x03, 0x82, 0x21, 0x00, 0x81, 0xF0, 0x20, 0x10, 0x18, 0x14, 0x45, 0xC0,
  0x00, 0x00, 0x00, 0x00, 0x00, 0x00, 0x08, 0x23, 0xE1, 0x10, 0x88, 0x7C, 0x41, 0x00, 0x00, 0x00,
  0x00, 0x00, 0x00, 0x00, 0x00, 0x00, 0x10, 0x48, 0x22, 0x20, 0xA0, 0xF8, 0x10, 0x3E, 0x04, 0x02,
  0x01, 0x00, 0x00, 0x00, 0x00, 0x00, 0x00, 0x02, 0x01, 0x00, 0x80, 0x40, 0x20, 0x00, 0x08, 0x04,
  0x02, 0x01, 0x00, 0x80, 0x00, 0x00, 0x00, 0x00, 0x06, 0x04, 0x82, 0x00, 0xC0, 0x90, 0x48, 0x24,
  0x0C, 0x01, 0x04, 0x81, 0x80, 0x00, 0x00, 0x00, 0x11, 0x08, 0x80, 0x00, 0x00, 0x00, 0x00, 0x00,
  0x00, 0x00, 0x00, 0x00, 0x00, 0x00, 0x00, 0x00, 0x00, 0x00, 0x0F, 0x08, 0x49, 0x95, 0x2A, 0x85,
  0x4A, 0x99, 0x21, 0x0F, 0x00, 0x00, 0x00, 0x00, 0x00, 0x00, 0x00, 0x0C, 0x09, 0x03, 0x82, 0x40,
  0xF0, 0x00, 0x7C, 0x00, 0x00, 0x00, 0x00, 0x00, 0x00, 0x00, 0x00, 0x00, 0x00, 0x01, 0x21, 0x21,
  0x21, 0x20, 0x90, 0x24, 0x09, 0x02, 0x40, 0x00, 0x00, 0x00, 0x00, 0x00, 0x00, 0x00, 0x00, 0x00,
  0x00, 0x01, 0xF8, 0x04, 0x02, 0x01, 0x00, 0x00, 0x00, 0x00, 0x00, 0x00, 0x00, 0x00, 0x00, 0x00,
  0x00, 0x00, 0x00, 0x00, 0x7C, 0x00, 0x00, 0x00, 0x00, 0x00, 0x00, 0x00, 0x00, 0x00, 0x00, 0x0F,
  0x08, 0x4B, 0x95, 0x2A, 0xE5, 0x52, 0xA5, 0x21, 0x0F, 0x00, 0x00, 0x00, 0x00, 0x00, 0x00, 0x00,
  0x1F, 0x80, 0x00, 0x00, 0x00, 0x00, 0x00, 0x00, 0x00, 0x00, 0x00, 0x00, 0x00, 0x00, 0x00, 0x00,
  0x00, 0x03, 0x02, 0x41, 0x20, 0x60, 0x00, 0x00, 0x00, 0x00, 0x00, 0x00, 0x00, 0x00, 0x00, 0x00,
  0x00, 0x00, 0x02, 0x01, 0x00, 0x83, 0xF8, 0x20, 0x10, 0x08, 0x00, 0x1F, 0xC0, 0x00, 0x00, 0x00,
  0x00, 0x00, 0x00, 0x0C, 0x09, 0x00, 0x81, 0x81, 0x00, 0xF0, 0x00, 0x00, 0x00, 0x00, 0x00, 0x00,
  0x00, 0x00, 0x00, 0x00, 0x0C, 0x09, 0x01, 0x00, 0x41, 0x20, 0x60, 0x00, 0x00, 0x00, 0x00, 0x00,
  0x00, 0x00, 0x00, 0x00, 0x02, 0x02, 0x02, 0x00, 0x00, 0x00, 0x00, 0x00, 0x00, 0x00, 0x00, 0x00,
  0x00, 0x00, 0x00, 0x00, 0x00, 0x00, 0x00, 0x00, 0x00, 0x02, 0x09, 0x04, 0x82, 0x41, 0x20, 0x98,
  0xCB, 0xA4, 0x02, 0x00, 0x00, 0x00, 0x00, 0x0F, 0xC8, 0xA4, 0x52, 0x28, 0xF4, 0x0A, 0x05, 0x02,
  0x81, 0x40, 0xA0, 0x00, 0x00, 0x00, 0x00, 0x00, 0x00, 0x00, 0x00, 0x00, 0x00, 0x30, 0x18, 0x00,
  0x00, 0x00, 0x00, 0x00, 0x00, 0x00, 0x00, 0x00, 0x00, 0x00, 0x00, 0x00, 0x00, 0x00, 0x00, 0x00,
  0x00, 0x00, 0x00, 0x00, 0x00, 0xC1, 0x20, 0x60, 0x00, 0x00, 0x08, 0x0C, 0x02, 0x01, 0x00, 0x80,
  0xE0, 0x00, 0x00, 0x00, 0x00, 0x00, 0x00, 0x00, 0x00, 0x00, 0x00, 0x0E, 0x08, 0x84, 0x41, 0xC0,
  0x00, 0xF8, 0x00, 0x00, 0x00, 0x00, 0x00, 0x00, 0x00, 0x00, 0x00, 0x00, 0x00, 0x09, 0x02, 0x40,
  0x90, 0x24, 0x12, 0x12, 0x12, 0x12, 0x00, 0x00, 0x00, 0x00, 0x00, 0x00, 0x00, 0x08, 0x0C, 0x02,
  0x01, 0x00, 0x84, 0xE6, 0x05, 0x04, 0x83, 0x40, 0x60, 0x00, 0x00, 0x00, 0x00, 0x00, 0x08, 0x0C,
  0x02, 0x01, 0x00, 0x98, 0xF2, 0x01, 0x03, 0x02, 0x01, 0xE0, 0x00, 0x00, 0x00, 0x00, 0x00, 0x0C,
  0x09, 0x01, 0x00, 0x41, 0x24, 0x66, 0x05, 0x04, 0x83, 0x40, 0x60, 0x00, 0x00, 0x00, 0x00, 0x00,
  0x02, 0x00, 0x00, 0x80, 0x40, 0x40, 0x40, 0x40, 0x20, 0x90, 0x47, 0xC0, 0x00, 0x00, 0x00, 0x20,
  0x08, 0x02, 0x00, 0x01, 0xC1, 0x11, 0x04, 0x82, 0x7F, 0x20, 0x90, 0x48, 0x20, 0x00, 0x00, 0x00,
  0x02, 0x02, 0x02, 0x00, 0x01, 0xC1, 0x11, 0x04, 0x82, 0x7F, 0x20, 0x90, 0x48, 0x20, 0x00, 0x00,
  0x00, 0x08, 0x0A, 0x08, 0x80, 0x01, 0xC1, 0x11, 0x04, 0x82, 0x7F, 0x20, 0x90, 0x48, 0x20, 0x00,
  0x00, 0x00, 0x00, 0x18, 0x93, 0x80, 0x01, 0xC1, 0x11, 0x04, 0x82, 0x7F, 0x20, 0x90, 0x48, 0x20,
  0x00, 0x00, 0x00, 0x00, 0x11, 0x08, 0x80, 0x01, 0xC1, 0x11, 0x04, 0x82, 0x7F, 0x20, 0x90, 0x48,
  0x20, 0x00, 0x00, 0x00, 0x00, 0x0E, 0x08, 0x83, 0x81, 0x41, 0x11, 0x04, 0x82, 0x7F, 0x20, 0x90,
  0x48, 0x20, 0x00, 0x00, 0x00, 0x00, 0x00, 0x0D, 0xC9, 0x04, 0x82, 0x41, 0x20, 0xFC, 0x48, 0x24,
  0x12, 0x09, 0xE0, 0x00, 0x00, 0x00, 0x00, 0x00, 0x0F, 0x88, 0x24, 0x02, 0x01, 0x00, 0x80, 0x40,
  0x20, 0x10, 0x47, 0xC0, 0xC1, 0x20, 0x60, 0x20, 0x08, 0x02, 0x00, 0x07, 0xF1, 0x00, 0x80, 0x78,
  0x20, 0x10, 0x08, 0x0F, 0xE0, 0x00, 0x00, 0x00, 0x02, 0x02, 0x02, 0x00, 0x07, 0xF1, 0x00, 0x80,
  0x78, 0x20, 0x10, 0x08, 0x0F, 0xE0, 0x00, 0x00, 0x00, 0x08, 0x0A, 0x08, 0x80, 0x07, 0xF1, 0x00,
  0x80, 0x78, 0x20, 0x10, 0x08, 0x0F, 0xE0, 0x00, 0x00, 0x00, 0x00, 0x11, 0x08, 0x80, 0x07, 0xF1,
  0x00, 0x80, 0x78, 0x20, 0x10, 0x08, 0x0F, 0xE0, 0x00, 0x00, 0x00, 0x20, 0x08, 0x02, 0x00, 0x03,
  0xE0, 0x40, 0x20, 0x10, 0x08, 0x04, 0x02, 0x07, 0xC0, 0x00, 0x00, 0x00, 0x02, 0x02, 0x02, 0x00,
  0x03, 0xE0, 0x40, 0x20, 0x10, 0x08, 0x04, 0x02, 0x07, 0xC0, 0x00, 0x00, 0x00, 0x08, 0x0A, 0x08,
  0x80, 0x03, 0xE0, 0x40, 0x20, 0x10, 0x08, 0x04, 0x02, 0x07, 0xC0, 0x00, 0x00, 0x00, 0x00, 0x11,
  0x08, 0x80, 0x03, 0xE0, 0x40, 0x20, 0x10, 0x08, 0x04, 0x02, 0x07, 0xC0, 0x00, 0x00, 0x00, 0x00,
  0x00, 0x1F, 0x08, 0x44, 0x12, 0x0B, 0x84, 0x82, 0x41, 0x20, 0x90, 0x8F, 0x80, 0x00, 0x00, 0x00,
  0x00, 0x18, 0x93, 0x80, 0x04, 0x13, 0x09, 0x44, 0x92, 0x49, 0x22, 0x90, 0xC8, 0x20, 0x00, 0x00,
  0x00, 0x20, 0x08, 0x02, 0x00, 0x03, 0xE2, 0x09, 0x04, 0x82, 0x41, 0x20, 0x90, 0x47, 0xC0, 0x00,
  0x00, 0x00, 0x02, 0x02, 0x02, 0x00, 0x03, 0xE2, 0x09, 0x04, 0x82, 0x41, 0x20, 0x90, 0x47, 0xC0,
  0x00, 0x00, 0x00, 0x08, 0x0A, 0x08, 0x80, 0x03, 0xE2, 0x09, 0x04, 0x82, 0x41, 0x20, 0x90, 0x47,
  0xC0, 0x00, 0x00, 0x00, 0x00, 0x18, 0x93, 0x80, 0x03, 0xE2, 0x09, 0x04, 0x82, 0x41, 0x20, 0x90,
  0x47, 0xC0, 0x00, 0x00, 0x00, 0x00, 0x11, 0x08, 0x80, 0x03, 0xE2, 0x09, 0x04, 0x82, 0x41, 0x20,
  0x90, 0x47, 0xC0, 0x00, 0x00, 0x00, 0x00, 0x00, 0x00, 0x00, 0x04, 0x11, 0x10, 0x50, 0x10, 0x14,
  0x11, 0x10, 0x40, 0x00, 0x00, 0x00, 0x00, 0x00, 0x00, 0x8F, 0x88, 0x64, 0x52, 0x29, 0x24, 0x92,
  0x51, 0x28, 0x98, 0x47, 0xC4, 0x00, 0x00, 0x00, 0x20, 0x08, 0x02, 0x00, 0x04, 0x12, 0x09, 0x04,
  0x82, 0x41, 0x20, 0x90, 0x47, 0xC0, 0x00, 0x00, 0x00, 0x02, 0x02, 0x02, 0x00, 0x04, 0x12, 0x09,
  0x04, 0x82, 0x41, 0x20, 0x90, 0x47, 0xC0, 0x00, 0x00, 0x00, 0x08, 0x0A, 0x08, 0x80, 0x04, 0x12,
  0x09, 0x04, 0x82, 0x41, 0x20, 0x90, 0x47, 0xC0, 0x00, 0x00, 0x00, 0x00, 0x11, 0x08, 0x80, 0x04,
  0x12, 0x09, 0x04, 0x82, 0x41, 0x20, 0x90, 0x47, 0xC0, 0x00, 0x00, 0x00, 0x02, 0x02, 0x02, 0x00,
  0x04, 0x12, 0x08, 0x88, 0x28, 0x08, 0x04, 0x02, 0x01, 0x00, 0x00, 0x00, 0x00, 0x00, 0x00, 0x10,
  0x08, 0x07, 0xE2, 0x09, 0x04, 0x82, 0x7E, 0x20, 0x10, 0x08, 0x00, 0x00, 0x00, 0x00, 0x00, 0x00,
  0x07, 0x04, 0x42, 0x21, 0x21, 0xA0, 0x48, 0x22, 0x11, 0x08, 0x85, 0x80, 0x00, 0x00, 0x00, 0x00,
  0x08, 0x02, 0x00, 0x80, 0x01, 0xF0, 0x04, 0x02, 0x3F, 0x20, 0x90, 0xC7, 0xA0, 0x00, 0x00, 0x00,
  0x00, 0x01, 0x01, 0x01, 0x00, 0x01, 0xF0, 0x04, 0x02, 0x3F, 0x20, 0x90, 0xC7, 0xA0, 0x00, 0x00,
  0x00, 0x00, 0x04, 0x05, 0x04, 0x40, 0x01, 0xF0, 0x04, 0x02, 0x3F, 0x20, 0x90, 0xC7, 0xA0, 0x00,
  0x00, 0x00, 0x00, 0x00, 0x06, 0x44, 0xC0, 0x01, 0xF0, 0x04, 0x02, 0x3F, 0x20, 0x90, 0xC7, 0xA0,
  0x00, 0x00, 0x00, 0x00, 0x00, 0x08, 0x84, 0x40, 0x01, 0xF0, 0x04, 0x02, 0x3F, 0x20, 0x90, 0xC7,
  0xA0, 0x00, 0x00, 0x00, 0x00, 0x06, 0x04, 0x81, 0x80, 0x01, 0xF0, 0x04, 0x02, 0x3F, 0x20, 0x90,
  0xC7, 0xA0, 0x00, 0x00, 0x00, 0x00, 0x00, 0x00, 0x00, 0x00, 0x01, 0xB1, 0x24, 0x12, 0x3E, 0x24,
  0x12, 0x46, 0xE0, 0x00, 0x00, 0x00, 0x00, 0x00, 0x00, 0x00, 0x00, 0x01, 0xF1, 0x04, 0x80, 0x40,
  0x20, 0x10, 0x47, 0xC0, 0xC1, 0x20, 0x60, 0x00, 0x10, 0x04, 0x01, 0x00, 0x01, 0xF1, 0x04, 0x82,
  0x7F, 0x20, 0x10, 0x07, 0xC0, 0x00, 0x00, 0x00, 0x00, 0x01, 0x01, 0x01, 0x00, 0x01, 0xF1, 0x04,
  0x82, 0x7F, 0x20, 0x10, 0x07, 0xC0, 0x00, 0x00, 0x00, 0x00, 0x04, 0x05, 0x04, 0x40, 0x01, 0xF1,
  0x04, 0x82, 0x7F, 0x20, 0x10, 0x07, 0xC0, 0x00, 0x00, 0x00, 0x00, 0x00, 0x08, 0x84, 0x40, 0x01,
  0xF1, 0x04, 0x82, 0x7F, 0x20, 0x10, 0x07, 0xC0, 0x00, 0x00, 0x00, 0x00, 0x10, 0x04, 0x01, 0x00,
  0x01, 0xC0, 0x20, 0x10, 0x08, 0x04, 0x02, 0x07, 0xC0, 0x00, 0x00, 0x00, 0x00, 0x02, 0x02, 0x02,
  0x00, 0x01, 0xC0, 0x20, 0x10, 0x08, 0x04, 0x02, 0x07, 0xC0, 0x00, 0x00, 0x00, 0x00, 0x08, 0x0A,
  0x08, 0x80, 0x01, 0xC0, 0x20, 0x10, 0x08, 0x04, 0x02, 0x07, 0xC0, 0x00, 0x00, 0x00, 0x00, 0x00,
  0x09, 0x04, 0x80, 0x01, 0xC0, 0x20, 0x10, 0x08, 0x04, 0x02, 0x07, 0xC0, 0x00, 0x00, 0x00, 0x00,
  0x12, 0x06, 0x05, 0x00, 0x41, 0xF1, 0x04, 0x82, 0x41, 0x20, 0x90, 0x47, 0xC0, 0x00, 0x00, 0x00,
  0x00, 0x00, 0x0C, 0x49, 0xC0, 0x02, 0xF1, 0x84, 0x82, 0x41, 0x20, 0x90, 0x48, 0x20, 0x00, 0x00,
  0x00, 0x00, 0x10, 0x04, 0x01, 0x00, 0x01, 0xF1, 0x04, 0x82, 0x41, 0x20, 0x90, 0x47, 0xC0, 0x00,
  0x00, 0x00, 0x00, 0x01, 0x01, 0x01, 0x00, 0x01, 0xF1, 0x04, 0x82, 0x41, 0x20, 0x90, 0x47, 0xC0,
  0x00, 0x00, 0x00, 0x00, 0x04, 0x05, 0x04, 0x40, 0x01, 0xF1, 0x04, 0x82, 0x41, 0x20, 0x90, 0x47,
  0xC0, 0x00, 0x00, 0x00, 0x00, 0x00, 0x0C, 0x49, 0xC0, 0x01, 0xF1, 0x04, 0x82, 0x41, 0x20, 0x90,
  0x47, 0xC0, 0x00, 0x00, 0x00, 0x00, 0x00, 0x08, 0x84, 0x40, 0x01, 0xF1, 0x04, 0x82, 0x41, 0x20,
  0x90, 0x47, 0xC0, 0x00, 0x00, 0x00, 0x00, 0x00, 0x00, 0x01, 0x01, 0xC0, 0x40, 0x00, 0xFE, 0x00,
  0x04, 0x07, 0x01, 0x00, 0x00, 0x00, 0x00, 0x00, 0x00, 0x00, 0x00, 0x00, 0x11, 0xF1, 0x14, 0x8A,
  0x49, 0x28, 0x94, 0x47, 0xC4, 0x00, 0x00, 0x00, 0x00, 0x10, 0x04, 0x01, 0x00, 0x02, 0x11, 0x08,
  0x84, 0x42, 0x21, 0x10, 0x87, 0xA0, 0x00, 0x00, 0x00, 0x00, 0x01, 0x01, 0x01, 0x00, 0x02, 0x11,
  0x08, 0x84, 0x42, 0x21, 0x10, 0x87, 0xA0, 0x00, 0x00, 0x00, 0x00, 0x04, 0x05, 0x04, 0x40, 0x02,
  0x11, 0x08, 0x84, 0x42, 0x21, 0x10, 0x87, 0xA0, 0x00, 0x00, 0x00, 0x00, 0x00, 0x09, 0x04, 0x80,
  0x02, 0x11, 0x08, 0x84, 0x42, 0x21, 0x10, 0x87, 0xA0, 0x00, 0x00, 0x00, 0x00, 0x02, 0x02, 0x02,
  0x00, 0x02, 0x11, 0x08, 0x84, 0x42, 0x21, 0x11, 0x87, 0x40, 0x22, 0x10, 0xF0, 0x00, 0x00, 0x00,
  0x08, 0x04, 0x02, 0x01, 0x78, 0xC2, 0x41, 0x20, 0x98, 0x4B, 0xC4, 0x02, 0x01, 0x00, 0x00, 0x00,
  0x09, 0x04, 0x80, 0x02, 0x11, 0x08, 0x84, 0x42, 0x21, 0x11, 0x87, 0x40, 0x22, 0x10, 0xF0, 0x00,
  0x1F, 0x00, 0x03, 0x82, 0x22, 0x09, 0x04, 0x82, 0x7F, 0x20, 0x90, 0x48, 0x20, 0x00, 0x00, 0x00,
  0x00, 0x00, 0x00, 0x07, 0xC0, 0x01, 0xF0, 0x04, 0x02, 0x3F, 0x20, 0x90, 0xC7, 0xA0, 0x00, 0x00,
  0x00, 0x00, 0x11, 0x07, 0x00, 0x01, 0xC1, 0x11, 0x04, 0x82, 0x7F, 0x20, 0x90, 0x48, 0x20, 0x00,
  0x00, 0x00, 0x00, 0x00, 0x08, 0x83, 0x80, 0x01, 0xF0, 0x04, 0x02, 0x3F, 0x20, 0x90, 0xC7, 0xA0,
  0x00, 0x00, 0x00, 0x00, 0x00, 0x02, 0x02, 0x82, 0x22, 0x09, 0x04, 0x82, 0x7F, 0x20, 0x90, 0x48,
  0x20, 0x10, 0x0C, 0x00, 0x00, 0x00, 0x00, 0x00, 0x00, 0x01, 0xF0, 0x04, 0x02, 0x3F, 0x20, 0x90,
  0xC7, 0xA0, 0x10, 0x0C, 0x00, 0x02, 0x02, 0x02, 0x00, 0x03, 0xE2, 0x09, 0x00, 0x80, 0x40, 0x20,
  0x10, 0x47, 0xC0, 0x00, 0x00, 0x00, 0x00, 0x01, 0x01, 0x01, 0x00, 0x01, 0xF1, 0x04, 0x80, 0x40,
  0x20, 0x10, 0x47, 0xC0, 0x00, 0x00, 0x00, 0x08, 0x0A, 0x08, 0x80, 0x03, 0xE2, 0x09, 0x04, 0x80,
  0x40, 0x20, 0x10, 0x47, 0xC0, 0x00, 0x00, 0x00, 0x00, 0x04, 0x05, 0x04, 0x40, 0x01, 0xF1, 0x04,
  0x80, 0x40, 0x20, 0x10, 0x47, 0xC0, 0x00, 0x00, 0x00, 0x00, 0x0C, 0x00, 0x07, 0xC4, 0x12, 0x01,
  0x00, 0x80, 0x40, 0x20, 0x10, 0x47, 0xC0, 0x00, 0x00, 0x00, 0x00, 0x00, 0x00, 0x03, 0x00, 0x01,
  0xF1, 0x04, 0x80, 0x40, 0x20, 0x10, 0x47, 0xC0, 0x00, 0x00, 0x00, 0x22, 0x0A, 0x02, 0x00, 0x03,
  0xE2, 0x09, 0x00, 0x80, 0x40, 0x20, 0x10, 0x47, 0xC0, 0x00, 0x00, 0x00, 0x00, 0x11, 0x05, 0x01,
  0x00, 0x01, 0xF1, 0x04, 0x80, 0x40, 0x20, 0x10, 0x47, 0xC0, 0x00, 0x00, 0x00, 0x22, 0x0A, 0x02,
  0x0F, 0x84, 0x22, 0x09, 0x04, 0x82, 0x41, 0x20, 0x90, 0x8F, 0x80, 0x00, 0x00, 0x00, 0x00, 0x11,
  0x05, 0x41, 0x20, 0x11, 0xE9, 0x0C, 0x82, 0x41, 0x20, 0x90, 0xC7, 0xA0, 0x00, 0x00, 0x00, 0x00,
  0x00, 0x1F, 0x08, 0x44, 0x12, 0x0B, 0x84, 0x82, 0x41, 0x20, 0x90, 0x8F, 0x80, 0x00, 0x00, 0x00,
  0x00, 0x00, 0x00, 0x40, 0xF0, 0x11, 0xE9, 0x0C, 0x82, 0x41, 0x20, 0x90, 0xC7, 0xA0, 0x00, 0x00,
  0x00, 0x00, 0x1F, 0x00, 0x0F, 0xE4, 0x02, 0x01, 0x00, 0xF8, 0x40, 0x20, 0x10, 0x0F, 0xE0, 0x00,
  0x00, 0x00, 0x00, 0x00, 0x00, 0x07, 0xC0, 0x01, 0xF1, 0x04, 0x82, 0x7F, 0x20, 0x10, 0x07, 0xC0,
  0x00, 0x00, 0x00, 0x00, 0x11, 0x07, 0x00, 0x07, 0xF2, 0x01, 0x00, 0xF8, 0x40, 0x20, 0x10, 0x0F,
  0xE0, 0x00, 0x00, 0x00, 0x00, 0x00, 0x08, 0x83, 0x80, 0x01, 0xF1, 0x04, 0x82, 0x7F, 0x20, 0x10,
  0x07, 0xC0, 0x00, 0x00, 0x00, 0x00, 0x0C, 0x00, 0x0F, 0xE4, 0x02, 0x01, 0x00, 0xF8, 0x40, 0x20,
  0x10, 0x0F, 0xE0, 0x00, 0x00, 0x00, 0x00, 0x00, 0x00, 0x03, 0x00, 0x01, 0xF1, 0x04, 0x82, 0x7F,
  0x20, 0x10, 0x07, 0xC0, 0x00, 0x00, 0x00, 0x00, 0x00, 0x1F, 0xC8, 0x04, 0x02, 0x01, 0xF0, 0x80,
  0x40, 0x20, 0x10, 0x0F, 0xE0, 0x80, 0x60, 0x00, 0x00, 0x00, 0x00, 0x00, 0x00, 0x01, 0xF1, 0x04,
  0x82, 0x7F, 0x20, 0x10, 0x07, 0xC0, 0x80, 0x60, 0x00, 0x22, 0x0A, 0x02, 0x00, 0x07, 0xF2, 0x01,
  0x00, 0xF8, 0x40, 0x20, 0x10, 0x0F, 0xE0, 0x00, 0x00, 0x00, 0x00, 0x11, 0x05, 0x01, 0x00, 0x01,
  0xF1, 0x04, 0x82, 0x7F, 0x20, 0x10, 0x07, 0xC0, 0x00, 0x00, 0x00, 0x08, 0x0A, 0x08, 0x80, 0x03,
  0xE2, 0x09, 0x00, 0x80, 0x47, 0x20, 0x90, 0x47, 0xC0, 0x00, 0x00, 0x00, 0x00, 0x04, 0x05, 0x04,
  0x40, 0x01, 0xE9, 0x08, 0x84, 0x42, 0x1E, 0x10, 0x07, 0xC4, 0x12, 0x08, 0xF8, 0x00, 0x11, 0x07,
  0x00, 0x03, 0xE2, 0x09, 0x00, 0x80, 0x47, 0x20, 0x90, 0x47, 0xC0, 0x00, 0x00, 0x00, 0x00, 0x00,
  0x08, 0x83, 0x80, 0x01, 0xE9, 0x08, 0x84, 0x42, 0x1E, 0x10, 0x07, 0xC4, 0x12, 0x08, 0xF8, 0x00,
  0x0C, 0x00, 0x07, 0xC4, 0x12, 0x01, 0x00, 0x8E, 0x41, 0x20, 0x90, 0x47, 0xC0, 0x00, 0x00, 0x00,
  0x00, 0x00, 0x00, 0x03, 0x00, 0x01, 0xE9, 0x08, 0x84, 0x42, 0x1E, 0x10, 0x07, 0xC4, 0x12, 0x08,
  0xF8, 0x00, 0x00, 0x0F, 0x88, 0x24, 0x02, 0x01, 0x00, 0x8E, 0x41, 0x20, 0x90, 0x47, 0xC0, 0xC1,
  0x20, 0x60, 0x00, 0x02, 0x02, 0x01, 0x80, 0x01, 0xE9, 0x08, 0x84, 0x42, 0x1E, 0x10, 0x07, 0xC4,
  0x11, 0xF0, 0x00, 0x08, 0x0A, 0x08, 0x80, 0x04, 0x12, 0x09, 0x04, 0xFE, 0x41, 0x20, 0x90, 0x48,
  0x20, 0x00, 0x00, 0x00, 0x04, 0x05, 0x14, 0x48, 0x04, 0x02, 0xF1, 0x84, 0x82, 0x41, 0x20, 0x90,
  0x48, 0x20, 0x00, 0x00, 0x00, 0x00, 0x00, 0x10, 0x48, 0x2F, 0xFA, 0x09, 0xFC, 0x82, 0x41, 0x20,
  0x90, 0x48, 0x20, 0x00, 0x00, 0x00, 0x00, 0x00, 0x10, 0x1E, 0x04, 0x02, 0xF1, 0x84, 0x82, 0x41,
  0x20, 0x90, 0x48, 0x20, 0x00, 0x00, 0x00, 0x00, 0x18, 0x93, 0x80, 0x03, 0xE0, 0x40, 0x20, 0x10,
  0x08, 0x04, 0x02, 0x07, 0xC0, 0x00, 0x00, 0x00, 0x00, 0x00, 0x0C, 0x89, 0x80, 0x01, 0xC0, 0x20,
  0x10, 0x08, 0x04, 0x02, 0x07, 0xC0, 0x00, 0x00, 0x00, 0x00, 0x1F, 0x00, 0x07, 0xC0, 0x80, 0x40,
  0x20, 0x10, 0x08, 0x04, 0x02, 0x07, 0xC0, 0x00, 0x00, 0x00, 0x00, 0x00, 0x00, 0x0F, 0xC0, 0x01,
  0xC0, 0x20, 0x10, 0x08, 0x04, 0x02, 0x07, 0xC0, 0x00, 0x00, 0x00, 0x00, 0x11, 0x07, 0x00, 0x03,
  0xE0, 0x40, 0x20, 0x10, 0x08, 0x04, 0x02, 0x07, 0xC0, 0x00, 0x00, 0x00, 0x00, 0x00, 0x08, 0x83,
  0x80, 0x01, 0xC0, 0x20, 0x10, 0x08, 0x04, 0x02, 0x07, 0xC0, 0x00, 0x00, 0x00, 0x00, 0x00, 0x0F,
  0x81, 0x00, 0x80, 0x40, 0x20, 0x10, 0x08, 0x04, 0x02, 0x07, 0xC1, 0x00, 0xC0, 0x00, 0x00, 0x00,
  0x00, 0x03, 0x00, 0x01, 0xC0, 0x20, 0x10, 0x08, 0x04, 0x02, 0x07, 0xC1, 0x00, 0xC0, 0x00, 0x00,
  0x06, 0x00, 0x07, 0xC0, 0x80, 0x40, 0x20, 0x10, 0x08, 0x04, 0x02, 0x07, 0xC0, 0x00, 0x00, 0x00,
  0x00, 0x00, 0x00, 0x00, 0x00, 0x01, 0xC0, 0x20, 0x10, 0x08, 0x04, 0x02, 0x07, 0xC0, 0x00, 0x00,
  0x00, 0x00, 0x00, 0x1D, 0xC4, 0x22, 0x11, 0x08, 0x84, 0x42, 0x21, 0x10, 0x8A, 0x4E, 0xC0, 0x00,
  0x00, 0x00, 0x00, 0x00, 0x18, 0xC0, 0x00, 0x03, 0x38, 0x84, 0x42, 0x21, 0x10, 0x88, 0x5F, 0x20,
  0x10, 0x88, 0x38, 0x04, 0x05, 0x04, 0x40, 0x00, 0xF0, 0x10, 0x08, 0x04, 0x02, 0x01, 0x10, 0x87,
  0x80, 0x00, 0x00, 0x00, 0x00, 0x02, 0x02, 0x82, 0x20, 0x00, 0x70, 0x08, 0x04, 0x02, 0x01, 0x00,
  0x88, 0x44, 0x22, 0x10, 0xF0, 0x00, 0x00, 0x10, 0x48, 0x44, 0x42, 0x41, 0xC0, 0xA0, 0x48, 0x22,
  0x10, 0x88, 0x23, 0x04, 0x81, 0x80, 0x00, 0x00, 0x10, 0x08, 0x04, 0x02, 0x09, 0x18, 0xB0, 0x60,
  0x2C, 0x11, 0x88, 0x23, 0x04, 0x81, 0x80, 0x00, 0x00, 0x00, 0x00, 0x00, 0x02, 0x09, 0x08, 0x88,
  0x78, 0x22, 0x10, 0x88, 0x20, 0x00, 0x00, 0x00, 0x02, 0x02, 0x02, 0x00, 0x04, 0x02, 0x01, 0x00,
  0x80, 0x40, 0x20, 0x10, 0x0F, 0xE0, 0x00, 0x00, 0x00, 0x02, 0x02, 0x02, 0x00, 0x03, 0x80, 0x40,
  0x20, 0x10, 0x08, 0x04, 0x02, 0x07, 0xC0, 0x00, 0x00, 0x00, 0x00, 0x00, 0x10, 0x08, 0x04, 0x02,
  0x01, 0x00, 0x80, 0x40, 0x20, 0x10, 0x0F, 0xE0, 0xC1, 0x20, 0x60, 0x00, 0x00, 0x0E, 0x01, 0x00,
  0x80, 0x40, 0x20, 0x10, 0x08, 0x04, 0x02, 0x07, 0xC0, 0xC1, 0x20, 0x60, 0x00, 0x11, 0x05, 0x01,
  0x04, 0x02, 0x01, 0x00, 0x80, 0x40, 0x20, 0x10, 0x0F, 0xE0, 0x00, 0x00, 0x00, 0x22, 0x0A, 0x02,
  0x00, 0x03, 0x80, 0x40, 0x20, 0x10, 0x08, 0x04, 0x02, 0x07, 0xC0, 0x00, 0x00, 0x00, 0x00, 0x00,
  0x10, 0x08, 0x04, 0x02, 0x21, 0x10, 0x80, 0x40, 0x20, 0x10, 0x0F, 0xE0, 0x00, 0x00, 0x00, 0x00,
  0x00, 0x1C, 0x02, 0x01, 0x00, 0x90, 0x48, 0x20, 0x10, 0x08, 0x04, 0x0F, 0x80, 0x00, 0x00, 0x00,
  0x00, 0x00, 0x10, 0x08, 0x04, 0x02, 0x81, 0x81, 0x80, 0x40, 0x20, 0x10, 0x0F, 0xE0, 0x00, 0x00,
  0x00, 0x00, 0x00, 0x0E, 0x01, 0x00, 0x80, 0x50, 0x30, 0x30, 0x08, 0x04, 0x02, 0x07, 0xC0, 0x00,
  0x00, 0x00, 0x00, 0x01, 0x01, 0x01, 0x04, 0x12, 0x09, 0x84, 0xA2, 0x49, 0x22, 0x90, 0xC8, 0x20,
  0x00, 0x00, 0x00, 0x00, 0x01, 0x01, 0x01, 0x00, 0x02, 0xF1, 0x84, 0x82, 0x41, 0x20, 0x90, 0x48,
  0x20, 0x00, 0x00, 0x00, 0x00, 0x00, 0x10, 0x48, 0x26, 0x12, 0x89, 0x24, 0x8A, 0x43, 0x20, 0x90,
  0x48, 0x22, 0x04, 0x81, 0x80, 0x00, 0x00, 0x00, 0x00, 0x00, 0x02, 0xF1, 0x84, 0x82, 0x41, 0x20,
  0x90, 0x48, 0x22, 0x04, 0x81, 0x80, 0x22, 0x0A, 0x02, 0x08, 0x24, 0x13, 0x09, 0x44, 0x92, 0x45,
  0x21, 0x90, 0x48, 0x20, 0x00, 0x00, 0x00, 0x00, 0x11, 0x05, 0x01, 0x00, 0x02, 0xF1, 0x84, 0x82,
  0x41, 0x20, 0x90, 0x48, 0x20, 0x00, 0x00, 0x00, 0x00, 0x60, 0x10, 0x10, 0x00, 0x02, 0xF1, 0x84,
  0x82, 0x41, 0x20, 0x90, 0x48, 0x20, 0x00, 0x00, 0x00, 0x00, 0x00, 0x10, 0x48, 0x26, 0x12, 0x89,
  0x24, 0x8A, 0x43, 0x20, 0x90, 0x48, 0x20, 0x90, 0x30, 0x00, 0x00, 0x00, 0x00, 0x00, 0x00, 0x02,
  0xF1, 0x84, 0x82, 0x41, 0x20, 0x90, 0x48, 0x20, 0x90, 0x30, 0x00, 0x00, 0x00, 0x0F, 0x80, 0x03,
  0xE2, 0x09, 0x04, 0x82, 0x41, 0x20, 0x90, 0x47, 0xC0, 0x00, 0x00, 0x00, 0x00, 0x00, 0x00, 0x07,
  0xC0, 0x01, 0xF1, 0x04, 0x82, 0x41, 0x20, 0x90, 0x47, 0xC0, 0x00, 0x00, 0x00, 0x00, 0x11, 0x07,
  0x00, 0x03, 0xE2, 0x09, 0x04, 0x82, 0x41, 0x20, 0x90, 0x47, 0xC0, 0x00, 0x00, 0x00, 0x00, 0x00,
  0x08, 0x83, 0x80, 0x01, 0xF1, 0x04, 0x82, 0x41, 0x20, 0x90, 0x47, 0xC0, 0x00, 0x00, 0x00, 0x00,
  0x08, 0x88, 0x80, 0x03, 0xE2, 0x09, 0x04, 0x82, 0x41, 0x20, 0x90, 0x47, 0xC0, 0x00, 0x00, 0x00,
  0x00, 0x00, 0x04, 0x44, 0x40, 0x01, 0xF1, 0x04, 0x82, 0x41, 0x20, 0x90, 0x47, 0xC0, 0x00, 0x00,
  0x00, 0x00, 0x00, 0x0F, 0xC9, 0x04, 0x82, 0x41, 0x38, 0x90, 0x48, 0x24, 0x12, 0x07, 0xE0, 0x00,
  0x00, 0x00, 0x00, 0x00, 0x00, 0x00, 0x00, 0x01, 0xB1, 0x24, 0x92, 0x4F, 0x24, 0x12, 0x46, 0xC0,
  0x00, 0x00, 0x00, 0x02, 0x02, 0x02, 0x00, 0x07, 0xE2, 0x09, 0x04, 0x82, 0x7E, 0x21, 0x10, 0x48,
  0x20, 0x00, 0x00, 0x00, 0x00, 0x01, 0x01, 0x01, 0x00, 0x02, 0x70, 0xC4, 0x42, 0x20, 0x10, 0x08,
  0x04, 0x00, 0x00, 0x00, 0x00, 0x00, 0x00, 0x1F, 0x88, 0x24, 0x12, 0x09, 0xF8, 0x90, 0x44, 0x21,
  0x10, 0x48, 0x23, 0x04, 0x81, 0x80, 0x00, 0x00, 0x00, 0x00, 0x00, 0x02, 0x70, 0xC4, 0x42, 0x20,
  0x10, 0x08, 0x04, 0x03, 0x04, 0x81, 0x80, 0x22, 0x0A, 0x02, 0x00, 0x07, 0xE2, 0x09, 0x04, 0x82,
  0x7E, 0x21, 0x10, 0x48, 0x20, 0x00, 0x00, 0x00, 0x00, 0x11, 0x05, 0x01, 0x00, 0x02, 0x70, 0xC4,
  0x42, 0x20, 0x10, 0x08, 0x04, 0x00, 0x00, 0x00, 0x00, 0x02, 0x02, 0x02, 0x00, 0x03, 0xE2, 0x09,
  0x00, 0x7C, 0x01, 0x20, 0x90, 0x47, 0xC0, 0x00, 0x00, 0x00, 0x00, 0x01, 0x01, 0x01, 0x00, 0x01,
  0xF1, 0x04, 0x80, 0x3E, 0x00, 0x90, 0x47, 0xC0, 0x00, 0x00, 0x00, 0x08, 0x0A, 0x08, 0x80, 0x03,
  0xE2, 0x09, 0x00, 0x7C, 0x01, 0x20, 0x90, 0x47, 0xC0, 0x00, 0x00, 0x00, 0x00, 0x04, 0x05, 0x04,
  0x40, 0x01, 0xF1, 0x04, 0x80, 0x3E, 0x00, 0x90, 0x47, 0xC0, 0x00, 0x00, 0x00, 0x00, 0x00, 0x0F,
  0x88, 0x24, 0x02, 0x00, 0xF8, 0x02, 0x01, 0x20, 0x90, 0x47, 0xC0, 0xC1, 0x20, 0x60, 0x00, 0x00,
  0x00, 0x00, 0x00, 0x01, 0xF1, 0x04, 0x80, 0x3E, 0x00, 0x90, 0x47, 0xC0, 0xC1, 0x20, 0x60, 0x22,
  0x0A, 0x02, 0x00, 0x03, 0xE2, 0x09, 0x00, 0x7C, 0x01, 0x20, 0x90, 0x47, 0xC0, 0x00, 0x00, 0x00,
  0x00, 0x11, 0x05, 0x01, 0x00, 0x01, 0xF1, 0x04, 0x80, 0x3E, 0x00, 0x90, 0x47, 0xC0, 0x00, 0x00,
  0x00, 0x00, 0x00, 0x1F, 0xC1, 0x00, 0x80, 0x40, 0x20, 0x10, 0x08, 0x04, 0x02, 0x01, 0x82, 0x40,
  0xC0, 0x00, 0x00, 0x00, 0x00, 0x02, 0x01, 0x03, 0xF0, 0x40, 0x20, 0x10, 0x08, 0x04, 0x41, 0xC2,
  0x40, 0xC0, 0x00, 0x22, 0x0A, 0x02, 0x00, 0x07, 0xF0, 0x40, 0x20, 0x10, 0x08, 0x04, 0x02, 0x01,
  0x00, 0x00, 0x00, 0x00, 0x11, 0x05, 0x01, 0x02, 0x01, 0x03, 0xF0, 0x40, 0x20, 0x10, 0x08, 0x04,
  0x41, 0xC0, 0x00, 0x00, 0x00, 0x00, 0x00, 0x1F, 0xC1, 0x00, 0x81, 0xF0, 0x20, 0x10, 0x08, 0x04,
  0x02, 0x01, 0x00, 0x00, 0x00, 0x00, 0x00, 0x00, 0x00, 0x02, 0x01, 0x03, 0xF0, 0x40, 0xF8, 0x10,
  0x08, 0x04, 0x41, 0xC0, 0x00, 0x00, 0x00, 0x00, 0x18, 0x93, 0x80, 0x04, 0x12, 0x09, 0x04, 0x82,
  0x41, 0x20, 0x90, 0x47, 0xC0, 0x00, 0x00, 0x00, 0x00, 0x00, 0x0C, 0x89, 0x80, 0x02, 0x11, 0x08,
  0x84, 0x42, 0x21, 0x10, 0x87, 0xA0, 0x00, 0x00, 0x00, 0x00, 0x00, 0x0F, 0x80, 0x04, 0x12, 0x09,
  0x04, 0x82, 0x41, 0x20, 0x90, 0x47, 0xC0, 0x00, 0x00, 0x00, 0x00, 0x00, 0x00, 0x0F, 0xC0, 0x02,
  0x11, 0x08, 0x84, 0x42, 0x21, 0x10, 0x87, 0xA0, 0x00, 0x00, 0x00, 0x00, 0x11, 0x07, 0x00, 0x04,
  0x12, 0x09, 0x04, 0x82, 0x41, 0x20, 0x90, 0x47, 0xC0, 0x00, 0x00, 0x00, 0x00, 0x00, 0x08, 0x83,
  0x80, 0x02, 0x11, 0x08, 0x84, 0x42, 0x21, 0x10, 0x87, 0xA0, 0x00, 0x00, 0x00, 0x00, 0x06, 0x04,
  0x81, 0x84, 0x12, 0x09, 0x04, 0x82, 0x41, 0x20, 0x90, 0x47, 0xC0, 0x00, 0x00, 0x00, 0x00, 0x00,
  0x06, 0x04, 0x81, 0x82, 0x11, 0x08, 0x84, 0x42, 0x21, 0x10, 0x87, 0xA0, 0x00, 0x00, 0x00, 0x00,
  0x08, 0x88, 0x80, 0x04, 0x12, 0x09, 0x04, 0x82, 0x41, 0x20, 0x90, 0x47, 0xC0, 0x00, 0x00, 0x00,
  0x00, 0x00, 0x04, 0x84, 0x80, 0x02, 0x11, 0x08, 0x84, 0x42, 0x21, 0x10, 0x87, 0xA0, 0x00, 0x00,
  0x00, 0x00, 0x00, 0x10, 0x48, 0x24, 0x12, 0x09, 0x04, 0x82, 0x41, 0x20, 0x90, 0x47, 0xC1, 0x00,
  0xC0, 0x00, 0x00, 0x00, 0x00, 0x00, 0x00, 0x02, 0x11, 0x08, 0x84, 0x42, 0x21, 0x10, 0x87, 0xA0,
  0x80, 0x60, 0x00, 0x08, 0x0A, 0x08, 0x80, 0x04, 0x12, 0x09, 0x04, 0x92, 0x49, 0x24, 0x95, 0x44,
  0x40, 0x00, 0x00, 0x00, 0x00, 0x04, 0x05, 0x04, 0x40, 0x02, 0x09, 0x04, 0x92, 0x49, 0x24, 0x95,
  0x44, 0x40, 0x00, 0x00, 0x00, 0x08, 0x0A, 0x08, 0x80, 0x04, 0x12, 0x08, 0x88, 0x28, 0x08, 0x04,
  0x02, 0x01, 0x00, 0x00, 0x00, 0x00, 0x00, 0x04, 0x05, 0x04, 0x40, 0x02, 0x11, 0x08, 0x84, 0x42,
  0x21, 0x11, 0x87, 0x40, 0x22, 0x10, 0xF0, 0x00, 0x11, 0x08, 0x80, 0x04, 0x12, 0x08, 0x88, 0x28,
  0x08, 0x04, 0x02, 0x01, 0x00, 0x00, 0x00, 0x00, 0x02, 0x02, 0x02, 0x00, 0x07, 0xF0, 0x10, 0x10,
  0x10, 0x10, 0x10, 0x10, 0x0F, 0xE0, 0x00, 0x00, 0x00, 0x00, 0x01, 0x01, 0x01, 0x00, 0x03, 0xF8,
  0x08, 0x08, 0x08, 0x08, 0x08, 0x0F, 0xE0, 0x00, 0x00, 0x00, 0x00, 0x06, 0x00, 0x0F, 0xE0, 0x10,
  0x10, 0x10, 0x10, 0x10, 0x10, 0x10, 0x0F, 0xE0, 0x00, 0x00, 0x00, 0x00, 0x00, 0x00, 0x01, 0x80,
  0x03, 0xF8, 0x08, 0x08, 0x08, 0x08, 0x08, 0x0F, 0xE0, 0x00, 0x00, 0x00, 0x22, 0x0A, 0x02, 0x00,
  0x07, 0xF0, 0x10, 0x10, 0x10, 0x10, 0x10, 0x10, 0x0F, 0xE0, 0x00, 0x00, 0x00, 0x00, 0x11, 0x05,
  0x01, 0x00, 0x03, 0xF8, 0x08, 0x08, 0x08, 0x08, 0x08, 0x0F, 0xE0, 0x00, 0x00, 0x00, 0x00, 0x00,
  0x03, 0x82, 0x21, 0x00, 0x80, 0xC0, 0x20, 0x10, 0x08, 0x04, 0x02, 0x00, 0x00, 0x00, 0x00, 0x00,
  0x00, 0x10, 0x1F, 0x04, 0x02, 0xF1, 0x84, 0x82, 0x41, 0x20, 0x98, 0x4B, 0xC0, 0x00, 0x00, 0x00,
  0x00, 0x00, 0x1F, 0x92, 0x29, 0x10, 0x88, 0x78, 0x22, 0x11, 0x08, 0x84, 0x47, 0xC0, 0x00, 0x00,
  0x00, 0x00, 0x00, 0x1F, 0x84, 0x02, 0x01, 0x00, 0xF8, 0x42, 0x21, 0x10, 0x88, 0x4F, 0xC0, 0x00,
  0x00, 0x00, 0x00, 0x00, 0x0F, 0x84, 0x02, 0x01, 0x00, 0xF0, 0x44, 0x22, 0x11, 0x08, 0x87, 0x80,
  0x00, 0x00, 0x00, 0x00, 0x00, 0x08, 0x0C, 0x06, 0x01, 0x00, 0xF8, 0x42, 0x21, 0x10, 0x88, 0x4F,
  0xC0, 0x00, 0x00, 0x00, 0x00, 0x00, 0x08, 0x0C, 0x06, 0x01, 0x00, 0xF0, 0x44, 0x22, 0x11, 0x08,
  0x87, 0x80, 0x00, 0x00, 0x00, 0x00, 0x00, 0x0F, 0x88, 0x20, 0x10, 0x08, 0x04, 0x02, 0x01, 0x00,
  0x90, 0x47, 0xC0, 0x00, 0x00, 0x00, 0x00, 0x00, 0xCF, 0x88, 0x44, 0x02, 0x01, 0x00, 0x80, 0x40,
  0x20, 0x10, 0x87, 0x80, 0x00, 0x00, 0x00, 0x00, 0x00, 0x00, 0x00, 0x30, 0x21, 0xF1, 0x04, 0x80,
  0x40, 0x20, 0x10, 0x47, 0xC0, 0x00, 0x00, 0x00, 0x00, 0x00, 0x1F, 0x08, 0x44, 0x12, 0x0B, 0x84,
  0x82, 0x41, 0x20, 0x90, 0x8F, 0x80, 0x00, 0x00, 0x00, 0x00, 0x00, 0x1F, 0x92, 0x29, 0x10, 0x88,
  0x44, 0x22, 0x11, 0x08, 0x84, 0x47, 0xC0, 0x00, 0x00, 0x00, 0x00, 0x00, 0x0F, 0xC0, 0x40, 0x20,
  0x10, 0xF8, 0x84, 0x42, 0x21, 0x10, 0x87, 0xE0, 0x00, 0x00, 0x00, 0x00, 0x00, 0x0F, 0x80, 0x40,
  0x20, 0x10, 0x78, 0x44, 0x22, 0x11, 0x08, 0x83, 0xC0, 0x00, 0x00, 0x00, 0x00, 0x00, 0x00, 0x00,
  0x00, 0x01, 0xF1, 0x04, 0x82, 0x41, 0x20, 0x90, 0x47, 0xC0, 0x22, 0x08, 0xF8, 0x00, 0x00, 0x1F,
  0xC0, 0x20, 0x10, 0x08, 0x7C, 0x02, 0x01, 0x00, 0x80, 0x4F, 0xE0, 0x00, 0x00, 0x00, 0x00, 0x00,
  0x07, 0x04, 0x44, 0x10, 0x08, 0x04, 0xFE, 0x41, 0x20, 0x88, 0x83, 0x80, 0x00, 0x00, 0x00, 0x00,
  0x00, 0x0F, 0x88, 0x24, 0x02, 0x00, 0xE0, 0x80, 0x40, 0x20, 0x10, 0x47, 0xC0, 0x00, 0x00, 0x00,
  0x00, 0x00, 0x0F, 0xC4, 0x02, 0x01, 0xC0, 0x80, 0x40, 0x20, 0x10, 0x08, 0x04, 0x02, 0x06, 0x00,
  0x00, 0x00, 0x00, 0x03, 0x82, 0x21, 0x10, 0x80, 0x40, 0xF8, 0x10, 0x08, 0x04, 0x02, 0x01, 0x03,
  0x00, 0x00, 0x00, 0x01, 0x80, 0x87, 0xC4, 0x12, 0x01, 0x00, 0x8E, 0x41, 0x20, 0x90, 0x47, 0xC0,
  0x00, 0x00, 0x00, 0x00, 0x00, 0x10, 0x48, 0x22, 0x21, 0x10, 0x50, 0x28, 0x08, 0x0A, 0x05, 0x01,
  0x00, 0x00, 0x00, 0x00, 0x00, 0x00, 0x10, 0x08, 0x04, 0x02, 0x81, 0xA4, 0x92, 0x49, 0x24, 0x92,
  0x48, 0xC0, 0x00, 0x00, 0x00, 0x00, 0x00, 0x0C, 0x02, 0x01, 0x00, 0x80, 0x40, 0x20, 0x10, 0x08,
  0x04, 0x81, 0x80, 0x00, 0x00, 0x00, 0x00, 0x00, 0x0F, 0x81, 0x00, 0x80, 0x40, 0xF8, 0x10, 0x08,
  0x04, 0x02, 0x07, 0xC0, 0x00, 0x00, 0x00, 0x00, 0x00, 0x10, 0x88, 0xA4, 0x92, 0x81, 0x80, 0xA0,
  0x48, 0x22, 0x10, 0x88, 0x20, 0x00, 0x00, 0x00, 0x00, 0x00, 0x0C, 0x09, 0x04, 0x02, 0x09, 0x18,
  0xB0, 0x60, 0x2C, 0x11, 0x88, 0x20, 0x00, 0x00, 0x00, 0x00, 0x00, 0x0E, 0x01, 0x00, 0x80, 0x40,
  0xF8, 0x10, 0x08, 0x04, 0x02, 0x07, 0xC0, 0x00, 0x00, 0x00, 0x00, 0x00, 0x12, 0x06, 0x03, 0x02,
  0x40, 0x20, 0x28, 0x22, 0x11, 0x10, 0x48, 0x20, 0x00, 0x00, 0x00, 0x00, 0x00, 0x12, 0x49, 0x24,
  0x92, 0x49, 0x24, 0x92, 0x49, 0x24, 0x92, 0x46, 0xE0, 0x00, 0x00, 0x00, 0x00, 0x00, 0x10, 0x48,
  0x26, 0x12, 0x89, 0x24, 0x8A, 0x43, 0x20, 0x90, 0x48, 0x24, 0x04, 0x00, 0x00, 0x00, 0x00, 0x00,
  0x00, 0x00, 0x02, 0xF1, 0x84, 0x82, 0x41, 0x20, 0x90, 0x48, 0x20, 0x10, 0x08, 0x04, 0x00, 0x00,
  0x0F, 0x88, 0x24, 0x12, 0x09, 0xFC, 0x82, 0x41, 0x20, 0x90, 0x47, 0xC0, 0x00, 0x00, 0x00, 0x00,
  0x00, 0x0F, 0x28, 0x54, 0x32, 0x11, 0x08, 0x84, 0x42, 0x21, 0x10, 0x87, 0x80, 0x00, 0x00, 0x00,
  0x00, 0x00, 0x00, 0x00, 0x00, 0x01, 0xE5, 0x0A, 0x86, 0x42, 0x21, 0x10, 0x87, 0x80, 0x00, 0x00,
  0x00, 0x00, 0x00, 0x0E, 0x88, 0xA4, 0x52, 0x29, 0x14, 0x8A, 0x45, 0x22, 0x91, 0x47, 0x20, 0x00,
  0x00, 0x00, 0x00, 0x00, 0x00, 0x00, 0x00, 0x01, 0xD1, 0x14, 0x8A, 0x45, 0x22, 0x91, 0x47, 0x20,
  0x10, 0x08, 0x04, 0x00, 0x00, 0x1F, 0x92, 0x29, 0x10, 0x88, 0x78, 0x20, 0x10, 0x08, 0x04, 0x02,
  0x00, 0x00, 0x00, 0x00, 0x00, 0x00, 0x0C, 0x08, 0x04, 0x02, 0xF1, 0x84, 0x82, 0x41, 0x20, 0x98,
  0x4B, 0xC4, 0x02, 0x01, 0x00, 0x00, 0x00, 0x1C, 0x04, 0x03, 0xE1, 0x08, 0x84, 0x44, 0x3C, 0x11,
  0x08, 0x8E, 0x40, 0x20, 0x0C, 0x00, 0x00, 0x00, 0x0F, 0x88, 0x24, 0x10, 0x08, 0x38, 0x60, 0x40,
  0x20, 0x90, 0x47, 0xC0, 0x00, 0x00, 0x00, 0x00, 0x00, 0x00, 0x00, 0x00, 0x01, 0xF1, 0x04, 0x02,
  0x3E, 0x20, 0x10, 0x47, 0xC0, 0x00, 0x00, 0x00, 0x00, 0x00, 0x1F, 0xC8, 0x22, 0x00, 0x80, 0x20,
  0x10, 0x10, 0x10, 0x10, 0x4F, 0xE0, 0x00, 0x00, 0x00, 0x00, 0x00, 0x0C, 0x09, 0x04, 0x81, 0xC0,
  0x20, 0x10, 0x08, 0x04, 0x02, 0x01, 0x00, 0x90, 0x30, 0x00, 0x00, 0x00, 0x00, 0x02, 0x01, 0x03,
  0xF0, 0x40, 0x20, 0x10, 0x08, 0x04, 0x81, 0x80, 0x20, 0x60, 0x00, 0x00, 0x00, 0x0F, 0xC9, 0x04,
  0x80, 0x40, 0x20, 0x10, 0x08, 0x04, 0x02, 0x01, 0x00, 0x00, 0x00, 0x00, 0x00, 0x00, 0x03, 0x02,
  0x01, 0x03, 0xF0, 0x40, 0x20, 0x10, 0x08, 0x04, 0x41, 0xC0, 0x00, 0x00, 0x00, 0x00, 0x00, 0x1F,
  0xC1, 0x00, 0x80, 0x40, 0x20, 0x10, 0x08, 0x04, 0x02, 0x01, 0x00, 0x80, 0x30, 0x00, 0x00, 0x00,
  0x10, 0xA8, 0x54, 0x32, 0x11, 0x08, 0x84, 0x42, 0x21, 0x10, 0x87, 0x80, 0x00, 0x00, 0x00, 0x00,
  0x00, 0x00, 0x00, 0x00, 0x02, 0x15, 0x0A, 0x86, 0x42, 0x21, 0x10, 0x87, 0xA0, 0x00, 0x00, 0x00,
  0x00, 0x00, 0x18, 0xC4, 0x42, 0x22, 0x09, 0x04, 0x82, 0x41, 0x20, 0x88, 0x83, 0x80, 0x00, 0x00,
  0x00, 0x00, 0x00, 0x11, 0x08, 0x44, 0x12, 0x09, 0x04, 0x82, 0x41, 0x20, 0x88, 0x83, 0x80, 0x00,
  0x00, 0x00, 0x00, 0x00, 0x00, 0x48, 0x2A, 0x24, 0xA0, 0x20, 0x10, 0x08, 0x04, 0x02, 0x01, 0x00,
  0x00, 0x00, 0x00, 0x00, 0x00, 0x00, 0x00, 0x30, 0x22, 0x11, 0x08, 0x84, 0x42, 0x21, 0x11, 0x87,
  0x40, 0x22, 0x10, 0xF0, 0x00, 0x00, 0x1F, 0xC0, 0x20, 0x20, 0x20, 0xF8, 0x20, 0x20, 0x20, 0x10,
  0x0F, 0xE0, 0x00, 0x00, 0x00, 0x00, 0x00, 0x00, 0x00, 0x00, 0x03, 0xF8, 0x08, 0x08, 0x3E, 0x08,
  0x08, 0x0F, 0xE0, 0x00, 0x00, 0x00, 0x00, 0x00, 0x1F, 0xC0, 0x40, 0x40, 0x40, 0x70, 0x04, 0x01,
  0x00, 0x90, 0x87, 0x80, 0x00, 0x00, 0x00, 0x00, 0x00, 0x1F, 0xC4, 0x01, 0x00, 0x40, 0x70, 0x40,
  0x40, 0x20, 0x08, 0x43, 0xC0, 0x00, 0x00, 0x00, 0x00, 0x00, 0x00, 0x00, 0x00, 0x03, 0xF0, 0x80,
  0x20, 0x08, 0x0E, 0x08, 0x08, 0x04, 0x01, 0x10, 0x70, 0x00, 0x00, 0x00, 0x00, 0x00, 0x03, 0xF0,
  0x10, 0x10, 0x10, 0x1C, 0x01, 0x00, 0x81, 0x81, 0x10, 0x70, 0x00, 0x00, 0x0F, 0x88, 0x24, 0x10,
  0x08, 0x08, 0x7C, 0x10, 0x10, 0x10, 0x0F, 0xE0, 0x00, 0x00, 0x00, 0x00, 0x00, 0x1F, 0xC8, 0x24,
  0x02, 0xF1, 0x84, 0x02, 0x01, 0x00, 0x90, 0x47, 0xC0, 0x00, 0x00, 0x00, 0x00, 0x00, 0x00, 0x07,
  0xC2, 0x01, 0x00, 0xB0, 0x64, 0x02, 0x01, 0x08, 0x83, 0x80, 0x00, 0x00, 0x00, 0x00, 0x00, 0x02,
  0x01, 0x03, 0xE0, 0x40, 0x20, 0x08, 0x02, 0x01, 0x08, 0x83, 0x80, 0x00, 0x00, 0x00, 0x00, 0x00,
  0x00, 0x00, 0x00, 0x00, 0x00, 0xB8, 0x62, 0x21, 0x11, 0x09, 0x07, 0x02, 0x01, 0x00, 0x00, 0x00,
  0x00, 0x02, 0x01, 0x00, 0x80, 0x40, 0x20, 0x10, 0x08, 0x04, 0x02, 0x01, 0x00, 0x00, 0x00, 0x00,
  0x00, 0x00, 0x05, 0x02, 0x81, 0x40, 0xA0, 0x50, 0x28, 0x14, 0x0A, 0x05, 0x02, 0x80, 0x00, 0x00,
  0x00, 0x00, 0x00, 0x02, 0x01, 0x00, 0x81, 0xF0, 0x20, 0x10, 0x3E, 0x04, 0x02, 0x01, 0x00, 0x00,
  0x00, 0x00, 0x00, 0x00, 0x02, 0x01, 0x00, 0x80, 0x40, 0x20, 0x10, 0x00, 0x00, 0x02, 0x01, 0x00,
  0x00, 0x00, 0x00, 0x00, 0x02, 0x80, 0x80, 0x0F, 0x7A, 0x45, 0x24, 0x92, 0x4A, 0x25, 0x13, 0x1E,
  0xF0, 0x00, 0x00, 0x00, 0x00, 0x00, 0x3C, 0xA9, 0x24, 0x82, 0x7D, 0x22, 0x92, 0x49, 0x25, 0x12,
  0x9E, 0xF0, 0x00, 0x00, 0x00, 0x00, 0x00, 0x02, 0xA1, 0x20, 0x83, 0x7E, 0x63, 0x12, 0x89, 0x45,
  0x26, 0x8D, 0xF0, 0x00, 0x00, 0x00, 0x00, 0x00, 0x20, 0x50, 0x28, 0x14, 0x0A, 0x05, 0x02, 0x81,
  0x40, 0xA2, 0x5E, 0xC0, 0x00, 0x00, 0x00, 0x00, 0x00, 0x10, 0xC8, 0x04, 0x02, 0x19, 0x04, 0x82,
  0x41, 0x20, 0x90, 0x4F, 0x20, 0x10, 0x48, 0x18, 0x00, 0x00, 0x18, 0xC4, 0x02, 0x01, 0x18, 0x84,
  0x42, 0x21, 0x10, 0x88, 0x4E, 0x20, 0x10, 0x48, 0x18, 0x00, 0x00, 0x22, 0x31, 0x18, 0x8E, 0x46,
  0xA3, 0x51, 0x98, 0xC4, 0x63, 0x31, 0x60, 0x00, 0x00, 0x00, 0x00, 0x00, 0x22, 0xD1, 0x08, 0x86,
  0x5A, 0xA5, 0x52, 0x99, 0x44, 0xA2, 0x51, 0x20, 0x10, 0x48, 0x18, 0x00, 0x00, 0x00, 0xC0, 0x00,
  0x02, 0xC9, 0x94, 0x8A, 0x45, 0x22, 0x91, 0x48, 0xA0, 0x10, 0x48, 0x18, 0x22, 0x0A, 0x02, 0x00,
  0x01, 0xC1, 0x11, 0x04, 0x82, 0x7F, 0x20, 0x90, 0x48, 0x20, 0x00, 0x00, 0x00, 0x00, 0x11, 0x05,
  0x01, 0x00, 0x01, 0xF0, 0x04, 0x02, 0x3F, 0x20, 0x90, 0xC7, 0xA0, 0x00, 0x00, 0x00, 0x22, 0x0A,
  0x02, 0x00, 0x03, 0xE0, 0x40, 0x20, 0x10, 0x08, 0x04, 0x02, 0x07, 0xC0, 0x00, 0x00, 0x00, 0x00,
  0x11, 0x05, 0x01, 0x00, 0x01, 0xC0, 0x20, 0x10, 0x08, 0x04, 0x02, 0x07, 0xC0, 0x00, 0x00, 0x00,
  0x22, 0x0A, 0x02, 0x00, 0x03, 0xE2, 0x09, 0x04, 0x82, 0x41, 0x20, 0x90, 0x47, 0xC0, 0x00, 0x00,
  0x00, 0x00, 0x11, 0x05, 0x01, 0x00, 0x01, 0xF1, 0x04, 0x82, 0x41, 0x20, 0x90, 0x47, 0xC0, 0x00,
  0x00, 0x00, 0x22, 0x0A, 0x02, 0x00, 0x04, 0x12, 0x09, 0x04, 0x82, 0x41, 0x20, 0x90, 0x47, 0xC0,
  0x00, 0x00, 0x00, 0x00, 0x11, 0x05, 0x01, 0x00, 0x02, 0x11, 0x08, 0x84, 0x42, 0x21, 0x10, 0x87,
  0xA0, 0x00, 0x00, 0x00, 0x00, 0x1F, 0x00, 0x06, 0xC0, 0x02, 0x09, 0x04, 0x82, 0x41, 0x20, 0x90,
  0x47, 0xC0, 0x00, 0x00, 0x00, 0x00, 0x3F, 0x00, 0x0C, 0xC0, 0x02, 0x11, 0x08, 0x84, 0x42, 0x21,
  0x10, 0x87, 0xA0, 0x00, 0x00, 0x00, 0x04, 0x04, 0x00, 0x06, 0xC0, 0x02, 0x09, 0x04, 0x82, 0x41,
  0x20, 0x90, 0x47, 0xC0, 0x00, 0x00, 0x00, 0x04, 0x04, 0x00, 0x0C, 0xC0, 0x02, 0x11, 0x08, 0x84,
  0x42, 0x21, 0x10, 0x87, 0xA0, 0x00, 0x00, 0x00, 0x14, 0x04, 0x00, 0x06, 0xC0, 0x02, 0x09, 0x04,
  0x82, 0x41, 0x20, 0x90, 0x47, 0xC0, 0x00, 0x00, 0x00, 0x24, 0x0C, 0x00, 0x0C, 0xC0, 0x02, 0x11,
  0x08, 0x84, 0x42, 0x21, 0x10, 0x87, 0xA0, 0x00, 0x00, 0x00, 0x10, 0x04, 0x00, 0x0C, 0x60, 0x02,
  0x09, 0x04, 0x82, 0x41, 0x20, 0x90, 0x47, 0xC0, 0x00, 0x00, 0x00, 0x20, 0x08, 0x00, 0x0C, 0xC0,
  0x02, 0x11, 0x08, 0x84, 0x42, 0x21, 0x10, 0x87, 0xA0, 0x00, 0x00, 0x00, 0x00, 0x00, 0x00, 0x00,
  0x00, 0x01, 0xF0, 0x04, 0x02, 0x7F, 0x20, 0x90, 0x47, 0xC0, 0x00, 0x00, 0x00, 0x3E, 0x00, 0x0D,
  0x80, 0x01, 0xC1, 0x11, 0x04, 0x82, 0x7F, 0x20, 0x90, 0x48, 0x20, 0x00, 0x00, 0x00, 0x00, 0x1F,
  0x00, 0x06, 0xC0, 0x01, 0xF0, 0x04, 0x02, 0x3F, 0x20, 0x90, 0xC7, 0xA0, 0x00, 0x00, 0x00, 0x3E,
  0x00, 0x06, 0x00, 0x01, 0xC1, 0x11, 0x04, 0x82, 0x7F, 0x20, 0x90, 0x48, 0x20, 0x00, 0x00, 0x00,
  0x00, 0x1F, 0x00, 0x01, 0x80, 0x01, 0xF0, 0x04, 0x02, 0x3F, 0x20, 0x90, 0xC7, 0xA0, 0x00, 0x00,
  0x00, 0x00, 0x1F, 0x00, 0x07, 0xE4, 0x82, 0x41, 0x20, 0xFC, 0x48, 0x24, 0x12, 0x09, 0xE0, 0x00,
  0x00, 0x00, 0x00, 0x00, 0x00, 0x07, 0xC0, 0x01, 0xB1, 0x24, 0x12, 0x3E, 0x24, 0x12, 0x46, 0xE0,
  0x00, 0x00, 0x00, 0x00, 0x00, 0x0F, 0x88, 0x24, 0x02, 0x01, 0x00, 0x8E, 0x41, 0x27, 0xD0, 0x47,
  0xC0, 0x00, 0x00, 0x00, 0x00, 0x00, 0x00, 0x00, 0x00, 0x01, 0xE9, 0x08, 0x84, 0x42, 0x21, 0x10,
  0x87, 0xC0, 0x27, 0xFC, 0xF0, 0x22, 0x0A, 0x02, 0x00, 0x03, 0xE2, 0x09, 0x00, 0x80, 0x47, 0x20,
  0x90, 0x47, 0xC0, 0x00, 0x00, 0x00, 0x00, 0x11, 0x05, 0x01, 0x00, 0x01, 0xE9, 0x08, 0x84, 0x42,
  0x1E, 0x10, 0x07, 0xC4, 0x12, 0x08, 0xF8, 0x22, 0x0A, 0x02, 0x00, 0x04, 0x12, 0x11, 0x10, 0xF0,
  0x48, 0x22, 0x10, 0x88, 0x20, 0x00, 0x00, 0x00, 0x22, 0x0A, 0x12, 0x08, 0x04, 0x02, 0x09, 0x18,
  0xB0, 0x60, 0x2C, 0x11, 0x88, 0x20, 0x00, 0x00, 0x00, 0x00, 0x00, 0x0F, 0x88, 0x24, 0x12, 0x09,
  0x04, 0x82, 0x41, 0x20, 0x90, 0x47, 0xC1, 0x00, 0xC0, 0x00, 0x00, 0x00, 0x00, 0x00, 0x00, 0x01,
  0xF1, 0x04, 0x82, 0x41, 0x20, 0x90, 0x47, 0xC1, 0x00, 0xC0, 0x00, 0x00, 0x00, 0x0F, 0x80, 0x03,
  0xE2, 0x09, 0x04, 0x82, 0x41, 0x20, 0x90, 0x47, 0xC1, 0x00, 0xC0, 0x00, 0x00, 0x00, 0x00, 0x07,
  0xC0, 0x01, 0xF1, 0x04, 0x82, 0x41, 0x20, 0x90, 0x47, 0xC1, 0x00, 0xC0, 0x00, 0x22, 0x0A, 0x02,
  0x0F, 0xE0, 0x20, 0x20, 0x20, 0x38, 0x02, 0x00, 0x90, 0x87, 0x80, 0x00, 0x00, 0x00, 0x00, 0x11,
  0x05, 0x01, 0x00, 0x01, 0xF8, 0x08, 0x08, 0x08, 0x0E, 0x00, 0x80, 0x20, 0x11, 0x10, 0x70, 0x00,
  0x08, 0x82, 0x80, 0x80, 0x00, 0x70, 0x08, 0x04, 0x02, 0x01, 0x00, 0x88, 0x44, 0x22, 0x10, 0xF0,
  0x00, 0x00, 0x3D, 0xE9, 0x14, 0x8A, 0x49, 0x24, 0x94, 0x4A, 0x26, 0x13, 0x1E, 0xF0, 0x00, 0x00,
  0x00, 0x00, 0x00, 0x3C, 0x09, 0x04, 0x82, 0x7D, 0x22, 0x92, 0x49, 0x25, 0x12, 0x9E, 0xF0, 0x00,
  0x00, 0x00, 0x00, 0x00, 0x02, 0x01, 0x00, 0x83, 0x7E, 0x63, 0x12, 0x89, 0x45, 0x26, 0x8D, 0xF0,
  0x00, 0x00, 0x00, 0x02, 0x02, 0x02, 0x00, 0x03, 0xE2, 0x09, 0x00, 0x80, 0x47, 0x20, 0x90, 0x47,
  0xC0, 0x00, 0x00, 0x00, 0x00, 0x01, 0x01, 0x01, 0x00, 0x01, 0xE9, 0x08, 0x84, 0x42, 0x1E, 0x10,
  0x07, 0xC4, 0x12, 0x08, 0xF8, 0x00, 0x00, 0x12, 0x09, 0x04, 0x82, 0x49, 0xE4, 0x92, 0x49, 0x24,
  0x92, 0x48, 0xC0, 0x00, 0x00, 0x00, 0x00, 0x00, 0x17, 0x8C, 0x24, 0x12, 0x09, 0x04, 0x8C, 0x58,
  0x30, 0x10, 0x08, 0x04, 0x02, 0x00, 0x00, 0x00, 0x10, 0x04, 0x01, 0x04, 0x12, 0x09, 0x84, 0xA2,
  0x49, 0x22, 0x90, 0xC8, 0x20, 0x00, 0x00, 0x00, 0x00, 0x10, 0x04, 0x01, 0x00, 0x02, 0xF1, 0x84,
  0x82, 0x41, 0x20, 0x90, 0x48, 0x20, 0x00, 0x00, 0x00, 0x04, 0x04, 0x00, 0x03, 0x82, 0x20, 0xE0,
  0x50, 0x44, 0x41, 0x3F, 0x90, 0x48, 0x20, 0x00, 0x00, 0x00, 0x04, 0x04, 0x00, 0x01, 0x81, 0x20,
  0x60, 0xF8, 0x02, 0x3F, 0x20, 0x90, 0xC7, 0xA0, 0x00, 0x00, 0x00, 0x02, 0x02, 0x02, 0x00, 0x03,
  0xF2, 0x41, 0x20, 0xFC, 0x48, 0x24, 0x12, 0x09, 0xE0, 0x00, 0x00, 0x00, 0x00, 0x01, 0x01, 0x01,
  0x00, 0x01, 0xB1, 0x24, 0x12, 0x3E, 0x24, 0x12, 0x46, 0xE0, 0x00, 0x00, 0x00, 0x02, 0x02, 0x02,
  0x00, 0x23, 0xE2, 0x19, 0x14, 0x92, 0x49, 0x28, 0x98, 0x47, 0xC4, 0x00, 0x00, 0x00, 0x00, 0x01,
  0x01, 0x01, 0x00, 0x11, 0xF1, 0x14, 0x8A, 0x49, 0x28, 0x94, 0x47, 0xC4, 0x00, 0x00, 0x00, 0x00,
  0x12, 0x04, 0x80, 0x01, 0xC1, 0x11, 0x04, 0x82, 0x7F, 0x20, 0x90, 0x48, 0x20, 0x00, 0x00, 0x00,
  0x00, 0x00, 0x09, 0x02, 0x40, 0x01, 0xF0, 0x04, 0x02, 0x3F, 0x20, 0x90, 0xC7, 0xA0, 0x00, 0x00,
  0x00, 0x00, 0x0E, 0x08, 0x80, 0x01, 0xC1, 0x11, 0x04, 0x82, 0x7F, 0x20, 0x90, 0x48, 0x20, 0x00,
  0x00, 0x00, 0x00, 0x00, 0x07, 0x04, 0x40, 0x01, 0xF0, 0x04, 0x02, 0x3F, 0x20, 0x90, 0xC7, 0xA0,
  0x00, 0x00, 0x00, 0x00, 0x12, 0x04, 0x80, 0x07, 0xF2, 0x01, 0x00, 0xF8, 0x40, 0x20, 0x10, 0x0F,
  0xE0, 0x00, 0x00, 0x00, 0x00, 0x00, 0x09, 0x02, 0x40, 0x01, 0xF1, 0x04, 0x82, 0x7F, 0x20, 0x10,
  0x07, 0xC0, 0x00, 0x00, 0x00, 0x00, 0x0E, 0x08, 0x80, 0x07, 0xF2, 0x01, 0x00, 0xF8, 0x40, 0x20,
  0x10, 0x0F, 0xE0, 0x00, 0x00, 0x00, 0x00, 0x00, 0x07, 0x04, 0x40, 0x01, 0xF1, 0x04, 0x82, 0x7F,
  0x20, 0x10, 0x07, 0xC0, 0x00, 0x00, 0x00, 0x00, 0x12, 0x04, 0x80, 0x03, 0xE0, 0x40, 0x20, 0x10,
  0x08, 0x04, 0x02, 0x07, 0xC0, 0x00, 0x00, 0x00, 0x00, 0x24, 0x09, 0x00, 0x03, 0x80, 0x40, 0x20,
  0x10, 0x08, 0x04, 0x02, 0x07, 0xC0, 0x00, 0x00, 0x00, 0x00, 0x0E, 0x08, 0x80, 0x03, 0xE0, 0x40,
  0x20, 0x10, 0x08, 0x04, 0x02, 0x07, 0xC0, 0x00, 0x00, 0x00, 0x00, 0x1C, 0x11, 0x00, 0x03, 0x80,
  0x40, 0x20, 0x10, 0x08, 0x04, 0x02, 0x07, 0xC0, 0x00, 0x00, 0x00, 0x00, 0x12, 0x04, 0x80, 0x03,
  0xE2, 0x09, 0x04, 0x82, 0x41, 0x20, 0x90, 0x47, 0xC0, 0x00, 0x00, 0x00, 0x00, 0x00, 0x09, 0x02,
  0x40, 0x01, 0xF1, 0x04, 0x82, 0x41, 0x20, 0x90, 0x47, 0xC0, 0x00, 0x00, 0x00, 0x00, 0x0E, 0x08,
  0x80, 0x03, 0xE2, 0x09, 0x04, 0x82, 0x41, 0x20, 0x90, 0x47, 0xC0, 0x00, 0x00, 0x00, 0x00, 0x00,
  0x07, 0x04, 0x40, 0x01, 0xF1, 0x04, 0x82, 0x41, 0x20, 0x90, 0x47, 0xC0, 0x00, 0x00, 0x00, 0x00,
  0x12, 0x04, 0x80, 0x07, 0xE2, 0x09, 0x04, 0x82, 0x7E, 0x21, 0x10, 0x48, 0x20, 0x00, 0x00, 0x00,
  0x00, 0x00, 0x09, 0x02, 0x40, 0x02, 0x70, 0xC4, 0x42, 0x20, 0x10, 0x08, 0x04, 0x00, 0x00, 0x00,
  0x00, 0x00, 0x0E, 0x08, 0x80, 0x07, 0xE2, 0x09, 0x04, 0x82, 0x7E, 0x21, 0x10, 0x48, 0x20, 0x00,
  0x00, 0x00, 0x00, 0x00, 0x07, 0x04, 0x40, 0x02, 0x70, 0xC4, 0x42, 0x20, 0x10, 0x08, 0x04, 0x00,
  0x00, 0x00, 0x00, 0x00, 0x12, 0x04, 0x80, 0x04, 0x12, 0x09, 0x04, 0x82, 0x41, 0x20, 0x90, 0x47,
  0xC0, 0x00, 0x00, 0x00, 0x00, 0x00, 0x12, 0x04, 0x80, 0x02, 0x11, 0x08, 0x84, 0x42, 0x21, 0x10,
  0x87, 0xA0, 0x00, 0x00, 0x00, 0x00, 0x0E, 0x08, 0x80, 0x04, 0x12, 0x09, 0x04, 0x82, 0x41, 0x20,
  0x90, 0x47, 0xC0, 0x00, 0x00, 0x00, 0x00, 0x00, 0x07, 0x04, 0x40, 0x02, 0x11, 0x08, 0x84, 0x42,
  0x21, 0x10, 0x87, 0xA0, 0x00, 0x00, 0x00, 0x00, 0x00, 0x0F, 0x88, 0x24, 0x12, 0x00, 0xE0, 0x0C,
  0x01, 0x20, 0x90, 0x47, 0xC0, 0xC0, 0x20, 0x20, 0x00, 0x00, 0x00, 0x00, 0x00, 0x01, 0xF1, 0x04,
  0x80, 0x3E, 0x00, 0x90, 0x47, 0xC0, 0xC0, 0x20, 0x20, 0x00, 0x00, 0x1F, 0xC1, 0x00, 0x80, 0x40,
  0x20, 0x10, 0x08, 0x04, 0x02, 0x01, 0x00, 0xC0, 0x20, 0x20, 0x00, 0x00, 0x00, 0x02, 0x01, 0x03,
  0xF0, 0x40, 0x20, 0x10, 0x08, 0x04, 0x41, 0xC0, 0xC0, 0x20, 0x20, 0x00, 0x00, 0x17, 0x8C, 0x20,
  0x10, 0x10, 0x30, 0x64, 0x01, 0x00, 0x81, 0x8F, 0x00, 0x00, 0x00, 0x00, 0x00, 0x00, 0x00, 0x00,
  0x00, 0x01, 0x70, 0xC4, 0x02, 0x02, 0x06, 0x0C, 0x80, 0x20, 0x10, 0x30, 0xE0, 0x22, 0x0A, 0x02,
  0x08, 0x24, 0x12, 0x09, 0x04, 0xFE, 0x41, 0x20, 0x90, 0x48, 0x20, 0x00, 0x00, 0x00, 0x22, 0x0A,
  0x12, 0x08, 0x04, 0x02, 0xF1, 0x84, 0x82, 0x41, 0x20, 0x90, 0x48, 0x20, 0x00, 0x00, 0x00, 0x00,
  0x00, 0x17, 0x8C, 0x24, 0x12, 0x09, 0x04, 0x82, 0x41, 0x20, 0x90, 0x48, 0x20, 0x10, 0x08, 0x04,
  0x00, 0x00, 0x08, 0x88, 0x24, 0x12, 0x08, 0xF8, 0x82, 0x41, 0x20, 0x90, 0x47, 0xC0, 0x00, 0x00,
  0x00, 0x00, 0x00, 0x00, 0x02, 0x42, 0x11, 0x08, 0x84, 0x3C, 0x21, 0x10, 0x88, 0x43, 0xC0, 0x00,
  0x00, 0x00, 0x00, 0x00, 0x1F, 0xC0, 0x20, 0x20, 0x20, 0x20, 0x20, 0x20, 0x20, 0x10, 0x0F, 0xE0,
  0x10, 0x30, 0x00, 0x00, 0x00, 0x00, 0x00, 0x00, 0x03, 0xF8, 0x08, 0x08, 0x08, 0x08, 0x08, 0x0F,
  0xE0, 0x10, 0x30, 0x00, 0x00, 0x04, 0x00, 0x03, 0x82, 0x22, 0x09, 0x04, 0x82, 0x7F, 0x20, 0x90,
  0x48, 0x20, 0x00, 0x00, 0x00, 0x00, 0x00, 0x00, 0x01, 0x00, 0x01, 0xF0, 0x04, 0x02, 0x3F, 0x20,
  0x90, 0xC7, 0xA0, 0x00, 0x00, 0x00, 0x00, 0x00, 0x1F, 0xC8, 0x04, 0x02, 0x01, 0xF0, 0x80, 0x40,
  0x20, 0x10, 0x0F, 0xE0, 0x81, 0x20, 0x60, 0x00, 0x00, 0x00, 0x00, 0x00, 0x01, 0xF1, 0x04, 0x82,
  0x7F, 0x20, 0x10, 0x07, 0xC0, 0x81, 0x20, 0x60, 0x3E, 0x00, 0x05, 0x00, 0x03, 0xE2, 0x09, 0x04,
  0x82, 0x41, 0x20, 0x90, 0x47, 0xC0, 0x00, 0x00, 0x00, 0x00, 0x3F, 0x00, 0x04, 0x80, 0x01, 0xE1,
  0x08, 0x84, 0x42, 0x21, 0x10, 0x87, 0x80, 0x00, 0x00, 0x00, 0x3E, 0x0D, 0x0B, 0x00, 0x03, 0xE2,
  0x09, 0x04, 0x82, 0x41, 0x20, 0x90, 0x47, 0xC0, 0x00, 0x00, 0x00, 0x7E, 0x00, 0x05, 0x05, 0x00,
  0x01, 0xE1, 0x08, 0x84, 0x42, 0x21, 0x10, 0x87, 0x80, 0x00, 0x00, 0x00, 0x08, 0x00, 0x0F, 0x88,
  0x24, 0x12, 0x09, 0x04, 0x82, 0x41, 0x20, 0x90, 0x47, 0xC0, 0x00, 0x00, 0x00, 0x00, 0x00, 0x00,
  0x01, 0x00, 0x01, 0xF1, 0x04, 0x82, 0x41, 0x20, 0x90, 0x47, 0xC0, 0x00, 0x00, 0x00, 0x3E, 0x00,
  0x02, 0x00, 0x03, 0xE2, 0x09, 0x04, 0x82, 0x41, 0x20, 0x90, 0x47, 0xC0, 0x00, 0x00, 0x00, 0x00,
  0x1F, 0x00, 0x01, 0x00, 0x01, 0xF1, 0x04, 0x82, 0x41, 0x20, 0x90, 0x47, 0xC0, 0x00, 0x00, 0x00,
  0x00, 0x1F, 0x00, 0x08, 0x24, 0x11, 0x10, 0x50, 0x10, 0x08, 0x04, 0x02, 0x01, 0x00, 0x00, 0x00,
  0x00, 0x00, 0x00, 0x00, 0x07, 0x80, 0x02, 0x11, 0x08, 0x84, 0x42, 0x21, 0x11, 0x87, 0x40, 0x22,
  0x10, 0xF0, 0x00, 0x00, 0x00, 0x00, 0x00, 0x02, 0xF1, 0x84, 0x82, 0x7E, 0x20, 0x10, 0x07, 0xC0,
  0x00, 0x00, 0x00, 0x00, 0x00, 0x00, 0x00, 0x00, 0x01, 0xE9, 0x0C, 0x82, 0x41, 0x20, 0x90, 0xC7,
  0xA0, 0x00, 0x00, 0x00, 0x00, 0x00, 0x00, 0x00, 0x00, 0x02, 0xF1, 0x84, 0x82, 0x41, 0x20, 0x98,
  0x4B, 0xC0, 0x00, 0x00, 0x00, 0x00, 0x1C, 0x11, 0x08, 0x04, 0x02, 0xF1, 0x84, 0x82, 0x41, 0x20,
  0x98, 0x4B, 0xC0, 0x00, 0x00, 0x00, 0x00, 0x00, 0x00, 0x00, 0x00, 0x01, 0xF1, 0x04, 0x02, 0x01,
  0x00, 0x90, 0x47, 0xC0, 0x00, 0x00, 0x00, 0x00, 0x00, 0x00, 0x00, 0x00, 0x01, 0xF1, 0x04, 0x80,
  0x40, 0x23, 0x12, 0x47, 0xC1, 0x00, 0x00, 0x00, 0x00, 0x00, 0x00, 0x80, 0x40, 0x21, 0xD1, 0x18,
  0x84, 0x42, 0x21, 0x11, 0x87, 0x40, 0x18, 0x00, 0x00, 0x00, 0x00, 0x00, 0x60, 0x40, 0x21, 0xD1,
  0x18, 0x84, 0x42, 0x21, 0x11, 0x87, 0x40, 0x00, 0x00, 0x00, 0x00, 0x00, 0x00, 0x00, 0x00, 0x01,
  0xF1, 0x04, 0x82, 0x7F, 0x00, 0x80, 0x47, 0xC0, 0x00, 0x00, 0x00, 0x00, 0x00, 0x00, 0x00, 0x00,
  0x01, 0xF0, 0x04, 0x02, 0x7F, 0x20, 0x90, 0x47, 0xC0, 0x00, 0x00, 0x00, 0x00, 0x00, 0x00, 0x00,
  0x00, 0x01, 0xC0, 0x18, 0x0A, 0x7C, 0x22, 0x11, 0x07, 0x00, 0x00, 0x00, 0x00, 0x00, 0x00, 0x00,
  0x00, 0x00, 0x01, 0xF1, 0x04, 0x80, 0x3C, 0x20, 0x10, 0x47, 0xC0, 0x00, 0x00, 0x00, 0x00, 0x00,
  0x00, 0x00, 0x00, 0x01, 0xF1, 0x04, 0x02, 0x1E, 0x00, 0x90, 0x47, 0xC0, 0x00, 0x00, 0x00, 0x00,
  0x00, 0x00, 0x00, 0x00, 0x01, 0xD1, 0x14, 0x08, 0x38, 0x02, 0x11, 0x07, 0x00, 0x00, 0x00, 0x00,
  0x00, 0x00, 0x00, 0x00, 0x00, 0x01, 0xF1, 0x04, 0x82, 0x5E, 0x20, 0x90, 0x47, 0xC0, 0x00, 0x00,
  0x00, 0x00, 0x00, 0x00, 0x00, 0x00, 0x00, 0x20, 0x10, 0x08, 0x04, 0x0F, 0x81, 0x00, 0x84, 0x42,
  0x20, 0xE0, 0x00, 0x00, 0x00, 0x40, 0x40, 0x21, 0xF1, 0x08, 0x84, 0x42, 0x21, 0x11, 0x87, 0x40,
  0x22, 0x10, 0xF0, 0x00, 0x00, 0x00, 0x00, 0x00, 0x01, 0xE1, 0x08, 0x84, 0x42, 0x21, 0x11, 0x87,
  0x40, 0x22, 0x10, 0xF0, 0x00, 0x00, 0x00, 0x00, 0x00, 0x01, 0xF1, 0x04, 0x80, 0x47, 0x20, 0x90,
  0x47, 0xC0, 0x00, 0x00, 0x00, 0x00, 0x00, 0x00, 0x00, 0x00, 0x02, 0x09, 0x04, 0x44, 0x14, 0x0A,
  0x02, 0x01, 0x01, 0x40, 0x40, 0x00, 0x00, 0x00, 0x00, 0x00, 0x00, 0x01, 0x11, 0x54, 0x28, 0x08,
  0x0A, 0x05, 0x01, 0x00, 0x00, 0x00, 0x00, 0x00, 0x00, 0x00, 0x00, 0x00, 0x02, 0x09, 0x04, 0x82,
  0x41, 0x20, 0x90, 0xC7, 0xA0, 0x10, 0x08, 0x04, 0x00, 0x00, 0x0C, 0x08, 0x04, 0x02, 0xF1, 0x84,
  0x82, 0x41, 0x20, 0x90, 0x48, 0x20, 0x00, 0x00, 0x00, 0x00, 0x00, 0x0C, 0x08, 0x04, 0x02, 0xF1,
  0x84, 0x82, 0x41, 0x20, 0x90, 0x48, 0x20, 0x90, 0x30, 0x00, 0x00, 0x00, 0x06, 0x00, 0x00, 0x01,
  0xC0, 0x20, 0x10, 0x1C, 0x04, 0x02, 0x07, 0xC0, 0x00, 0x00, 0x00, 0x00, 0x00, 0x00, 0x00, 0x00,
  0x00, 0xC0, 0x20, 0x10, 0x08, 0x04, 0x02, 0x80, 0x80, 0x00, 0x00, 0x00, 0x00, 0x00, 0x00, 0x00,
  0x00, 0x01, 0xF0, 0x20, 0x10, 0x08, 0x04, 0x02, 0x07, 0xC0, 0x00, 0x00, 0x00, 0x00, 0x00, 0x0E,
  0x01, 0x00, 0x80, 0x40, 0x68, 0x58, 0x08, 0x04, 0x02, 0x07, 0xC0, 0x00, 0x00, 0x00, 0x00, 0x00,
  0x0E, 0x01, 0x00, 0x80, 0xC0, 0xA0, 0x3C, 0x08, 0x04, 0x02, 0x07, 0xC0, 0x00, 0x00, 0x00, 0x00,
  0x00, 0x0E, 0x01, 0x00, 0x80, 0x40, 0x20, 0x10, 0x08, 0x04, 0x02, 0x01, 0x00, 0x90, 0x30, 0x00,
  0x00, 0x00, 0x18, 0x04, 0x02, 0x01, 0x78, 0x84, 0x44, 0x26, 0x10, 0x88, 0x4E, 0x20, 0xE0, 0x00,
  0x00, 0x00, 0x00, 0x00, 0x00, 0x00, 0x02, 0x09, 0x24, 0x92, 0x49, 0x24, 0x92, 0x46, 0xE0, 0x00,
  0x00, 0x00, 0x00, 0x00, 0x00, 0x00, 0x00, 0x02, 0x09, 0x24, 0x92, 0x49, 0x24, 0x92, 0x46, 0xE0,
  0x10, 0x08, 0x00, 0x00, 0x00, 0x00, 0x00, 0x00, 0x03, 0xB1, 0x24, 0x92, 0x49, 0x24, 0x92, 0x48,
  0x20, 0x90, 0x30, 0x00, 0x00, 0x00, 0x00, 0x00, 0x00, 0x02, 0xF1, 0x84, 0x82, 0x41, 0x20, 0x90,
  0x48, 0x24, 0x04, 0x00, 0x00, 0x00, 0x00, 0x00, 0x00, 0x00, 0x02, 0xE1, 0x88, 0x84, 0x42, 0x21,
  0x10, 0x88, 0x40, 0x28, 0x08, 0x00, 0x00, 0x00, 0x00, 0x00, 0x00, 0x02, 0x09, 0x84, 0xA2, 0x49,
  0x22, 0x90, 0xC8, 0x20, 0x00, 0x00, 0x00, 0x00, 0x00, 0x00, 0x00, 0x00, 0x01, 0xF1, 0x04, 0x82,
  0x7F, 0x20, 0x90, 0x47, 0xC0, 0x00, 0x00, 0x00, 0x00, 0x00, 0x00, 0x00, 0x00, 0x01, 0xF9, 0x20,
  0x90, 0x4E, 0x24, 0x12, 0x07, 0xE0, 0x00, 0x00, 0x00, 0x00, 0x00, 0x00, 0x00, 0x03, 0xE2, 0x09,
  0x24, 0x92, 0x49, 0x24, 0x92, 0x46, 0xC0, 0x00, 0x00, 0x00, 0x00, 0x00, 0x02, 0x01, 0x00, 0x81,
  0xF1, 0x24, 0x92, 0x49, 0x24, 0x8F, 0x81, 0x00, 0x80, 0x40, 0x00, 0x00, 0x00, 0x00, 0x00, 0x00,
  0x00, 0x10, 0x08, 0x04, 0x02, 0x21, 0x11, 0x87, 0x20, 0x00, 0x00, 0x00, 0x00, 0x00, 0x00, 0x80,
  0x40, 0x20, 0x10, 0x08, 0x04, 0x02, 0x21, 0x11, 0x87, 0x20, 0x00, 0x00, 0x00, 0x00, 0x00, 0x00,
  0x00, 0x00, 0x00, 0x10, 0x08, 0x04, 0x02, 0x21, 0x11, 0x87, 0x40, 0x20, 0x0C, 0x00, 0x00, 0x00,
  0x00, 0x00, 0x00, 0x02, 0x70, 0xC4, 0x42, 0x20, 0x10, 0x08, 0x04, 0x02, 0x01, 0x00, 0x80, 0x00,
  0x00, 0x00, 0x00, 0x00, 0x02, 0x70, 0xC4, 0x42, 0x20, 0x10, 0x08, 0x04, 0x02, 0x40, 0xC0, 0x00,
  0x00, 0x00, 0x00, 0x00, 0x00, 0x00, 0x70, 0x44, 0x42, 0x20, 0x10, 0x08, 0x04, 0x00, 0x00, 0x00,
  0x00, 0x00, 0x00, 0x00, 0x00, 0x00, 0x00, 0xE0, 0x88, 0x42, 0x01, 0x00, 0x80, 0x40, 0x20, 0x00,
  0x00, 0x00, 0x00, 0x00, 0x00, 0x00, 0x00, 0x03, 0xF1, 0x04, 0x82, 0x7E, 0x20, 0x90, 0x48, 0x20,
  0x00, 0x00, 0x00, 0x00, 0x00, 0x00, 0x00, 0x00, 0x02, 0x09, 0x04, 0x82, 0x7E, 0x20, 0x90, 0x4F,
  0xC0, 0x00, 0x00, 0x00, 0x00, 0x00, 0x00, 0x00, 0x00, 0x01, 0xF1, 0x04, 0x80, 0x3E, 0x00, 0x90,
  0x4F, 0xC4, 0x01, 0xC0, 0x00, 0x00, 0x00, 0x01, 0x81, 0x20, 0x80, 0x40, 0x20, 0x10, 0x08, 0x04,
  0x02, 0x01, 0x04, 0x81, 0x80, 0x00, 0x00, 0x00, 0x00, 0xC0, 0x80, 0x40, 0x20, 0x10, 0x08, 0x04,
  0x0F, 0x81, 0x00, 0x84, 0x42, 0x20, 0xE0, 0x00, 0x00, 0x00, 0x00, 0x00, 0x01, 0x81, 0x20, 0x10,
  0x08, 0x04, 0x02, 0x01, 0x00, 0x90, 0x30, 0x00, 0x00, 0x00, 0x01, 0x81, 0x20, 0x80, 0x40, 0x20,
  0x10, 0x08, 0x04, 0x02, 0x07, 0x04, 0xC1, 0x90, 0x00, 0x00, 0x00, 0x00, 0x00, 0x00, 0x01, 0xC1,
  0x10, 0x08, 0x04, 0x02, 0x01, 0x07, 0xE0, 0x40, 0x20, 0x00, 0x00, 0x00, 0x00, 0x02, 0x01, 0x03,
  0xF0, 0x40, 0x20, 0x10, 0x08, 0x04, 0x02, 0x01, 0x20, 0x60, 0x00, 0x00, 0x00, 0x00, 0x00, 0x00,
  0x01, 0x10, 0x88, 0x44, 0x7F, 0x11, 0x08, 0x83, 0xA0, 0x00, 0x00, 0x00, 0x00, 0x00, 0x00, 0x00,
  0x00, 0x03, 0xB8, 0x88, 0x82, 0x41, 0x20, 0x88, 0x83, 0x80, 0x00, 0x00, 0x00, 0x00, 0x00, 0x00,
  0x00, 0x00, 0x02, 0x41, 0x10, 0x84, 0x42, 0x21, 0x11, 0x07, 0x00, 0x00, 0x00, 0x00, 0x00, 0x00,
  0x00, 0x00, 0x00, 0x00, 0x40, 0x50, 0x28, 0x22, 0x11, 0x10, 0x48, 0x20, 0x00, 0x00, 0x00, 0x00,
  0x00, 0x00, 0x00, 0x00, 0x01, 0x11, 0x54, 0x92, 0x49, 0x24, 0x90, 0x48, 0x20, 0x00, 0x00, 0x00,
  0x00, 0x00, 0x01, 0x81, 0x20, 0x80, 0x80, 0x40, 0x50, 0x24, 0x12, 0x10, 0x88, 0x40, 0x00, 0x00,
  0x00, 0x00, 0x00, 0x00, 0x00, 0x00, 0x02, 0x08, 0x88, 0x28, 0x08, 0x04, 0x02, 0x01, 0x00, 0x00,
  0x00, 0x00, 0x00, 0x00, 0x00, 0x00, 0x00, 0x03, 0xF8, 0x08, 0x08, 0x08, 0x08, 0x08, 0x0F, 0xC0,
  0x40, 0x18, 0x00, 0x00, 0x00, 0x00, 0x00, 0x00, 0x03, 0xF8, 0x08, 0x08, 0x08, 0x09, 0x09, 0x4F,
  0xC0, 0x80, 0x80, 0x00, 0x00, 0x00, 0x00, 0x00, 0x00, 0x03, 0xF0, 0x10, 0x10, 0x10, 0x1C, 0x01,
  0x00, 0x40, 0x22, 0x20, 0xE0, 0x00, 0x00, 0x00, 0x00, 0x00, 0x01, 0xF8, 0x08, 0x08, 0x08, 0x0E,
  0x00, 0x82, 0x22, 0xD1, 0x10, 0x74, 0x00, 0x00, 0x07, 0x04, 0x42, 0x20, 0x10, 0x08, 0x18, 0x08,
  0x04, 0x02, 0x01, 0x00, 0x00, 0x00, 0x00, 0x00, 0x00, 0x07, 0x04, 0x42, 0x21, 0x00, 0x80, 0x30,
  0x08, 0x04, 0x02, 0x01, 0x00, 0x00, 0x00, 0x00, 0x00, 0x00, 0x02, 0x01, 0x00, 0x80, 0x40, 0x30,
  0x04, 0x02, 0x11, 0x08, 0x83, 0x80, 0x00, 0x00, 0x00, 0x00, 0x00, 0x00, 0x07, 0xC4, 0x12, 0x01,
  0x00, 0x80, 0x40, 0x20, 0x10, 0x08, 0x04, 0x11, 0xF0, 0x00, 0x00, 0x00, 0x00, 0x00, 0x00, 0x01,
  0xF1, 0x04, 0x82, 0x49, 0x20, 0x90, 0x47, 0xC0, 0x00, 0x00, 0x00, 0x00, 0x00, 0x00, 0x00, 0x00,
  0x01, 0xF0, 0x84, 0x42, 0x3E, 0x10, 0x88, 0x47, 0xC0, 0x00, 0x00, 0x00, 0x00, 0x00, 0x00, 0x00,
  0x00, 0x01, 0xE1, 0x08, 0x82, 0x39, 0x20, 0x90, 0x87, 0x80, 0x00, 0x00, 0x00, 0x00, 0x00, 0x00,
  0x00, 0x20, 0x21, 0xF1, 0x04, 0x80, 0x47, 0x20, 0x90, 0x47, 0xC0, 0x00, 0x00, 0x00, 0x00, 0x00,
  0x00, 0x00, 0x00, 0x02, 0x09, 0x04, 0x82, 0x7F, 0x20, 0x90, 0x48, 0x20, 0x00, 0x00, 0x00, 0x00,
  0x00, 0x03, 0x00, 0x00, 0x00, 0xE0, 0x10, 0x08, 0x04, 0x02, 0x01, 0x07, 0x84, 0x62, 0x28, 0xE0,
  0x00, 0x00, 0x00, 0x00, 0x00, 0x02, 0x08, 0xC4, 0x1A, 0x03, 0x06, 0x8C, 0x48, 0x20, 0x10, 0x08,
  0x04, 0x00, 0x00, 0x00, 0x00, 0x00, 0x02, 0x01, 0x00, 0x80, 0x40, 0x20, 0x10, 0x0F, 0xC0, 0x00,
  0x00, 0x00, 0x00, 0x00, 0x00, 0x60, 0x40, 0x21, 0xD1, 0x18, 0x84, 0x42, 0x21, 0x11, 0x87, 0x40,
  0x20, 0x10, 0x08, 0x00, 0x00, 0x07, 0x04, 0x42, 0x20, 0x10, 0x08, 0x18, 0x08, 0x1F, 0x02, 0x01,
  0x00, 0x00, 0x00, 0x00, 0x00, 0x00, 0x07, 0x04, 0x42, 0x21, 0x00, 0x80, 0x30, 0x08, 0x1F, 0x02,
  0x01, 0x00, 0x00, 0x00, 0x00, 0x00, 0x00, 0x02, 0x01, 0x00, 0x81, 0x7D, 0x62, 0x92, 0x4A, 0x26,
  0x17, 0x05, 0xF0, 0x00, 0x00, 0x00, 0x00, 0x00, 0x04, 0x02, 0x01, 0x02, 0xFA, 0xC5, 0x24, 0x96,
  0x48, 0xAC, 0x4A, 0x20, 0x90, 0x30, 0x00, 0x00, 0x00, 0x04, 0x02, 0x01, 0x02, 0xFA, 0xC5, 0x24,
  0x94, 0x4A, 0x2E, 0xCB, 0xC0, 0x80, 0x80, 0x00, 0x00, 0x00, 0x00, 0x04, 0x02, 0x03, 0xB8, 0xA0,
  0x50, 0x26, 0x10, 0x88, 0x43, 0xC0, 0x00, 0x00, 0x00, 0x00, 0x00, 0x00, 0x84, 0xA2, 0x43, 0xA0,
  0x90, 0x48, 0x24, 0x12, 0x09, 0x02, 0x80, 0x40, 0xC0, 0x00, 0x00, 0x00, 0x00, 0x04, 0x02, 0x03,
  0xB8, 0xA0, 0x50, 0x28, 0x15, 0x0B, 0x42, 0xC0, 0x40, 0x00, 0x00, 0x00, 0x00, 0x07, 0x04, 0x42,
  0x01, 0x50, 0xB4, 0xF2, 0x29, 0x14, 0x8A, 0x45, 0x20, 0x10, 0x30, 0x00, 0x00, 0x00, 0x18, 0x04,
  0x02, 0x01, 0x70, 0xC4, 0x60, 0x2E, 0x10, 0x8C, 0x4F, 0xC0, 0x00, 0x00, 0x00, 0x00, 0x00, 0x18,
  0x04, 0x02, 0x01, 0xF8, 0x84, 0x44, 0x24, 0x14, 0x0C, 0x0F, 0xE0, 0x00, 0x00, 0x00, 0x00, 0x00,
  0x00, 0x00, 0x00, 0x01, 0x50, 0xA8, 0x28, 0x00, 0x15, 0x0A, 0x82, 0x80, 0x00, 0x00, 0x00, 0x00,
  0x00, 0x00, 0x00, 0x03, 0xE1, 0x10, 0x88, 0x00, 0x3E, 0x11, 0x08, 0x80, 0x00, 0x00, 0x00, 0x00,
  0x00, 0x20, 0x10, 0x0E, 0x04, 0x82, 0x41, 0x20, 0x00, 0x00, 0x00, 0x00, 0x00, 0x00, 0x00, 0x00,
  0x00, 0x00, 0x18, 0x10, 0x0E, 0x04, 0x82, 0x41, 0x20, 0x00, 0x00, 0x00, 0x00, 0x00, 0x00, 0x00,
  0x00, 0x00, 0x00, 0x00, 0x04, 0x00, 0x01, 0x00, 0x80, 0x40, 0xA0, 0x20, 0x00, 0x00, 0x00, 0x00,
  0x00, 0x00, 0x00, 0x00, 0x00, 0x00, 0x0A, 0x06, 0x82, 0x01, 0x00, 0x80, 0x00, 0x00, 0x00, 0x00,
  0x00, 0x00, 0x00, 0x00, 0x00, 0x00, 0x00, 0x01, 0x00, 0x80, 0x41, 0x60, 0x50, 0x00, 0x00, 0x00,
  0x00, 0x00, 0x00, 0x00, 0x00, 0x00, 0x00, 0x00, 0x01, 0x00, 0x80, 0x41, 0x60, 0x50, 0x0A, 0x02,
  0x00, 0x00, 0x00, 0x00, 0x00, 0x00, 0x00, 0x00, 0x12, 0x0A, 0x07, 0x02, 0x41, 0x20, 0xE0, 0x00,
  0x00, 0x00, 0x00, 0x00, 0x00, 0x00, 0x00, 0x00, 0x00, 0x00, 0x0A, 0x85, 0x42, 0xA0, 0xA0, 0x50,
  0x00, 0x00, 0x00, 0x00, 0x00, 0x00, 0x00, 0x00, 0x00, 0x00, 0x00, 0x09, 0x04, 0x82, 0x40, 0xE0,
  0x10, 0x70, 0x00, 0x00, 0x00, 0x00, 0x00, 0x00, 0x00, 0x00, 0x04, 0x02, 0x02, 0x01, 0x00, 0x00,
  0x00, 0x00, 0x00, 0x00, 0x00, 0x00, 0x00, 0x00, 0x00, 0x00, 0x00, 0x09, 0x04, 0x84, 0x82, 0x40,
  0x00, 0x00, 0x00, 0x00, 0x00, 0x00, 0x00, 0x00, 0x00, 0x00, 0x00, 0x00, 0x00, 0x01, 0x01, 0x00,
  0xC0, 0x60, 0x00, 0x00, 0x00, 0x00, 0x00, 0x00, 0x00, 0x00, 0x00, 0x00, 0x00, 0x00, 0x03, 0x01,
  0x80, 0x40, 0x40, 0x00, 0x00, 0x00, 0x00, 0x00, 0x00, 0x00, 0x00, 0x00, 0x00, 0x00, 0x00, 0x03,
  0x01, 0x80, 0x80, 0x20, 0x00, 0x00, 0x00, 0x00, 0x00, 0x00, 0x00, 0x00, 0x00, 0x00, 0x00, 0x00,
  0x06, 0x00, 0x80, 0x40, 0x20, 0x60, 0x00, 0x00, 0x00, 0x00, 0x00, 0x00, 0x00, 0x00, 0x00, 0x00,
  0x00, 0x06, 0x04, 0x02, 0x01, 0x00, 0x60, 0x00, 0x00, 0x00, 0x00, 0x00, 0x00, 0x00, 0x00, 0x00,
  0x00, 0x00, 0x04, 0x05, 0x00, 0x80, 0x80, 0x40, 0x00, 0x00, 0x00, 0x00, 0x00, 0x00, 0x00, 0x00,
  0x00, 0x00, 0x00, 0x04, 0x05, 0x02, 0x00, 0x80, 0x40, 0x00, 0x00, 0x00, 0x00, 0x00, 0x00, 0x00,
  0x00, 0x00, 0x00, 0x00, 0x01, 0x01, 0x01, 0x00, 0x40, 0x10, 0x00, 0x00, 0x00, 0x00, 0x00, 0x00,
  0x00, 0x00, 0x00, 0x00, 0x00, 0x04, 0x01, 0x00, 0x40, 0x40, 0x40, 0x00, 0x00, 0x00, 0x00, 0x00,
  0x00, 0x00, 0x00, 0x00, 0x00, 0x00, 0x02, 0x02, 0x81, 0x41, 0x10, 0x88, 0x00, 0x00, 0x00, 0x00,
  0x00, 0x00, 0x00, 0x00, 0x00, 0x00, 0x00, 0x08, 0x84, 0x41, 0x40, 0xA0, 0x20, 0x00, 0x00, 0x00,
  0x00, 0x00, 0x00, 0x00, 0x00, 0x00, 0x00, 0x00, 0x02, 0x02, 0x82, 0x20, 0x00, 0x00, 0x00, 0x00,
  0x00, 0x00, 0x00, 0x00, 0x00, 0x00, 0x00, 0x00, 0x00, 0x08, 0x82, 0x80, 0x80, 0x00, 0x00, 0x00,
  0x00, 0x00, 0x00, 0x00, 0x00, 0x00, 0x00, 0x00, 0x00, 0x00, 0x02, 0x01, 0x00, 0x80, 0x00, 0x00,
  0x00, 0x00, 0x00, 0x00, 0x00, 0x00, 0x00, 0x00, 0x00, 0x00, 0x00, 0x0F, 0x80, 0x00, 0x00, 0x00,
  0x00, 0x00, 0x00, 0x00, 0x00, 0x00, 0x00, 0x00, 0x00, 0x00, 0x00, 0x02, 0x02, 0x02, 0x00, 0x00,
  0x00, 0x00, 0x00, 0x00, 0x00, 0x00, 0x00, 0x00, 0x00, 0x00, 0x00, 0x00, 0x08, 0x02, 0x00, 0x80,
  0x00, 0x00, 0x00, 0x00, 0x00, 0x00, 0x00, 0x00, 0x00, 0x00, 0x00, 0x00, 0x00, 0x00, 0x00, 0x00,
  0x00, 0x00, 0x00, 0x00, 0x00, 0x00, 0x00, 0x00, 0x01, 0x00, 0x80, 0x40, 0x00, 0x00, 0x00, 0x00,
  0x00, 0x00, 0x00, 0x00, 0x00, 0x00, 0x00, 0x00, 0x00, 0x00, 0x00, 0x01, 0xF0, 0x00, 0x00, 0x00,
  0x00, 0x00, 0x00, 0x00, 0x00, 0x00, 0x00, 0x00, 0x00, 0x00, 0x00, 0x01, 0x00, 0x40, 0x10, 0x00,
  0x00, 0x00, 0x00, 0x00, 0x00, 0x00, 0x00, 0x00, 0x00, 0x00, 0x00, 0x00, 0x00, 0x40, 0x40, 0x40,
  0x00, 0x00, 0x00, 0x00, 0x00, 0x00, 0xE0, 0x20, 0x00, 0x00, 0x00, 0x02, 0x03, 0x80, 0x00, 0x00,
  0x00, 0x00, 0x00, 0x00, 0x00, 0x00, 0x00, 0xE0, 0x20, 0x00, 0x00, 0x00, 0x00, 0x00, 0x00, 0x00,
  0x00, 0x00, 0x00, 0x00, 0x00, 0x00, 0x00, 0x00, 0x00, 0x00, 0x30, 0x04, 0x02, 0x06, 0x00, 0x00,
  0x00, 0x00, 0x00, 0x00, 0x00, 0x00, 0x00, 0x00, 0x00, 0x00, 0x00, 0x18, 0x10, 0x08, 0x03, 0x00,
  0x00, 0x00, 0x00, 0x00, 0x00, 0x00, 0x00, 0x00, 0x00, 0x00, 0x40, 0x20, 0x7C, 0x00, 0x00, 0x00,
  0x00, 0x00, 0x00, 0x00, 0x00, 0x00, 0x00, 0x00, 0x00, 0x00, 0x00, 0x00, 0x00, 0x7C, 0x08, 0x04,
  0x00, 0x00, 0x00, 0x00, 0x00, 0x00, 0x00, 0x00, 0x00, 0x00, 0x00, 0x00, 0x40, 0x20, 0x7C, 0x08,
  0x04, 0x00, 0x00, 0x00, 0x00, 0x00, 0x00, 0x00, 0x00, 0x00, 0x00, 0x00, 0x00, 0x00, 0x84, 0x7E,
  0x21, 0x00, 0x00, 0x00, 0x00, 0x00, 0x00, 0x00, 0x00, 0x11, 0x07, 0x00, 0x00, 0x00, 0x00, 0x00,
  0x00, 0x00, 0x00, 0x00, 0x00, 0x00, 0x00, 0x00, 0x00, 0x00, 0x04, 0x02, 0x00, 0x00, 0x00, 0x00,
  0x00, 0x00, 0x00, 0x00, 0x00, 0x00, 0x00, 0x00, 0x00, 0x00, 0x00, 0x0C, 0x09, 0x03, 0x00, 0x00,
  0x00, 0x00, 0x00, 0x00, 0x00, 0x00, 0x00, 0x00, 0x00, 0x00, 0x00, 0x00, 0x00, 0x00, 0x00, 0x00,
  0x00, 0x00, 0x00, 0x00, 0x00, 0x00, 0x00, 0x00, 0x01, 0x01, 0x00, 0x70, 0x00, 0x1C, 0x93, 0x80,
  0x00, 0x00, 0x00, 0x00, 0x00, 0x00, 0x00, 0x00, 0x00, 0x00, 0x00, 0x00, 0x00, 0x00, 0x08, 0x88,
  0x88, 0x80, 0x00, 0x00, 0x00, 0x00, 0x00, 0x00, 0x00, 0x00, 0x00, 0x00, 0x00, 0x00, 0x00, 0x00,
  0x00, 0x00, 0x00, 0x00, 0x80, 0xC8, 0xA4, 0x0C, 0x00, 0x00, 0x00, 0x00, 0x00, 0x00, 0x00, 0x00,
  0x0A, 0x02, 0x02, 0x80, 0x00, 0x00, 0x00, 0x00, 0x00, 0x00, 0x00, 0x00, 0x00, 0x00, 0x00, 0x00,
  0x00, 0x00, 0x00, 0x09, 0x04, 0x81, 0x80, 0xC0, 0x90, 0x30, 0x00, 0x00, 0x00, 0x00, 0x00, 0x00,
  0x00, 0x00, 0x00, 0x0C, 0x02, 0x01, 0x00, 0x80, 0x40, 0x70, 0x00, 0x00, 0x00, 0x00, 0x00, 0x00,
  0x00, 0x00, 0x00, 0x00, 0x00, 0x07, 0x04, 0x01, 0x80, 0x20, 0xE0, 0x00, 0x00, 0x00, 0x00, 0x00,
  0x00, 0x00, 0x00, 0x00, 0x00, 0x00, 0x09, 0x04, 0x81, 0x81, 0x20, 0x90, 0x00, 0x00, 0x00, 0x00,
  0x00, 0x00, 0x00, 0x00, 0x00, 0x1C, 0x11, 0x08, 0x03, 0x00, 0x80, 0x40, 0x20, 0x00, 0x00, 0x00,
  0x00, 0x00, 0x00, 0x00, 0x00, 0x00, 0x1E, 0x01, 0x00, 0x80, 0x40, 0x20, 0x10, 0x08, 0x04, 0x02,
  0x01, 0x00, 0x80, 0x40, 0x20, 0x00, 0x00, 0x02, 0x01, 0x00, 0x83, 0xC0, 0x20, 0x10, 0x08, 0x04,
  0x02, 0x01, 0x00, 0x80, 0x40, 0x20, 0x00, 0x00, 0x02, 0x01, 0x00, 0x80, 0x40, 0x20, 0x10, 0x78,
  0x04, 0x02, 0x01, 0x00, 0x80, 0x40, 0x20, 0x00, 0x00, 0x02, 0x01, 0x00, 0x80, 0x40, 0x20, 0x10,
  0x08, 0x04, 0x02, 0x0F, 0x00, 0x80, 0x40, 0x20, 0x00, 0x00, 0x02, 0x01, 0x00, 0x80, 0x40, 0x20,
  0x10, 0x08, 0x04, 0x02, 0x01, 0x00, 0x80, 0x41, 0xE0, 0x00, 0x00, 0x00, 0x00, 0x00, 0x00, 0x00,
  0x00, 0x00, 0x00, 0x00, 0x00, 0x0F, 0x00, 0x80, 0x40, 0x20, 0x00, 0x00, 0x00, 0x00, 0x00, 0x00,
  0x00, 0x00, 0x00, 0x20, 0x10, 0x08, 0x07, 0x82, 0x01, 0x00, 0x80, 0x00, 0x00, 0x00, 0x00, 0x00,
  0x00, 0x00, 0x00, 0x00, 0x00, 0x00, 0x00, 0x00, 0x04, 0x41, 0x40, 0x40, 0x00, 0x00, 0x00, 0x00,
  0x00, 0x00, 0x00, 0x00, 0xF0, 0x00, 0x3C, 0x00, 0x00, 0x00, 0x00, 0x00, 0x00, 0x00, 0x00, 0x00,
  0x0D, 0x86, 0xC1, 0x21, 0x20, 0x00, 0x00, 0x00, 0x00, 0x00, 0x00, 0x00, 0x00, 0x00, 0x00, 0x20,
  0x08, 0x02, 0x00, 0x00, 0x00, 0x00, 0x00, 0x00, 0x00, 0x00, 0x00, 0x00, 0x00, 0x00, 0x00, 0x00,
  0x02, 0x02, 0x02, 0x00, 0x00, 0x00, 0x00, 0x00, 0x00, 0x00, 0x00, 0x00, 0x00, 0x00, 0x00, 0x00,
  0x00, 0x08, 0x0A, 0x08, 0x80, 0x00, 0x00, 0x00, 0x00, 0x00, 0x00, 0x00, 0x00, 0x00, 0x00, 0x00,
  0x00, 0x00, 0x00, 0x1C, 0x93, 0x80, 0x00, 0x00, 0x00, 0x00, 0x00, 0x00, 0x00, 0x00, 0x00, 0x00,
  0x00, 0x00, 0x00, 0x00, 0x00, 0x1F, 0x80, 0x00, 0x00, 0x00, 0x00, 0x00, 0x00, 0x00, 0x00, 0x00,
  0x00, 0x00, 0x00, 0x00, 0x00, 0x7F, 0xC0, 0x00, 0x00, 0x00, 0x00, 0x00, 0x00, 0x00, 0x00, 0x00,
  0x00, 0x00, 0x00, 0x00, 0x00, 0x00, 0x11, 0x07, 0x00, 0x00, 0x00, 0x00, 0x00, 0x00, 0x00, 0x00,
  0x00, 0x00, 0x00, 0x00, 0x00, 0x00, 0x00, 0x04, 0x02, 0x00, 0x00, 0x00, 0x00, 0x00, 0x00, 0x00,
  0x00, 0x00, 0x00, 0x00, 0x00, 0x00, 0x00, 0x00, 0x11, 0x08, 0x80, 0x00, 0x00, 0x00, 0x00, 0x00,
  0x00, 0x00, 0x00, 0x00, 0x00, 0x00, 0x00, 0x00, 0x00, 0x0C, 0x01, 0x01, 0x00, 0x00, 0x00, 0x00,
  0x00, 0x00, 0x00, 0x00, 0x00, 0x00, 0x00, 0x00, 0x00, 0x0C, 0x09, 0x03, 0x00, 0x00, 0x00, 0x00,
  0x00, 0x00, 0x00, 0x00, 0x00, 0x00, 0x00, 0x00, 0x00, 0x00, 0x00, 0x09, 0x09, 0x00, 0x00, 0x00,
  0x00, 0x00, 0x00, 0x00, 0x00, 0x00, 0x00, 0x00, 0x00, 0x00, 0x00, 0x22, 0x0A, 0x02, 0x00, 0x00,
  0x00, 0x00, 0x00, 0x00, 0x00, 0x00, 0x00, 0x00, 0x00, 0x00, 0x00, 0x00, 0x08, 0x04, 0x02, 0x00,
  0x00, 0x00, 0x00, 0x00, 0x00, 0x00, 0x00, 0x00, 0x00, 0x00, 0x00, 0x00, 0x00, 0x22, 0x11, 0x08,
  0x80, 0x00, 0x00, 0x00, 0x00, 0x00, 0x00, 0x00, 0x00, 0x00, 0x00, 0x00, 0x00, 0x00, 0x00, 0x12,
  0x04, 0x80, 0x00, 0x00, 0x00, 0x00, 0x00, 0x00, 0x00, 0x00, 0x00, 0x00, 0x00, 0x00, 0x00, 0x08,
  0x11, 0x07, 0x00, 0x00, 0x00, 0x00, 0x00, 0x00, 0x00, 0x00, 0x00, 0x00, 0x00, 0x00, 0x00, 0x00,
  0x00, 0x0E, 0x08, 0x80, 0x00, 0x00, 0x00, 0x00, 0x00, 0x00, 0x00, 0x00, 0x00, 0x00, 0x00, 0x00,
  0x00, 0x08, 0x08, 0x06, 0x03, 0x00, 0x00, 0x00, 0x00, 0x00, 0x00, 0x00, 0x00, 0x00, 0x00, 0x00,
  0x00, 0x00, 0x0C, 0x06, 0x01, 0x01, 0x00, 0x00, 0x00, 0x00, 0x00, 0x00, 0x00, 0x00, 0x00, 0x00,
  0x00, 0x00, 0x00, 0x0C, 0x06, 0x02, 0x00, 0x80, 0x00, 0x00, 0x00, 0x00, 0x00, 0x00, 0x00, 0x00,
  0x00, 0x00, 0x00, 0x00, 0x03, 0x01, 0x80, 0x40, 0x40, 0x00, 0x00, 0x00, 0x00, 0x00, 0x00, 0x00,
  0x00, 0x00, 0x00, 0x00, 0x00, 0x00, 0x00, 0x00, 0x00, 0x00, 0x00, 0x00, 0x00, 0x00, 0x00, 0x00,
  0x00, 0x00, 0x00, 0x00, 0x40, 0x10, 0x00, 0x00, 0x00, 0x00, 0x00, 0x00, 0x00, 0x00, 0x00, 0x00,
  0x00, 0x00, 0x00, 0x00, 0x00, 0x40, 0x40, 0x00, 0x00, 0x00, 0x00, 0x00, 0x00, 0x00, 0x00, 0x00,
  0x00, 0x00, 0x00, 0x00, 0x00, 0x20, 0xF0, 0x08, 0x00, 0x00, 0x00, 0x00, 0x00, 0x00, 0x00, 0x00,
  0x00, 0x00, 0x00, 0x00, 0x00, 0x02, 0x01, 0xE0, 0x80, 0x00, 0x01, 0xC0, 0x20, 0x10, 0x00, 0x00,
  0x00, 0x00, 0x00, 0x00, 0x00, 0x00, 0x00, 0x00, 0x00, 0x00, 0x00, 0x00, 0x00, 0x20, 0x10, 0x10,
  0x00, 0x00, 0x00, 0x00, 0x00, 0x00, 0x00, 0x00, 0x00, 0x00, 0x00, 0x00, 0x00, 0x00, 0x00, 0x00,
  0x00, 0x00, 0x00, 0x00, 0x00, 0x00, 0x00, 0x00, 0x00, 0x80, 0x80, 0x20, 0x00, 0x00, 0x00, 0x00,
  0x00, 0x00, 0x00, 0x00, 0x00, 0x00, 0x00, 0x00, 0x00, 0x00, 0x80, 0x40, 0x70, 0x00, 0x00, 0x00,
  0x00, 0x00, 0x00, 0x00, 0x00, 0x00, 0x00, 0x00, 0x00, 0x00, 0x01, 0xC0, 0x40, 0x20, 0x00, 0x00,
  0x00, 0x00, 0x00, 0x00, 0x00, 0x00, 0x00, 0x00, 0x00, 0x00, 0x00, 0x00, 0x80, 0xE0, 0x20, 0x00,
  0x00, 0x00, 0x00, 0x00, 0x00, 0x00, 0x00, 0x00, 0x00, 0x00, 0x00, 0x00, 0x00, 0x03, 0xF8, 0x00,
  0x00, 0x00, 0x00, 0x00, 0x00, 0x00, 0x00, 0x00, 0x00, 0x00, 0x00, 0x00, 0x00, 0x00, 0x10, 0x48,
  0x18, 0x00, 0x00, 0x00, 0x00, 0x00, 0x00, 0x00, 0x00, 0x00, 0x00, 0x00, 0x00, 0x00, 0x00, 0x10,
  0x08, 0x02, 0x00, 0x00, 0x00, 0x00, 0x00, 0x00, 0x00, 0x00, 0x00, 0x00, 0x00, 0x00, 0x00, 0x00,
  0x00, 0x40, 0x20, 0x00, 0x00, 0x00, 0x00, 0x00, 0x00, 0x00, 0x00, 0x00, 0x00, 0x00, 0x00, 0x00,
  0x00, 0x01, 0x10, 0x88, 0x00, 0x00, 0x00, 0x00, 0x00, 0x00, 0x00, 0x00, 0x00, 0x00, 0x00, 0x00,
  0x00, 0x00, 0xC0, 0x90, 0x30, 0x00, 0x00, 0x00, 0x00, 0x00, 0x00, 0x00, 0x00, 0x00, 0x00, 0x00,
  0x00, 0x00, 0x00, 0xC0, 0x20, 0x20, 0x00, 0x00, 0x00, 0x00, 0x00, 0x00, 0x00, 0x00, 0x00, 0x00,
  0x00, 0x00, 0x00, 0x00, 0xC1, 0x20, 0x60, 0x00, 0x00, 0x00, 0x00, 0x00, 0x00, 0x00, 0x00, 0x00,
  0x00, 0x00, 0x00, 0x00, 0x01, 0x00, 0xC0, 0x00, 0x00, 0x00, 0x00, 0x00, 0x00, 0x00, 0x00, 0x00,
  0x00, 0x00, 0x00, 0x00, 0x00, 0x00, 0x80, 0x40, 0x20, 0x00, 0x00, 0x00, 0x00, 0x00, 0x00, 0x00,
  0x00, 0x00, 0x00, 0x00, 0x00, 0x00, 0x00, 0x01, 0xF0, 0x88, 0x00, 0x00, 0x00, 0x00, 0x00, 0x00,
  0x00, 0x00, 0x00, 0x00, 0x00, 0x00, 0x00, 0x02, 0xA1, 0x50, 0x50, 0x00, 0x00, 0x00, 0x00, 0x00,
  0x00, 0x00, 0x00, 0x00, 0x00, 0x00, 0x00, 0x00, 0x02, 0x20, 0xA0, 0x20, 0x00, 0x00, 0x00, 0x00,
  0x00, 0x00, 0x00, 0x00, 0x00, 0x00, 0x00, 0x00, 0x00, 0x00, 0x80, 0xA0, 0x88, 0x00, 0x00, 0x00,
  0x00, 0x00, 0x00, 0x00, 0x00, 0x00, 0x00, 0x00, 0x00, 0x00, 0x00, 0x01, 0x10, 0x70, 0x00, 0x00,
  0x00, 0x00, 0x00, 0x00, 0x00, 0x00, 0x00, 0x00, 0x00, 0x00, 0x00, 0x00, 0x00, 0xE0, 0x88, 0x00,
  0x00, 0x00, 0x00, 0x00, 0x00, 0x00, 0x00, 0x00, 0x00, 0x00, 0x00, 0x00, 0x00, 0x01, 0xC9, 0x38,
  0x00, 0x00, 0x00, 0x00, 0x00, 0x00, 0x00, 0x00, 0x00, 0x00, 0x00, 0x00, 0x00, 0x00, 0x03, 0xF8,
  0x00, 0x00, 0x00, 0x00, 0x00, 0x00, 0x00, 0x00, 0x00, 0x00, 0x00, 0x00, 0x00, 0x00, 0x00, 0x07,
  0xFC, 0x00, 0x00, 0x00, 0x00, 0x00, 0x00, 0x00, 0x00, 0x00, 0x00, 0x00, 0x00, 0x00, 0x00, 0x0F,
  0xF8, 0x03, 0xFE, 0x00, 0x00, 0x00, 0x00, 0x00, 0x00, 0x00, 0x00, 0x34, 0x2C, 0x00, 0x00, 0x00,
  0x00, 0x00, 0x00, 0x00, 0x00, 0x00, 0x00, 0x00, 0x00, 0x00, 0x00, 0x00, 0x7C, 0x00, 0x00, 0x00,
  0x00, 0x00, 0x00, 0x00, 0x00, 0x00, 0x00, 0x00, 0x00, 0x00, 0x00, 0x00, 0x00, 0xFE, 0x00, 0x00,
  0x00, 0x00, 0x00, 0x00, 0x00, 0x00, 0x00, 0x00, 0x00, 0x00, 0x00, 0x10, 0x10, 0x10, 0x10, 0x10,
  0x10, 0x10, 0x00, 0x00, 0x00, 0x00, 0x00, 0x00, 0x00, 0x80, 0x40, 0x40, 0x20, 0x20, 0x10, 0x10,
  0x10, 0x08, 0x08, 0x04, 0x04, 0x02, 0x00, 0x00, 0x00, 0x00, 0x00, 0x00, 0x00, 0x00, 0x00, 0x00,
  0x00, 0x00, 0x00, 0x00, 0x00, 0x00, 0x80, 0x20, 0x20, 0x00, 0x00, 0x00, 0x00, 0x00, 0x00, 0x00,
  0x00, 0x00, 0x00, 0x00, 0x00, 0x00, 0x00, 0x01, 0x10, 0xF8, 0x00, 0x00, 0x00, 0x00, 0x00, 0x00,
  0x00, 0x00, 0x00, 0x00, 0x00, 0x00, 0x00, 0x01, 0xC0, 0xA0, 0x70, 0x00, 0x00, 0x00, 0x00, 0x00,
  0x00, 0x00, 0x00, 0x00, 0x00, 0x00, 0x00, 0x00, 0x00, 0x01, 0xB1, 0x24, 0x36, 0x04, 0x0D, 0x80,
  0x00, 0x00, 0x00, 0x00, 0x00, 0x00, 0x00, 0x00, 0x00, 0x00, 0x00, 0x00, 0x00, 0x08, 0x08, 0x02,
  0x02, 0x00, 0x00, 0x00, 0x00, 0x00, 0x00, 0x00, 0x00, 0x00, 0x00, 0x00, 0x00, 0x00, 0xFF, 0x80,
  0x3F, 0xE0, 0x00, 0x00, 0x00, 0x00, 0x00, 0x00, 0x00, 0x00, 0x00, 0x00, 0x00, 0x00, 0x00, 0x40,
  0x10, 0x00, 0x00, 0x00, 0x00, 0x00, 0x00, 0x00, 0x00, 0x00, 0x00, 0x00, 0x00, 0x00, 0x00, 0x00,
  0x01, 0x01, 0x00, 0x00, 0x00, 0x00, 0x00, 0x00, 0x00, 0x00, 0x00, 0x00, 0x00, 0x00, 0x00, 0x00,
  0x00, 0x00, 0x0D, 0x0B, 0x00, 0x00, 0x00, 0x00, 0x00, 0x00, 0x00, 0x00, 0x00, 0x00, 0x00, 0x00,
  0x00, 0x00, 0x00, 0x06, 0x01, 0x01, 0x00, 0x00, 0x00, 0x00, 0x00, 0x00, 0x00, 0x00, 0x00, 0x00,
  0x00, 0x00, 0x00, 0x00, 0x02, 0x12, 0x4A, 0x20, 0x00, 0x00, 0x00, 0x00, 0x00, 0x00, 0x00, 0x00,
  0x00, 0x00, 0x00, 0x00, 0x00, 0x00, 0x00, 0x00, 0x00, 0x00, 0x00, 0x00, 0x00, 0x00, 0x00, 0x00,
  0x00, 0x00, 0x00, 0x40, 0x30, 0x3E, 0x11, 0x00, 0x00, 0x00, 0x00, 0x00, 0x00, 0x00, 0x00, 0x00,
  0x00, 0x00, 0x00, 0x00, 0x00, 0x00, 0x00, 0x00, 0x00, 0x00, 0x00, 0x00, 0x00, 0x00, 0x00, 0x00,
  0x00, 0x00, 0x00, 0x03, 0xE0, 0x00, 0xF8, 0x00, 0x00, 0x00, 0x00, 0x00, 0x00, 0x00, 0x00, 0x00,
  0x00, 0x00, 0x00, 0x00, 0x01, 0x40, 0xA0, 0x50, 0x00, 0x00, 0x00, 0x00, 0x00, 0x00, 0x00, 0x00,
  0x00, 0x00, 0x00, 0x00, 0x00, 0x01, 0xC0, 0x20, 0x10, 0x04, 0x1C, 0x93, 0x82, 0x00, 0x00, 0x00,
  0x00, 0x00, 0x00, 0x00, 0x00, 0x00, 0x00, 0x00, 0x00, 0x00, 0x04, 0x38, 0xA3, 0x84, 0x00, 0x00,
  0x00, 0x00, 0x00, 0x00, 0x00, 0x00, 0x00, 0x00, 0x00, 0x00, 0x00, 0x39, 0x27, 0x00, 0x07, 0x24,
  0xE0, 0x00, 0x00, 0x00, 0x00, 0x00, 0x00, 0x00, 0x00, 0x00, 0x00, 0x00, 0x00, 0x00, 0x00, 0x00,
  0x00, 0x00, 0x00, 0x00, 0x00, 0x00, 0x00, 0x00, 0x00, 0x02, 0x23, 0xF8, 0x88, 0x00, 0x00, 0x00,
  0x00, 0x00, 0x00, 0x00, 0x00, 0x00, 0x00, 0x00, 0x00, 0x01, 0x01, 0xC0, 0x40, 0x20, 0x00, 0x00,
  0x00, 0x00, 0x00, 0x00, 0x00, 0x00, 0x00, 0x00, 0x00, 0x00, 0x00, 0x00, 0x00, 0x00, 0x00, 0x1C,
  0x93, 0x80, 0x00, 0x00, 0x00, 0x00, 0x00, 0x00, 0x00, 0x00, 0x00, 0x00, 0x00, 0x00, 0x00, 0x00,
  0x1F, 0x10, 0x40, 0x00, 0x00, 0x00, 0x00, 0x00, 0x00, 0x00, 0x00, 0x00, 0x00, 0x00, 0x00, 0x00,
  0x00, 0x00, 0x00, 0x00, 0x00, 0x00, 0x00, 0x00, 0x00, 0x00, 0x00, 0x00, 0x00, 0x00, 0x00, 0x10,
  0xFC, 0x04, 0x18, 0x02, 0x07, 0x04, 0x81, 0xC0, 0x00, 0x00, 0x00, 0x00, 0x00, 0x00, 0x00, 0x00,
  0x00, 0x00, 0x00, 0x18, 0x12, 0x0F, 0x04, 0x01, 0x80, 0x00, 0x00, 0x00, 0x00, 0x00, 0x00, 0x00,
  0x00, 0x00, 0x00, 0x00, 0x08, 0x00, 0x02, 0x01, 0x00, 0x00, 0x00, 0x00, 0x00, 0x00, 0x00, 0x00,
  0x00, 0x00, 0x00, 0x00, 0x00, 0x18, 0x12, 0x09, 0x03, 0x00, 0x00, 0x00, 0x00, 0x00, 0x00, 0x00,
  0x00, 0x00, 0x00, 0x00, 0x00, 0x00, 0x24, 0x12, 0x09, 0x03, 0x80, 0x00, 0x00, 0x00, 0x00, 0x00,
  0x00, 0x00, 0x00, 0x00, 0x00, 0x00, 0x00, 0x1C, 0x10, 0x08, 0x03, 0x80, 0x00, 0x00, 0x00, 0x00,
  0x00, 0x00, 0x00, 0x00, 0x00, 0x00, 0x00, 0x00, 0x04, 0x0E, 0x09, 0x03, 0x80, 0x00, 0x00, 0x00,
  0x00, 0x00, 0x00, 0x00, 0x00, 0x00, 0x00, 0x00, 0x00, 0x20, 0x1C, 0x09, 0x04, 0x80, 0x00, 0x00,
  0x00, 0x00, 0x00, 0x00, 0x00, 0x00, 0x00, 0x00, 0x00, 0x00, 0x34, 0x15, 0x0A, 0x85, 0x40, 0x00,
  0x00, 0x00, 0x00, 0x00, 0x00, 0x00, 0x00, 0x00, 0x00, 0x00, 0x00, 0x14, 0x0C, 0x04, 0x02, 0x00,
  0x00, 0x00, 0x00, 0x00, 0x00, 0x00, 0x00, 0x00, 0x00, 0x00, 0x00, 0x00, 0x10, 0x1C, 0x04, 0x01,
  0x80, 0x00, 0x00, 0x00, 0x00, 0x00, 0x00, 0x00, 0x00, 0x00, 0x00, 0x00, 0x00, 0x14, 0x0A, 0x02,
  0x01, 0x00, 0x00, 0x00, 0x00, 0x00, 0x00, 0x00, 0x00, 0x00, 0x00, 0x00, 0x00, 0x00, 0x14, 0x04,
  0x02, 0x02, 0x80, 0x00, 0x00, 0x00, 0x00, 0x00, 0x00, 0x00, 0x00, 0x00, 0x00, 0x00, 0x00, 0x00,
  0x02, 0x02, 0x02, 0x00, 0x00, 0x00, 0x00, 0x00, 0x00, 0x00, 0x00, 0x00, 0x00, 0x00, 0x00, 0x00,
  0x00, 0x00, 0x00, 0x00, 0x00, 0x00, 0x00, 0x00, 0x00, 0x00, 0x00, 0x00, 0x00, 0x00, 0x40, 0x40,
  0x40, 0x00, 0x00, 0x00, 0x00, 0x00, 0x00, 0x00, 0x00, 0x00, 0x00, 0x00, 0x00, 0x00, 0x00, 0x00,
  0x40, 0x30, 0x00, 0x00, 0x00, 0x00, 0x00, 0x00, 0x60, 0x30, 0x00, 0x00, 0x00, 0x03, 0x01, 0x80,
  0x40, 0x20, 0x20, 0x00, 0x02, 0x02, 0x02, 0x00, 0x00, 0x00, 0x00, 0x00, 0x00, 0x00, 0x00, 0x00,
  0x00, 0x00, 0x00, 0x00, 0x00, 0x02, 0x12, 0x4A, 0x20, 0x00, 0x00, 0x00, 0x00, 0x00, 0x00, 0x00,
  0x00, 0x00, 0x00, 0x00, 0x00, 0x00, 0x00, 0x09, 0x09, 0x49, 0x10, 0x88, 0x44, 0x22, 0x1F, 0x08,
  0x84, 0x42, 0x20, 0x00, 0x00, 0x00, 0x00, 0x00, 0x00, 0x00, 0x00, 0x00, 0xC0, 0x60, 0x00, 0x00,
  0x00, 0x00, 0x00, 0x00, 0x00, 0x00, 0x00, 0x00, 0x00, 0x0F, 0xCA, 0x09, 0x00, 0x80, 0x70, 0x20,
  0x10, 0x08, 0x04, 0x03, 0xE0, 0x00, 0x00, 0x00, 0x00, 0x00, 0x0C, 0x4A, 0x29, 0x10, 0x88, 0x7C,
  0x22, 0x11, 0x08, 0x84, 0x42, 0x20, 0x00, 0x00, 0x00, 0x00, 0x00, 0x0F, 0xC8, 0x88, 0x40, 0x20,
  0x10, 0x08, 0x04, 0x02, 0x01, 0x03, 0xE0, 0x00, 0x00, 0x00, 0x00, 0x00, 0x0B, 0x8A, 0x29, 0x10,
  0x88, 0x44, 0x22, 0x11, 0x08, 0x84, 0x41, 0xC0, 0x00, 0x00, 0x00, 0x00, 0x00, 0x0C, 0x4A, 0x28,
  0xA0, 0x50, 0x10, 0x08, 0x04, 0x02, 0x01, 0x00, 0x80, 0x00, 0x00, 0x00, 0x00, 0x00, 0x0B, 0x8A,
  0x29, 0x10, 0x88, 0x44, 0x22, 0x11, 0x05, 0x02, 0x83, 0x60, 0x00, 0x00, 0x00, 0x00, 0x02, 0x12,
  0x4A, 0x20, 0x00, 0x80, 0x40, 0x20, 0x10, 0x08, 0x04, 0x81, 0x80, 0x00, 0x00, 0x00, 0x00, 0x00,
  0x02, 0x02, 0x82, 0x22, 0x09, 0x04, 0x82, 0x7F, 0x20, 0x90, 0x48, 0x20, 0x00, 0x00, 0x00, 0x00,
  0x00, 0x1F, 0x88, 0x24, 0x12, 0x09, 0xF8, 0x82, 0x41, 0x20, 0x90, 0x4F, 0xC0, 0x00, 0x00, 0x00,
  0x00, 0x00, 0x1F, 0xC8, 0x04, 0x02, 0x01, 0x00, 0x80, 0x40, 0x20, 0x10, 0x08, 0x00, 0x00, 0x00,
  0x00, 0x00, 0x00, 0x02, 0x02, 0x81, 0x40, 0xA0, 0x88, 0x44, 0x22, 0x20, 0x90, 0x4F, 0xE0, 0x00,
  0x00, 0x00, 0x00, 0x00, 0x1F, 0xC8, 0x04, 0x02, 0x01, 0xF0, 0x80, 0x40, 0x20, 0x10, 0x0F, 0xE0,
  0x00, 0x00, 0x00, 0x00, 0x00, 0x1F, 0xC0, 0x20, 0x20, 0x20, 0x20, 0x20, 0x20, 0x20, 0x10, 0x0F,
  0xE0, 0x00, 0x00, 0x00, 0x00, 0x00, 0x10, 0x48, 0x24, 0x12, 0x09, 0xFC, 0x82, 0x41, 0x20, 0x90,
  0x48, 0x20, 0x00, 0x00, 0x00, 0x00, 0x00, 0x0F, 0x88, 0x24, 0x12, 0x09, 0xFC, 0x82, 0x41, 0x20,
  0x90, 0x47, 0xC0, 0x00, 0x00, 0x00, 0x00, 0x00, 0x0F, 0x81, 0x00, 0x80, 0x40, 0x20, 0x10, 0x08,
  0x04, 0x02, 0x07, 0xC0, 0x00, 0x00, 0x00, 0x00, 0x00, 0x10, 0x48, 0x44, 0x42, 0x41, 0xC0, 0xA0,
  0x48, 0x22, 0x10, 0x88, 0x20, 0x00, 0x00, 0x00, 0x00, 0x00, 0x02, 0x02, 0x81, 0x40, 0xA0, 0x88,
  0x44, 0x22, 0x20, 0x90, 0x48, 0x20, 0x00, 0x00, 0x00, 0x00, 0x00, 0x10, 0x48, 0x26, 0x32, 0xA9,
  0x54, 0x92, 0x49, 0x20, 0x90, 0x48, 0x20, 0x00, 0x00, 0x00, 0x00, 0x00, 0x10, 0x48, 0x26, 0x12,
  0x89, 0x24, 0x8A, 0x43, 0x20, 0x90, 0x48, 0x20, 0x00, 0x00, 0x00, 0x00, 0x00, 0x1F, 0xC0, 0x00,
  0x00, 0x00, 0xF8, 0x00, 0x00, 0x00, 0x00, 0x0F, 0xE0, 0x00, 0x00, 0x00, 0x00, 0x00, 0x0F, 0x88,
  0x24, 0x12, 0x09, 0x04, 0x82, 0x41, 0x20, 0x90, 0x47, 0xC0, 0x00, 0x00, 0x00, 0x00, 0x00, 0x1F,
  0xC4, 0x42, 0x21, 0x10, 0x88, 0x44, 0x22, 0x11, 0x08, 0x84, 0x40, 0x00, 0x00, 0x00, 0x00, 0x00,
  0x1F, 0x88, 0x24, 0x12, 0x09, 0xF8, 0x80, 0x40, 0x20, 0x10, 0x08, 0x00, 0x00, 0x00, 0x00, 0x00,
  0x00, 0x1F, 0xC8, 0x02, 0x00, 0x80, 0x20, 0x10, 0x10, 0x10, 0x10, 0x0F, 0xE0, 0x00, 0x00, 0x00,
  0x00, 0x00, 0x1F, 0xC1, 0x00, 0x80, 0x40, 0x20, 0x10, 0x08, 0x04, 0x02, 0x01, 0x00, 0x00, 0x00,
  0x00, 0x00, 0x00, 0x10, 0x48, 0x22, 0x20, 0xA0, 0x20, 0x10, 0x08, 0x04, 0x02, 0x01, 0x00, 0x00,
  0x00, 0x00, 0x00, 0x00, 0x02, 0x07, 0xC4, 0x92, 0x49, 0x24, 0x92, 0x49, 0x24, 0x8F, 0x81, 0x00,
  0x00, 0x00, 0x00, 0x00, 0x00, 0x10, 0x48, 0x22, 0x20, 0xA0, 0x20, 0x10, 0x14, 0x11, 0x10, 0x48,
  0x20, 0x00, 0x00, 0x00, 0x00, 0x00, 0x12, 0x49, 0x24, 0x92, 0x49, 0x24, 0x92, 0x3E, 0x04, 0x02,
  0x01, 0x00, 0x00, 0x00, 0x00, 0x00, 0x00, 0x0F, 0x88, 0x24, 0x12, 0x09, 0x04, 0x82, 0x41, 0x1B,
  0x05, 0x0E, 0xE0, 0x00, 0x00, 0x00, 0x00, 0x11, 0x08, 0x80, 0x03, 0xE0, 0x40, 0x20, 0x10, 0x08,
  0x04, 0x02, 0x07, 0xC0, 0x00, 0x00, 0x00, 0x00, 0x20, 0x90, 0x40, 0x04, 0x12, 0x08, 0x88, 0x28,
  0x08, 0x04, 0x02, 0x01, 0x00, 0x00, 0x00, 0x00, 0x00, 0x01, 0x01, 0x01, 0x00, 0x01, 0xE9, 0x0C,
  0x82, 0x41, 0x21, 0x91, 0x47, 0x20, 0x00, 0x00, 0x00, 0x00, 0x01, 0x01, 0x01, 0x00, 0x01, 0xF1,
  0x04, 0x80, 0x3C, 0x20, 0x10, 0x47, 0xC0, 0x00, 0x00, 0x00, 0x00, 0x01, 0x01, 0x01, 0x00, 0x02,
  0xF1, 0x84, 0x82, 0x41, 0x20, 0x90, 0x48, 0x20, 0x10, 0x08, 0x04, 0x00, 0x02, 0x02, 0x02, 0x00,
  0x00, 0x80, 0x40, 0x20, 0x10, 0x08, 0x04, 0x81, 0x80, 0x00, 0x00, 0x00, 0x00, 0x02, 0x12, 0x4A,
  0x20, 0x02, 0x09, 0x04, 0x82, 0x41, 0x20, 0x90, 0x47, 0xC0, 0x00, 0x00, 0x00, 0x00, 0x00, 0x00,
  0x00, 0x00, 0x01, 0xE9, 0x0C, 0x82, 0x41, 0x21, 0x91, 0x47, 0x20, 0x00, 0x00, 0x00, 0x00, 0x00,
  0x0E, 0x08, 0x84, 0x42, 0x21, 0xF8, 0x82, 0x41, 0x20, 0x98, 0x4B, 0xC4, 0x02, 0x01, 0x00, 0x00,
  0x00, 0x00, 0x00, 0x00, 0x02, 0x09, 0x04, 0x44, 0x22, 0x0A, 0x05, 0x01, 0x00, 0x80, 0x40, 0x20,
  0x00, 0x00, 0x0F, 0x88, 0x22, 0x01, 0xF1, 0x04, 0x82, 0x41, 0x20, 0x90, 0x47, 0xC0, 0x00, 0x00,
  0x00, 0x00, 0x00, 0x00, 0x00, 0x00, 0x01, 0xF1, 0x04, 0x80, 0x3C, 0x20, 0x10, 0x47, 0xC0, 0x00,
  0x00, 0x00, 0x00, 0x00, 0x1F, 0xC1, 0x01, 0x01, 0x01, 0x00, 0x80, 0x40, 0x20, 0x10, 0x07, 0xC0,
  0x10, 0x08, 0x18, 0x00, 0x00, 0x00, 0x00, 0x00, 0x02, 0xF1, 0x84, 0x82, 0x41, 0x20, 0x90, 0x48,
  0x20, 0x10, 0x08, 0x04, 0x00, 0x00, 0x0F, 0x08, 0x44, 0x22, 0x11, 0xF8, 0x84, 0x42, 0x21, 0x10,
  0x87, 0x80, 0x00, 0x00, 0x00, 0x00, 0x00, 0x00, 0x00, 0x00, 0x00, 0x80, 0x40, 0x20, 0x10, 0x08,
  0x04, 0x81, 0x80, 0x00, 0x00, 0x00, 0x00, 0x00, 0x00, 0x00, 0x00, 0x02, 0x11, 0x10, 0x90, 0x50,
  0x34, 0x11, 0x08, 0x40, 0x00, 0x00, 0x00, 0x00, 0x00, 0x0F, 0x08, 0x40, 0x21, 0xD1, 0x18, 0x84,
  0x42, 0x21, 0x10, 0x88, 0x40, 0x00, 0x00, 0x00, 0x00, 0x00, 0x00, 0x00, 0x00, 0x02, 0x09, 0x04,
  0x82, 0x41, 0x20, 0x98, 0xCB, 0xA4, 0x02, 0x01, 0x00, 0x00, 0x00, 0x00, 0x00, 0x00, 0x02, 0x09,
  0x04, 0x44, 0x22, 0x0A, 0x05, 0x01, 0x00, 0x00, 0x00, 0x00, 0x00, 0x00, 0x1F, 0xC2, 0x02, 0x01,
  0x00, 0x70, 0x40, 0x40, 0x20, 0x10, 0x07, 0xC0, 0x10, 0x08, 0x18, 0x00, 0x00, 0x00, 0x00, 0x00,
  0x01, 0xF1, 0x04, 0x82, 0x41, 0x20, 0x90, 0x47, 0xC0, 0x00, 0x00, 0x00, 0x00, 0x00, 0x00, 0x00,
  0x00, 0x03, 0xF8, 0x88, 0x44, 0x22, 0x11, 0x08, 0x84, 0x40, 0x00, 0x00, 0x00, 0x00, 0x00, 0x00,
  0x00, 0x00, 0x01, 0xF1, 0x04, 0x82, 0x41, 0x20, 0x98, 0x4B, 0xC4, 0x02, 0x01, 0x00, 0x00, 0x00,
  0x00, 0x00, 0x00, 0x01, 0xF1, 0x04, 0x80, 0x40, 0x20, 0x10, 0x07, 0xC0, 0x10, 0x08, 0x38, 0x00,
  0x00, 0x00, 0x00, 0x00, 0x01, 0xF9, 0x10, 0x84, 0x41, 0x20, 0x90, 0x47, 0xC0, 0x00, 0x00, 0x00,
  0x00, 0x00, 0x00, 0x00, 0x00, 0x03, 0xF8, 0x20, 0x10, 0x08, 0x04, 0x02, 0x40, 0xC0, 0x00, 0x00,
  0x00, 0x00, 0x00, 0x00, 0x00, 0x00, 0x02, 0x09, 0x04, 0x82, 0x41, 0x20, 0x90, 0x47, 0xC0, 0x00,
  0x00, 0x00, 0x00, 0x00, 0x00, 0x00, 0x00, 0x01, 0x31, 0x24, 0x92, 0x49, 0x24, 0x92, 0x47, 0xC0,
  0x80, 0x40, 0x20, 0x00, 0x00, 0x00, 0x00, 0x00, 0x02, 0x09, 0x04, 0x44, 0x14, 0x04, 0x02, 0x02,
  0x82, 0x22, 0x09, 0x04, 0x00, 0x00, 0x00, 0x00, 0x00, 0x02, 0x49, 0x24, 0x92, 0x49, 0x24, 0x92,
  0x47, 0xC0, 0x80, 0x40, 0x20, 0x00, 0x00, 0x00, 0x00, 0x00, 0x02, 0x09, 0x24, 0x92, 0x49, 0x24,
  0x92, 0x46, 0xC0, 0x00, 0x00, 0x00, 0x00, 0x00, 0x10, 0x48, 0x20, 0x00, 0x40, 0x20, 0x10, 0x08,
  0x04, 0x02, 0x40, 0xC0, 0x00, 0x00, 0x00, 0x00, 0x00, 0x10, 0x48, 0x20, 0x02, 0x09, 0x04, 0x82,
  0x41, 0x20, 0x90, 0x47, 0xC0, 0x00, 0x00, 0x00, 0x00, 0x01, 0x01, 0x01, 0x00, 0x01, 0xF1, 0x04,
  0x82, 0x41, 0x20, 0x90, 0x47, 0xC0, 0x00, 0x00, 0x00, 0x00, 0x01, 0x01, 0x01, 0x00, 0x02, 0x09,
  0x04, 0x82, 0x41, 0x20, 0x90, 0x47, 0xC0, 0x00, 0x00, 0x00, 0x00, 0x01, 0x01, 0x01, 0x00, 0x02,
  0x09, 0x24, 0x92, 0x49, 0x24, 0x92, 0x46, 0xC0, 0x00, 0x00, 0x00, 0x00, 0x00, 0x07, 0x04, 0x44,
  0x22, 0x21, 0x78, 0xC2, 0x41, 0x20, 0x88, 0x83, 0x80, 0x00, 0x00, 0x00, 0x00, 0x00, 0x07, 0x04,
  0x42, 0x20, 0xF8, 0x08, 0xC4, 0x22, 0x11, 0x08, 0x83, 0x80, 0x00, 0x00, 0x00, 0x00, 0x00, 0x08,
  0x8A, 0xA1, 0x40, 0xA0, 0x20, 0x10, 0x08, 0x04, 0x02, 0x01, 0x00, 0x00, 0x00, 0x00, 0x00, 0x00,
  0x12, 0x8A, 0xA8, 0x40, 0x20, 0x10, 0x08, 0x04, 0x02, 0x01, 0x00, 0x80, 0x00, 0x00, 0x00, 0x00,
  0x20, 0x90, 0x40, 0x02, 0x22, 0xA8, 0x50, 0x10, 0x08, 0x04, 0x02, 0x01, 0x00, 0x00, 0x00, 0x00,
  0x00, 0x00, 0x02, 0x01, 0x00, 0x81, 0xF1, 0x24, 0x92, 0x49, 0x24, 0x92, 0x47, 0xC0, 0x80, 0x40,
  0x20, 0x00, 0x00, 0x00, 0x00, 0x00, 0x03, 0xF8, 0x88, 0x92, 0x49, 0x24, 0x92, 0x46, 0xC0, 0x00,
  0x00, 0x00, 0x00, 0x10, 0x04, 0x01, 0x00, 0x03, 0x08, 0x48, 0x28, 0x18, 0x0A, 0x09, 0x48, 0x60,
  0x10, 0x10, 0xF0, 0x00, 0x00, 0x0F, 0x88, 0x24, 0x12, 0x09, 0x04, 0x82, 0x41, 0x20, 0x90, 0x47,
  0xC0, 0x80, 0x40, 0x20, 0x00, 0x00, 0x00, 0x00, 0x00, 0x01, 0xF1, 0x04, 0x82, 0x41, 0x20, 0x90,
  0x47, 0xC0, 0x80, 0x40, 0x20, 0x00, 0x00, 0x07, 0x84, 0x24, 0x02, 0x01, 0x00, 0x80, 0x40, 0x20,
  0x0F, 0x80, 0x20, 0x10, 0x30, 0x00, 0x00, 0x00, 0x00, 0x00, 0x00, 0x11, 0xF1, 0x00, 0x80, 0x40,
  0x20, 0x10, 0x07, 0xC0, 0x10, 0x08, 0x18, 0x00, 0x00, 0x1F, 0xC8, 0x04, 0x02, 0x01, 0xF0, 0x80,
  0x40, 0x20, 0x10, 0x08, 0x00, 0x00, 0x00, 0x00, 0x00, 0x00, 0x00, 0x00, 0x00, 0x01, 0xF0, 0x80,
  0x40, 0x20, 0x1E, 0x08, 0x04, 0x02, 0x01, 0x00, 0x80, 0x00, 0x00, 0x20, 0x08, 0x04, 0x22, 0x31,
  0x28, 0xA4, 0x62, 0x21, 0x00, 0x80, 0x20, 0x00, 0x00, 0x00, 0x00, 0x00, 0x04, 0x02, 0x02, 0x01,
  0x00, 0x80, 0x80, 0x7E, 0x01, 0x01, 0x00, 0x80, 0x40, 0x40, 0x20, 0x00, 0x00, 0x02, 0x02, 0x81,
  0x40, 0xA0, 0x88, 0x4C, 0x26, 0x24, 0x92, 0x49, 0x20, 0x00, 0x00, 0x00, 0x00, 0x00, 0x18, 0x03,
  0x00, 0x40, 0x20, 0x28, 0x24, 0x25, 0x04, 0x84, 0x40, 0x20, 0x10, 0x08, 0x04, 0x00, 0x00, 0x12,
  0x49, 0x24, 0x92, 0x49, 0x24, 0x92, 0x49, 0x1B, 0x80, 0x47, 0xC0, 0x00, 0x00, 0x00, 0x00, 0x00,
  0x00, 0x00, 0x00, 0x02, 0x49, 0x24, 0x92, 0x49, 0x24, 0x92, 0x46, 0xE0, 0x11, 0xF0, 0x00, 0x00,
  0x00, 0x0C, 0x49, 0x24, 0x12, 0x09, 0x04, 0x82, 0x3F, 0x00, 0x80, 0x40, 0x20, 0x00, 0x00, 0x00,
  0x00, 0x00, 0x05, 0x04, 0x82, 0x41, 0x20, 0x90, 0x38, 0x04, 0x02, 0x01, 0x00, 0x80, 0x00, 0x00,
  0x00, 0x00, 0x00, 0x1C, 0x04, 0x02, 0x01, 0x00, 0xF0, 0x44, 0x21, 0x10, 0x88, 0x4E, 0x20, 0x20,
  0xE0, 0x00, 0x00, 0x00, 0x00, 0x00, 0x01, 0x00, 0x80, 0xF8, 0xA2, 0x21, 0x00, 0x90, 0x47, 0xC0,
  0x00, 0x00, 0x00, 0x00, 0x00, 0x0F, 0x88, 0x24, 0x11, 0x08, 0x08, 0x38, 0x20, 0x20, 0x90, 0x47,
  0xC0, 0x00, 0x00, 0x00, 0x00, 0x00, 0x0F, 0x08, 0x44, 0x22, 0x10, 0x90, 0x30, 0x30, 0x20, 0x10,
  0x07, 0xC0, 0x00, 0x00, 0x00, 0x00, 0x00, 0x18, 0xC2, 0x80, 0x80, 0x40, 0x50, 0x28, 0x22, 0x11,
  0x10, 0x4F, 0xE0, 0x00, 0x00, 0x00, 0x00, 0x00, 0x00, 0x00, 0x06, 0x30, 0xA0, 0x20, 0x10, 0x14,
  0x0A, 0x08, 0x87, 0xC0, 0x00, 0x00, 0x00, 0x00, 0x00, 0x0F, 0x88, 0x05, 0xE3, 0x09, 0x04, 0x82,
  0x41, 0x20, 0x88, 0x43, 0xC0, 0x00, 0x00, 0x00, 0x00, 0x00, 0x00, 0x00, 0x00, 0x01, 0xF9, 0x00,
  0xBC, 0x41, 0x20, 0x90, 0x47, 0xC0, 0x00, 0x00, 0x00, 0x00, 0x00, 0x07, 0x01, 0x07, 0xF2, 0x48,
  0x20, 0x10, 0x08, 0x04, 0x02, 0x01, 0x00, 0x00, 0x00, 0x00, 0x00, 0x00, 0x00, 0x00, 0x00, 0x80,
  0x49, 0xFC, 0x90, 0x08, 0x04, 0x02, 0x01, 0x00, 0x00, 0x00, 0x00, 0x00, 0x00, 0x00, 0x00, 0x00,
  0x03, 0x08, 0x48, 0x28, 0x18, 0x0A, 0x09, 0x08, 0x60, 0x00, 0x00, 0x00, 0x00, 0x00, 0x00, 0x00,
  0x00, 0x01, 0xF1, 0x04, 0x82, 0x41, 0x20, 0x98, 0x4B, 0xC4, 0x01, 0x00, 0x78, 0x00, 0x00, 0x00,
  0x00, 0x00, 0x01, 0xF1, 0x04, 0x80, 0x40, 0x20, 0x10, 0x47, 0xC0, 0x00, 0x00, 0x00, 0x00, 0x00,
  0x01, 0x80, 0x00, 0x00, 0x70, 0x08, 0x04, 0x02, 0x01, 0x00, 0x88, 0x44, 0x22, 0x10, 0xF0, 0x00,
  0x00, 0x0F, 0x88, 0x24, 0x12, 0x09, 0xFC, 0x82, 0x41, 0x20, 0x90, 0x47, 0xC0, 0x00, 0x00, 0x00,
  0x00, 0x00, 0x00, 0x00, 0x00, 0x01, 0xF1, 0x00, 0x80, 0x7C, 0x20, 0x10, 0x07, 0xC0, 0x00, 0x00,
  0x00, 0x00, 0x00, 0x00, 0x00, 0x00, 0x03, 0xE0, 0x08, 0x04, 0x3E, 0x01, 0x00, 0x8F, 0x80, 0x00,
  0x00, 0x00, 0x10, 0x04, 0x01, 0x00, 0x07, 0xF2, 0x01, 0x00, 0xF8, 0x40, 0x20, 0x10, 0x0F, 0xE0,
  0x00, 0x00, 0x00, 0x00, 0x11, 0x08, 0x80, 0x07, 0xF2, 0x01, 0x00, 0xF8, 0x40, 0x20, 0x10, 0x0F,
  0xE0, 0x00, 0x00, 0x00, 0x00, 0x00, 0x1F, 0x82, 0x01, 0x00, 0x80, 0x78, 0x22, 0x11, 0x08, 0x84,
  0x42, 0x20, 0x10, 0x30, 0x00, 0x02, 0x02, 0x02, 0x00, 0x07, 0xF2, 0x01, 0x00, 0x80, 0x40, 0x20,
  0x10, 0x08, 0x00, 0x00, 0x00, 0x00, 0x00, 0x00, 0x00, 0x03, 0xC2, 0x12, 0x01, 0x00, 0xF0, 0x40,
  0x20, 0x08, 0x43, 0xC0, 0x00, 0x00, 0x00, 0x00, 0x00, 0x0F, 0x88, 0x24, 0x12, 0x00, 0xE0, 0x0C,
  0x01, 0x20, 0x90, 0x47, 0xC0, 0x00, 0x00, 0x00, 0x00, 0x00, 0x0F, 0x81, 0x00, 0x80, 0x40, 0x20,
  0x10, 0x08, 0x04, 0x02, 0x07, 0xC0, 0x00, 0x00, 0x00, 0x00, 0x11, 0x08, 0x80, 0x03, 0xE0, 0x40,
  0x20, 0x10, 0x08, 0x04, 0x02, 0x07, 0xC0, 0x00, 0x00, 0x00, 0x00, 0x00, 0x03, 0xC0, 0x40, 0x20,
  0x10, 0x08, 0x04, 0x02, 0x01, 0x10, 0x87, 0x80, 0x00, 0x00, 0x00, 0x00, 0x00, 0x3E, 0x09, 0x04,
  0x82, 0x41, 0x39, 0x12, 0x89, 0x44, 0xA2, 0x51, 0xC0, 0x00, 0x00, 0x00, 0x00, 0x00, 0x22, 0x11,
  0x08, 0x84, 0x43, 0xF9, 0x12, 0x89, 0x44, 0xA2, 0x51, 0xC0, 0x00, 0x00, 0x00, 0x00, 0x00, 0x1F,
  0x82, 0x01, 0x00, 0x80, 0x78, 0x22, 0x11, 0x08, 0x84, 0x42, 0x20, 0x00, 0x00, 0x00, 0x04, 0x04,
  0x04, 0x00, 0x04, 0x22, 0x21, 0x20, 0xE0, 0x50, 0x24, 0x11, 0x08, 0x40, 0x00, 0x00, 0x00, 0x00,
  0x10, 0x04, 0x01, 0x04, 0x12, 0x19, 0x14, 0x92, 0x51, 0x30, 0x90, 0x48, 0x20, 0x00, 0x00, 0x00,
  0x00, 0x11, 0x07, 0x00, 0x04, 0x12, 0x09, 0x04, 0x86, 0x3D, 0x00, 0x90, 0x47, 0xC0, 0x00, 0x00,
  0x00, 0x00, 0x00, 0x10, 0x48, 0x24, 0x12, 0x09, 0x04, 0x82, 0x41, 0x20, 0x90, 0x4F, 0xE0, 0x80,
  0x40, 0x00, 0x00, 0x00, 0x02, 0x02, 0x82, 0x22, 0x09, 0x04, 0x82, 0x7F, 0x20, 0x90, 0x48, 0x20,
  0x00, 0x00, 0x00, 0x00, 0x00, 0x1F, 0x88, 0x04, 0x02, 0x01, 0xF8, 0x82, 0x41, 0x20, 0x90, 0x4F,
  0xC0, 0x00, 0x00, 0x00, 0x00, 0x00, 0x1F, 0x08, 0x44, 0x12, 0x11, 0xF0, 0x84, 0x41, 0x20, 0x90,
  0x8F, 0x80, 0x00, 0x00, 0x00, 0x00, 0x00, 0x1F, 0xC8, 0x04, 0x02, 0x01, 0x00, 0x80, 0x40, 0x20,
  0x10, 0x08, 0x00, 0x00, 0x00, 0x00, 0x00, 0x00, 0x07, 0x82, 0x41, 0x20, 0x90, 0x48, 0x44, 0x22,
  0x11, 0x08, 0x8F, 0xE4, 0x10, 0x00, 0x00, 0x00, 0x00, 0x1F, 0xC8, 0x04, 0x02, 0x01, 0xF0, 0x80,
  0x40, 0x20, 0x10, 0x0F, 0xE0, 0x00, 0x00, 0x00, 0x00, 0x00, 0x12, 0x49, 0x22, 0xA1, 0x50, 0x70,
  0x54, 0x2A, 0x24, 0x92, 0x49, 0x20, 0x00, 0x00, 0x00, 0x00, 0x00, 0x0F, 0x88, 0x20, 0x10, 0x08,
  0x38, 0x02, 0x01, 0x00, 0x90, 0x47, 0xC0, 0x00, 0x00, 0x00, 0x00, 0x00, 0x10, 0x48, 0x24, 0x32,
  0x29, 0x24, 0xA2, 0x61, 0x20, 0x90, 0x48, 0x20, 0x00, 0x00, 0x00, 0x00, 0x11, 0x07, 0x00, 0x04,
  0x12, 0x19, 0x14, 0x92, 0x51, 0x30, 0x90, 0x48, 0x20, 0x00, 0x00, 0x00, 0x00, 0x00, 0x10, 0x48,
  0x44, 0x42, 0x41, 0xC0, 0xA0, 0x48, 0x22, 0x10, 0x88, 0x20, 0x00, 0x00, 0x00, 0x00, 0x00, 0x0F,
  0xC4, 0x22, 0x11, 0x08, 0x84, 0x42, 0x21, 0x10, 0x88, 0x48, 0x20, 0x00, 0x00, 0x00, 0x00, 0x00,
  0x10, 0x48, 0x26, 0x32, 0xA9, 0x54, 0x92, 0x49, 0x20, 0x90, 0x48, 0x20, 0x00, 0x00, 0x00, 0x00,
  0x00, 0x10, 0x48, 0x24, 0x12, 0x09, 0xFC, 0x82, 0x41, 0x20, 0x90, 0x48, 0x20, 0x00, 0x00, 0x00,
  0x00, 0x00, 0x0F, 0x88, 0x24, 0x12, 0x09, 0x04, 0x82, 0x41, 0x20, 0x90, 0x47, 0xC0, 0x00, 0x00,
  0x00, 0x00, 0x00, 0x1F, 0xC8, 0x24, 0x12, 0x09, 0x04, 0x82, 0x41, 0x20, 0x90, 0x48, 0x20, 0x00,
  0x00, 0x00, 0x00, 0x00, 0x1F, 0x88, 0x24, 0x12, 0x09, 0xF8, 0x80, 0x40, 0x20, 0x10, 0x08, 0x00,
  0x00, 0x00, 0x00, 0x00, 0x00, 0x0F, 0x88, 0x24, 0x02, 0x01, 0x00, 0x80, 0x40, 0x20, 0x10, 0x47,
  0xC0, 0x00, 0x00, 0x00, 0x00, 0x00, 0x1F, 0xC1, 0x00, 0x80, 0x40, 0x20, 0x10, 0x08, 0x04, 0x02,
  0x01, 0x00, 0x00, 0x00, 0x00, 0x00, 0x00, 0x10, 0x48, 0x24, 0x12, 0x09, 0x04, 0x86, 0x3D, 0x00,
  0x90, 0x47, 0xC0, 0x00, 0x00, 0x00, 0x00, 0x00, 0x02, 0x07, 0xC4, 0x92, 0x49, 0x24, 0x92, 0x49,
  0x24, 0x8F, 0x81, 0x00, 0x00, 0x00, 0x00, 0x00, 0x00, 0x10, 0x48, 0x22, 0x20, 0xA0, 0x20, 0x10,
  0x14, 0x11, 0x10, 0x48, 0x20, 0x00, 0x00, 0x00, 0x00, 0x00, 0x10, 0x88, 0x44, 0x22, 0x11, 0x08,
  0x84, 0x42, 0x21, 0x10, 0x8F, 0xE0, 0x10, 0x08, 0x00, 0x00, 0x00, 0x10, 0x48, 0x24, 0x12, 0x09,
  0x04, 0x7E, 0x01, 0x00, 0x80, 0x40, 0x20, 0x00, 0x00, 0x00, 0x00, 0x00, 0x12, 0x49, 0x24, 0x92,
  0x49, 0x24, 0x92, 0x49, 0x24, 0x92, 0x4F, 0xE0, 0x00, 0x00, 0x00, 0x00, 0x00, 0x12, 0x49, 0x24,
  0x92, 0x49, 0x24, 0x92, 0x49, 0x24, 0x92, 0x4F, 0xE0, 0x10, 0x08, 0x00, 0x00, 0x00, 0x1C, 0x02,
  0x01, 0x00, 0x80, 0x78, 0x22, 0x11, 0x08, 0x84, 0x43, 0xC0, 0x00, 0x00, 0x00, 0x00, 0x00, 0x10,
  0x48, 0x24, 0x12, 0x09, 0xE4, 0x8A, 0x45, 0x22, 0x91, 0x4F, 0x20, 0x00, 0x00, 0x00, 0x00, 0x00,
  0x10, 0x08, 0x04, 0x02, 0x01, 0xF8, 0x82, 0x41, 0x20, 0x90, 0x4F, 0xC0, 0x00, 0x00, 0x00, 0x00,
  0x00, 0x00, 0x07, 0x84, 0x20, 0x08, 0x04, 0x1E, 0x01, 0x00, 0x90, 0x87, 0x80, 0x00, 0x00, 0x00,
  0x00, 0x00, 0x13, 0x8A, 0x25, 0x12, 0x89, 0xC4, 0xA2, 0x51, 0x28, 0x94, 0x49, 0xC0, 0x00, 0x00,
  0x00, 0x00, 0x00, 0x0F, 0xC8, 0x24, 0x12, 0x08, 0xFC, 0x12, 0x11, 0x10, 0x90, 0x48, 0x20, 0x00,
  0x00, 0x00, 0x00, 0x00, 0x00, 0x00, 0x00, 0x01, 0xF0, 0x04, 0x02, 0x3F, 0x20, 0x90, 0xC7, 0xA0,
  0x00, 0x00, 0x00, 0x00, 0x00, 0x00, 0x47, 0xC4, 0x02, 0xF1, 0x84, 0x82, 0x41, 0x20, 0x90, 0x47,
  0xC0, 0x00, 0x00, 0x00, 0x00, 0x00, 0x00, 0x00, 0x00, 0x03, 0xF1, 0x04, 0x82, 0x7E, 0x20, 0x90,
  0x4F, 0xC0, 0x00, 0x00, 0x00, 0x00, 0x00, 0x00, 0x00, 0x00, 0x03, 0xF9, 0x00, 0x80, 0x40, 0x20,
  0x10, 0x08, 0x00, 0x00, 0x00, 0x00, 0x00, 0x00, 0x00, 0x00, 0x00, 0x00, 0xF0, 0x48, 0x24, 0x12,
  0x11, 0x08, 0x8F, 0xE4, 0x10, 0x00, 0x00, 0x00, 0x00, 0x00, 0x00, 0x00, 0x01, 0xF1, 0x04, 0x82,
  0x7F, 0x20, 0x10, 0x07, 0xC0, 0x00, 0x00, 0x00, 0x00, 0x00, 0x00, 0x00, 0x00, 0x02, 0x49, 0x24,
  0x54, 0x1C, 0x15, 0x12, 0x49, 0x20, 0x00, 0x00, 0x00, 0x00, 0x00, 0x00, 0x00, 0x00, 0x01, 0xF1,
  0x04, 0x02, 0x0E, 0x00, 0x90, 0x47, 0xC0, 0x00, 0x00, 0x00, 0x00, 0x00, 0x00, 0x00, 0x00, 0x02,
  0x09, 0x0C, 0x8A, 0x49, 0x28, 0x98, 0x48, 0x20, 0x00, 0x00, 0x00, 0x00, 0x00, 0x08, 0x83, 0x80,
  0x02, 0x09, 0x0C, 0x8A, 0x49, 0x28, 0x98, 0x48, 0x20, 0x00, 0x00, 0x00, 0x00, 0x00, 0x00, 0x00,
  0x00, 0x02, 0x09, 0x08, 0x88, 0x78, 0x22, 0x10, 0x88, 0x20, 0x00, 0x00, 0x00, 0x00, 0x00, 0x00,
  0x00, 0x00, 0x00, 0xF8, 0x44, 0x22, 0x11, 0x08, 0x84, 0x4C, 0x20, 0x00, 0x00, 0x00, 0x00, 0x00,
  0x00, 0x00, 0x00, 0x02, 0x09, 0x8C, 0xAA, 0x49, 0x20, 0x90, 0x48, 0x20, 0x00, 0x00, 0x00, 0x00,
  0x00, 0x00, 0x00, 0x00, 0x02, 0x09, 0x04, 0x82, 0x7F, 0x20, 0x90, 0x48, 0x20, 0x00, 0x00, 0x00,
  0x00, 0x00, 0x00, 0x00, 0x00, 0x01, 0xF1, 0x04, 0x82, 0x41, 0x20, 0x90, 0x47, 0xC0, 0x00, 0x00,
  0x00, 0x00, 0x00, 0x00, 0x00, 0x00, 0x03, 0xF9, 0x04, 0x82, 0x41, 0x20, 0x90, 0x48, 0x20, 0x00,
  0x00, 0x00, 0x00, 0x00, 0x00, 0x00, 0x00, 0x02, 0xF1, 0x84, 0x82, 0x41, 0x20, 0x98, 0x4B, 0xC4,
  0x02, 0x01, 0x00, 0x00, 0x00, 0x00, 0x00, 0x00, 0x01, 0xF1, 0x04, 0x80, 0x40, 0x20, 0x10, 0x47,
  0xC0, 0x00, 0x00, 0x00, 0x00, 0x00, 0x00, 0x00, 0x00, 0x03, 0xF8, 0x20, 0x10, 0x08, 0x04, 0x02,
  0x01, 0x00, 0x00, 0x00, 0x00, 0x00, 0x00, 0x00, 0x00, 0x00, 0x02, 0x09, 0x04, 0x82, 0x41, 0x20,
  0x90, 0xC7, 0xA0, 0x12, 0x08, 0xF8, 0x00, 0x00, 0x02, 0x01, 0x00, 0x81, 0xF1, 0x24, 0x92, 0x49,
  0x24, 0x92, 0x47, 0xC0, 0x80, 0x40, 0x20, 0x00, 0x00, 0x00, 0x00, 0x00, 0x02, 0x08, 0x88, 0x28,
  0x08, 0x0A, 0x08, 0x88, 0x20, 0x00, 0x00, 0x00, 0x00, 0x00, 0x00, 0x00, 0x00, 0x02, 0x11, 0x08,
  0x84, 0x42, 0x21, 0x10, 0x8F, 0xE0, 0x10, 0x08, 0x00, 0x00, 0x00, 0x00, 0x00, 0x00, 0x02, 0x09,
  0x04, 0x82, 0x3F, 0x00, 0x80, 0x40, 0x20, 0x00, 0x00, 0x00, 0x00, 0x00, 0x00, 0x00, 0x00, 0x02,
  0x49, 0x24, 0x92, 0x49, 0x24, 0x92, 0x4F, 0xE0, 0x00, 0x00, 0x00, 0x00, 0x00, 0x00, 0x00, 0x00,
  0x02, 0x49, 0x24, 0x92, 0x49, 0x24, 0x92, 0x4F, 0xE0, 0x10, 0x08, 0x00, 0x00, 0x00, 0x00, 0x00,
  0x00, 0x03, 0x80, 0x40, 0x20, 0x1E, 0x08, 0x84, 0x43, 0xC0, 0x00, 0x00, 0x00, 0x00, 0x00, 0x00,
  0x00, 0x00, 0x02, 0x09, 0x04, 0x82, 0x79, 0x22, 0x91, 0x4F, 0x20, 0x00, 0x00, 0x00, 0x00, 0x00,
  0x00, 0x00, 0x00, 0x02, 0x01, 0x00, 0x80, 0x7E, 0x20, 0x90, 0x4F, 0xC0, 0x00, 0x00, 0x00, 0x00,
  0x00, 0x00, 0x00, 0x00, 0x01, 0xF1, 0x04, 0x02, 0x0F, 0x00, 0x90, 0x47, 0xC0, 0x00, 0x00, 0x00,
  0x00, 0x00, 0x00, 0x00, 0x00, 0x02, 0x71, 0x44, 0xA2, 0x71, 0x28, 0x94, 0x49, 0xC0, 0x00, 0x00,
  0x00, 0x00, 0x00, 0x00, 0x00, 0x00, 0x01, 0xF9, 0x04, 0x82, 0x3F, 0x08, 0x88, 0x48, 0x20, 0x00,
  0x00, 0x00, 0x00, 0x10, 0x04, 0x01, 0x00, 0x01, 0xF1, 0x04, 0x82, 0x7F, 0x20, 0x10, 0x07, 0xC0,
  0x00, 0x00, 0x00, 0x00, 0x00, 0x08, 0x84, 0x40, 0x01, 0xF1, 0x04, 0x82, 0x7F, 0x20, 0x10, 0x07,
  0xC0, 0x00, 0x00, 0x00, 0x00, 0x00, 0x08, 0x0F, 0x82, 0x01, 0x70, 0xC4, 0x42, 0x21, 0x10, 0x88,
  0x44, 0x20, 0x10, 0x70, 0x00, 0x00, 0x01, 0x01, 0x01, 0x00, 0x03, 0xF9, 0x00, 0x80, 0x40, 0x20,
  0x10, 0x08, 0x00, 0x00, 0x00, 0x00, 0x00, 0x00, 0x00, 0x00, 0x00, 0x01, 0xF1, 0x04, 0x80, 0x78,
  0x20, 0x10, 0x47, 0xC0, 0x00, 0x00, 0x00, 0x00, 0x00, 0x00, 0x00, 0x00, 0x01, 0xF1, 0x04, 0x80,
  0x3E, 0x00, 0x90, 0x47, 0xC0, 0x00, 0x00, 0x00, 0x00, 0x00, 0x00, 0x03, 0x00, 0x01, 0xC0, 0x20,
  0x10, 0x08, 0x04, 0x02, 0x07, 0xC0, 0x00, 0x00, 0x00, 0x00, 0x00, 0x09, 0x04, 0x80, 0x01, 0xC0,
  0x20, 0x10, 0x08, 0x04, 0x02, 0x07, 0xC0, 0x00, 0x00, 0x00, 0x00, 0x00, 0x00, 0x00, 0xC0, 0x00,
  0x70, 0x08, 0x04, 0x02, 0x01, 0x00, 0x88, 0x44, 0x22, 0x10, 0xF0, 0x00, 0x00, 0x00, 0x00, 0x00,
  0x03, 0xC1, 0x20, 0x90, 0x4E, 0x24, 0x92, 0x51, 0xC0, 0x00, 0x00, 0x00, 0x00, 0x00, 0x00, 0x00,
  0x00, 0x02, 0x41, 0x20, 0x90, 0x7E, 0x24, 0x92, 0x49, 0xC0, 0x00, 0x00, 0x00, 0x00, 0x00, 0x08,
  0x0F, 0x82, 0x01, 0x70, 0xC4, 0x42, 0x21, 0x10, 0x88, 0x44, 0x20, 0x00, 0x00, 0x00, 0x00, 0x00,
  0x00, 0x80, 0x80, 0x82, 0x09, 0x08, 0x88, 0x78, 0x22, 0x10, 0x88, 0x20, 0x00, 0x00, 0x00, 0x00,
  0x00, 0x08, 0x02, 0x00, 0x82, 0x09, 0x0C, 0x8A, 0x49, 0x28, 0x98, 0x48, 0x20, 0x00, 0x00, 0x00,
  0x00, 0x00, 0x08, 0x83, 0x80, 0x02, 0x09, 0x04, 0x82, 0x41, 0x20, 0x90, 0xC7, 0xA0, 0x12, 0x08,
  0xF8, 0x00, 0x00, 0x00, 0x00, 0x00, 0x02, 0x09, 0x04, 0x82, 0x41, 0x20, 0x90, 0x4F, 0xE0, 0x80,
  0x40, 0x00, 0x00, 0x00, 0x0D, 0x88, 0x24, 0x12, 0x49, 0x24, 0x92, 0x49, 0x24, 0x92, 0x46, 0xC0,
  0x00, 0x00, 0x00, 0x00, 0x00, 0x00, 0x00, 0x00, 0x01, 0xB1, 0x04, 0x82, 0x49, 0x24, 0x92, 0x46,
  0xC0, 0x00, 0x00, 0x00, 0x00, 0x00, 0x04, 0x0F, 0x81, 0x00, 0x80, 0x78, 0x22, 0x11, 0x08, 0x84,
  0x43, 0xC0, 0x00, 0x00, 0x00, 0x00, 0x00, 0x04, 0x02, 0x01, 0x03, 0xE0, 0x40, 0x20, 0x1E, 0x08,
  0x84, 0x43, 0xC0, 0x00, 0x00, 0x00, 0x00, 0x00, 0x13, 0x8A, 0x25, 0x02, 0x81, 0xF0, 0xA0, 0x50,
  0x28, 0x14, 0x49, 0xC0, 0x00, 0x00, 0x00, 0x00, 0x00, 0x00, 0x00, 0x00, 0x02, 0x71, 0x44, 0xA0,
  0x7C, 0x28, 0x14, 0x49, 0xC0, 0x00, 0x00, 0x00, 0x00, 0x00, 0x02, 0x02, 0x81, 0x40, 0xA0, 0x88,
  0x7C, 0x2A, 0x24, 0x92, 0x4B, 0xA0, 0x00, 0x00, 0x00, 0x00, 0x00, 0x00, 0x00, 0x00, 0x00, 0x40,
  0x50, 0x28, 0x22, 0x1F, 0x0A, 0x8B, 0xA0, 0x00, 0x00, 0x00, 0x00, 0x00, 0x11, 0x09, 0x44, 0xA2,
  0x51, 0x44, 0xFE, 0x55, 0x2A, 0x95, 0x4A, 0xA0, 0x00, 0x00, 0x00, 0x00, 0x00, 0x00, 0x00, 0x00,
  0x02, 0x21, 0x28, 0x94, 0x51, 0x3F, 0x95, 0x4A, 0xA0, 0x00, 0x00, 0x00, 0x00, 0x00, 0x1F, 0xC4,
  0x41, 0x40, 0xA0, 0x20, 0x7C, 0x49, 0x24, 0x92, 0x49, 0x20, 0x00, 0x00, 0x00, 0x00, 0x00, 0x00,
  0x00, 0x00, 0x03, 0xF8, 0x88, 0x28, 0x08, 0x1F, 0x12, 0x49, 0x20, 0x00, 0x00, 0x00, 0x00, 0x00,
  0x17, 0xCA, 0x24, 0xA2, 0x51, 0xF0, 0x9C, 0x55, 0x2A, 0x95, 0x4A, 0xA0, 0x00, 0x00, 0x00, 0x00,
  0x00, 0x00, 0x00, 0x00, 0x02, 0xF9, 0x44, 0x94, 0x7C, 0x27, 0x15, 0x4A, 0xA0, 0x00, 0x00, 0x00,
  0x22, 0x0A, 0x02, 0x00, 0x03, 0xE2, 0x08, 0x04, 0x02, 0x0E, 0x00, 0x80, 0x47, 0xC4, 0x02, 0x00,
  0xF8, 0x00, 0x11, 0x05, 0x01, 0x00, 0x01, 0xF1, 0x04, 0x02, 0x0E, 0x00, 0x80, 0x47, 0xC4, 0x02,
  0x00, 0xF8, 0x00, 0x00, 0x12, 0x49, 0x24, 0x92, 0x49, 0x24, 0x92, 0x3E, 0x04, 0x02, 0x01, 0x00,
  0x00, 0x00, 0x00, 0x00, 0x00, 0x00, 0x00, 0x00, 0x02, 0x49, 0x24, 0x92, 0x49, 0x24, 0x92, 0x47,
  0xC0, 0x80, 0x40, 0x20, 0x00, 0x00, 0x0F, 0x88, 0x24, 0x12, 0x09, 0xFC, 0x82, 0x41, 0x20, 0x90,
  0x47, 0xC0, 0x00, 0x00, 0x00, 0x00, 0x00, 0x00, 0x00, 0x00, 0x01, 0xF1, 0x04, 0x82, 0x7F, 0x20,
  0x90, 0x47, 0xC0, 0x00, 0x00, 0x00, 0x00, 0x00, 0x10, 0x48, 0x44, 0x21, 0x20, 0x90, 0x48, 0x14,
  0x0A, 0x05, 0x01, 0x00, 0x00, 0x00, 0x00, 0x00, 0x00, 0x00, 0x00, 0x00, 0x02, 0x09, 0x08, 0x48,
  0x24, 0x0A, 0x05, 0x01, 0x00, 0x00, 0x00, 0x00, 0x00, 0x12, 0x04, 0x80, 0x04, 0x12, 0x10, 0x88,
  0x48, 0x24, 0x0A, 0x05, 0x01, 0x00, 0x00, 0x00, 0x00, 0x00, 0x00, 0x09, 0x02, 0x40, 0x02, 0x09,
  0x08, 0x48, 0x24, 0x0A, 0x05, 0x01, 0x00, 0x00, 0x00, 0x00, 0x00, 0x00, 0x08, 0x0A, 0x05, 0x02,
  0xA9, 0x54, 0xAA, 0x55, 0x2A, 0x95, 0x44, 0x60, 0x10, 0x28, 0x08, 0x00, 0x00, 0x00, 0x00, 0x00,
  0x01, 0x29, 0x54, 0xAA, 0x55, 0x2A, 0x95, 0x44, 0x60, 0x10, 0x28, 0x08, 0x00, 0x04, 0x0F, 0x89,
  0x24, 0x12, 0x09, 0x04, 0x82, 0x41, 0x20, 0x92, 0x47, 0xC0, 0x80, 0x00, 0x00, 0x00, 0x00, 0x00,
  0x00, 0x00, 0x81, 0xF1, 0x24, 0x82, 0x41, 0x20, 0x92, 0x47, 0xC0, 0x80, 0x00, 0x00, 0x02, 0x1F,
  0x08, 0x00, 0x03, 0x62, 0x09, 0x04, 0x92, 0x49, 0x24, 0x92, 0x47, 0xC0, 0x00, 0x00, 0x00, 0x00,
  0x01, 0x0F, 0x84, 0x00, 0x01, 0xB1, 0x04, 0x82, 0x49, 0x24, 0x92, 0x47, 0xC0, 0x00, 0x00, 0x00,
  0x00, 0x1F, 0x0A, 0x80, 0x03, 0x62, 0x09, 0x04, 0x92, 0x49, 0x24, 0x92, 0x47, 0xC0, 0x00, 0x00,
  0x00, 0x00, 0x00, 0x0F, 0x85, 0x40, 0x01, 0xB1, 0x04, 0x82, 0x49, 0x24, 0x92, 0x47, 0xC0, 0x00,
  0x00, 0x00, 0x00, 0x00, 0x0F, 0x88, 0x24, 0x02, 0x01, 0x00, 0x80, 0x40, 0x20, 0x10, 0x06, 0x00,
  0x80, 0x40, 0x00, 0x00, 0x00, 0x00, 0x00, 0x00, 0x01, 0xF1, 0x04, 0x80, 0x40, 0x20, 0x10, 0x06,
  0x00, 0x80, 0x40, 0x00, 0x00, 0x01, 0x00, 0x83, 0x80, 0x70, 0x40, 0x20, 0xE0, 0x1C, 0x10, 0x08,
  0x00, 0x00, 0x00, 0x00, 0x00, 0x02, 0x1F, 0x08, 0x00, 0x00, 0x00, 0x00, 0x00, 0x00, 0x00, 0x00,
  0x00, 0x00, 0x00, 0x00, 0x00, 0x00, 0x38, 0x23, 0x80, 0x00, 0x00, 0x00, 0x00, 0x00, 0x00, 0x00,
  0x00, 0x00, 0x00, 0x00, 0x00, 0x00, 0x00, 0x3C, 0x39, 0x88, 0x00, 0x00, 0x00, 0x00, 0x00, 0x00,
  0x00, 0x00, 0x00, 0x00, 0x00, 0x00, 0x00, 0x00, 0x1E, 0x33, 0x80, 0x80, 0x00, 0x00, 0x00, 0x00,
  0x00, 0x00, 0x00, 0x00, 0x00, 0x00, 0x00, 0x00, 0x00, 0x20, 0x29, 0x01, 0x40, 0x00, 0x00, 0x00,
  0x00, 0x00, 0x00, 0x00, 0x00, 0x00, 0x02, 0x02, 0x90, 0x14, 0x20, 0x21, 0x19, 0x00, 0xC0, 0x00,
  0x00, 0x00, 0x00, 0x00, 0x00, 0x00, 0x04, 0x04, 0x23, 0x20, 0x18, 0x22, 0x0E, 0x00, 0x08, 0x24,
  0x12, 0x19, 0x14, 0x92, 0x51, 0x30, 0x90, 0x48, 0x20, 0x08, 0x08, 0x00, 0x00, 0x00, 0x08, 0x83,
  0x80, 0x02, 0x09, 0x0C, 0x8A, 0x49, 0x28, 0x98, 0x48, 0x20, 0x08, 0x08, 0x00, 0x00, 0x00, 0x10,
  0x1F, 0x04, 0x02, 0x01, 0xF8, 0x82, 0x41, 0x20, 0x90, 0x4F, 0xC0, 0x00, 0x00, 0x00, 0x00, 0x00,
  0x00, 0x00, 0x00, 0x02, 0x03, 0xE0, 0x80, 0x7E, 0x20, 0x90, 0x4F, 0xC0, 0x00, 0x00, 0x00, 0x00,
  0x00, 0x1F, 0x88, 0x24, 0x12, 0x29, 0xF8, 0x82, 0x40, 0x20, 0x10, 0x08, 0x00, 0x00, 0x00, 0x00,
  0x00, 0x00, 0x00, 0x00, 0x00, 0x02, 0xF1, 0x84, 0x82, 0x41, 0x24, 0x99, 0x4B, 0xC4, 0x22, 0x01,
  0x00, 0x00, 0x00, 0x9F, 0xC8, 0x04, 0x02, 0x01, 0x00, 0x80, 0x40, 0x20, 0x10, 0x08, 0x00, 0x00,
  0x00, 0x00, 0x00, 0x00, 0x00, 0x00, 0x00, 0x13, 0xF9, 0x00, 0x80, 0x40, 0x20, 0x10, 0x08, 0x00,
  0x00, 0x00, 0x00, 0x00, 0x00, 0x0F, 0xC4, 0x22, 0x01, 0x01, 0xC0, 0x40, 0x20, 0x10, 0x08, 0x04,
  0x00, 0x00, 0x00, 0x00, 0x00, 0x00, 0x00, 0x00, 0x00, 0x01, 0xF8, 0x84, 0x40, 0x70, 0x10, 0x08,
  0x04, 0x00, 0x00, 0x00, 0x00, 0x00, 0x00, 0x1F, 0x82, 0x01, 0x00, 0x80, 0x78, 0x22, 0x11, 0x08,
  0x84, 0x42, 0x20, 0x10, 0xF0, 0x00, 0x00, 0x00, 0x00, 0x00, 0x00, 0x03, 0xF0, 0x40, 0x20, 0x1E,
  0x08, 0x84, 0x42, 0x20, 0x10, 0xF0, 0x00, 0x00, 0x00, 0x12, 0x49, 0x22, 0xA1, 0x50, 0x70, 0x54,
  0x2A, 0x25, 0x12, 0x89, 0x60, 0x10, 0x08, 0x00, 0x00, 0x00, 0x00, 0x00, 0x00, 0x02, 0x49, 0x24,
  0x54, 0x1C, 0x15, 0x12, 0x89, 0x60, 0x10, 0x08, 0x00, 0x00, 0x00, 0x0F, 0x88, 0x20, 0x10, 0x08,
  0x38, 0x02, 0x01, 0x00, 0x90, 0x47, 0xC0, 0x80, 0x20, 0x60, 0x00, 0x00, 0x00, 0x00, 0x00, 0x01,
  0xF1, 0x04, 0x02, 0x0E, 0x00, 0x90, 0x47, 0xC0, 0x80, 0x20, 0x60, 0x00, 0x00, 0x10, 0x48, 0x44,
  0x42, 0x41, 0xC0, 0xA0, 0x48, 0x22, 0x10, 0x88, 0x60, 0x10, 0x08, 0x00, 0x00, 0x00, 0x00, 0x00,
  0x00, 0x02, 0x09, 0x08, 0x88, 0x78, 0x22, 0x10, 0x88, 0x60, 0x10, 0x08, 0x00, 0x00, 0x00, 0x10,
  0x48, 0x25, 0x22, 0xA1, 0xE0, 0xA8, 0x52, 0x20, 0x90, 0x48, 0x20, 0x00, 0x00, 0x00, 0x00, 0x00,
  0x00, 0x00, 0x00, 0x02, 0x09, 0x08, 0xA8, 0x78, 0x2A, 0x10, 0x88, 0x20, 0x00, 0x00, 0x00, 0x00,
  0x00, 0x10, 0x5E, 0x44, 0x42, 0x41, 0xC0, 0xA0, 0x48, 0x22, 0x10, 0x88, 0x20, 0x00, 0x00, 0x00,
  0x00, 0x00, 0x08, 0x04, 0x07, 0x81, 0x08, 0x88, 0x48, 0x38, 0x12, 0x08, 0x84, 0x20, 0x00, 0x00,
  0x00, 0x00, 0x00, 0x1C, 0x42, 0x21, 0x20, 0x90, 0x70, 0x24, 0x12, 0x08, 0x84, 0x42, 0x20, 0x00,
  0x00, 0x00, 0x00, 0x00, 0x00, 0x00, 0x00, 0x03, 0x88, 0x48, 0x28, 0x18, 0x0A, 0x04, 0x82, 0x20,
  0x00, 0x00, 0x00, 0x00, 0x00, 0x10, 0x88, 0x44, 0x22, 0x11, 0xF8, 0x84, 0x42, 0x21, 0x10, 0x88,
  0x60, 0x10, 0x08, 0x00, 0x00, 0x00, 0x00, 0x00, 0x00, 0x02, 0x11, 0x08, 0x84, 0x7E, 0x21, 0x10,
  0x88, 0x60, 0x10, 0x08, 0x00, 0x00, 0x00, 0x11, 0xC8, 0x84, 0x42, 0x21, 0xF0, 0x88, 0x44, 0x22,
  0x11, 0x08, 0x80, 0x00, 0x00, 0x00, 0x00, 0x00, 0x00, 0x00, 0x00, 0x02, 0x39, 0x10, 0x88, 0x7C,
  0x22, 0x11, 0x08, 0x80, 0x00, 0x00, 0x00, 0x00, 0x00, 0x1E, 0x09, 0x04, 0x82, 0x41, 0x38, 0x92,
  0x49, 0x24, 0x92, 0x49, 0x20, 0x10, 0x70, 0x00, 0x00, 0x00, 0x00, 0x00, 0x00, 0x03, 0xC1, 0x20,
  0x90, 0x4E, 0x24, 0x92, 0x49, 0x20, 0x10, 0x70, 0x00, 0x00, 0x00, 0x0F, 0xC8, 0x04, 0x02, 0x71,
  0x44, 0xA2, 0x51, 0x28, 0x94, 0x47, 0xC1, 0x00, 0x78, 0x00, 0x00, 0x00, 0x00, 0x00, 0x00, 0x01,
  0xF9, 0x00, 0x9C, 0x51, 0x28, 0x94, 0x47, 0xC1, 0x00, 0x78, 0x00, 0x00, 0x00, 0x0F, 0x88, 0x24,
  0x02, 0x01, 0x00, 0x80, 0x40, 0x20, 0x10, 0x47, 0xC1, 0x00, 0x60, 0x00, 0x00, 0x00, 0x00, 0x00,
  0x00, 0x01, 0xF1, 0x04, 0x80, 0x40, 0x20, 0x10, 0x47, 0xC1, 0x00, 0x60, 0x00, 0x00, 0x00, 0x1F,
  0xC1, 0x00, 0x80, 0x40, 0x20, 0x10, 0x08, 0x04, 0x02, 0x01, 0x80, 0x40, 0x20, 0x00, 0x00, 0x00,
  0x00, 0x00, 0x00, 0x03, 0xF8, 0x20, 0x10, 0x08, 0x04, 0x02, 0x01, 0x80, 0x40, 0x20, 0x00, 0x00,
  0x00, 0x10, 0x44, 0x41, 0x40, 0x40, 0x20, 0x10, 0x08, 0x04, 0x02, 0x01, 0x00, 0x00, 0x00, 0x00,
  0x00, 0x00, 0x00, 0x00, 0x00, 0x02, 0x08, 0x88, 0x28, 0x08, 0x04, 0x02, 0x01, 0x00, 0x80, 0x40,
  0x20, 0x00, 0x00, 0x10, 0x44, 0x41, 0x40, 0x40, 0x20, 0x10, 0x3E, 0x04, 0x02, 0x01, 0x00, 0x00,
  0x00, 0x00, 0x00, 0x00, 0x00, 0x00, 0x00, 0x02, 0x08, 0x88, 0x28, 0x08, 0x04, 0x02, 0x07, 0xC0,
  0x80, 0x40, 0x20, 0x00, 0x00, 0x10, 0x48, 0x22, 0x20, 0xA0, 0x20, 0x10, 0x14, 0x11, 0x10, 0x88,
  0x60, 0x10, 0x08, 0x00, 0x00, 0x00, 0x00, 0x00, 0x00, 0x02, 0x08, 0x88, 0x28, 0x08, 0x0A, 0x08,
  0x88, 0x60, 0x10, 0x08, 0x00, 0x00, 0x00, 0x1F, 0x42, 0x21, 0x10, 0x88, 0x44, 0x22, 0x11, 0x08,
  0x84, 0x43, 0xE0, 0x10, 0x08, 0x00, 0x00, 0x00, 0x00, 0x00, 0x00, 0x03, 0xE8, 0x44, 0x22, 0x11,
  0x08, 0x84, 0x43, 0xE0, 0x10, 0x08, 0x00, 0x00, 0x00, 0x10, 0x88, 0x44, 0x22, 0x11, 0x08, 0x7C,
  0x02, 0x01, 0x00, 0x80, 0x60, 0x10, 0x08, 0x00, 0x00, 0x00, 0x00, 0x00, 0x00, 0x02, 0x11, 0x08,
  0x84, 0x3E, 0x01, 0x00, 0x80, 0x60, 0x10, 0x08, 0x00, 0x00, 0x00, 0x10, 0x48, 0x24, 0x12, 0x49,
  0x24, 0x7E, 0x09, 0x04, 0x80, 0x40, 0x20, 0x00, 0x00, 0x00, 0x00, 0x00, 0x00, 0x00, 0x00, 0x02,
  0x09, 0x24, 0x92, 0x3F, 0x04, 0x82, 0x40, 0x20, 0x00, 0x00, 0x00, 0x00, 0x00, 0x10, 0x08, 0x04,
  0x02, 0xF1, 0x84, 0x82, 0x41, 0x20, 0x90, 0x48, 0x20, 0x00, 0x00, 0x00, 0x00, 0x00, 0x08, 0x04,
  0x02, 0x01, 0x00, 0xB0, 0x64, 0x22, 0x11, 0x08, 0x84, 0x40, 0x00, 0x00, 0x00, 0x00, 0x00, 0x03,
  0x82, 0x25, 0x12, 0x88, 0xFC, 0x20, 0x10, 0x08, 0x04, 0x41, 0xC0, 0x00, 0x00, 0x00, 0x00, 0x00,
  0x00, 0x00, 0x00, 0x00, 0x71, 0x44, 0xA2, 0x3F, 0x08, 0x04, 0x41, 0xC0, 0x00, 0x00, 0x00, 0x00,
  0x00, 0x03, 0x82, 0x25, 0x12, 0x88, 0xFC, 0x20, 0x10, 0x08, 0x04, 0x41, 0xC0, 0x80, 0x30, 0x00,
  0x00, 0x00, 0x00, 0x00, 0x00, 0x00, 0x71, 0x44, 0xA2, 0x3F, 0x08, 0x04, 0x41, 0xC0, 0x80, 0x30,
  0x00, 0x00, 0x00, 0x07, 0x01, 0x00, 0x80, 0x40, 0x20, 0x10, 0x08, 0x04, 0x02, 0x03, 0x80, 0x00,
  0x00, 0x00, 0x00, 0x11, 0x07, 0x00, 0x04, 0x92, 0x48, 0xA8, 0x38, 0x2A, 0x15, 0x12, 0x49, 0x20,
  0x00, 0x00, 0x00, 0x00, 0x00, 0x08, 0x83, 0x80, 0x02, 0x49, 0x24, 0x54, 0x1C, 0x15, 0x12, 0x49,
  0x20, 0x00, 0x00, 0x00, 0x00, 0x00, 0x10, 0x48, 0x44, 0x42, 0x41, 0xC0, 0xA0, 0x48, 0x22, 0x10,
  0x88, 0x20, 0x10, 0x30, 0x00, 0x00, 0x00, 0x00, 0x00, 0x00, 0x02, 0x09, 0x08, 0x88, 0x78, 0x22,
  0x10, 0x88, 0x20, 0x10, 0x30, 0x00, 0x00, 0x00, 0x0F, 0xC4, 0x22, 0x11, 0x08, 0x84, 0x42, 0x21,
  0x10, 0x88, 0x48, 0x20, 0x08, 0x08, 0x00, 0x00, 0x00, 0x00, 0x00, 0x00, 0x00, 0xF8, 0x44, 0x22,
  0x11, 0x08, 0x84, 0x4C, 0x20, 0x08, 0x08, 0x00, 0x00, 0x00, 0x10, 0x48, 0x24, 0x12, 0x09, 0xFC,
  0x82, 0x41, 0x20, 0x90, 0x48, 0x20, 0x10, 0x30, 0x00, 0x00, 0x00, 0x00, 0x00, 0x00, 0x02, 0x09,
  0x04, 0x82, 0x7F, 0x20, 0x90, 0x48, 0x20, 0x10, 0x30, 0x00, 0x00, 0x00, 0x10, 0x48, 0x24, 0x12,
  0x09, 0xFC, 0x82, 0x41, 0x20, 0x90, 0x48, 0x20, 0x08, 0x08, 0x00, 0x00, 0x00, 0x00, 0x00, 0x00,
  0x02, 0x09, 0x04, 0x82, 0x7F, 0x20, 0x90, 0x48, 0x20, 0x08, 0x08, 0x00, 0x00, 0x00, 0x10, 0x48,
  0x24, 0x12, 0x09, 0x04, 0x7E, 0x01, 0x00, 0x80, 0x40, 0x60, 0x20, 0x10, 0x00, 0x00, 0x00, 0x00,
  0x00, 0x00, 0x02, 0x09, 0x04, 0x82, 0x3F, 0x00, 0x80, 0x40, 0x60, 0x20, 0x10, 0x00, 0x00, 0x00,
  0x10, 0x48, 0x26, 0x32, 0xA9, 0x54, 0x92, 0x49, 0x20, 0x90, 0x48, 0x20, 0x08, 0x08, 0x00, 0x00,
  0x00, 0x00, 0x00, 0x00, 0x02, 0x09, 0x8C, 0xAA, 0x49, 0x20, 0x90, 0x48, 0x20, 0x08, 0x08, 0x00,
  0x00, 0x11, 0x07, 0x00, 0x01, 0xC1, 0x11, 0x04, 0x82, 0x7F, 0x20, 0x90, 0x48, 0x20, 0x00, 0x00,
  0x00, 0x00, 0x00, 0x08, 0x83, 0x80, 0x01, 0xF0, 0x04, 0x02, 0x3F, 0x20, 0x90, 0xC7, 0xA0, 0x00,
  0x00, 0x00, 0x00, 0x11, 0x08, 0x80, 0x01, 0xC1, 0x11, 0x04, 0x82, 0x7F, 0x20, 0x90, 0x48, 0x20,
  0x00, 0x00, 0x00, 0x00, 0x00, 0x08, 0x84, 0x40, 0x01, 0xF0, 0x04, 0x02, 0x3F, 0x20, 0x90, 0xC7,
  0xA0, 0x00, 0x00, 0x00, 0x00, 0x00, 0x0D, 0xC9, 0x04, 0x82, 0x41, 0x20, 0xFC, 0x48, 0x24, 0x12,
  0x09, 0xE0, 0x00, 0x00, 0x00, 0x00, 0x00, 0x00, 0x00, 0x00, 0x01, 0xB1, 0x24, 0x12, 0x3E, 0x24,
  0x12, 0x46, 0xE0, 0x00, 0x00, 0x00, 0x00, 0x11, 0x07, 0x00, 0x07, 0xF1, 0x00, 0x80, 0x78, 0x20,
  0x10, 0x08, 0x0F, 0xE0, 0x00, 0x00, 0x00, 0x00, 0x00, 0x08, 0x83, 0x80, 0x01, 0xF1, 0x04, 0x82,
  0x7F, 0x20, 0x10, 0x07, 0xC0, 0x00, 0x00, 0x00, 0x00, 0x00, 0x0F, 0x80, 0x20, 0x10, 0x08, 0x04,
  0xFE, 0x41, 0x20, 0x90, 0x47, 0xC0, 0x00, 0x00, 0x00, 0x00, 0x00, 0x00, 0x00, 0x00, 0x01, 0xF0,
  0x04, 0x02, 0x7F, 0x20, 0x90, 0x47, 0xC0, 0x00, 0x00, 0x00, 0x00, 0x11, 0x08, 0x80, 0x03, 0xE0,
  0x08, 0x04, 0xFE, 0x41, 0x20, 0x90, 0x47, 0xC0, 0x00, 0x00, 0x00, 0x00, 0x00, 0x08, 0x84, 0x40,
  0x01, 0xF0, 0x04, 0x02, 0x7F, 0x20, 0x90, 0x47, 0xC0, 0x00, 0x00, 0x00, 0x00, 0x11, 0x08, 0x80,
  0x04, 0x92, 0x48, 0xA8, 0x38, 0x2A, 0x15, 0x12, 0x49, 0x20, 0x00, 0x00, 0x00, 0x00, 0x00, 0x08,
  0x84, 0x40, 0x02, 0x49, 0x24, 0x54, 0x1C, 0x15, 0x12, 0x49, 0x20, 0x00, 0x00, 0x00, 0x00, 0x11,
  0x08, 0x80, 0x03, 0xE2, 0x08, 0x04, 0x02, 0x0E, 0x00, 0x90, 0x47, 0xC0, 0x00, 0x00, 0x00, 0x00,
  0x00, 0x08, 0x84, 0x40, 0x01, 0xF1, 0x04, 0x02, 0x0E, 0x00, 0x90, 0x47, 0xC0, 0x00, 0x00, 0x00,
  0x00, 0x00, 0x00, 0x0F, 0xE0, 0x10, 0x10, 0x10, 0x1C, 0x01, 0x00, 0x90, 0x47, 0xC0, 0x00, 0x00,
  0x00, 0x00, 0x00, 0x00, 0x00, 0x00, 0x03, 0xF8, 0x08, 0x08, 0x08, 0x0F, 0x00, 0x40, 0x24, 0x11,
  0xF0, 0x00, 0x00, 0x1F, 0x00, 0x08, 0x24, 0x12, 0x19, 0x14, 0x92, 0x51, 0x30, 0x90, 0x48, 0x20,
  0x00, 0x00, 0x00, 0x00, 0x00, 0x00, 0x07, 0xC0, 0x02, 0x09, 0x0C, 0x8A, 0x49, 0x28, 0x98, 0x48,
  0x20, 0x00, 0x00, 0x00, 0x00, 0x11, 0x08, 0x80, 0x04, 0x12, 0x19, 0x14, 0x92, 0x51, 0x30, 0x90,
  0x48, 0x20, 0x00, 0x00, 0x00, 0x00, 0x00, 0x08, 0x84, 0x40, 0x02, 0x09, 0x0C, 0x8A, 0x49, 0x28,
  0x98, 0x48, 0x20, 0x00, 0x00, 0x00, 0x00, 0x11, 0x08, 0x80, 0x03, 0xE2, 0x09, 0x04, 0x82, 0x41,
  0x20, 0x90, 0x47, 0xC0, 0x00, 0x00, 0x00, 0x00, 0x00, 0x08, 0x84, 0x40, 0x01, 0xF1, 0x04, 0x82,
  0x41, 0x20, 0x90, 0x47, 0xC0, 0x00, 0x00, 0x00, 0x00, 0x00, 0x0F, 0x88, 0x24, 0x12, 0x89, 0xAC,
  0x8A, 0x41, 0x20, 0x90, 0x47, 0xC0, 0x00, 0x00, 0x00, 0x00, 0x00, 0x00, 0x00, 0x00, 0x01, 0xF1,
  0x04, 0xA2, 0x6B, 0x22, 0x90, 0x47, 0xC0, 0x00, 0x00, 0x00, 0x00, 0x11, 0x08, 0x80, 0x03, 0xE2,
  0x09, 0x44, 0xD6, 0x45, 0x20, 0x90, 0x47, 0xC0, 0x00, 0x00, 0x00, 0x00, 0x00, 0x08, 0x84, 0x40,
  0x01, 0xF1, 0x04, 0xA2, 0x6B, 0x22, 0x90, 0x47, 0xC0, 0x00, 0x00, 0x00, 0x14, 0x0A, 0x00, 0x07,
  0x84, 0x20, 0x08, 0x04, 0x1E, 0x01, 0x00, 0x90, 0x87, 0x80, 0x00, 0x00, 0x00, 0x00, 0x00, 0x05,
  0x02, 0x80, 0x01, 0xF1, 0x04, 0x02, 0x0F, 0x00, 0x90, 0x47, 0xC0, 0x00, 0x00, 0x00, 0x00, 0x1F,
  0x00, 0x08, 0x24, 0x12, 0x09, 0x04, 0x86, 0x3D, 0x00, 0x90, 0x47, 0xC0, 0x00, 0x00, 0x00, 0x00,
  0x00, 0x00, 0x07, 0xC0, 0x02, 0x09, 0x04, 0x82, 0x41, 0x20, 0x90, 0xC7, 0xA0, 0x12, 0x08, 0xF8,
  0x00, 0x11, 0x08, 0x80, 0x04, 0x12, 0x09, 0x04, 0x86, 0x3D, 0x00, 0x90, 0x47, 0xC0, 0x00, 0x00,
  0x00, 0x00, 0x00, 0x08, 0x84, 0x40, 0x02, 0x09, 0x04, 0x82, 0x41, 0x20, 0x90, 0xC7, 0xA0, 0x12,
  0x08, 0xF8, 0x00, 0x09, 0x09, 0x00, 0x04, 0x12, 0x09, 0x04, 0x86, 0x3D, 0x00, 0x90, 0x47, 0xC0,
  0x00, 0x00, 0x00, 0x00, 0x00, 0x04, 0x84, 0x80, 0x02, 0x09, 0x04, 0x82, 0x41, 0x20, 0x90, 0xC7,
  0xA0, 0x12, 0x08, 0xF8, 0x00, 0x11, 0x08, 0x80, 0x04, 0x12, 0x09, 0x04, 0x82, 0x3F, 0x00, 0x80,
  0x40, 0x20, 0x00, 0x00, 0x00, 0x00, 0x00, 0x08, 0x84, 0x40, 0x02, 0x09, 0x04, 0x82, 0x3F, 0x00,
  0x80, 0x40, 0x20, 0x00, 0x00, 0x00, 0x00, 0x11, 0x08, 0x80, 0x04, 0x12, 0x09, 0x04, 0xF2, 0x45,
  0x22, 0x91, 0x4F, 0x20, 0x00, 0x00, 0x00, 0x00, 0x00, 0x08, 0x84, 0x40, 0x02, 0x09, 0x04, 0x82,
  0x79, 0x22, 0x91, 0x4F, 0x20, 0x00, 0x00, 0x00,
};

static const GFXglyph MiscFixed9x15Glyphs[] PROGMEM = {
  {     0,   9,  15,   9,   0,  -12 }, // U+0020
  {    17,   9,  15,   9,   0,  -12 }, // U+0021
  {    34,   9,  15,   9,   0,  -12 }, // U+0022
  {    51,   9,  15,   9,   0,  -12 }, // U+0023
  {    68,   9,  15,   9,   0,  -12 }, // U+0024
  {    85,   9,  15,   9,   0,  -12 }, // U+0025
  {   102,   9,  15,   9,   0,  -12 }, // U+0026
  {   119,   9,  15,   9,   0,  -12 }, // U+0027
  {   136,   9,  15,   9,   0,  -12 }, // U+0028
  {   153,   9,  15,   9,   0,  -12 }, // U+0029
  {   170,   9,  15,   9,   0,  -12 }, // U+002A
  {   187,   9,  15,   9,   0,  -12 }, // U+002B
  {   204,   9,  15,   9,   0,  -12 }, // U+002C
  {   221,   9,  15,   9,   0,  -12 }, // U+002D
  {   238,   9,  15,   9,   0,  -12 }, // U+002E
  {   255,   9,  15,   9,   0,  -12 }, // U+002F
  {   272,   9,  15,   9,   0,  -12 }, // U+0030
  {   289,   9,  15,   9,   0,  -12 }, // U+0031
  {   306,   9,  15,   9,   0,  -12 }, // U+0032
  {   323,   9,  15,   9,   0,  -12 }, // U+0033
  {   340,   9,  15,   9,   0,  -12 }, // U+0034
  {   357,   9,  15,   9,   0,  -12 }, // U+0035
  {   374,   9,  15,   9,   0,  -12 }, // U+0036
  {   391,   9,  15,   9,   0,  -12 }, // U+0037
  {   408,   9,  15,   9,   0,  -12 }, // U+0038
  {   425,   9,  15,   9,   0,  -12 }, // U+0039
  {   442,   9,  15,   9,   0,  -12 }, // U+003A
  {   459,   9,  15,   9,   0,  -12 }, // U+003B
  {   476,   9,  15,   9,   0,  -12 }, // U+003C
  {   493,   9,  15,   9,   0,  -12 }, // U+003D
  {   510,   9,  15,   9,   0,  -12 }, // U+003E
  {   527,   9,  15,   9,   0,  -12 }, // U+003F
  {   544,   9,  15,   9,   0,  -12 }, // U+0040
  {   561,   9,  15,   9,   0,  -12 }, // U+0041
  {   578,   9,  15,   9,   0,  -12 }, // U+0042
  {   595,   9,  15,   9,   0,  -12 }, // U+0043
  {   612,   9,  15,   9,   0,  -12 }, // U+0044
  {   629,   9,  15,   9,   0,  -12 }, // U+0045
  {   646,   9,  15,   9,   0,  -12 }, // U+0046
  {   663,   9,  15,   9,   0,  -12 }, // U+0047
  {   680,   9,  15,   9,   0,  -12 }, // U+0048
  {   697,   9,  15,   9,   0,  -12 }, // U+0049
  {   714,   9,  15,   9,   0,  -12 }, // U+004A
  {   731,   9,  15,   9,   0,  -12 }, // U+004B
  {   748,   9,  15,   9,   0,  -12 }, // U+004C
  {   765,   9,  15,   9,   0,  -12 }, // U+004D
  {   782,   9,  15,   9,   0,  -12 }, // U+004E
  {   799,   9,  15,   9,   0,  -12 }, // U+004F
  {   816,   9,  15,   9,   0,  -12 }, // U+0050
  {   833,   9,  15,   9,   0,  -12 }, // U+0051
  {   850,   9,  15,   9,   0,  -12 }, // U+0052
  {   867,   9,  15,   9,   0,  -12 }, // U+0053
  {   884,   9,  15,   9,   0,  -12 }, // U+0054
  {   901,   9,  15,   9,   0,  -12 }, // U+0055
  {   918,   9,  15,   9,   0,  -12 }, // U+0056
  {   935,   9,  15,   9,   0,  -12 }, // U+0057
  {   952,   9,  15,   9,   0,  -12 }, // U+0058
  {   969,   9,  15,   9,   0,  -12 }, // U+0059
  {   986,   9,  15,   9,   0,  -12 }, // U+005A
  {  1003,   9,  15,   9,   0,  -12 }, // U+005B
  {  1020,   9,  15,   9,   0,  -12 }, // U+005C
  {  1037,   9,  15,   9,   0,  -12 }, // U+005D
  {  1054,   9,  15,   9,   0,  -12 }, // U+005E
  {  1071,   9,  15,   9,   0,  -12 }, // U+005F
  {  1088,   9,  15,   9,   0,  -12 }, // U+0060
  {  1105,   9,  15,   9,   0,  -12 }, // U+0061
  {  1122,   9,  15,   9,   0,  -12 }, // U+0062
  {  1139,   9,  15,   9,   0,  -12 }, // U+0063
  {  1156,   9,  15,   9,   0,  -12 }, // U+0064
  {  1173,   9,  15,   9,   0,  -12 }, // U+0065
  {  1190,   9,  15,   9,   0,  -12 }, // U+0066
  {  1207,   9,  15,   9,   0,  -12 }, // U+0067
  {  1224,   9,  15,   9,   0,  -12 }, // U+0068
  {  1241,   9,  15,   9,   0,  -12 }, // U+0069
  {  1258,   9,  15,   9,   0,  -12 }, // U+006A
  {  1275,   9,  15,   9,   0,  -12 }, // U+006B
  {  1292,   9,  15,   9,   0,  -12 }, // U+006C
  {  1309,   9,  15,   9,   0,  -12 }, // U+006D
  {  1326,   9,  15,   9,   0,  -12 }, // U+006E
  {  1343,   9,  15,   9,   0,  -12 }, // U+006F
  {  1360,   9,  15,   9,   0,  -12 }, // U+0070
  {  1377,   9,  15,   9,   0,  -12 }, // U+0071
  {  1394,   9,  15,   9,   0,  -12 }, // U+0072
  {  1411,   9,  15,   9,   0,  -12 }, // U+0073
  {  1428,   9,  15,   9,   0,  -12 }, // U+0074
  {  1445,   9,  15,   9,   0,  -12 }, // U+0075
  {  1462,   9,  15,   9,   0,  -12 }, // U+0076
  {  1479,   9,  15,   9,   0,  -12 }, // U+0077
  {  1496,   9,  15,   9,   0,  -12 }, // U+0078
  {  1513,   9,  15,   9,   0,  -12 }, // U+0079
  {  1530,   9,  15,   9,   0,  -12 }, // U+007A
  {  1547,   9,  15,   9,   0,  -12 }, // U+007B
  {  1564,   9,  15,   9,   0,  -12 }, // U+007C
  {  1581,   9,  15,   9,   0,  -12 }, // U+007D
  {  1598,   9,  15,   9,   0,  -12 }, // U+007E
  {  1615,   0,   0,   9,   0,    0 }, // U+007F (placeholder)
  {  1615,   0,   0,   9,   0,    0 }, // U+0080 (placeholder)
  {  1615,   0,   0,   9,   0,    0 }, // U+0081 (placeholder)
  {  1615,   0,   0,   9,   0,    0 }, // U+0082 (placeholder)
  {  1615,   0,   0,   9,   0,    0 }, // U+0083 (placeholder)
  {  1615,   0,   0,   9,   0,    0 }, // U+0084 (placeholder)
  {  1615,   0,   0,   9,   0,    0 }, // U+0085 (placeholder)
  {  1615,   0,   0,   9,   0,    0 }, // U+0086 (placeholder)
  {  1615,   0,   0,   9,   0,    0 }, // U+0087 (placeholder)
  {  1615,   0,   0,   9,   0,    0 }, // U+0088 (placeholder)
  {  1615,   0,   0,   9,   0,    0 }, // U+0089 (placeholder)
  {  1615,   0,   0,   9,   0,    0 }, // U+008A (placeholder)
  {  1615,   0,   0,   9,   0,    0 }, // U+008B (placeholder)
  {  1615,   0,   0,   9,   0,    0 }, // U+008C (placeholder)
  {  1615,   0,   0,   9,   0,    0 }, // U+008D (placeholder)
  {  1615,   0,   0,   9,   0,    0 }, // U+008E (placeholder)
  {  1615,   0,   0,   9,   0,    0 }, // U+008F (placeholder)
  {  1615,   0,   0,   9,   0,    0 }, // U+0090 (placeholder)
  {  1615,   0,   0,   9,   0,    0 }, // U+0091 (placeholder)
  {  1615,   0,   0,   9,   0,    0 }, // U+0092 (placeholder)
  {  1615,   0,   0,   9,   0,    0 }, // U+0093 (placeholder)
  {  1615,   0,   0,   9,   0,    0 }, // U+0094 (placeholder)
  {  1615,   0,   0,   9,   0,    0 }, // U+0095 (placeholder)
  {  1615,   0,   0,   9,   0,    0 }, // U+0096 (placeholder)
  {  1615,   0,   0,   9,   0,    0 }, // U+0097 (placeholder)
  {  1615,   0,   0,   9,   0,    0 }, // U+0098 (placeholder)
  {  1615,   0,   0,   9,   0,    0 }, // U+0099 (placeholder)
  {  1615,   0,   0,   9,   0,    0 }, // U+009A (placeholder)
  {  1615,   0,   0,   9,   0,    0 }, // U+009B (placeholder)
  {  1615,   0,   0,   9,   0,    0 }, // U+009C (placeholder)
  {  1615,   0,   0,   9,   0,    0 }, // U+009D (placeholder)
  {  1615,   0,   0,   9,   0,    0 }, // U+009E (placeholder)
  {  1615,   0,   0,   9,   0,    0 }, // U+009F (placeholder)
  {  1615,   9,  15,   9,   0,  -12 }, // U+00A0
  {  1632,   9,  15,   9,   0,  -12 }, // U+00A1
  {  1649,   9,  15,   9,   0,  -12 }, // U+00A2
  {  1666,   9,  15,   9,   0,  -12 }, // U+00A3
  {  1683,   9,  15,   9,   0,  -12 }, // U+00A4
  {  1700,   9,  15,   9,   0,  -12 }, // U+00A5
  {  1717,   9,  15,   9,   0,  -12 }, // U+00A6
  {  1734,   9,  15,   9,   0,  -12 }, // U+00A7
  {  1751,   9,  15,   9,   0,  -12 }, // U+00A8
  {  1768,   9,  15,   9,   0,  -12 }, // U+00A9
  {  1785,   9,  15,   9,   0,  -12 }, // U+00AA
  {  1802,   9,  15,   9,   0,  -12 }, // U+00AB
  {  1819,   9,  15,   9,   0,  -12 }, // U+00AC
  {  1836,   9,  15,   9,   0,  -12 }, // U+00AD
  {  1853,   9,  15,   9,   0,  -12 }, // U+00AE
  {  1870,   9,  15,   9,   0,  -12 }, // U+00AF
  {  1887,   9,  15,   9,   0,  -12 }, // U+00B0
  {  1904,   9,  15,   9,   0,  -12 }, // U+00B1
  {  1921,   9,  15,   9,   0,  -12 }, // U+00B2
  {  1938,   9,  15,   9,   0,  -12 }, // U+00B3
  {  1955,   9,  15,   9,   0,  -12 }, // U+00B4
  {  1972,   9,  15,   9,   0,  -12 }, // U+00B5
  {  1989,   9,  15,   9,   0,  -12 }, // U+00B6
  {  2006,   9,  15,   9,   0,  -12 }, // U+00B7
  {  2023,   9,  15,   9,   0,  -12 }, // U+00B8
  {  2040,   9,  15,   9,   0,  -12 }, // U+00B9
  {  2057,   9,  15,   9,   0,  -12 }, // U+00BA
  {  2074,   9,  15,   9,   0,  -12 }, // U+00BB
  {  2091,   9,  15,   9,   0,  -12 }, // U+00BC
  {  2108,   9,  15,   9,   0,  -12 }, // U+00BD
  {  2125,   9,  15,   9,   0,  -12 }, // U+00BE
  {  2142,   9,  15,   9,   0,  -12 }, // U+00BF
  {  2159,   9,  15,   9,   0,  -12 }, // U+00C0
  {  2176,   9,  15,   9,   0,  -12 }, // U+00C1
  {  2193,   9,  15,   9,   0,  -12 }, // U+00C2
  {  2210,   9,  15,   9,   0,  -12 }, // U+00C3
  {  2227,   9,  15,   9,   0,  -12 }, // U+00C4
  {  2244,   9,  15,   9,   0,  -12 }, // U+00C5
  {  2261,   9,  15,   9,   0,  -12 }, // U+00C6
  {  2278,   9,  15,   9,   0,  -12 }, // U+00C7
  {  2295,   9,  15,   9,   0,  -12 }, // U+00C8
  {  2312,   9,  15,   9,   0,  -12 }, // U+00C9
  {  2329,   9,  15,   9,   0,  -12 }, // U+00CA
  {  2346,   9,  15,   9,   0,  -12 }, // U+00CB
  {  2363,   9,  15,   9,   0,  -12 }, // U+00CC
  {  2380,   9,  15,   9,   0,  -12 }, // U+00CD
  {  2397,   9,  15,   9,   0,  -12 }, // U+00CE
  {  2414,   9,  15,   9,   0,  -12 }, // U+00CF
  {  2431,   9,  15,   9,   0,  -12 }, // U+00D0
  {  2448,   9,  15,   9,   0,  -12 }, // U+00D1
  {  2465,   9,  15,   9,   0,  -12 }, // U+00D2
  {  2482,   9,  15,   9,   0,  -12 }, // U+00D3
  {  2499,   9,  15,   9,   0,  -12 }, // U+00D4
  {  2516,   9,  15,   9,   0,  -12 }, // U+00D5
  {  2533,   9,  15,   9,   0,  -12 }, // U+00D6
  {  2550,   9,  15,   9,   0,  -12 }, // U+00D7
  {  2567,   9,  15,   9,   0,  -12 }, // U+00D8
  {  2584,   9,  15,   9,   0,  -12 }, // U+00D9
  {  2601,   9,  15,   9,   0,  -12 }, // U+00DA
  {  2618,   9,  15,   9,   0,  -12 }, // U+00DB
  {  2635,   9,  15,   9,   0,  -12 }, // U+00DC
  {  2652,   9,  15,   9,   0,  -12 }, // U+00DD
  {  2669,   9,  15,   9,   0,  -12 }, // U+00DE
  {  2686,   9,  15,   9,   0,  -12 }, // U+00DF
  {  2703,   9,  15,   9,   0,  -12 }, // U+00E0
  {  2720,   9,  15,   9,   0,  -12 }, // U+00E1
  {  2737,   9,  15,   9,   0,  -12 }, // U+00E2
  {  2754,   9,  15,   9,   0,  -12 }, // U+00E3
  {  2771,   9,  15,   9,   0,  -12 }, // U+00E4
  {  2788,   9,  15,   9,   0,  -12 }, // U+00E5
  {  2805,   9,  15,   9,   0,  -12 }, // U+00E6
  {  2822,   9,  15,   9,   0,  -12 }, // U+00E7
  {  2839,   9,  15,   9,   0,  -12 }, // U+00E8
  {  2856,   9,  15,   9,   0,  -12 }, // U+00E9
  {  2873,   9,  15,   9,   0,  -12 }, // U+00EA
  {  2890,   9,  15,   9,   0,  -12 }, // U+00EB
  {  2907,   9,  15,   9,   0,  -12 }, // U+00EC
  {  2924,   9,  15,   9,   0,  -12 }, // U+00ED
  {  2941,   9,  15,   9,   0,  -12 }, // U+00EE
  {  2958,   9,  15,   9,   0,  -12 }, // U+00EF
  {  2975,   9,  15,   9,   0,  -12 }, // U+00F0
  {  2992,   9,  15,   9,   0,  -12 }, // U+00F1
  {  3009,   9,  15,   9,   0,  -12 }, // U+00F2
  {  3026,   9,  15,   9,   0,  -12 }, // U+00F3
  {  3043,   9,  15,   9,   0,  -12 }, // U+00F4
  {  3060,   9,  15,   9,   0,  -12 }, // U+00F5
  {  3077,   9,  15,   9,   0,  -12 }, // U+00F6
  {  3094,   9,  15,   9,   0,  -12 }, // U+00F7
  {  3111,   9,  15,   9,   0,  -12 }, // U+00F8
  {  3128,   9,  15,   9,   0,  -12 }, // U+00F9
  {  3145,   9,  15,   9,   0,  -12 }, // U+00FA
  {  3162,   9,  15,   9,   0,  -12 }, // U+00FB
  {  3179,   9,  15,   9,   0,  -12 }, // U+00FC
  {  3196,   9,  15,   9,   0,  -12 }, // U+00FD
  {  3213,   9,  15,   9,   0,  -12 }, // U+00FE
  {  3230,   9,  15,   9,   0,  -12 }, // U+00FF
  {  3247,   9,  15,   9,   0,  -12 }, // U+0100
  {  3264,   9,  15,   9,   0,  -12 }, // U+0101
  {  3281,   9,  15,   9,   0,  -12 }, // U+0102
  {  3298,   9,  15,   9,   0,  -12 }, // U+0103
  {  3315,   9,  15,   9,   0,  -12 }, // U+0104
  {  3332,   9,  15,   9,   0,  -12 }, // U+0105
  {  3349,   9,  15,   9,   0,  -12 }, // U+0106
  {  3366,   9,  15,   9,   0,  -12 }, // U+0107
  {  3383,   9,  15,   9,   0,  -12 }, // U+0108
  {  3400,   9,  15,   9,   0,  -12 }, // U+0109
  {  3417,   9,  15,   9,   0,  -12 }, // U+010A
  {  3434,   9,  15,   9,   0,  -12 }, // U+010B
  {  3451,   9,  15,   9,   0,  -12 }, // U+010C
  {  3468,   9,  15,   9,   0,  -12 }, // U+010D
  {  3485,   9,  15,   9,   0,  -12 }, // U+010E
  {  3502,   9,  15,   9,   0,  -12 }, // U+010F
  {  3519,   9,  15,   9,   0,  -12 }, // U+0110
  {  3536,   9,  15,   9,   0,  -12 }, // U+0111
  {  3553,   9,  15,   9,   0,  -12 }, // U+0112
  {  3570,   9,  15,   9,   0,  -12 }, // U+0113
  {  3587,   9,  15,   9,   0,  -12 }, // U+0114
  {  3604,   9,  15,   9,   0,  -12 }, // U+0115
  {  3621,   9,  15,   9,   0,  -12 }, // U+0116
  {  3638,   9,  15,   9,   0,  -12 }, // U+0117
  {  3655,   9,  15,   9,   0,  -12 }, // U+0118
  {  3672,   9,  15,   9,   0,  -12 }, // U+0119
  {  3689,   9,  15,   9,   0,  -12 }, // U+011A
  {  3706,   9,  15,   9,   0,  -12 }, // U+011B
  {  3723,   9,  15,   9,   0,  -12 }, // U+011C
  {  3740,   9,  15,   9,   0,  -12 }, // U+011D
  {  3757,   9,  15,   9,   0,  -12 }, // U+011E
  {  3774,   9,  15,   9,   0,  -12 }, // U+011F
  {  3791,   9,  15,   9,   0,  -12 }, // U+0120
  {  3808,   9,  15,   9,   0,  -12 }, // U+0121
  {  3825,   9,  15,   9,   0,  -12 }, // U+0122
  {  3842,   9,  15,   9,   0,  -12 }, // U+0123
  {  3859,   9,  15,   9,   0,  -12 }, // U+0124
  {  3876,   9,  15,   9,   0,  -12 }, // U+0125
  {  3893,   9,  15,   9,   0,  -12 }, // U+0126
  {  3910,   9,  15,   9,   0,  -12 }, // U+0127
  {  3927,   9,  15,   9,   0,  -12 }, // U+0128
  {  3944,   9,  15,   9,   0,  -12 }, // U+0129
  {  3961,   9,  15,   9,   0,  -12 }, // U+012A
  {  3978,   9,  15,   9,   0,  -12 }, // U+012B
  {  3995,   9,  15,   9,   0,  -12 }, // U+012C
  {  4012,   9,  15,   9,   0,  -12 }, // U+012D
  {  4029,   9,  15,   9,   0,  -12 }, // U+012E
  {  4046,   9,  15,   9,   0,  -12 }, // U+012F
  {  4063,   9,  15,   9,   0,  -12 }, // U+0130
  {  4080,   9,  15,   9,   0,  -12 }, // U+0131
  {  4097,   9,  15,   9,   0,  -12 }, // U+0132
  {  4114,   9,  15,   9,   0,  -12 }, // U+0133
  {  4131,   9,  15,   9,   0,  -12 }, // U+0134
  {  4148,   9,  15,   9,   0,  -12 }, // U+0135
  {  4165,   9,  15,   9,   0,  -12 }, // U+0136
  {  4182,   9,  15,   9,   0,  -12 }, // U+0137
  {  4199,   9,  15,   9,   0,  -12 }, // U+0138
  {  4216,   9,  15,   9,   0,  -12 }, // U+0139
  {  4233,   9,  15,   9,   0,  -12 }, // U+013A
  {  4250,   9,  15,   9,   0,  -12 }, // U+013B
  {  4267,   9,  15,   9,   0,  -12 }, // U+013C
  {  4284,   9,  15,   9,   0,  -12 }, // U+013D
  {  4301,   9,  15,   9,   0,  -12 }, // U+013E
  {  4318,   9,  15,   9,   0,  -12 }, // U+013F
  {  4335,   9,  15,   9,   0,  -12 }, // U+0140
  {  4352,   9,  15,   9,   0,  -12 }, // U+0141
  {  4369,   9,  15,   9,   0,  -12 }, // U+0142
  {  4386,   9,  15,   9,   0,  -12 }, // U+0143
  {  4403,   9,  15,   9,   0,  -12 }, // U+0144
  {  4420,   9,  15,   9,   0,  -12 }, // U+0145
  {  4437,   9,  15,   9,   0,  -12 }, // U+0146
  {  4454,   9,  15,   9,   0,  -12 }, // U+0147
  {  4471,   9,  15,   9,   0,  -12 }, // U+0148
  {  4488,   9,  15,   9,   0,  -12 }, // U+0149
  {  4505,   9,  15,   9,   0,  -12 }, // U+014A
  {  4522,   9,  15,   9,   0,  -12 }, // U+014B
  {  4539,   9,  15,   9,   0,  -12 }, // U+014C
  {  4556,   9,  15,   9,   0,  -12 }, // U+014D
  {  4573,   9,  15,   9,   0,  -12 }, // U+014E
  {  4590,   9,  15,   9,   0,  -12 }, // U+014F
  {  4607,   9,  15,   9,   0,  -12 }, // U+0150
  {  4624,   9,  15,   9,   0,  -12 }, // U+0151
  {  4641,   9,  15,   9,   0,  -12 }, // U+0152
  {  4658,   9,  15,   9,   0,  -12 }, // U+0153
  {  4675,   9,  15,   9,   0,  -12 }, // U+0154
  {  4692,   9,  15,   9,   0,  -12 }, // U+0155
  {  4709,   9,  15,   9,   0,  -12 }, // U+0156
  {  4726,   9,  15,   9,   0,  -12 }, // U+0157
  {  4743,   9,  15,   9,   0,  -12 }, // U+0158
  {  4760,   9,  15,   9,   0,  -12 }, // U+0159
  {  4777,   9,  15,   9,   0,  -12 }, // U+015A
  {  4794,   9,  15,   9,   0,  -12 }, // U+015B
  {  4811,   9,  15,   9,   0,  -12 }, // U+015C
  {  4828,   9,  15,   9,   0,  -12 }, // U+015D
  {  4845,   9,  15,   9,   0,  -12 }, // U+015E
  {  4862,   9,  15,   9,   0,  -12 }, // U+015F
  {  4879,   9,  15,   9,   0,  -12 }, // U+0160
  {  4896,   9,  15,   9,   0,  -12 }, // U+0161
  {  4913,   9,  15,   9,   0,  -12 }, // U+0162
  {  4930,   9,  15,   9,   0,  -12 }, // U+0163
  {  4947,   9,  15,   9,   0,  -12 }, // U+0164
  {  4964,   9,  15,   9,   0,  -12 }, // U+0165
  {  4981,   9,  15,   9,   0,  -12 }, // U+0166
  {  4998,   9,  15,   9,   0,  -12 }, // U+0167
  {  5015,   9,  15,   9,   0,  -12 }, // U+0168
  {  5032,   9,  15,   9,   0,  -12 }, // U+0169
  {  5049,   9,  15,   9,   0,  -12 }, // U+016A
  {  5066,   9,  15,   9,   0,  -12 }, // U+016B
  {  5083,   9,  15,   9,   0,  -12 }, // U+016C
  {  5100,   9,  15,   9,   0,  -12 }, // U+016D
  {  5117,   9,  15,   9,   0,  -12 }, // U+016E
  {  5134,   9,  15,   9,   0,  -12 }, // U+016F
  {  5151,   9,  15,   9,   0,  -12 }, // U+0170
  {  5168,   9,  15,   9,   0,  -12 }, // U+0171
  {  5185,   9,  15,   9,   0,  -12 }, // U+0172
  {  5202,   9,  15,   9,   0,  -12 }, // U+0173
  {  5219,   9,  15,   9,   0,  -12 }, // U+0174
  {  5236,   9,  15,   9,   0,  -12 }, // U+0175
  {  5253,   9,  15,   9,   0,  -12 }, // U+0176
  {  5270,   9,  15,   9,   0,  -12 }, // U+0177
  {  5287,   9,  15,   9,   0,  -12 }, // U+0178
  {  5304,   9,  15,   9,   0,  -12 }, // U+0179
  {  5321,   9,  15,   9,   0,  -12 }, // U+017A
  {  5338,   9,  15,   9,   0,  -12 }, // U+017B
  {  5355,   9,  15,   9,   0,  -12 }, // U+017C
  {  5372,   9,  15,   9,   0,  -12 }, // U+017D
  {  5389,   9,  15,   9,   0,  -12 }, // U+017E
  {  5406,   9,  15,   9,   0,  -12 }, // U+017F
  {  5423,   9,  15,   9,   0,  -12 }, // U+0180
  {  5440,   9,  15,   9,   0,  -12 }, // U+0181
  {  5457,   9,  15,   9,   0,  -12 }, // U+0182
  {  5474,   9,  15,   9,   0,  -12 }, // U+0183
  {  5491,   9,  15,   9,   0,  -12 }, // U+0184
  {  5508,   9,  15,   9,   0,  -12 }, // U+0185
  {  5525,   9,  15,   9,   0,  -12 }, // U+0186
  {  5542,   9,  15,   9,   0,  -12 }, // U+0187
  {  5559,   9,  15,   9,   0,  -12 }, // U+0188
  {  5576,   9,  15,   9,   0,  -12 }, // U+0189
  {  5593,   9,  15,   9,   0,  -12 }, // U+018A
  {  5610,   9,  15,   9,   0,  -12 }, // U+018B
  {  5627,   9,  15,   9,   0,  -12 }, // U+018C
  {  5644,   9,  15,   9,   0,  -12 }, // U+018D
  {  5661,   9,  15,   9,   0,  -12 }, // U+018E
  {  5678,   9,  15,   9,   0,  -12 }, // U+018F
  {  5695,   9,  15,   9,   0,  -12 }, // U+0190
  {  5712,   9,  15,   9,   0,  -12 }, // U+0191
  {  5729,   9,  15,   9,   0,  -12 }, // U+0192
  {  5746,   9,  15,   9,   0,  -12 }, // U+0193
  {  5763,   9,  15,   9,   0,  -12 }, // U+0194
  {  5780,   9,  15,   9,   0,  -12 }, // U+0195
  {  5797,   9,  15,   9,   0,  -12 }, // U+0196
  {  5814,   9,  15,   9,   0,  -12 }, // U+0197
  {  5831,   9,  15,   9,   0,  -12 }, // U+0198
  {  5848,   9,  15,   9,   0,  -12 }, // U+0199
  {  5865,   9,  15,   9,   0,  -12 }, // U+019A
  {  5882,   9,  15,   9,   0,  -12 }, // U+019B
  {  5899,   9,  15,   9,   0,  -12 }, // U+019C
  {  5916,   9,  15,   9,   0,  -12 }, // U+019D
  {  5933,   9,  15,   9,   0,  -12 }, // U+019E
  {  5950,   9,  15,   9,   0,  -12 }, // U+019F
  {  5967,   9,  15,   9,   0,  -12 }, // U+01A0
  {  5984,   9,  15,   9,   0,  -12 }, // U+01A1
  {  6001,   9,  15,   9,   0,  -12 }, // U+01A2
  {  6018,   9,  15,   9,   0,  -12 }, // U+01A3
  {  6035,   9,  15,   9,   0,  -12 }, // U+01A4
  {  6052,   9,  15,   9,   0,  -12 }, // U+01A5
  {  6069,   9,  15,   9,   0,  -12 }, // U+01A6
  {  6086,   9,  15,   9,   0,  -12 }, // U+01A7
  {  6103,   9,  15,   9,   0,  -12 }, // U+01A8
  {  6120,   9,  15,   9,   0,  -12 }, // U+01A9
  {  6137,   9,  15,   9,   0,  -12 }, // U+01AA
  {  6154,   9,  15,   9,   0,  -12 }, // U+01AB
  {  6171,   9,  15,   9,   0,  -12 }, // U+01AC
  {  6188,   9,  15,   9,   0,  -12 }, // U+01AD
  {  6205,   9,  15,   9,   0,  -12 }, // U+01AE
  {  6222,   9,  15,   9,   0,  -12 }, // U+01AF
  {  6239,   9,  15,   9,   0,  -12 }, // U+01B0
  {  6256,   9,  15,   9,   0,  -12 }, // U+01B1
  {  6273,   9,  15,   9,   0,  -12 }, // U+01B2
  {  6290,   9,  15,   9,   0,  -12 }, // U+01B3
  {  6307,   9,  15,   9,   0,  -12 }, // U+01B4
  {  6324,   9,  15,   9,   0,  -12 }, // U+01B5
  {  6341,   9,  15,   9,   0,  -12 }, // U+01B6
  {  6358,   9,  15,   9,   0,  -12 }, // U+01B7
  {  6375,   9,  15,   9,   0,  -12 }, // U+01B8
  {  6392,   9,  15,   9,   0,  -12 }, // U+01B9
  {  6409,   9,  15,   9,   0,  -12 }, // U+01BA
  {  6426,   9,  15,   9,   0,  -12 }, // U+01BB
  {  6443,   9,  15,   9,   0,  -12 }, // U+01BC
  {  6460,   9,  15,   9,   0,  -12 }, // U+01BD
  {  6477,   9,  15,   9,   0,  -12 }, // U+01BE
  {  6494,   9,  15,   9,   0,  -12 }, // U+01BF
  {  6511,   9,  15,   9,   0,  -12 }, // U+01C0
  {  6528,   9,  15,   9,   0,  -12 }, // U+01C1
  {  6545,   9,  15,   9,   0,  -12 }, // U+01C2
  {  6562,   9,  15,   9,   0,  -12 }, // U+01C3
  {  6579,   9,  15,   9,   0,  -12 }, // U+01C4
  {  6596,   9,  15,   9,   0,  -12 }, // U+01C5
  {  6613,   9,  15,   9,   0,  -12 }, // U+01C6
  {  6630,   9,  15,   9,   0,  -12 }, // U+01C7
  {  6647,   9,  15,   9,   0,  -12 }, // U+01C8
  {  6664,   9,  15,   9,   0,  -12 }, // U+01C9
  {  6681,   9,  15,   9,   0,  -12 }, // U+01CA
  {  6698,   9,  15,   9,   0,  -12 }, // U+01CB
  {  6715,   9,  15,   9,   0,  -12 }, // U+01CC
  {  6732,   9,  15,   9,   0,  -12 }, // U+01CD
  {  6749,   9,  15,   9,   0,  -12 }, // U+01CE
  {  6766,   9,  15,   9,   0,  -12 }, // U+01CF
  {  6783,   9,  15,   9,   0,  -12 }, // U+01D0
  {  6800,   9,  15,   9,   0,  -12 }, // U+01D1
  {  6817,   9,  15,   9,   0,  -12 }, // U+01D2
  {  6834,   9,  15,   9,   0,  -12 }, // U+01D3
  {  6851,   9,  15,   9,   0,  -12 }, // U+01D4
  {  6868,   9,  15,   9,   0,  -12 }, // U+01D5
  {  6885,   9,  15,   9,   0,  -12 }, // U+01D6
  {  6902,   9,  15,   9,   0,  -12 }, // U+01D7
  {  6919,   9,  15,   9,   0,  -12 }, // U+01D8
  {  6936,   9,  15,   9,   0,  -12 }, // U+01D9
  {  6953,   9,  15,   9,   0,  -12 }, // U+01DA
  {  6970,   9,  15,   9,   0,  -12 }, // U+01DB
  {  6987,   9,  15,   9,   0,  -12 }, // U+01DC
  {  7004,   9,  15,   9,   0,  -12 }, // U+01DD
  {  7021,   9,  15,   9,   0,  -12 }, // U+01DE
  {  7038,   9,  15,   9,   0,  -12 }, // U+01DF
  {  7055,   9,  15,   9,   0,  -12 }, // U+01E0
  {  7072,   9,  15,   9,   0,  -12 }, // U+01E1
  {  7089,   9,  15,   9,   0,  -12 }, // U+01E2
  {  7106,   9,  15,   9,   0,  -12 }, // U+01E3
  {  7123,   9,  15,   9,   0,  -12 }, // U+01E4
  {  7140,   9,  15,   9,   0,  -12 }, // U+01E5
  {  7157,   9,  15,   9,   0,  -12 }, // U+01E6
  {  7174,   9,  15,   9,   0,  -12 }, // U+01E7
  {  7191,   9,  15,   9,   0,  -12 }, // U+01E8
  {  7208,   9,  15,   9,   0,  -12 }, // U+01E9
  {  7225,   9,  15,   9,   0,  -12 }, // U+01EA
  {  7242,   9,  15,   9,   0,  -12 }, // U+01EB
  {  7259,   9,  15,   9,   0,  -12 }, // U+01EC
  {  7276,   9,  15,   9,   0,  -12 }, // U+01ED
  {  7293,   9,  15,   9,   0,  -12 }, // U+01EE
  {  7310,   9,  15,   9,   0,  -12 }, // U+01EF
  {  7327,   9,  15,   9,   0,  -12 }, // U+01F0
  {  7344,   9,  15,   9,   0,  -12 }, // U+01F1
  {  7361,   9,  15,   9,   0,  -12 }, // U+01F2
  {  7378,   9,  15,   9,   0,  -12 }, // U+01F3
  {  7395,   9,  15,   9,   0,  -12 }, // U+01F4
  {  7412,   9,  15,   9,   0,  -12 }, // U+01F5
  {  7429,   9,  15,   9,   0,  -12 }, // U+01F6
  {  7446,   9,  15,   9,   0,  -12 }, // U+01F7
  {  7463,   9,  15,   9,   0,  -12 }, // U+01F8
  {  7480,   9,  15,   9,   0,  -12 }, // U+01F9
  {  7497,   9,  15,   9,   0,  -12 }, // U+01FA
  {  7514,   9,  15,   9,   0,  -12 }, // U+01FB
  {  7531,   9,  15,   9,   0,  -12 }, // U+01FC
  {  7548,   9,  15,   9,   0,  -12 }, // U+01FD
  {  7565,   9,  15,   9,   0,  -12 }, // U+01FE
  {  7582,   9,  15,   9,   0,  -12 }, // U+01FF
  {  7599,   9,  15,   9,   0,  -12 }, // U+0200
  {  7616,   9,  15,   9,   0,  -12 }, // U+0201
  {  7633,   9,  15,   9,   0,  -12 }, // U+0202
  {  7650,   9,  15,   9,   0,  -12 }, // U+0203
  {  7667,   9,  15,   9,   0,  -12 }, // U+0204
  {  7684,   9,  15,   9,   0,  -12 }, // U+0205
  {  7701,   9,  15,   9,   0,  -12 }, // U+0206
  {  7718,   9,  15,   9,   0,  -12 }, // U+0207
  {  7735,   9,  15,   9,   0,  -12 }, // U+0208
  {  7752,   9,  15,   9,   0,  -12 }, // U+0209
  {  7769,   9,  15,   9,   0,  -12 }, // U+020A
  {  7786,   9,  15,   9,   0,  -12 }, // U+020B
  {  7803,   9,  15,   9,   0,  -12 }, // U+020C
  {  7820,   9,  15,   9,   0,  -12 }, // U+020D
  {  7837,   9,  15,   9,   0,  -12 }, // U+020E
  {  7854,   9,  15,   9,   0,  -12 }, // U+020F
  {  7871,   9,  15,   9,   0,  -12 }, // U+0210
  {  7888,   9,  15,   9,   0,  -12 }, // U+0211
  {  7905,   9,  15,   9,   0,  -12 }, // U+0212
  {  7922,   9,  15,   9,   0,  -12 }, // U+0213
  {  7939,   9,  15,   9,   0,  -12 }, // U+0214
  {  7956,   9,  15,   9,   0,  -12 }, // U+0215
  {  7973,   9,  15,   9,   0,  -12 }, // U+0216
  {  7990,   9,  15,   9,   0,  -12 }, // U+0217
  {  8007,   9,  15,   9,   0,  -12 }, // U+0218
  {  8024,   9,  15,   9,   0,  -12 }, // U+0219
  {  8041,   9,  15,   9,   0,  -12 }, // U+021A
  {  8058,   9,  15,   9,   0,  -12 }, // U+021B
  {  8075,   9,  15,   9,   0,  -12 }, // U+021C
  {  8092,   9,  15,   9,   0,  -12 }, // U+021D
  {  8109,   9,  15,   9,   0,  -12 }, // U+021E
  {  8126,   9,  15,   9,   0,  -12 }, // U+021F
  {  8143,   9,  15,   9,   0,  -12 }, // U+0220
  {  8160,   0,   0,   9,   0,    0 }, // U+0221 (placeholder)
  {  8160,   9,  15,   9,   0,  -12 }, // U+0222
  {  8177,   9,  15,   9,   0,  -12 }, // U+0223
  {  8194,   9,  15,   9,   0,  -12 }, // U+0224
  {  8211,   9,  15,   9,   0,  -12 }, // U+0225
  {  8228,   9,  15,   9,   0,  -12 }, // U+0226
  {  8245,   9,  15,   9,   0,  -12 }, // U+0227
  {  8262,   9,  15,   9,   0,  -12 }, // U+0228
  {  8279,   9,  15,   9,   0,  -12 }, // U+0229
  {  8296,   9,  15,   9,   0,  -12 }, // U+022A
  {  8313,   9,  15,   9,   0,  -12 }, // U+022B
  {  8330,   9,  15,   9,   0,  -12 }, // U+022C
  {  8347,   9,  15,   9,   0,  -12 }, // U+022D
  {  8364,   9,  15,   9,   0,  -12 }, // U+022E
  {  8381,   9,  15,   9,   0,  -12 }, // U+022F
  {  8398,   9,  15,   9,   0,  -12 }, // U+0230
  {  8415,   9,  15,   9,   0,  -12 }, // U+0231
  {  8432,   9,  15,   9,   0,  -12 }, // U+0232
  {  8449,   9,  15,   9,   0,  -12 }, // U+0233
  {  8466,   0,   0,   9,   0,    0 }, // U+0234 (placeholder)
  {  8466,   0,   0,   9,   0,    0 }, // U+0235 (placeholder)
  {  8466,   0,   0,   9,   0,    0 }, // U+0236 (placeholder)
  {  8466,   0,   0,   9,   0,    0 }, // U+0237 (placeholder)
  {  8466,   0,   0,   9,   0,    0 }, // U+0238 (placeholder)
  {  8466,   0,   0,   9,   0,    0 }, // U+0239 (placeholder)
  {  8466,   0,   0,   9,   0,    0 }, // U+023A (placeholder)
  {  8466,   0,   0,   9,   0,    0 }, // U+023B (placeholder)
  {  8466,   0,   0,   9,   0,    0 }, // U+023C (placeholder)
  {  8466,   0,   0,   9,   0,    0 }, // U+023D (placeholder)
  {  8466,   0,   0,   9,   0,    0 }, // U+023E (placeholder)
  {  8466,   0,   0,   9,   0,    0 }, // U+023F (placeholder)
  {  8466,   0,   0,   9,   0,    0 }, // U+0240 (placeholder)
  {  8466,   0,   0,   9,   0,    0 }, // U+0241 (placeholder)
  {  8466,   0,   0,   9,   0,    0 }, // U+0242 (placeholder)
  {  8466,   0,   0,   9,   0,    0 }, // U+0243 (placeholder)
  {  8466,   0,   0,   9,   0,    0 }, // U+0244 (placeholder)
  {  8466,   0,   0,   9,   0,    0 }, // U+0245 (placeholder)
  {  8466,   0,   0,   9,   0,    0 }, // U+0246 (placeholder)
  {  8466,   0,   0,   9,   0,    0 }, // U+0247 (placeholder)
  {  8466,   0,   0,   9,   0,    0 }, // U+0248 (placeholder)
  {  8466,   0,   0,   9,   0,    0 }, // U+0249 (placeholder)
  {  8466,   0,   0,   9,   0,    0 }, // U+024A (placeholder)
  {  8466,   0,   0,   9,   0,    0 }, // U+024B (placeholder)
  {  8466,   0,   0,   9,   0,    0 }, // U+024C (placeholder)
  {  8466,   0,   0,   9,   0,    0 }, // U+024D (placeholder)
  {  8466,   0,   0,   9,   0,    0 }, // U+024E (placeholder)
  {  8466,   0,   0,   9,   0,    0 }, // U+024F (placeholder)
  {  8466,   9,  15,   9,   0,  -12 }, // U+0250
  {  8483,   9,  15,   9,   0,  -12 }, // U+0251
  {  8500,   9,  15,   9,   0,  -12 }, // U+0252
  {  8517,   9,  15,   9,   0,  -12 }, // U+0253
  {  8534,   9,  15,   9,   0,  -12 }, // U+0254
  {  8551,   9,  15,   9,   0,  -12 }, // U+0255
  {  8568,   9,  15,   9,   0,  -12 }, // U+0256
  {  8585,   9,  15,   9,   0,  -12 }, // U+0257
  {  8602,   9,  15,   9,   0,  -12 }, // U+0258
  {  8619,   9,  15,   9,   0,  -12 }, // U+0259
  {  8636,   9,  15,   9,   0,  -12 }, // U+025A
  {  8653,   9,  15,   9,   0,  -12 }, // U+025B
  {  8670,   9,  15,   9,   0,  -12 }, // U+025C
  {  8687,   9,  15,   9,   0,  -12 }, // U+025D
  {  8704,   9,  15,   9,   0,  -12 }, // U+025E
  {  8721,   9,  15,   9,   0,  -12 }, // U+025F
  {  8738,   9,  15,   9,   0,  -12 }, // U+0260
  {  8755,   9,  15,   9,   0,  -12 }, // U+0261
  {  8772,   9,  15,   9,   0,  -12 }, // U+0262
  {  8789,   9,  15,   9,   0,  -12 }, // U+0263
  {  8806,   9,  15,   9,   0,  -12 }, // U+0264
  {  8823,   9,  15,   9,   0,  -12 }, // U+0265
  {  8840,   9,  15,   9,   0,  -12 }, // U+0266
  {  8857,   9,  15,   9,   0,  -12 }, // U+0267
  {  8874,   9,  15,   9,   0,  -12 }, // U+0268
  {  8891,   9,  15,   9,   0,  -12 }, // U+0269
  {  8908,   9,  15,   9,   0,  -12 }, // U+026A
  {  8925,   9,  15,   9,   0,  -12 }, // U+026B
  {  8942,   9,  15,   9,   0,  -12 }, // U+026C
  {  8959,   9,  15,   9,   0,  -12 }, // U+026D
  {  8976,   9,  15,   9,   0,  -12 }, // U+026E
  {  8993,   9,  15,   9,   0,  -12 }, // U+026F
  {  9010,   9,  15,   9,   0,  -12 }, // U+0270
  {  9027,   9,  15,   9,   0,  -12 }, // U+0271
  {  9044,   9,  15,   9,   0,  -12 }, // U+0272
  {  9061,   9,  15,   9,   0,  -12 }, // U+0273
  {  9078,   9,  15,   9,   0,  -12 }, // U+0274
  {  9095,   9,  15,   9,   0,  -12 }, // U+0275
  {  9112,   9,  15,   9,   0,  -12 }, // U+0276
  {  9129,   9,  15,   9,   0,  -12 }, // U+0277
  {  9146,   9,  15,   9,   0,  -12 }, // U+0278
  {  9163,   9,  15,   9,   0,  -12 }, // U+0279
  {  9180,   9,  15,   9,   0,  -12 }, // U+027A
  {  9197,   9,  15,   9,   0,  -12 }, // U+027B
  {  9214,   9,  15,   9,   0,  -12 }, // U+027C
  {  9231,   9,  15,   9,   0,  -12 }, // U+027D
  {  9248,   9,  15,   9,   0,  -12 }, // U+027E
  {  9265,   9,  15,   9,   0,  -12 }, // U+027F
  {  9282,   9,  15,   9,   0,  -12 }, // U+0280
  {  9299,   9,  15,   9,   0,  -12 }, // U+0281
  {  9316,   9,  15,   9,   0,  -12 }, // U+0282
  {  9333,   9,  15,   9,   0,  -12 }, // U+0283
  {  9350,   9,  15,   9,   0,  -12 }, // U+0284
  {  9367,   9,  15,   9,   0,  -12 }, // U+0285
  {  9384,   9,  15,   9,   0,  -12 }, // U+0286
  {  9401,   9,  15,   9,   0,  -12 }, // U+0287
  {  9418,   9,  15,   9,   0,  -12 }, // U+0288
  {  9435,   9,  15,   9,   0,  -12 }, // U+0289
  {  9452,   9,  15,   9,   0,  -12 }, // U+028A
  {  9469,   9,  15,   9,   0,  -12 }, // U+028B
  {  9486,   9,  15,   9,   0,  -12 }, // U+028C
  {  9503,   9,  15,   9,   0,  -12 }, // U+028D
  {  9520,   9,  15,   9,   0,  -12 }, // U+028E
  {  9537,   9,  15,   9,   0,  -12 }, // U+028F
  {  9554,   9,  15,   9,   0,  -12 }, // U+0290
  {  9571,   9,  15,   9,   0,  -12 }, // U+0291
  {  9588,   9,  15,   9,   0,  -12 }, // U+0292
  {  9605,   9,  15,   9,   0,  -12 }, // U+0293
  {  9622,   9,  15,   9,   0,  -12 }, // U+0294
  {  9639,   9,  15,   9,   0,  -12 }, // U+0295
  {  9656,   9,  15,   9,   0,  -12 }, // U+0296
  {  9673,   9,  15,   9,   0,  -12 }, // U+0297
  {  9690,   9,  15,   9,   0,  -12 }, // U+0298
  {  9707,   9,  15,   9,   0,  -12 }, // U+0299
  {  9724,   9,  15,   9,   0,  -12 }, // U+029A
  {  9741,   9,  15,   9,   0,  -12 }, // U+029B
  {  9758,   9,  15,   9,   0,  -12 }, // U+029C
  {  9775,   9,  15,   9,   0,  -12 }, // U+029D
  {  9792,   9,  15,   9,   0,  -12 }, // U+029E
  {  9809,   9,  15,   9,   0,  -12 }, // U+029F
  {  9826,   9,  15,   9,   0,  -12 }, // U+02A0
  {  9843,   9,  15,   9,   0,  -12 }, // U+02A1
  {  9860,   9,  15,   9,   0,  -12 }, // U+02A2
  {  9877,   9,  15,   9,   0,  -12 }, // U+02A3
  {  9894,   9,  15,   9,   0,  -12 }, // U+02A4
  {  9911,   9,  15,   9,   0,  -12 }, // U+02A5
  {  9928,   9,  15,   9,   0,  -12 }, // U+02A6
  {  9945,   9,  15,   9,   0,  -12 }, // U+02A7
  {  9962,   9,  15,   9,   0,  -12 }, // U+02A8
  {  9979,   9,  15,   9,   0,  -12 }, // U+02A9
  {  9996,   9,  15,   9,   0,  -12 }, // U+02AA
  { 10013,   9,  15,   9,   0,  -12 }, // U+02AB
  { 10030,   9,  15,   9,   0,  -12 }, // U+02AC
  { 10047,   9,  15,   9,   0,  -12 }, // U+02AD
  { 10064,   0,   0,   9,   0,    0 }, // U+02AE (placeholder)
  { 10064,   0,   0,   9,   0,    0 }, // U+02AF (placeholder)
  { 10064,   9,  15,   9,   0,  -12 }, // U+02B0
  { 10081,   9,  15,   9,   0,  -12 }, // U+02B1
  { 10098,   9,  15,   9,   0,  -12 }, // U+02B2
  { 10115,   9,  15,   9,   0,  -12 }, // U+02B3
  { 10132,   9,  15,   9,   0,  -12 }, // U+02B4
  { 10149,   9,  15,   9,   0,  -12 }, // U+02B5
  { 10166,   9,  15,   9,   0,  -12 }, // U+02B6
  { 10183,   9,  15,   9,   0,  -12 }, // U+02B7
  { 10200,   9,  15,   9,   0,  -12 }, // U+02B8
  { 10217,   9,  15,   9,   0,  -12 }, // U+02B9
  { 10234,   9,  15,   9,   0,  -12 }, // U+02BA
  { 10251,   9,  15,   9,   0,  -12 }, // U+02BB
  { 10268,   9,  15,   9,   0,  -12 }, // U+02BC
  { 10285,   9,  15,   9,   0,  -12 }, // U+02BD
  { 10302,   9,  15,   9,   0,  -12 }, // U+02BE
  { 10319,   9,  15,   9,   0,  -12 }, // U+02BF
  { 10336,   9,  15,   9,   0,  -12 }, // U+02C0
  { 10353,   9,  15,   9,   0,  -12 }, // U+02C1
  { 10370,   9,  15,   9,   0,  -12 }, // U+02C2
  { 10387,   9,  15,   9,   0,  -12 }, // U+02C3
  { 10404,   9,  15,   9,   0,  -12 }, // U+02C4
  { 10421,   9,  15,   9,   0,  -12 }, // U+02C5
  { 10438,   9,  15,   9,   0,  -12 }, // U+02C6
  { 10455,   9,  15,   9,   0,  -12 }, // U+02C7
  { 10472,   9,  15,   9,   0,  -12 }, // U+02C8
  { 10489,   9,  15,   9,   0,  -12 }, // U+02C9
  { 10506,   9,  15,   9,   0,  -12 }, // U+02CA
  { 10523,   9,  15,   9,   0,  -12 }, // U+02CB
  { 10540,   9,  15,   9,   0,  -12 }, // U+02CC
  { 10557,   9,  15,   9,   0,  -12 }, // U+02CD
  { 10574,   9,  15,   9,   0,  -12 }, // U+02CE
  { 10591,   9,  15,   9,   0,  -12 }, // U+02CF
  { 10608,   9,  15,   9,   0,  -12 }, // U+02D0
  { 10625,   9,  15,   9,   0,  -12 }, // U+02D1
  { 10642,   9,  15,   9,   0,  -12 }, // U+02D2
  { 10659,   9,  15,   9,   0,  -12 }, // U+02D3
  { 10676,   9,  15,   9,   0,  -12 }, // U+02D4
  { 10693,   9,  15,   9,   0,  -12 }, // U+02D5
  { 10710,   9,  15,   9,   0,  -12 }, // U+02D6
  { 10727,   9,  15,   9,   0,  -12 }, // U+02D7
  { 10744,   9,  15,   9,   0,  -12 }, // U+02D8
  { 10761,   9,  15,   9,   0,  -12 }, // U+02D9
  { 10778,   9,  15,   9,   0,  -12 }, // U+02DA
  { 10795,   9,  15,   9,   0,  -12 }, // U+02DB
  { 10812,   9,  15,   9,   0,  -12 }, // U+02DC
  { 10829,   9,  15,   9,   0,  -12 }, // U+02DD
  { 10846,   9,  15,   9,   0,  -12 }, // U+02DE
  { 10863,   9,  15,   9,   0,  -12 }, // U+02DF
  { 10880,   9,  15,   9,   0,  -12 }, // U+02E0
  { 10897,   9,  15,   9,   0,  -12 }, // U+02E1
  { 10914,   9,  15,   9,   0,  -12 }, // U+02E2
  { 10931,   9,  15,   9,   0,  -12 }, // U+02E3
  { 10948,   9,  15,   9,   0,  -12 }, // U+02E4
  { 10965,   9,  15,   9,   0,  -12 }, // U+02E5
  { 10982,   9,  15,   9,   0,  -12 }, // U+02E6
  { 10999,   9,  15,   9,   0,  -12 }, // U+02E7
  { 11016,   9,  15,   9,   0,  -12 }, // U+02E8
  { 11033,   9,  15,   9,   0,  -12 }, // U+02E9
  { 11050,   9,  15,   9,   0,  -12 }, // U+02EA
  { 11067,   9,  15,   9,   0,  -12 }, // U+02EB
  { 11084,   9,  15,   9,   0,  -12 }, // U+02EC
  { 11101,   9,  15,   9,   0,  -12 }, // U+02ED
  { 11118,   9,  15,   9,   0,  -12 }, // U+02EE
  { 11135,   0,   0,   9,   0,    0 }, // U+02EF (placeholder)
  { 11135,   0,   0,   9,   0,    0 }, // U+02F0 (placeholder)
  { 11135,   0,   0,   9,   0,    0 }, // U+02F1 (placeholder)
  { 11135,   0,   0,   9,   0,    0 }, // U+02F2 (placeholder)
  { 11135,   0,   0,   9,   0,    0 }, // U+02F3 (placeholder)
  { 11135,   0,   0,   9,   0,    0 }, // U+02F4 (placeholder)
  { 11135,   0,   0,   9,   0,    0 }, // U+02F5 (placeholder)
  { 11135,   0,   0,   9,   0,    0 }, // U+02F6 (placeholder)
  { 11135,   0,   0,   9,   0,    0 }, // U+02F7 (placeholder)
  { 11135,   0,   0,   9,   0,    0 }, // U+02F8 (placeholder)
  { 11135,   0,   0,   9,   0,    0 }, // U+02F9 (placeholder)
  { 11135,   0,   0,   9,   0,    0 }, // U+02FA (placeholder)
  { 11135,   0,   0,   9,   0,    0 }, // U+02FB (placeholder)
  { 11135,   0,   0,   9,   0,    0 }, // U+02FC (placeholder)
  { 11135,   0,   0,   9,   0,    0 }, // U+02FD (placeholder)
  { 11135,   0,   0,   9,   0,    0 }, // U+02FE (placeholder)
  { 11135,   0,   0,   9,   0,    0 }, // U+02FF (placeholder)
  { 11135,   9,  15,   9,   0,  -12 }, // U+0300
  { 11152,   9,  15,   9,   0,  -12 }, // U+0301
  { 11169,   9,  15,   9,   0,  -12 }, // U+0302
  { 11186,   9,  15,   9,   0,  -12 }, // U+0303
  { 11203,   9,  15,   9,   0,  -12 }, // U+0304
  { 11220,   9,  15,   9,   0,  -12 }, // U+0305
  { 11237,   9,  15,   9,   0,  -12 }, // U+0306
  { 11254,   9,  15,   9,   0,  -12 }, // U+0307
  { 11271,   9,  15,   9,   0,  -12 }, // U+0308
  { 11288,   9,  15,   9,   0,  -12 }, // U+0309
  { 11305,   9,  15,   9,   0,  -12 }, // U+030A
  { 11322,   9,  15,   9,   0,  -12 }, // U+030B
  { 11339,   9,  15,   9,   0,  -12 }, // U+030C
  { 11356,   9,  15,   9,   0,  -12 }, // U+030D
  { 11373,   9,  15,   9,   0,  -12 }, // U+030E
  { 11390,   9,  15,   9,   0,  -12 }, // U+030F
  { 11407,   9,  15,   9,   0,  -12 }, // U+0310
  { 11424,   9,  15,   9,   0,  -12 }, // U+0311
  { 11441,   9,  15,   9,   0,  -12 }, // U+0312
  { 11458,   9,  15,   9,   0,  -12 }, // U+0313
  { 11475,   9,  15,   9,   0,  -12 }, // U+0314
  { 11492,   9,  15,   9,   0,  -12 }, // U+0315
  { 11509,   9,  15,   9,   0,  -12 }, // U+0316
  { 11526,   9,  15,   9,   0,  -12 }, // U+0317
  { 11543,   9,  15,   9,   0,  -12 }, // U+0318
  { 11560,   9,  15,   9,   0,  -12 }, // U+0319
  { 11577,   9,  15,   9,   0,  -12 }, // U+031A
  { 11594,   9,  15,   9,   0,  -12 }, // U+031B
  { 11611,   9,  15,   9,   0,  -12 }, // U+031C
  { 11628,   9,  15,   9,   0,  -12 }, // U+031D
  { 11645,   9,  15,   9,   0,  -12 }, // U+031E
  { 11662,   9,  15,   9,   0,  -12 }, // U+031F
  { 11679,   9,  15,   9,   0,  -12 }, // U+0320
  { 11696,   9,  15,   9,   0,  -12 }, // U+0321
  { 11713,   9,  15,   9,   0,  -12 }, // U+0322
  { 11730,   9,  15,   9,   0,  -12 }, // U+0323
  { 11747,   9,  15,   9,   0,  -12 }, // U+0324
  { 11764,   9,  15,   9,   0,  -12 }, // U+0325
  { 11781,   9,  15,   9,   0,  -12 }, // U+0326
  { 11798,   9,  15,   9,   0,  -12 }, // U+0327
  { 11815,   9,  15,   9,   0,  -12 }, // U+0328
  { 11832,   9,  15,   9,   0,  -12 }, // U+0329
  { 11849,   9,  15,   9,   0,  -12 }, // U+032A
  { 11866,   9,  15,   9,   0,  -12 }, // U+032B
  { 11883,   9,  15,   9,   0,  -12 }, // U+032C
  { 11900,   9,  15,   9,   0,  -12 }, // U+032D
  { 11917,   9,  15,   9,   0,  -12 }, // U+032E
  { 11934,   9,  15,   9,   0,  -12 }, // U+032F
  { 11951,   9,  15,   9,   0,  -12 }, // U+0330
  { 11968,   9,  15,   9,   0,  -12 }, // U+0331
  { 11985,   9,  15,   9,   0,  -12 }, // U+0332
  { 12002,   9,  15,   9,   0,  -12 }, // U+0333
  { 12019,   9,  15,   9,   0,  -12 }, // U+0334
  { 12036,   9,  15,   9,   0,  -12 }, // U+0335
  { 12053,   9,  15,   9,   0,  -12 }, // U+0336
  { 12070,   9,  15,   9,   0,  -12 }, // U+0337
  { 12087,   9,  15,   9,   0,  -12 }, // U+0338
  { 12104,   9,  15,   9,   0,  -12 }, // U+0339
  { 12121,   9,  15,   9,   0,  -12 }, // U+033A
  { 12138,   9,  15,   9,   0,  -12 }, // U+033B
  { 12155,   9,  15,   9,   0,  -12 }, // U+033C
  { 12172,   9,  15,   9,   0,  -12 }, // U+033D
  { 12189,   9,  15,   9,   0,  -12 }, // U+033E
  { 12206,   9,  15,   9,   0,  -12 }, // U+033F
  { 12223,   9,  15,   9,   0,  -12 }, // U+0340
  { 12240,   9,  15,   9,   0,  -12 }, // U+0341
  { 12257,   9,  15,   9,   0,  -12 }, // U+0342
  { 12274,   9,  15,   9,   0,  -12 }, // U+0343
  { 12291,   9,  15,   9,   0,  -12 }, // U+0344
  { 12308,   9,  15,   9,   0,  -12 }, // U+0345
  { 12325,   9,  15,   9,   0,  -12 }, // U+0346
  { 12342,   9,  15,   9,   0,  -12 }, // U+0347
  { 12359,   9,  15,   9,   0,  -12 }, // U+0348
  { 12376,   9,  15,   9,   0,  -12 }, // U+0349
  { 12393,   9,  15,   9,   0,  -12 }, // U+034A
  { 12410,   9,  15,   9,   0,  -12 }, // U+034B
  { 12427,   9,  15,   9,   0,  -12 }, // U+034C
  { 12444,   9,  15,   9,   0,  -12 }, // U+034D
  { 12461,   9,  15,   9,   0,  -12 }, // U+034E
  { 12478,   9,  15,   9,   0,  -12 }, // U+034F
  { 12495,   0,   0,   9,   0,    0 }, // U+0350 (placeholder)
  { 12495,   0,   0,   9,   0,    0 }, // U+0351 (placeholder)
  { 12495,   0,   0,   9,   0,    0 }, // U+0352 (placeholder)
  { 12495,   0,   0,   9,   0,    0 }, // U+0353 (placeholder)
  { 12495,   0,   0,   9,   0,    0 }, // U+0354 (placeholder)
  { 12495,   0,   0,   9,   0,    0 }, // U+0355 (placeholder)
  { 12495,   0,   0,   9,   0,    0 }, // U+0356 (placeholder)
  { 12495,   0,   0,   9,   0,    0 }, // U+0357 (placeholder)
  { 12495,   0,   0,   9,   0,    0 }, // U+0358 (placeholder)
  { 12495,   0,   0,   9,   0,    0 }, // U+0359 (placeholder)
  { 12495,   0,   0,   9,   0,    0 }, // U+035A (placeholder)
  { 12495,   0,   0,   9,   0,    0 }, // U+035B (placeholder)
  { 12495,   0,   0,   9,   0,    0 }, // U+035C (placeholder)
  { 12495,   0,   0,   9,   0,    0 }, // U+035D (placeholder)
  { 12495,   0,   0,   9,   0,    0 }, // U+035E (placeholder)
  { 12495,   0,   0,   9,   0,    0 }, // U+035F (placeholder)
  { 12495,   9,  15,   9,   0,  -12 }, // U+0360
  { 12512,   9,  15,   9,   0,  -12 }, // U+0361
  { 12529,   9,  15,   9,   0,  -12 }, // U+0362
  { 12546,   9,  15,   9,   0,  -12 }, // U+0363
  { 12563,   9,  15,   9,   0,  -12 }, // U+0364
  { 12580,   9,  15,   9,   0,  -12 }, // U+0365
  { 12597,   9,  15,   9,   0,  -12 }, // U+0366
  { 12614,   9,  15,   9,   0,  -12 }, // U+0367
  { 12631,   9,  15,   9,   0,  -12 }, // U+0368
  { 12648,   9,  15,   9,   0,  -12 }, // U+0369
  { 12665,   9,  15,   9,   0,  -12 }, // U+036A
  { 12682,   9,  15,   9,   0,  -12 }, // U+036B
  { 12699,   9,  15,   9,   0,  -12 }, // U+036C
  { 12716,   9,  15,   9,   0,  -12 }, // U+036D
  { 12733,   9,  15,   9,   0,  -12 }, // U+036E
  { 12750,   9,  15,   9,   0,  -12 }, // U+036F
  { 12767,   0,   0,   9,   0,    0 }, // U+0370 (placeholder)
  { 12767,   0,   0,   9,   0,    0 }, // U+0371 (placeholder)
  { 12767,   0,   0,   9,   0,    0 }, // U+0372 (placeholder)
  { 12767,   0,   0,   9,   0,    0 }, // U+0373 (placeholder)
  { 12767,   9,  15,   9,   0,  -12 }, // U+0374
  { 12784,   9,  15,   9,   0,  -12 }, // U+0375
  { 12801,   0,   0,   9,   0,    0 }, // U+0376 (placeholder)
  { 12801,   0,   0,   9,   0,    0 }, // U+0377 (placeholder)
  { 12801,   0,   0,   9,   0,    0 }, // U+0378 (placeholder)
  { 12801,   0,   0,   9,   0,    0 }, // U+0379 (placeholder)
  { 12801,   9,  15,   9,   0,  -12 }, // U+037A
  { 12818,   0,   0,   9,   0,    0 }, // U+037B (placeholder)
  { 12818,   0,   0,   9,   0,    0 }, // U+037C (placeholder)
  { 12818,   0,   0,   9,   0,    0 }, // U+037D (placeholder)
  { 12818,   9,  15,   9,   0,  -12 }, // U+037E
  { 12835,   0,   0,   9,   0,    0 }, // U+037F (placeholder)
  { 12835,   0,   0,   9,   0,    0 }, // U+0380 (placeholder)
  { 12835,   0,   0,   9,   0,    0 }, // U+0381 (placeholder)
  { 12835,   0,   0,   9,   0,    0 }, // U+0382 (placeholder)
  { 12835,   0,   0,   9,   0,    0 }, // U+0383 (placeholder)
  { 12835,   9,  15,   9,   0,  -12 }, // U+0384
  { 12852,   9,  15,   9,   0,  -12 }, // U+0385
  { 12869,   9,  15,   9,   0,  -12 }, // U+0386
  { 12886,   9,  15,   9,   0,  -12 }, // U+0387
  { 12903,   9,  15,   9,   0,  -12 }, // U+0388
  { 12920,   9,  15,   9,   0,  -12 }, // U+0389
  { 12937,   9,  15,   9,   0,  -12 }, // U+038A
  { 12954,   0,   0,   9,   0,    0 }, // U+038B (placeholder)
  { 12954,   9,  15,   9,   0,  -12 }, // U+038C
  { 12971,   0,   0,   9,   0,    0 }, // U+038D (placeholder)
  { 12971,   9,  15,   9,   0,  -12 }, // U+038E
  { 12988,   9,  15,   9,   0,  -12 }, // U+038F
  { 13005,   9,  15,   9,   0,  -12 }, // U+0390
  { 13022,   9,  15,   9,   0,  -12 }, // U+0391
  { 13039,   9,  15,   9,   0,  -12 }, // U+0392
  { 13056,   9,  15,   9,   0,  -12 }, // U+0393
  { 13073,   9,  15,   9,   0,  -12 }, // U+0394
  { 13090,   9,  15,   9,   0,  -12 }, // U+0395
  { 13107,   9,  15,   9,   0,  -12 }, // U+0396
  { 13124,   9,  15,   9,   0,  -12 }, // U+0397
  { 13141,   9,  15,   9,   0,  -12 }, // U+0398
  { 13158,   9,  15,   9,   0,  -12 }, // U+0399
  { 13175,   9,  15,   9,   0,  -12 }, // U+039A
  { 13192,   9,  15,   9,   0,  -12 }, // U+039B
  { 13209,   9,  15,   9,   0,  -12 }, // U+039C
  { 13226,   9,  15,   9,   0,  -12 }, // U+039D
  { 13243,   9,  15,   9,   0,  -12 }, // U+039E
  { 13260,   9,  15,   9,   0,  -12 }, // U+039F
  { 13277,   9,  15,   9,   0,  -12 }, // U+03A0
  { 13294,   9,  15,   9,   0,  -12 }, // U+03A1
  { 13311,   0,   0,   9,   0,    0 }, // U+03A2 (placeholder)
  { 13311,   9,  15,   9,   0,  -12 }, // U+03A3
  { 13328,   9,  15,   9,   0,  -12 }, // U+03A4
  { 13345,   9,  15,   9,   0,  -12 }, // U+03A5
  { 13362,   9,  15,   9,   0,  -12 }, // U+03A6
  { 13379,   9,  15,   9,   0,  -12 }, // U+03A7
  { 13396,   9,  15,   9,   0,  -12 }, // U+03A8
  { 13413,   9,  15,   9,   0,  -12 }, // U+03A9
  { 13430,   9,  15,   9,   0,  -12 }, // U+03AA
  { 13447,   9,  15,   9,   0,  -12 }, // U+03AB
  { 13464,   9,  15,   9,   0,  -12 }, // U+03AC
  { 13481,   9,  15,   9,   0,  -12 }, // U+03AD
  { 13498,   9,  15,   9,   0,  -12 }, // U+03AE
  { 13515,   9,  15,   9,   0,  -12 }, // U+03AF
  { 13532,   9,  15,   9,   0,  -12 }, // U+03B0
  { 13549,   9,  15,   9,   0,  -12 }, // U+03B1
  { 13566,   9,  15,   9,   0,  -12 }, // U+03B2
  { 13583,   9,  15,   9,   0,  -12 }, // U+03B3
  { 13600,   9,  15,   9,   0,  -12 }, // U+03B4
  { 13617,   9,  15,   9,   0,  -12 }, // U+03B5
  { 13634,   9,  15,   9,   0,  -12 }, // U+03B6
  { 13651,   9,  15,   9,   0,  -12 }, // U+03B7
  { 13668,   9,  15,   9,   0,  -12 }, // U+03B8
  { 13685,   9,  15,   9,   0,  -12 }, // U+03B9
  { 13702,   9,  15,   9,   0,  -12 }, // U+03BA
  { 13719,   9,  15,   9,   0,  -12 }, // U+03BB
  { 13736,   9,  15,   9,   0,  -12 }, // U+03BC
  { 13753,   9,  15,   9,   0,  -12 }, // U+03BD
  { 13770,   9,  15,   9,   0,  -12 }, // U+03BE
  { 13787,   9,  15,   9,   0,  -12 }, // U+03BF
  { 13804,   9,  15,   9,   0,  -12 }, // U+03C0
  { 13821,   9,  15,   9,   0,  -12 }, // U+03C1
  { 13838,   9,  15,   9,   0,  -12 }, // U+03C2
  { 13855,   9,  15,   9,   0,  -12 }, // U+03C3
  { 13872,   9,  15,   9,   0,  -12 }, // U+03C4
  { 13889,   9,  15,   9,   0,  -12 }, // U+03C5
  { 13906,   9,  15,   9,   0,  -12 }, // U+03C6
  { 13923,   9,  15,   9,   0,  -12 }, // U+03C7
  { 13940,   9,  15,   9,   0,  -12 }, // U+03C8
  { 13957,   9,  15,   9,   0,  -12 }, // U+03C9
  { 13974,   9,  15,   9,   0,  -12 }, // U+03CA
  { 13991,   9,  15,   9,   0,  -12 }, // U+03CB
  { 14008,   9,  15,   9,   0,  -12 }, // U+03CC
  { 14025,   9,  15,   9,   0,  -12 }, // U+03CD
  { 14042,   9,  15,   9,   0,  -12 }, // U+03CE
  { 14059,   0,   0,   9,   0,    0 }, // U+03CF (placeholder)
  { 14059,   9,  15,   9,   0,  -12 }, // U+03D0
  { 14076,   9,  15,   9,   0,  -12 }, // U+03D1
  { 14093,   9,  15,   9,   0,  -12 }, // U+03D2
  { 14110,   9,  15,   9,   0,  -12 }, // U+03D3
  { 14127,   9,  15,   9,   0,  -12 }, // U+03D4
  { 14144,   9,  15,   9,   0,  -12 }, // U+03D5
  { 14161,   9,  15,   9,   0,  -12 }, // U+03D6
  { 14178,   9,  15,   9,   0,  -12 }, // U+03D7
  { 14195,   9,  15,   9,   0,  -12 }, // U+03D8
  { 14212,   9,  15,   9,   0,  -12 }, // U+03D9
  { 14229,   9,  15,   9,   0,  -12 }, // U+03DA
  { 14246,   9,  15,   9,   0,  -12 }, // U+03DB
  { 14263,   9,  15,   9,   0,  -12 }, // U+03DC
  { 14280,   9,  15,   9,   0,  -12 }, // U+03DD
  { 14297,   9,  15,   9,   0,  -12 }, // U+03DE
  { 14314,   9,  15,   9,   0,  -12 }, // U+03DF
  { 14331,   9,  15,   9,   0,  -12 }, // U+03E0
  { 14348,   9,  15,   9,   0,  -12 }, // U+03E1
  { 14365,   9,  15,   9,   0,  -12 }, // U+03E2
  { 14382,   9,  15,   9,   0,  -12 }, // U+03E3
  { 14399,   9,  15,   9,   0,  -12 }, // U+03E4
  { 14416,   9,  15,   9,   0,  -12 }, // U+03E5
  { 14433,   9,  15,   9,   0,  -12 }, // U+03E6
  { 14450,   9,  15,   9,   0,  -12 }, // U+03E7
  { 14467,   9,  15,   9,   0,  -12 }, // U+03E8
  { 14484,   9,  15,   9,   0,  -12 }, // U+03E9
  { 14501,   9,  15,   9,   0,  -12 }, // U+03EA
  { 14518,   9,  15,   9,   0,  -12 }, // U+03EB
  { 14535,   9,  15,   9,   0,  -12 }, // U+03EC
  { 14552,   9,  15,   9,   0,  -12 }, // U+03ED
  { 14569,   9,  15,   9,   0,  -12 }, // U+03EE
  { 14586,   9,  15,   9,   0,  -12 }, // U+03EF
  { 14603,   9,  15,   9,   0,  -12 }, // U+03F0
  { 14620,   9,  15,   9,   0,  -12 }, // U+03F1
  { 14637,   9,  15,   9,   0,  -12 }, // U+03F2
  { 14654,   9,  15,   9,   0,  -12 }, // U+03F3
  { 14671,   9,  15,   9,   0,  -12 }, // U+03F4
  { 14688,   9,  15,   9,   0,  -12 }, // U+03F5
  { 14705,   9,  15,   9,   0,  -12 }, // U+03F6
  { 14722,   0,   0,   9,   0,    0 }, // U+03F7 (placeholder)
  { 14722,   0,   0,   9,   0,    0 }, // U+03F8 (placeholder)
  { 14722,   0,   0,   9,   0,    0 }, // U+03F9 (placeholder)
  { 14722,   0,   0,   9,   0,    0 }, // U+03FA (placeholder)
  { 14722,   0,   0,   9,   0,    0 }, // U+03FB (placeholder)
  { 14722,   0,   0,   9,   0,    0 }, // U+03FC (placeholder)
  { 14722,   0,   0,   9,   0,    0 }, // U+03FD (placeholder)
  { 14722,   0,   0,   9,   0,    0 }, // U+03FE (placeholder)
  { 14722,   0,   0,   9,   0,    0 }, // U+03FF (placeholder)
  { 14722,   9,  15,   9,   0,  -12 }, // U+0400
  { 14739,   9,  15,   9,   0,  -12 }, // U+0401
  { 14756,   9,  15,   9,   0,  -12 }, // U+0402
  { 14773,   9,  15,   9,   0,  -12 }, // U+0403
  { 14790,   9,  15,   9,   0,  -12 }, // U+0404
  { 14807,   9,  15,   9,   0,  -12 }, // U+0405
  { 14824,   9,  15,   9,   0,  -12 }, // U+0406
  { 14841,   9,  15,   9,   0,  -12 }, // U+0407
  { 14858,   9,  15,   9,   0,  -12 }, // U+0408
  { 14875,   9,  15,   9,   0,  -12 }, // U+0409
  { 14892,   9,  15,   9,   0,  -12 }, // U+040A
  { 14909,   9,  15,   9,   0,  -12 }, // U+040B
  { 14926,   9,  15,   9,   0,  -12 }, // U+040C
  { 14943,   9,  15,   9,   0,  -12 }, // U+040D
  { 14960,   9,  15,   9,   0,  -12 }, // U+040E
  { 14977,   9,  15,   9,   0,  -12 }, // U+040F
  { 14994,   9,  15,   9,   0,  -12 }, // U+0410
  { 15011,   9,  15,   9,   0,  -12 }, // U+0411
  { 15028,   9,  15,   9,   0,  -12 }, // U+0412
  { 15045,   9,  15,   9,   0,  -12 }, // U+0413
  { 15062,   9,  15,   9,   0,  -12 }, // U+0414
  { 15079,   9,  15,   9,   0,  -12 }, // U+0415
  { 15096,   9,  15,   9,   0,  -12 }, // U+0416
  { 15113,   9,  15,   9,   0,  -12 }, // U+0417
  { 15130,   9,  15,   9,   0,  -12 }, // U+0418
  { 15147,   9,  15,   9,   0,  -12 }, // U+0419
  { 15164,   9,  15,   9,   0,  -12 }, // U+041A
  { 15181,   9,  15,   9,   0,  -12 }, // U+041B
  { 15198,   9,  15,   9,   0,  -12 }, // U+041C
  { 15215,   9,  15,   9,   0,  -12 }, // U+041D
  { 15232,   9,  15,   9,   0,  -12 }, // U+041E
  { 15249,   9,  15,   9,   0,  -12 }, // U+041F
  { 15266,   9,  15,   9,   0,  -12 }, // U+0420
  { 15283,   9,  15,   9,   0,  -12 }, // U+0421
  { 15300,   9,  15,   9,   0,  -12 }, // U+0422
  { 15317,   9,  15,   9,   0,  -12 }, // U+0423
  { 15334,   9,  15,   9,   0,  -12 }, // U+0424
  { 15351,   9,  15,   9,   0,  -12 }, // U+0425
  { 15368,   9,  15,   9,   0,  -12 }, // U+0426
  { 15385,   9,  15,   9,   0,  -12 }, // U+0427
  { 15402,   9,  15,   9,   0,  -12 }, // U+0428
  { 15419,   9,  15,   9,   0,  -12 }, // U+0429
  { 15436,   9,  15,   9,   0,  -12 }, // U+042A
  { 15453,   9,  15,   9,   0,  -12 }, // U+042B
  { 15470,   9,  15,   9,   0,  -12 }, // U+042C
  { 15487,   9,  15,   9,   0,  -12 }, // U+042D
  { 15504,   9,  15,   9,   0,  -12 }, // U+042E
  { 15521,   9,  15,   9,   0,  -12 }, // U+042F
  { 15538,   9,  15,   9,   0,  -12 }, // U+0430
  { 15555,   9,  15,   9,   0,  -12 }, // U+0431
  { 15572,   9,  15,   9,   0,  -12 }, // U+0432
  { 15589,   9,  15,   9,   0,  -12 }, // U+0433
  { 15606,   9,  15,   9,   0,  -12 }, // U+0434
  { 15623,   9,  15,   9,   0,  -12 }, // U+0435
  { 15640,   9,  15,   9,   0,  -12 }, // U+0436
  { 15657,   9,  15,   9,   0,  -12 }, // U+0437
  { 15674,   9,  15,   9,   0,  -12 }, // U+0438
  { 15691,   9,  15,   9,   0,  -12 }, // U+0439
  { 15708,   9,  15,   9,   0,  -12 }, // U+043A
  { 15725,   9,  15,   9,   0,  -12 }, // U+043B
  { 15742,   9,  15,   9,   0,  -12 }, // U+043C
  { 15759,   9,  15,   9,   0,  -12 }, // U+043D
  { 15776,   9,  15,   9,   0,  -12 }, // U+043E
  { 15793,   9,  15,   9,   0,  -12 }, // U+043F
  { 15810,   9,  15,   9,   0,  -12 }, // U+0440
  { 15827,   9,  15,   9,   0,  -12 }, // U+0441
  { 15844,   9,  15,   9,   0,  -12 }, // U+0442
  { 15861,   9,  15,   9,   0,  -12 }, // U+0443
  { 15878,   9,  15,   9,   0,  -12 }, // U+0444
  { 15895,   9,  15,   9,   0,  -12 }, // U+0445
  { 15912,   9,  15,   9,   0,  -12 }, // U+0446
  { 15929,   9,  15,   9,   0,  -12 }, // U+0447
  { 15946,   9,  15,   9,   0,  -12 }, // U+0448
  { 15963,   9,  15,   9,   0,  -12 }, // U+0449
  { 15980,   9,  15,   9,   0,  -12 }, // U+044A
  { 15997,   9,  15,   9,   0,  -12 }, // U+044B
  { 16014,   9,  15,   9,   0,  -12 }, // U+044C
  { 16031,   9,  15,   9,   0,  -12 }, // U+044D
  { 16048,   9,  15,   9,   0,  -12 }, // U+044E
  { 16065,   9,  15,   9,   0,  -12 }, // U+044F
  { 16082,   9,  15,   9,   0,  -12 }, // U+0450
  { 16099,   9,  15,   9,   0,  -12 }, // U+0451
  { 16116,   9,  15,   9,   0,  -12 }, // U+0452
  { 16133,   9,  15,   9,   0,  -12 }, // U+0453
  { 16150,   9,  15,   9,   0,  -12 }, // U+0454
  { 16167,   9,  15,   9,   0,  -12 }, // U+0455
  { 16184,   9,  15,   9,   0,  -12 }, // U+0456
  { 16201,   9,  15,   9,   0,  -12 }, // U+0457
  { 16218,   9,  15,   9,   0,  -12 }, // U+0458
  { 16235,   9,  15,   9,   0,  -12 }, // U+0459
  { 16252,   9,  15,   9,   0,  -12 }, // U+045A
  { 16269,   9,  15,   9,   0,  -12 }, // U+045B
  { 16286,   9,  15,   9,   0,  -12 }, // U+045C
  { 16303,   9,  15,   9,   0,  -12 }, // U+045D
  { 16320,   9,  15,   9,   0,  -12 }, // U+045E
  { 16337,   9,  15,   9,   0,  -12 }, // U+045F
  { 16354,   9,  15,   9,   0,  -12 }, // U+0460
  { 16371,   9,  15,   9,   0,  -12 }, // U+0461
  { 16388,   9,  15,   9,   0,  -12 }, // U+0462
  { 16405,   9,  15,   9,   0,  -12 }, // U+0463
  { 16422,   9,  15,   9,   0,  -12 }, // U+0464
  { 16439,   9,  15,   9,   0,  -12 }, // U+0465
  { 16456,   9,  15,   9,   0,  -12 }, // U+0466
  { 16473,   9,  15,   9,   0,  -12 }, // U+0467
  { 16490,   9,  15,   9,   0,  -12 }, // U+0468
  { 16507,   9,  15,   9,   0,  -12 }, // U+0469
  { 16524,   9,  15,   9,   0,  -12 }, // U+046A
  { 16541,   9,  15,   9,   0,  -12 }, // U+046B
  { 16558,   9,  15,   9,   0,  -12 }, // U+046C
  { 16575,   9,  15,   9,   0,  -12 }, // U+046D
  { 16592,   9,  15,   9,   0,  -12 }, // U+046E
  { 16609,   9,  15,   9,   0,  -12 }, // U+046F
  { 16626,   9,  15,   9,   0,  -12 }, // U+0470
  { 16643,   9,  15,   9,   0,  -12 }, // U+0471
  { 16660,   9,  15,   9,   0,  -12 }, // U+0472
  { 16677,   9,  15,   9,   0,  -12 }, // U+0473
  { 16694,   9,  15,   9,   0,  -12 }, // U+0474
  { 16711,   9,  15,   9,   0,  -12 }, // U+0475
  { 16728,   9,  15,   9,   0,  -12 }, // U+0476
  { 16745,   9,  15,   9,   0,  -12 }, // U+0477
  { 16762,   9,  15,   9,   0,  -12 }, // U+0478
  { 16779,   9,  15,   9,   0,  -12 }, // U+0479
  { 16796,   9,  15,   9,   0,  -12 }, // U+047A
  { 16813,   9,  15,   9,   0,  -12 }, // U+047B
  { 16830,   9,  15,   9,   0,  -12 }, // U+047C
  { 16847,   9,  15,   9,   0,  -12 }, // U+047D
  { 16864,   9,  15,   9,   0,  -12 }, // U+047E
  { 16881,   9,  15,   9,   0,  -12 }, // U+047F
  { 16898,   9,  15,   9,   0,  -12 }, // U+0480
  { 16915,   9,  15,   9,   0,  -12 }, // U+0481
  { 16932,   9,  15,   9,   0,  -12 }, // U+0482
  { 16949,   9,  15,   9,   0,  -12 }, // U+0483
  { 16966,   9,  15,   9,   0,  -12 }, // U+0484
  { 16983,   9,  15,   9,   0,  -12 }, // U+0485
  { 17000,   9,  15,   9,   0,  -12 }, // U+0486
  { 17017,   0,   0,   9,   0,    0 }, // U+0487 (placeholder)
  { 17017,   9,  15,   9,   0,  -12 }, // U+0488
  { 17034,   9,  15,   9,   0,  -12 }, // U+0489
  { 17051,   9,  15,   9,   0,  -12 }, // U+048A
  { 17068,   9,  15,   9,   0,  -12 }, // U+048B
  { 17085,   9,  15,   9,   0,  -12 }, // U+048C
  { 17102,   9,  15,   9,   0,  -12 }, // U+048D
  { 17119,   9,  15,   9,   0,  -12 }, // U+048E
  { 17136,   9,  15,   9,   0,  -12 }, // U+048F
  { 17153,   9,  15,   9,   0,  -12 }, // U+0490
  { 17170,   9,  15,   9,   0,  -12 }, // U+0491
  { 17187,   9,  15,   9,   0,  -12 }, // U+0492
  { 17204,   9,  15,   9,   0,  -12 }, // U+0493
  { 17221,   9,  15,   9,   0,  -12 }, // U+0494
  { 17238,   9,  15,   9,   0,  -12 }, // U+0495
  { 17255,   9,  15,   9,   0,  -12 }, // U+0496
  { 17272,   9,  15,   9,   0,  -12 }, // U+0497
  { 17289,   9,  15,   9,   0,  -12 }, // U+0498
  { 17306,   9,  15,   9,   0,  -12 }, // U+0499
  { 17323,   9,  15,   9,   0,  -12 }, // U+049A
  { 17340,   9,  15,   9,   0,  -12 }, // U+049B
  { 17357,   9,  15,   9,   0,  -12 }, // U+049C
  { 17374,   9,  15,   9,   0,  -12 }, // U+049D
  { 17391,   9,  15,   9,   0,  -12 }, // U+049E
  { 17408,   9,  15,   9,   0,  -12 }, // U+049F
  { 17425,   9,  15,   9,   0,  -12 }, // U+04A0
  { 17442,   9,  15,   9,   0,  -12 }, // U+04A1
  { 17459,   9,  15,   9,   0,  -12 }, // U+04A2
  { 17476,   9,  15,   9,   0,  -12 }, // U+04A3
  { 17493,   9,  15,   9,   0,  -12 }, // U+04A4
  { 17510,   9,  15,   9,   0,  -12 }, // U+04A5
  { 17527,   9,  15,   9,   0,  -12 }, // U+04A6
  { 17544,   9,  15,   9,   0,  -12 }, // U+04A7
  { 17561,   9,  15,   9,   0,  -12 }, // U+04A8
  { 17578,   9,  15,   9,   0,  -12 }, // U+04A9
  { 17595,   9,  15,   9,   0,  -12 }, // U+04AA
  { 17612,   9,  15,   9,   0,  -12 }, // U+04AB
  { 17629,   9,  15,   9,   0,  -12 }, // U+04AC
  { 17646,   9,  15,   9,   0,  -12 }, // U+04AD
  { 17663,   9,  15,   9,   0,  -12 }, // U+04AE
  { 17680,   9,  15,   9,   0,  -12 }, // U+04AF
  { 17697,   9,  15,   9,   0,  -12 }, // U+04B0
  { 17714,   9,  15,   9,   0,  -12 }, // U+04B1
  { 17731,   9,  15,   9,   0,  -12 }, // U+04B2
  { 17748,   9,  15,   9,   0,  -12 }, // U+04B3
  { 17765,   9,  15,   9,   0,  -12 }, // U+04B4
  { 17782,   9,  15,   9,   0,  -12 }, // U+04B5
  { 17799,   9,  15,   9,   0,  -12 }, // U+04B6
  { 17816,   9,  15,   9,   0,  -12 }, // U+04B7
  { 17833,   9,  15,   9,   0,  -12 }, // U+04B8
  { 17850,   9,  15,   9,   0,  -12 }, // U+04B9
  { 17867,   9,  15,   9,   0,  -12 }, // U+04BA
  { 17884,   9,  15,   9,   0,  -12 }, // U+04BB
  { 17901,   9,  15,   9,   0,  -12 }, // U+04BC
  { 17918,   9,  15,   9,   0,  -12 }, // U+04BD
  { 17935,   9,  15,   9,   0,  -12 }, // U+04BE
  { 17952,   9,  15,   9,   0,  -12 }, // U+04BF
  { 17969,   9,  15,   9,   0,  -12 }, // U+04C0
  { 17986,   9,  15,   9,   0,  -12 }, // U+04C1
  { 18003,   9,  15,   9,   0,  -12 }, // U+04C2
  { 18020,   9,  15,   9,   0,  -12 }, // U+04C3
  { 18037,   9,  15,   9,   0,  -12 }, // U+04C4
  { 18054,   9,  15,   9,   0,  -12 }, // U+04C5
  { 18071,   9,  15,   9,   0,  -12 }, // U+04C6
  { 18088,   9,  15,   9,   0,  -12 }, // U+04C7
  { 18105,   9,  15,   9,   0,  -12 }, // U+04C8
  { 18122,   9,  15,   9,   0,  -12 }, // U+04C9
  { 18139,   9,  15,   9,   0,  -12 }, // U+04CA
  { 18156,   9,  15,   9,   0,  -12 }, // U+04CB
  { 18173,   9,  15,   9,   0,  -12 }, // U+04CC
  { 18190,   9,  15,   9,   0,  -12 }, // U+04CD
  { 18207,   9,  15,   9,   0,  -12 }, // U+04CE
  { 18224,   0,   0,   9,   0,    0 }, // U+04CF (placeholder)
  { 18224,   9,  15,   9,   0,  -12 }, // U+04D0
  { 18241,   9,  15,   9,   0,  -12 }, // U+04D1
  { 18258,   9,  15,   9,   0,  -12 }, // U+04D2
  { 18275,   9,  15,   9,   0,  -12 }, // U+04D3
  { 18292,   9,  15,   9,   0,  -12 }, // U+04D4
  { 18309,   9,  15,   9,   0,  -12 }, // U+04D5
  { 18326,   9,  15,   9,   0,  -12 }, // U+04D6
  { 18343,   9,  15,   9,   0,  -12 }, // U+04D7
  { 18360,   9,  15,   9,   0,  -12 }, // U+04D8
  { 18377,   9,  15,   9,   0,  -12 }, // U+04D9
  { 18394,   9,  15,   9,   0,  -12 }, // U+04DA
  { 18411,   9,  15,   9,   0,  -12 }, // U+04DB
  { 18428,   9,  15,   9,   0,  -12 }, // U+04DC
  { 18445,   9,  15,   9,   0,  -12 }, // U+04DD
  { 18462,   9,  15,   9,   0,  -12 }, // U+04DE
  { 18479,   9,  15,   9,   0,  -12 }, // U+04DF
  { 18496,   9,  15,   9,   0,  -12 }, // U+04E0
  { 18513,   9,  15,   9,   0,  -12 }, // U+04E1
  { 18530,   9,  15,   9,   0,  -12 }, // U+04E2
  { 18547,   9,  15,   9,   0,  -12 }, // U+04E3
  { 18564,   9,  15,   9,   0,  -12 }, // U+04E4
  { 18581,   9,  15,   9,   0,  -12 }, // U+04E5
  { 18598,   9,  15,   9,   0,  -12 }, // U+04E6
  { 18615,   9,  15,   9,   0,  -12 }, // U+04E7
  { 18632,   9,  15,   9,   0,  -12 }, // U+04E8
  { 18649,   9,  15,   9,   0,  -12 }, // U+04E9
  { 18666,   9,  15,   9,   0,  -12 }, // U+04EA
  { 18683,   9,  15,   9,   0,  -12 }, // U+04EB
  { 18700,   9,  15,   9,   0,  -12 }, // U+04EC
  { 18717,   9,  15,   9,   0,  -12 }, // U+04ED
  { 18734,   9,  15,   9,   0,  -12 }, // U+04EE
  { 18751,   9,  15,   9,   0,  -12 }, // U+04EF
  { 18768,   9,  15,   9,   0,  -12 }, // U+04F0
  { 18785,   9,  15,   9,   0,  -12 }, // U+04F1
  { 18802,   9,  15,   9,   0,  -12 }, // U+04F2
  { 18819,   9,  15,   9,   0,  -12 }, // U+04F3
  { 18836,   9,  15,   9,   0,  -12 }, // U+04F4
  { 18853,   9,  15,   9,   0,  -12 }, // U+04F5
  { 18870,   0,   0,   9,   0,    0 }, // U+04F6 (placeholder)
  { 18870,   0,   0,   9,   0,    0 }, // U+04F7 (placeholder)
  { 18870,   9,  15,   9,   0,  -12 }, // U+04F8
  { 18887,   9,  15,   9,   0,  -12 }, // U+04F9
  { 18904,   0,   0,   9,   0,    0 }, // U+04FA (placeholder)
  { 18904,   0,   0,   9,   0,    0 }, // U+04FB (placeholder)
  { 18904,   0,   0,   9,   0,    0 }, // U+04FC (placeholder)
  { 18904,   0,   0,   9,   0,    0 }, // U+04FD (placeholder)
  { 18904,   0,   0,   9,   0,    0 }, // U+04FE (placeholder)
  { 18904,   0,   0,   9,   0,    0 }, // U+04FF (placeholder)
};

static const GFXfont MiscFixed9x15 PROGMEM = {
  (uint8_t*)MiscFixed9x15Bitmaps,
  (GFXglyph*)MiscFixed9x15Glyphs,
  0x0020, 0x04FF,
  15  // yAdvance
};
