/*******************************************************************************
 * Size: 20 px
 * Bpp: 4
 * Opts: --bpp 4 --size 20 --no-compress --force-fast-kern-format --font /var/folders/1d/dgkmygls6x5gsb16pbn2mwlr0000gn/T//meshcore-ui-fonts/NotoSans-Medium.ttf -r 0x20-0x7E,0xA0-0x24F,0x370-0x3FF,0x400-0x52F,0x1E80-0x1E85,0x1E9E,0x1EF2-0x1EF3,0x2010-0x2027,0x2030,0x2039-0x203A,0x20A4-0x20BF,0x2116,0x2122 --font /var/folders/1d/dgkmygls6x5gsb16pbn2mwlr0000gn/T//meshcore-ui-fonts/fa.woff -r 61475,61829,61581,63145,61572,62679,61568,62745,61463,62194,61612,61445,62073,61632,61774,61476,62405,61441,61448,61451,61452,61453,61457,61459,61461,61465,61468,61473,61478,61479,61480,61502,61507,61512,61515,61516,61517,61521,61522,61523,61524,61543,61544,61550,61552,61553,61556,61559,61560,61561,61563,61587,61589,61636,61637,61639,61641,61664,61671,61674,61683,61724,61732,61787,61931,62016,62017,62018,62019,62020,62087,62099,62212,62189,62810,63426,63650 --format lvgl --lv-include lvgl.h --lv-font-name ui_font_20 -o /Users/jakub/Documents/MeshCore/MeshCore/examples/companion_radio/ui-lvgl/fonts/ui_font_20.c
 ******************************************************************************/

#ifdef LV_LVGL_H_INCLUDE_SIMPLE
#include "lvgl.h"
#else
#include "lvgl.h"
#endif

#ifndef UI_FONT_20
#define UI_FONT_20 1
#endif

#if UI_FONT_20

/*-----------------
 *    BITMAPS
 *----------------*/

/*Store the image of the glyphs*/
static LV_ATTRIBUTE_LARGE_CONST const uint8_t glyph_bitmap[] = {
    /* U+0020 " " */

    /* U+0021 "!" */
    0x7f, 0xf0, 0x7f, 0xe0, 0x6f, 0xd0, 0x5f, 0xc0,
    0x4f, 0xc0, 0x3f, 0xb0, 0x3f, 0xa0, 0x2f, 0x90,
    0x1f, 0x80, 0xf, 0x80, 0x1, 0x0, 0x4d, 0xa0,
    0x9f, 0xf0, 0x5f, 0xb0,

    /* U+0022 "\"" */
    0xaf, 0x60, 0xdf, 0x49, 0xf5, 0xc, 0xf2, 0x8f,
    0x40, 0xbf, 0x17, 0xf2, 0x9, 0xf0, 0x5f, 0x10,
    0x8f, 0x0, 0x20, 0x1, 0x20,

    /* U+0023 "#" */
    0x0, 0x0, 0x3f, 0x70, 0xf, 0xa0, 0x0, 0x0,
    0x6, 0xf3, 0x2, 0xf6, 0x0, 0x0, 0x0, 0x9f,
    0x0, 0x5f, 0x30, 0x0, 0x0, 0xc, 0xd0, 0x8,
    0xf0, 0x0, 0xc, 0xff, 0xff, 0xff, 0xff, 0xff,
    0x60, 0x68, 0xaf, 0xb8, 0x8f, 0xd8, 0x83, 0x0,
    0x6, 0xf3, 0x2, 0xf7, 0x0, 0x0, 0x0, 0x9f,
    0x0, 0x6f, 0x40, 0x0, 0x48, 0x8d, 0xf8, 0x8c,
    0xf9, 0x86, 0x8, 0xff, 0xff, 0xff, 0xff, 0xff,
    0xb0, 0x0, 0x2f, 0x70, 0xf, 0xa0, 0x0, 0x0,
    0x5, 0xf4, 0x2, 0xf7, 0x0, 0x0, 0x0, 0x8f,
    0x10, 0x5f, 0x40, 0x0, 0x0, 0xb, 0xe0, 0x8,
    0xf1, 0x0, 0x0,

    /* U+0024 "$" */
    0x0, 0x0, 0xf5, 0x0, 0x0, 0x0, 0x13, 0xf8,
    0x20, 0x0, 0x9, 0xff, 0xff, 0xff, 0xb0, 0x8f,
    0xe8, 0xfa, 0x8c, 0x90, 0xdf, 0x40, 0xf5, 0x0,
    0x0, 0xcf, 0x60, 0xf5, 0x0, 0x0, 0x6f, 0xfb,
    0xf5, 0x0, 0x0, 0x7, 0xef, 0xff, 0x92, 0x0,
    0x0, 0x5, 0xff, 0xff, 0x80, 0x0, 0x0, 0xf6,
    0x7f, 0xf3, 0x0, 0x0, 0xf5, 0xb, 0xf6, 0x62,
    0x0, 0xf5, 0x3e, 0xf4, 0xdf, 0xfd, 0xff, 0xff,
    0xa0, 0x6b, 0xdf, 0xfe, 0xa5, 0x0, 0x0, 0x0,
    0xf5, 0x0, 0x0, 0x0, 0x0, 0xf5, 0x0, 0x0,
    0x0, 0x0, 0x52, 0x0, 0x0,

    /* U+0025 "%" */
    0x0, 0xaf, 0xe8, 0x0, 0x0, 0xb, 0xf1, 0x0,
    0x0, 0x9f, 0x9b, 0xf6, 0x0, 0x4, 0xf8, 0x0,
    0x0, 0xf, 0xc0, 0xe, 0xd0, 0x0, 0xde, 0x0,
    0x0, 0x1, 0xfa, 0x0, 0xbf, 0x0, 0x6f, 0x60,
    0x0, 0x0, 0x1f, 0x90, 0xb, 0xf0, 0xe, 0xc0,
    0x1, 0x0, 0x0, 0xfb, 0x0, 0xde, 0x8, 0xf4,
    0xaf, 0xfb, 0x0, 0xa, 0xf4, 0x6f, 0x92, 0xfa,
    0x6f, 0x98, 0xf8, 0x0, 0x2e, 0xff, 0xd1, 0xaf,
    0x2c, 0xe0, 0xc, 0xe0, 0x0, 0x4, 0x30, 0x3f,
    0x80, 0xec, 0x0, 0xaf, 0x0, 0x0, 0x0, 0xc,
    0xe1, 0xf, 0xb0, 0x9, 0xf2, 0x0, 0x0, 0x5,
    0xf6, 0x0, 0xec, 0x0, 0xaf, 0x0, 0x0, 0x0,
    0xed, 0x0, 0xb, 0xe0, 0xc, 0xe0, 0x0, 0x0,
    0x7f, 0x40, 0x0, 0x5f, 0x87, 0xf7, 0x0, 0x0,
    0x1f, 0xb0, 0x0, 0x0, 0x7e, 0xf9, 0x0,

    /* U+0026 "&" */
    0x0, 0x4, 0xbe, 0xfc, 0x50, 0x0, 0x0, 0x0,
    0x4, 0xff, 0xcc, 0xff, 0x50, 0x0, 0x0, 0x0,
    0xaf, 0x80, 0x7, 0xfa, 0x0, 0x0, 0x0, 0xa,
    0xf6, 0x0, 0x6f, 0x90, 0x0, 0x0, 0x0, 0x4f,
    0xd0, 0x3e, 0xf3, 0x0, 0x0, 0x0, 0x0, 0x9f,
    0xef, 0xe4, 0x0, 0x0, 0x0, 0x0, 0x9, 0xff,
    0xf3, 0x0, 0x1, 0x54, 0x0, 0x1d, 0xfd, 0xbf,
    0xd2, 0x0, 0x7f, 0xa0, 0xa, 0xfc, 0x0, 0xaf,
    0xe2, 0xd, 0xf4, 0x0, 0xef, 0x40, 0x0, 0xaf,
    0xe8, 0xfd, 0x0, 0xf, 0xf4, 0x0, 0x0, 0x9f,
    0xff, 0x40, 0x0, 0xcf, 0xb0, 0x0, 0x7, 0xff,
    0xf3, 0x0, 0x3, 0xff, 0xea, 0xbe, 0xfe, 0xbf,
    0xf3, 0x0, 0x2, 0xae, 0xff, 0xc7, 0x0, 0x8f,
    0xf4,

    /* U+0027 "'" */
    0xaf, 0x69, 0xf5, 0x8f, 0x47, 0xf2, 0x5f, 0x10,
    0x20,

    /* U+0028 "(" */
    0x0, 0x9, 0xf5, 0x0, 0x4f, 0xb0, 0x0, 0xdf,
    0x30, 0x4, 0xfc, 0x0, 0x9, 0xf6, 0x0, 0xd,
    0xf3, 0x0, 0xf, 0xf0, 0x0, 0x1f, 0xe0, 0x0,
    0x2f, 0xd0, 0x0, 0x2f, 0xd0, 0x0, 0x1f, 0xf0,
    0x0, 0xf, 0xf1, 0x0, 0xb, 0xf5, 0x0, 0x7,
    0xf9, 0x0, 0x1, 0xff, 0x0, 0x0, 0x9f, 0x60,
    0x0, 0xe, 0xe1, 0x0, 0x3, 0x73,

    /* U+0029 ")" */
    0x2f, 0xd0, 0x0, 0x7, 0xf8, 0x0, 0x0, 0xef,
    0x10, 0x0, 0x9f, 0x70, 0x0, 0x3f, 0xc0, 0x0,
    0xf, 0xf0, 0x0, 0xc, 0xf4, 0x0, 0xb, 0xf5,
    0x0, 0x9, 0xf6, 0x0, 0xa, 0xf6, 0x0, 0xb,
    0xf4, 0x0, 0xd, 0xf2, 0x0, 0x1f, 0xf0, 0x0,
    0x5f, 0xa0, 0x0, 0xcf, 0x40, 0x3, 0xfd, 0x0,
    0xc, 0xf3, 0x0, 0x17, 0x40, 0x0,

    /* U+002A "*" */
    0x0, 0x0, 0x9f, 0x70, 0x0, 0x0, 0x0, 0x7,
    0xf5, 0x0, 0x0, 0x2, 0x0, 0x5f, 0x40, 0x2,
    0x0, 0xfe, 0x98, 0xf7, 0x9e, 0xf0, 0x2c, 0xef,
    0xff, 0xff, 0xec, 0x10, 0x0, 0x2f, 0xfe, 0x10,
    0x0, 0x0, 0xc, 0xf5, 0xfb, 0x0, 0x0, 0x8,
    0xfa, 0xb, 0xf7, 0x0, 0x0, 0x5d, 0x30, 0x3d,
    0x50, 0x0, 0x0, 0x0, 0x0, 0x0, 0x0,

    /* U+002B "+" */
    0x0, 0x0, 0x1b, 0x50, 0x0, 0x0, 0x0, 0x2,
    0xf8, 0x0, 0x0, 0x0, 0x0, 0x2f, 0x80, 0x0,
    0x0, 0x0, 0x2, 0xf8, 0x0, 0x0, 0xa, 0xaa,
    0xaf, 0xda, 0xaa, 0x40, 0xff, 0xff, 0xff, 0xff,
    0xf7, 0x0, 0x0, 0x2f, 0x80, 0x0, 0x0, 0x0,
    0x2, 0xf8, 0x0, 0x0, 0x0, 0x0, 0x2f, 0x80,
    0x0, 0x0, 0x0, 0x2, 0xf8, 0x0, 0x0,

    /* U+002C "," */
    0x4, 0xed, 0x0, 0x7f, 0xa0, 0xb, 0xf5, 0x0,
    0xee, 0x0, 0x2f, 0x80, 0x0,

    /* U+002D "-" */
    0x3d, 0xdd, 0xd9, 0x4f, 0xff, 0xfb,

    /* U+002E "." */
    0x4d, 0xa0, 0x9f, 0xf0, 0x5f, 0xb0,

    /* U+002F "/" */
    0x0, 0x0, 0xb, 0xf5, 0x0, 0x0, 0x1f, 0xe0,
    0x0, 0x0, 0x7f, 0x90, 0x0, 0x0, 0xdf, 0x20,
    0x0, 0x3, 0xfc, 0x0, 0x0, 0x9, 0xf6, 0x0,
    0x0, 0xe, 0xf1, 0x0, 0x0, 0x5f, 0xa0, 0x0,
    0x0, 0xbf, 0x40, 0x0, 0x1, 0xfe, 0x0, 0x0,
    0x7, 0xf8, 0x0, 0x0, 0xd, 0xf2, 0x0, 0x0,
    0x3f, 0xc0, 0x0, 0x0, 0x9f, 0x60, 0x0, 0x0,

    /* U+0030 "0" */
    0x0, 0x7, 0xdf, 0xea, 0x20, 0x0, 0xb, 0xff,
    0xde, 0xfe, 0x20, 0x4, 0xfe, 0x20, 0xa, 0xfa,
    0x0, 0xaf, 0x70, 0x0, 0x1f, 0xf1, 0xe, 0xf3,
    0x0, 0x0, 0xcf, 0x50, 0xff, 0x10, 0x0, 0xa,
    0xf7, 0x1f, 0xf0, 0x0, 0x0, 0x9f, 0x81, 0xff,
    0x0, 0x0, 0x9, 0xf8, 0xf, 0xf1, 0x0, 0x0,
    0xaf, 0x70, 0xdf, 0x30, 0x0, 0xc, 0xf5, 0xa,
    0xf7, 0x0, 0x1, 0xff, 0x10, 0x4f, 0xe2, 0x0,
    0xaf, 0xb0, 0x0, 0xaf, 0xfd, 0xef, 0xe2, 0x0,
    0x0, 0x7d, 0xfe, 0xa2, 0x0,

    /* U+0031 "1" */
    0x0, 0x2, 0xdf, 0x70, 0x5, 0xff, 0xf7, 0x8,
    0xfe, 0xcf, 0x72, 0xfc, 0x1a, 0xf7, 0x3, 0x0,
    0xaf, 0x70, 0x0, 0xa, 0xf7, 0x0, 0x0, 0xaf,
    0x70, 0x0, 0xa, 0xf7, 0x0, 0x0, 0xaf, 0x70,
    0x0, 0xa, 0xf7, 0x0, 0x0, 0xaf, 0x70, 0x0,
    0xa, 0xf7, 0x0, 0x0, 0xaf, 0x70, 0x0, 0xa,
    0xf7,

    /* U+0032 "2" */
    0x0, 0x2a, 0xef, 0xda, 0x20, 0x0, 0x8f, 0xfe,
    0xdf, 0xff, 0x40, 0x6, 0xd4, 0x0, 0xb, 0xfc,
    0x0, 0x0, 0x0, 0x0, 0x3f, 0xf0, 0x0, 0x0,
    0x0, 0x3, 0xfe, 0x0, 0x0, 0x0, 0x0, 0x9f,
    0x90, 0x0, 0x0, 0x0, 0x3f, 0xf1, 0x0, 0x0,
    0x0, 0x2e, 0xf4, 0x0, 0x0, 0x0, 0x3e, 0xf5,
    0x0, 0x0, 0x0, 0x3e, 0xf5, 0x0, 0x0, 0x0,
    0x3f, 0xf4, 0x0, 0x0, 0x0, 0x3f, 0xf3, 0x0,
    0x0, 0x0, 0xf, 0xff, 0xee, 0xee, 0xee, 0x71,
    0xff, 0xff, 0xff, 0xff, 0xf8,

    /* U+0033 "3" */
    0x0, 0x6b, 0xef, 0xeb, 0x50, 0x0, 0xcf, 0xfd,
    0xce, 0xff, 0x60, 0x3, 0x71, 0x0, 0x9, 0xfe,
    0x0, 0x0, 0x0, 0x0, 0x4f, 0xd0, 0x0, 0x0,
    0x0, 0x1b, 0xf7, 0x0, 0x0, 0xbb, 0xcf, 0xd6,
    0x0, 0x0, 0xf, 0xff, 0xfc, 0x70, 0x0, 0x0,
    0x0, 0x15, 0xdf, 0xb0, 0x0, 0x0, 0x0, 0x1,
    0xff, 0x30, 0x0, 0x0, 0x0, 0xd, 0xf5, 0x0,
    0x0, 0x0, 0x0, 0xff, 0x41, 0x82, 0x0, 0x0,
    0xaf, 0xe0, 0x2f, 0xfe, 0xcd, 0xff, 0xf4, 0x0,
    0x6b, 0xef, 0xfd, 0x92, 0x0,

    /* U+0034 "4" */
    0x0, 0x0, 0x0, 0x6f, 0xf1, 0x0, 0x0, 0x0,
    0x2, 0xff, 0xf1, 0x0, 0x0, 0x0, 0xc, 0xee,
    0xf1, 0x0, 0x0, 0x0, 0x8f, 0x5f, 0xf1, 0x0,
    0x0, 0x4, 0xfa, 0xf, 0xf1, 0x0, 0x0, 0x1e,
    0xd0, 0xf, 0xf1, 0x0, 0x0, 0xbf, 0x30, 0xf,
    0xf1, 0x0, 0x6, 0xf7, 0x0, 0xf, 0xf1, 0x0,
    0x2f, 0xc0, 0x0, 0xf, 0xf1, 0x0, 0x9f, 0xff,
    0xff, 0xff, 0xff, 0xf1, 0x7c, 0xcc, 0xcc, 0xcf,
    0xfd, 0xc0, 0x0, 0x0, 0x0, 0xf, 0xf1, 0x0,
    0x0, 0x0, 0x0, 0xf, 0xf1, 0x0, 0x0, 0x0,
    0x0, 0xf, 0xf1, 0x0,

    /* U+0035 "5" */
    0xf, 0xff, 0xff, 0xff, 0x60, 0x1f, 0xfe, 0xee,
    0xee, 0x50, 0x2f, 0xd0, 0x0, 0x0, 0x0, 0x4f,
    0xb0, 0x0, 0x0, 0x0, 0x5f, 0xa0, 0x0, 0x0,
    0x0, 0x6f, 0xee, 0xfe, 0xb4, 0x0, 0x4f, 0xec,
    0xdf, 0xff, 0x60, 0x0, 0x0, 0x1, 0xaf, 0xf1,
    0x0, 0x0, 0x0, 0xf, 0xf4, 0x0, 0x0, 0x0,
    0xd, 0xf5, 0x0, 0x0, 0x0, 0xf, 0xf3, 0x62,
    0x0, 0x1, 0xbf, 0xd0, 0xdf, 0xfd, 0xdf, 0xfe,
    0x20, 0x5b, 0xdf, 0xfd, 0x81, 0x0,

    /* U+0036 "6" */
    0x0, 0x0, 0x5b, 0xef, 0xf7, 0x0, 0x0, 0xcf,
    0xfd, 0xbc, 0x70, 0x0, 0xaf, 0xc2, 0x0, 0x0,
    0x0, 0x3f, 0xd0, 0x0, 0x0, 0x0, 0x9, 0xf6,
    0x0, 0x0, 0x0, 0x0, 0xdf, 0x38, 0xef, 0xd8,
    0x0, 0xe, 0xfc, 0xfb, 0xbf, 0xfb, 0x0, 0xff,
    0xc1, 0x0, 0x2f, 0xf4, 0xf, 0xf3, 0x0, 0x0,
    0xaf, 0x80, 0xef, 0x20, 0x0, 0x8, 0xf8, 0xa,
    0xf7, 0x0, 0x0, 0xbf, 0x70, 0x4f, 0xf3, 0x0,
    0x5f, 0xf2, 0x0, 0x8f, 0xfd, 0xdf, 0xf7, 0x0,
    0x0, 0x5c, 0xff, 0xc5, 0x0,

    /* U+0037 "7" */
    0x3f, 0xff, 0xff, 0xff, 0xff, 0x93, 0xee, 0xee,
    0xee, 0xef, 0xf8, 0x0, 0x0, 0x0, 0x1, 0xff,
    0x20, 0x0, 0x0, 0x0, 0x7f, 0xa0, 0x0, 0x0,
    0x0, 0xe, 0xf3, 0x0, 0x0, 0x0, 0x6, 0xfb,
    0x0, 0x0, 0x0, 0x0, 0xef, 0x40, 0x0, 0x0,
    0x0, 0x5f, 0xd0, 0x0, 0x0, 0x0, 0xd, 0xf6,
    0x0, 0x0, 0x0, 0x4, 0xfe, 0x0, 0x0, 0x0,
    0x0, 0xcf, 0x70, 0x0, 0x0, 0x0, 0x3f, 0xf1,
    0x0, 0x0, 0x0, 0xb, 0xf8, 0x0, 0x0, 0x0,
    0x3, 0xff, 0x10, 0x0, 0x0,

    /* U+0038 "8" */
    0x0, 0x19, 0xdf, 0xeb, 0x50, 0x0, 0x1e, 0xfe,
    0xbc, 0xff, 0x70, 0x8, 0xfb, 0x0, 0x5, 0xfe,
    0x0, 0x9f, 0x70, 0x0, 0xf, 0xf0, 0x5, 0xfc,
    0x0, 0x5, 0xfc, 0x0, 0xb, 0xfd, 0x58, 0xfd,
    0x20, 0x0, 0xa, 0xff, 0xfc, 0x10, 0x0, 0x8,
    0xff, 0xae, 0xfb, 0x10, 0x7, 0xfc, 0x10, 0x9,
    0xfd, 0x0, 0xff, 0x10, 0x0, 0xb, 0xf6, 0x1f,
    0xf0, 0x0, 0x0, 0x9f, 0x70, 0xef, 0x70, 0x0,
    0x2e, 0xf4, 0x5, 0xff, 0xda, 0xbf, 0xfa, 0x0,
    0x3, 0xae, 0xff, 0xc6, 0x0,

    /* U+0039 "9" */
    0x0, 0x19, 0xef, 0xe9, 0x10, 0x0, 0x2e, 0xff,
    0xce, 0xfe, 0x20, 0xa, 0xfb, 0x0, 0x9, 0xfb,
    0x0, 0xff, 0x20, 0x0, 0xe, 0xf2, 0x1f, 0xf0,
    0x0, 0x0, 0xaf, 0x50, 0xff, 0x20, 0x0, 0xd,
    0xf7, 0xb, 0xfc, 0x20, 0x2a, 0xff, 0x70, 0x2e,
    0xff, 0xff, 0xcb, 0xf6, 0x0, 0x6, 0x99, 0x60,
    0xcf, 0x40, 0x0, 0x0, 0x0, 0xf, 0xf1, 0x0,
    0x0, 0x0, 0x7, 0xfb, 0x0, 0x0, 0x0, 0x7,
    0xff, 0x20, 0x1, 0xec, 0xcf, 0xff, 0x50, 0x0,
    0x1e, 0xff, 0xd9, 0x20, 0x0,

    /* U+003A ":" */
    0x5f, 0xb0, 0x9f, 0xf0, 0x4d, 0x90, 0x0, 0x0,
    0x0, 0x0, 0x0, 0x0, 0x0, 0x0, 0x0, 0x0,
    0x4d, 0xa0, 0x9f, 0xf0, 0x5f, 0xb0,

    /* U+003B ";" */
    0x5, 0xfb, 0x0, 0xaf, 0xf0, 0x4, 0xd9, 0x0,
    0x0, 0x0, 0x0, 0x0, 0x0, 0x0, 0x0, 0x0,
    0x0, 0x0, 0x0, 0x0, 0x0, 0x0, 0x0, 0x7f,
    0xc0, 0xa, 0xf7, 0x0, 0xdf, 0x20, 0xf, 0xc0,
    0x3, 0xe5, 0x0,

    /* U+003C "<" */
    0x0, 0x0, 0x0, 0x0, 0x0, 0x10, 0x0, 0x0,
    0x0, 0x4, 0xc7, 0x0, 0x0, 0x0, 0x4c, 0xfe,
    0x40, 0x0, 0x4, 0xcf, 0xe6, 0x0, 0x0, 0x4c,
    0xfd, 0x60, 0x0, 0x0, 0xcf, 0xc5, 0x0, 0x0,
    0x0, 0xd, 0xfe, 0x71, 0x0, 0x0, 0x0, 0x4,
    0xbf, 0xfa, 0x30, 0x0, 0x0, 0x0, 0x29, 0xff,
    0xd6, 0x0, 0x0, 0x0, 0x1, 0x7e, 0xf7, 0x0,
    0x0, 0x0, 0x0, 0x5, 0x40,

    /* U+003D "=" */
    0x99, 0x99, 0x99, 0x99, 0x93, 0xff, 0xff, 0xff,
    0xff, 0xf5, 0x0, 0x0, 0x0, 0x0, 0x0, 0x0,
    0x0, 0x0, 0x0, 0x0, 0x9a, 0xaa, 0xaa, 0xaa,
    0xa3, 0xff, 0xff, 0xff, 0xff, 0xf5,

    /* U+003E ">" */
    0x1, 0x0, 0x0, 0x0, 0x0, 0x0, 0xf8, 0x10,
    0x0, 0x0, 0x0, 0xc, 0xff, 0x81, 0x0, 0x0,
    0x0, 0x3, 0xbf, 0xf8, 0x10, 0x0, 0x0, 0x0,
    0x2a, 0xff, 0x81, 0x0, 0x0, 0x0, 0x2, 0x9f,
    0xf4, 0x0, 0x0, 0x0, 0x5b, 0xff, 0x50, 0x0,
    0x17, 0xef, 0xe7, 0x0, 0x3, 0xaf, 0xfc, 0x50,
    0x0, 0x0, 0xff, 0xa3, 0x0, 0x0, 0x0, 0x8,
    0x10, 0x0, 0x0, 0x0, 0x0,

    /* U+003F "?" */
    0x17, 0xcf, 0xfd, 0x81, 0x9, 0xff, 0xed, 0xff,
    0xd0, 0x16, 0x10, 0x1, 0xef, 0x50, 0x0, 0x0,
    0xa, 0xf6, 0x0, 0x0, 0x0, 0xdf, 0x30, 0x0,
    0x1, 0xcf, 0x90, 0x0, 0x2, 0xdf, 0x80, 0x0,
    0x0, 0xdf, 0x50, 0x0, 0x0, 0x2f, 0xa0, 0x0,
    0x0, 0x1, 0xa5, 0x0, 0x0, 0x0, 0x0, 0x0,
    0x0, 0x0, 0x4, 0xda, 0x0, 0x0, 0x0, 0x9f,
    0xf1, 0x0, 0x0, 0x4, 0xfb, 0x0, 0x0,

    /* U+0040 "@" */
    0x0, 0x0, 0x18, 0xce, 0xfe, 0xc7, 0x10, 0x0,
    0x0, 0x8, 0xff, 0xc9, 0x89, 0xbf, 0xf6, 0x0,
    0x0, 0xaf, 0xa1, 0x0, 0x0, 0x1, 0xbf, 0x60,
    0x8, 0xf7, 0x1, 0x9e, 0xfe, 0xc5, 0xb, 0xf1,
    0x1f, 0xb0, 0xd, 0xf9, 0x79, 0xf8, 0x2, 0xf8,
    0x7f, 0x40, 0x8f, 0x60, 0x3, 0xf7, 0x0, 0xdb,
    0xbf, 0x0, 0xcf, 0x0, 0x4, 0xf6, 0x0, 0xcd,
    0xdd, 0x0, 0xee, 0x0, 0x6, 0xf6, 0x0, 0xdc,
    0xdc, 0x0, 0xcf, 0x0, 0x9, 0xf6, 0x1, 0xf9,
    0xce, 0x0, 0x7f, 0x92, 0x6f, 0xeb, 0x2a, 0xf2,
    0x9f, 0x20, 0xb, 0xff, 0xf6, 0x5f, 0xff, 0x60,
    0x3f, 0x90, 0x0, 0x34, 0x10, 0x1, 0x41, 0x0,
    0xa, 0xf7, 0x0, 0x0, 0x0, 0x0, 0x0, 0x0,
    0x0, 0xbf, 0xc6, 0x32, 0x25, 0x8d, 0x20, 0x0,
    0x0, 0x6, 0xcf, 0xff, 0xff, 0xfb, 0x10, 0x0,
    0x0, 0x0, 0x1, 0x34, 0x42, 0x0, 0x0, 0x0,

    /* U+0041 "A" */
    0x0, 0x0, 0xc, 0xfd, 0x0, 0x0, 0x0, 0x0,
    0x0, 0x2f, 0xff, 0x30, 0x0, 0x0, 0x0, 0x0,
    0x8f, 0xaf, 0x90, 0x0, 0x0, 0x0, 0x0, 0xef,
    0x1f, 0xf0, 0x0, 0x0, 0x0, 0x5, 0xfb, 0xa,
    0xf6, 0x0, 0x0, 0x0, 0xb, 0xf5, 0x4, 0xfc,
    0x0, 0x0, 0x0, 0x1f, 0xf0, 0x0, 0xef, 0x20,
    0x0, 0x0, 0x7f, 0x90, 0x0, 0x8f, 0x80, 0x0,
    0x0, 0xdf, 0xff, 0xff, 0xff, 0xe0, 0x0, 0x4,
    0xff, 0xee, 0xee, 0xef, 0xf5, 0x0, 0xa, 0xf8,
    0x0, 0x0, 0x8, 0xfb, 0x0, 0x1f, 0xf2, 0x0,
    0x0, 0x2, 0xff, 0x10, 0x6f, 0xd0, 0x0, 0x0,
    0x0, 0xcf, 0x70, 0xcf, 0x70, 0x0, 0x0, 0x0,
    0x6f, 0xd0,

    /* U+0042 "B" */
    0x2f, 0xff, 0xff, 0xec, 0x71, 0x0, 0x2f, 0xfc,
    0xcd, 0xef, 0xfd, 0x0, 0x2f, 0xf0, 0x0, 0x4,
    0xff, 0x60, 0x2f, 0xf0, 0x0, 0x0, 0xbf, 0x80,
    0x2f, 0xf0, 0x0, 0x0, 0xcf, 0x60, 0x2f, 0xf0,
    0x0, 0x17, 0xfe, 0x0, 0x2f, 0xff, 0xff, 0xff,
    0x91, 0x0, 0x2f, 0xfb, 0xbb, 0xcf, 0xfa, 0x10,
    0x2f, 0xf0, 0x0, 0x1, 0xdf, 0xa0, 0x2f, 0xf0,
    0x0, 0x0, 0x5f, 0xf0, 0x2f, 0xf0, 0x0, 0x0,
    0x6f, 0xf0, 0x2f, 0xf0, 0x0, 0x1, 0xdf, 0xc0,
    0x2f, 0xfc, 0xcc, 0xdf, 0xff, 0x30, 0x2f, 0xff,
    0xff, 0xfd, 0x92, 0x0,

    /* U+0043 "C" */
    0x0, 0x2, 0x9d, 0xff, 0xda, 0x50, 0x0, 0x7f,
    0xff, 0xee, 0xff, 0xc0, 0x6, 0xff, 0x91, 0x0,
    0x5, 0x30, 0x1f, 0xf7, 0x0, 0x0, 0x0, 0x0,
    0x6f, 0xe0, 0x0, 0x0, 0x0, 0x0, 0xaf, 0x90,
    0x0, 0x0, 0x0, 0x0, 0xcf, 0x70, 0x0, 0x0,
    0x0, 0x0, 0xcf, 0x70, 0x0, 0x0, 0x0, 0x0,
    0xaf, 0x90, 0x0, 0x0, 0x0, 0x0, 0x7f, 0xe0,
    0x0, 0x0, 0x0, 0x0, 0x2f, 0xf7, 0x0, 0x0,
    0x0, 0x0, 0x9, 0xff, 0x81, 0x0, 0x2, 0x30,
    0x0, 0xaf, 0xff, 0xee, 0xff, 0x80, 0x0, 0x4,
    0xad, 0xff, 0xea, 0x30,

    /* U+0044 "D" */
    0x2f, 0xff, 0xff, 0xeb, 0x61, 0x0, 0x2, 0xff,
    0xdd, 0xdf, 0xff, 0xe4, 0x0, 0x2f, 0xf0, 0x0,
    0x3, 0xcf, 0xf2, 0x2, 0xff, 0x0, 0x0, 0x0,
    0xcf, 0xb0, 0x2f, 0xf0, 0x0, 0x0, 0x3, 0xff,
    0x12, 0xff, 0x0, 0x0, 0x0, 0xf, 0xf4, 0x2f,
    0xf0, 0x0, 0x0, 0x0, 0xdf, 0x62, 0xff, 0x0,
    0x0, 0x0, 0xe, 0xf6, 0x2f, 0xf0, 0x0, 0x0,
    0x0, 0xff, 0x42, 0xff, 0x0, 0x0, 0x0, 0x5f,
    0xf1, 0x2f, 0xf0, 0x0, 0x0, 0x1d, 0xfa, 0x2,
    0xff, 0x0, 0x0, 0x5d, 0xfe, 0x20, 0x2f, 0xfd,
    0xde, 0xff, 0xfd, 0x20, 0x2, 0xff, 0xff, 0xfe,
    0xa5, 0x0, 0x0,

    /* U+0045 "E" */
    0x1f, 0xff, 0xff, 0xff, 0xf1, 0xff, 0xdd, 0xdd,
    0xdc, 0x1f, 0xf1, 0x0, 0x0, 0x1, 0xff, 0x10,
    0x0, 0x0, 0x1f, 0xf1, 0x0, 0x0, 0x1, 0xff,
    0x10, 0x0, 0x0, 0x1f, 0xff, 0xff, 0xff, 0x91,
    0xff, 0xdd, 0xdd, 0xd7, 0x1f, 0xf1, 0x0, 0x0,
    0x1, 0xff, 0x10, 0x0, 0x0, 0x1f, 0xf1, 0x0,
    0x0, 0x1, 0xff, 0x10, 0x0, 0x0, 0x1f, 0xfd,
    0xdd, 0xdd, 0xc1, 0xff, 0xff, 0xff, 0xff,

    /* U+0046 "F" */
    0x1f, 0xff, 0xff, 0xff, 0xf1, 0xff, 0xdd, 0xdd,
    0xdc, 0x1f, 0xf0, 0x0, 0x0, 0x1, 0xff, 0x0,
    0x0, 0x0, 0x1f, 0xf0, 0x0, 0x0, 0x1, 0xff,
    0x0, 0x0, 0x0, 0x1f, 0xfd, 0xdd, 0xdd, 0x71,
    0xff, 0xff, 0xff, 0xf9, 0x1f, 0xf0, 0x0, 0x0,
    0x1, 0xff, 0x0, 0x0, 0x0, 0x1f, 0xf0, 0x0,
    0x0, 0x1, 0xff, 0x0, 0x0, 0x0, 0x1f, 0xf0,
    0x0, 0x0, 0x1, 0xff, 0x0, 0x0, 0x0,

    /* U+0047 "G" */
    0x0, 0x1, 0x7c, 0xef, 0xec, 0x93, 0x0, 0x5,
    0xff, 0xff, 0xef, 0xff, 0x90, 0x5, 0xff, 0xb3,
    0x0, 0x1, 0x61, 0x0, 0xff, 0x90, 0x0, 0x0,
    0x0, 0x0, 0x6f, 0xe0, 0x0, 0x0, 0x0, 0x0,
    0xa, 0xf9, 0x0, 0x0, 0x0, 0x0, 0x0, 0xbf,
    0x70, 0x0, 0x1d, 0xdd, 0xdd, 0xc, 0xf7, 0x0,
    0x2, 0xff, 0xff, 0xf0, 0xaf, 0x90, 0x0, 0x0,
    0x2, 0xff, 0x7, 0xfe, 0x0, 0x0, 0x0, 0x2f,
    0xf0, 0x1f, 0xf7, 0x0, 0x0, 0x2, 0xff, 0x0,
    0x8f, 0xf9, 0x10, 0x0, 0x2f, 0xf0, 0x0, 0x9f,
    0xff, 0xed, 0xef, 0xff, 0x0, 0x0, 0x3a, 0xdf,
    0xff, 0xd9, 0x50,

    /* U+0048 "H" */
    0x1f, 0xf1, 0x0, 0x0, 0x2, 0xff, 0x1, 0xff,
    0x10, 0x0, 0x0, 0x2f, 0xf0, 0x1f, 0xf1, 0x0,
    0x0, 0x2, 0xff, 0x1, 0xff, 0x10, 0x0, 0x0,
    0x2f, 0xf0, 0x1f, 0xf1, 0x0, 0x0, 0x2, 0xff,
    0x1, 0xff, 0x10, 0x0, 0x0, 0x2f, 0xf0, 0x1f,
    0xff, 0xff, 0xff, 0xff, 0xff, 0x1, 0xff, 0xdd,
    0xdd, 0xdd, 0xdf, 0xf0, 0x1f, 0xf1, 0x0, 0x0,
    0x2, 0xff, 0x1, 0xff, 0x10, 0x0, 0x0, 0x2f,
    0xf0, 0x1f, 0xf1, 0x0, 0x0, 0x2, 0xff, 0x1,
    0xff, 0x10, 0x0, 0x0, 0x2f, 0xf0, 0x1f, 0xf1,
    0x0, 0x0, 0x2, 0xff, 0x1, 0xff, 0x10, 0x0,
    0x0, 0x2f, 0xf0,

    /* U+0049 "I" */
    0x3f, 0xff, 0xff, 0x40, 0x7d, 0xfd, 0x71, 0x0,
    0x8f, 0xa0, 0x0, 0x8, 0xfa, 0x0, 0x0, 0x8f,
    0xa0, 0x0, 0x8, 0xfa, 0x0, 0x0, 0x8f, 0xa0,
    0x0, 0x8, 0xfa, 0x0, 0x0, 0x8f, 0xa0, 0x0,
    0x8, 0xfa, 0x0, 0x0, 0x8f, 0xa0, 0x0, 0x8,
    0xfa, 0x0, 0x6, 0xdf, 0xd7, 0x13, 0xff, 0xff,
    0xf4,

    /* U+004A "J" */
    0x0, 0x3, 0xff, 0x0, 0x3, 0xff, 0x0, 0x3,
    0xff, 0x0, 0x3, 0xff, 0x0, 0x3, 0xff, 0x0,
    0x3, 0xff, 0x0, 0x3, 0xff, 0x0, 0x3, 0xff,
    0x0, 0x3, 0xff, 0x0, 0x3, 0xff, 0x0, 0x3,
    0xff, 0x0, 0x3, 0xff, 0x0, 0x3, 0xff, 0x0,
    0x3, 0xff, 0x0, 0x4, 0xfe, 0x0, 0xa, 0xfb,
    0x8e, 0xff, 0xf4, 0x7f, 0xfc, 0x40,

    /* U+004B "K" */
    0x1f, 0xf1, 0x0, 0x0, 0x7f, 0xe2, 0x1f, 0xf1,
    0x0, 0x5, 0xff, 0x30, 0x1f, 0xf1, 0x0, 0x3f,
    0xf4, 0x0, 0x1f, 0xf1, 0x2, 0xef, 0x50, 0x0,
    0x1f, 0xf1, 0x1d, 0xf7, 0x0, 0x0, 0x1f, 0xf1,
    0xcf, 0x90, 0x0, 0x0, 0x1f, 0xfb, 0xff, 0x40,
    0x0, 0x0, 0x1f, 0xff, 0xcf, 0xe1, 0x0, 0x0,
    0x1f, 0xf5, 0xd, 0xfb, 0x0, 0x0, 0x1f, 0xf1,
    0x2, 0xff, 0x60, 0x0, 0x1f, 0xf1, 0x0, 0x6f,
    0xf2, 0x0, 0x1f, 0xf1, 0x0, 0xa, 0xfd, 0x0,
    0x1f, 0xf1, 0x0, 0x1, 0xef, 0x90, 0x1f, 0xf1,
    0x0, 0x0, 0x3f, 0xf4,

    /* U+004C "L" */
    0x2f, 0xf0, 0x0, 0x0, 0x0, 0x2f, 0xf0, 0x0,
    0x0, 0x0, 0x2f, 0xf0, 0x0, 0x0, 0x0, 0x2f,
    0xf0, 0x0, 0x0, 0x0, 0x2f, 0xf0, 0x0, 0x0,
    0x0, 0x2f, 0xf0, 0x0, 0x0, 0x0, 0x2f, 0xf0,
    0x0, 0x0, 0x0, 0x2f, 0xf0, 0x0, 0x0, 0x0,
    0x2f, 0xf0, 0x0, 0x0, 0x0, 0x2f, 0xf0, 0x0,
    0x0, 0x0, 0x2f, 0xf0, 0x0, 0x0, 0x0, 0x2f,
    0xf0, 0x0, 0x0, 0x0, 0x2f, 0xfe, 0xee, 0xee,
    0xe1, 0x2f, 0xff, 0xff, 0xff, 0xf2,

    /* U+004D "M" */
    0x1f, 0xff, 0x20, 0x0, 0x0, 0x0, 0xdf, 0xf7,
    0x1f, 0xff, 0x80, 0x0, 0x0, 0x3, 0xff, 0xf7,
    0x1f, 0xdf, 0xe0, 0x0, 0x0, 0x9, 0xfc, 0xf7,
    0x1f, 0xcb, 0xf4, 0x0, 0x0, 0xe, 0xe9, 0xf7,
    0x1f, 0xd5, 0xf9, 0x0, 0x0, 0x5f, 0x89, 0xf7,
    0x1f, 0xd0, 0xef, 0x0, 0x0, 0xbf, 0x2a, 0xf7,
    0x1f, 0xd0, 0x9f, 0x50, 0x1, 0xfc, 0xa, 0xf7,
    0x1f, 0xd0, 0x3f, 0xb0, 0x7, 0xf6, 0xa, 0xf7,
    0x1f, 0xd0, 0xd, 0xf1, 0xd, 0xf1, 0xa, 0xf7,
    0x1f, 0xd0, 0x8, 0xf7, 0x3f, 0xa0, 0xa, 0xf7,
    0x1f, 0xd0, 0x2, 0xfc, 0x9f, 0x40, 0xa, 0xf7,
    0x1f, 0xd0, 0x0, 0xcf, 0xfe, 0x0, 0xa, 0xf7,
    0x1f, 0xd0, 0x0, 0x6f, 0xf8, 0x0, 0xa, 0xf7,
    0x1f, 0xd0, 0x0, 0x1f, 0xf2, 0x0, 0xa, 0xf7,

    /* U+004E "N" */
    0x1f, 0xfc, 0x0, 0x0, 0x0, 0x6f, 0xa1, 0xff,
    0xf7, 0x0, 0x0, 0x6, 0xfa, 0x1f, 0xff, 0xf1,
    0x0, 0x0, 0x6f, 0xa1, 0xfb, 0xbf, 0xb0, 0x0,
    0x6, 0xfa, 0x1f, 0xc1, 0xff, 0x50, 0x0, 0x6f,
    0xa1, 0xfd, 0x6, 0xfe, 0x0, 0x6, 0xfa, 0x1f,
    0xd0, 0xc, 0xf9, 0x0, 0x6f, 0xa1, 0xfd, 0x0,
    0x2f, 0xf3, 0x5, 0xfa, 0x1f, 0xd0, 0x0, 0x8f,
    0xc0, 0x5f, 0xa1, 0xfd, 0x0, 0x0, 0xdf, 0x75,
    0xfa, 0x1f, 0xd0, 0x0, 0x3, 0xff, 0x6f, 0xa1,
    0xfd, 0x0, 0x0, 0x9, 0xfe, 0xfa, 0x1f, 0xd0,
    0x0, 0x0, 0xe, 0xff, 0xa1, 0xfd, 0x0, 0x0,
    0x0, 0x5f, 0xfa,

    /* U+004F "O" */
    0x0, 0x4, 0xad, 0xfe, 0xd8, 0x20, 0x0, 0x0,
    0xaf, 0xff, 0xee, 0xff, 0xf5, 0x0, 0x8, 0xff,
    0x60, 0x0, 0x1a, 0xff, 0x30, 0x2f, 0xf6, 0x0,
    0x0, 0x0, 0xbf, 0xc0, 0x7f, 0xd0, 0x0, 0x0,
    0x0, 0x3f, 0xf2, 0xaf, 0x90, 0x0, 0x0, 0x0,
    0xe, 0xf5, 0xcf, 0x80, 0x0, 0x0, 0x0, 0xd,
    0xf7, 0xcf, 0x80, 0x0, 0x0, 0x0, 0xd, 0xf7,
    0xaf, 0x90, 0x0, 0x0, 0x0, 0xe, 0xf5, 0x7f,
    0xe0, 0x0, 0x0, 0x0, 0x3f, 0xf2, 0x2f, 0xf6,
    0x0, 0x0, 0x0, 0xbf, 0xc0, 0x8, 0xff, 0x60,
    0x0, 0x1a, 0xff, 0x30, 0x0, 0xaf, 0xff, 0xee,
    0xff, 0xf5, 0x0, 0x0, 0x4, 0xad, 0xfe, 0xd8,
    0x20, 0x0,

    /* U+0050 "P" */
    0x2f, 0xff, 0xff, 0xda, 0x20, 0x2, 0xff, 0xdd,
    0xef, 0xff, 0x40, 0x2f, 0xf0, 0x0, 0x2c, 0xfe,
    0x2, 0xff, 0x0, 0x0, 0x2f, 0xf2, 0x2f, 0xf0,
    0x0, 0x0, 0xff, 0x22, 0xff, 0x0, 0x0, 0x4f,
    0xf0, 0x2f, 0xf0, 0x1, 0x5e, 0xfa, 0x2, 0xff,
    0xff, 0xff, 0xfc, 0x0, 0x2f, 0xfd, 0xdc, 0xa5,
    0x0, 0x2, 0xff, 0x0, 0x0, 0x0, 0x0, 0x2f,
    0xf0, 0x0, 0x0, 0x0, 0x2, 0xff, 0x0, 0x0,
    0x0, 0x0, 0x2f, 0xf0, 0x0, 0x0, 0x0, 0x2,
    0xff, 0x0, 0x0, 0x0, 0x0,

    /* U+0051 "Q" */
    0x0, 0x4, 0xad, 0xfe, 0xd8, 0x20, 0x0, 0x0,
    0xaf, 0xff, 0xee, 0xff, 0xf5, 0x0, 0x8, 0xff,
    0x60, 0x0, 0x1a, 0xff, 0x30, 0x2f, 0xf6, 0x0,
    0x0, 0x0, 0xbf, 0xc0, 0x7f, 0xd0, 0x0, 0x0,
    0x0, 0x3f, 0xf2, 0xaf, 0x90, 0x0, 0x0, 0x0,
    0xe, 0xf5, 0xcf, 0x80, 0x0, 0x0, 0x0, 0xd,
    0xf7, 0xcf, 0x80, 0x0, 0x0, 0x0, 0xd, 0xf7,
    0xaf, 0x90, 0x0, 0x0, 0x0, 0xe, 0xf5, 0x7f,
    0xe0, 0x0, 0x0, 0x0, 0x3f, 0xf2, 0x2f, 0xf6,
    0x0, 0x0, 0x0, 0xbf, 0xb0, 0x8, 0xff, 0x60,
    0x0, 0x1a, 0xff, 0x30, 0x0, 0xaf, 0xff, 0xee,
    0xff, 0xf5, 0x0, 0x0, 0x4, 0xad, 0xff, 0xfd,
    0x10, 0x0, 0x0, 0x0, 0x0, 0x4, 0xff, 0x70,
    0x0, 0x0, 0x0, 0x0, 0x0, 0x5f, 0xf7, 0x0,
    0x0, 0x0, 0x0, 0x0, 0x7, 0xff, 0x70,

    /* U+0052 "R" */
    0x2f, 0xff, 0xff, 0xea, 0x40, 0x0, 0x2f, 0xfc,
    0xcd, 0xff, 0xf7, 0x0, 0x2f, 0xf0, 0x0, 0x9,
    0xff, 0x10, 0x2f, 0xf0, 0x0, 0x1, 0xff, 0x30,
    0x2f, 0xf0, 0x0, 0x1, 0xff, 0x20, 0x2f, 0xf0,
    0x0, 0xa, 0xfd, 0x0, 0x2f, 0xfc, 0xcd, 0xff,
    0xd1, 0x0, 0x2f, 0xff, 0xff, 0xfb, 0x0, 0x0,
    0x2f, 0xf0, 0x2, 0xff, 0x20, 0x0, 0x2f, 0xf0,
    0x0, 0x9f, 0xb0, 0x0, 0x2f, 0xf0, 0x0, 0x1f,
    0xf5, 0x0, 0x2f, 0xf0, 0x0, 0x7, 0xfe, 0x0,
    0x2f, 0xf0, 0x0, 0x0, 0xef, 0x80, 0x2f, 0xf0,
    0x0, 0x0, 0x5f, 0xf2,

    /* U+0053 "S" */
    0x1, 0x8d, 0xfe, 0xd9, 0x30, 0x2e, 0xff, 0xef,
    0xff, 0x90, 0xaf, 0xc1, 0x0, 0x16, 0x20, 0xdf,
    0x50, 0x0, 0x0, 0x0, 0xbf, 0x80, 0x0, 0x0,
    0x0, 0x4f, 0xf9, 0x20, 0x0, 0x0, 0x5, 0xef,
    0xfb, 0x40, 0x0, 0x0, 0x7, 0xdf, 0xfb, 0x10,
    0x0, 0x0, 0x5, 0xef, 0xa0, 0x0, 0x0, 0x0,
    0x3f, 0xf0, 0x0, 0x0, 0x0, 0x1f, 0xf0, 0x83,
    0x0, 0x1, 0xaf, 0xd0, 0xff, 0xfe, 0xef, 0xff,
    0x30, 0x7b, 0xef, 0xfd, 0x92, 0x0,

    /* U+0054 "T" */
    0xbf, 0xff, 0xff, 0xff, 0xff, 0xfa, 0xdd, 0xde,
    0xff, 0xdd, 0xdd, 0x0, 0x0, 0x7f, 0xb0, 0x0,
    0x0, 0x0, 0x7, 0xfb, 0x0, 0x0, 0x0, 0x0,
    0x7f, 0xb0, 0x0, 0x0, 0x0, 0x7, 0xfb, 0x0,
    0x0, 0x0, 0x0, 0x7f, 0xb0, 0x0, 0x0, 0x0,
    0x7, 0xfb, 0x0, 0x0, 0x0, 0x0, 0x7f, 0xb0,
    0x0, 0x0, 0x0, 0x7, 0xfb, 0x0, 0x0, 0x0,
    0x0, 0x7f, 0xb0, 0x0, 0x0, 0x0, 0x7, 0xfb,
    0x0, 0x0, 0x0, 0x0, 0x7f, 0xb0, 0x0, 0x0,
    0x0, 0x7, 0xfb, 0x0, 0x0,

    /* U+0055 "U" */
    0x3f, 0xf0, 0x0, 0x0, 0x2, 0xff, 0x3f, 0xf0,
    0x0, 0x0, 0x2, 0xff, 0x3f, 0xf0, 0x0, 0x0,
    0x2, 0xff, 0x3f, 0xf0, 0x0, 0x0, 0x2, 0xff,
    0x3f, 0xf0, 0x0, 0x0, 0x2, 0xff, 0x3f, 0xf0,
    0x0, 0x0, 0x2, 0xff, 0x3f, 0xf0, 0x0, 0x0,
    0x2, 0xff, 0x3f, 0xf0, 0x0, 0x0, 0x2, 0xff,
    0x3f, 0xf0, 0x0, 0x0, 0x2, 0xff, 0x2f, 0xf0,
    0x0, 0x0, 0x4, 0xfe, 0xf, 0xf5, 0x0, 0x0,
    0x9, 0xfb, 0x9, 0xfe, 0x40, 0x0, 0x6f, 0xf5,
    0x0, 0xcf, 0xff, 0xef, 0xff, 0x80, 0x0, 0x7,
    0xcf, 0xfe, 0xa4, 0x0,

    /* U+0056 "V" */
    0xdf, 0x60, 0x0, 0x0, 0x1, 0xff, 0x17, 0xfb,
    0x0, 0x0, 0x0, 0x7f, 0xc0, 0x1f, 0xf1, 0x0,
    0x0, 0xd, 0xf6, 0x0, 0xbf, 0x70, 0x0, 0x2,
    0xff, 0x10, 0x6, 0xfc, 0x0, 0x0, 0x8f, 0xa0,
    0x0, 0xf, 0xf2, 0x0, 0xd, 0xf5, 0x0, 0x0,
    0xaf, 0x70, 0x3, 0xfe, 0x0, 0x0, 0x5, 0xfd,
    0x0, 0x8f, 0x90, 0x0, 0x0, 0xe, 0xf2, 0xe,
    0xf3, 0x0, 0x0, 0x0, 0x9f, 0x83, 0xfe, 0x0,
    0x0, 0x0, 0x3, 0xfd, 0x8f, 0x80, 0x0, 0x0,
    0x0, 0xe, 0xfd, 0xf2, 0x0, 0x0, 0x0, 0x0,
    0x8f, 0xfc, 0x0, 0x0, 0x0, 0x0, 0x2, 0xff,
    0x70, 0x0, 0x0,

    /* U+0057 "W" */
    0xbf, 0x80, 0x0, 0x0, 0xdf, 0x90, 0x0, 0x0,
    0xbf, 0x87, 0xfc, 0x0, 0x0, 0x2f, 0xfe, 0x0,
    0x0, 0xe, 0xf3, 0x2f, 0xf0, 0x0, 0x7, 0xff,
    0xf2, 0x0, 0x3, 0xff, 0x0, 0xef, 0x40, 0x0,
    0xbf, 0x9f, 0x70, 0x0, 0x7f, 0xb0, 0xa, 0xf8,
    0x0, 0xf, 0xe2, 0xfc, 0x0, 0xb, 0xf6, 0x0,
    0x5f, 0xc0, 0x4, 0xfa, 0xe, 0xf1, 0x0, 0xff,
    0x20, 0x1, 0xff, 0x0, 0x9f, 0x50, 0x9f, 0x50,
    0x3f, 0xe0, 0x0, 0xd, 0xf4, 0xd, 0xf1, 0x5,
    0xfa, 0x7, 0xf9, 0x0, 0x0, 0x9f, 0x82, 0xfc,
    0x0, 0xf, 0xf0, 0xbf, 0x50, 0x0, 0x4, 0xfc,
    0x6f, 0x80, 0x0, 0xbf, 0x3e, 0xf1, 0x0, 0x0,
    0xf, 0xfa, 0xf3, 0x0, 0x7, 0xf9, 0xfd, 0x0,
    0x0, 0x0, 0xcf, 0xee, 0x0, 0x0, 0x2f, 0xef,
    0x80, 0x0, 0x0, 0x7, 0xff, 0xa0, 0x0, 0x0,
    0xdf, 0xf4, 0x0, 0x0, 0x0, 0x3f, 0xf5, 0x0,
    0x0, 0x9, 0xff, 0x0, 0x0,

    /* U+0058 "X" */
    0x4f, 0xf2, 0x0, 0x0, 0xd, 0xf7, 0x0, 0xaf,
    0xb0, 0x0, 0x8, 0xfc, 0x0, 0x1, 0xef, 0x50,
    0x2, 0xff, 0x20, 0x0, 0x5, 0xfe, 0x10, 0xcf,
    0x70, 0x0, 0x0, 0xa, 0xfa, 0x6f, 0xd0, 0x0,
    0x0, 0x0, 0x1e, 0xff, 0xf3, 0x0, 0x0, 0x0,
    0x0, 0x6f, 0xf9, 0x0, 0x0, 0x0, 0x0, 0xb,
    0xff, 0xd0, 0x0, 0x0, 0x0, 0x5, 0xfd, 0xcf,
    0x80, 0x0, 0x0, 0x1, 0xef, 0x42, 0xff, 0x30,
    0x0, 0x0, 0xaf, 0xa0, 0x8, 0xfc, 0x0, 0x0,
    0x4f, 0xe1, 0x0, 0xd, 0xf7, 0x0, 0xe, 0xf5,
    0x0, 0x0, 0x4f, 0xf2, 0x9, 0xfb, 0x0, 0x0,
    0x0, 0xaf, 0xc0,

    /* U+0059 "Y" */
    0xbf, 0x90, 0x0, 0x0, 0xe, 0xf6, 0x3f, 0xf2,
    0x0, 0x0, 0x7f, 0xd0, 0xa, 0xfa, 0x0, 0x0,
    0xef, 0x40, 0x1, 0xff, 0x20, 0x7, 0xfb, 0x0,
    0x0, 0x8f, 0xb0, 0x1f, 0xf3, 0x0, 0x0, 0xe,
    0xf3, 0x8f, 0xa0, 0x0, 0x0, 0x7, 0xfc, 0xff,
    0x10, 0x0, 0x0, 0x0, 0xdf, 0xf8, 0x0, 0x0,
    0x0, 0x0, 0x6f, 0xf0, 0x0, 0x0, 0x0, 0x0,
    0x4f, 0xe0, 0x0, 0x0, 0x0, 0x0, 0x4f, 0xe0,
    0x0, 0x0, 0x0, 0x0, 0x4f, 0xe0, 0x0, 0x0,
    0x0, 0x0, 0x4f, 0xe0, 0x0, 0x0, 0x0, 0x0,
    0x4f, 0xe0, 0x0, 0x0,

    /* U+005A "Z" */
    0x1f, 0xff, 0xff, 0xff, 0xff, 0x91, 0xdd, 0xdd,
    0xdd, 0xdf, 0xf8, 0x0, 0x0, 0x0, 0x7, 0xfe,
    0x0, 0x0, 0x0, 0x2, 0xff, 0x40, 0x0, 0x0,
    0x0, 0xcf, 0x80, 0x0, 0x0, 0x0, 0x8f, 0xd0,
    0x0, 0x0, 0x0, 0x3f, 0xf3, 0x0, 0x0, 0x0,
    0xd, 0xf7, 0x0, 0x0, 0x0, 0x9, 0xfc, 0x0,
    0x0, 0x0, 0x4, 0xff, 0x20, 0x0, 0x0, 0x1,
    0xef, 0x60, 0x0, 0x0, 0x0, 0xaf, 0xb0, 0x0,
    0x0, 0x0, 0x3f, 0xfe, 0xdd, 0xdd, 0xdd, 0xa5,
    0xff, 0xff, 0xff, 0xff, 0xfc,

    /* U+005B "[" */
    0x7f, 0xff, 0xf1, 0x7f, 0xda, 0xa0, 0x7f, 0x80,
    0x0, 0x7f, 0x80, 0x0, 0x7f, 0x80, 0x0, 0x7f,
    0x80, 0x0, 0x7f, 0x80, 0x0, 0x7f, 0x80, 0x0,
    0x7f, 0x80, 0x0, 0x7f, 0x80, 0x0, 0x7f, 0x80,
    0x0, 0x7f, 0x80, 0x0, 0x7f, 0x80, 0x0, 0x7f,
    0x80, 0x0, 0x7f, 0x80, 0x0, 0x7f, 0x80, 0x0,
    0x7f, 0xff, 0xf1, 0x4a, 0xaa, 0xa0,

    /* U+005C "\\" */
    0xaf, 0x60, 0x0, 0x0, 0x3f, 0xc0, 0x0, 0x0,
    0xd, 0xf2, 0x0, 0x0, 0x7, 0xf8, 0x0, 0x0,
    0x1, 0xfe, 0x0, 0x0, 0x0, 0xbf, 0x40, 0x0,
    0x0, 0x5f, 0xa0, 0x0, 0x0, 0xe, 0xf1, 0x0,
    0x0, 0x9, 0xf7, 0x0, 0x0, 0x3, 0xfd, 0x0,
    0x0, 0x0, 0xdf, 0x30, 0x0, 0x0, 0x7f, 0x90,
    0x0, 0x0, 0x1f, 0xf0, 0x0, 0x0, 0xb, 0xf5,

    /* U+005D "]" */
    0x8f, 0xff, 0xf1, 0x5a, 0xaf, 0xf1, 0x0, 0xe,
    0xf1, 0x0, 0xe, 0xf1, 0x0, 0xe, 0xf1, 0x0,
    0xe, 0xf1, 0x0, 0xe, 0xf1, 0x0, 0xe, 0xf1,
    0x0, 0xe, 0xf1, 0x0, 0xe, 0xf1, 0x0, 0xe,
    0xf1, 0x0, 0xe, 0xf1, 0x0, 0xe, 0xf1, 0x0,
    0xe, 0xf1, 0x0, 0xe, 0xf1, 0x0, 0xe, 0xf1,
    0x8f, 0xff, 0xf1, 0x5a, 0xaa, 0xa0,

    /* U+005E "^" */
    0x0, 0x0, 0x5f, 0x40, 0x0, 0x0, 0x0, 0xc,
    0xfd, 0x0, 0x0, 0x0, 0x4, 0xfa, 0xf5, 0x0,
    0x0, 0x0, 0xbe, 0xc, 0xd0, 0x0, 0x0, 0x3f,
    0x70, 0x4f, 0x60, 0x0, 0xa, 0xf1, 0x0, 0xce,
    0x0, 0x2, 0xf9, 0x0, 0x4, 0xf7, 0x0, 0x9f,
    0x20, 0x0, 0xc, 0xe0, 0x1f, 0xa0, 0x0, 0x0,
    0x4f, 0x80,

    /* U+005F "_" */
    0x1, 0x11, 0x11, 0x11, 0x10, 0xf, 0xff, 0xff,
    0xff, 0xfb, 0x4, 0x44, 0x44, 0x44, 0x42,

    /* U+0060 "`" */
    0xd, 0xf9, 0x0, 0x1, 0xdf, 0x40, 0x0, 0xb,
    0xe2,

    /* U+0061 "a" */
    0x0, 0x4a, 0xdf, 0xec, 0x50, 0x0, 0xbf, 0xda,
    0xcf, 0xf4, 0x0, 0x33, 0x0, 0xa, 0xfb, 0x0,
    0x0, 0x0, 0x4, 0xfd, 0x0, 0x0, 0x0, 0x14,
    0xfe, 0x0, 0x7d, 0xff, 0xff, 0xfe, 0xa, 0xfe,
    0x74, 0x46, 0xfe, 0x1f, 0xf3, 0x0, 0x4, 0xfe,
    0xf, 0xf2, 0x0, 0xb, 0xfe, 0xb, 0xfd, 0x88,
    0xdc, 0xfe, 0x1, 0x9e, 0xfe, 0x80, 0xce,

    /* U+0062 "b" */
    0x5f, 0xc0, 0x0, 0x0, 0x0, 0x5, 0xfc, 0x0,
    0x0, 0x0, 0x0, 0x5f, 0xc0, 0x0, 0x0, 0x0,
    0x5, 0xfc, 0x0, 0x0, 0x0, 0x0, 0x5f, 0xb3,
    0xbf, 0xfb, 0x30, 0x5, 0xfd, 0xfe, 0xce, 0xff,
    0x30, 0x5f, 0xf9, 0x0, 0xb, 0xfc, 0x5, 0xff,
    0x0, 0x0, 0x2f, 0xf1, 0x5f, 0xd0, 0x0, 0x0,
    0xff, 0x45, 0xfc, 0x0, 0x0, 0xd, 0xf5, 0x5f,
    0xd0, 0x0, 0x0, 0xff, 0x45, 0xff, 0x10, 0x0,
    0x2f, 0xf1, 0x5f, 0xf9, 0x0, 0xb, 0xfc, 0x5,
    0xfc, 0xfe, 0xcf, 0xff, 0x30, 0x5f, 0x53, 0xbf,
    0xfb, 0x30, 0x0,

    /* U+0063 "c" */
    0x0, 0x5b, 0xef, 0xd9, 0x0, 0x9f, 0xfe, 0xdf,
    0xd0, 0x4f, 0xf5, 0x0, 0x2, 0xa, 0xf9, 0x0,
    0x0, 0x0, 0xdf, 0x50, 0x0, 0x0, 0xe, 0xf4,
    0x0, 0x0, 0x0, 0xdf, 0x50, 0x0, 0x0, 0xb,
    0xf9, 0x0, 0x0, 0x0, 0x5f, 0xf5, 0x0, 0x4,
    0x0, 0xaf, 0xfe, 0xdf, 0xf0, 0x0, 0x6c, 0xff,
    0xd7, 0x0,

    /* U+0064 "d" */
    0x0, 0x0, 0x0, 0x5, 0xfc, 0x0, 0x0, 0x0,
    0x5, 0xfc, 0x0, 0x0, 0x0, 0x5, 0xfc, 0x0,
    0x0, 0x0, 0x5, 0xfc, 0x0, 0x8e, 0xfd, 0x75,
    0xfc, 0xc, 0xff, 0xdd, 0xfc, 0xfc, 0x6f, 0xf3,
    0x0, 0x3f, 0xfc, 0xbf, 0x90, 0x0, 0x9, 0xfc,
    0xef, 0x50, 0x0, 0x6, 0xfc, 0xef, 0x40, 0x0,
    0x5, 0xfc, 0xef, 0x50, 0x0, 0x5, 0xfc, 0xbf,
    0x80, 0x0, 0x8, 0xfc, 0x6f, 0xf3, 0x0, 0x3e,
    0xfc, 0xc, 0xff, 0xdd, 0xfb, 0xfc, 0x0, 0x9e,
    0xfd, 0x60, 0xfc,

    /* U+0065 "e" */
    0x0, 0x5c, 0xff, 0xc4, 0x0, 0x9, 0xff, 0xbb,
    0xff, 0x60, 0x4f, 0xe2, 0x0, 0x4f, 0xf1, 0xaf,
    0x80, 0x0, 0xc, 0xf5, 0xdf, 0xb9, 0x99, 0x9d,
    0xf7, 0xef, 0xff, 0xff, 0xff, 0xf7, 0xdf, 0x50,
    0x0, 0x0, 0x0, 0xaf, 0x90, 0x0, 0x0, 0x0,
    0x4f, 0xf5, 0x0, 0x0, 0x40, 0x8, 0xff, 0xdb,
    0xdf, 0xf0, 0x0, 0x4b, 0xef, 0xec, 0x60,

    /* U+0066 "f" */
    0x0, 0x6, 0xdf, 0xea, 0x0, 0x7f, 0xfc, 0xc9,
    0x0, 0xcf, 0x80, 0x0, 0x0, 0xdf, 0x40, 0x0,
    0x5c, 0xff, 0xff, 0xe0, 0x6a, 0xff, 0xba, 0x90,
    0x0, 0xdf, 0x40, 0x0, 0x0, 0xdf, 0x40, 0x0,
    0x0, 0xdf, 0x40, 0x0, 0x0, 0xdf, 0x40, 0x0,
    0x0, 0xdf, 0x40, 0x0, 0x0, 0xdf, 0x40, 0x0,
    0x0, 0xdf, 0x40, 0x0, 0x0, 0xdf, 0x40, 0x0,
    0x0, 0xdf, 0x40, 0x0,

    /* U+0067 "g" */
    0x0, 0x8e, 0xfd, 0x61, 0xfc, 0xc, 0xff, 0xdd,
    0xfb, 0xfc, 0x5f, 0xf3, 0x0, 0x4f, 0xfc, 0xbf,
    0x90, 0x0, 0x8, 0xfc, 0xdf, 0x50, 0x0, 0x5,
    0xfc, 0xef, 0x40, 0x0, 0x4, 0xfc, 0xef, 0x50,
    0x0, 0x5, 0xfc, 0xbf, 0x80, 0x0, 0x8, 0xfc,
    0x6f, 0xe2, 0x0, 0x2e, 0xfc, 0xc, 0xff, 0xcd,
    0xfc, 0xfc, 0x0, 0x9e, 0xfd, 0x75, 0xfc, 0x0,
    0x0, 0x0, 0x6, 0xfb, 0x0, 0x0, 0x0, 0x9,
    0xfa, 0x16, 0x10, 0x0, 0x4f, 0xf5, 0x3f, 0xfe,
    0xcd, 0xff, 0xb0, 0x18, 0xce, 0xff, 0xc7, 0x0,

    /* U+0068 "h" */
    0x5f, 0xc0, 0x0, 0x0, 0x0, 0x5f, 0xc0, 0x0,
    0x0, 0x0, 0x5f, 0xc0, 0x0, 0x0, 0x0, 0x5f,
    0xc0, 0x0, 0x0, 0x0, 0x5f, 0xb2, 0xbf, 0xec,
    0x50, 0x5f, 0xdf, 0xec, 0xef, 0xf6, 0x5f, 0xf9,
    0x0, 0xa, 0xfc, 0x5f, 0xf1, 0x0, 0x3, 0xff,
    0x5f, 0xd0, 0x0, 0x2, 0xff, 0x5f, 0xc0, 0x0,
    0x2, 0xff, 0x5f, 0xc0, 0x0, 0x2, 0xff, 0x5f,
    0xc0, 0x0, 0x2, 0xff, 0x5f, 0xc0, 0x0, 0x2,
    0xff, 0x5f, 0xc0, 0x0, 0x2, 0xff, 0x5f, 0xc0,
    0x0, 0x2, 0xff,

    /* U+0069 "i" */
    0x4f, 0xa6, 0xfd, 0x6, 0x20, 0x0, 0x5f, 0xc5,
    0xfc, 0x5f, 0xc5, 0xfc, 0x5f, 0xc5, 0xfc, 0x5f,
    0xc5, 0xfc, 0x5f, 0xc5, 0xfc, 0x5f, 0xc0,

    /* U+006A "j" */
    0x0, 0x4, 0xfa, 0x0, 0x7, 0xfd, 0x0, 0x0,
    0x62, 0x0, 0x0, 0x0, 0x0, 0x5, 0xfc, 0x0,
    0x5, 0xfc, 0x0, 0x5, 0xfc, 0x0, 0x5, 0xfc,
    0x0, 0x5, 0xfc, 0x0, 0x5, 0xfc, 0x0, 0x5,
    0xfc, 0x0, 0x5, 0xfc, 0x0, 0x5, 0xfc, 0x0,
    0x5, 0xfc, 0x0, 0x5, 0xfc, 0x0, 0x5, 0xfc,
    0x0, 0x5, 0xfc, 0x0, 0x9, 0xfa, 0x1d, 0xdf,
    0xf4, 0xe, 0xfd, 0x60,

    /* U+006B "k" */
    0x5f, 0xc0, 0x0, 0x0, 0x0, 0x5, 0xfc, 0x0,
    0x0, 0x0, 0x0, 0x5f, 0xc0, 0x0, 0x0, 0x0,
    0x5, 0xfc, 0x0, 0x0, 0x0, 0x0, 0x5f, 0xc0,
    0x0, 0x3f, 0xf5, 0x5, 0xfc, 0x0, 0x2e, 0xf6,
    0x0, 0x5f, 0xc0, 0x1d, 0xf7, 0x0, 0x5, 0xfc,
    0xd, 0xf8, 0x0, 0x0, 0x5f, 0xbb, 0xfb, 0x0,
    0x0, 0x5, 0xff, 0xff, 0xe1, 0x0, 0x0, 0x5f,
    0xf8, 0xbf, 0xb0, 0x0, 0x5, 0xfc, 0x1, 0xef,
    0x70, 0x0, 0x5f, 0xc0, 0x4, 0xff, 0x30, 0x5,
    0xfc, 0x0, 0x8, 0xfe, 0x10, 0x5f, 0xc0, 0x0,
    0xc, 0xfb, 0x0,

    /* U+006C "l" */
    0x5f, 0xc5, 0xfc, 0x5f, 0xc5, 0xfc, 0x5f, 0xc5,
    0xfc, 0x5f, 0xc5, 0xfc, 0x5f, 0xc5, 0xfc, 0x5f,
    0xc5, 0xfc, 0x5f, 0xc5, 0xfc, 0x5f, 0xc0,

    /* U+006D "m" */
    0x5f, 0x63, 0xbf, 0xfb, 0x20, 0x6c, 0xfe, 0x91,
    0x5, 0xfc, 0xff, 0xdf, 0xfe, 0x9f, 0xed, 0xff,
    0xc0, 0x5f, 0xf9, 0x0, 0x2f, 0xff, 0x60, 0x4,
    0xff, 0x35, 0xff, 0x10, 0x0, 0xaf, 0xd0, 0x0,
    0xd, 0xf5, 0x5f, 0xd0, 0x0, 0x9, 0xfa, 0x0,
    0x0, 0xbf, 0x65, 0xfc, 0x0, 0x0, 0x9f, 0x90,
    0x0, 0xb, 0xf6, 0x5f, 0xc0, 0x0, 0x9, 0xf9,
    0x0, 0x0, 0xbf, 0x65, 0xfc, 0x0, 0x0, 0x9f,
    0x90, 0x0, 0xb, 0xf6, 0x5f, 0xc0, 0x0, 0x9,
    0xf9, 0x0, 0x0, 0xbf, 0x65, 0xfc, 0x0, 0x0,
    0x9f, 0x90, 0x0, 0xb, 0xf6, 0x5f, 0xc0, 0x0,
    0x9, 0xf9, 0x0, 0x0, 0xbf, 0x60,

    /* U+006E "n" */
    0x5f, 0x62, 0xbe, 0xfc, 0x50, 0x5f, 0xcf, 0xec,
    0xef, 0xf6, 0x5f, 0xfa, 0x0, 0xa, 0xfc, 0x5f,
    0xf1, 0x0, 0x3, 0xff, 0x5f, 0xd0, 0x0, 0x2,
    0xff, 0x5f, 0xc0, 0x0, 0x2, 0xff, 0x5f, 0xc0,
    0x0, 0x2, 0xff, 0x5f, 0xc0, 0x0, 0x2, 0xff,
    0x5f, 0xc0, 0x0, 0x2, 0xff, 0x5f, 0xc0, 0x0,
    0x2, 0xff, 0x5f, 0xc0, 0x0, 0x2, 0xff,

    /* U+006F "o" */
    0x0, 0x5c, 0xff, 0xc7, 0x0, 0x0, 0x9f, 0xfd,
    0xdf, 0xfb, 0x0, 0x4f, 0xf4, 0x0, 0x2e, 0xf7,
    0xa, 0xf9, 0x0, 0x0, 0x6f, 0xe0, 0xdf, 0x50,
    0x0, 0x2, 0xff, 0x1e, 0xf4, 0x0, 0x0, 0xf,
    0xf2, 0xdf, 0x50, 0x0, 0x2, 0xff, 0x1a, 0xf9,
    0x0, 0x0, 0x6f, 0xe0, 0x3f, 0xf3, 0x0, 0x1d,
    0xf8, 0x0, 0x8f, 0xfc, 0xbf, 0xfc, 0x0, 0x0,
    0x5b, 0xef, 0xd7, 0x0, 0x0,

    /* U+0070 "p" */
    0x5f, 0x72, 0xbf, 0xfb, 0x30, 0x5, 0xfc, 0xfe,
    0xdf, 0xff, 0x30, 0x5f, 0xf9, 0x0, 0xc, 0xfc,
    0x5, 0xff, 0x0, 0x0, 0x3f, 0xf2, 0x5f, 0xd0,
    0x0, 0x0, 0xff, 0x45, 0xfc, 0x0, 0x0, 0xd,
    0xf5, 0x5f, 0xd0, 0x0, 0x0, 0xff, 0x45, 0xff,
    0x10, 0x0, 0x3f, 0xf1, 0x5f, 0xf9, 0x0, 0xb,
    0xfc, 0x5, 0xfd, 0xfe, 0xce, 0xff, 0x30, 0x5f,
    0xb3, 0xbf, 0xfb, 0x30, 0x5, 0xfc, 0x0, 0x0,
    0x0, 0x0, 0x5f, 0xc0, 0x0, 0x0, 0x0, 0x5,
    0xfc, 0x0, 0x0, 0x0, 0x0, 0x5f, 0xc0, 0x0,
    0x0, 0x0, 0x5, 0xfc, 0x0, 0x0, 0x0, 0x0,

    /* U+0071 "q" */
    0x0, 0x8e, 0xfd, 0x61, 0xfc, 0xc, 0xff, 0xcd,
    0xfb, 0xfc, 0x6f, 0xf3, 0x0, 0x3f, 0xfc, 0xbf,
    0x90, 0x0, 0x9, 0xfc, 0xef, 0x50, 0x0, 0x6,
    0xfc, 0xef, 0x40, 0x0, 0x4, 0xfc, 0xef, 0x50,
    0x0, 0x5, 0xfc, 0xbf, 0x80, 0x0, 0x8, 0xfc,
    0x6f, 0xf3, 0x0, 0x3f, 0xfc, 0xc, 0xff, 0xdd,
    0xfc, 0xfc, 0x0, 0x9e, 0xfd, 0x65, 0xfc, 0x0,
    0x0, 0x0, 0x5, 0xfc, 0x0, 0x0, 0x0, 0x5,
    0xfc, 0x0, 0x0, 0x0, 0x5, 0xfc, 0x0, 0x0,
    0x0, 0x5, 0xfc, 0x0, 0x0, 0x0, 0x5, 0xfc,

    /* U+0072 "r" */
    0x5f, 0x61, 0x9e, 0xf1, 0x5f, 0x8c, 0xff, 0xf0,
    0x5f, 0xfe, 0x40, 0x0, 0x5f, 0xf3, 0x0, 0x0,
    0x5f, 0xd0, 0x0, 0x0, 0x5f, 0xc0, 0x0, 0x0,
    0x5f, 0xc0, 0x0, 0x0, 0x5f, 0xc0, 0x0, 0x0,
    0x5f, 0xc0, 0x0, 0x0, 0x5f, 0xc0, 0x0, 0x0,
    0x5f, 0xc0, 0x0, 0x0,

    /* U+0073 "s" */
    0x0, 0x6c, 0xef, 0xd9, 0x30, 0x9f, 0xeb, 0xbd,
    0xf5, 0xf, 0xf2, 0x0, 0x2, 0x0, 0xef, 0x60,
    0x0, 0x0, 0x6, 0xff, 0xd6, 0x0, 0x0, 0x4,
    0xbf, 0xff, 0x70, 0x0, 0x0, 0x29, 0xff, 0x70,
    0x0, 0x0, 0x6, 0xfc, 0x5, 0x0, 0x0, 0x6f,
    0xb0, 0xff, 0xcb, 0xcf, 0xf5, 0x7, 0xcf, 0xfe,
    0xb3, 0x0,

    /* U+0074 "t" */
    0x0, 0x37, 0x0, 0x0, 0x0, 0xaf, 0x0, 0x0,
    0x0, 0xef, 0x0, 0x0, 0x5e, 0xff, 0xff, 0xf1,
    0x6a, 0xff, 0xaa, 0xa0, 0x2, 0xff, 0x0, 0x0,
    0x2, 0xff, 0x0, 0x0, 0x2, 0xff, 0x0, 0x0,
    0x2, 0xff, 0x0, 0x0, 0x2, 0xff, 0x0, 0x0,
    0x2, 0xff, 0x0, 0x0, 0x0, 0xff, 0x30, 0x0,
    0x0, 0xbf, 0xfc, 0xd2, 0x0, 0x1a, 0xff, 0xd1,

    /* U+0075 "u" */
    0x7f, 0xb0, 0x0, 0x3, 0xfe, 0x7f, 0xb0, 0x0,
    0x3, 0xfe, 0x7f, 0xb0, 0x0, 0x3, 0xfe, 0x7f,
    0xb0, 0x0, 0x3, 0xfe, 0x7f, 0xb0, 0x0, 0x3,
    0xfe, 0x7f, 0xb0, 0x0, 0x3, 0xfe, 0x7f, 0xb0,
    0x0, 0x4, 0xfe, 0x7f, 0xc0, 0x0, 0x7, 0xfe,
    0x4f, 0xf1, 0x0, 0x1e, 0xfe, 0xd, 0xfe, 0x99,
    0xed, 0xfe, 0x1, 0x9d, 0xfe, 0x91, 0xee,

    /* U+0076 "v" */
    0xdf, 0x60, 0x0, 0x0, 0xef, 0x57, 0xfc, 0x0,
    0x0, 0x3f, 0xf0, 0x1f, 0xf1, 0x0, 0x9, 0xf9,
    0x0, 0xbf, 0x70, 0x0, 0xef, 0x30, 0x5, 0xfc,
    0x0, 0x4f, 0xd0, 0x0, 0xe, 0xf1, 0x9, 0xf7,
    0x0, 0x0, 0x9f, 0x70, 0xef, 0x10, 0x0, 0x3,
    0xfc, 0x4f, 0xb0, 0x0, 0x0, 0xd, 0xfa, 0xf5,
    0x0, 0x0, 0x0, 0x7f, 0xff, 0x0, 0x0, 0x0,
    0x1, 0xff, 0x90, 0x0, 0x0,

    /* U+0077 "w" */
    0xaf, 0x70, 0x0, 0x3f, 0xf5, 0x0, 0x5, 0xfc,
    0x6f, 0xc0, 0x0, 0x8f, 0xfa, 0x0, 0x9, 0xf8,
    0x1f, 0xf0, 0x0, 0xce, 0xce, 0x0, 0xd, 0xf3,
    0xd, 0xf4, 0x1, 0xfa, 0x9f, 0x30, 0x1f, 0xf0,
    0x9, 0xf8, 0x6, 0xf6, 0x5f, 0x80, 0x6f, 0xb0,
    0x4, 0xfc, 0xa, 0xf2, 0x1f, 0xc0, 0xaf, 0x60,
    0x0, 0xff, 0xf, 0xd0, 0xc, 0xf1, 0xef, 0x20,
    0x0, 0xbf, 0x6f, 0x90, 0x8, 0xf6, 0xfd, 0x0,
    0x0, 0x7f, 0xcf, 0x40, 0x3, 0xfc, 0xf9, 0x0,
    0x0, 0x3f, 0xff, 0x0, 0x0, 0xef, 0xf5, 0x0,
    0x0, 0xe, 0xfb, 0x0, 0x0, 0xaf, 0xf0, 0x0,

    /* U+0078 "x" */
    0x3f, 0xf3, 0x0, 0x5, 0xff, 0x10, 0x8f, 0xd0,
    0x1, 0xef, 0x60, 0x0, 0xdf, 0x70, 0x9f, 0xb0,
    0x0, 0x2, 0xff, 0x7f, 0xe1, 0x0, 0x0, 0x7,
    0xff, 0xf5, 0x0, 0x0, 0x0, 0x1f, 0xfe, 0x0,
    0x0, 0x0, 0xa, 0xff, 0xf7, 0x0, 0x0, 0x5,
    0xfe, 0x3f, 0xf3, 0x0, 0x1, 0xef, 0x50, 0x7f,
    0xd0, 0x0, 0xbf, 0xa0, 0x0, 0xcf, 0x80, 0x6f,
    0xe1, 0x0, 0x2, 0xff, 0x30,

    /* U+0079 "y" */
    0xcf, 0x70, 0x0, 0x0, 0xdf, 0x66, 0xfc, 0x0,
    0x0, 0x3f, 0xf0, 0xf, 0xf2, 0x0, 0x8, 0xfa,
    0x0, 0x9f, 0x80, 0x0, 0xef, 0x40, 0x3, 0xfd,
    0x0, 0x3f, 0xe0, 0x0, 0xd, 0xf3, 0x9, 0xf8,
    0x0, 0x0, 0x7f, 0x90, 0xef, 0x20, 0x0, 0x1,
    0xfe, 0x3f, 0xc0, 0x0, 0x0, 0xa, 0xfa, 0xf6,
    0x0, 0x0, 0x0, 0x4f, 0xff, 0x10, 0x0, 0x0,
    0x0, 0xef, 0xb0, 0x0, 0x0, 0x0, 0xd, 0xf5,
    0x0, 0x0, 0x0, 0x3, 0xfe, 0x0, 0x0, 0x0,
    0x0, 0xcf, 0x70, 0x0, 0x0, 0x8c, 0xef, 0xd0,
    0x0, 0x0, 0x9, 0xfe, 0x91, 0x0, 0x0, 0x0,

    /* U+007A "z" */
    0xf, 0xff, 0xff, 0xff, 0xa0, 0x9a, 0xaa, 0xaf,
    0xf8, 0x0, 0x0, 0x5, 0xfe, 0x10, 0x0, 0x1,
    0xef, 0x40, 0x0, 0x0, 0xbf, 0x90, 0x0, 0x0,
    0x6f, 0xd0, 0x0, 0x0, 0x2f, 0xf3, 0x0, 0x0,
    0xc, 0xf7, 0x0, 0x0, 0x7, 0xfc, 0x0, 0x0,
    0x2, 0xff, 0xca, 0xaa, 0xa8, 0x4f, 0xff, 0xff,
    0xff, 0xc0,

    /* U+007B "{" */
    0x0, 0x0, 0x7d, 0xf0, 0x0, 0xaf, 0xfb, 0x0,
    0xf, 0xf3, 0x0, 0x0, 0xff, 0x0, 0x0, 0x1f,
    0xe0, 0x0, 0x1, 0xfe, 0x0, 0x0, 0x2f, 0xe0,
    0x0, 0x2a, 0xfa, 0x0, 0x8f, 0xf8, 0x0, 0x6,
    0xdf, 0xd3, 0x0, 0x0, 0x7f, 0xc0, 0x0, 0x1,
    0xfe, 0x0, 0x0, 0x1f, 0xe0, 0x0, 0x1, 0xfe,
    0x0, 0x0, 0xf, 0xf0, 0x0, 0x0, 0xef, 0x70,
    0x0, 0x6, 0xff, 0xf0, 0x0, 0x3, 0x8a,

    /* U+007C "|" */
    0x5f, 0x55, 0xf5, 0x5f, 0x55, 0xf5, 0x5f, 0x55,
    0xf5, 0x5f, 0x55, 0xf5, 0x5f, 0x55, 0xf5, 0x5f,
    0x55, 0xf5, 0x5f, 0x55, 0xf5, 0x5f, 0x55, 0xf5,
    0x5f, 0x55, 0xf5, 0x5f, 0x55, 0xf5,

    /* U+007D "}" */
    0x4f, 0xc5, 0x0, 0x0, 0x3c, 0xff, 0x40, 0x0,
    0x0, 0x7f, 0xa0, 0x0, 0x0, 0x3f, 0xb0, 0x0,
    0x0, 0x3f, 0xb0, 0x0, 0x0, 0x3f, 0xb0, 0x0,
    0x0, 0x3f, 0xc0, 0x0, 0x0, 0xe, 0xf6, 0x10,
    0x0, 0x2, 0xaf, 0xf3, 0x0, 0x6, 0xef, 0xc2,
    0x0, 0x1f, 0xf2, 0x0, 0x0, 0x3f, 0xc0, 0x0,
    0x0, 0x3f, 0xb0, 0x0, 0x0, 0x3f, 0xb0, 0x0,
    0x0, 0x4f, 0xb0, 0x0, 0x2, 0xbf, 0x90, 0x0,
    0x5f, 0xfe, 0x20, 0x0, 0x39, 0x61, 0x0, 0x0,

    /* U+007E "~" */
    0x4, 0xdf, 0xd8, 0x10, 0x3, 0x50, 0xfd, 0xbe,
    0xff, 0xcb, 0xf6, 0x8, 0x0, 0x5, 0xbf, 0xf9,
    0x0,

    /* U+00A0 " " */

    /* U+00A1 "¡" */
    0x5f, 0xb0, 0x9f, 0xf0, 0x4d, 0x90, 0x0, 0x0,
    0x0, 0x0, 0x1f, 0x80, 0x2f, 0x80, 0x2f, 0x90,
    0x3f, 0xa0, 0x4f, 0xb0, 0x5f, 0xc0, 0x5f, 0xc0,
    0x6f, 0xd0, 0x7f, 0xe0, 0x8f, 0xf0,

    /* U+00A2 "¢" */
    0x0, 0x0, 0x5f, 0x20, 0x0, 0x1, 0x9e, 0xff,
    0xc6, 0x2, 0xef, 0xfc, 0xdf, 0x80, 0xbf, 0xc1,
    0x0, 0x11, 0x1f, 0xf3, 0x0, 0x0, 0x3, 0xff,
    0x0, 0x0, 0x0, 0x4f, 0xe0, 0x0, 0x0, 0x3,
    0xfe, 0x0, 0x0, 0x0, 0x1f, 0xf2, 0x0, 0x0,
    0x0, 0xcf, 0xc1, 0x0, 0x13, 0x3, 0xef, 0xfd,
    0xef, 0x90, 0x1, 0x9e, 0xff, 0xc4, 0x0, 0x0,
    0x5f, 0x10, 0x0, 0x0, 0x5, 0xf1, 0x0,

    /* U+00A3 "£" */
    0x0, 0x0, 0x7d, 0xfe, 0xc7, 0x10, 0x0, 0xcf,
    0xfc, 0xdf, 0xf1, 0x0, 0x4f, 0xf2, 0x0, 0x3,
    0x0, 0x6, 0xfc, 0x0, 0x0, 0x0, 0x0, 0x6f,
    0xb0, 0x0, 0x0, 0x0, 0x6, 0xfb, 0x0, 0x0,
    0x0, 0x4f, 0xff, 0xff, 0xff, 0xa0, 0x2, 0x9b,
    0xfe, 0x99, 0x96, 0x0, 0x0, 0x6f, 0xb0, 0x0,
    0x0, 0x0, 0x6, 0xfb, 0x0, 0x0, 0x0, 0x0,
    0x8f, 0x90, 0x0, 0x0, 0x0, 0x2e, 0xe1, 0x0,
    0x0, 0x0, 0x4f, 0xfe, 0xee, 0xee, 0xee, 0xb5,
    0xff, 0xff, 0xff, 0xff, 0xfc,

    /* U+00A4 "¤" */
    0x15, 0x0, 0x0, 0x2, 0x40, 0x9f, 0x8c, 0xfd,
    0x8e, 0xe0, 0xd, 0xfd, 0x8b, 0xff, 0x40, 0xd,
    0xd1, 0x0, 0x8f, 0x40, 0x2f, 0x60, 0x0, 0xf,
    0x80, 0x2f, 0x60, 0x0, 0xf, 0x80, 0xe, 0xd1,
    0x0, 0x7f, 0x40, 0xc, 0xfd, 0x8b, 0xff, 0x30,
    0x9f, 0x9c, 0xfe, 0x8e, 0xe0, 0x15, 0x0, 0x0,
    0x2, 0x40,

    /* U+00A5 "¥" */
    0x8f, 0xa0, 0x0, 0x0, 0x4f, 0xd0, 0xe, 0xf2,
    0x0, 0x0, 0xcf, 0x50, 0x6, 0xfa, 0x0, 0x3,
    0xfc, 0x0, 0x0, 0xcf, 0x20, 0xb, 0xf3, 0x0,
    0x0, 0x4f, 0xa0, 0x3f, 0x90, 0x0, 0x0, 0xb,
    0xf2, 0xbf, 0x10, 0x0, 0x0, 0x14, 0xfc, 0xf8,
    0x10, 0x0, 0x2, 0xff, 0xff, 0xff, 0xf9, 0x0,
    0x0, 0x44, 0x8f, 0xc4, 0x42, 0x0, 0x0, 0x11,
    0x6f, 0xb1, 0x10, 0x0, 0x2, 0xff, 0xff, 0xff,
    0xf9, 0x0, 0x0, 0x44, 0x8f, 0xc4, 0x42, 0x0,
    0x0, 0x0, 0x5f, 0xb0, 0x0, 0x0, 0x0, 0x0,
    0x5f, 0xb0, 0x0, 0x0,

    /* U+00A6 "¦" */
    0x5f, 0x55, 0xf5, 0x5f, 0x55, 0xf5, 0x5f, 0x55,
    0xf5, 0x5f, 0x53, 0xb4, 0x0, 0x0, 0x0, 0x0,
    0x0, 0x0, 0x3b, 0x45, 0xf5, 0x5f, 0x55, 0xf5,
    0x5f, 0x55, 0xf5, 0x5f, 0x55, 0xf5,

    /* U+00A7 "§" */
    0x5, 0xbe, 0xfe, 0xa4, 0x5f, 0xe9, 0x9b, 0xf6,
    0xaf, 0x40, 0x0, 0x0, 0x7f, 0xc2, 0x0, 0x0,
    0xa, 0xff, 0xb4, 0x0, 0x1e, 0xe9, 0xef, 0xb1,
    0x9f, 0x20, 0x8, 0xfa, 0xaf, 0x20, 0x0, 0xed,
    0x5f, 0xd4, 0x2, 0xfa, 0x6, 0xef, 0xde, 0xe2,
    0x0, 0x6, 0xcf, 0xe3, 0x0, 0x0, 0x6, 0xfb,
    0x10, 0x0, 0x2, 0xfc, 0xdd, 0x98, 0x9e, 0xf6,
    0x6c, 0xff, 0xeb, 0x50,

    /* U+00A8 "¨" */
    0x1, 0x0, 0x1, 0x1, 0xfd, 0x2, 0xfc, 0xe,
    0xb0, 0x1e, 0xa0,

    /* U+00A9 "©" */
    0x0, 0x0, 0x6, 0xbe, 0xfd, 0x93, 0x0, 0x0,
    0x0, 0x3, 0xed, 0x74, 0x24, 0x9f, 0xa0, 0x0,
    0x0, 0x3f, 0x80, 0x0, 0x0, 0x1, 0xdb, 0x0,
    0x0, 0xe8, 0x0, 0x6e, 0xff, 0xb0, 0x1e, 0x80,
    0x6, 0xd0, 0x7, 0xfa, 0x56, 0x80, 0x5, 0xf1,
    0xb, 0x80, 0xf, 0xb0, 0x0, 0x0, 0x0, 0xe5,
    0xe, 0x40, 0x4f, 0x50, 0x0, 0x0, 0x0, 0xa8,
    0xf, 0x30, 0x5f, 0x40, 0x0, 0x0, 0x0, 0x9a,
    0xf, 0x40, 0x3f, 0x50, 0x0, 0x0, 0x0, 0xa9,
    0xc, 0x70, 0x1f, 0x90, 0x0, 0x0, 0x0, 0xd6,
    0x8, 0xd0, 0x9, 0xf6, 0x12, 0x50, 0x3, 0xf2,
    0x1, 0xf6, 0x1, 0xbf, 0xff, 0xb0, 0xc, 0xa0,
    0x0, 0x5f, 0x50, 0x1, 0x32, 0x0, 0xae, 0x10,
    0x0, 0x6, 0xfa, 0x41, 0x1, 0x6d, 0xd2, 0x0,
    0x0, 0x0, 0x2a, 0xef, 0xff, 0xd7, 0x0, 0x0,
    0x0, 0x0, 0x0, 0x1, 0x20, 0x0, 0x0, 0x0,

    /* U+00AA "ª" */
    0x8, 0xdf, 0xe7, 0x0, 0x44, 0x26, 0xf3, 0x7,
    0xdf, 0xff, 0x54, 0xf5, 0x2, 0xf5, 0x4f, 0x41,
    0x9f, 0x50, 0xaf, 0xd7, 0xd5,

    /* U+00AB "«" */
    0x0, 0x0, 0x60, 0x0, 0x61, 0x0, 0x0, 0xbf,
    0x70, 0x6f, 0xb0, 0x0, 0x8f, 0xb0, 0x4f, 0xe1,
    0x0, 0x5f, 0xd1, 0x2e, 0xf3, 0x0, 0x1f, 0xf3,
    0xd, 0xf7, 0x0, 0x0, 0xaf, 0xa0, 0x5f, 0xd1,
    0x0, 0x0, 0xcf, 0x70, 0x8f, 0xb0, 0x0, 0x1,
    0xef, 0x40, 0xaf, 0x80, 0x0, 0x3, 0xb3, 0x0,
    0xb5, 0x0,

    /* U+00AC "¬" */
    0xa, 0xaa, 0xaa, 0xaa, 0xaa, 0x40, 0xff, 0xff,
    0xff, 0xff, 0xf7, 0x0, 0x0, 0x0, 0x0, 0x3f,
    0x70, 0x0, 0x0, 0x0, 0x3, 0xf7, 0x0, 0x0,
    0x0, 0x0, 0x3f, 0x70, 0x0, 0x0, 0x0, 0x1,
    0x83,

    /* U+00AD "­" */
    0x3d, 0xdd, 0xd9, 0x4f, 0xff, 0xfb,

    /* U+00AE "®" */
    0x0, 0x0, 0x6, 0xbe, 0xfd, 0x93, 0x0, 0x0,
    0x0, 0x3, 0xed, 0x74, 0x24, 0x9f, 0xa0, 0x0,
    0x0, 0x3f, 0x80, 0x0, 0x0, 0x1, 0xdb, 0x0,
    0x0, 0xe8, 0x7, 0xff, 0xfd, 0x30, 0x1e, 0x80,
    0x6, 0xd0, 0x7, 0xf4, 0x4d, 0xe0, 0x5, 0xf1,
    0xb, 0x80, 0x7, 0xf1, 0x5, 0xf3, 0x0, 0xe5,
    0xe, 0x40, 0x7, 0xf1, 0x5, 0xf3, 0x0, 0xa8,
    0xf, 0x30, 0x7, 0xf1, 0x1c, 0xe0, 0x0, 0x9a,
    0xf, 0x40, 0x7, 0xff, 0xfe, 0x30, 0x0, 0xa9,
    0xc, 0x70, 0x7, 0xf4, 0x8f, 0x30, 0x0, 0xd6,
    0x8, 0xd0, 0x7, 0xf1, 0xd, 0xd0, 0x3, 0xf2,
    0x1, 0xf6, 0x7, 0xf1, 0x3, 0xf8, 0xc, 0xa0,
    0x0, 0x5f, 0x52, 0x50, 0x0, 0x45, 0xae, 0x10,
    0x0, 0x6, 0xfa, 0x41, 0x1, 0x6d, 0xd2, 0x0,
    0x0, 0x0, 0x2a, 0xef, 0xff, 0xd7, 0x0, 0x0,
    0x0, 0x0, 0x0, 0x1, 0x20, 0x0, 0x0, 0x0,

    /* U+00AF "¯" */
    0x8, 0x88, 0x88, 0x88, 0x88, 0x80, 0x1f, 0xff,
    0xff, 0xff, 0xff, 0xf1,

    /* U+00B0 "°" */
    0x0, 0x0, 0x0, 0x0, 0x9f, 0xfd, 0x30, 0x8f,
    0x75, 0xbf, 0x1e, 0x90, 0x1, 0xf6, 0xe9, 0x0,
    0xf, 0x7a, 0xe4, 0x29, 0xf3, 0x1c, 0xff, 0xf6,
    0x0, 0x2, 0x31, 0x0,

    /* U+00B1 "±" */
    0x0, 0x0, 0x2f, 0x80, 0x0, 0x0, 0x0, 0x2,
    0xf8, 0x0, 0x0, 0x0, 0x0, 0x2f, 0x80, 0x0,
    0x0, 0x0, 0x2, 0xf8, 0x0, 0x0, 0xf, 0xff,
    0xff, 0xff, 0xff, 0x70, 0xaa, 0xaa, 0xfd, 0xaa,
    0xa4, 0x0, 0x0, 0x2f, 0x80, 0x0, 0x0, 0x0,
    0x2, 0xf8, 0x0, 0x0, 0x0, 0x0, 0x2f, 0x80,
    0x0, 0x0, 0x0, 0x1, 0xb5, 0x0, 0x0, 0xa,
    0xaa, 0xaa, 0xaa, 0xaa, 0x40, 0xff, 0xff, 0xff,
    0xff, 0xf7,

    /* U+00B2 "²" */
    0x0, 0x0, 0x0, 0x0, 0x8e, 0xfe, 0x60, 0x2d,
    0x74, 0xcf, 0x20, 0x0, 0x7, 0xf3, 0x0, 0x1,
    0xdc, 0x0, 0x1, 0xdd, 0x10, 0x2, 0xec, 0x10,
    0x3, 0xee, 0x76, 0x62, 0x8f, 0xff, 0xff, 0x50,

    /* U+00B3 "³" */
    0x0, 0x0, 0x0, 0x1, 0x9e, 0xfd, 0x50, 0x3d,
    0x64, 0xcf, 0x20, 0x0, 0x5, 0xf4, 0x0, 0x1,
    0xbe, 0x0, 0x3f, 0xff, 0x50, 0x0, 0x34, 0xaf,
    0x40, 0x0, 0x1, 0xf8, 0x78, 0x55, 0xbf, 0x45,
    0xcf, 0xfd, 0x60,

    /* U+00B4 "´" */
    0x0, 0x8f, 0xe1, 0x3, 0xfd, 0x20, 0x1e, 0xc1,
    0x0,

    /* U+00B5 "µ" */
    0x5f, 0xc0, 0x0, 0x2, 0xff, 0x5f, 0xc0, 0x0,
    0x2, 0xff, 0x5f, 0xc0, 0x0, 0x2, 0xff, 0x5f,
    0xc0, 0x0, 0x2, 0xff, 0x5f, 0xc0, 0x0, 0x2,
    0xff, 0x5f, 0xc0, 0x0, 0x2, 0xff, 0x5f, 0xc0,
    0x0, 0x3, 0xff, 0x5f, 0xd0, 0x0, 0x6, 0xff,
    0x5f, 0xf2, 0x0, 0xc, 0xff, 0x5f, 0xff, 0x99,
    0xdd, 0xff, 0x5f, 0xcb, 0xff, 0xa1, 0xcf, 0x5f,
    0xb0, 0x0, 0x0, 0x0, 0x5f, 0xc0, 0x0, 0x0,
    0x0, 0x5f, 0xc0, 0x0, 0x0, 0x0, 0x5f, 0xc0,
    0x0, 0x0, 0x0, 0x5f, 0xc0, 0x0, 0x0, 0x0,

    /* U+00B6 "¶" */
    0x1, 0xae, 0xff, 0xff, 0xff, 0x11, 0xef, 0xff,
    0xfe, 0x57, 0xf1, 0x8f, 0xff, 0xff, 0xd0, 0x3f,
    0x1c, 0xff, 0xff, 0xfd, 0x3, 0xf1, 0xef, 0xff,
    0xff, 0xd0, 0x3f, 0x1e, 0xff, 0xff, 0xfd, 0x3,
    0xf1, 0xcf, 0xff, 0xff, 0xd0, 0x3f, 0x18, 0xff,
    0xff, 0xfd, 0x3, 0xf1, 0x1f, 0xff, 0xff, 0xd0,
    0x3f, 0x10, 0x2a, 0xee, 0xed, 0x3, 0xf1, 0x0,
    0x0, 0x7, 0xd0, 0x3f, 0x10, 0x0, 0x0, 0x7d,
    0x3, 0xf1, 0x0, 0x0, 0x7, 0xd0, 0x3f, 0x10,
    0x0, 0x0, 0x7d, 0x3, 0xf1, 0x0, 0x0, 0x7,
    0xd0, 0x3f, 0x10, 0x0, 0x0, 0x7d, 0x3, 0xf1,
    0x0, 0x0, 0x7, 0xd0, 0x3f, 0x10, 0x0, 0x0,
    0x5b, 0x2, 0xd1,

    /* U+00B7 "·" */
    0x4d, 0x90, 0x9f, 0xf0, 0x5f, 0xb0,

    /* U+00B8 "¸" */
    0x4, 0xb0, 0x0, 0xce, 0x50, 0x1, 0x9f, 0x41,
    0x17, 0xf5, 0xbf, 0xfa, 0x1, 0x31, 0x0,

    /* U+00B9 "¹" */
    0x0, 0x4, 0x50, 0x1, 0xaf, 0xf0, 0x1e, 0xeb,
    0xf0, 0x6, 0x1a, 0xf0, 0x0, 0xa, 0xf0, 0x0,
    0xa, 0xf0, 0x0, 0xa, 0xf0, 0x0, 0xa, 0xf0,
    0x0, 0xa, 0xf0,

    /* U+00BA "º" */
    0x2, 0xbf, 0xd7, 0x0, 0xdc, 0x46, 0xf6, 0x3f,
    0x30, 0xa, 0xd5, 0xf1, 0x0, 0x8f, 0x3f, 0x20,
    0x9, 0xd0, 0xea, 0x13, 0xe8, 0x3, 0xef, 0xfa,
    0x0, 0x0, 0x20, 0x0,

    /* U+00BB "»" */
    0x2, 0x40, 0x1, 0x60, 0x0, 0x0, 0xef, 0x30,
    0xbf, 0x70, 0x0, 0x3, 0xfe, 0x11, 0xef, 0x50,
    0x0, 0x6, 0xfd, 0x2, 0xff, 0x30, 0x0, 0xa,
    0xf9, 0x6, 0xfd, 0x0, 0x2, 0xff, 0x30, 0xdf,
    0x60, 0x1, 0xdf, 0x50, 0xbf, 0x90, 0x0, 0xbf,
    0x70, 0x8f, 0xb0, 0x0, 0x7, 0x90, 0x5, 0xb1,
    0x0, 0x0,

    /* U+00BC "¼" */
    0x0, 0x18, 0x70, 0x0, 0x0, 0x8, 0x60, 0x0,
    0x3, 0xef, 0xe0, 0x0, 0x0, 0x6f, 0x40, 0x0,
    0x2f, 0xbc, 0xe0, 0x0, 0x1, 0xeb, 0x0, 0x0,
    0x5, 0xc, 0xe0, 0x0, 0x9, 0xf2, 0x0, 0x0,
    0x0, 0xc, 0xe0, 0x0, 0x3f, 0x80, 0x0, 0x0,
    0x0, 0xc, 0xe0, 0x0, 0xce, 0x0, 0x0, 0x0,
    0x0, 0xc, 0xe0, 0x5, 0xf6, 0x0, 0x8a, 0x0,
    0x0, 0xc, 0xe0, 0xe, 0xc0, 0x7, 0xff, 0x0,
    0x0, 0xc, 0xe0, 0x8f, 0x30, 0x2e, 0xcf, 0x0,
    0x0, 0x0, 0x2, 0xfa, 0x0, 0xc7, 0xbf, 0x0,
    0x0, 0x0, 0xa, 0xf1, 0x8, 0xd0, 0xbf, 0x0,
    0x0, 0x0, 0x4f, 0x70, 0x3f, 0x41, 0xcf, 0x10,
    0x0, 0x0, 0xdd, 0x0, 0x9f, 0xff, 0xff, 0xf3,
    0x0, 0x6, 0xf4, 0x0, 0x24, 0x44, 0xcf, 0x40,
    0x0, 0x1e, 0xb0, 0x0, 0x0, 0x0, 0xbf, 0x0,

    /* U+00BD "½" */
    0x0, 0x7f, 0xb0, 0x0, 0x0, 0x8f, 0x30, 0x0,
    0x1b, 0xff, 0xb0, 0x0, 0x2, 0xf9, 0x0, 0x0,
    0x4e, 0x3e, 0xb0, 0x0, 0xb, 0xe1, 0x0, 0x0,
    0x0, 0xf, 0xb0, 0x0, 0x4f, 0x60, 0x0, 0x0,
    0x0, 0xf, 0xb0, 0x0, 0xdd, 0x0, 0x0, 0x0,
    0x0, 0xf, 0xb0, 0x7, 0xf3, 0x0, 0x0, 0x0,
    0x0, 0xf, 0xb0, 0x1f, 0xa1, 0x9f, 0xfe, 0x40,
    0x0, 0xf, 0xb0, 0xaf, 0x13, 0xc6, 0x5e, 0xf0,
    0x0, 0x8, 0x64, 0xf7, 0x0, 0x0, 0x9, 0xf1,
    0x0, 0x0, 0xd, 0xd0, 0x0, 0x0, 0x1e, 0xb0,
    0x0, 0x0, 0x7f, 0x40, 0x0, 0x1, 0xcd, 0x10,
    0x0, 0x1, 0xfb, 0x0, 0x0, 0x1d, 0xd1, 0x0,
    0x0, 0xa, 0xf2, 0x0, 0x2, 0xed, 0x32, 0x20,
    0x0, 0x3f, 0x80, 0x0, 0xa, 0xff, 0xff, 0xf3,
    0x0, 0x35, 0x0, 0x0, 0x3, 0x55, 0x55, 0x51,

    /* U+00BE "¾" */
    0x0, 0x0, 0x0, 0x0, 0x0, 0x0, 0x10, 0x0,
    0x19, 0xff, 0xe8, 0x0, 0x0, 0x5, 0xf6, 0x0,
    0x1a, 0x64, 0xaf, 0x30, 0x0, 0xe, 0xc0, 0x0,
    0x0, 0x1, 0x9f, 0x20, 0x0, 0x8f, 0x30, 0x0,
    0x3, 0xff, 0xf5, 0x0, 0x2, 0xf9, 0x0, 0x0,
    0x0, 0x34, 0xaf, 0x30, 0xc, 0xe1, 0x0, 0x0,
    0x0, 0x0, 0x1f, 0x80, 0x5f, 0x60, 0x3a, 0x50,
    0x55, 0x21, 0x8f, 0x50, 0xec, 0x0, 0xdf, 0x90,
    0x6f, 0xff, 0xf9, 0x9, 0xf3, 0x9, 0xbf, 0x90,
    0x0, 0x33, 0x10, 0x2f, 0x90, 0x3f, 0x4f, 0x90,
    0x0, 0x0, 0x0, 0xce, 0x10, 0xd6, 0x2f, 0x90,
    0x0, 0x0, 0x6, 0xf6, 0x9, 0xd1, 0x3f, 0x90,
    0x0, 0x0, 0x1e, 0xc0, 0xf, 0xff, 0xff, 0xfd,
    0x0, 0x0, 0x9f, 0x30, 0x4, 0x44, 0x5f, 0xb3,
    0x0, 0x3, 0xf9, 0x0, 0x0, 0x0, 0x2f, 0x90,

    /* U+00BF "¿" */
    0x0, 0x0, 0xce, 0x30, 0x0, 0x0, 0x2f, 0xf8,
    0x0, 0x0, 0x0, 0xbd, 0x30, 0x0, 0x0, 0x0,
    0x0, 0x0, 0x0, 0x0, 0x48, 0x0, 0x0, 0x0,
    0xb, 0xf0, 0x0, 0x0, 0x3, 0xfd, 0x0, 0x0,
    0x4, 0xff, 0x40, 0x0, 0x5, 0xff, 0x50, 0x0,
    0x1, 0xff, 0x30, 0x0, 0x0, 0x7f, 0x90, 0x0,
    0x0, 0x8, 0xf8, 0x0, 0x0, 0x0, 0x5f, 0xe4,
    0x1, 0x4a, 0x20, 0xcf, 0xff, 0xff, 0xf7, 0x0,
    0x6a, 0xcb, 0x93, 0x0,

    /* U+00C0 "À" */
    0x0, 0x1, 0xef, 0x80, 0x0, 0x0, 0x0, 0x0,
    0x0, 0x3f, 0xf2, 0x0, 0x0, 0x0, 0x0, 0x0,
    0x3, 0xfc, 0x0, 0x0, 0x0, 0x0, 0x0, 0x0,
    0x38, 0x20, 0x0, 0x0, 0x0, 0x0, 0x0, 0x0,
    0x0, 0x0, 0x0, 0x0, 0x0, 0xc, 0xfd, 0x0,
    0x0, 0x0, 0x0, 0x0, 0x2f, 0xff, 0x30, 0x0,
    0x0, 0x0, 0x0, 0x8f, 0xaf, 0x90, 0x0, 0x0,
    0x0, 0x0, 0xef, 0x1f, 0xf0, 0x0, 0x0, 0x0,
    0x5, 0xfb, 0xa, 0xf6, 0x0, 0x0, 0x0, 0xb,
    0xf5, 0x4, 0xfc, 0x0, 0x0, 0x0, 0x1f, 0xf0,
    0x0, 0xef, 0x20, 0x0, 0x0, 0x7f, 0x90, 0x0,
    0x8f, 0x80, 0x0, 0x0, 0xdf, 0xff, 0xff, 0xff,
    0xe0, 0x0, 0x4, 0xff, 0xee, 0xee, 0xef, 0xf5,
    0x0, 0xa, 0xf8, 0x0, 0x0, 0x8, 0xfb, 0x0,
    0x1f, 0xf2, 0x0, 0x0, 0x2, 0xff, 0x10, 0x6f,
    0xd0, 0x0, 0x0, 0x0, 0xcf, 0x70, 0xcf, 0x70,
    0x0, 0x0, 0x0, 0x6f, 0xd0,

    /* U+00C1 "Á" */
    0x0, 0x0, 0x0, 0xe, 0xf8, 0x0, 0x0, 0x0,
    0x0, 0x0, 0x8f, 0xb0, 0x0, 0x0, 0x0, 0x0,
    0x3, 0xfb, 0x0, 0x0, 0x0, 0x0, 0x0, 0x5,
    0x70, 0x0, 0x0, 0x0, 0x0, 0x0, 0x0, 0x0,
    0x0, 0x0, 0x0, 0x0, 0x0, 0xc, 0xfd, 0x0,
    0x0, 0x0, 0x0, 0x0, 0x2f, 0xff, 0x30, 0x0,
    0x0, 0x0, 0x0, 0x8f, 0xaf, 0x90, 0x0, 0x0,
    0x0, 0x0, 0xef, 0x1f, 0xf0, 0x0, 0x0, 0x0,
    0x5, 0xfb, 0xa, 0xf6, 0x0, 0x0, 0x0, 0xb,
    0xf5, 0x4, 0xfc, 0x0, 0x0, 0x0, 0x1f, 0xf0,
    0x0, 0xef, 0x20, 0x0, 0x0, 0x7f, 0x90, 0x0,
    0x8f, 0x80, 0x0, 0x0, 0xdf, 0xff, 0xff, 0xff,
    0xe0, 0x0, 0x4, 0xff, 0xee, 0xee, 0xef, 0xf5,
    0x0, 0xa, 0xf8, 0x0, 0x0, 0x8, 0xfb, 0x0,
    0x1f, 0xf2, 0x0, 0x0, 0x2, 0xff, 0x10, 0x6f,
    0xd0, 0x0, 0x0, 0x0, 0xcf, 0x70, 0xcf, 0x70,
    0x0, 0x0, 0x0, 0x6f, 0xd0,

    /* U+00C2 "Â" */
    0x0, 0x0, 0xd, 0xfd, 0x0, 0x0, 0x0, 0x0,
    0x0, 0x9f, 0xdf, 0x90, 0x0, 0x0, 0x0, 0x6,
    0xf9, 0x9, 0xf6, 0x0, 0x0, 0x0, 0x7, 0x50,
    0x0, 0x57, 0x0, 0x0, 0x0, 0x0, 0x0, 0x0,
    0x0, 0x0, 0x0, 0x0, 0x0, 0xc, 0xfd, 0x0,
    0x0, 0x0, 0x0, 0x0, 0x2f, 0xff, 0x30, 0x0,
    0x0, 0x0, 0x0, 0x8f, 0xaf, 0x90, 0x0, 0x0,
    0x0, 0x0, 0xef, 0x1f, 0xf0, 0x0, 0x0, 0x0,
    0x5, 0xfb, 0xa, 0xf6, 0x0, 0x0, 0x0, 0xb,
    0xf5, 0x4, 0xfc, 0x0, 0x0, 0x0, 0x1f, 0xf0,
    0x0, 0xef, 0x20, 0x0, 0x0, 0x7f, 0x90, 0x0,
    0x8f, 0x80, 0x0, 0x0, 0xdf, 0xff, 0xff, 0xff,
    0xe0, 0x0, 0x4, 0xff, 0xee, 0xee, 0xef, 0xf5,
    0x0, 0xa, 0xf8, 0x0, 0x0, 0x8, 0xfb, 0x0,
    0x1f, 0xf2, 0x0, 0x0, 0x2, 0xff, 0x10, 0x6f,
    0xd0, 0x0, 0x0, 0x0, 0xcf, 0x70, 0xcf, 0x70,
    0x0, 0x0, 0x0, 0x6f, 0xd0,

    /* U+00C3 "Ã" */
    0x0, 0x0, 0x67, 0x10, 0x7, 0x20, 0x0, 0x0,
    0x9, 0xff, 0xd3, 0x3f, 0x20, 0x0, 0x0, 0xf,
    0x52, 0xdf, 0xfb, 0x0, 0x0, 0x0, 0x18, 0x0,
    0x6, 0x70, 0x0, 0x0, 0x0, 0x0, 0x0, 0x0,
    0x0, 0x0, 0x0, 0x0, 0x0, 0xc, 0xfd, 0x0,
    0x0, 0x0, 0x0, 0x0, 0x2f, 0xff, 0x30, 0x0,
    0x0, 0x0, 0x0, 0x8f, 0xaf, 0x90, 0x0, 0x0,
    0x0, 0x0, 0xef, 0x1f, 0xf0, 0x0, 0x0, 0x0,
    0x5, 0xfb, 0xa, 0xf6, 0x0, 0x0, 0x0, 0xb,
    0xf5, 0x4, 0xfc, 0x0, 0x0, 0x0, 0x1f, 0xf0,
    0x0, 0xef, 0x20, 0x0, 0x0, 0x7f, 0x90, 0x0,
    0x8f, 0x80, 0x0, 0x0, 0xdf, 0xff, 0xff, 0xff,
    0xe0, 0x0, 0x4, 0xff, 0xee, 0xee, 0xef, 0xf5,
    0x0, 0xa, 0xf8, 0x0, 0x0, 0x8, 0xfb, 0x0,
    0x1f, 0xf2, 0x0, 0x0, 0x2, 0xff, 0x10, 0x6f,
    0xd0, 0x0, 0x0, 0x0, 0xcf, 0x70, 0xcf, 0x70,
    0x0, 0x0, 0x0, 0x6f, 0xd0,

    /* U+00C4 "Ä" */
    0x0, 0x0, 0x20, 0x0, 0x20, 0x0, 0x0, 0x0,
    0x6, 0xf8, 0x7, 0xf7, 0x0, 0x0, 0x0, 0x4,
    0xf6, 0x5, 0xf5, 0x0, 0x0, 0x0, 0x0, 0x0,
    0x0, 0x0, 0x0, 0x0, 0x0, 0x0, 0x0, 0x0,
    0x0, 0x0, 0x0, 0x0, 0x0, 0xc, 0xfd, 0x0,
    0x0, 0x0, 0x0, 0x0, 0x2f, 0xff, 0x30, 0x0,
    0x0, 0x0, 0x0, 0x8f, 0xaf, 0x90, 0x0, 0x0,
    0x0, 0x0, 0xef, 0x1f, 0xf0, 0x0, 0x0, 0x0,
    0x5, 0xfb, 0xa, 0xf6, 0x0, 0x0, 0x0, 0xb,
    0xf5, 0x4, 0xfc, 0x0, 0x0, 0x0, 0x1f, 0xf0,
    0x0, 0xef, 0x20, 0x0, 0x0, 0x7f, 0x90, 0x0,
    0x8f, 0x80, 0x0, 0x0, 0xdf, 0xff, 0xff, 0xff,
    0xe0, 0x0, 0x4, 0xff, 0xee, 0xee, 0xef, 0xf5,
    0x0, 0xa, 0xf8, 0x0, 0x0, 0x8, 0xfb, 0x0,
    0x1f, 0xf2, 0x0, 0x0, 0x2, 0xff, 0x10, 0x6f,
    0xd0, 0x0, 0x0, 0x0, 0xcf, 0x70, 0xcf, 0x70,
    0x0, 0x0, 0x0, 0x6f, 0xd0,

    /* U+00C5 "Å" */
    0x0, 0x0, 0x1a, 0xea, 0x10, 0x0, 0x0, 0x0,
    0x0, 0x8c, 0x3c, 0x90, 0x0, 0x0, 0x0, 0x0,
    0xb7, 0x7, 0xc0, 0x0, 0x0, 0x0, 0x0, 0x9b,
    0xb, 0x90, 0x0, 0x0, 0x0, 0x0, 0x1f, 0xff,
    0x20, 0x0, 0x0, 0x0, 0x0, 0x2f, 0xff, 0x30,
    0x0, 0x0, 0x0, 0x0, 0x8f, 0xaf, 0x90, 0x0,
    0x0, 0x0, 0x0, 0xef, 0x1f, 0xf0, 0x0, 0x0,
    0x0, 0x5, 0xfb, 0xa, 0xf6, 0x0, 0x0, 0x0,
    0xb, 0xf5, 0x4, 0xfc, 0x0, 0x0, 0x0, 0x1f,
    0xf0, 0x0, 0xef, 0x20, 0x0, 0x0, 0x7f, 0x90,
    0x0, 0x8f, 0x80, 0x0, 0x0, 0xdf, 0xff, 0xff,
    0xff, 0xe0, 0x0, 0x4, 0xff, 0xee, 0xee, 0xef,
    0xf5, 0x0, 0xa, 0xf8, 0x0, 0x0, 0x8, 0xfb,
    0x0, 0x1f, 0xf2, 0x0, 0x0, 0x2, 0xff, 0x10,
    0x6f, 0xd0, 0x0, 0x0, 0x0, 0xcf, 0x70, 0xcf,
    0x70, 0x0, 0x0, 0x0, 0x6f, 0xd0,

    /* U+00C6 "Æ" */
    0x0, 0x0, 0x0, 0x9, 0xff, 0xff, 0xff, 0xff,
    0xfd, 0x0, 0x0, 0x0, 0x1f, 0xfd, 0xff, 0xed,
    0xdd, 0xdb, 0x0, 0x0, 0x0, 0x8f, 0x90, 0xef,
    0x30, 0x0, 0x0, 0x0, 0x0, 0x1, 0xff, 0x20,
    0xef, 0x30, 0x0, 0x0, 0x0, 0x0, 0x7, 0xfa,
    0x0, 0xef, 0x30, 0x0, 0x0, 0x0, 0x0, 0xe,
    0xf2, 0x0, 0xef, 0x30, 0x0, 0x0, 0x0, 0x0,
    0x7f, 0xa0, 0x0, 0xef, 0xff, 0xff, 0xf7, 0x0,
    0x0, 0xef, 0x30, 0x0, 0xef, 0xdd, 0xdd, 0xd6,
    0x0, 0x6, 0xff, 0xff, 0xff, 0xff, 0x30, 0x0,
    0x0, 0x0, 0xd, 0xfe, 0xee, 0xee, 0xff, 0x30,
    0x0, 0x0, 0x0, 0x5f, 0xd0, 0x0, 0x0, 0xef,
    0x30, 0x0, 0x0, 0x0, 0xdf, 0x60, 0x0, 0x0,
    0xef, 0x30, 0x0, 0x0, 0x4, 0xfe, 0x0, 0x0,
    0x0, 0xef, 0xed, 0xdd, 0xdb, 0xc, 0xf7, 0x0,
    0x0, 0x0, 0xef, 0xff, 0xff, 0xfd,

    /* U+00C7 "Ç" */
    0x0, 0x2, 0x9d, 0xff, 0xda, 0x50, 0x0, 0x7f,
    0xff, 0xee, 0xff, 0xc0, 0x6, 0xff, 0x91, 0x0,
    0x5, 0x30, 0x1f, 0xf7, 0x0, 0x0, 0x0, 0x0,
    0x6f, 0xe0, 0x0, 0x0, 0x0, 0x0, 0xaf, 0x90,
    0x0, 0x0, 0x0, 0x0, 0xcf, 0x70, 0x0, 0x0,
    0x0, 0x0, 0xcf, 0x70, 0x0, 0x0, 0x0, 0x0,
    0xaf, 0x90, 0x0, 0x0, 0x0, 0x0, 0x7f, 0xe0,
    0x0, 0x0, 0x0, 0x0, 0x2f, 0xf7, 0x0, 0x0,
    0x0, 0x0, 0x9, 0xff, 0x81, 0x0, 0x2, 0x30,
    0x0, 0xaf, 0xff, 0xee, 0xff, 0x80, 0x0, 0x4,
    0xae, 0xff, 0xea, 0x30, 0x0, 0x0, 0x6, 0xe0,
    0x0, 0x0, 0x0, 0x0, 0x8, 0xfc, 0x10, 0x0,
    0x0, 0x0, 0x0, 0x4f, 0x70, 0x0, 0x0, 0x0,
    0x34, 0x9f, 0x50, 0x0, 0x0, 0x0, 0x8f, 0xe8,
    0x0, 0x0,

    /* U+00C8 "È" */
    0x0, 0x9f, 0xe0, 0x0, 0x0, 0x0, 0xcf, 0x70,
    0x0, 0x0, 0x0, 0xcf, 0x20, 0x0, 0x0, 0x0,
    0x75, 0x0, 0x0, 0x0, 0x0, 0x0, 0x1, 0xff,
    0xff, 0xff, 0xff, 0x1f, 0xfd, 0xdd, 0xdd, 0xc1,
    0xff, 0x10, 0x0, 0x0, 0x1f, 0xf1, 0x0, 0x0,
    0x1, 0xff, 0x10, 0x0, 0x0, 0x1f, 0xf1, 0x0,
    0x0, 0x1, 0xff, 0xff, 0xff, 0xf9, 0x1f, 0xfd,
    0xdd, 0xdd, 0x71, 0xff, 0x10, 0x0, 0x0, 0x1f,
    0xf1, 0x0, 0x0, 0x1, 0xff, 0x10, 0x0, 0x0,
    0x1f, 0xf1, 0x0, 0x0, 0x1, 0xff, 0xdd, 0xdd,
    0xdc, 0x1f, 0xff, 0xff, 0xff, 0xf0,

    /* U+00C9 "É" */
    0x0, 0x0, 0x8, 0xfe, 0x10, 0x0, 0x2, 0xff,
    0x20, 0x0, 0x0, 0xcf, 0x30, 0x0, 0x0, 0x28,
    0x20, 0x0, 0x0, 0x0, 0x0, 0x0, 0x1, 0xff,
    0xff, 0xff, 0xff, 0x1f, 0xfd, 0xdd, 0xdd, 0xc1,
    0xff, 0x10, 0x0, 0x0, 0x1f, 0xf1, 0x0, 0x0,
    0x1, 0xff, 0x10, 0x0, 0x0, 0x1f, 0xf1, 0x0,
    0x0, 0x1, 0xff, 0xff, 0xff, 0xf9, 0x1f, 0xfd,
    0xdd, 0xdd, 0x71, 0xff, 0x10, 0x0, 0x0, 0x1f,
    0xf1, 0x0, 0x0, 0x1, 0xff, 0x10, 0x0, 0x0,
    0x1f, 0xf1, 0x0, 0x0, 0x1, 0xff, 0xdd, 0xdd,
    0xdc, 0x1f, 0xff, 0xff, 0xff, 0xf0,

    /* U+00CA "Ê" */
    0x0, 0x6, 0xff, 0x60, 0x0, 0x2, 0xfe, 0xef,
    0x20, 0x0, 0xde, 0x22, 0xed, 0x10, 0x37, 0x10,
    0x1, 0x74, 0x0, 0x0, 0x0, 0x0, 0x1, 0xff,
    0xff, 0xff, 0xff, 0x1f, 0xfd, 0xdd, 0xdd, 0xc1,
    0xff, 0x10, 0x0, 0x0, 0x1f, 0xf1, 0x0, 0x0,
    0x1, 0xff, 0x10, 0x0, 0x0, 0x1f, 0xf1, 0x0,
    0x0, 0x1, 0xff, 0xff, 0xff, 0xf9, 0x1f, 0xfd,
    0xdd, 0xdd, 0x71, 0xff, 0x10, 0x0, 0x0, 0x1f,
    0xf1, 0x0, 0x0, 0x1, 0xff, 0x10, 0x0, 0x0,
    0x1f, 0xf1, 0x0, 0x0, 0x1, 0xff, 0xdd, 0xdd,
    0xdc, 0x1f, 0xff, 0xff, 0xff, 0xf0,

    /* U+00CB "Ë" */
    0x0, 0x1, 0x0, 0x11, 0x0, 0xd, 0xf1, 0xe,
    0xf0, 0x0, 0xbe, 0x0, 0xcd, 0x0, 0x0, 0x0,
    0x0, 0x0, 0x0, 0x0, 0x0, 0x0, 0x1, 0xff,
    0xff, 0xff, 0xff, 0x1f, 0xfd, 0xdd, 0xdd, 0xc1,
    0xff, 0x10, 0x0, 0x0, 0x1f, 0xf1, 0x0, 0x0,
    0x1, 0xff, 0x10, 0x0, 0x0, 0x1f, 0xf1, 0x0,
    0x0, 0x1, 0xff, 0xff, 0xff, 0xf9, 0x1f, 0xfd,
    0xdd, 0xdd, 0x71, 0xff, 0x10, 0x0, 0x0, 0x1f,
    0xf1, 0x0, 0x0, 0x1, 0xff, 0x10, 0x0, 0x0,
    0x1f, 0xf1, 0x0, 0x0, 0x1, 0xff, 0xdd, 0xdd,
    0xdc, 0x1f, 0xff, 0xff, 0xff, 0xf0,

    /* U+00CC "Ì" */
    0x2f, 0xf5, 0x0, 0x0, 0x5f, 0xe0, 0x0, 0x0,
    0x6f, 0x90, 0x0, 0x0, 0x47, 0x0, 0x0, 0x0,
    0x0, 0x3, 0xff, 0xff, 0xf4, 0x7, 0xdf, 0xd7,
    0x10, 0x8, 0xfa, 0x0, 0x0, 0x8f, 0xa0, 0x0,
    0x8, 0xfa, 0x0, 0x0, 0x8f, 0xa0, 0x0, 0x8,
    0xfa, 0x0, 0x0, 0x8f, 0xa0, 0x0, 0x8, 0xfa,
    0x0, 0x0, 0x8f, 0xa0, 0x0, 0x8, 0xfa, 0x0,
    0x0, 0x8f, 0xa0, 0x0, 0x6d, 0xfd, 0x71, 0x3f,
    0xff, 0xff, 0x40,

    /* U+00CD "Í" */
    0x0, 0x1, 0xff, 0x70, 0x0, 0xaf, 0x90, 0x0,
    0x5f, 0xa0, 0x0, 0x6, 0x60, 0x0, 0x0, 0x0,
    0x0, 0x3, 0xff, 0xff, 0xf4, 0x7, 0xdf, 0xd7,
    0x10, 0x8, 0xfa, 0x0, 0x0, 0x8f, 0xa0, 0x0,
    0x8, 0xfa, 0x0, 0x0, 0x8f, 0xa0, 0x0, 0x8,
    0xfa, 0x0, 0x0, 0x8f, 0xa0, 0x0, 0x8, 0xfa,
    0x0, 0x0, 0x8f, 0xa0, 0x0, 0x8, 0xfa, 0x0,
    0x0, 0x8f, 0xa0, 0x0, 0x6d, 0xfd, 0x71, 0x3f,
    0xff, 0xff, 0x40,

    /* U+00CE "Î" */
    0x0, 0xd, 0xfd, 0x0, 0x0, 0x9, 0xfd, 0xf9,
    0x0, 0x6, 0xf9, 0x9, 0xf6, 0x0, 0x75, 0x0,
    0x5, 0x70, 0x0, 0x0, 0x0, 0x0, 0x0, 0x3f,
    0xff, 0xff, 0x40, 0x0, 0x7d, 0xfd, 0x71, 0x0,
    0x0, 0x8f, 0xa0, 0x0, 0x0, 0x8, 0xfa, 0x0,
    0x0, 0x0, 0x8f, 0xa0, 0x0, 0x0, 0x8, 0xfa,
    0x0, 0x0, 0x0, 0x8f, 0xa0, 0x0, 0x0, 0x8,
    0xfa, 0x0, 0x0, 0x0, 0x8f, 0xa0, 0x0, 0x0,
    0x8, 0xfa, 0x0, 0x0, 0x0, 0x8f, 0xa0, 0x0,
    0x0, 0x8, 0xfa, 0x0, 0x0, 0x6, 0xdf, 0xd7,
    0x10, 0x3, 0xff, 0xff, 0xf4, 0x0,

    /* U+00CF "Ï" */
    0x2, 0x0, 0x2, 0x5, 0xf8, 0x7, 0xf7, 0x4f,
    0x60, 0x5f, 0x50, 0x0, 0x0, 0x0, 0x0, 0x0,
    0x0, 0x3, 0xff, 0xff, 0xf4, 0x7, 0xdf, 0xd7,
    0x10, 0x8, 0xfa, 0x0, 0x0, 0x8f, 0xa0, 0x0,
    0x8, 0xfa, 0x0, 0x0, 0x8f, 0xa0, 0x0, 0x8,
    0xfa, 0x0, 0x0, 0x8f, 0xa0, 0x0, 0x8, 0xfa,
    0x0, 0x0, 0x8f, 0xa0, 0x0, 0x8, 0xfa, 0x0,
    0x0, 0x8f, 0xa0, 0x0, 0x6d, 0xfd, 0x71, 0x3f,
    0xff, 0xff, 0x40,

    /* U+00D0 "Ð" */
    0x0, 0xff, 0xff, 0xfe, 0xb6, 0x10, 0x0, 0x0,
    0xff, 0xdd, 0xdf, 0xff, 0xe4, 0x0, 0x0, 0xff,
    0x20, 0x0, 0x3c, 0xff, 0x20, 0x0, 0xff, 0x20,
    0x0, 0x0, 0xcf, 0xb0, 0x0, 0xff, 0x20, 0x0,
    0x0, 0x3f, 0xf1, 0x0, 0xff, 0x20, 0x0, 0x0,
    0xf, 0xf4, 0x7f, 0xff, 0xff, 0xf7, 0x0, 0xd,
    0xf6, 0x6d, 0xff, 0xdd, 0xd5, 0x0, 0xe, 0xf6,
    0x0, 0xff, 0x20, 0x0, 0x0, 0xf, 0xf4, 0x0,
    0xff, 0x20, 0x0, 0x0, 0x5f, 0xf1, 0x0, 0xff,
    0x20, 0x0, 0x1, 0xdf, 0xa0, 0x0, 0xff, 0x20,
    0x0, 0x5d, 0xfe, 0x20, 0x0, 0xff, 0xdd, 0xef,
    0xff, 0xd2, 0x0, 0x0, 0xff, 0xff, 0xfe, 0xa5,
    0x0, 0x0,

    /* U+00D1 "Ñ" */
    0x0, 0x0, 0x48, 0x20, 0x5, 0x40, 0x0, 0x0,
    0x5f, 0xff, 0x51, 0xe5, 0x0, 0x0, 0xc, 0x81,
    0xaf, 0xfe, 0x0, 0x0, 0x0, 0x81, 0x0, 0x57,
    0x10, 0x0, 0x0, 0x0, 0x0, 0x0, 0x0, 0x0,
    0x1, 0xff, 0xc0, 0x0, 0x0, 0x6, 0xfa, 0x1f,
    0xff, 0x70, 0x0, 0x0, 0x6f, 0xa1, 0xff, 0xff,
    0x10, 0x0, 0x6, 0xfa, 0x1f, 0xbb, 0xfb, 0x0,
    0x0, 0x6f, 0xa1, 0xfc, 0x1f, 0xf5, 0x0, 0x6,
    0xfa, 0x1f, 0xd0, 0x6f, 0xe0, 0x0, 0x6f, 0xa1,
    0xfd, 0x0, 0xcf, 0x90, 0x6, 0xfa, 0x1f, 0xd0,
    0x2, 0xff, 0x30, 0x5f, 0xa1, 0xfd, 0x0, 0x8,
    0xfc, 0x5, 0xfa, 0x1f, 0xd0, 0x0, 0xd, 0xf7,
    0x5f, 0xa1, 0xfd, 0x0, 0x0, 0x3f, 0xf6, 0xfa,
    0x1f, 0xd0, 0x0, 0x0, 0x9f, 0xef, 0xa1, 0xfd,
    0x0, 0x0, 0x0, 0xef, 0xfa, 0x1f, 0xd0, 0x0,
    0x0, 0x5, 0xff, 0xa0,

    /* U+00D2 "Ò" */
    0x0, 0x0, 0x9f, 0xd0, 0x0, 0x0, 0x0, 0x0,
    0x0, 0x9, 0xf9, 0x0, 0x0, 0x0, 0x0, 0x0,
    0x0, 0x7f, 0x50, 0x0, 0x0, 0x0, 0x0, 0x0,
    0x0, 0x0, 0x0, 0x0, 0x0, 0x0, 0x0, 0x0,
    0x0, 0x0, 0x0, 0x0, 0x4, 0xad, 0xfe, 0xd8,
    0x20, 0x0, 0x0, 0xaf, 0xff, 0xee, 0xff, 0xf5,
    0x0, 0x8, 0xff, 0x60, 0x0, 0x1a, 0xff, 0x30,
    0x2f, 0xf6, 0x0, 0x0, 0x0, 0xbf, 0xc0, 0x7f,
    0xd0, 0x0, 0x0, 0x0, 0x3f, 0xf2, 0xaf, 0x90,
    0x0, 0x0, 0x0, 0xe, 0xf5, 0xcf, 0x80, 0x0,
    0x0, 0x0, 0xd, 0xf7, 0xcf, 0x80, 0x0, 0x0,
    0x0, 0xd, 0xf7, 0xaf, 0x90, 0x0, 0x0, 0x0,
    0xe, 0xf5, 0x7f, 0xe0, 0x0, 0x0, 0x0, 0x3f,
    0xf2, 0x2f, 0xf6, 0x0, 0x0, 0x0, 0xbf, 0xc0,
    0x8, 0xff, 0x60, 0x0, 0x1a, 0xff, 0x30, 0x0,
    0xaf, 0xff, 0xee, 0xff, 0xf5, 0x0, 0x0, 0x4,
    0xad, 0xfe, 0xd8, 0x20, 0x0,

    /* U+00D3 "Ó" */
    0x0, 0x0, 0x0, 0xa, 0xfc, 0x0, 0x0, 0x0,
    0x0, 0x0, 0x5f, 0xc0, 0x0, 0x0, 0x0, 0x0,
    0x2, 0xfa, 0x0, 0x0, 0x0, 0x0, 0x0, 0x0,
    0x0, 0x0, 0x0, 0x0, 0x0, 0x0, 0x0, 0x0,
    0x0, 0x0, 0x0, 0x0, 0x4, 0xad, 0xfe, 0xd8,
    0x20, 0x0, 0x0, 0xaf, 0xff, 0xee, 0xff, 0xf5,
    0x0, 0x8, 0xff, 0x60, 0x0, 0x1a, 0xff, 0x30,
    0x2f, 0xf6, 0x0, 0x0, 0x0, 0xbf, 0xc0, 0x7f,
    0xd0, 0x0, 0x0, 0x0, 0x3f, 0xf2, 0xaf, 0x90,
    0x0, 0x0, 0x0, 0xe, 0xf5, 0xcf, 0x80, 0x0,
    0x0, 0x0, 0xd, 0xf7, 0xcf, 0x80, 0x0, 0x0,
    0x0, 0xd, 0xf7, 0xaf, 0x90, 0x0, 0x0, 0x0,
    0xe, 0xf5, 0x7f, 0xe0, 0x0, 0x0, 0x0, 0x3f,
    0xf2, 0x2f, 0xf6, 0x0, 0x0, 0x0, 0xbf, 0xc0,
    0x8, 0xff, 0x60, 0x0, 0x1a, 0xff, 0x30, 0x0,
    0xaf, 0xff, 0xee, 0xff, 0xf5, 0x0, 0x0, 0x4,
    0xad, 0xfe, 0xd8, 0x20, 0x0,

    /* U+00D4 "Ô" */
    0x0, 0x0, 0xa, 0xff, 0x40, 0x0, 0x0, 0x0,
    0x0, 0x7f, 0xad, 0xf3, 0x0, 0x0, 0x0, 0x6,
    0xf7, 0x1, 0xbe, 0x20, 0x0, 0x0, 0x0, 0x0,
    0x0, 0x0, 0x0, 0x0, 0x0, 0x0, 0x0, 0x0,
    0x0, 0x0, 0x0, 0x0, 0x4, 0xad, 0xfe, 0xd8,
    0x20, 0x0, 0x0, 0xaf, 0xff, 0xee, 0xff, 0xf5,
    0x0, 0x8, 0xff, 0x60, 0x0, 0x1a, 0xff, 0x30,
    0x2f, 0xf6, 0x0, 0x0, 0x0, 0xbf, 0xc0, 0x7f,
    0xd0, 0x0, 0x0, 0x0, 0x3f, 0xf2, 0xaf, 0x90,
    0x0, 0x0, 0x0, 0xe, 0xf5, 0xcf, 0x80, 0x0,
    0x0, 0x0, 0xd, 0xf7, 0xcf, 0x80, 0x0, 0x0,
    0x0, 0xd, 0xf7, 0xaf, 0x90, 0x0, 0x0, 0x0,
    0xe, 0xf5, 0x7f, 0xe0, 0x0, 0x0, 0x0, 0x3f,
    0xf2, 0x2f, 0xf6, 0x0, 0x0, 0x0, 0xbf, 0xc0,
    0x8, 0xff, 0x60, 0x0, 0x1a, 0xff, 0x30, 0x0,
    0xaf, 0xff, 0xee, 0xff, 0xf5, 0x0, 0x0, 0x4,
    0xad, 0xfe, 0xd8, 0x20, 0x0,

    /* U+00D5 "Õ" */
    0x0, 0x0, 0x48, 0x40, 0x5, 0x50, 0x0, 0x0,
    0x6, 0xff, 0xfd, 0xaf, 0x60, 0x0, 0x0, 0xc,
    0x81, 0x6c, 0xf9, 0x0, 0x0, 0x0, 0x0, 0x0,
    0x0, 0x0, 0x0, 0x0, 0x0, 0x0, 0x0, 0x0,
    0x0, 0x0, 0x0, 0x0, 0x4, 0xad, 0xfe, 0xd8,
    0x20, 0x0, 0x0, 0xaf, 0xff, 0xee, 0xff, 0xf5,
    0x0, 0x8, 0xff, 0x60, 0x0, 0x1a, 0xff, 0x30,
    0x2f, 0xf6, 0x0, 0x0, 0x0, 0xbf, 0xc0, 0x7f,
    0xd0, 0x0, 0x0, 0x0, 0x3f, 0xf2, 0xaf, 0x90,
    0x0, 0x0, 0x0, 0xe, 0xf5, 0xcf, 0x80, 0x0,
    0x0, 0x0, 0xd, 0xf7, 0xcf, 0x80, 0x0, 0x0,
    0x0, 0xd, 0xf7, 0xaf, 0x90, 0x0, 0x0, 0x0,
    0xe, 0xf5, 0x7f, 0xe0, 0x0, 0x0, 0x0, 0x3f,
    0xf2, 0x2f, 0xf6, 0x0, 0x0, 0x0, 0xbf, 0xc0,
    0x8, 0xff, 0x60, 0x0, 0x1a, 0xff, 0x30, 0x0,
    0xaf, 0xff, 0xee, 0xff, 0xf5, 0x0, 0x0, 0x4,
    0xad, 0xfe, 0xd8, 0x20, 0x0,

    /* U+00D6 "Ö" */
    0x0, 0x0, 0x10, 0x0, 0x10, 0x0, 0x0, 0x0,
    0x1, 0xfd, 0x2, 0xfc, 0x0, 0x0, 0x0, 0x0,
    0xeb, 0x1, 0xea, 0x0, 0x0, 0x0, 0x0, 0x0,
    0x0, 0x0, 0x0, 0x0, 0x0, 0x0, 0x0, 0x0,
    0x0, 0x0, 0x0, 0x0, 0x4, 0xad, 0xfe, 0xd8,
    0x20, 0x0, 0x0, 0xaf, 0xff, 0xee, 0xff, 0xf5,
    0x0, 0x8, 0xff, 0x60, 0x0, 0x1a, 0xff, 0x30,
    0x2f, 0xf6, 0x0, 0x0, 0x0, 0xbf, 0xc0, 0x7f,
    0xd0, 0x0, 0x0, 0x0, 0x3f, 0xf2, 0xaf, 0x90,
    0x0, 0x0, 0x0, 0xe, 0xf5, 0xcf, 0x80, 0x0,
    0x0, 0x0, 0xd, 0xf7, 0xcf, 0x80, 0x0, 0x0,
    0x0, 0xd, 0xf7, 0xaf, 0x90, 0x0, 0x0, 0x0,
    0xe, 0xf5, 0x7f, 0xe0, 0x0, 0x0, 0x0, 0x3f,
    0xf2, 0x2f, 0xf6, 0x0, 0x0, 0x0, 0xbf, 0xc0,
    0x8, 0xff, 0x60, 0x0, 0x1a, 0xff, 0x30, 0x0,
    0xaf, 0xff, 0xee, 0xff, 0xf5, 0x0, 0x0, 0x4,
    0xad, 0xfe, 0xd8, 0x20, 0x0,

    /* U+00D7 "×" */
    0x3, 0x0, 0x0, 0x2, 0x10, 0x7f, 0x60, 0x0,
    0x2e, 0xd0, 0x1d, 0xf6, 0x2, 0xef, 0x40, 0x1,
    0xdf, 0x8e, 0xf4, 0x0, 0x0, 0x1d, 0xff, 0x50,
    0x0, 0x0, 0x2e, 0xff, 0x60, 0x0, 0x2, 0xef,
    0x6d, 0xf6, 0x0, 0x2e, 0xf5, 0x1, 0xdf, 0x60,
    0x5f, 0x50, 0x0, 0x1c, 0xc0, 0x2, 0x0, 0x0,
    0x1, 0x0,

    /* U+00D8 "Ø" */
    0x0, 0x0, 0x0, 0x0, 0x0, 0x3, 0x0, 0x0,
    0x4, 0xad, 0xfe, 0xc7, 0x7f, 0x50, 0x0, 0xaf,
    0xff, 0xee, 0xff, 0xfd, 0x0, 0x9, 0xff, 0x60,
    0x0, 0x2f, 0xff, 0x30, 0x2f, 0xf6, 0x0, 0x0,
    0x8f, 0xef, 0xc0, 0x7f, 0xd0, 0x0, 0x4, 0xfa,
    0x3f, 0xf2, 0xaf, 0x90, 0x0, 0x1e, 0xd0, 0xf,
    0xf5, 0xcf, 0x80, 0x0, 0xcf, 0x20, 0xd, 0xf7,
    0xcf, 0x80, 0x8, 0xf6, 0x0, 0xd, 0xf7, 0xaf,
    0xa0, 0x4f, 0xa0, 0x0, 0xe, 0xf5, 0x7f, 0xe1,
    0xed, 0x0, 0x0, 0x3f, 0xf2, 0x2f, 0xfe, 0xf3,
    0x0, 0x0, 0xbf, 0xc0, 0x8, 0xff, 0xb0, 0x0,
    0x1a, 0xff, 0x30, 0x3, 0xff, 0xff, 0xee, 0xff,
    0xf5, 0x0, 0xc, 0xe5, 0xad, 0xfe, 0xd8, 0x20,
    0x0, 0x0, 0x30, 0x0, 0x0, 0x0, 0x0, 0x0,

    /* U+00D9 "Ù" */
    0x0, 0x3, 0xff, 0x40, 0x0, 0x0, 0x0, 0x0,
    0x4f, 0xe1, 0x0, 0x0, 0x0, 0x0, 0x3, 0xeb,
    0x0, 0x0, 0x0, 0x0, 0x0, 0x0, 0x0, 0x0,
    0x0, 0x0, 0x0, 0x0, 0x0, 0x0, 0x3f, 0xf0,
    0x0, 0x0, 0x2, 0xff, 0x3f, 0xf0, 0x0, 0x0,
    0x2, 0xff, 0x3f, 0xf0, 0x0, 0x0, 0x2, 0xff,
    0x3f, 0xf0, 0x0, 0x0, 0x2, 0xff, 0x3f, 0xf0,
    0x0, 0x0, 0x2, 0xff, 0x3f, 0xf0, 0x0, 0x0,
    0x2, 0xff, 0x3f, 0xf0, 0x0, 0x0, 0x2, 0xff,
    0x3f, 0xf0, 0x0, 0x0, 0x2, 0xff, 0x3f, 0xf0,
    0x0, 0x0, 0x2, 0xff, 0x2f, 0xf0, 0x0, 0x0,
    0x4, 0xfe, 0xf, 0xf5, 0x0, 0x0, 0x9, 0xfb,
    0x9, 0xfe, 0x40, 0x0, 0x6f, 0xf5, 0x0, 0xcf,
    0xff, 0xef, 0xff, 0x80, 0x0, 0x7, 0xcf, 0xfe,
    0xa4, 0x0,

    /* U+00DA "Ú" */
    0x0, 0x0, 0x0, 0x4f, 0xf4, 0x0, 0x0, 0x0,
    0x1, 0xef, 0x40, 0x0, 0x0, 0x0, 0xb, 0xd3,
    0x0, 0x0, 0x0, 0x0, 0x0, 0x0, 0x0, 0x0,
    0x0, 0x0, 0x0, 0x0, 0x0, 0x0, 0x3f, 0xf0,
    0x0, 0x0, 0x2, 0xff, 0x3f, 0xf0, 0x0, 0x0,
    0x2, 0xff, 0x3f, 0xf0, 0x0, 0x0, 0x2, 0xff,
    0x3f, 0xf0, 0x0, 0x0, 0x2, 0xff, 0x3f, 0xf0,
    0x0, 0x0, 0x2, 0xff, 0x3f, 0xf0, 0x0, 0x0,
    0x2, 0xff, 0x3f, 0xf0, 0x0, 0x0, 0x2, 0xff,
    0x3f, 0xf0, 0x0, 0x0, 0x2, 0xff, 0x3f, 0xf0,
    0x0, 0x0, 0x2, 0xff, 0x2f, 0xf0, 0x0, 0x0,
    0x4, 0xfe, 0xf, 0xf5, 0x0, 0x0, 0x9, 0xfb,
    0x9, 0xfe, 0x40, 0x0, 0x6f, 0xf5, 0x0, 0xcf,
    0xff, 0xef, 0xff, 0x80, 0x0, 0x7, 0xcf, 0xfe,
    0xa4, 0x0,

    /* U+00DB "Û" */
    0x0, 0x0, 0x2f, 0xfc, 0x0, 0x0, 0x0, 0x1,
    0xde, 0x9f, 0xa0, 0x0, 0x0, 0x1d, 0xc2, 0x5,
    0xe9, 0x0, 0x0, 0x0, 0x0, 0x0, 0x0, 0x0,
    0x0, 0x0, 0x0, 0x0, 0x0, 0x0, 0x3f, 0xf0,
    0x0, 0x0, 0x2, 0xff, 0x3f, 0xf0, 0x0, 0x0,
    0x2, 0xff, 0x3f, 0xf0, 0x0, 0x0, 0x2, 0xff,
    0x3f, 0xf0, 0x0, 0x0, 0x2, 0xff, 0x3f, 0xf0,
    0x0, 0x0, 0x2, 0xff, 0x3f, 0xf0, 0x0, 0x0,
    0x2, 0xff, 0x3f, 0xf0, 0x0, 0x0, 0x2, 0xff,
    0x3f, 0xf0, 0x0, 0x0, 0x2, 0xff, 0x3f, 0xf0,
    0x0, 0x0, 0x2, 0xff, 0x2f, 0xf0, 0x0, 0x0,
    0x4, 0xfe, 0xf, 0xf5, 0x0, 0x0, 0x9, 0xfb,
    0x9, 0xfe, 0x40, 0x0, 0x6f, 0xf5, 0x0, 0xcf,
    0xff, 0xef, 0xff, 0x80, 0x0, 0x7, 0xcf, 0xfe,
    0xa4, 0x0,

    /* U+00DC "Ü" */
    0x0, 0x0, 0x20, 0x0, 0x20, 0x0, 0x0, 0x8,
    0xf6, 0x9, 0xf4, 0x0, 0x0, 0x6, 0xf4, 0x7,
    0xf3, 0x0, 0x0, 0x0, 0x0, 0x0, 0x0, 0x0,
    0x0, 0x0, 0x0, 0x0, 0x0, 0x0, 0x3f, 0xf0,
    0x0, 0x0, 0x2, 0xff, 0x3f, 0xf0, 0x0, 0x0,
    0x2, 0xff, 0x3f, 0xf0, 0x0, 0x0, 0x2, 0xff,
    0x3f, 0xf0, 0x0, 0x0, 0x2, 0xff, 0x3f, 0xf0,
    0x0, 0x0, 0x2, 0xff, 0x3f, 0xf0, 0x0, 0x0,
    0x2, 0xff, 0x3f, 0xf0, 0x0, 0x0, 0x2, 0xff,
    0x3f, 0xf0, 0x0, 0x0, 0x2, 0xff, 0x3f, 0xf0,
    0x0, 0x0, 0x2, 0xff, 0x2f, 0xf0, 0x0, 0x0,
    0x4, 0xfe, 0xf, 0xf5, 0x0, 0x0, 0x9, 0xfb,
    0x9, 0xfe, 0x40, 0x0, 0x6f, 0xf5, 0x0, 0xcf,
    0xff, 0xef, 0xff, 0x80, 0x0, 0x7, 0xcf, 0xfe,
    0xa4, 0x0,

    /* U+00DD "Ý" */
    0x0, 0x0, 0x0, 0xaf, 0xd0, 0x0, 0x0, 0x0,
    0x3, 0xfe, 0x20, 0x0, 0x0, 0x0, 0xd, 0xe2,
    0x0, 0x0, 0x0, 0x0, 0x28, 0x20, 0x0, 0x0,
    0x0, 0x0, 0x0, 0x0, 0x0, 0x0, 0xbf, 0x90,
    0x0, 0x0, 0xe, 0xf6, 0x3f, 0xf2, 0x0, 0x0,
    0x7f, 0xd0, 0xa, 0xfa, 0x0, 0x0, 0xef, 0x40,
    0x1, 0xff, 0x20, 0x7, 0xfb, 0x0, 0x0, 0x8f,
    0xb0, 0x1f, 0xf3, 0x0, 0x0, 0xe, 0xf3, 0x8f,
    0xa0, 0x0, 0x0, 0x7, 0xfc, 0xff, 0x10, 0x0,
    0x0, 0x0, 0xdf, 0xf8, 0x0, 0x0, 0x0, 0x0,
    0x6f, 0xf0, 0x0, 0x0, 0x0, 0x0, 0x4f, 0xe0,
    0x0, 0x0, 0x0, 0x0, 0x4f, 0xe0, 0x0, 0x0,
    0x0, 0x0, 0x4f, 0xe0, 0x0, 0x0, 0x0, 0x0,
    0x4f, 0xe0, 0x0, 0x0, 0x0, 0x0, 0x4f, 0xe0,
    0x0, 0x0,

    /* U+00DE "Þ" */
    0x1f, 0xf1, 0x0, 0x0, 0x0, 0x1, 0xff, 0x10,
    0x0, 0x0, 0x0, 0x1f, 0xfd, 0xcc, 0xa7, 0x10,
    0x1, 0xff, 0xff, 0xff, 0xfe, 0x30, 0x1f, 0xf1,
    0x1, 0x4d, 0xfd, 0x1, 0xff, 0x10, 0x0, 0x3f,
    0xf2, 0x1f, 0xf1, 0x0, 0x0, 0xff, 0x31, 0xff,
    0x10, 0x0, 0x2f, 0xf1, 0x1f, 0xf1, 0x0, 0x1c,
    0xfc, 0x1, 0xff, 0xcc, 0xef, 0xfe, 0x20, 0x1f,
    0xff, 0xfe, 0xd8, 0x10, 0x1, 0xff, 0x10, 0x0,
    0x0, 0x0, 0x1f, 0xf1, 0x0, 0x0, 0x0, 0x1,
    0xff, 0x10, 0x0, 0x0, 0x0,

    /* U+00DF "ß" */
    0x0, 0x6c, 0xef, 0xea, 0x40, 0x0, 0xa, 0xff,
    0xdc, 0xef, 0xf6, 0x0, 0x2f, 0xf4, 0x0, 0x8,
    0xfd, 0x0, 0x5f, 0xc0, 0x0, 0x5, 0xfd, 0x0,
    0x5f, 0xc0, 0x0, 0x2d, 0xf5, 0x0, 0x5f, 0xc0,
    0x3, 0xef, 0x60, 0x0, 0x5f, 0xc0, 0xd, 0xf5,
    0x0, 0x0, 0x5f, 0xc0, 0xd, 0xf8, 0x0, 0x0,
    0x5f, 0xc0, 0x5, 0xff, 0xb1, 0x0, 0x5f, 0xc0,
    0x0, 0x3d, 0xfe, 0x30, 0x5f, 0xc0, 0x0, 0x0,
    0xaf, 0xd0, 0x5f, 0xc0, 0x0, 0x0, 0xf, 0xf2,
    0x5f, 0xc0, 0x20, 0x0, 0x2f, 0xf1, 0x5f, 0xc0,
    0xae, 0xba, 0xef, 0xc0, 0x5f, 0xc0, 0x4c, 0xff,
    0xd8, 0x10,

    /* U+00E0 "à" */
    0x0, 0xb, 0xfc, 0x0, 0x0, 0x0, 0x0, 0xaf,
    0x80, 0x0, 0x0, 0x0, 0x7, 0xe4, 0x0, 0x0,
    0x0, 0x0, 0x0, 0x0, 0x0, 0x4a, 0xdf, 0xec,
    0x50, 0x0, 0xbf, 0xda, 0xcf, 0xf4, 0x0, 0x33,
    0x0, 0xa, 0xfb, 0x0, 0x0, 0x0, 0x4, 0xfd,
    0x0, 0x0, 0x0, 0x14, 0xfe, 0x0, 0x7d, 0xff,
    0xff, 0xfe, 0xa, 0xfe, 0x74, 0x46, 0xfe, 0x1f,
    0xf3, 0x0, 0x4, 0xfe, 0xf, 0xf2, 0x0, 0xb,
    0xfe, 0xb, 0xfd, 0x88, 0xdc, 0xfe, 0x1, 0x9e,
    0xfe, 0x80, 0xce,

    /* U+00E1 "á" */
    0x0, 0x0, 0x0, 0xcf, 0xb0, 0x0, 0x0, 0x8,
    0xfa, 0x0, 0x0, 0x0, 0x4e, 0x70, 0x0, 0x0,
    0x0, 0x0, 0x0, 0x0, 0x0, 0x4a, 0xdf, 0xec,
    0x50, 0x0, 0xbf, 0xda, 0xcf, 0xf4, 0x0, 0x33,
    0x0, 0xa, 0xfb, 0x0, 0x0, 0x0, 0x4, 0xfd,
    0x0, 0x0, 0x0, 0x14, 0xfe, 0x0, 0x7d, 0xff,
    0xff, 0xfe, 0xa, 0xfe, 0x74, 0x46, 0xfe, 0x1f,
    0xf3, 0x0, 0x4, 0xfe, 0xf, 0xf2, 0x0, 0xb,
    0xfe, 0xb, 0xfd, 0x88, 0xdc, 0xfe, 0x1, 0x9e,
    0xfe, 0x80, 0xce,

    /* U+00E2 "â" */
    0x0, 0x0, 0xbf, 0xf3, 0x0, 0x0, 0x9, 0xf9,
    0xee, 0x20, 0x0, 0x8d, 0x40, 0x1b, 0xd1, 0x0,
    0x0, 0x0, 0x0, 0x0, 0x0, 0x4a, 0xdf, 0xec,
    0x50, 0x0, 0xbf, 0xda, 0xcf, 0xf4, 0x0, 0x33,
    0x0, 0xa, 0xfb, 0x0, 0x0, 0x0, 0x4, 0xfd,
    0x0, 0x0, 0x0, 0x14, 0xfe, 0x0, 0x7d, 0xff,
    0xff, 0xfe, 0xa, 0xfe, 0x74, 0x46, 0xfe, 0x1f,
    0xf3, 0x0, 0x4, 0xfe, 0xf, 0xf2, 0x0, 0xb,
    0xfe, 0xb, 0xfd, 0x88, 0xdc, 0xfe, 0x1, 0x9e,
    0xfe, 0x80, 0xce,

    /* U+00E3 "ã" */
    0x0, 0x1c, 0xf9, 0x0, 0xb7, 0x0, 0xae, 0xaf,
    0xda, 0xf2, 0x0, 0xe4, 0x3, 0xce, 0x70, 0x0,
    0x0, 0x0, 0x0, 0x0, 0x0, 0x4a, 0xdf, 0xec,
    0x50, 0x0, 0xbf, 0xda, 0xcf, 0xf4, 0x0, 0x33,
    0x0, 0xa, 0xfb, 0x0, 0x0, 0x0, 0x4, 0xfd,
    0x0, 0x0, 0x0, 0x14, 0xfe, 0x0, 0x7d, 0xff,
    0xff, 0xfe, 0xa, 0xfe, 0x74, 0x46, 0xfe, 0x1f,
    0xf3, 0x0, 0x4, 0xfe, 0xf, 0xf2, 0x0, 0xb,
    0xfe, 0xb, 0xfd, 0x88, 0xdc, 0xfe, 0x1, 0x9e,
    0xfe, 0x80, 0xce,

    /* U+00E4 "ä" */
    0x0, 0x1e, 0x90, 0x2e, 0x80, 0x0, 0x2f, 0xb0,
    0x3f, 0xa0, 0x0, 0x1, 0x0, 0x1, 0x0, 0x0,
    0x4a, 0xdf, 0xec, 0x50, 0x0, 0xbf, 0xda, 0xcf,
    0xf4, 0x0, 0x33, 0x0, 0xa, 0xfb, 0x0, 0x0,
    0x0, 0x4, 0xfd, 0x0, 0x0, 0x0, 0x14, 0xfe,
    0x0, 0x7d, 0xff, 0xff, 0xfe, 0xa, 0xfe, 0x74,
    0x46, 0xfe, 0x1f, 0xf3, 0x0, 0x4, 0xfe, 0xf,
    0xf2, 0x0, 0xb, 0xfe, 0xb, 0xfd, 0x88, 0xdc,
    0xfe, 0x1, 0x9e, 0xfe, 0x80, 0xce,

    /* U+00E5 "å" */
    0x0, 0x0, 0x8e, 0xc2, 0x0, 0x0, 0x5, 0xe3,
    0xac, 0x0, 0x0, 0x8, 0xa0, 0x4f, 0x0, 0x0,
    0x6, 0xd0, 0x7d, 0x0, 0x0, 0x0, 0xbf, 0xf4,
    0x0, 0x0, 0x0, 0x1, 0x0, 0x0, 0x0, 0x4a,
    0xdf, 0xec, 0x50, 0x0, 0xbf, 0xda, 0xcf, 0xf4,
    0x0, 0x33, 0x0, 0xa, 0xfb, 0x0, 0x0, 0x0,
    0x4, 0xfd, 0x0, 0x0, 0x0, 0x14, 0xfe, 0x0,
    0x7d, 0xff, 0xff, 0xfe, 0xa, 0xfe, 0x74, 0x46,
    0xfe, 0x1f, 0xf3, 0x0, 0x4, 0xfe, 0xf, 0xf2,
    0x0, 0xb, 0xfe, 0xb, 0xfd, 0x88, 0xdc, 0xfe,
    0x1, 0x9e, 0xfe, 0x80, 0xce,

    /* U+00E6 "æ" */
    0x0, 0x5a, 0xef, 0xea, 0x11, 0x9e, 0xfd, 0x60,
    0x0, 0xe, 0xfd, 0xbe, 0xfd, 0xdf, 0xdb, 0xff,
    0x80, 0x0, 0x31, 0x0, 0xc, 0xff, 0x70, 0x2,
    0xff, 0x20, 0x0, 0x0, 0x0, 0x7f, 0xe0, 0x0,
    0xa, 0xf7, 0x0, 0x3, 0x67, 0x8b, 0xfe, 0x88,
    0x88, 0xcf, 0x90, 0x3d, 0xff, 0xff, 0xff, 0xff,
    0xff, 0xff, 0xfa, 0xd, 0xfb, 0x20, 0x7, 0xfc,
    0x0, 0x0, 0x0, 0x1, 0xff, 0x20, 0x0, 0x9f,
    0xf0, 0x0, 0x0, 0x0, 0xf, 0xf4, 0x0, 0x3f,
    0xff, 0x90, 0x0, 0x3, 0x0, 0xaf, 0xfc, 0xdf,
    0xd2, 0xef, 0xec, 0xce, 0xf1, 0x0, 0x9e, 0xfd,
    0x80, 0x1, 0x9d, 0xff, 0xc7, 0x0,

    /* U+00E7 "ç" */
    0x0, 0x5b, 0xef, 0xd9, 0x0, 0x9f, 0xfe, 0xdf,
    0xd0, 0x4f, 0xf5, 0x0, 0x2, 0xa, 0xf9, 0x0,
    0x0, 0x0, 0xdf, 0x50, 0x0, 0x0, 0xe, 0xf4,
    0x0, 0x0, 0x0, 0xdf, 0x50, 0x0, 0x0, 0xb,
    0xf9, 0x0, 0x0, 0x0, 0x5f, 0xf5, 0x0, 0x4,
    0x0, 0xaf, 0xfe, 0xdf, 0xf0, 0x0, 0x6c, 0xff,
    0xd7, 0x0, 0x0, 0x1f, 0x30, 0x0, 0x0, 0x5,
    0xee, 0x40, 0x0, 0x0, 0x0, 0xfb, 0x0, 0x0,
    0x14, 0x6f, 0x90, 0x0, 0x4, 0xfe, 0xa1, 0x0,

    /* U+00E8 "è" */
    0x0, 0xaf, 0xd0, 0x0, 0x0, 0x0, 0xa, 0xf8,
    0x0, 0x0, 0x0, 0x0, 0x7f, 0x40, 0x0, 0x0,
    0x0, 0x0, 0x0, 0x0, 0x0, 0x5c, 0xff, 0xc4,
    0x0, 0x9, 0xff, 0xbb, 0xff, 0x60, 0x4f, 0xe2,
    0x0, 0x4f, 0xf1, 0xaf, 0x80, 0x0, 0xc, 0xf5,
    0xdf, 0xb9, 0x99, 0x9d, 0xf7, 0xef, 0xff, 0xff,
    0xff, 0xf7, 0xdf, 0x50, 0x0, 0x0, 0x0, 0xaf,
    0x90, 0x0, 0x0, 0x0, 0x4f, 0xf5, 0x0, 0x0,
    0x40, 0x8, 0xff, 0xdb, 0xdf, 0xf0, 0x0, 0x4b,
    0xef, 0xec, 0x60,

    /* U+00E9 "é" */
    0x0, 0x0, 0xb, 0xfb, 0x0, 0x0, 0x0, 0x7f,
    0xb0, 0x0, 0x0, 0x3, 0xe8, 0x0, 0x0, 0x0,
    0x0, 0x0, 0x0, 0x0, 0x0, 0x5c, 0xff, 0xc4,
    0x0, 0x9, 0xff, 0xbb, 0xff, 0x60, 0x4f, 0xe2,
    0x0, 0x4f, 0xf1, 0xaf, 0x80, 0x0, 0xc, 0xf5,
    0xdf, 0xb9, 0x99, 0x9d, 0xf7, 0xef, 0xff, 0xff,
    0xff, 0xf7, 0xdf, 0x50, 0x0, 0x0, 0x0, 0xaf,
    0x90, 0x0, 0x0, 0x0, 0x4f, 0xf5, 0x0, 0x0,
    0x40, 0x8, 0xff, 0xdb, 0xdf, 0xf0, 0x0, 0x4b,
    0xef, 0xec, 0x60,

    /* U+00EA "ê" */
    0x0, 0xa, 0xff, 0x30, 0x0, 0x0, 0x8f, 0x9e,
    0xe2, 0x0, 0x7, 0xe5, 0x1, 0xad, 0x20, 0x0,
    0x0, 0x0, 0x0, 0x0, 0x0, 0x5c, 0xff, 0xc4,
    0x0, 0x9, 0xff, 0xbb, 0xff, 0x60, 0x4f, 0xe2,
    0x0, 0x4f, 0xf1, 0xaf, 0x80, 0x0, 0xc, 0xf5,
    0xdf, 0xb9, 0x99, 0x9d, 0xf7, 0xef, 0xff, 0xff,
    0xff, 0xf7, 0xdf, 0x50, 0x0, 0x0, 0x0, 0xaf,
    0x90, 0x0, 0x0, 0x0, 0x4f, 0xf5, 0x0, 0x0,
    0x40, 0x8, 0xff, 0xdb, 0xdf, 0xf0, 0x0, 0x4b,
    0xef, 0xec, 0x60,

    /* U+00EB "ë" */
    0x1, 0xea, 0x2, 0xe9, 0x0, 0x1, 0xfc, 0x3,
    0xfb, 0x0, 0x0, 0x10, 0x0, 0x10, 0x0, 0x0,
    0x5c, 0xff, 0xc4, 0x0, 0x9, 0xff, 0xbb, 0xff,
    0x60, 0x4f, 0xe2, 0x0, 0x4f, 0xf1, 0xaf, 0x80,
    0x0, 0xc, 0xf5, 0xdf, 0xb9, 0x99, 0x9d, 0xf7,
    0xef, 0xff, 0xff, 0xff, 0xf7, 0xdf, 0x50, 0x0,
    0x0, 0x0, 0xaf, 0x90, 0x0, 0x0, 0x0, 0x4f,
    0xf5, 0x0, 0x0, 0x40, 0x8, 0xff, 0xdb, 0xdf,
    0xf0, 0x0, 0x4b, 0xef, 0xec, 0x60,

    /* U+00EC "ì" */
    0xb, 0xfc, 0x0, 0x0, 0x9f, 0x80, 0x0, 0x6,
    0xc3, 0x0, 0x0, 0x0, 0x0, 0x5f, 0xc0, 0x0,
    0x5f, 0xc0, 0x0, 0x5f, 0xc0, 0x0, 0x5f, 0xc0,
    0x0, 0x5f, 0xc0, 0x0, 0x5f, 0xc0, 0x0, 0x5f,
    0xc0, 0x0, 0x5f, 0xc0, 0x0, 0x5f, 0xc0, 0x0,
    0x5f, 0xc0, 0x0, 0x5f, 0xc0,

    /* U+00ED "í" */
    0x0, 0xdf, 0xa0, 0x9f, 0x80, 0x4c, 0x50, 0x0,
    0x0, 0x0, 0x5f, 0xc0, 0x5, 0xfc, 0x0, 0x5f,
    0xc0, 0x5, 0xfc, 0x0, 0x5f, 0xc0, 0x5, 0xfc,
    0x0, 0x5f, 0xc0, 0x5, 0xfc, 0x0, 0x5f, 0xc0,
    0x5, 0xfc, 0x0, 0x5f, 0xc0, 0x0,

    /* U+00EE "î" */
    0x0, 0xcf, 0xf3, 0x0, 0xb, 0xf8, 0xde, 0x20,
    0x8c, 0x30, 0x19, 0xb1, 0x0, 0x0, 0x0, 0x0,
    0x0, 0x5f, 0xc0, 0x0, 0x0, 0x5f, 0xc0, 0x0,
    0x0, 0x5f, 0xc0, 0x0, 0x0, 0x5f, 0xc0, 0x0,
    0x0, 0x5f, 0xc0, 0x0, 0x0, 0x5f, 0xc0, 0x0,
    0x0, 0x5f, 0xc0, 0x0, 0x0, 0x5f, 0xc0, 0x0,
    0x0, 0x5f, 0xc0, 0x0, 0x0, 0x5f, 0xc0, 0x0,
    0x0, 0x5f, 0xc0, 0x0,

    /* U+00EF "ï" */
    0x2e, 0x90, 0x3f, 0x73, 0xfb, 0x4, 0xf9, 0x1,
    0x0, 0x2, 0x0, 0x5, 0xfc, 0x0, 0x0, 0x5f,
    0xc0, 0x0, 0x5, 0xfc, 0x0, 0x0, 0x5f, 0xc0,
    0x0, 0x5, 0xfc, 0x0, 0x0, 0x5f, 0xc0, 0x0,
    0x5, 0xfc, 0x0, 0x0, 0x5f, 0xc0, 0x0, 0x5,
    0xfc, 0x0, 0x0, 0x5f, 0xc0, 0x0, 0x5, 0xfc,
    0x0,

    /* U+00F0 "ð" */
    0x0, 0x3, 0x0, 0x0, 0x10, 0x0, 0x2, 0xfd,
    0x45, 0xeb, 0x0, 0x0, 0x6, 0xef, 0xfb, 0x20,
    0x0, 0x1, 0x9f, 0xff, 0x90, 0x0, 0x0, 0x7f,
    0x81, 0xdf, 0x60, 0x0, 0x0, 0x10, 0x2, 0xfe,
    0x10, 0x0, 0x28, 0xa9, 0x59, 0xf7, 0x0, 0x7f,
    0xff, 0xff, 0xef, 0xc0, 0x4f, 0xf6, 0x11, 0x5e,
    0xff, 0xb, 0xf8, 0x0, 0x0, 0x4f, 0xf1, 0xef,
    0x40, 0x0, 0x0, 0xff, 0x2e, 0xf4, 0x0, 0x0,
    0x1f, 0xf1, 0xcf, 0x70, 0x0, 0x4, 0xfe, 0x6,
    0xfe, 0x20, 0x1, 0xcf, 0x80, 0xa, 0xff, 0xcc,
    0xff, 0xc0, 0x0, 0x6, 0xcf, 0xfd, 0x70, 0x0,

    /* U+00F1 "ñ" */
    0x0, 0x6e, 0xd4, 0x3, 0xf0, 0x1, 0xfb, 0xdf,
    0xad, 0xb0, 0x5, 0xd0, 0x8, 0xfc, 0x20, 0x0,
    0x0, 0x0, 0x0, 0x0, 0x5f, 0x62, 0xbe, 0xfc,
    0x50, 0x5f, 0xcf, 0xec, 0xef, 0xf6, 0x5f, 0xfa,
    0x0, 0xa, 0xfc, 0x5f, 0xf1, 0x0, 0x3, 0xff,
    0x5f, 0xd0, 0x0, 0x2, 0xff, 0x5f, 0xc0, 0x0,
    0x2, 0xff, 0x5f, 0xc0, 0x0, 0x2, 0xff, 0x5f,
    0xc0, 0x0, 0x2, 0xff, 0x5f, 0xc0, 0x0, 0x2,
    0xff, 0x5f, 0xc0, 0x0, 0x2, 0xff, 0x5f, 0xc0,
    0x0, 0x2, 0xff,

    /* U+00F2 "ò" */
    0x0, 0x5f, 0xf3, 0x0, 0x0, 0x0, 0x0, 0x5f,
    0xd0, 0x0, 0x0, 0x0, 0x0, 0x3d, 0xa0, 0x0,
    0x0, 0x0, 0x0, 0x0, 0x0, 0x0, 0x0, 0x5c,
    0xff, 0xc7, 0x0, 0x0, 0x9f, 0xfd, 0xdf, 0xfb,
    0x0, 0x4f, 0xf4, 0x0, 0x2e, 0xf7, 0xa, 0xf9,
    0x0, 0x0, 0x6f, 0xe0, 0xdf, 0x50, 0x0, 0x2,
    0xff, 0x1e, 0xf4, 0x0, 0x0, 0xf, 0xf2, 0xdf,
    0x50, 0x0, 0x2, 0xff, 0x1a, 0xf9, 0x0, 0x0,
    0x6f, 0xe0, 0x3f, 0xf3, 0x0, 0x1d, 0xf8, 0x0,
    0x8f, 0xfc, 0xbf, 0xfc, 0x0, 0x0, 0x5b, 0xef,
    0xd7, 0x0, 0x0,

    /* U+00F3 "ó" */
    0x0, 0x0, 0x6, 0xfe, 0x20, 0x0, 0x0, 0x2,
    0xfe, 0x20, 0x0, 0x0, 0x0, 0xcc, 0x10, 0x0,
    0x0, 0x0, 0x0, 0x0, 0x0, 0x0, 0x0, 0x5c,
    0xff, 0xc7, 0x0, 0x0, 0x9f, 0xfd, 0xdf, 0xfb,
    0x0, 0x4f, 0xf4, 0x0, 0x2e, 0xf7, 0xa, 0xf9,
    0x0, 0x0, 0x6f, 0xe0, 0xdf, 0x50, 0x0, 0x2,
    0xff, 0x1e, 0xf4, 0x0, 0x0, 0xf, 0xf2, 0xdf,
    0x50, 0x0, 0x2, 0xff, 0x1a, 0xf9, 0x0, 0x0,
    0x6f, 0xe0, 0x3f, 0xf3, 0x0, 0x1d, 0xf8, 0x0,
    0x8f, 0xfc, 0xbf, 0xfc, 0x0, 0x0, 0x5b, 0xef,
    0xd7, 0x0, 0x0,

    /* U+00F4 "ô" */
    0x0, 0x5, 0xff, 0x90, 0x0, 0x0, 0x3, 0xfc,
    0xaf, 0x60, 0x0, 0x3, 0xe9, 0x0, 0x7e, 0x60,
    0x0, 0x0, 0x0, 0x0, 0x0, 0x0, 0x0, 0x5c,
    0xff, 0xc7, 0x0, 0x0, 0x9f, 0xfd, 0xdf, 0xfb,
    0x0, 0x4f, 0xf4, 0x0, 0x2e, 0xf7, 0xa, 0xf9,
    0x0, 0x0, 0x6f, 0xe0, 0xdf, 0x50, 0x0, 0x2,
    0xff, 0x1e, 0xf4, 0x0, 0x0, 0xf, 0xf2, 0xdf,
    0x50, 0x0, 0x2, 0xff, 0x1a, 0xf9, 0x0, 0x0,
    0x6f, 0xe0, 0x3f, 0xf3, 0x0, 0x1d, 0xf8, 0x0,
    0x8f, 0xfc, 0xbf, 0xfc, 0x0, 0x0, 0x5b, 0xef,
    0xd7, 0x0, 0x0,

    /* U+00F5 "õ" */
    0x0, 0x9f, 0xd6, 0x18, 0xd0, 0x0, 0x5f, 0xad,
    0xff, 0xf6, 0x0, 0x5, 0x50, 0x4, 0x85, 0x0,
    0x0, 0x0, 0x0, 0x0, 0x0, 0x0, 0x0, 0x5c,
    0xff, 0xc7, 0x0, 0x0, 0x9f, 0xfd, 0xdf, 0xfb,
    0x0, 0x4f, 0xf4, 0x0, 0x2e, 0xf7, 0xa, 0xf9,
    0x0, 0x0, 0x6f, 0xe0, 0xdf, 0x50, 0x0, 0x2,
    0xff, 0x1e, 0xf4, 0x0, 0x0, 0xf, 0xf2, 0xdf,
    0x50, 0x0, 0x2, 0xff, 0x1a, 0xf9, 0x0, 0x0,
    0x6f, 0xe0, 0x3f, 0xf3, 0x0, 0x1d, 0xf8, 0x0,
    0x8f, 0xfc, 0xbf, 0xfc, 0x0, 0x0, 0x5b, 0xef,
    0xd7, 0x0, 0x0,

    /* U+00F6 "ö" */
    0x0, 0xae, 0x10, 0xbd, 0x0, 0x0, 0xc, 0xf2,
    0xd, 0xf1, 0x0, 0x0, 0x1, 0x0, 0x1, 0x0,
    0x0, 0x5, 0xcf, 0xfc, 0x70, 0x0, 0x9, 0xff,
    0xdd, 0xff, 0xb0, 0x4, 0xff, 0x40, 0x2, 0xef,
    0x70, 0xaf, 0x90, 0x0, 0x6, 0xfe, 0xd, 0xf5,
    0x0, 0x0, 0x2f, 0xf1, 0xef, 0x40, 0x0, 0x0,
    0xff, 0x2d, 0xf5, 0x0, 0x0, 0x2f, 0xf1, 0xaf,
    0x90, 0x0, 0x6, 0xfe, 0x3, 0xff, 0x30, 0x1,
    0xdf, 0x80, 0x8, 0xff, 0xcb, 0xff, 0xc0, 0x0,
    0x5, 0xbe, 0xfd, 0x70, 0x0,

    /* U+00F7 "÷" */
    0x0, 0x0, 0x18, 0x40, 0x0, 0x0, 0x0, 0x7,
    0xfd, 0x0, 0x0, 0x0, 0x0, 0x3f, 0x90, 0x0,
    0x0, 0x0, 0x0, 0x0, 0x0, 0x0, 0xa, 0xaa,
    0xaa, 0xaa, 0xaa, 0x40, 0xff, 0xff, 0xff, 0xff,
    0xf7, 0x0, 0x0, 0x0, 0x0, 0x0, 0x0, 0x0,
    0x1, 0x84, 0x0, 0x0, 0x0, 0x0, 0x7f, 0xd0,
    0x0, 0x0, 0x0, 0x3, 0xf9, 0x0, 0x0,

    /* U+00F8 "ø" */
    0x0, 0x0, 0x0, 0x0, 0x20, 0x0, 0x5, 0xcf,
    0xfc, 0x8f, 0x60, 0x9, 0xff, 0xed, 0xff, 0xf1,
    0x5, 0xff, 0x40, 0xa, 0xff, 0x60, 0xbf, 0x80,
    0x5, 0xfd, 0xfd, 0xe, 0xf5, 0x2, 0xfc, 0x2f,
    0xf1, 0xef, 0x30, 0xcf, 0x20, 0xff, 0x2d, 0xf4,
    0x8f, 0x50, 0x2f, 0xf1, 0xaf, 0xcf, 0xa0, 0x6,
    0xfe, 0x4, 0xff, 0xe0, 0x2, 0xef, 0x80, 0xc,
    0xff, 0xdd, 0xff, 0xc0, 0x3, 0xfa, 0xbf, 0xfd,
    0x70, 0x0, 0x3, 0x0, 0x0, 0x0, 0x0, 0x0,

    /* U+00F9 "ù" */
    0x0, 0x3f, 0xf5, 0x0, 0x0, 0x0, 0x2, 0xef,
    0x20, 0x0, 0x0, 0x0, 0x1a, 0xb0, 0x0, 0x0,
    0x0, 0x0, 0x0, 0x0, 0x7f, 0xb0, 0x0, 0x3,
    0xfe, 0x7f, 0xb0, 0x0, 0x3, 0xfe, 0x7f, 0xb0,
    0x0, 0x3, 0xfe, 0x7f, 0xb0, 0x0, 0x3, 0xfe,
    0x7f, 0xb0, 0x0, 0x3, 0xfe, 0x7f, 0xb0, 0x0,
    0x3, 0xfe, 0x7f, 0xb0, 0x0, 0x4, 0xfe, 0x7f,
    0xc0, 0x0, 0x7, 0xfe, 0x4f, 0xf1, 0x0, 0x1e,
    0xfe, 0xd, 0xfe, 0x99, 0xed, 0xfe, 0x1, 0x9d,
    0xfe, 0x91, 0xee,

    /* U+00FA "ú" */
    0x0, 0x0, 0x4, 0xff, 0x40, 0x0, 0x0, 0x1e,
    0xe3, 0x0, 0x0, 0x0, 0xab, 0x10, 0x0, 0x0,
    0x0, 0x0, 0x0, 0x0, 0x7f, 0xb0, 0x0, 0x3,
    0xfe, 0x7f, 0xb0, 0x0, 0x3, 0xfe, 0x7f, 0xb0,
    0x0, 0x3, 0xfe, 0x7f, 0xb0, 0x0, 0x3, 0xfe,
    0x7f, 0xb0, 0x0, 0x3, 0xfe, 0x7f, 0xb0, 0x0,
    0x3, 0xfe, 0x7f, 0xb0, 0x0, 0x4, 0xfe, 0x7f,
    0xc0, 0x0, 0x7, 0xfe, 0x4f, 0xf1, 0x0, 0x1e,
    0xfe, 0xd, 0xfe, 0x99, 0xed, 0xfe, 0x1, 0x9d,
    0xfe, 0x91, 0xee,

    /* U+00FB "û" */
    0x0, 0x4, 0xff, 0xb0, 0x0, 0x0, 0x3f, 0xd8,
    0xfa, 0x0, 0x1, 0xc9, 0x0, 0x4c, 0x70, 0x0,
    0x0, 0x0, 0x0, 0x0, 0x7f, 0xb0, 0x0, 0x3,
    0xfe, 0x7f, 0xb0, 0x0, 0x3, 0xfe, 0x7f, 0xb0,
    0x0, 0x3, 0xfe, 0x7f, 0xb0, 0x0, 0x3, 0xfe,
    0x7f, 0xb0, 0x0, 0x3, 0xfe, 0x7f, 0xb0, 0x0,
    0x3, 0xfe, 0x7f, 0xb0, 0x0, 0x4, 0xfe, 0x7f,
    0xc0, 0x0, 0x7, 0xfe, 0x4f, 0xf1, 0x0, 0x1e,
    0xfe, 0xd, 0xfe, 0x99, 0xed, 0xfe, 0x1, 0x9d,
    0xfe, 0x91, 0xee,

    /* U+00FC "ü" */
    0x0, 0x8f, 0x30, 0x9e, 0x20, 0x0, 0x9f, 0x40,
    0xbf, 0x30, 0x0, 0x2, 0x0, 0x1, 0x0, 0x7f,
    0xb0, 0x0, 0x3, 0xfe, 0x7f, 0xb0, 0x0, 0x3,
    0xfe, 0x7f, 0xb0, 0x0, 0x3, 0xfe, 0x7f, 0xb0,
    0x0, 0x3, 0xfe, 0x7f, 0xb0, 0x0, 0x3, 0xfe,
    0x7f, 0xb0, 0x0, 0x3, 0xfe, 0x7f, 0xb0, 0x0,
    0x4, 0xfe, 0x7f, 0xc0, 0x0, 0x7, 0xfe, 0x4f,
    0xf1, 0x0, 0x1e, 0xfe, 0xd, 0xfe, 0x99, 0xed,
    0xfe, 0x1, 0x9d, 0xfe, 0x91, 0xee,

    /* U+00FD "ý" */
    0x0, 0x0, 0x4, 0xff, 0x40, 0x0, 0x0, 0x1,
    0xee, 0x30, 0x0, 0x0, 0x0, 0x9b, 0x10, 0x0,
    0x0, 0x0, 0x0, 0x0, 0x0, 0x0, 0xcf, 0x70,
    0x0, 0x0, 0xdf, 0x66, 0xfc, 0x0, 0x0, 0x3f,
    0xf0, 0xf, 0xf2, 0x0, 0x8, 0xfa, 0x0, 0x9f,
    0x80, 0x0, 0xef, 0x40, 0x3, 0xfd, 0x0, 0x3f,
    0xe0, 0x0, 0xd, 0xf3, 0x9, 0xf8, 0x0, 0x0,
    0x7f, 0x90, 0xef, 0x20, 0x0, 0x1, 0xfe, 0x3f,
    0xc0, 0x0, 0x0, 0xa, 0xfa, 0xf6, 0x0, 0x0,
    0x0, 0x4f, 0xff, 0x10, 0x0, 0x0, 0x0, 0xef,
    0xb0, 0x0, 0x0, 0x0, 0xd, 0xf5, 0x0, 0x0,
    0x0, 0x3, 0xfe, 0x0, 0x0, 0x0, 0x0, 0xcf,
    0x70, 0x0, 0x0, 0x8c, 0xef, 0xd0, 0x0, 0x0,
    0x9, 0xfe, 0x91, 0x0, 0x0, 0x0,

    /* U+00FE "þ" */
    0x5f, 0xc0, 0x0, 0x0, 0x0, 0x5, 0xfc, 0x0,
    0x0, 0x0, 0x0, 0x5f, 0xc0, 0x0, 0x0, 0x0,
    0x5, 0xfc, 0x0, 0x0, 0x0, 0x0, 0x5f, 0xc2,
    0xbf, 0xfb, 0x30, 0x5, 0xfd, 0xee, 0xcf, 0xff,
    0x30, 0x5f, 0xf9, 0x0, 0xb, 0xfc, 0x5, 0xff,
    0x0, 0x0, 0x2f, 0xf1, 0x5f, 0xd0, 0x0, 0x0,
    0xff, 0x45, 0xfc, 0x0, 0x0, 0xd, 0xf5, 0x5f,
    0xd0, 0x0, 0x0, 0xff, 0x45, 0xff, 0x10, 0x0,
    0x2f, 0xf1, 0x5f, 0xf9, 0x0, 0xb, 0xfc, 0x5,
    0xfd, 0xfe, 0xcf, 0xff, 0x30, 0x5f, 0xb3, 0xbf,
    0xfb, 0x30, 0x5, 0xfc, 0x0, 0x0, 0x0, 0x0,
    0x5f, 0xc0, 0x0, 0x0, 0x0, 0x5, 0xfc, 0x0,
    0x0, 0x0, 0x0, 0x5f, 0xc0, 0x0, 0x0, 0x0,
    0x5, 0xfc, 0x0, 0x0, 0x0, 0x0,

    /* U+00FF "ÿ" */
    0x0, 0x8f, 0x30, 0x9e, 0x20, 0x0, 0x9, 0xf4,
    0xb, 0xf3, 0x0, 0x0, 0x2, 0x0, 0x1, 0x0,
    0xc, 0xf7, 0x0, 0x0, 0xd, 0xf6, 0x6f, 0xc0,
    0x0, 0x3, 0xff, 0x0, 0xff, 0x20, 0x0, 0x8f,
    0xa0, 0x9, 0xf8, 0x0, 0xe, 0xf4, 0x0, 0x3f,
    0xd0, 0x3, 0xfe, 0x0, 0x0, 0xdf, 0x30, 0x9f,
    0x80, 0x0, 0x7, 0xf9, 0xe, 0xf2, 0x0, 0x0,
    0x1f, 0xe3, 0xfc, 0x0, 0x0, 0x0, 0xaf, 0xaf,
    0x60, 0x0, 0x0, 0x4, 0xff, 0xf1, 0x0, 0x0,
    0x0, 0xe, 0xfb, 0x0, 0x0, 0x0, 0x0, 0xdf,
    0x50, 0x0, 0x0, 0x0, 0x3f, 0xe0, 0x0, 0x0,
    0x0, 0xc, 0xf7, 0x0, 0x0, 0x8, 0xce, 0xfd,
    0x0, 0x0, 0x0, 0x9f, 0xe9, 0x10, 0x0, 0x0,
    0x0,

    /* U+0100 "Ā" */
    0x0, 0x9, 0xff, 0xff, 0xf9, 0x0, 0x0, 0x0,
    0x5, 0x99, 0x99, 0x95, 0x0, 0x0, 0x0, 0x0,
    0x0, 0x0, 0x0, 0x0, 0x0, 0x0, 0x0, 0xc,
    0xfd, 0x0, 0x0, 0x0, 0x0, 0x0, 0x2f, 0xff,
    0x30, 0x0, 0x0, 0x0, 0x0, 0x8f, 0xaf, 0x90,
    0x0, 0x0, 0x0, 0x0, 0xef, 0x1f, 0xf0, 0x0,
    0x0, 0x0, 0x5, 0xfb, 0xa, 0xf6, 0x0, 0x0,
    0x0, 0xb, 0xf5, 0x4, 0xfc, 0x0, 0x0, 0x0,
    0x1f, 0xf0, 0x0, 0xef, 0x20, 0x0, 0x0, 0x7f,
    0x90, 0x0, 0x8f, 0x80, 0x0, 0x0, 0xdf, 0xff,
    0xff, 0xff, 0xe0, 0x0, 0x4, 0xff, 0xee, 0xee,
    0xef, 0xf5, 0x0, 0xa, 0xf8, 0x0, 0x0, 0x8,
    0xfb, 0x0, 0x1f, 0xf2, 0x0, 0x0, 0x2, 0xff,
    0x10, 0x6f, 0xd0, 0x0, 0x0, 0x0, 0xcf, 0x70,
    0xcf, 0x70, 0x0, 0x0, 0x0, 0x6f, 0xd0,

    /* U+0101 "ā" */
    0x0, 0x39, 0x99, 0x99, 0x70, 0x0, 0x5f, 0xff,
    0xff, 0xc0, 0x0, 0x0, 0x0, 0x0, 0x0, 0x0,
    0x4a, 0xdf, 0xec, 0x50, 0x0, 0xbf, 0xda, 0xcf,
    0xf4, 0x0, 0x33, 0x0, 0xa, 0xfb, 0x0, 0x0,
    0x0, 0x4, 0xfd, 0x0, 0x0, 0x0, 0x14, 0xfe,
    0x0, 0x7d, 0xff, 0xff, 0xfe, 0xa, 0xfe, 0x74,
    0x46, 0xfe, 0x1f, 0xf3, 0x0, 0x4, 0xfe, 0xf,
    0xf2, 0x0, 0xb, 0xfe, 0xb, 0xfd, 0x88, 0xdc,
    0xfe, 0x1, 0x9e, 0xfe, 0x80, 0xce,

    /* U+0102 "Ă" */
    0x0, 0x5, 0x40, 0x0, 0x36, 0x0, 0x0, 0x0,
    0x8, 0xd2, 0x2, 0xca, 0x0, 0x0, 0x0, 0x1,
    0xef, 0xff, 0xe2, 0x0, 0x0, 0x0, 0x0, 0x17,
    0x97, 0x10, 0x0, 0x0, 0x0, 0x0, 0x0, 0x0,
    0x0, 0x0, 0x0, 0x0, 0x0, 0xc, 0xfd, 0x0,
    0x0, 0x0, 0x0, 0x0, 0x2f, 0xff, 0x30, 0x0,
    0x0, 0x0, 0x0, 0x8f, 0xaf, 0x90, 0x0, 0x0,
    0x0, 0x0, 0xef, 0x1f, 0xf0, 0x0, 0x0, 0x0,
    0x5, 0xfb, 0xa, 0xf6, 0x0, 0x0, 0x0, 0xb,
    0xf5, 0x4, 0xfc, 0x0, 0x0, 0x0, 0x1f, 0xf0,
    0x0, 0xef, 0x20, 0x0, 0x0, 0x7f, 0x90, 0x0,
    0x8f, 0x80, 0x0, 0x0, 0xdf, 0xff, 0xff, 0xff,
    0xe0, 0x0, 0x4, 0xff, 0xee, 0xee, 0xef, 0xf5,
    0x0, 0xa, 0xf8, 0x0, 0x0, 0x8, 0xfb, 0x0,
    0x1f, 0xf2, 0x0, 0x0, 0x2, 0xff, 0x10, 0x6f,
    0xd0, 0x0, 0x0, 0x0, 0xcf, 0x70, 0xcf, 0x70,
    0x0, 0x0, 0x0, 0x6f, 0xd0,

    /* U+0103 "ă" */
    0x0, 0x7d, 0x0, 0x5, 0xf0, 0x0, 0x1f, 0xda,
    0xcf, 0x90, 0x0, 0x4, 0xcf, 0xe8, 0x0, 0x0,
    0x0, 0x0, 0x0, 0x0, 0x0, 0x4a, 0xdf, 0xec,
    0x50, 0x0, 0xbf, 0xda, 0xcf, 0xf4, 0x0, 0x33,
    0x0, 0xa, 0xfb, 0x0, 0x0, 0x0, 0x4, 0xfd,
    0x0, 0x0, 0x0, 0x14, 0xfe, 0x0, 0x7d, 0xff,
    0xff, 0xfe, 0xa, 0xfe, 0x74, 0x46, 0xfe, 0x1f,
    0xf3, 0x0, 0x4, 0xfe, 0xf, 0xf2, 0x0, 0xb,
    0xfe, 0xb, 0xfd, 0x88, 0xdc, 0xfe, 0x1, 0x9e,
    0xfe, 0x80, 0xce,

    /* U+0104 "Ą" */
    0x0, 0x0, 0xc, 0xfd, 0x0, 0x0, 0x0, 0x0,
    0x0, 0x2f, 0xff, 0x30, 0x0, 0x0, 0x0, 0x0,
    0x8f, 0xaf, 0x90, 0x0, 0x0, 0x0, 0x0, 0xef,
    0x2f, 0xf0, 0x0, 0x0, 0x0, 0x5, 0xfc, 0xa,
    0xf6, 0x0, 0x0, 0x0, 0xb, 0xf6, 0x5, 0xfc,
    0x0, 0x0, 0x0, 0x1f, 0xf0, 0x0, 0xef, 0x20,
    0x0, 0x0, 0x7f, 0xa0, 0x0, 0x9f, 0x80, 0x0,
    0x0, 0xdf, 0xee, 0xee, 0xef, 0xe0, 0x0, 0x4,
    0xff, 0xff, 0xff, 0xff, 0xf5, 0x0, 0xa, 0xf9,
    0x0, 0x0, 0x8, 0xfb, 0x0, 0x1f, 0xf3, 0x0,
    0x0, 0x2, 0xff, 0x10, 0x6f, 0xd0, 0x0, 0x0,
    0x0, 0xcf, 0x70, 0xcf, 0x70, 0x0, 0x0, 0x0,
    0x6f, 0xe0, 0x0, 0x0, 0x0, 0x0, 0x0, 0x5e,
    0x20, 0x0, 0x0, 0x0, 0x0, 0x1, 0xf6, 0x0,
    0x0, 0x0, 0x0, 0x0, 0x6, 0xf2, 0x0, 0x0,
    0x0, 0x0, 0x0, 0x5, 0xfa, 0x60, 0x0, 0x0,
    0x0, 0x0, 0x0, 0xaf, 0xe0,

    /* U+0105 "ą" */
    0x0, 0x4a, 0xdf, 0xec, 0x50, 0x0, 0xb, 0xfd,
    0xac, 0xff, 0x40, 0x0, 0x33, 0x0, 0xa, 0xfb,
    0x0, 0x0, 0x0, 0x0, 0x4f, 0xd0, 0x0, 0x0,
    0x0, 0x14, 0xfe, 0x0, 0x7, 0xdf, 0xff, 0xff,
    0xe0, 0xa, 0xfe, 0x74, 0x46, 0xfe, 0x1, 0xff,
    0x30, 0x0, 0x4f, 0xe0, 0xf, 0xf2, 0x0, 0xb,
    0xfe, 0x0, 0xbf, 0xd8, 0x8d, 0xcf, 0xe0, 0x1,
    0x9e, 0xfe, 0x80, 0xef, 0x0, 0x0, 0x0, 0x0,
    0x2e, 0x50, 0x0, 0x0, 0x0, 0xd, 0xb0, 0x0,
    0x0, 0x0, 0x2, 0xf7, 0x0, 0x0, 0x0, 0x0,
    0x1f, 0xd6, 0x20, 0x0, 0x0, 0x0, 0x7e, 0xf3,

    /* U+0106 "Ć" */
    0x0, 0x0, 0x0, 0x1e, 0xf8, 0x0, 0x0, 0x0,
    0x0, 0xaf, 0x80, 0x0, 0x0, 0x0, 0x7, 0xf6,
    0x0, 0x0, 0x0, 0x0, 0x0, 0x0, 0x0, 0x0,
    0x0, 0x0, 0x0, 0x0, 0x0, 0x0, 0x0, 0x2,
    0x9d, 0xff, 0xda, 0x50, 0x0, 0x7f, 0xff, 0xee,
    0xff, 0xc0, 0x6, 0xff, 0x91, 0x0, 0x5, 0x30,
    0x1f, 0xf7, 0x0, 0x0, 0x0, 0x0, 0x6f, 0xe0,
    0x0, 0x0, 0x0, 0x0, 0xaf, 0x90, 0x0, 0x0,
    0x0, 0x0, 0xcf, 0x70, 0x0, 0x0, 0x0, 0x0,
    0xcf, 0x70, 0x0, 0x0, 0x0, 0x0, 0xaf, 0x90,
    0x0, 0x0, 0x0, 0x0, 0x7f, 0xe0, 0x0, 0x0,
    0x0, 0x0, 0x2f, 0xf7, 0x0, 0x0, 0x0, 0x0,
    0x9, 0xff, 0x81, 0x0, 0x2, 0x30, 0x0, 0xaf,
    0xff, 0xee, 0xff, 0x80, 0x0, 0x4, 0xad, 0xff,
    0xea, 0x30,

    /* U+0107 "ć" */
    0x0, 0x0, 0xc, 0xfa, 0x0, 0x0, 0x8, 0xfa,
    0x0, 0x0, 0x4, 0xf7, 0x0, 0x0, 0x0, 0x0,
    0x0, 0x0, 0x0, 0x5b, 0xef, 0xd9, 0x0, 0x9f,
    0xfe, 0xdf, 0xd0, 0x4f, 0xf5, 0x0, 0x2, 0xa,
    0xf9, 0x0, 0x0, 0x0, 0xdf, 0x50, 0x0, 0x0,
    0xe, 0xf4, 0x0, 0x0, 0x0, 0xdf, 0x50, 0x0,
    0x0, 0xb, 0xf9, 0x0, 0x0, 0x0, 0x5f, 0xf5,
    0x0, 0x4, 0x0, 0xaf, 0xfe, 0xdf, 0xf0, 0x0,
    0x6c, 0xff, 0xd7, 0x0,

    /* U+0108 "Ĉ" */
    0x0, 0x0, 0x1d, 0xfe, 0x10, 0x0, 0x0, 0x0,
    0xbf, 0x9f, 0xc0, 0x0, 0x0, 0xb, 0xe3, 0x3,
    0xdc, 0x0, 0x0, 0x0, 0x0, 0x0, 0x0, 0x0,
    0x0, 0x0, 0x0, 0x0, 0x0, 0x0, 0x0, 0x2,
    0x9d, 0xff, 0xda, 0x50, 0x0, 0x7f, 0xff, 0xee,
    0xff, 0xc0, 0x6, 0xff, 0x91, 0x0, 0x5, 0x30,
    0x1f, 0xf7, 0x0, 0x0, 0x0, 0x0, 0x6f, 0xe0,
    0x0, 0x0, 0x0, 0x0, 0xaf, 0x90, 0x0, 0x0,
    0x0, 0x0, 0xcf, 0x70, 0x0, 0x0, 0x0, 0x0,
    0xcf, 0x70, 0x0, 0x0, 0x0, 0x0, 0xaf, 0x90,
    0x0, 0x0, 0x0, 0x0, 0x7f, 0xe0, 0x0, 0x0,
    0x0, 0x0, 0x2f, 0xf7, 0x0, 0x0, 0x0, 0x0,
    0x9, 0xff, 0x81, 0x0, 0x2, 0x30, 0x0, 0xaf,
    0xff, 0xee, 0xff, 0x80, 0x0, 0x4, 0xad, 0xff,
    0xea, 0x30,

    /* U+0109 "ĉ" */
    0x0, 0xc, 0xff, 0x30, 0x0, 0xa, 0xf9, 0xee,
    0x10, 0x8, 0xe4, 0x1, 0xbd, 0x10, 0x0, 0x0,
    0x0, 0x0, 0x0, 0x5b, 0xef, 0xd9, 0x0, 0x9f,
    0xfe, 0xdf, 0xd0, 0x4f, 0xf5, 0x0, 0x2, 0xa,
    0xf9, 0x0, 0x0, 0x0, 0xdf, 0x50, 0x0, 0x0,
    0xe, 0xf4, 0x0, 0x0, 0x0, 0xdf, 0x50, 0x0,
    0x0, 0xb, 0xf9, 0x0, 0x0, 0x0, 0x5f, 0xf5,
    0x0, 0x4, 0x0, 0xaf, 0xfe, 0xdf, 0xf0, 0x0,
    0x6c, 0xff, 0xd7, 0x0,

    /* U+010A "Ċ" */
    0x0, 0x0, 0x1, 0x61, 0x0, 0x0, 0x0, 0x0,
    0x9, 0xfb, 0x0, 0x0, 0x0, 0x0, 0x6, 0xf7,
    0x0, 0x0, 0x0, 0x0, 0x0, 0x0, 0x0, 0x0,
    0x0, 0x0, 0x0, 0x0, 0x0, 0x0, 0x0, 0x2,
    0x9d, 0xff, 0xda, 0x50, 0x0, 0x7f, 0xff, 0xee,
    0xff, 0xc0, 0x6, 0xff, 0x91, 0x0, 0x5, 0x30,
    0x1f, 0xf7, 0x0, 0x0, 0x0, 0x0, 0x6f, 0xe0,
    0x0, 0x0, 0x0, 0x0, 0xaf, 0x90, 0x0, 0x0,
    0x0, 0x0, 0xcf, 0x70, 0x0, 0x0, 0x0, 0x0,
    0xcf, 0x70, 0x0, 0x0, 0x0, 0x0, 0xaf, 0x90,
    0x0, 0x0, 0x0, 0x0, 0x7f, 0xe0, 0x0, 0x0,
    0x0, 0x0, 0x2f, 0xf7, 0x0, 0x0, 0x0, 0x0,
    0x9, 0xff, 0x81, 0x0, 0x2, 0x30, 0x0, 0xaf,
    0xff, 0xee, 0xff, 0x80, 0x0, 0x4, 0xad, 0xff,
    0xea, 0x30,

    /* U+010B "ċ" */
    0x0, 0x4, 0xfa, 0x0, 0x0, 0x0, 0x6f, 0xd0,
    0x0, 0x0, 0x0, 0x63, 0x0, 0x0, 0x0, 0x0,
    0x0, 0x0, 0x0, 0x5b, 0xef, 0xd9, 0x0, 0x9f,
    0xfe, 0xdf, 0xd0, 0x4f, 0xf5, 0x0, 0x2, 0xa,
    0xf9, 0x0, 0x0, 0x0, 0xdf, 0x50, 0x0, 0x0,
    0xe, 0xf4, 0x0, 0x0, 0x0, 0xdf, 0x50, 0x0,
    0x0, 0xb, 0xf9, 0x0, 0x0, 0x0, 0x5f, 0xf5,
    0x0, 0x4, 0x0, 0xaf, 0xfe, 0xdf, 0xf0, 0x0,
    0x6c, 0xff, 0xd7, 0x0,

    /* U+010C "Č" */
    0x0, 0xb, 0xe3, 0x2, 0xcd, 0x10, 0x0, 0x0,
    0xcf, 0x8e, 0xe1, 0x0, 0x0, 0x0, 0x1d, 0xff,
    0x20, 0x0, 0x0, 0x0, 0x0, 0x0, 0x0, 0x0,
    0x0, 0x0, 0x0, 0x0, 0x0, 0x0, 0x0, 0x2,
    0x9d, 0xff, 0xda, 0x50, 0x0, 0x7f, 0xff, 0xee,
    0xff, 0xc0, 0x6, 0xff, 0x91, 0x0, 0x5, 0x30,
    0x1f, 0xf7, 0x0, 0x0, 0x0, 0x0, 0x6f, 0xe0,
    0x0, 0x0, 0x0, 0x0, 0xaf, 0x90, 0x0, 0x0,
    0x0, 0x0, 0xcf, 0x70, 0x0, 0x0, 0x0, 0x0,
    0xcf, 0x70, 0x0, 0x0, 0x0, 0x0, 0xaf, 0x90,
    0x0, 0x0, 0x0, 0x0, 0x7f, 0xe0, 0x0, 0x0,
    0x0, 0x0, 0x2f, 0xf7, 0x0, 0x0, 0x0, 0x0,
    0x9, 0xff, 0x81, 0x0, 0x2, 0x30, 0x0, 0xaf,
    0xff, 0xee, 0xff, 0x80, 0x0, 0x4, 0xad, 0xff,
    0xea, 0x30,

    /* U+010D "č" */
    0x9, 0xe5, 0x1, 0xbe, 0x20, 0x9, 0xf9, 0xee,
    0x30, 0x0, 0xb, 0xff, 0x40, 0x0, 0x0, 0x0,
    0x0, 0x0, 0x0, 0x5b, 0xef, 0xd9, 0x0, 0x9f,
    0xfe, 0xdf, 0xd0, 0x4f, 0xf5, 0x0, 0x2, 0xa,
    0xf9, 0x0, 0x0, 0x0, 0xdf, 0x50, 0x0, 0x0,
    0xe, 0xf4, 0x0, 0x0, 0x0, 0xdf, 0x50, 0x0,
    0x0, 0xb, 0xf9, 0x0, 0x0, 0x0, 0x5f, 0xf5,
    0x0, 0x4, 0x0, 0xaf, 0xfe, 0xdf, 0xf0, 0x0,
    0x6c, 0xff, 0xd7, 0x0,

    /* U+010E "Ď" */
    0x0, 0x2f, 0xa0, 0x3, 0xeb, 0x0, 0x0, 0x0,
    0x4f, 0xc5, 0xfd, 0x0, 0x0, 0x0, 0x0, 0x8f,
    0xff, 0x20, 0x0, 0x0, 0x0, 0x0, 0x78, 0x40,
    0x0, 0x0, 0x0, 0x0, 0x0, 0x0, 0x0, 0x0,
    0x2, 0xff, 0xff, 0xfe, 0xb6, 0x10, 0x0, 0x2f,
    0xfd, 0xdd, 0xff, 0xfe, 0x40, 0x2, 0xff, 0x0,
    0x0, 0x3c, 0xff, 0x20, 0x2f, 0xf0, 0x0, 0x0,
    0xc, 0xfb, 0x2, 0xff, 0x0, 0x0, 0x0, 0x3f,
    0xf1, 0x2f, 0xf0, 0x0, 0x0, 0x0, 0xff, 0x42,
    0xff, 0x0, 0x0, 0x0, 0xd, 0xf6, 0x2f, 0xf0,
    0x0, 0x0, 0x0, 0xef, 0x62, 0xff, 0x0, 0x0,
    0x0, 0xf, 0xf4, 0x2f, 0xf0, 0x0, 0x0, 0x5,
    0xff, 0x12, 0xff, 0x0, 0x0, 0x1, 0xdf, 0xa0,
    0x2f, 0xf0, 0x0, 0x5, 0xdf, 0xe2, 0x2, 0xff,
    0xdd, 0xef, 0xff, 0xd2, 0x0, 0x2f, 0xff, 0xff,
    0xea, 0x50, 0x0, 0x0,

    /* U+010F "ď" */
    0x0, 0x0, 0x0, 0x5, 0xfc, 0xd, 0xf2, 0x0,
    0x0, 0x0, 0x5, 0xfc, 0xf, 0xb0, 0x0, 0x0,
    0x0, 0x5, 0xfc, 0x4f, 0x20, 0x0, 0x0, 0x0,
    0x5, 0xfc, 0x12, 0x0, 0x0, 0x8e, 0xfd, 0x75,
    0xfc, 0x0, 0x0, 0xc, 0xff, 0xdd, 0xfc, 0xfc,
    0x0, 0x0, 0x6f, 0xf3, 0x0, 0x3f, 0xfc, 0x0,
    0x0, 0xbf, 0x90, 0x0, 0x9, 0xfc, 0x0, 0x0,
    0xef, 0x50, 0x0, 0x6, 0xfc, 0x0, 0x0, 0xef,
    0x40, 0x0, 0x5, 0xfc, 0x0, 0x0, 0xef, 0x50,
    0x0, 0x5, 0xfc, 0x0, 0x0, 0xbf, 0x80, 0x0,
    0x8, 0xfc, 0x0, 0x0, 0x6f, 0xf3, 0x0, 0x3e,
    0xfc, 0x0, 0x0, 0xc, 0xff, 0xdd, 0xfb, 0xfc,
    0x0, 0x0, 0x0, 0x9e, 0xfd, 0x60, 0xfc, 0x0,
    0x0,

    /* U+0110 "Đ" */
    0x0, 0xff, 0xff, 0xfe, 0xb6, 0x10, 0x0, 0x0,
    0xff, 0xdd, 0xdf, 0xff, 0xe4, 0x0, 0x0, 0xff,
    0x20, 0x0, 0x3c, 0xff, 0x20, 0x0, 0xff, 0x20,
    0x0, 0x0, 0xcf, 0xb0, 0x0, 0xff, 0x20, 0x0,
    0x0, 0x3f, 0xf1, 0x0, 0xff, 0x20, 0x0, 0x0,
    0xf, 0xf4, 0x7f, 0xff, 0xff, 0xf7, 0x0, 0xd,
    0xf6, 0x6d, 0xff, 0xdd, 0xd5, 0x0, 0xe, 0xf6,
    0x0, 0xff, 0x20, 0x0, 0x0, 0xf, 0xf4, 0x0,
    0xff, 0x20, 0x0, 0x0, 0x5f, 0xf1, 0x0, 0xff,
    0x20, 0x0, 0x1, 0xdf, 0xa0, 0x0, 0xff, 0x20,
    0x0, 0x5d, 0xfe, 0x20, 0x0, 0xff, 0xdd, 0xef,
    0xff, 0xd2, 0x0, 0x0, 0xff, 0xff, 0xfe, 0xa5,
    0x0, 0x0,

    /* U+0111 "đ" */
    0x0, 0x0, 0x0, 0x5, 0xfc, 0x0, 0x0, 0x2,
    0x88, 0x8a, 0xfe, 0x82, 0x0, 0x4, 0xff, 0xff,
    0xff, 0xf4, 0x0, 0x0, 0x0, 0x5, 0xfc, 0x0,
    0x0, 0x8e, 0xfd, 0x75, 0xfc, 0x0, 0xc, 0xff,
    0xde, 0xfd, 0xfc, 0x0, 0x6f, 0xf4, 0x0, 0x4f,
    0xfc, 0x0, 0xbf, 0xa0, 0x0, 0x9, 0xfc, 0x0,
    0xef, 0x60, 0x0, 0x6, 0xfc, 0x0, 0xef, 0x50,
    0x0, 0x5, 0xfc, 0x0, 0xef, 0x60, 0x0, 0x5,
    0xfc, 0x0, 0xbf, 0xa0, 0x0, 0x8, 0xfc, 0x0,
    0x6f, 0xf4, 0x0, 0x2e, 0xfc, 0x0, 0xc, 0xff,
    0xdd, 0xfb, 0xfc, 0x0, 0x1, 0x9e, 0xfd, 0x61,
    0xfc, 0x0,

    /* U+0112 "Ē" */
    0x0, 0xff, 0xff, 0xff, 0x20, 0x9, 0x99, 0x99,
    0x91, 0x0, 0x0, 0x0, 0x0, 0x1, 0xff, 0xff,
    0xff, 0xff, 0x1f, 0xfd, 0xdd, 0xdd, 0xc1, 0xff,
    0x10, 0x0, 0x0, 0x1f, 0xf1, 0x0, 0x0, 0x1,
    0xff, 0x10, 0x0, 0x0, 0x1f, 0xf1, 0x0, 0x0,
    0x1, 0xff, 0xff, 0xff, 0xf9, 0x1f, 0xfd, 0xdd,
    0xdd, 0x71, 0xff, 0x10, 0x0, 0x0, 0x1f, 0xf1,
    0x0, 0x0, 0x1, 0xff, 0x10, 0x0, 0x0, 0x1f,
    0xf1, 0x0, 0x0, 0x1, 0xff, 0xdd, 0xdd, 0xdc,
    0x1f, 0xff, 0xff, 0xff, 0xf0,

    /* U+0113 "ē" */
    0x4, 0xff, 0xff, 0xfd, 0x0, 0x2, 0x99, 0x99,
    0x97, 0x0, 0x0, 0x0, 0x0, 0x0, 0x0, 0x0,
    0x5c, 0xff, 0xc4, 0x0, 0x9, 0xff, 0xbb, 0xff,
    0x60, 0x4f, 0xe2, 0x0, 0x4f, 0xf1, 0xaf, 0x80,
    0x0, 0xc, 0xf5, 0xdf, 0xb9, 0x99, 0x9d, 0xf7,
    0xef, 0xff, 0xff, 0xff, 0xf7, 0xdf, 0x50, 0x0,
    0x0, 0x0, 0xaf, 0x90, 0x0, 0x0, 0x0, 0x4f,
    0xf5, 0x0, 0x0, 0x40, 0x8, 0xff, 0xdb, 0xdf,
    0xf0, 0x0, 0x4b, 0xef, 0xec, 0x60,

    /* U+0114 "Ĕ" */
    0x1, 0x80, 0x0, 0x7, 0x30, 0xf, 0x80, 0x5,
    0xf3, 0x0, 0x7f, 0xff, 0xf9, 0x0, 0x0, 0x48,
    0x85, 0x0, 0x0, 0x0, 0x0, 0x0, 0x1, 0xff,
    0xff, 0xff, 0xff, 0x1f, 0xfd, 0xdd, 0xdd, 0xc1,
    0xff, 0x10, 0x0, 0x0, 0x1f, 0xf1, 0x0, 0x0,
    0x1, 0xff, 0x10, 0x0, 0x0, 0x1f, 0xf1, 0x0,
    0x0, 0x1, 0xff, 0xff, 0xff, 0xf9, 0x1f, 0xfd,
    0xdd, 0xdd, 0x71, 0xff, 0x10, 0x0, 0x0, 0x1f,
    0xf1, 0x0, 0x0, 0x1, 0xff, 0x10, 0x0, 0x0,
    0x1f, 0xf1, 0x0, 0x0, 0x1, 0xff, 0xdd, 0xdd,
    0xdc, 0x1f, 0xff, 0xff, 0xff, 0xf0,

    /* U+0115 "ĕ" */
    0x5, 0xe2, 0x1, 0x7f, 0x0, 0x0, 0xdf, 0xff,
    0xf8, 0x0, 0x0, 0x6, 0x98, 0x40, 0x0, 0x0,
    0x0, 0x0, 0x0, 0x0, 0x0, 0x5c, 0xff, 0xc4,
    0x0, 0x9, 0xff, 0xbb, 0xff, 0x60, 0x4f, 0xe2,
    0x0, 0x4f, 0xf1, 0xaf, 0x80, 0x0, 0xc, 0xf5,
    0xdf, 0xb9, 0x99, 0x9d, 0xf7, 0xef, 0xff, 0xff,
    0xff, 0xf7, 0xdf, 0x50, 0x0, 0x0, 0x0, 0xaf,
    0x90, 0x0, 0x0, 0x0, 0x4f, 0xf5, 0x0, 0x0,
    0x40, 0x8, 0xff, 0xdb, 0xdf, 0xf0, 0x0, 0x4b,
    0xef, 0xec, 0x60,

    /* U+0116 "Ė" */
    0x0, 0x0, 0x45, 0x0, 0x0, 0x0, 0x1f, 0xf3,
    0x0, 0x0, 0x0, 0xde, 0x10, 0x0, 0x0, 0x0,
    0x0, 0x0, 0x0, 0x0, 0x0, 0x0, 0x1, 0xff,
    0xff, 0xff, 0xff, 0x1f, 0xfd, 0xdd, 0xdd, 0xc1,
    0xff, 0x10, 0x0, 0x0, 0x1f, 0xf1, 0x0, 0x0,
    0x1, 0xff, 0x10, 0x0, 0x0, 0x1f, 0xf1, 0x0,
    0x0, 0x1, 0xff, 0xff, 0xff, 0xf9, 0x1f, 0xfd,
    0xdd, 0xdd, 0x71, 0xff, 0x10, 0x0, 0x0, 0x1f,
    0xf1, 0x0, 0x0, 0x1, 0xff, 0x10, 0x0, 0x0,
    0x1f, 0xf1, 0x0, 0x0, 0x1, 0xff, 0xdd, 0xdd,
    0xdc, 0x1f, 0xff, 0xff, 0xff, 0xf0,

    /* U+0117 "ė" */
    0x0, 0x3, 0xeb, 0x0, 0x0, 0x0, 0x5, 0xfe,
    0x0, 0x0, 0x0, 0x0, 0x63, 0x0, 0x0, 0x0,
    0x0, 0x0, 0x0, 0x0, 0x0, 0x5c, 0xff, 0xc4,
    0x0, 0x9, 0xff, 0xbb, 0xff, 0x60, 0x4f, 0xe2,
    0x0, 0x4f, 0xf1, 0xaf, 0x80, 0x0, 0xc, 0xf5,
    0xdf, 0xb9, 0x99, 0x9d, 0xf7, 0xef, 0xff, 0xff,
    0xff, 0xf7, 0xdf, 0x50, 0x0, 0x0, 0x0, 0xaf,
    0x90, 0x0, 0x0, 0x0, 0x4f, 0xf5, 0x0, 0x0,
    0x40, 0x8, 0xff, 0xdb, 0xdf, 0xf0, 0x0, 0x4b,
    0xef, 0xec, 0x60,

    /* U+0118 "Ę" */
    0x1f, 0xff, 0xff, 0xff, 0xf1, 0xff, 0xdd, 0xdd,
    0xdc, 0x1f, 0xf1, 0x0, 0x0, 0x1, 0xff, 0x10,
    0x0, 0x0, 0x1f, 0xf1, 0x0, 0x0, 0x1, 0xff,
    0x10, 0x0, 0x0, 0x1f, 0xfd, 0xdd, 0xdd, 0x71,
    0xff, 0xff, 0xff, 0xf9, 0x1f, 0xf1, 0x0, 0x0,
    0x1, 0xff, 0x10, 0x0, 0x0, 0x1f, 0xf1, 0x0,
    0x0, 0x1, 0xff, 0x10, 0x0, 0x0, 0x1f, 0xfd,
    0xdd, 0xdd, 0xc1, 0xff, 0xff, 0xff, 0xff, 0x0,
    0x0, 0x0, 0x7d, 0x10, 0x0, 0x0, 0x3f, 0x40,
    0x0, 0x0, 0x9, 0xf0, 0x0, 0x0, 0x0, 0x8f,
    0x96, 0x0, 0x0, 0x1, 0xcf, 0xc0,

    /* U+0119 "ę" */
    0x0, 0x5c, 0xff, 0xb3, 0x0, 0x9, 0xff, 0xbc,
    0xff, 0x40, 0x4f, 0xf3, 0x0, 0x6f, 0xe0, 0xaf,
    0x90, 0x0, 0xe, 0xf4, 0xdf, 0x60, 0x0, 0xb,
    0xf6, 0xef, 0xff, 0xff, 0xff, 0xf7, 0xdf, 0xb9,
    0x99, 0x99, 0x94, 0xaf, 0x70, 0x0, 0x0, 0x0,
    0x4f, 0xe3, 0x0, 0x0, 0x20, 0x8, 0xff, 0xdb,
    0xce, 0xf0, 0x0, 0x4b, 0xef, 0xff, 0xb0, 0x0,
    0x0, 0x0, 0xcc, 0x0, 0x0, 0x0, 0x6, 0xf3,
    0x0, 0x0, 0x0, 0xa, 0xf0, 0x0, 0x0, 0x0,
    0x9, 0xf7, 0x50, 0x0, 0x0, 0x1, 0xcf, 0xb0,

    /* U+011A "Ě" */
    0x4, 0xf8, 0x0, 0x5f, 0x80, 0x8, 0xf9, 0x7f,
    0xb0, 0x0, 0xb, 0xff, 0xd0, 0x0, 0x0, 0x18,
    0x83, 0x0, 0x0, 0x0, 0x0, 0x0, 0x1, 0xff,
    0xff, 0xff, 0xff, 0x1f, 0xfd, 0xdd, 0xdd, 0xc1,
    0xff, 0x10, 0x0, 0x0, 0x1f, 0xf1, 0x0, 0x0,
    0x1, 0xff, 0x10, 0x0, 0x0, 0x1f, 0xf1, 0x0,
    0x0, 0x1, 0xff, 0xff, 0xff, 0xf9, 0x1f, 0xfd,
    0xdd, 0xdd, 0x71, 0xff, 0x10, 0x0, 0x0, 0x1f,
    0xf1, 0x0, 0x0, 0x1, 0xff, 0x10, 0x0, 0x0,
    0x1f, 0xf1, 0x0, 0x0, 0x1, 0xff, 0xdd, 0xdd,
    0xdc, 0x1f, 0xff, 0xff, 0xff, 0xf0,

    /* U+011B "ě" */
    0x7, 0xf6, 0x0, 0xaf, 0x30, 0x0, 0x8f, 0xad,
    0xf3, 0x0, 0x0, 0xa, 0xff, 0x50, 0x0, 0x0,
    0x0, 0x0, 0x0, 0x0, 0x0, 0x5c, 0xff, 0xc4,
    0x0, 0x9, 0xff, 0xbb, 0xff, 0x60, 0x4f, 0xe2,
    0x0, 0x4f, 0xf1, 0xaf, 0x80, 0x0, 0xc, 0xf5,
    0xdf, 0xb9, 0x99, 0x9d, 0xf7, 0xef, 0xff, 0xff,
    0xff, 0xf7, 0xdf, 0x50, 0x0, 0x0, 0x0, 0xaf,
    0x90, 0x0, 0x0, 0x0, 0x4f, 0xf5, 0x0, 0x0,
    0x40, 0x8, 0xff, 0xdb, 0xdf, 0xf0, 0x0, 0x4b,
    0xef, 0xec, 0x60,

    /* U+011C "Ĝ" */
    0x0, 0x0, 0x6, 0xff, 0x70, 0x0, 0x0, 0x0,
    0x4, 0xfc, 0xcf, 0x50, 0x0, 0x0, 0x3, 0xf9,
    0x0, 0x8f, 0x50, 0x0, 0x0, 0x0, 0x0, 0x0,
    0x0, 0x0, 0x0, 0x0, 0x0, 0x0, 0x0, 0x0,
    0x0, 0x0, 0x17, 0xce, 0xfe, 0xc9, 0x30, 0x0,
    0x5f, 0xff, 0xfe, 0xff, 0xf9, 0x0, 0x5f, 0xfb,
    0x30, 0x0, 0x16, 0x10, 0xf, 0xf9, 0x0, 0x0,
    0x0, 0x0, 0x6, 0xfe, 0x0, 0x0, 0x0, 0x0,
    0x0, 0xaf, 0x90, 0x0, 0x0, 0x0, 0x0, 0xb,
    0xf7, 0x0, 0x1, 0xdd, 0xdd, 0xd0, 0xcf, 0x70,
    0x0, 0x2f, 0xff, 0xff, 0xa, 0xf9, 0x0, 0x0,
    0x0, 0x2f, 0xf0, 0x7f, 0xe0, 0x0, 0x0, 0x2,
    0xff, 0x1, 0xff, 0x70, 0x0, 0x0, 0x2f, 0xf0,
    0x8, 0xff, 0x91, 0x0, 0x2, 0xff, 0x0, 0x9,
    0xff, 0xfe, 0xde, 0xff, 0xf0, 0x0, 0x3, 0xad,
    0xff, 0xfd, 0x95, 0x0,

    /* U+011D "ĝ" */
    0x0, 0x7, 0xff, 0x70, 0x0, 0x0, 0x5f, 0xbc,
    0xf5, 0x0, 0x4, 0xe8, 0x0, 0x8e, 0x40, 0x0,
    0x0, 0x0, 0x0, 0x0, 0x0, 0x8e, 0xfd, 0x61,
    0xfc, 0xc, 0xff, 0xdd, 0xfb, 0xfc, 0x5f, 0xf3,
    0x0, 0x4f, 0xfc, 0xbf, 0x90, 0x0, 0x8, 0xfc,
    0xdf, 0x50, 0x0, 0x5, 0xfc, 0xef, 0x40, 0x0,
    0x4, 0xfc, 0xef, 0x50, 0x0, 0x5, 0xfc, 0xbf,
    0x80, 0x0, 0x8, 0xfc, 0x6f, 0xe2, 0x0, 0x2e,
    0xfc, 0xc, 0xff, 0xcd, 0xfc, 0xfc, 0x0, 0x9e,
    0xfd, 0x75, 0xfc, 0x0, 0x0, 0x0, 0x6, 0xfb,
    0x0, 0x0, 0x0, 0x9, 0xfa, 0x16, 0x10, 0x0,
    0x4f, 0xf5, 0x3f, 0xfe, 0xcd, 0xff, 0xb0, 0x18,
    0xce, 0xff, 0xc7, 0x0,

    /* U+011E "Ğ" */
    0x0, 0x1, 0x81, 0x0, 0x7, 0x20, 0x0, 0x0,
    0xe, 0xda, 0xad, 0xf1, 0x0, 0x0, 0x0, 0x2b,
    0xef, 0xc3, 0x0, 0x0, 0x0, 0x0, 0x0, 0x0,
    0x0, 0x0, 0x0, 0x0, 0x0, 0x0, 0x0, 0x0,
    0x0, 0x0, 0x17, 0xce, 0xfe, 0xc9, 0x30, 0x0,
    0x5f, 0xff, 0xfe, 0xff, 0xf9, 0x0, 0x5f, 0xfb,
    0x30, 0x0, 0x16, 0x10, 0xf, 0xf9, 0x0, 0x0,
    0x0, 0x0, 0x6, 0xfe, 0x0, 0x0, 0x0, 0x0,
    0x0, 0xaf, 0x90, 0x0, 0x0, 0x0, 0x0, 0xb,
    0xf7, 0x0, 0x1, 0xdd, 0xdd, 0xd0, 0xcf, 0x70,
    0x0, 0x2f, 0xff, 0xff, 0xa, 0xf9, 0x0, 0x0,
    0x0, 0x2f, 0xf0, 0x7f, 0xe0, 0x0, 0x0, 0x2,
    0xff, 0x1, 0xff, 0x70, 0x0, 0x0, 0x2f, 0xf0,
    0x8, 0xff, 0x91, 0x0, 0x2, 0xff, 0x0, 0x9,
    0xff, 0xfe, 0xde, 0xff, 0xf0, 0x0, 0x3, 0xad,
    0xff, 0xfd, 0x95, 0x0,

    /* U+011F "ğ" */
    0x2, 0xf2, 0x0, 0x1f, 0x40, 0x0, 0xce, 0xab,
    0xed, 0x0, 0x0, 0x1a, 0xee, 0xa1, 0x0, 0x0,
    0x0, 0x0, 0x0, 0x0, 0x0, 0x8e, 0xfd, 0x61,
    0xfc, 0xc, 0xff, 0xdd, 0xfb, 0xfc, 0x5f, 0xf3,
    0x0, 0x4f, 0xfc, 0xbf, 0x90, 0x0, 0x8, 0xfc,
    0xdf, 0x50, 0x0, 0x5, 0xfc, 0xef, 0x40, 0x0,
    0x4, 0xfc, 0xef, 0x50, 0x0, 0x5, 0xfc, 0xbf,
    0x80, 0x0, 0x8, 0xfc, 0x6f, 0xe2, 0x0, 0x2e,
    0xfc, 0xc, 0xff, 0xcd, 0xfc, 0xfc, 0x0, 0x9e,
    0xfd, 0x75, 0xfc, 0x0, 0x0, 0x0, 0x6, 0xfb,
    0x0, 0x0, 0x0, 0x9, 0xfa, 0x16, 0x10, 0x0,
    0x4f, 0xf5, 0x3f, 0xfe, 0xcd, 0xff, 0xb0, 0x18,
    0xce, 0xff, 0xc7, 0x0,

    /* U+0120 "Ġ" */
    0x0, 0x0, 0x0, 0x45, 0x0, 0x0, 0x0, 0x0,
    0x0, 0x1f, 0xf3, 0x0, 0x0, 0x0, 0x0, 0x0,
    0xde, 0x10, 0x0, 0x0, 0x0, 0x0, 0x0, 0x0,
    0x0, 0x0, 0x0, 0x0, 0x0, 0x0, 0x0, 0x0,
    0x0, 0x0, 0x17, 0xce, 0xfe, 0xc9, 0x30, 0x0,
    0x5f, 0xff, 0xfe, 0xff, 0xf9, 0x0, 0x5f, 0xfb,
    0x30, 0x0, 0x16, 0x10, 0xf, 0xf9, 0x0, 0x0,
    0x0, 0x0, 0x6, 0xfe, 0x0, 0x0, 0x0, 0x0,
    0x0, 0xaf, 0x90, 0x0, 0x0, 0x0, 0x0, 0xb,
    0xf7, 0x0, 0x1, 0xdd, 0xdd, 0xd0, 0xcf, 0x70,
    0x0, 0x2f, 0xff, 0xff, 0xa, 0xf9, 0x0, 0x0,
    0x0, 0x2f, 0xf0, 0x7f, 0xe0, 0x0, 0x0, 0x2,
    0xff, 0x1, 0xff, 0x70, 0x0, 0x0, 0x2f, 0xf0,
    0x8, 0xff, 0x91, 0x0, 0x2, 0xff, 0x0, 0x9,
    0xff, 0xfe, 0xde, 0xff, 0xf0, 0x0, 0x3, 0xad,
    0xff, 0xfd, 0x95, 0x0,

    /* U+0121 "ġ" */
    0x0, 0x0, 0xdd, 0x10, 0x0, 0x0, 0x2, 0xff,
    0x20, 0x0, 0x0, 0x0, 0x55, 0x0, 0x0, 0x0,
    0x0, 0x0, 0x0, 0x0, 0x0, 0x8e, 0xfd, 0x61,
    0xfc, 0xc, 0xff, 0xdd, 0xfb, 0xfc, 0x5f, 0xf3,
    0x0, 0x4f, 0xfc, 0xbf, 0x90, 0x0, 0x8, 0xfc,
    0xdf, 0x50, 0x0, 0x5, 0xfc, 0xef, 0x40, 0x0,
    0x4, 0xfc, 0xef, 0x50, 0x0, 0x5, 0xfc, 0xbf,
    0x80, 0x0, 0x8, 0xfc, 0x6f, 0xe2, 0x0, 0x2e,
    0xfc, 0xc, 0xff, 0xcd, 0xfc, 0xfc, 0x0, 0x9e,
    0xfd, 0x75, 0xfc, 0x0, 0x0, 0x0, 0x6, 0xfb,
    0x0, 0x0, 0x0, 0x9, 0xfa, 0x16, 0x10, 0x0,
    0x4f, 0xf5, 0x3f, 0xfe, 0xcd, 0xff, 0xb0, 0x18,
    0xce, 0xff, 0xc7, 0x0,

    /* U+0122 "Ģ" */
    0x0, 0x1, 0x7c, 0xef, 0xec, 0x93, 0x0, 0x5,
    0xff, 0xff, 0xef, 0xff, 0x90, 0x5, 0xff, 0xb3,
    0x0, 0x2, 0x72, 0x0, 0xff, 0x90, 0x0, 0x0,
    0x0, 0x0, 0x6f, 0xe0, 0x0, 0x0, 0x0, 0x0,
    0xa, 0xf9, 0x0, 0x0, 0x0, 0x0, 0x0, 0xbf,
    0x70, 0x0, 0x0, 0x0, 0x0, 0xc, 0xf7, 0x0,
    0x2, 0xff, 0xff, 0xf0, 0xaf, 0x90, 0x0, 0x1d,
    0xde, 0xff, 0x7, 0xfe, 0x0, 0x0, 0x0, 0x2f,
    0xf0, 0x1f, 0xf7, 0x0, 0x0, 0x2, 0xff, 0x0,
    0x8f, 0xf9, 0x10, 0x0, 0x2f, 0xf0, 0x0, 0x9f,
    0xff, 0xed, 0xef, 0xff, 0x0, 0x0, 0x3a, 0xdf,
    0xff, 0xd9, 0x50, 0x0, 0x0, 0x0, 0x0, 0x0,
    0x0, 0x0, 0x0, 0x0, 0x2, 0x31, 0x0, 0x0,
    0x0, 0x0, 0x0, 0xcf, 0x20, 0x0, 0x0, 0x0,
    0x0, 0xf, 0xb0, 0x0, 0x0, 0x0, 0x0, 0x5,
    0xf2, 0x0, 0x0, 0x0,

    /* U+0123 "ģ" */
    0x0, 0x0, 0x1e, 0x60, 0x0, 0x0, 0x0, 0xaf,
    0x10, 0x0, 0x0, 0x1, 0xfd, 0x0, 0x0, 0x0,
    0x1, 0x32, 0x0, 0x0, 0x0, 0x8e, 0xfd, 0x61,
    0xfc, 0xc, 0xff, 0xdd, 0xfb, 0xfc, 0x5f, 0xf3,
    0x0, 0x4f, 0xfc, 0xbf, 0x90, 0x0, 0x8, 0xfc,
    0xdf, 0x50, 0x0, 0x5, 0xfc, 0xef, 0x40, 0x0,
    0x4, 0xfc, 0xef, 0x50, 0x0, 0x5, 0xfc, 0xbf,
    0x80, 0x0, 0x8, 0xfc, 0x6f, 0xe2, 0x0, 0x2e,
    0xfc, 0xc, 0xff, 0xcd, 0xfc, 0xfc, 0x0, 0x9e,
    0xfd, 0x75, 0xfc, 0x0, 0x0, 0x0, 0x6, 0xfb,
    0x0, 0x0, 0x0, 0x9, 0xfa, 0x16, 0x10, 0x0,
    0x4f, 0xf5, 0x3f, 0xfe, 0xcd, 0xff, 0xb0, 0x18,
    0xce, 0xff, 0xc7, 0x0,

    /* U+0124 "Ĥ" */
    0x0, 0x0, 0xe, 0xfd, 0x0, 0x0, 0x0, 0x0,
    0xa, 0xfd, 0xf8, 0x0, 0x0, 0x0, 0x7, 0xf8,
    0x9, 0xf6, 0x0, 0x0, 0x0, 0x75, 0x0, 0x5,
    0x70, 0x0, 0x0, 0x0, 0x0, 0x0, 0x0, 0x0,
    0x1, 0xff, 0x10, 0x0, 0x0, 0x2f, 0xf0, 0x1f,
    0xf1, 0x0, 0x0, 0x2, 0xff, 0x1, 0xff, 0x10,
    0x0, 0x0, 0x2f, 0xf0, 0x1f, 0xf1, 0x0, 0x0,
    0x2, 0xff, 0x1, 0xff, 0x10, 0x0, 0x0, 0x2f,
    0xf0, 0x1f, 0xf1, 0x0, 0x0, 0x2, 0xff, 0x1,
    0xff, 0xff, 0xff, 0xff, 0xff, 0xf0, 0x1f, 0xfd,
    0xdd, 0xdd, 0xdd, 0xff, 0x1, 0xff, 0x10, 0x0,
    0x0, 0x2f, 0xf0, 0x1f, 0xf1, 0x0, 0x0, 0x2,
    0xff, 0x1, 0xff, 0x10, 0x0, 0x0, 0x2f, 0xf0,
    0x1f, 0xf1, 0x0, 0x0, 0x2, 0xff, 0x1, 0xff,
    0x10, 0x0, 0x0, 0x2f, 0xf0, 0x1f, 0xf1, 0x0,
    0x0, 0x2, 0xff, 0x0,

    /* U+0125 "ĥ" */
    0x0, 0xbf, 0xf2, 0x0, 0x0, 0x0, 0x6, 0xfd,
    0xfc, 0x0, 0x0, 0x0, 0x3f, 0xb0, 0x6f, 0xa0,
    0x0, 0x0, 0x66, 0x0, 0x3, 0x81, 0x0, 0x0,
    0x0, 0x0, 0x0, 0x0, 0x0, 0x0, 0x0, 0x5f,
    0xc0, 0x0, 0x0, 0x0, 0x0, 0x5f, 0xc0, 0x0,
    0x0, 0x0, 0x0, 0x5f, 0xc0, 0x0, 0x0, 0x0,
    0x0, 0x5f, 0xc0, 0x0, 0x0, 0x0, 0x0, 0x5f,
    0xb2, 0xbf, 0xec, 0x50, 0x0, 0x5f, 0xdf, 0xec,
    0xef, 0xf6, 0x0, 0x5f, 0xf9, 0x0, 0xa, 0xfc,
    0x0, 0x5f, 0xf1, 0x0, 0x3, 0xff, 0x0, 0x5f,
    0xd0, 0x0, 0x2, 0xff, 0x0, 0x5f, 0xc0, 0x0,
    0x2, 0xff, 0x0, 0x5f, 0xc0, 0x0, 0x2, 0xff,
    0x0, 0x5f, 0xc0, 0x0, 0x2, 0xff, 0x0, 0x5f,
    0xc0, 0x0, 0x2, 0xff, 0x0, 0x5f, 0xc0, 0x0,
    0x2, 0xff, 0x0, 0x5f, 0xc0, 0x0, 0x2, 0xff,

    /* U+0126 "Ħ" */
    0x1, 0xff, 0x10, 0x0, 0x0, 0x2f, 0xf1, 0x0,
    0x1f, 0xf1, 0x0, 0x0, 0x2, 0xff, 0x10, 0xff,
    0xff, 0xff, 0xff, 0xff, 0xff, 0xff, 0xf9, 0xaf,
    0xf9, 0x99, 0x99, 0x9a, 0xff, 0x99, 0x1, 0xff,
    0x10, 0x0, 0x0, 0x2f, 0xf1, 0x0, 0x1f, 0xf1,
    0x0, 0x0, 0x2, 0xff, 0x10, 0x1, 0xff, 0xff,
    0xff, 0xff, 0xff, 0xf1, 0x0, 0x1f, 0xfe, 0xee,
    0xee, 0xee, 0xff, 0x10, 0x1, 0xff, 0x10, 0x0,
    0x0, 0x2f, 0xf1, 0x0, 0x1f, 0xf1, 0x0, 0x0,
    0x2, 0xff, 0x10, 0x1, 0xff, 0x10, 0x0, 0x0,
    0x2f, 0xf1, 0x0, 0x1f, 0xf1, 0x0, 0x0, 0x2,
    0xff, 0x10, 0x1, 0xff, 0x10, 0x0, 0x0, 0x2f,
    0xf1, 0x0, 0x1f, 0xf1, 0x0, 0x0, 0x2, 0xff,
    0x10,

    /* U+0127 "ħ" */
    0x5, 0xfc, 0x0, 0x0, 0x0, 0x6, 0xaf, 0xe8,
    0x88, 0x50, 0x0, 0xdf, 0xff, 0xff, 0xfb, 0x0,
    0x0, 0x5f, 0xc0, 0x0, 0x0, 0x0, 0x5, 0xfc,
    0x2b, 0xef, 0xc5, 0x0, 0x5f, 0xde, 0xec, 0xef,
    0xf5, 0x5, 0xff, 0xa0, 0x0, 0xaf, 0xc0, 0x5f,
    0xf2, 0x0, 0x3, 0xff, 0x5, 0xfe, 0x0, 0x0,
    0x1f, 0xf0, 0x5f, 0xc0, 0x0, 0x1, 0xff, 0x5,
    0xfc, 0x0, 0x0, 0x1f, 0xf0, 0x5f, 0xc0, 0x0,
    0x1, 0xff, 0x5, 0xfc, 0x0, 0x0, 0x1f, 0xf0,
    0x5f, 0xc0, 0x0, 0x1, 0xff, 0x5, 0xfc, 0x0,
    0x0, 0x1f, 0xf0,

    /* U+0128 "Ĩ" */
    0x0, 0x76, 0x0, 0x8, 0x10, 0xbf, 0xfc, 0x25,
    0xf0, 0x2f, 0x24, 0xef, 0xf8, 0x2, 0x70, 0x1,
    0x76, 0x0, 0x0, 0x0, 0x0, 0x0, 0x0, 0x3f,
    0xff, 0xff, 0x40, 0x0, 0x7d, 0xfd, 0x71, 0x0,
    0x0, 0x8f, 0xa0, 0x0, 0x0, 0x8, 0xfa, 0x0,
    0x0, 0x0, 0x8f, 0xa0, 0x0, 0x0, 0x8, 0xfa,
    0x0, 0x0, 0x0, 0x8f, 0xa0, 0x0, 0x0, 0x8,
    0xfa, 0x0, 0x0, 0x0, 0x8f, 0xa0, 0x0, 0x0,
    0x8, 0xfa, 0x0, 0x0, 0x0, 0x8f, 0xa0, 0x0,
    0x0, 0x8, 0xfa, 0x0, 0x0, 0x6, 0xdf, 0xd7,
    0x10, 0x3, 0xff, 0xff, 0xf4, 0x0,

    /* U+0129 "ĩ" */
    0x1, 0xcf, 0x80, 0xc, 0x60, 0xad, 0xaf, 0xda,
    0xf2, 0xf, 0x30, 0x3d, 0xe6, 0x0, 0x0, 0x0,
    0x0, 0x0, 0x0, 0x5, 0xfc, 0x0, 0x0, 0x0,
    0x5f, 0xc0, 0x0, 0x0, 0x5, 0xfc, 0x0, 0x0,
    0x0, 0x5f, 0xc0, 0x0, 0x0, 0x5, 0xfc, 0x0,
    0x0, 0x0, 0x5f, 0xc0, 0x0, 0x0, 0x5, 0xfc,
    0x0, 0x0, 0x0, 0x5f, 0xc0, 0x0, 0x0, 0x5,
    0xfc, 0x0, 0x0, 0x0, 0x5f, 0xc0, 0x0, 0x0,
    0x5, 0xfc, 0x0, 0x0,

    /* U+012A "Ī" */
    0x8f, 0xff, 0xff, 0x95, 0x99, 0x99, 0x95, 0x0,
    0x0, 0x0, 0x3, 0xff, 0xff, 0xf4, 0x7, 0xdf,
    0xd7, 0x10, 0x8, 0xfa, 0x0, 0x0, 0x8f, 0xa0,
    0x0, 0x8, 0xfa, 0x0, 0x0, 0x8f, 0xa0, 0x0,
    0x8, 0xfa, 0x0, 0x0, 0x8f, 0xa0, 0x0, 0x8,
    0xfa, 0x0, 0x0, 0x8f, 0xa0, 0x0, 0x8, 0xfa,
    0x0, 0x0, 0x8f, 0xa0, 0x0, 0x6d, 0xfd, 0x71,
    0x3f, 0xff, 0xff, 0x40,

    /* U+012B "ī" */
    0x39, 0x99, 0x99, 0x76, 0xff, 0xff, 0xfc, 0x0,
    0x0, 0x0, 0x0, 0x5, 0xfc, 0x0, 0x0, 0x5f,
    0xc0, 0x0, 0x5, 0xfc, 0x0, 0x0, 0x5f, 0xc0,
    0x0, 0x5, 0xfc, 0x0, 0x0, 0x5f, 0xc0, 0x0,
    0x5, 0xfc, 0x0, 0x0, 0x5f, 0xc0, 0x0, 0x5,
    0xfc, 0x0, 0x0, 0x5f, 0xc0, 0x0, 0x5, 0xfc,
    0x0,

    /* U+012C "Ĭ" */
    0x54, 0x0, 0x3, 0x68, 0xd2, 0x2, 0xca, 0x1e,
    0xff, 0xfe, 0x20, 0x17, 0x97, 0x10, 0x0, 0x0,
    0x0, 0x3, 0xff, 0xff, 0xf4, 0x7, 0xdf, 0xd7,
    0x10, 0x8, 0xfa, 0x0, 0x0, 0x8f, 0xa0, 0x0,
    0x8, 0xfa, 0x0, 0x0, 0x8f, 0xa0, 0x0, 0x8,
    0xfa, 0x0, 0x0, 0x8f, 0xa0, 0x0, 0x8, 0xfa,
    0x0, 0x0, 0x8f, 0xa0, 0x0, 0x8, 0xfa, 0x0,
    0x0, 0x8f, 0xa0, 0x0, 0x6d, 0xfd, 0x71, 0x3f,
    0xff, 0xff, 0x40,

    /* U+012D "ĭ" */
    0x7d, 0x0, 0x6, 0xf0, 0x2f, 0xda, 0xcf, 0x90,
    0x4, 0xcf, 0xe8, 0x0, 0x0, 0x0, 0x0, 0x0,
    0x0, 0x5f, 0xc0, 0x0, 0x0, 0x5f, 0xc0, 0x0,
    0x0, 0x5f, 0xc0, 0x0, 0x0, 0x5f, 0xc0, 0x0,
    0x0, 0x5f, 0xc0, 0x0, 0x0, 0x5f, 0xc0, 0x0,
    0x0, 0x5f, 0xc0, 0x0, 0x0, 0x5f, 0xc0, 0x0,
    0x0, 0x5f, 0xc0, 0x0, 0x0, 0x5f, 0xc0, 0x0,
    0x0, 0x5f, 0xc0, 0x0,

    /* U+012E "Į" */
    0x3f, 0xff, 0xff, 0x40, 0x7d, 0xfd, 0x71, 0x0,
    0x8f, 0xa0, 0x0, 0x8, 0xfa, 0x0, 0x0, 0x8f,
    0xa0, 0x0, 0x8, 0xfa, 0x0, 0x0, 0x8f, 0xa0,
    0x0, 0x8, 0xfa, 0x0, 0x0, 0x8f, 0xa0, 0x0,
    0x8, 0xfa, 0x0, 0x0, 0x8f, 0xa0, 0x0, 0x8,
    0xfa, 0x0, 0x6, 0xdf, 0xd7, 0x13, 0xff, 0xff,
    0xf4, 0x0, 0x2, 0xe5, 0x0, 0x0, 0xda, 0x0,
    0x0, 0x2f, 0x60, 0x0, 0x1, 0xfc, 0x62, 0x0,
    0x7, 0xef, 0x30,

    /* U+012F "į" */
    0x4, 0xfa, 0x0, 0x6f, 0xd0, 0x0, 0x62, 0x0,
    0x0, 0x0, 0x5, 0xfc, 0x0, 0x5f, 0xc0, 0x5,
    0xfc, 0x0, 0x5f, 0xc0, 0x5, 0xfc, 0x0, 0x5f,
    0xc0, 0x5, 0xfc, 0x0, 0x5f, 0xc0, 0x5, 0xfc,
    0x0, 0x5f, 0xc0, 0x5, 0xfd, 0x0, 0x4f, 0x30,
    0x1e, 0x80, 0x5, 0xf4, 0x0, 0x4f, 0xb6, 0x10,
    0x9f, 0xe1,

    /* U+0130 "İ" */
    0x0, 0x16, 0x10, 0x0, 0x9, 0xfb, 0x0, 0x0,
    0x6f, 0x70, 0x0, 0x0, 0x0, 0x0, 0x0, 0x0,
    0x0, 0x3, 0xff, 0xff, 0xf4, 0x7, 0xdf, 0xd7,
    0x10, 0x8, 0xfa, 0x0, 0x0, 0x8f, 0xa0, 0x0,
    0x8, 0xfa, 0x0, 0x0, 0x8f, 0xa0, 0x0, 0x8,
    0xfa, 0x0, 0x0, 0x8f, 0xa0, 0x0, 0x8, 0xfa,
    0x0, 0x0, 0x8f, 0xa0, 0x0, 0x8, 0xfa, 0x0,
    0x0, 0x8f, 0xa0, 0x0, 0x6d, 0xfd, 0x71, 0x3f,
    0xff, 0xff, 0x40,

    /* U+0131 "ı" */
    0x5f, 0xc5, 0xfc, 0x5f, 0xc5, 0xfc, 0x5f, 0xc5,
    0xfc, 0x5f, 0xc5, 0xfc, 0x5f, 0xc5, 0xfc, 0x5f,
    0xc0,

    /* U+0132 "Ĳ" */
    0x3f, 0xff, 0xff, 0x40, 0xf, 0xf2, 0x7, 0xdf,
    0xd7, 0x10, 0xf, 0xf2, 0x0, 0x8f, 0xa0, 0x0,
    0xf, 0xf2, 0x0, 0x8f, 0xa0, 0x0, 0xf, 0xf2,
    0x0, 0x8f, 0xa0, 0x0, 0xf, 0xf2, 0x0, 0x8f,
    0xa0, 0x0, 0xf, 0xf2, 0x0, 0x8f, 0xa0, 0x0,
    0xf, 0xf2, 0x0, 0x8f, 0xa0, 0x0, 0xf, 0xf2,
    0x0, 0x8f, 0xa0, 0x0, 0xf, 0xf2, 0x0, 0x8f,
    0xa0, 0x0, 0xf, 0xf2, 0x0, 0x8f, 0xa0, 0x0,
    0xf, 0xf2, 0x0, 0x8f, 0xa0, 0x0, 0xf, 0xf2,
    0x6, 0xdf, 0xd7, 0x10, 0xf, 0xf2, 0x3f, 0xff,
    0xff, 0x40, 0xf, 0xf1, 0x0, 0x0, 0x0, 0x0,
    0x2f, 0xf0, 0x0, 0x0, 0x0, 0x1, 0xaf, 0xd0,
    0x0, 0x0, 0x6, 0xff, 0xff, 0x40, 0x0, 0x0,
    0x4, 0xcd, 0xa3, 0x0,

    /* U+0133 "ĳ" */
    0x4f, 0xa0, 0x0, 0xce, 0x26, 0xfd, 0x0, 0xf,
    0xf4, 0x6, 0x20, 0x0, 0x45, 0x0, 0x0, 0x0,
    0x0, 0x0, 0x5f, 0xc0, 0x0, 0xef, 0x35, 0xfc,
    0x0, 0xe, 0xf3, 0x5f, 0xc0, 0x0, 0xef, 0x35,
    0xfc, 0x0, 0xe, 0xf3, 0x5f, 0xc0, 0x0, 0xef,
    0x35, 0xfc, 0x0, 0xe, 0xf3, 0x5f, 0xc0, 0x0,
    0xef, 0x35, 0xfc, 0x0, 0xe, 0xf3, 0x5f, 0xc0,
    0x0, 0xef, 0x35, 0xfc, 0x0, 0xe, 0xf3, 0x5f,
    0xc0, 0x0, 0xef, 0x30, 0x0, 0x0, 0xe, 0xf3,
    0x0, 0x0, 0x0, 0xef, 0x30, 0x0, 0x0, 0x2f,
    0xf1, 0x0, 0x9, 0xcf, 0xfb, 0x0, 0x0, 0x8f,
    0xea, 0x10,

    /* U+0134 "Ĵ" */
    0x0, 0x3, 0x87, 0x10, 0x0, 0x1, 0xef, 0xfb,
    0x0, 0x1, 0xde, 0x36, 0xfa, 0x0, 0x47, 0x10,
    0x3, 0x82, 0x0, 0x0, 0x0, 0x0, 0x0, 0x0,
    0x3f, 0xf0, 0x0, 0x0, 0x3, 0xff, 0x0, 0x0,
    0x0, 0x3f, 0xf0, 0x0, 0x0, 0x3, 0xff, 0x0,
    0x0, 0x0, 0x3f, 0xf0, 0x0, 0x0, 0x3, 0xff,
    0x0, 0x0, 0x0, 0x3f, 0xf0, 0x0, 0x0, 0x3,
    0xff, 0x0, 0x0, 0x0, 0x3f, 0xf0, 0x0, 0x0,
    0x3, 0xff, 0x0, 0x0, 0x0, 0x3f, 0xf0, 0x0,
    0x0, 0x3, 0xff, 0x0, 0x0, 0x0, 0x3f, 0xf0,
    0x0, 0x0, 0x3, 0xff, 0x0, 0x0, 0x0, 0x4f,
    0xe0, 0x0, 0x0, 0xa, 0xfb, 0x0, 0x8, 0xef,
    0xff, 0x40, 0x0, 0x7f, 0xfc, 0x40, 0x0, 0x0,

    /* U+0135 "ĵ" */
    0x0, 0xc, 0xff, 0x30, 0x0, 0xb, 0xf8, 0xde,
    0x20, 0x8, 0xc3, 0x1, 0x9b, 0x10, 0x0, 0x0,
    0x0, 0x0, 0x0, 0x5, 0xfc, 0x0, 0x0, 0x0,
    0x5f, 0xc0, 0x0, 0x0, 0x5, 0xfc, 0x0, 0x0,
    0x0, 0x5f, 0xc0, 0x0, 0x0, 0x5, 0xfc, 0x0,
    0x0, 0x0, 0x5f, 0xc0, 0x0, 0x0, 0x5, 0xfc,
    0x0, 0x0, 0x0, 0x5f, 0xc0, 0x0, 0x0, 0x5,
    0xfc, 0x0, 0x0, 0x0, 0x5f, 0xc0, 0x0, 0x0,
    0x5, 0xfc, 0x0, 0x0, 0x0, 0x5f, 0xc0, 0x0,
    0x0, 0x5, 0xfc, 0x0, 0x0, 0x0, 0x9f, 0xa0,
    0x0, 0x1d, 0xdf, 0xf4, 0x0, 0x0, 0xef, 0xd6,
    0x0, 0x0,

    /* U+0136 "Ķ" */
    0x1f, 0xf1, 0x0, 0x0, 0x7f, 0xe2, 0x1f, 0xf1,
    0x0, 0x5, 0xff, 0x30, 0x1f, 0xf1, 0x0, 0x3f,
    0xf4, 0x0, 0x1f, 0xf1, 0x2, 0xef, 0x50, 0x0,
    0x1f, 0xf1, 0x1d, 0xf7, 0x0, 0x0, 0x1f, 0xf1,
    0xcf, 0x90, 0x0, 0x0, 0x1f, 0xfb, 0xff, 0x40,
    0x0, 0x0, 0x1f, 0xff, 0xcf, 0xe1, 0x0, 0x0,
    0x1f, 0xf5, 0xd, 0xfb, 0x0, 0x0, 0x1f, 0xf1,
    0x2, 0xff, 0x60, 0x0, 0x1f, 0xf1, 0x0, 0x6f,
    0xf2, 0x0, 0x1f, 0xf1, 0x0, 0xa, 0xfd, 0x0,
    0x1f, 0xf1, 0x0, 0x1, 0xef, 0x90, 0x1f, 0xf1,
    0x0, 0x0, 0x3f, 0xf4, 0x0, 0x0, 0x0, 0x0,
    0x0, 0x0, 0x0, 0x0, 0x3, 0x30, 0x0, 0x0,
    0x0, 0x0, 0x1f, 0xe0, 0x0, 0x0, 0x0, 0x0,
    0x4f, 0x70, 0x0, 0x0, 0x0, 0x0, 0x9c, 0x0,
    0x0, 0x0,

    /* U+0137 "ķ" */
    0x5f, 0xc0, 0x0, 0x0, 0x0, 0x5, 0xfc, 0x0,
    0x0, 0x0, 0x0, 0x5f, 0xc0, 0x0, 0x0, 0x0,
    0x5, 0xfc, 0x0, 0x0, 0x0, 0x0, 0x5f, 0xc0,
    0x0, 0x3f, 0xf5, 0x5, 0xfc, 0x0, 0x2e, 0xf6,
    0x0, 0x5f, 0xc0, 0x1d, 0xf7, 0x0, 0x5, 0xfc,
    0xd, 0xf8, 0x0, 0x0, 0x5f, 0xbb, 0xfb, 0x0,
    0x0, 0x5, 0xff, 0xff, 0xe1, 0x0, 0x0, 0x5f,
    0xf8, 0xbf, 0xb0, 0x0, 0x5, 0xfc, 0x1, 0xef,
    0x70, 0x0, 0x5f, 0xc0, 0x4, 0xff, 0x30, 0x5,
    0xfc, 0x0, 0x8, 0xfe, 0x10, 0x5f, 0xc0, 0x0,
    0xc, 0xfb, 0x0, 0x0, 0x0, 0x0, 0x0, 0x0,
    0x0, 0x0, 0x33, 0x0, 0x0, 0x0, 0x0, 0x2f,
    0xd0, 0x0, 0x0, 0x0, 0x6, 0xf5, 0x0, 0x0,
    0x0, 0x0, 0xab, 0x0, 0x0, 0x0,

    /* U+0138 "ĸ" */
    0x5f, 0xd0, 0x0, 0x2f, 0xf5, 0x5, 0xfd, 0x0,
    0x1d, 0xf8, 0x0, 0x5f, 0xd0, 0xb, 0xfa, 0x0,
    0x5, 0xfd, 0x9, 0xfc, 0x0, 0x0, 0x5f, 0xc6,
    0xfe, 0x10, 0x0, 0x5, 0xfe, 0xff, 0xe1, 0x0,
    0x0, 0x5f, 0xfc, 0xaf, 0xc0, 0x0, 0x5, 0xfe,
    0x0, 0xdf, 0x80, 0x0, 0x5f, 0xd0, 0x3, 0xff,
    0x30, 0x5, 0xfd, 0x0, 0x7, 0xfe, 0x10, 0x5f,
    0xd0, 0x0, 0xc, 0xfb, 0x0,

    /* U+0139 "Ĺ" */
    0x0, 0x9f, 0xe1, 0x0, 0x0, 0x2, 0xfe, 0x20,
    0x0, 0x0, 0xc, 0xf3, 0x0, 0x0, 0x0, 0x28,
    0x20, 0x0, 0x0, 0x0, 0x0, 0x0, 0x0, 0x0,
    0x0, 0x2f, 0xf0, 0x0, 0x0, 0x0, 0x2f, 0xf0,
    0x0, 0x0, 0x0, 0x2f, 0xf0, 0x0, 0x0, 0x0,
    0x2f, 0xf0, 0x0, 0x0, 0x0, 0x2f, 0xf0, 0x0,
    0x0, 0x0, 0x2f, 0xf0, 0x0, 0x0, 0x0, 0x2f,
    0xf0, 0x0, 0x0, 0x0, 0x2f, 0xf0, 0x0, 0x0,
    0x0, 0x2f, 0xf0, 0x0, 0x0, 0x0, 0x2f, 0xf0,
    0x0, 0x0, 0x0, 0x2f, 0xf0, 0x0, 0x0, 0x0,
    0x2f, 0xf0, 0x0, 0x0, 0x0, 0x2f, 0xfe, 0xee,
    0xee, 0xe1, 0x2f, 0xff, 0xff, 0xff, 0xf2,

    /* U+013A "ĺ" */
    0x0, 0xcf, 0xc0, 0x5f, 0xd1, 0x1e, 0xd1, 0x3,
    0x71, 0x0, 0x0, 0x0, 0x5, 0xfc, 0x0, 0x5f,
    0xc0, 0x5, 0xfc, 0x0, 0x5f, 0xc0, 0x5, 0xfc,
    0x0, 0x5f, 0xc0, 0x5, 0xfc, 0x0, 0x5f, 0xc0,
    0x5, 0xfc, 0x0, 0x5f, 0xc0, 0x5, 0xfc, 0x0,
    0x5f, 0xc0, 0x5, 0xfc, 0x0, 0x5f, 0xc0, 0x5,
    0xfc, 0x0,

    /* U+013B "Ļ" */
    0x2f, 0xf0, 0x0, 0x0, 0x0, 0x2f, 0xf0, 0x0,
    0x0, 0x0, 0x2f, 0xf0, 0x0, 0x0, 0x0, 0x2f,
    0xf0, 0x0, 0x0, 0x0, 0x2f, 0xf0, 0x0, 0x0,
    0x0, 0x2f, 0xf0, 0x0, 0x0, 0x0, 0x2f, 0xf0,
    0x0, 0x0, 0x0, 0x2f, 0xf0, 0x0, 0x0, 0x0,
    0x2f, 0xf0, 0x0, 0x0, 0x0, 0x2f, 0xf0, 0x0,
    0x0, 0x0, 0x2f, 0xf0, 0x0, 0x0, 0x0, 0x2f,
    0xf0, 0x0, 0x0, 0x0, 0x2f, 0xfe, 0xee, 0xee,
    0xe1, 0x2f, 0xff, 0xff, 0xff, 0xf2, 0x0, 0x0,
    0x0, 0x0, 0x0, 0x0, 0x0, 0x23, 0x10, 0x0,
    0x0, 0x0, 0xbf, 0x30, 0x0, 0x0, 0x0, 0xfc,
    0x0, 0x0, 0x0, 0x4, 0xf2, 0x0, 0x0,

    /* U+013C "ļ" */
    0x5f, 0xc0, 0x5f, 0xc0, 0x5f, 0xc0, 0x5f, 0xc0,
    0x5f, 0xc0, 0x5f, 0xc0, 0x5f, 0xc0, 0x5f, 0xc0,
    0x5f, 0xc0, 0x5f, 0xc0, 0x5f, 0xc0, 0x5f, 0xc0,
    0x5f, 0xc0, 0x5f, 0xc0, 0x5f, 0xc0, 0x0, 0x0,
    0x3, 0x30, 0x1f, 0xe0, 0x4f, 0x60, 0x9c, 0x0,

    /* U+013D "Ľ" */
    0x2f, 0xf0, 0x0, 0xd, 0xf2, 0x2f, 0xf0, 0x0,
    0xf, 0xc0, 0x2f, 0xf0, 0x0, 0x4f, 0x30, 0x2f,
    0xf0, 0x0, 0x12, 0x0, 0x2f, 0xf0, 0x0, 0x0,
    0x0, 0x2f, 0xf0, 0x0, 0x0, 0x0, 0x2f, 0xf0,
    0x0, 0x0, 0x0, 0x2f, 0xf0, 0x0, 0x0, 0x0,
    0x2f, 0xf0, 0x0, 0x0, 0x0, 0x2f, 0xf0, 0x0,
    0x0, 0x0, 0x2f, 0xf0, 0x0, 0x0, 0x0, 0x2f,
    0xf0, 0x0, 0x0, 0x0, 0x2f, 0xfe, 0xee, 0xee,
    0xe1, 0x2f, 0xff, 0xff, 0xff, 0xf2,

    /* U+013E "ľ" */
    0x5f, 0xc0, 0xcf, 0x35, 0xfc, 0xf, 0xc0, 0x5f,
    0xc3, 0xf3, 0x5, 0xfc, 0x12, 0x0, 0x5f, 0xc0,
    0x0, 0x5, 0xfc, 0x0, 0x0, 0x5f, 0xc0, 0x0,
    0x5, 0xfc, 0x0, 0x0, 0x5f, 0xc0, 0x0, 0x5,
    0xfc, 0x0, 0x0, 0x5f, 0xc0, 0x0, 0x5, 0xfc,
    0x0, 0x0, 0x5f, 0xc0, 0x0, 0x5, 0xfc, 0x0,
    0x0, 0x5f, 0xc0, 0x0, 0x0,

    /* U+013F "Ŀ" */
    0x2f, 0xf0, 0x0, 0x0, 0x0, 0x2f, 0xf0, 0x0,
    0x0, 0x0, 0x2f, 0xf0, 0x0, 0x0, 0x0, 0x2f,
    0xf0, 0x0, 0x0, 0x0, 0x2f, 0xf0, 0x0, 0x0,
    0x0, 0x2f, 0xf0, 0x0, 0x54, 0x0, 0x2f, 0xf0,
    0x4, 0xff, 0x0, 0x2f, 0xf0, 0x1, 0xec, 0x0,
    0x2f, 0xf0, 0x0, 0x0, 0x0, 0x2f, 0xf0, 0x0,
    0x0, 0x0, 0x2f, 0xf0, 0x0, 0x0, 0x0, 0x2f,
    0xf0, 0x0, 0x0, 0x0, 0x2f, 0xfe, 0xee, 0xee,
    0xe1, 0x2f, 0xff, 0xff, 0xff, 0xf2,

    /* U+0140 "ŀ" */
    0x5f, 0xc0, 0x0, 0x5f, 0xc0, 0x0, 0x5f, 0xc0,
    0x0, 0x5f, 0xc0, 0x0, 0x5f, 0xc0, 0x0, 0x5f,
    0xc0, 0x0, 0x5f, 0xc4, 0xf9, 0x5f, 0xc7, 0xfc,
    0x5f, 0xc0, 0x62, 0x5f, 0xc0, 0x0, 0x5f, 0xc0,
    0x0, 0x5f, 0xc0, 0x0, 0x5f, 0xc0, 0x0, 0x5f,
    0xc0, 0x0, 0x5f, 0xc0, 0x0,

    /* U+0141 "Ł" */
    0x1, 0xff, 0x10, 0x0, 0x0, 0x0, 0x1f, 0xf1,
    0x0, 0x0, 0x0, 0x1, 0xff, 0x10, 0x0, 0x0,
    0x0, 0x1f, 0xf1, 0x0, 0x0, 0x0, 0x1, 0xff,
    0x10, 0x10, 0x0, 0x0, 0x1f, 0xf4, 0xcd, 0x0,
    0x0, 0x1, 0xff, 0xff, 0x80, 0x0, 0x0, 0x7f,
    0xfa, 0x10, 0x0, 0x0, 0x9f, 0xff, 0x10, 0x0,
    0x0, 0x2, 0x7f, 0xf1, 0x0, 0x0, 0x0, 0x1,
    0xff, 0x10, 0x0, 0x0, 0x0, 0x1f, 0xf1, 0x0,
    0x0, 0x0, 0x1, 0xff, 0xdd, 0xdd, 0xdd, 0x20,
    0x1f, 0xff, 0xff, 0xff, 0xf2,

    /* U+0142 "ł" */
    0x0, 0x7f, 0xb0, 0x0, 0x7, 0xfb, 0x0, 0x0,
    0x7f, 0xb0, 0x0, 0x7, 0xfb, 0x0, 0x0, 0x7f,
    0xb0, 0x0, 0x7, 0xfb, 0x10, 0x0, 0x7f, 0xef,
    0x40, 0x7, 0xff, 0xc2, 0x9, 0xff, 0xc0, 0x0,
    0xce, 0xfb, 0x0, 0x1, 0x7f, 0xb0, 0x0, 0x7,
    0xfb, 0x0, 0x0, 0x7f, 0xb0, 0x0, 0x7, 0xfb,
    0x0, 0x0, 0x7f, 0xb0, 0x0,

    /* U+0143 "Ń" */
    0x0, 0x0, 0x0, 0xc, 0xfc, 0x0, 0x0, 0x0,
    0x0, 0x5, 0xfd, 0x10, 0x0, 0x0, 0x0, 0x1,
    0xed, 0x10, 0x0, 0x0, 0x0, 0x0, 0x37, 0x10,
    0x0, 0x0, 0x0, 0x0, 0x0, 0x0, 0x0, 0x0,
    0x1, 0xff, 0xc0, 0x0, 0x0, 0x6, 0xfa, 0x1f,
    0xff, 0x70, 0x0, 0x0, 0x6f, 0xa1, 0xff, 0xff,
    0x10, 0x0, 0x6, 0xfa, 0x1f, 0xbb, 0xfb, 0x0,
    0x0, 0x6f, 0xa1, 0xfc, 0x1f, 0xf5, 0x0, 0x6,
    0xfa, 0x1f, 0xd0, 0x6f, 0xe0, 0x0, 0x6f, 0xa1,
    0xfd, 0x0, 0xcf, 0x90, 0x6, 0xfa, 0x1f, 0xd0,
    0x2, 0xff, 0x30, 0x5f, 0xa1, 0xfd, 0x0, 0x8,
    0xfc, 0x5, 0xfa, 0x1f, 0xd0, 0x0, 0xd, 0xf7,
    0x5f, 0xa1, 0xfd, 0x0, 0x0, 0x3f, 0xf6, 0xfa,
    0x1f, 0xd0, 0x0, 0x0, 0x9f, 0xef, 0xa1, 0xfd,
    0x0, 0x0, 0x0, 0xef, 0xfa, 0x1f, 0xd0, 0x0,
    0x0, 0x5, 0xff, 0xa0,

    /* U+0144 "ń" */
    0x0, 0x0, 0x4, 0xff, 0x40, 0x0, 0x0, 0x1e,
    0xf4, 0x0, 0x0, 0x0, 0xbd, 0x20, 0x0, 0x0,
    0x0, 0x0, 0x0, 0x0, 0x5f, 0x62, 0xbe, 0xfc,
    0x50, 0x5f, 0xcf, 0xec, 0xef, 0xf6, 0x5f, 0xfa,
    0x0, 0xa, 0xfc, 0x5f, 0xf1, 0x0, 0x3, 0xff,
    0x5f, 0xd0, 0x0, 0x2, 0xff, 0x5f, 0xc0, 0x0,
    0x2, 0xff, 0x5f, 0xc0, 0x0, 0x2, 0xff, 0x5f,
    0xc0, 0x0, 0x2, 0xff, 0x5f, 0xc0, 0x0, 0x2,
    0xff, 0x5f, 0xc0, 0x0, 0x2, 0xff, 0x5f, 0xc0,
    0x0, 0x2, 0xff,

    /* U+0145 "Ņ" */
    0x1f, 0xfc, 0x0, 0x0, 0x0, 0x6f, 0xa1, 0xff,
    0xf7, 0x0, 0x0, 0x6, 0xfa, 0x1f, 0xff, 0xf1,
    0x0, 0x0, 0x6f, 0xa1, 0xfb, 0xbf, 0xb0, 0x0,
    0x6, 0xfa, 0x1f, 0xc1, 0xff, 0x50, 0x0, 0x6f,
    0xa1, 0xfd, 0x6, 0xfe, 0x0, 0x6, 0xfa, 0x1f,
    0xd0, 0xc, 0xf9, 0x0, 0x6f, 0xa1, 0xfd, 0x0,
    0x2f, 0xf3, 0x5, 0xfa, 0x1f, 0xd0, 0x0, 0x8f,
    0xc0, 0x5f, 0xa1, 0xfd, 0x0, 0x0, 0xdf, 0x75,
    0xfa, 0x1f, 0xd0, 0x0, 0x3, 0xff, 0x6f, 0xa1,
    0xfd, 0x0, 0x0, 0x9, 0xfe, 0xfa, 0x1f, 0xd0,
    0x0, 0x0, 0xe, 0xff, 0xa1, 0xfd, 0x0, 0x0,
    0x0, 0x5f, 0xfa, 0x0, 0x0, 0x0, 0x0, 0x0,
    0x0, 0x0, 0x0, 0x0, 0x3, 0x30, 0x0, 0x0,
    0x0, 0x0, 0x0, 0xfe, 0x0, 0x0, 0x0, 0x0,
    0x0, 0x4f, 0x70, 0x0, 0x0, 0x0, 0x0, 0x8,
    0xd0, 0x0, 0x0, 0x0,

    /* U+0146 "ņ" */
    0x5f, 0x62, 0xbe, 0xfc, 0x50, 0x5f, 0xcf, 0xec,
    0xef, 0xf6, 0x5f, 0xfa, 0x0, 0xa, 0xfc, 0x5f,
    0xf1, 0x0, 0x3, 0xff, 0x5f, 0xd0, 0x0, 0x2,
    0xff, 0x5f, 0xc0, 0x0, 0x2, 0xff, 0x5f, 0xc0,
    0x0, 0x2, 0xff, 0x5f, 0xc0, 0x0, 0x2, 0xff,
    0x5f, 0xc0, 0x0, 0x2, 0xff, 0x5f, 0xc0, 0x0,
    0x2, 0xff, 0x5f, 0xc0, 0x0, 0x2, 0xff, 0x0,
    0x0, 0x0, 0x0, 0x0, 0x0, 0x0, 0x13, 0x20,
    0x0, 0x0, 0x0, 0x8f, 0x70, 0x0, 0x0, 0x0,
    0xbe, 0x10, 0x0, 0x0, 0x0, 0xf6, 0x0, 0x0,

    /* U+0147 "Ň" */
    0x0, 0x9, 0xe4, 0x0, 0xaf, 0x30, 0x0, 0x0,
    0xc, 0xf5, 0xbf, 0x50, 0x0, 0x0, 0x0, 0x1e,
    0xff, 0x90, 0x0, 0x0, 0x0, 0x0, 0x48, 0x70,
    0x0, 0x0, 0x0, 0x0, 0x0, 0x0, 0x0, 0x0,
    0x1, 0xff, 0xc0, 0x0, 0x0, 0x6, 0xfa, 0x1f,
    0xff, 0x70, 0x0, 0x0, 0x6f, 0xa1, 0xff, 0xff,
    0x10, 0x0, 0x6, 0xfa, 0x1f, 0xbb, 0xfb, 0x0,
    0x0, 0x6f, 0xa1, 0xfc, 0x1f, 0xf5, 0x0, 0x6,
    0xfa, 0x1f, 0xd0, 0x6f, 0xe0, 0x0, 0x6f, 0xa1,
    0xfd, 0x0, 0xcf, 0x90, 0x6, 0xfa, 0x1f, 0xd0,
    0x2, 0xff, 0x30, 0x5f, 0xa1, 0xfd, 0x0, 0x8,
    0xfc, 0x5, 0xfa, 0x1f, 0xd0, 0x0, 0xd, 0xf7,
    0x5f, 0xa1, 0xfd, 0x0, 0x0, 0x3f, 0xf6, 0xfa,
    0x1f, 0xd0, 0x0, 0x0, 0x9f, 0xef, 0xa1, 0xfd,
    0x0, 0x0, 0x0, 0xef, 0xfa, 0x1f, 0xd0, 0x0,
    0x0, 0x5, 0xff, 0xa0,

    /* U+0148 "ň" */
    0x1, 0xeb, 0x10, 0x4e, 0xa0, 0x0, 0x2e, 0xe9,
    0xfa, 0x0, 0x0, 0x3, 0xef, 0xc0, 0x0, 0x0,
    0x0, 0x0, 0x0, 0x0, 0x5f, 0x62, 0xbe, 0xfc,
    0x50, 0x5f, 0xcf, 0xec, 0xef, 0xf6, 0x5f, 0xfa,
    0x0, 0xa, 0xfc, 0x5f, 0xf1, 0x0, 0x3, 0xff,
    0x5f, 0xd0, 0x0, 0x2, 0xff, 0x5f, 0xc0, 0x0,
    0x2, 0xff, 0x5f, 0xc0, 0x0, 0x2, 0xff, 0x5f,
    0xc0, 0x0, 0x2, 0xff, 0x5f, 0xc0, 0x0, 0x2,
    0xff, 0x5f, 0xc0, 0x0, 0x2, 0xff, 0x5f, 0xc0,
    0x0, 0x2, 0xff,

    /* U+0149 "ŉ" */
    0x1f, 0xf2, 0x0, 0x0, 0x0, 0x0, 0x4, 0xfd,
    0x0, 0x0, 0x0, 0x0, 0x0, 0x7f, 0x80, 0x0,
    0x0, 0x0, 0x0, 0xa, 0xf2, 0xaf, 0x13, 0xcf,
    0xeb, 0x20, 0xec, 0xa, 0xf8, 0xff, 0xff, 0xff,
    0x20, 0x0, 0xaf, 0xfa, 0x21, 0x5f, 0xf8, 0x0,
    0xa, 0xfe, 0x0, 0x0, 0x9f, 0xa0, 0x0, 0xaf,
    0x90, 0x0, 0x6, 0xfb, 0x0, 0xa, 0xf8, 0x0,
    0x0, 0x6f, 0xb0, 0x0, 0xaf, 0x70, 0x0, 0x6,
    0xfb, 0x0, 0xa, 0xf7, 0x0, 0x0, 0x6f, 0xb0,
    0x0, 0xaf, 0x70, 0x0, 0x6, 0xfb, 0x0, 0xa,
    0xf7, 0x0, 0x0, 0x6f, 0xb0, 0x0, 0xaf, 0x70,
    0x0, 0x6, 0xfb,

    /* U+014A "Ŋ" */
    0x1f, 0xfd, 0x0, 0x0, 0x0, 0x6f, 0xa1, 0xff,
    0xf8, 0x0, 0x0, 0x6, 0xfa, 0x1f, 0xff, 0xf3,
    0x0, 0x0, 0x6f, 0xa1, 0xfb, 0xaf, 0xd0, 0x0,
    0x6, 0xfa, 0x1f, 0xc1, 0xef, 0x90, 0x0, 0x6f,
    0xa1, 0xfd, 0x4, 0xff, 0x40, 0x6, 0xfa, 0x1f,
    0xd0, 0x9, 0xfe, 0x10, 0x5f, 0xa1, 0xfd, 0x0,
    0xd, 0xfa, 0x5, 0xfa, 0x1f, 0xd0, 0x0, 0x3f,
    0xf5, 0x5f, 0xa1, 0xfd, 0x0, 0x0, 0x7f, 0xe6,
    0xfa, 0x1f, 0xd0, 0x0, 0x0, 0xcf, 0xef, 0xa1,
    0xfd, 0x0, 0x0, 0x2, 0xff, 0xfa, 0x1f, 0xd0,
    0x0, 0x0, 0x6, 0xff, 0xa1, 0xfd, 0x0, 0x0,
    0x0, 0xa, 0xfa, 0x0, 0x0, 0x0, 0x0, 0x0,
    0x6f, 0x90, 0x0, 0x0, 0x0, 0x0, 0x1c, 0xf6,
    0x0, 0x0, 0x0, 0xe, 0xdf, 0xfe, 0x10, 0x0,
    0x0, 0x0, 0xdf, 0xd9, 0x10,

    /* U+014B "ŋ" */
    0x5f, 0x63, 0xbf, 0xfc, 0x50, 0x5f, 0xdf, 0xc9,
    0xbf, 0xf6, 0x5f, 0xf7, 0x0, 0x8, 0xfd, 0x5f,
    0xf0, 0x0, 0x3, 0xff, 0x5f, 0xd0, 0x0, 0x2,
    0xff, 0x5f, 0xc0, 0x0, 0x2, 0xff, 0x5f, 0xc0,
    0x0, 0x2, 0xff, 0x5f, 0xc0, 0x0, 0x2, 0xff,
    0x5f, 0xc0, 0x0, 0x2, 0xff, 0x5f, 0xc0, 0x0,
    0x2, 0xff, 0x5f, 0xc0, 0x0, 0x2, 0xff, 0x0,
    0x0, 0x0, 0x2, 0xff, 0x0, 0x0, 0x0, 0x2,
    0xff, 0x0, 0x0, 0x0, 0x5, 0xfe, 0x0, 0x0,
    0x8, 0xcf, 0xf8, 0x0, 0x0, 0x8, 0xfe, 0x90,

    /* U+014C "Ō" */
    0x0, 0x2, 0x99, 0x99, 0x98, 0x0, 0x0, 0x0,
    0x3, 0xff, 0xff, 0xfe, 0x0, 0x0, 0x0, 0x0,
    0x0, 0x0, 0x0, 0x0, 0x0, 0x0, 0x0, 0x0,
    0x0, 0x0, 0x0, 0x0, 0x0, 0x4, 0xad, 0xfe,
    0xd8, 0x20, 0x0, 0x0, 0xaf, 0xff, 0xee, 0xff,
    0xf5, 0x0, 0x8, 0xff, 0x60, 0x0, 0x1a, 0xff,
    0x30, 0x2f, 0xf6, 0x0, 0x0, 0x0, 0xbf, 0xc0,
    0x7f, 0xd0, 0x0, 0x0, 0x0, 0x3f, 0xf2, 0xaf,
    0x90, 0x0, 0x0, 0x0, 0xe, 0xf5, 0xcf, 0x80,
    0x0, 0x0, 0x0, 0xd, 0xf7, 0xcf, 0x80, 0x0,
    0x0, 0x0, 0xd, 0xf7, 0xaf, 0x90, 0x0, 0x0,
    0x0, 0xe, 0xf5, 0x7f, 0xe0, 0x0, 0x0, 0x0,
    0x3f, 0xf2, 0x2f, 0xf6, 0x0, 0x0, 0x0, 0xbf,
    0xc0, 0x8, 0xff, 0x60, 0x0, 0x1a, 0xff, 0x30,
    0x0, 0xaf, 0xff, 0xee, 0xff, 0xf5, 0x0, 0x0,
    0x4, 0xad, 0xfe, 0xd8, 0x20, 0x0,

    /* U+014D "ō" */
    0x0, 0xff, 0xff, 0xff, 0x30, 0x0, 0x8, 0x99,
    0x99, 0x91, 0x0, 0x0, 0x0, 0x0, 0x0, 0x0,
    0x0, 0x5, 0xcf, 0xfc, 0x70, 0x0, 0x9, 0xff,
    0xdd, 0xff, 0xb0, 0x4, 0xff, 0x40, 0x2, 0xef,
    0x70, 0xaf, 0x90, 0x0, 0x6, 0xfe, 0xd, 0xf5,
    0x0, 0x0, 0x2f, 0xf1, 0xef, 0x40, 0x0, 0x0,
    0xff, 0x2d, 0xf5, 0x0, 0x0, 0x2f, 0xf1, 0xaf,
    0x90, 0x0, 0x6, 0xfe, 0x3, 0xff, 0x30, 0x1,
    0xdf, 0x80, 0x8, 0xff, 0xcb, 0xff, 0xc0, 0x0,
    0x5, 0xbe, 0xfd, 0x70, 0x0,

    /* U+014E "Ŏ" */
    0x0, 0x2, 0x70, 0x0, 0x18, 0x10, 0x0, 0x0,
    0x2, 0xfc, 0xab, 0xed, 0x0, 0x0, 0x0, 0x0,
    0x4c, 0xfe, 0xa2, 0x0, 0x0, 0x0, 0x0, 0x0,
    0x0, 0x0, 0x0, 0x0, 0x0, 0x0, 0x0, 0x0,
    0x0, 0x0, 0x0, 0x0, 0x4, 0xad, 0xfe, 0xd8,
    0x20, 0x0, 0x0, 0xaf, 0xff, 0xee, 0xff, 0xf5,
    0x0, 0x8, 0xff, 0x60, 0x0, 0x1a, 0xff, 0x30,
    0x2f, 0xf6, 0x0, 0x0, 0x0, 0xbf, 0xc0, 0x7f,
    0xd0, 0x0, 0x0, 0x0, 0x3f, 0xf2, 0xaf, 0x90,
    0x0, 0x0, 0x0, 0xe, 0xf5, 0xcf, 0x80, 0x0,
    0x0, 0x0, 0xd, 0xf7, 0xcf, 0x80, 0x0, 0x0,
    0x0, 0xd, 0xf7, 0xaf, 0x90, 0x0, 0x0, 0x0,
    0xe, 0xf5, 0x7f, 0xe0, 0x0, 0x0, 0x0, 0x3f,
    0xf2, 0x2f, 0xf6, 0x0, 0x0, 0x0, 0xbf, 0xc0,
    0x8, 0xff, 0x60, 0x0, 0x1a, 0xff, 0x30, 0x0,
    0xaf, 0xff, 0xee, 0xff, 0xf5, 0x0, 0x0, 0x4,
    0xad, 0xfe, 0xd8, 0x20, 0x0,

    /* U+014F "ŏ" */
    0x0, 0xf6, 0x0, 0x3f, 0x50, 0x0, 0x9, 0xff,
    0xff, 0xc0, 0x0, 0x0, 0x4, 0x89, 0x60, 0x0,
    0x0, 0x0, 0x0, 0x0, 0x0, 0x0, 0x0, 0x5c,
    0xff, 0xc7, 0x0, 0x0, 0x9f, 0xfd, 0xdf, 0xfb,
    0x0, 0x4f, 0xf4, 0x0, 0x2e, 0xf7, 0xa, 0xf9,
    0x0, 0x0, 0x6f, 0xe0, 0xdf, 0x50, 0x0, 0x2,
    0xff, 0x1e, 0xf4, 0x0, 0x0, 0xf, 0xf2, 0xdf,
    0x50, 0x0, 0x2, 0xff, 0x1a, 0xf9, 0x0, 0x0,
    0x6f, 0xe0, 0x3f, 0xf3, 0x0, 0x1d, 0xf8, 0x0,
    0x8f, 0xfc, 0xbf, 0xfc, 0x0, 0x0, 0x5b, 0xef,
    0xd7, 0x0, 0x0,

    /* U+0150 "Ő" */
    0x0, 0x0, 0x8f, 0xc0, 0xdf, 0x60, 0x0, 0x0,
    0x1, 0xfd, 0x17, 0xf8, 0x0, 0x0, 0x0, 0xb,
    0xd1, 0x2f, 0x80, 0x0, 0x0, 0x0, 0x3, 0x0,
    0x12, 0x0, 0x0, 0x0, 0x0, 0x0, 0x0, 0x0,
    0x0, 0x0, 0x0, 0x0, 0x4, 0xad, 0xfe, 0xd8,
    0x20, 0x0, 0x0, 0xaf, 0xff, 0xee, 0xff, 0xf5,
    0x0, 0x8, 0xff, 0x60, 0x0, 0x1a, 0xff, 0x30,
    0x2f, 0xf6, 0x0, 0x0, 0x0, 0xbf, 0xc0, 0x7f,
    0xd0, 0x0, 0x0, 0x0, 0x3f, 0xf2, 0xaf, 0x90,
    0x0, 0x0, 0x0, 0xe, 0xf5, 0xcf, 0x80, 0x0,
    0x0, 0x0, 0xd, 0xf7, 0xcf, 0x80, 0x0, 0x0,
    0x0, 0xd, 0xf7, 0xaf, 0x90, 0x0, 0x0, 0x0,
    0xe, 0xf5, 0x7f, 0xe0, 0x0, 0x0, 0x0, 0x3f,
    0xf2, 0x2f, 0xf6, 0x0, 0x0, 0x0, 0xbf, 0xc0,
    0x8, 0xff, 0x60, 0x0, 0x1a, 0xff, 0x30, 0x0,
    0xaf, 0xff, 0xee, 0xff, 0xf5, 0x0, 0x0, 0x4,
    0xad, 0xfe, 0xd8, 0x20, 0x0,

    /* U+0151 "ő" */
    0x0, 0x4f, 0xe1, 0x9f, 0xa0, 0x0, 0xc, 0xf3,
    0x3f, 0xc0, 0x0, 0x7, 0xf4, 0xc, 0xc0, 0x0,
    0x0, 0x21, 0x0, 0x30, 0x0, 0x0, 0x0, 0x5c,
    0xff, 0xc7, 0x0, 0x0, 0x9f, 0xfd, 0xdf, 0xfb,
    0x0, 0x4f, 0xf4, 0x0, 0x2e, 0xf7, 0xa, 0xf9,
    0x0, 0x0, 0x6f, 0xe0, 0xdf, 0x50, 0x0, 0x2,
    0xff, 0x1e, 0xf4, 0x0, 0x0, 0xf, 0xf2, 0xdf,
    0x50, 0x0, 0x2, 0xff, 0x1a, 0xf9, 0x0, 0x0,
    0x6f, 0xe0, 0x3f, 0xf3, 0x0, 0x1d, 0xf8, 0x0,
    0x8f, 0xfc, 0xbf, 0xfc, 0x0, 0x0, 0x5b, 0xef,
    0xd7, 0x0, 0x0,

    /* U+0152 "Œ" */
    0x0, 0x5, 0xbd, 0xff, 0xff, 0xff, 0xff, 0xff,
    0xa0, 0xa, 0xff, 0xff, 0xff, 0xff, 0xff, 0xff,
    0xfa, 0x9, 0xff, 0x93, 0x11, 0x5f, 0xf1, 0x11,
    0x11, 0x2, 0xff, 0x70, 0x0, 0x3, 0xff, 0x0,
    0x0, 0x0, 0x7f, 0xe0, 0x0, 0x0, 0x3f, 0xf0,
    0x0, 0x0, 0xa, 0xf9, 0x0, 0x0, 0x3, 0xff,
    0x0, 0x0, 0x0, 0xcf, 0x70, 0x0, 0x0, 0x3f,
    0xff, 0xff, 0xff, 0x4c, 0xf7, 0x0, 0x0, 0x3,
    0xff, 0xdd, 0xdd, 0xd3, 0xaf, 0x90, 0x0, 0x0,
    0x3f, 0xf0, 0x0, 0x0, 0x7, 0xfd, 0x0, 0x0,
    0x3, 0xff, 0x0, 0x0, 0x0, 0x2f, 0xf5, 0x0,
    0x0, 0x3f, 0xf0, 0x0, 0x0, 0x0, 0x9f, 0xf6,
    0x0, 0x3, 0xff, 0x0, 0x0, 0x0, 0x0, 0xaf,
    0xff, 0xee, 0xff, 0xfd, 0xdd, 0xdd, 0x80, 0x0,
    0x4a, 0xdf, 0xff, 0xff, 0xff, 0xff, 0xfa,

    /* U+0153 "œ" */
    0x0, 0x6c, 0xff, 0xc4, 0x0, 0x7d, 0xfe, 0xa1,
    0x0, 0xa, 0xff, 0xbb, 0xff, 0x7b, 0xfe, 0xad,
    0xfe, 0x10, 0x5f, 0xe2, 0x0, 0x2e, 0xff, 0xb0,
    0x0, 0xaf, 0xa0, 0xbf, 0x80, 0x0, 0x8, 0xff,
    0x30, 0x0, 0x2f, 0xf0, 0xef, 0x40, 0x0, 0x4,
    0xff, 0x99, 0x99, 0x9f, 0xf1, 0xff, 0x30, 0x0,
    0x3, 0xff, 0xff, 0xff, 0xff, 0xf2, 0xef, 0x50,
    0x0, 0x4, 0xff, 0x0, 0x0, 0x0, 0x0, 0xaf,
    0x80, 0x0, 0x8, 0xff, 0x40, 0x0, 0x0, 0x0,
    0x4f, 0xe3, 0x0, 0x3e, 0xff, 0xd1, 0x0, 0x1,
    0x30, 0x9, 0xff, 0xdc, 0xff, 0x8a, 0xff, 0xcc,
    0xdf, 0x90, 0x0, 0x5c, 0xff, 0xc5, 0x0, 0x6c,
    0xff, 0xea, 0x30,

    /* U+0154 "Ŕ" */
    0x0, 0x0, 0x2, 0xff, 0x50, 0x0, 0x0, 0x0,
    0xb, 0xf8, 0x0, 0x0, 0x0, 0x0, 0x6f, 0x90,
    0x0, 0x0, 0x0, 0x0, 0x66, 0x0, 0x0, 0x0,
    0x0, 0x0, 0x0, 0x0, 0x0, 0x0, 0x2f, 0xff,
    0xff, 0xea, 0x40, 0x0, 0x2f, 0xfc, 0xcd, 0xff,
    0xf7, 0x0, 0x2f, 0xf0, 0x0, 0x9, 0xff, 0x10,
    0x2f, 0xf0, 0x0, 0x1, 0xff, 0x30, 0x2f, 0xf0,
    0x0, 0x1, 0xff, 0x20, 0x2f, 0xf0, 0x0, 0xa,
    0xfd, 0x0, 0x2f, 0xfc, 0xcd, 0xff, 0xd1, 0x0,
    0x2f, 0xff, 0xff, 0xfb, 0x0, 0x0, 0x2f, 0xf0,
    0x2, 0xff, 0x20, 0x0, 0x2f, 0xf0, 0x0, 0x9f,
    0xb0, 0x0, 0x2f, 0xf0, 0x0, 0x1f, 0xf5, 0x0,
    0x2f, 0xf0, 0x0, 0x7, 0xfe, 0x0, 0x2f, 0xf0,
    0x0, 0x0, 0xef, 0x80, 0x2f, 0xf0, 0x0, 0x0,
    0x5f, 0xf2,

    /* U+0155 "ŕ" */
    0x0, 0x0, 0xaf, 0xc0, 0x0, 0x6, 0xfb, 0x0,
    0x0, 0x2e, 0x90, 0x0, 0x0, 0x0, 0x0, 0x0,
    0x5f, 0x61, 0x9e, 0xf1, 0x5f, 0x8c, 0xff, 0xf0,
    0x5f, 0xfe, 0x40, 0x0, 0x5f, 0xf3, 0x0, 0x0,
    0x5f, 0xd0, 0x0, 0x0, 0x5f, 0xc0, 0x0, 0x0,
    0x5f, 0xc0, 0x0, 0x0, 0x5f, 0xc0, 0x0, 0x0,
    0x5f, 0xc0, 0x0, 0x0, 0x5f, 0xc0, 0x0, 0x0,
    0x5f, 0xc0, 0x0, 0x0,

    /* U+0156 "Ŗ" */
    0x2f, 0xff, 0xff, 0xda, 0x30, 0x0, 0x2f, 0xfc,
    0xcd, 0xff, 0xf5, 0x0, 0x2f, 0xf0, 0x0, 0x1b,
    0xfe, 0x0, 0x2f, 0xf0, 0x0, 0x2, 0xff, 0x30,
    0x2f, 0xf0, 0x0, 0x0, 0xff, 0x30, 0x2f, 0xf0,
    0x0, 0x3, 0xff, 0x10, 0x2f, 0xf0, 0x1, 0x4d,
    0xf9, 0x0, 0x2f, 0xff, 0xff, 0xff, 0x90, 0x0,
    0x2f, 0xfc, 0xcd, 0xfb, 0x0, 0x0, 0x2f, 0xf0,
    0x1, 0xef, 0x60, 0x0, 0x2f, 0xf0, 0x0, 0x5f,
    0xf1, 0x0, 0x2f, 0xf0, 0x0, 0xb, 0xfb, 0x0,
    0x2f, 0xf0, 0x0, 0x1, 0xff, 0x60, 0x2f, 0xf0,
    0x0, 0x0, 0x6f, 0xf2, 0x0, 0x0, 0x0, 0x0,
    0x0, 0x0, 0x0, 0x0, 0x3, 0x30, 0x0, 0x0,
    0x0, 0x0, 0x2f, 0xd0, 0x0, 0x0, 0x0, 0x0,
    0x5f, 0x60, 0x0, 0x0, 0x0, 0x0, 0xac, 0x0,
    0x0, 0x0,

    /* U+0157 "ŗ" */
    0x5f, 0x61, 0x9e, 0xf1, 0x5f, 0x8c, 0xff, 0xf0,
    0x5f, 0xfe, 0x40, 0x0, 0x5f, 0xf3, 0x0, 0x0,
    0x5f, 0xd0, 0x0, 0x0, 0x5f, 0xc0, 0x0, 0x0,
    0x5f, 0xc0, 0x0, 0x0, 0x5f, 0xc0, 0x0, 0x0,
    0x5f, 0xc0, 0x0, 0x0, 0x5f, 0xc0, 0x0, 0x0,
    0x5f, 0xc0, 0x0, 0x0, 0x0, 0x0, 0x0, 0x0,
    0x3, 0x30, 0x0, 0x0, 0x2f, 0xd0, 0x0, 0x0,
    0x5f, 0x60, 0x0, 0x0, 0xac, 0x0, 0x0, 0x0,

    /* U+0158 "Ř" */
    0x1, 0xeb, 0x10, 0x2d, 0xc0, 0x0, 0x0, 0x3f,
    0xc4, 0xfe, 0x10, 0x0, 0x0, 0x6, 0xff, 0xf3,
    0x0, 0x0, 0x0, 0x0, 0x78, 0x50, 0x0, 0x0,
    0x0, 0x0, 0x0, 0x0, 0x0, 0x0, 0x2f, 0xff,
    0xff, 0xea, 0x40, 0x0, 0x2f, 0xfc, 0xcd, 0xff,
    0xf7, 0x0, 0x2f, 0xf0, 0x0, 0x9, 0xff, 0x10,
    0x2f, 0xf0, 0x0, 0x1, 0xff, 0x30, 0x2f, 0xf0,
    0x0, 0x1, 0xff, 0x20, 0x2f, 0xf0, 0x0, 0xa,
    0xfd, 0x0, 0x2f, 0xfc, 0xcd, 0xff, 0xd1, 0x0,
    0x2f, 0xff, 0xff, 0xfb, 0x0, 0x0, 0x2f, 0xf0,
    0x2, 0xff, 0x20, 0x0, 0x2f, 0xf0, 0x0, 0x9f,
    0xb0, 0x0, 0x2f, 0xf0, 0x0, 0x1f, 0xf5, 0x0,
    0x2f, 0xf0, 0x0, 0x7, 0xfe, 0x0, 0x2f, 0xf0,
    0x0, 0x0, 0xef, 0x80, 0x2f, 0xf0, 0x0, 0x0,
    0x5f, 0xf2,

    /* U+0159 "ř" */
    0x6f, 0x70, 0x9, 0xf4, 0x7, 0xfa, 0xdf, 0x40,
    0x0, 0x9f, 0xf6, 0x0, 0x0, 0x0, 0x0, 0x0,
    0x5f, 0x61, 0x9e, 0xf1, 0x5f, 0x8c, 0xff, 0xf0,
    0x5f, 0xfe, 0x40, 0x0, 0x5f, 0xf3, 0x0, 0x0,
    0x5f, 0xd0, 0x0, 0x0, 0x5f, 0xc0, 0x0, 0x0,
    0x5f, 0xc0, 0x0, 0x0, 0x5f, 0xc0, 0x0, 0x0,
    0x5f, 0xc0, 0x0, 0x0, 0x5f, 0xc0, 0x0, 0x0,
    0x5f, 0xc0, 0x0, 0x0,

    /* U+015A "Ś" */
    0x0, 0x0, 0x1e, 0xf8, 0x0, 0x0, 0x0, 0xaf,
    0x80, 0x0, 0x0, 0x7, 0xf6, 0x0, 0x0, 0x0,
    0x0, 0x0, 0x0, 0x0, 0x0, 0x0, 0x0, 0x0,
    0x0, 0x1, 0x8d, 0xfe, 0xd9, 0x30, 0x2e, 0xff,
    0xef, 0xff, 0x90, 0xaf, 0xc1, 0x0, 0x16, 0x20,
    0xdf, 0x50, 0x0, 0x0, 0x0, 0xbf, 0x80, 0x0,
    0x0, 0x0, 0x4f, 0xf9, 0x20, 0x0, 0x0, 0x5,
    0xef, 0xfb, 0x40, 0x0, 0x0, 0x7, 0xdf, 0xfb,
    0x10, 0x0, 0x0, 0x5, 0xef, 0xa0, 0x0, 0x0,
    0x0, 0x3f, 0xf0, 0x0, 0x0, 0x0, 0x1f, 0xf0,
    0x83, 0x0, 0x1, 0xaf, 0xd0, 0xff, 0xfe, 0xef,
    0xff, 0x30, 0x7b, 0xef, 0xfd, 0x92, 0x0,

    /* U+015B "ś" */
    0x0, 0x0, 0xa, 0xfc, 0x0, 0x0, 0x6, 0xfb,
    0x0, 0x0, 0x2, 0xe9, 0x0, 0x0, 0x0, 0x0,
    0x0, 0x0, 0x0, 0x6c, 0xef, 0xd9, 0x30, 0x9f,
    0xeb, 0xbd, 0xf5, 0xf, 0xf2, 0x0, 0x2, 0x0,
    0xef, 0x60, 0x0, 0x0, 0x6, 0xff, 0xd6, 0x0,
    0x0, 0x4, 0xbf, 0xff, 0x70, 0x0, 0x0, 0x29,
    0xff, 0x70, 0x0, 0x0, 0x6, 0xfc, 0x5, 0x0,
    0x0, 0x6f, 0xb0, 0xff, 0xcb, 0xcf, 0xf5, 0x7,
    0xcf, 0xfe, 0xb3, 0x0,

    /* U+015C "Ŝ" */
    0x0, 0xc, 0xff, 0x20, 0x0, 0x0, 0xaf, 0x9f,
    0xd1, 0x0, 0x9, 0xe5, 0x2, 0xcd, 0x10, 0x0,
    0x0, 0x0, 0x0, 0x0, 0x0, 0x0, 0x0, 0x0,
    0x0, 0x1, 0x8d, 0xfe, 0xd9, 0x30, 0x2e, 0xff,
    0xef, 0xff, 0x90, 0xaf, 0xc1, 0x0, 0x16, 0x20,
    0xdf, 0x50, 0x0, 0x0, 0x0, 0xbf, 0x80, 0x0,
    0x0, 0x0, 0x4f, 0xf9, 0x20, 0x0, 0x0, 0x5,
    0xef, 0xfb, 0x40, 0x0, 0x0, 0x7, 0xdf, 0xfb,
    0x10, 0x0, 0x0, 0x5, 0xef, 0xa0, 0x0, 0x0,
    0x0, 0x3f, 0xf0, 0x0, 0x0, 0x0, 0x1f, 0xf0,
    0x83, 0x0, 0x1, 0xaf, 0xd0, 0xff, 0xfe, 0xef,
    0xff, 0x30, 0x7b, 0xef, 0xfd, 0x92, 0x0,

    /* U+015D "ŝ" */
    0x0, 0xa, 0xff, 0x40, 0x0, 0x7, 0xfa, 0xdf,
    0x30, 0x6, 0xe6, 0x1, 0xae, 0x20, 0x0, 0x0,
    0x0, 0x0, 0x0, 0x6c, 0xef, 0xd9, 0x30, 0x9f,
    0xeb, 0xbd, 0xf5, 0xf, 0xf2, 0x0, 0x2, 0x0,
    0xef, 0x60, 0x0, 0x0, 0x6, 0xff, 0xd6, 0x0,
    0x0, 0x4, 0xbf, 0xff, 0x70, 0x0, 0x0, 0x29,
    0xff, 0x70, 0x0, 0x0, 0x6, 0xfc, 0x5, 0x0,
    0x0, 0x6f, 0xb0, 0xff, 0xcb, 0xcf, 0xf5, 0x7,
    0xcf, 0xfe, 0xb3, 0x0,

    /* U+015E "Ş" */
    0x1, 0x8d, 0xfe, 0xd9, 0x30, 0x2e, 0xff, 0xef,
    0xff, 0x90, 0xaf, 0xc1, 0x0, 0x16, 0x20, 0xdf,
    0x50, 0x0, 0x0, 0x0, 0xbf, 0x80, 0x0, 0x0,
    0x0, 0x4f, 0xf9, 0x20, 0x0, 0x0, 0x5, 0xef,
    0xfb, 0x40, 0x0, 0x0, 0x7, 0xdf, 0xfb, 0x10,
    0x0, 0x0, 0x5, 0xef, 0xa0, 0x0, 0x0, 0x0,
    0x3f, 0xf0, 0x0, 0x0, 0x0, 0x1f, 0xf0, 0x83,
    0x0, 0x1, 0xaf, 0xd0, 0xff, 0xfe, 0xef, 0xff,
    0x30, 0x7b, 0xef, 0xfd, 0x92, 0x0, 0x0, 0xa,
    0xa0, 0x0, 0x0, 0x0, 0xc, 0xf9, 0x0, 0x0,
    0x0, 0x0, 0x8f, 0x30, 0x0, 0x0, 0x44, 0xcf,
    0x10, 0x0, 0x0, 0xcf, 0xd5, 0x0, 0x0,

    /* U+015F "ş" */
    0x0, 0x6c, 0xef, 0xd9, 0x30, 0x9f, 0xeb, 0xbd,
    0xf5, 0xf, 0xf2, 0x0, 0x2, 0x0, 0xef, 0x60,
    0x0, 0x0, 0x6, 0xff, 0xd6, 0x0, 0x0, 0x4,
    0xbf, 0xff, 0x70, 0x0, 0x0, 0x29, 0xff, 0x70,
    0x0, 0x0, 0x6, 0xfc, 0x5, 0x0, 0x0, 0x6f,
    0xb0, 0xff, 0xcb, 0xcf, 0xf5, 0x7, 0xcf, 0xff,
    0xb3, 0x0, 0x0, 0xf, 0x50, 0x0, 0x0, 0x4,
    0xee, 0x50, 0x0, 0x0, 0x0, 0xdd, 0x0, 0x0,
    0x15, 0x5f, 0xb0, 0x0, 0x3, 0xff, 0xb2, 0x0,

    /* U+0160 "Š" */
    0xa, 0xe5, 0x1, 0xbe, 0x20, 0x0, 0xaf, 0x8e,
    0xe2, 0x0, 0x0, 0xc, 0xff, 0x30, 0x0, 0x0,
    0x0, 0x0, 0x0, 0x0, 0x0, 0x0, 0x0, 0x0,
    0x0, 0x1, 0x8d, 0xfe, 0xd9, 0x30, 0x2e, 0xff,
    0xef, 0xff, 0x90, 0xaf, 0xc1, 0x0, 0x16, 0x20,
    0xdf, 0x50, 0x0, 0x0, 0x0, 0xbf, 0x80, 0x0,
    0x0, 0x0, 0x4f, 0xf9, 0x20, 0x0, 0x0, 0x5,
    0xef, 0xfb, 0x40, 0x0, 0x0, 0x7, 0xdf, 0xfb,
    0x10, 0x0, 0x0, 0x5, 0xef, 0xa0, 0x0, 0x0,
    0x0, 0x3f, 0xf0, 0x0, 0x0, 0x0, 0x1f, 0xf0,
    0x83, 0x0, 0x1, 0xaf, 0xd0, 0xff, 0xfe, 0xef,
    0xff, 0x30, 0x7b, 0xef, 0xfd, 0x92, 0x0,

    /* U+0161 "š" */
    0x6, 0xf7, 0x0, 0x9f, 0x40, 0x7, 0xfa, 0xdf,
    0x40, 0x0, 0x9, 0xff, 0x60, 0x0, 0x0, 0x0,
    0x0, 0x0, 0x0, 0x6c, 0xef, 0xd9, 0x30, 0x9f,
    0xeb, 0xbd, 0xf5, 0xf, 0xf2, 0x0, 0x2, 0x0,
    0xef, 0x60, 0x0, 0x0, 0x6, 0xff, 0xd6, 0x0,
    0x0, 0x4, 0xbf, 0xff, 0x70, 0x0, 0x0, 0x29,
    0xff, 0x70, 0x0, 0x0, 0x6, 0xfc, 0x5, 0x0,
    0x0, 0x6f, 0xb0, 0xff, 0xcb, 0xcf, 0xf5, 0x7,
    0xcf, 0xfe, 0xb3, 0x0,

    /* U+0162 "Ţ" */
    0xbf, 0xff, 0xff, 0xff, 0xff, 0xfa, 0xdd, 0xde,
    0xff, 0xdd, 0xdd, 0x0, 0x0, 0x7f, 0xb0, 0x0,
    0x0, 0x0, 0x7, 0xfb, 0x0, 0x0, 0x0, 0x0,
    0x7f, 0xb0, 0x0, 0x0, 0x0, 0x7, 0xfb, 0x0,
    0x0, 0x0, 0x0, 0x7f, 0xb0, 0x0, 0x0, 0x0,
    0x7, 0xfb, 0x0, 0x0, 0x0, 0x0, 0x7f, 0xb0,
    0x0, 0x0, 0x0, 0x7, 0xfb, 0x0, 0x0, 0x0,
    0x0, 0x7f, 0xb0, 0x0, 0x0, 0x0, 0x7, 0xfb,
    0x0, 0x0, 0x0, 0x0, 0x7f, 0xb0, 0x0, 0x0,
    0x0, 0x7, 0xfb, 0x0, 0x0, 0x0, 0x0, 0x2f,
    0x20, 0x0, 0x0, 0x0, 0x7, 0xfb, 0x20, 0x0,
    0x0, 0x0, 0x2, 0xf9, 0x0, 0x0, 0x0, 0x24,
    0x7f, 0x80, 0x0, 0x0, 0x6, 0xfe, 0xa0, 0x0,
    0x0,

    /* U+0163 "ţ" */
    0x0, 0x8f, 0x0, 0x0, 0x0, 0xef, 0x0, 0x0,
    0x4d, 0xff, 0xff, 0xf1, 0x6a, 0xff, 0xaa, 0xa0,
    0x2, 0xff, 0x0, 0x0, 0x2, 0xff, 0x0, 0x0,
    0x2, 0xff, 0x0, 0x0, 0x2, 0xff, 0x0, 0x0,
    0x2, 0xff, 0x0, 0x0, 0x2, 0xff, 0x0, 0x0,
    0x0, 0xff, 0x30, 0x0, 0x0, 0xbf, 0xfc, 0xd2,
    0x0, 0x1a, 0xff, 0xd1, 0x0, 0x2, 0xf3, 0x0,
    0x0, 0x5, 0xed, 0x40, 0x0, 0x0, 0x1f, 0xb0,
    0x0, 0x24, 0x6f, 0x90, 0x0, 0x4f, 0xea, 0x10,

    /* U+0164 "Ť" */
    0x0, 0xbe, 0x30, 0xb, 0xf2, 0x0, 0x1, 0xdf,
    0x4c, 0xf4, 0x0, 0x0, 0x2, 0xff, 0xf7, 0x0,
    0x0, 0x0, 0x4, 0x87, 0x0, 0x0, 0x0, 0x0,
    0x0, 0x0, 0x0, 0xb, 0xff, 0xff, 0xff, 0xff,
    0xff, 0xad, 0xdd, 0xef, 0xfd, 0xdd, 0xd0, 0x0,
    0x7, 0xfb, 0x0, 0x0, 0x0, 0x0, 0x7f, 0xb0,
    0x0, 0x0, 0x0, 0x7, 0xfb, 0x0, 0x0, 0x0,
    0x0, 0x7f, 0xb0, 0x0, 0x0, 0x0, 0x7, 0xfb,
    0x0, 0x0, 0x0, 0x0, 0x7f, 0xb0, 0x0, 0x0,
    0x0, 0x7, 0xfb, 0x0, 0x0, 0x0, 0x0, 0x7f,
    0xb0, 0x0, 0x0, 0x0, 0x7, 0xfb, 0x0, 0x0,
    0x0, 0x0, 0x7f, 0xb0, 0x0, 0x0, 0x0, 0x7,
    0xfb, 0x0, 0x0, 0x0, 0x0, 0x7f, 0xb0, 0x0,
    0x0,

    /* U+0165 "ť" */
    0x0, 0x0, 0x0, 0x2, 0xfd, 0x0, 0x0, 0x0,
    0x5, 0xf6, 0x0, 0x8f, 0x0, 0x9, 0xd0, 0x0,
    0xef, 0x0, 0x2, 0x10, 0x4d, 0xff, 0xff, 0xf1,
    0x0, 0x6a, 0xff, 0xaa, 0xa0, 0x0, 0x2, 0xff,
    0x0, 0x0, 0x0, 0x2, 0xff, 0x0, 0x0, 0x0,
    0x2, 0xff, 0x0, 0x0, 0x0, 0x2, 0xff, 0x0,
    0x0, 0x0, 0x2, 0xff, 0x0, 0x0, 0x0, 0x2,
    0xff, 0x0, 0x0, 0x0, 0x0, 0xff, 0x30, 0x0,
    0x0, 0x0, 0xbf, 0xfc, 0xd2, 0x0, 0x0, 0x1a,
    0xff, 0xd1, 0x0,

    /* U+0166 "Ŧ" */
    0xbf, 0xff, 0xff, 0xff, 0xff, 0xfa, 0xee, 0xee,
    0xff, 0xee, 0xed, 0x0, 0x0, 0x7f, 0xb0, 0x0,
    0x0, 0x0, 0x7, 0xfb, 0x0, 0x0, 0x0, 0x0,
    0x7f, 0xb0, 0x0, 0x0, 0x0, 0x7, 0xfb, 0x0,
    0x0, 0x4, 0xff, 0xff, 0xff, 0xf8, 0x0, 0x3c,
    0xce, 0xfe, 0xcc, 0x60, 0x0, 0x0, 0x7f, 0xb0,
    0x0, 0x0, 0x0, 0x7, 0xfb, 0x0, 0x0, 0x0,
    0x0, 0x7f, 0xb0, 0x0, 0x0, 0x0, 0x7, 0xfb,
    0x0, 0x0, 0x0, 0x0, 0x7f, 0xb0, 0x0, 0x0,
    0x0, 0x7, 0xfb, 0x0, 0x0,

    /* U+0167 "ŧ" */
    0x0, 0x37, 0x0, 0x0, 0x0, 0xaf, 0x0, 0x0,
    0x0, 0xef, 0x0, 0x0, 0x5e, 0xff, 0xff, 0xf1,
    0x6a, 0xff, 0xaa, 0xa0, 0x2, 0xff, 0x0, 0x0,
    0x2, 0xff, 0x0, 0x0, 0x7f, 0xff, 0xff, 0xc0,
    0x39, 0xff, 0x88, 0x60, 0x2, 0xff, 0x0, 0x0,
    0x2, 0xff, 0x0, 0x0, 0x0, 0xff, 0x30, 0x0,
    0x0, 0xcf, 0xfb, 0xd2, 0x0, 0x1a, 0xff, 0xd1,

    /* U+0168 "Ũ" */
    0x0, 0x2, 0x76, 0x10, 0x28, 0x0, 0x0, 0x1f,
    0xff, 0xfa, 0xdb, 0x0, 0x0, 0x6d, 0x13, 0xae,
    0xc2, 0x0, 0x0, 0x0, 0x0, 0x0, 0x0, 0x0,
    0x0, 0x0, 0x0, 0x0, 0x0, 0x0, 0x3f, 0xf0,
    0x0, 0x0, 0x2, 0xff, 0x3f, 0xf0, 0x0, 0x0,
    0x2, 0xff, 0x3f, 0xf0, 0x0, 0x0, 0x2, 0xff,
    0x3f, 0xf0, 0x0, 0x0, 0x2, 0xff, 0x3f, 0xf0,
    0x0, 0x0, 0x2, 0xff, 0x3f, 0xf0, 0x0, 0x0,
    0x2, 0xff, 0x3f, 0xf0, 0x0, 0x0, 0x2, 0xff,
    0x3f, 0xf0, 0x0, 0x0, 0x2, 0xff, 0x3f, 0xf0,
    0x0, 0x0, 0x2, 0xff, 0x2f, 0xf0, 0x0, 0x0,
    0x4, 0xfe, 0xf, 0xf5, 0x0, 0x0, 0x9, 0xfb,
    0x9, 0xfe, 0x40, 0x0, 0x6f, 0xf5, 0x0, 0xcf,
    0xff, 0xef, 0xff, 0x80, 0x0, 0x7, 0xcf, 0xfe,
    0xa4, 0x0,

    /* U+0169 "ũ" */
    0x0, 0x6e, 0xd4, 0x3, 0xf0, 0x1, 0xfb, 0xdf,
    0xad, 0xb0, 0x5, 0xd0, 0x8, 0xfc, 0x20, 0x0,
    0x0, 0x0, 0x0, 0x0, 0x7f, 0xb0, 0x0, 0x3,
    0xfe, 0x7f, 0xb0, 0x0, 0x3, 0xfe, 0x7f, 0xb0,
    0x0, 0x3, 0xfe, 0x7f, 0xb0, 0x0, 0x3, 0xfe,
    0x7f, 0xb0, 0x0, 0x3, 0xfe, 0x7f, 0xb0, 0x0,
    0x3, 0xfe, 0x7f, 0xb0, 0x0, 0x4, 0xfe, 0x7f,
    0xc0, 0x0, 0x7, 0xfe, 0x4f, 0xf1, 0x0, 0x1e,
    0xfe, 0xd, 0xfe, 0x99, 0xed, 0xfe, 0x1, 0x9d,
    0xfe, 0x91, 0xee,

    /* U+016A "Ū" */
    0x0, 0x6, 0x99, 0x99, 0x94, 0x0, 0x0, 0xb,
    0xff, 0xff, 0xf7, 0x0, 0x0, 0x0, 0x0, 0x0,
    0x0, 0x0, 0x0, 0x0, 0x0, 0x0, 0x0, 0x0,
    0x3f, 0xf0, 0x0, 0x0, 0x2, 0xff, 0x3f, 0xf0,
    0x0, 0x0, 0x2, 0xff, 0x3f, 0xf0, 0x0, 0x0,
    0x2, 0xff, 0x3f, 0xf0, 0x0, 0x0, 0x2, 0xff,
    0x3f, 0xf0, 0x0, 0x0, 0x2, 0xff, 0x3f, 0xf0,
    0x0, 0x0, 0x2, 0xff, 0x3f, 0xf0, 0x0, 0x0,
    0x2, 0xff, 0x3f, 0xf0, 0x0, 0x0, 0x2, 0xff,
    0x3f, 0xf0, 0x0, 0x0, 0x2, 0xff, 0x2f, 0xf0,
    0x0, 0x0, 0x4, 0xfe, 0xf, 0xf5, 0x0, 0x0,
    0x9, 0xfb, 0x9, 0xfe, 0x40, 0x0, 0x6f, 0xf5,
    0x0, 0xcf, 0xff, 0xef, 0xff, 0x80, 0x0, 0x7,
    0xcf, 0xfe, 0xa4, 0x0,

    /* U+016B "ū" */
    0x0, 0x79, 0x99, 0x99, 0x30, 0x0, 0xcf, 0xff,
    0xff, 0x50, 0x0, 0x0, 0x0, 0x0, 0x0, 0x7f,
    0xb0, 0x0, 0x3, 0xfe, 0x7f, 0xb0, 0x0, 0x3,
    0xfe, 0x7f, 0xb0, 0x0, 0x3, 0xfe, 0x7f, 0xb0,
    0x0, 0x3, 0xfe, 0x7f, 0xb0, 0x0, 0x3, 0xfe,
    0x7f, 0xb0, 0x0, 0x3, 0xfe, 0x7f, 0xb0, 0x0,
    0x4, 0xfe, 0x7f, 0xc0, 0x0, 0x7, 0xfe, 0x4f,
    0xf1, 0x0, 0x1e, 0xfe, 0xd, 0xfe, 0x99, 0xed,
    0xfe, 0x1, 0x9d, 0xfe, 0x91, 0xee,

    /* U+016C "Ŭ" */
    0x0, 0x6, 0x30, 0x0, 0x55, 0x0, 0x0, 0x9,
    0xfa, 0xac, 0xf6, 0x0, 0x0, 0x0, 0x9e, 0xfd,
    0x60, 0x0, 0x0, 0x0, 0x0, 0x0, 0x0, 0x0,
    0x0, 0x0, 0x0, 0x0, 0x0, 0x0, 0x3f, 0xf0,
    0x0, 0x0, 0x2, 0xff, 0x3f, 0xf0, 0x0, 0x0,
    0x2, 0xff, 0x3f, 0xf0, 0x0, 0x0, 0x2, 0xff,
    0x3f, 0xf0, 0x0, 0x0, 0x2, 0xff, 0x3f, 0xf0,
    0x0, 0x0, 0x2, 0xff, 0x3f, 0xf0, 0x0, 0x0,
    0x2, 0xff, 0x3f, 0xf0, 0x0, 0x0, 0x2, 0xff,
    0x3f, 0xf0, 0x0, 0x0, 0x2, 0xff, 0x3f, 0xf0,
    0x0, 0x0, 0x2, 0xff, 0x2f, 0xf0, 0x0, 0x0,
    0x4, 0xfe, 0xf, 0xf5, 0x0, 0x0, 0x9, 0xfb,
    0x9, 0xfe, 0x40, 0x0, 0x6f, 0xf5, 0x0, 0xcf,
    0xff, 0xef, 0xff, 0x80, 0x0, 0x7, 0xcf, 0xfe,
    0xa4, 0x0,

    /* U+016D "ŭ" */
    0x0, 0xe6, 0x0, 0xc, 0x80, 0x0, 0x8f, 0xba,
    0xdf, 0x20, 0x0, 0x8, 0xef, 0xc4, 0x0, 0x0,
    0x0, 0x0, 0x0, 0x0, 0x7f, 0xb0, 0x0, 0x3,
    0xfe, 0x7f, 0xb0, 0x0, 0x3, 0xfe, 0x7f, 0xb0,
    0x0, 0x3, 0xfe, 0x7f, 0xb0, 0x0, 0x3, 0xfe,
    0x7f, 0xb0, 0x0, 0x3, 0xfe, 0x7f, 0xb0, 0x0,
    0x3, 0xfe, 0x7f, 0xb0, 0x0, 0x4, 0xfe, 0x7f,
    0xc0, 0x0, 0x7, 0xfe, 0x4f, 0xf1, 0x0, 0x1e,
    0xfe, 0xd, 0xfe, 0x99, 0xed, 0xfe, 0x1, 0x9d,
    0xfe, 0x91, 0xee,

    /* U+016E "Ů" */
    0x0, 0x0, 0x3c, 0xea, 0x0, 0x0, 0x0, 0x0,
    0xd8, 0x3d, 0x70, 0x0, 0x0, 0x0, 0xe6, 0xc,
    0x80, 0x0, 0x0, 0x0, 0x5f, 0xfd, 0x10, 0x0,
    0x0, 0x0, 0x0, 0x10, 0x0, 0x0, 0x0, 0x0,
    0x0, 0x0, 0x0, 0x0, 0x3f, 0xf0, 0x0, 0x0,
    0x2, 0xff, 0x3f, 0xf0, 0x0, 0x0, 0x2, 0xff,
    0x3f, 0xf0, 0x0, 0x0, 0x2, 0xff, 0x3f, 0xf0,
    0x0, 0x0, 0x2, 0xff, 0x3f, 0xf0, 0x0, 0x0,
    0x2, 0xff, 0x3f, 0xf0, 0x0, 0x0, 0x2, 0xff,
    0x3f, 0xf0, 0x0, 0x0, 0x2, 0xff, 0x3f, 0xf0,
    0x0, 0x0, 0x2, 0xff, 0x3f, 0xf0, 0x0, 0x0,
    0x2, 0xff, 0x2f, 0xf0, 0x0, 0x0, 0x4, 0xfe,
    0xf, 0xf5, 0x0, 0x0, 0x9, 0xfb, 0x9, 0xfe,
    0x40, 0x0, 0x6f, 0xf5, 0x0, 0xcf, 0xff, 0xef,
    0xff, 0x80, 0x0, 0x7, 0xcf, 0xfe, 0xa4, 0x0,

    /* U+016F "ů" */
    0x0, 0x2, 0xce, 0x80, 0x0, 0x0, 0xc, 0x93,
    0xf5, 0x0, 0x0, 0xf, 0x30, 0xb8, 0x0, 0x0,
    0xd, 0x71, 0xe6, 0x0, 0x0, 0x4, 0xff, 0xb0,
    0x0, 0x0, 0x0, 0x1, 0x0, 0x0, 0x7f, 0xb0,
    0x0, 0x3, 0xfe, 0x7f, 0xb0, 0x0, 0x3, 0xfe,
    0x7f, 0xb0, 0x0, 0x3, 0xfe, 0x7f, 0xb0, 0x0,
    0x3, 0xfe, 0x7f, 0xb0, 0x0, 0x3, 0xfe, 0x7f,
    0xb0, 0x0, 0x3, 0xfe, 0x7f, 0xb0, 0x0, 0x4,
    0xfe, 0x7f, 0xc0, 0x0, 0x7, 0xfe, 0x4f, 0xf1,
    0x0, 0x1e, 0xfe, 0xd, 0xfe, 0x99, 0xed, 0xfe,
    0x1, 0x9d, 0xfe, 0x91, 0xee,

    /* U+0170 "Ű" */
    0x0, 0x0, 0xef, 0x45, 0xfd, 0x0, 0x0, 0x8,
    0xf7, 0xd, 0xe2, 0x0, 0x0, 0x3f, 0x70, 0x8e,
    0x30, 0x0, 0x0, 0x12, 0x0, 0x21, 0x0, 0x0,
    0x0, 0x0, 0x0, 0x0, 0x0, 0x0, 0x3f, 0xf0,
    0x0, 0x0, 0x2, 0xff, 0x3f, 0xf0, 0x0, 0x0,
    0x2, 0xff, 0x3f, 0xf0, 0x0, 0x0, 0x2, 0xff,
    0x3f, 0xf0, 0x0, 0x0, 0x2, 0xff, 0x3f, 0xf0,
    0x0, 0x0, 0x2, 0xff, 0x3f, 0xf0, 0x0, 0x0,
    0x2, 0xff, 0x3f, 0xf0, 0x0, 0x0, 0x2, 0xff,
    0x3f, 0xf0, 0x0, 0x0, 0x2, 0xff, 0x3f, 0xf0,
    0x0, 0x0, 0x2, 0xff, 0x2f, 0xf0, 0x0, 0x0,
    0x4, 0xfe, 0xf, 0xf5, 0x0, 0x0, 0x9, 0xfb,
    0x9, 0xfe, 0x40, 0x0, 0x6f, 0xf5, 0x0, 0xcf,
    0xff, 0xef, 0xff, 0x80, 0x0, 0x7, 0xcf, 0xfe,
    0xa4, 0x0,

    /* U+0171 "ű" */
    0x0, 0x1f, 0xf3, 0x7f, 0xc0, 0x0, 0xaf, 0x51,
    0xed, 0x10, 0x4, 0xf6, 0xa, 0xd2, 0x0, 0x1,
    0x20, 0x3, 0x10, 0x0, 0x7f, 0xb0, 0x0, 0x3,
    0xfe, 0x7f, 0xb0, 0x0, 0x3, 0xfe, 0x7f, 0xb0,
    0x0, 0x3, 0xfe, 0x7f, 0xb0, 0x0, 0x3, 0xfe,
    0x7f, 0xb0, 0x0, 0x3, 0xfe, 0x7f, 0xb0, 0x0,
    0x3, 0xfe, 0x7f, 0xb0, 0x0, 0x4, 0xfe, 0x7f,
    0xc0, 0x0, 0x7, 0xfe, 0x4f, 0xf1, 0x0, 0x1e,
    0xfe, 0xd, 0xfe, 0x99, 0xed, 0xfe, 0x1, 0x9d,
    0xfe, 0x91, 0xee,

    /* U+0172 "Ų" */
    0x3f, 0xf0, 0x0, 0x0, 0x2, 0xff, 0x3f, 0xf0,
    0x0, 0x0, 0x2, 0xff, 0x3f, 0xf0, 0x0, 0x0,
    0x2, 0xff, 0x3f, 0xf0, 0x0, 0x0, 0x2, 0xff,
    0x3f, 0xf0, 0x0, 0x0, 0x2, 0xff, 0x3f, 0xf0,
    0x0, 0x0, 0x2, 0xff, 0x3f, 0xf0, 0x0, 0x0,
    0x2, 0xff, 0x3f, 0xf0, 0x0, 0x0, 0x2, 0xff,
    0x3f, 0xf0, 0x0, 0x0, 0x2, 0xff, 0x2f, 0xf0,
    0x0, 0x0, 0x4, 0xff, 0xf, 0xf5, 0x0, 0x0,
    0x9, 0xfd, 0x9, 0xfe, 0x40, 0x0, 0x6f, 0xf9,
    0x0, 0xcf, 0xff, 0xef, 0xff, 0xe1, 0x0, 0x7,
    0xcf, 0xfe, 0xff, 0x30, 0x0, 0x0, 0x0, 0x8,
    0xf5, 0x0, 0x0, 0x0, 0x0, 0xf, 0xb0, 0x0,
    0x0, 0x0, 0x0, 0x2f, 0x70, 0x0, 0x0, 0x0,
    0x0, 0x1f, 0xc6, 0x20, 0x0, 0x0, 0x0, 0x6,
    0xef, 0x30,

    /* U+0173 "ų" */
    0x7f, 0xb0, 0x0, 0x3, 0xfe, 0x7, 0xfb, 0x0,
    0x0, 0x3f, 0xe0, 0x7f, 0xb0, 0x0, 0x3, 0xfe,
    0x7, 0xfb, 0x0, 0x0, 0x3f, 0xe0, 0x7f, 0xb0,
    0x0, 0x3, 0xfe, 0x7, 0xfb, 0x0, 0x0, 0x3f,
    0xe0, 0x7f, 0xb0, 0x0, 0x4, 0xfe, 0x7, 0xfc,
    0x0, 0x0, 0x7f, 0xe0, 0x4f, 0xf1, 0x0, 0x1e,
    0xfe, 0x0, 0xdf, 0xe9, 0x9e, 0xdf, 0xe0, 0x1,
    0x9d, 0xfe, 0x91, 0xff, 0x0, 0x0, 0x0, 0x0,
    0x5e, 0x20, 0x0, 0x0, 0x0, 0x2f, 0x60, 0x0,
    0x0, 0x0, 0x6, 0xf2, 0x0, 0x0, 0x0, 0x0,
    0x5f, 0xa6, 0x0, 0x0, 0x0, 0x0, 0xaf, 0xe0,

    /* U+0174 "Ŵ" */
    0x0, 0x0, 0x0, 0x1, 0xef, 0xc0, 0x0, 0x0,
    0x0, 0x0, 0x0, 0x0, 0x0, 0xbf, 0xdf, 0x70,
    0x0, 0x0, 0x0, 0x0, 0x0, 0x0, 0x8f, 0x70,
    0xbf, 0x40, 0x0, 0x0, 0x0, 0x0, 0x0, 0x17,
    0x40, 0x0, 0x67, 0x0, 0x0, 0x0, 0x0, 0x0,
    0x0, 0x0, 0x0, 0x0, 0x0, 0x0, 0x0, 0xb,
    0xf8, 0x0, 0x0, 0xd, 0xf9, 0x0, 0x0, 0xb,
    0xf8, 0x7f, 0xc0, 0x0, 0x2, 0xff, 0xe0, 0x0,
    0x0, 0xef, 0x32, 0xff, 0x0, 0x0, 0x7f, 0xff,
    0x20, 0x0, 0x3f, 0xf0, 0xe, 0xf4, 0x0, 0xb,
    0xf9, 0xf7, 0x0, 0x7, 0xfb, 0x0, 0xaf, 0x80,
    0x0, 0xfe, 0x2f, 0xc0, 0x0, 0xbf, 0x60, 0x5,
    0xfc, 0x0, 0x4f, 0xa0, 0xef, 0x10, 0xf, 0xf2,
    0x0, 0x1f, 0xf0, 0x9, 0xf5, 0x9, 0xf5, 0x3,
    0xfe, 0x0, 0x0, 0xdf, 0x40, 0xdf, 0x10, 0x5f,
    0xa0, 0x7f, 0x90, 0x0, 0x9, 0xf8, 0x2f, 0xc0,
    0x0, 0xff, 0xb, 0xf5, 0x0, 0x0, 0x4f, 0xc6,
    0xf8, 0x0, 0xb, 0xf3, 0xef, 0x10, 0x0, 0x0,
    0xff, 0xaf, 0x30, 0x0, 0x7f, 0x9f, 0xd0, 0x0,
    0x0, 0xc, 0xfe, 0xe0, 0x0, 0x2, 0xfe, 0xf8,
    0x0, 0x0, 0x0, 0x7f, 0xfa, 0x0, 0x0, 0xd,
    0xff, 0x40, 0x0, 0x0, 0x3, 0xff, 0x50, 0x0,
    0x0, 0x9f, 0xf0, 0x0, 0x0,

    /* U+0175 "ŵ" */
    0x0, 0x0, 0x0, 0x6f, 0xf8, 0x0, 0x0, 0x0,
    0x0, 0x0, 0x5, 0xfb, 0xaf, 0x70, 0x0, 0x0,
    0x0, 0x0, 0x3d, 0x70, 0x6, 0xd5, 0x0, 0x0,
    0x0, 0x0, 0x0, 0x0, 0x0, 0x0, 0x0, 0x0,
    0xaf, 0x70, 0x0, 0x3f, 0xf5, 0x0, 0x5, 0xfc,
    0x6f, 0xc0, 0x0, 0x8f, 0xfa, 0x0, 0x9, 0xf8,
    0x1f, 0xf0, 0x0, 0xce, 0xce, 0x0, 0xd, 0xf3,
    0xd, 0xf4, 0x1, 0xfa, 0x9f, 0x30, 0x1f, 0xf0,
    0x9, 0xf8, 0x6, 0xf6, 0x5f, 0x80, 0x6f, 0xb0,
    0x4, 0xfc, 0xa, 0xf2, 0x1f, 0xc0, 0xaf, 0x60,
    0x0, 0xff, 0xf, 0xd0, 0xc, 0xf1, 0xef, 0x20,
    0x0, 0xbf, 0x6f, 0x90, 0x8, 0xf6, 0xfd, 0x0,
    0x0, 0x7f, 0xcf, 0x40, 0x3, 0xfc, 0xf9, 0x0,
    0x0, 0x3f, 0xff, 0x0, 0x0, 0xef, 0xf5, 0x0,
    0x0, 0xe, 0xfb, 0x0, 0x0, 0xaf, 0xf0, 0x0,

    /* U+0176 "Ŷ" */
    0x0, 0x0, 0x9f, 0xf3, 0x0, 0x0, 0x0, 0x4,
    0xfd, 0xfd, 0x0, 0x0, 0x0, 0x2f, 0xc1, 0x4f,
    0xb0, 0x0, 0x0, 0x57, 0x0, 0x3, 0x82, 0x0,
    0x0, 0x0, 0x0, 0x0, 0x0, 0x0, 0xbf, 0x90,
    0x0, 0x0, 0xe, 0xf6, 0x3f, 0xf2, 0x0, 0x0,
    0x7f, 0xd0, 0xa, 0xfa, 0x0, 0x0, 0xef, 0x40,
    0x1, 0xff, 0x20, 0x7, 0xfb, 0x0, 0x0, 0x8f,
    0xb0, 0x1f, 0xf3, 0x0, 0x0, 0xe, 0xf3, 0x8f,
    0xa0, 0x0, 0x0, 0x7, 0xfc, 0xff, 0x10, 0x0,
    0x0, 0x0, 0xdf, 0xf8, 0x0, 0x0, 0x0, 0x0,
    0x6f, 0xf0, 0x0, 0x0, 0x0, 0x0, 0x4f, 0xe0,
    0x0, 0x0, 0x0, 0x0, 0x4f, 0xe0, 0x0, 0x0,
    0x0, 0x0, 0x4f, 0xe0, 0x0, 0x0, 0x0, 0x0,
    0x4f, 0xe0, 0x0, 0x0, 0x0, 0x0, 0x4f, 0xe0,
    0x0, 0x0,

    /* U+0177 "ŷ" */
    0x0, 0x3, 0xff, 0xb0, 0x0, 0x0, 0x3, 0xed,
    0x8f, 0xa0, 0x0, 0x1, 0xc9, 0x0, 0x3c, 0x70,
    0x0, 0x0, 0x0, 0x0, 0x0, 0x0, 0xcf, 0x70,
    0x0, 0x0, 0xdf, 0x66, 0xfc, 0x0, 0x0, 0x3f,
    0xf0, 0xf, 0xf2, 0x0, 0x8, 0xfa, 0x0, 0x9f,
    0x80, 0x0, 0xef, 0x40, 0x3, 0xfd, 0x0, 0x3f,
    0xe0, 0x0, 0xd, 0xf3, 0x9, 0xf8, 0x0, 0x0,
    0x7f, 0x90, 0xef, 0x20, 0x0, 0x1, 0xfe, 0x3f,
    0xc0, 0x0, 0x0, 0xa, 0xfa, 0xf6, 0x0, 0x0,
    0x0, 0x4f, 0xff, 0x10, 0x0, 0x0, 0x0, 0xef,
    0xb0, 0x0, 0x0, 0x0, 0xd, 0xf5, 0x0, 0x0,
    0x0, 0x3, 0xfe, 0x0, 0x0, 0x0, 0x0, 0xcf,
    0x70, 0x0, 0x0, 0x8c, 0xef, 0xd0, 0x0, 0x0,
    0x9, 0xfe, 0x91, 0x0, 0x0, 0x0,

    /* U+0178 "Ÿ" */
    0x0, 0x1, 0x0, 0x1, 0x0, 0x0, 0x0, 0x1f,
    0xd0, 0x2f, 0xc0, 0x0, 0x0, 0x1e, 0xb0, 0x1e,
    0xa0, 0x0, 0x0, 0x0, 0x0, 0x0, 0x0, 0x0,
    0x0, 0x0, 0x0, 0x0, 0x0, 0x0, 0xbf, 0x90,
    0x0, 0x0, 0xe, 0xf6, 0x3f, 0xf2, 0x0, 0x0,
    0x7f, 0xd0, 0xa, 0xfa, 0x0, 0x0, 0xef, 0x40,
    0x1, 0xff, 0x20, 0x7, 0xfb, 0x0, 0x0, 0x8f,
    0xb0, 0x1f, 0xf3, 0x0, 0x0, 0xe, 0xf3, 0x8f,
    0xa0, 0x0, 0x0, 0x7, 0xfc, 0xff, 0x10, 0x0,
    0x0, 0x0, 0xdf, 0xf8, 0x0, 0x0, 0x0, 0x0,
    0x6f, 0xf0, 0x0, 0x0, 0x0, 0x0, 0x4f, 0xe0,
    0x0, 0x0, 0x0, 0x0, 0x4f, 0xe0, 0x0, 0x0,
    0x0, 0x0, 0x4f, 0xe0, 0x0, 0x0, 0x0, 0x0,
    0x4f, 0xe0, 0x0, 0x0, 0x0, 0x0, 0x4f, 0xe0,
    0x0, 0x0,

    /* U+0179 "Ź" */
    0x0, 0x0, 0x0, 0xcf, 0xb0, 0x0, 0x0, 0x0,
    0x6f, 0xd1, 0x0, 0x0, 0x0, 0x1e, 0xd1, 0x0,
    0x0, 0x0, 0x4, 0x71, 0x0, 0x0, 0x0, 0x0,
    0x0, 0x0, 0x0, 0x1, 0xff, 0xff, 0xff, 0xff,
    0xf9, 0x1d, 0xdd, 0xdd, 0xdd, 0xff, 0x80, 0x0,
    0x0, 0x0, 0x7f, 0xe0, 0x0, 0x0, 0x0, 0x2f,
    0xf4, 0x0, 0x0, 0x0, 0xc, 0xf8, 0x0, 0x0,
    0x0, 0x8, 0xfd, 0x0, 0x0, 0x0, 0x3, 0xff,
    0x30, 0x0, 0x0, 0x0, 0xdf, 0x70, 0x0, 0x0,
    0x0, 0x9f, 0xc0, 0x0, 0x0, 0x0, 0x4f, 0xf2,
    0x0, 0x0, 0x0, 0x1e, 0xf6, 0x0, 0x0, 0x0,
    0xa, 0xfb, 0x0, 0x0, 0x0, 0x3, 0xff, 0xed,
    0xdd, 0xdd, 0xda, 0x5f, 0xff, 0xff, 0xff, 0xff,
    0xc0,

    /* U+017A "ź" */
    0x0, 0x0, 0xc, 0xfb, 0x0, 0x0, 0x8, 0xf9,
    0x0, 0x0, 0x3, 0xc6, 0x0, 0x0, 0x0, 0x0,
    0x0, 0x0, 0xf, 0xff, 0xff, 0xff, 0xa0, 0x9a,
    0xaa, 0xaf, 0xf8, 0x0, 0x0, 0x5, 0xfe, 0x10,
    0x0, 0x1, 0xef, 0x40, 0x0, 0x0, 0xbf, 0x90,
    0x0, 0x0, 0x6f, 0xd0, 0x0, 0x0, 0x2f, 0xf3,
    0x0, 0x0, 0xc, 0xf7, 0x0, 0x0, 0x7, 0xfc,
    0x0, 0x0, 0x2, 0xff, 0xca, 0xaa, 0xa8, 0x4f,
    0xff, 0xff, 0xff, 0xc0,

    /* U+017B "Ż" */
    0x0, 0x0, 0x5, 0x30, 0x0, 0x0, 0x0, 0x4,
    0xff, 0x0, 0x0, 0x0, 0x0, 0x2e, 0xb0, 0x0,
    0x0, 0x0, 0x0, 0x0, 0x0, 0x0, 0x0, 0x0,
    0x0, 0x0, 0x0, 0x1, 0xff, 0xff, 0xff, 0xff,
    0xf9, 0x1d, 0xdd, 0xdd, 0xdd, 0xff, 0x80, 0x0,
    0x0, 0x0, 0x7f, 0xe0, 0x0, 0x0, 0x0, 0x2f,
    0xf4, 0x0, 0x0, 0x0, 0xc, 0xf8, 0x0, 0x0,
    0x0, 0x8, 0xfd, 0x0, 0x0, 0x0, 0x3, 0xff,
    0x30, 0x0, 0x0, 0x0, 0xdf, 0x70, 0x0, 0x0,
    0x0, 0x9f, 0xc0, 0x0, 0x0, 0x0, 0x4f, 0xf2,
    0x0, 0x0, 0x0, 0x1e, 0xf6, 0x0, 0x0, 0x0,
    0xa, 0xfb, 0x0, 0x0, 0x0, 0x3, 0xff, 0xed,
    0xdd, 0xdd, 0xda, 0x5f, 0xff, 0xff, 0xff, 0xff,
    0xc0,

    /* U+017C "ż" */
    0x0, 0x3, 0xeb, 0x0, 0x0, 0x0, 0x6f, 0xe0,
    0x0, 0x0, 0x0, 0x63, 0x0, 0x0, 0x0, 0x0,
    0x0, 0x0, 0xf, 0xff, 0xff, 0xff, 0xa0, 0x9a,
    0xaa, 0xaf, 0xf8, 0x0, 0x0, 0x5, 0xfe, 0x10,
    0x0, 0x1, 0xef, 0x40, 0x0, 0x0, 0xbf, 0x90,
    0x0, 0x0, 0x6f, 0xd0, 0x0, 0x0, 0x2f, 0xf3,
    0x0, 0x0, 0xc, 0xf7, 0x0, 0x0, 0x7, 0xfc,
    0x0, 0x0, 0x2, 0xff, 0xca, 0xaa, 0xa8, 0x4f,
    0xff, 0xff, 0xff, 0xc0,

    /* U+017D "Ž" */
    0x0, 0x8f, 0x50, 0x9, 0xf4, 0x0, 0x0, 0xbf,
    0x6a, 0xf6, 0x0, 0x0, 0x1, 0xef, 0xfa, 0x0,
    0x0, 0x0, 0x3, 0x87, 0x10, 0x0, 0x0, 0x0,
    0x0, 0x0, 0x0, 0x1, 0xff, 0xff, 0xff, 0xff,
    0xf9, 0x1d, 0xdd, 0xdd, 0xdd, 0xff, 0x80, 0x0,
    0x0, 0x0, 0x7f, 0xe0, 0x0, 0x0, 0x0, 0x2f,
    0xf4, 0x0, 0x0, 0x0, 0xc, 0xf8, 0x0, 0x0,
    0x0, 0x8, 0xfd, 0x0, 0x0, 0x0, 0x3, 0xff,
    0x30, 0x0, 0x0, 0x0, 0xdf, 0x70, 0x0, 0x0,
    0x0, 0x9f, 0xc0, 0x0, 0x0, 0x0, 0x4f, 0xf2,
    0x0, 0x0, 0x0, 0x1e, 0xf6, 0x0, 0x0, 0x0,
    0xa, 0xfb, 0x0, 0x0, 0x0, 0x3, 0xff, 0xed,
    0xdd, 0xdd, 0xda, 0x5f, 0xff, 0xff, 0xff, 0xff,
    0xc0,

    /* U+017E "ž" */
    0x7, 0xf6, 0x1, 0xae, 0x30, 0x7, 0xfb, 0xee,
    0x30, 0x0, 0x8, 0xdc, 0x30, 0x0, 0x0, 0x0,
    0x0, 0x0, 0xf, 0xff, 0xff, 0xff, 0xa0, 0x9a,
    0xaa, 0xaf, 0xf8, 0x0, 0x0, 0x5, 0xfe, 0x10,
    0x0, 0x1, 0xef, 0x40, 0x0, 0x0, 0xbf, 0x90,
    0x0, 0x0, 0x6f, 0xd0, 0x0, 0x0, 0x2f, 0xf3,
    0x0, 0x0, 0xc, 0xf7, 0x0, 0x0, 0x7, 0xfc,
    0x0, 0x0, 0x2, 0xff, 0xca, 0xaa, 0xa8, 0x4f,
    0xff, 0xff, 0xff, 0xc0,

    /* U+017F "ſ" */
    0x1, 0xae, 0xfd, 0x40, 0xdf, 0xec, 0xe2, 0x3f,
    0xf1, 0x0, 0x5, 0xfc, 0x0, 0x0, 0x5f, 0xc0,
    0x0, 0x5, 0xfc, 0x0, 0x0, 0x5f, 0xc0, 0x0,
    0x5, 0xfc, 0x0, 0x0, 0x5f, 0xc0, 0x0, 0x5,
    0xfc, 0x0, 0x0, 0x5f, 0xc0, 0x0, 0x5, 0xfc,
    0x0, 0x0, 0x5f, 0xc0, 0x0, 0x5, 0xfc, 0x0,
    0x0, 0x5f, 0xc0, 0x0, 0x0,

    /* U+0180 "ƀ" */
    0x5, 0xfc, 0x0, 0x0, 0x0, 0x0, 0x7a, 0xfe,
    0x88, 0x85, 0x0, 0x0, 0xdf, 0xff, 0xff, 0xfb,
    0x0, 0x0, 0x5, 0xfc, 0x0, 0x0, 0x0, 0x0,
    0x5, 0xfc, 0x2b, 0xff, 0xb3, 0x0, 0x5, 0xfd,
    0xff, 0xdf, 0xff, 0x40, 0x5, 0xff, 0xa0, 0x0,
    0xbf, 0xd0, 0x5, 0xff, 0x10, 0x0, 0x2f, 0xf2,
    0x5, 0xfe, 0x0, 0x0, 0xe, 0xf5, 0x5, 0xfd,
    0x0, 0x0, 0xd, 0xf5, 0x5, 0xfe, 0x0, 0x0,
    0xe, 0xf4, 0x5, 0xff, 0x10, 0x0, 0x2f, 0xf2,
    0x5, 0xff, 0x90, 0x0, 0xbf, 0xd0, 0x5, 0xfc,
    0xfe, 0xcf, 0xff, 0x30, 0x5, 0xf5, 0x3b, 0xff,
    0xb3, 0x0,

    /* U+0181 "Ɓ" */
    0x9, 0xef, 0xff, 0xff, 0xfe, 0xb6, 0x0, 0x8f,
    0xfe, 0xff, 0xdd, 0xef, 0xff, 0xc0, 0xcf, 0x24,
    0xfe, 0x0, 0x0, 0x7f, 0xf4, 0xae, 0x14, 0xfe,
    0x0, 0x0, 0xe, 0xf6, 0x0, 0x4, 0xfe, 0x0,
    0x0, 0xe, 0xf4, 0x0, 0x4, 0xfe, 0x0, 0x1,
    0x9f, 0xd0, 0x0, 0x4, 0xff, 0xff, 0xff, 0xf9,
    0x10, 0x0, 0x4, 0xff, 0xdd, 0xde, 0xfe, 0x80,
    0x0, 0x4, 0xfe, 0x0, 0x0, 0x3e, 0xf8, 0x0,
    0x4, 0xfe, 0x0, 0x0, 0x7, 0xfd, 0x0, 0x4,
    0xfe, 0x0, 0x0, 0x8, 0xfd, 0x0, 0x4, 0xfe,
    0x0, 0x0, 0x3e, 0xfa, 0x0, 0x4, 0xff, 0xdd,
    0xde, 0xff, 0xe2, 0x0, 0x4, 0xff, 0xff, 0xff,
    0xd8, 0x10,

    /* U+0182 "Ƃ" */
    0x1f, 0xff, 0xff, 0xff, 0xf8, 0x1, 0xff, 0xdd,
    0xdd, 0xdd, 0x70, 0x1f, 0xf1, 0x0, 0x0, 0x0,
    0x1, 0xff, 0x10, 0x0, 0x0, 0x0, 0x1f, 0xf1,
    0x0, 0x0, 0x0, 0x1, 0xff, 0x10, 0x0, 0x0,
    0x0, 0x1f, 0xff, 0xff, 0xea, 0x50, 0x1, 0xff,
    0xdd, 0xdf, 0xff, 0x90, 0x1f, 0xf1, 0x0, 0x7,
    0xff, 0x21, 0xff, 0x10, 0x0, 0xd, 0xf6, 0x1f,
    0xf1, 0x0, 0x0, 0xef, 0x61, 0xff, 0x10, 0x0,
    0x7f, 0xf2, 0x1f, 0xfd, 0xde, 0xff, 0xf8, 0x1,
    0xff, 0xff, 0xfe, 0xb5, 0x0,

    /* U+0183 "ƃ" */
    0x5f, 0xff, 0xff, 0xff, 0xf5, 0x5, 0xff, 0xbb,
    0xbb, 0xbb, 0x30, 0x5f, 0xc0, 0x0, 0x0, 0x0,
    0x5, 0xfc, 0x0, 0x0, 0x0, 0x0, 0x5f, 0xc2,
    0xbf, 0xfb, 0x30, 0x5, 0xfd, 0xff, 0xdf, 0xff,
    0x40, 0x5f, 0xfa, 0x0, 0xb, 0xfd, 0x5, 0xff,
    0x10, 0x0, 0x2f, 0xf2, 0x5f, 0xe0, 0x0, 0x0,
    0xef, 0x55, 0xfd, 0x0, 0x0, 0xd, 0xf5, 0x5f,
    0xe0, 0x0, 0x0, 0xef, 0x45, 0xff, 0x10, 0x0,
    0x2f, 0xf2, 0x5f, 0xf9, 0x0, 0xb, 0xfd, 0x5,
    0xfc, 0xfe, 0xcf, 0xff, 0x30, 0x5f, 0x53, 0xbf,
    0xfb, 0x30, 0x0,

    /* U+0184 "Ƅ" */
    0x3f, 0xf0, 0x0, 0x0, 0x0, 0x3, 0xff, 0x0,
    0x0, 0x0, 0x0, 0x3f, 0xf0, 0x0, 0x0, 0x0,
    0x3, 0xff, 0x0, 0x0, 0x0, 0x0, 0x3f, 0xf0,
    0x0, 0x0, 0x0, 0x3, 0xff, 0xdd, 0xdc, 0x94,
    0x0, 0x3f, 0xff, 0xff, 0xff, 0xfa, 0x3, 0xff,
    0x0, 0x2, 0x7f, 0xf6, 0x3f, 0xf0, 0x0, 0x0,
    0x8f, 0xc3, 0xff, 0x0, 0x0, 0x5, 0xfe, 0x2f,
    0xf1, 0x0, 0x0, 0x7f, 0xc0, 0xef, 0xa1, 0x0,
    0x3e, 0xf8, 0x5, 0xff, 0xfe, 0xef, 0xfc, 0x0,
    0x3, 0xae, 0xff, 0xd8, 0x0,

    /* U+0185 "ƅ" */
    0x6f, 0xb0, 0x0, 0x0, 0x0, 0x6, 0xfb, 0x0,
    0x0, 0x0, 0x0, 0x6f, 0xb0, 0x0, 0x0, 0x0,
    0x6, 0xfb, 0x0, 0x0, 0x0, 0x0, 0x6f, 0xb3,
    0xbf, 0xfb, 0x30, 0x6, 0xfd, 0xfe, 0xce, 0xff,
    0x30, 0x6f, 0xf8, 0x0, 0xb, 0xfc, 0x6, 0xff,
    0x0, 0x0, 0x2f, 0xf1, 0x6f, 0xd0, 0x0, 0x0,
    0xff, 0x46, 0xfc, 0x0, 0x0, 0xe, 0xf5, 0x5f,
    0xd0, 0x0, 0x0, 0xff, 0x42, 0xff, 0x10, 0x0,
    0x2f, 0xf1, 0xd, 0xfb, 0x0, 0xb, 0xfc, 0x0,
    0x3f, 0xff, 0xdf, 0xfe, 0x20, 0x0, 0x2a, 0xef,
    0xea, 0x20, 0x0,

    /* U+0186 "Ɔ" */
    0x16, 0xbd, 0xff, 0xd9, 0x20, 0x0, 0x1f, 0xff,
    0xee, 0xff, 0xf6, 0x0, 0x6, 0x30, 0x0, 0x2b,
    0xff, 0x40, 0x0, 0x0, 0x0, 0x0, 0xcf, 0xd0,
    0x0, 0x0, 0x0, 0x0, 0x3f, 0xf2, 0x0, 0x0,
    0x0, 0x0, 0xe, 0xf6, 0x0, 0x0, 0x0, 0x0,
    0xc, 0xf7, 0x0, 0x0, 0x0, 0x0, 0xc, 0xf7,
    0x0, 0x0, 0x0, 0x0, 0xe, 0xf5, 0x0, 0x0,
    0x0, 0x0, 0x3f, 0xf2, 0x0, 0x0, 0x0, 0x0,
    0xcf, 0xc0, 0x4, 0x10, 0x0, 0x3c, 0xff, 0x20,
    0xd, 0xff, 0xef, 0xff, 0xe4, 0x0, 0x6, 0xce,
    0xfe, 0xd8, 0x10, 0x0,

    /* U+0187 "Ƈ" */
    0x0, 0x0, 0x0, 0x0, 0x0, 0x6b, 0x90, 0x0,
    0x0, 0x0, 0x0, 0x5f, 0xff, 0x0, 0x0, 0x0,
    0x0, 0xa, 0xf3, 0x20, 0x0, 0x0, 0x0, 0x0,
    0xcf, 0x0, 0x0, 0x2, 0x9d, 0xff, 0xdf, 0xf0,
    0x0, 0x7, 0xff, 0xfe, 0xff, 0xfb, 0x0, 0x6,
    0xff, 0x91, 0x0, 0x16, 0x30, 0x1, 0xff, 0x80,
    0x0, 0x0, 0x0, 0x0, 0x6f, 0xe0, 0x0, 0x0,
    0x0, 0x0, 0xa, 0xfa, 0x0, 0x0, 0x0, 0x0,
    0x0, 0xbf, 0x80, 0x0, 0x0, 0x0, 0x0, 0xc,
    0xf8, 0x0, 0x0, 0x0, 0x0, 0x0, 0xaf, 0xa0,
    0x0, 0x0, 0x0, 0x0, 0x7, 0xfe, 0x0, 0x0,
    0x0, 0x0, 0x0, 0x2f, 0xf7, 0x0, 0x0, 0x0,
    0x0, 0x0, 0x9f, 0xf8, 0x10, 0x0, 0x33, 0x0,
    0x0, 0xaf, 0xff, 0xee, 0xff, 0x70, 0x0, 0x0,
    0x4a, 0xdf, 0xfe, 0xa3, 0x0,

    /* U+0188 "ƈ" */
    0x0, 0x0, 0x0, 0xa, 0xfe, 0x10, 0x0, 0x0,
    0x7, 0xff, 0xd1, 0x0, 0x0, 0x0, 0x9f, 0x30,
    0x0, 0x0, 0x0, 0xa, 0xf2, 0x0, 0x0, 0x6c,
    0xef, 0xff, 0x10, 0x0, 0xaf, 0xff, 0xef, 0xd0,
    0x0, 0x5f, 0xf5, 0x0, 0x12, 0x0, 0xb, 0xf9,
    0x0, 0x0, 0x0, 0x0, 0xdf, 0x50, 0x0, 0x0,
    0x0, 0xe, 0xf4, 0x0, 0x0, 0x0, 0x0, 0xdf,
    0x50, 0x0, 0x0, 0x0, 0xb, 0xf9, 0x0, 0x0,
    0x0, 0x0, 0x5f, 0xf4, 0x0, 0x4, 0x0, 0x0,
    0xaf, 0xfe, 0xdf, 0xe0, 0x0, 0x0, 0x6c, 0xff,
    0xd7, 0x0, 0x0,

    /* U+0189 "Ɖ" */
    0x0, 0xff, 0xff, 0xfe, 0xb6, 0x10, 0x0, 0x0,
    0xff, 0xdd, 0xdf, 0xff, 0xe4, 0x0, 0x0, 0xff,
    0x20, 0x0, 0x3c, 0xff, 0x20, 0x0, 0xff, 0x20,
    0x0, 0x0, 0xcf, 0xb0, 0x0, 0xff, 0x20, 0x0,
    0x0, 0x3f, 0xf1, 0x0, 0xff, 0x20, 0x0, 0x0,
    0xf, 0xf4, 0x7f, 0xff, 0xff, 0xf7, 0x0, 0xd,
    0xf6, 0x6d, 0xff, 0xdd, 0xd5, 0x0, 0xe, 0xf6,
    0x0, 0xff, 0x20, 0x0, 0x0, 0xf, 0xf4, 0x0,
    0xff, 0x20, 0x0, 0x0, 0x5f, 0xf1, 0x0, 0xff,
    0x20, 0x0, 0x1, 0xdf, 0xa0, 0x0, 0xff, 0x20,
    0x0, 0x5d, 0xfe, 0x20, 0x0, 0xff, 0xdd, 0xef,
    0xff, 0xd2, 0x0, 0x0, 0xff, 0xff, 0xfe, 0xa5,
    0x0, 0x0,

    /* U+018A "Ɗ" */
    0x9, 0xef, 0xff, 0xff, 0xfd, 0xb5, 0x0, 0x0,
    0x8f, 0xfe, 0xff, 0xdd, 0xef, 0xff, 0xd2, 0x0,
    0xcf, 0x24, 0xfe, 0x0, 0x0, 0x4d, 0xfe, 0x10,
    0x8c, 0x14, 0xfe, 0x0, 0x0, 0x1, 0xdf, 0x90,
    0x0, 0x4, 0xfe, 0x0, 0x0, 0x0, 0x6f, 0xf0,
    0x0, 0x4, 0xfe, 0x0, 0x0, 0x0, 0x1f, 0xf2,
    0x0, 0x4, 0xfe, 0x0, 0x0, 0x0, 0xf, 0xf4,
    0x0, 0x4, 0xfe, 0x0, 0x0, 0x0, 0xf, 0xf4,
    0x0, 0x4, 0xfe, 0x0, 0x0, 0x0, 0x2f, 0xf2,
    0x0, 0x4, 0xfe, 0x0, 0x0, 0x0, 0x7f, 0xe0,
    0x0, 0x4, 0xfe, 0x0, 0x0, 0x2, 0xef, 0x80,
    0x0, 0x4, 0xfe, 0x0, 0x1, 0x6e, 0xfd, 0x10,
    0x0, 0x4, 0xff, 0xdd, 0xef, 0xff, 0xc1, 0x0,
    0x0, 0x4, 0xff, 0xff, 0xfd, 0xa4, 0x0, 0x0,

    /* U+018B "Ƌ" */
    0x1, 0xff, 0xff, 0xff, 0xff, 0x80, 0x1d, 0xdd,
    0xdd, 0xdf, 0xf8, 0x0, 0x0, 0x0, 0x0, 0xaf,
    0x80, 0x0, 0x0, 0x0, 0xa, 0xf8, 0x0, 0x0,
    0x0, 0x0, 0xaf, 0x80, 0x0, 0x0, 0x0, 0xa,
    0xf8, 0x0, 0x7, 0xce, 0xff, 0xff, 0x80, 0x1d,
    0xff, 0xfd, 0xde, 0xf8, 0xa, 0xfd, 0x30, 0x0,
    0xaf, 0x80, 0xef, 0x50, 0x0, 0xa, 0xf8, 0xf,
    0xf4, 0x0, 0x0, 0xaf, 0x80, 0xcf, 0xd2, 0x0,
    0xa, 0xf8, 0x3, 0xff, 0xfe, 0xdd, 0xef, 0x80,
    0x2, 0x9d, 0xff, 0xff, 0xf8,

    /* U+018C "ƌ" */
    0xe, 0xff, 0xff, 0xff, 0xfc, 0xa, 0xbb, 0xbb,
    0xbd, 0xfc, 0x0, 0x0, 0x0, 0x6, 0xfc, 0x0,
    0x0, 0x0, 0x5, 0xfc, 0x0, 0x8e, 0xfd, 0x65,
    0xfc, 0xc, 0xff, 0xcd, 0xfc, 0xfc, 0x6f, 0xf3,
    0x0, 0x3f, 0xfc, 0xbf, 0x90, 0x0, 0x9, 0xfc,
    0xef, 0x50, 0x0, 0x6, 0xfc, 0xff, 0x40, 0x0,
    0x4, 0xfc, 0xef, 0x50, 0x0, 0x6, 0xfc, 0xbf,
    0x90, 0x0, 0x8, 0xfc, 0x6f, 0xf3, 0x0, 0x3f,
    0xfc, 0xc, 0xff, 0xdd, 0xfb, 0xfc, 0x0, 0x9e,
    0xfd, 0x60, 0xfc,

    /* U+018D "ƍ" */
    0x0, 0x3a, 0xef, 0xd8, 0x10, 0x0, 0x6f, 0xfe,
    0xcf, 0xfe, 0x20, 0x1f, 0xf6, 0x0, 0x1c, 0xfc,
    0x7, 0xfc, 0x0, 0x0, 0x2f, 0xf2, 0x9f, 0x80,
    0x0, 0x0, 0xef, 0x5a, 0xf8, 0x0, 0x0, 0xd,
    0xf4, 0x7f, 0xb0, 0x0, 0x1, 0xff, 0x12, 0xff,
    0x40, 0x0, 0xaf, 0xa0, 0x6, 0xff, 0x63, 0xbf,
    0xd1, 0x0, 0x6, 0xff, 0xff, 0x80, 0x0, 0x0,
    0x1, 0xbf, 0xf7, 0x0, 0x0, 0x0, 0x0, 0x5f,
    0xf5, 0x0, 0x0, 0x0, 0x0, 0x7f, 0xa0, 0x0,
    0x85, 0x0, 0x9, 0xf9, 0x0, 0xf, 0xfd, 0xbc,
    0xff, 0x20, 0x0, 0x2a, 0xef, 0xea, 0x20, 0x0,

    /* U+018E "Ǝ" */
    0xcf, 0xff, 0xff, 0xff, 0x3a, 0xdd, 0xdd, 0xdf,
    0xf3, 0x0, 0x0, 0x0, 0xef, 0x30, 0x0, 0x0,
    0xe, 0xf3, 0x0, 0x0, 0x0, 0xef, 0x30, 0x0,
    0x0, 0xe, 0xf3, 0x7f, 0xff, 0xff, 0xff, 0x35,
    0xdd, 0xdd, 0xdf, 0xf3, 0x0, 0x0, 0x0, 0xef,
    0x30, 0x0, 0x0, 0xe, 0xf3, 0x0, 0x0, 0x0,
    0xef, 0x30, 0x0, 0x0, 0xe, 0xf3, 0xad, 0xdd,
    0xdd, 0xff, 0x3c, 0xff, 0xff, 0xff, 0xf3,

    /* U+018F "Ə" */
    0x2, 0x7b, 0xef, 0xfd, 0xa4, 0x0, 0x0, 0xd,
    0xff, 0xfe, 0xef, 0xff, 0xa0, 0x0, 0x8, 0x52,
    0x0, 0x0, 0x5e, 0xfa, 0x0, 0x0, 0x0, 0x0,
    0x0, 0x2, 0xff, 0x40, 0x0, 0x0, 0x0, 0x0,
    0x0, 0x9f, 0xa0, 0x0, 0x0, 0x0, 0x0, 0x0,
    0x4f, 0xd0, 0xbf, 0xff, 0xff, 0xff, 0xff, 0xff,
    0xf0, 0xaf, 0xfe, 0xee, 0xee, 0xee, 0xef, 0xf0,
    0x8f, 0xa0, 0x0, 0x0, 0x0, 0x6f, 0xe0, 0x5f,
    0xc0, 0x0, 0x0, 0x0, 0xaf, 0xa0, 0x1f, 0xf3,
    0x0, 0x0, 0x3, 0xff, 0x50, 0x8, 0xfd, 0x30,
    0x0, 0x5e, 0xfb, 0x0, 0x0, 0xbf, 0xff, 0xef,
    0xff, 0xc1, 0x0, 0x0, 0x5, 0xbe, 0xfe, 0xb5,
    0x0, 0x0,

    /* U+0190 "Ɛ" */
    0x0, 0x7c, 0xff, 0xeb, 0x60, 0x0, 0xcf, 0xfe,
    0xcd, 0xff, 0xe1, 0x4f, 0xf4, 0x0, 0x0, 0x66,
    0x4, 0xfd, 0x0, 0x0, 0x0, 0x0, 0xe, 0xf7,
    0x0, 0x0, 0x0, 0x0, 0x2a, 0xef, 0xdc, 0xc6,
    0x0, 0x2, 0x9d, 0xff, 0xff, 0x80, 0x3, 0xff,
    0x94, 0x10, 0x0, 0x0, 0xcf, 0x70, 0x0, 0x0,
    0x0, 0xe, 0xf4, 0x0, 0x0, 0x0, 0x0, 0xef,
    0x70, 0x0, 0x0, 0x0, 0x9, 0xff, 0x40, 0x0,
    0x2, 0x83, 0x1d, 0xff, 0xec, 0xce, 0xff, 0x40,
    0x7, 0xce, 0xfe, 0xdb, 0x60,

    /* U+0191 "Ƒ" */
    0x0, 0x0, 0xf, 0xff, 0xff, 0xff, 0xb0, 0x0,
    0x0, 0xff, 0xed, 0xdd, 0xd9, 0x0, 0x0, 0xf,
    0xf3, 0x0, 0x0, 0x0, 0x0, 0x0, 0xff, 0x30,
    0x0, 0x0, 0x0, 0x0, 0xf, 0xf3, 0x0, 0x0,
    0x0, 0x0, 0x0, 0xff, 0x30, 0x0, 0x0, 0x0,
    0x0, 0xf, 0xff, 0xff, 0xff, 0x50, 0x0, 0x0,
    0xff, 0xed, 0xdd, 0xd4, 0x0, 0x0, 0xf, 0xf3,
    0x0, 0x0, 0x0, 0x0, 0x0, 0xff, 0x30, 0x0,
    0x0, 0x0, 0x0, 0xf, 0xf3, 0x0, 0x0, 0x0,
    0x0, 0x0, 0xff, 0x30, 0x0, 0x0, 0x0, 0x0,
    0xf, 0xf3, 0x0, 0x0, 0x0, 0x0, 0x0, 0xff,
    0x30, 0x0, 0x0, 0x1, 0x0, 0xf, 0xf3, 0x0,
    0x0, 0x4, 0xf8, 0x0, 0xff, 0x20, 0x0, 0x0,
    0x4f, 0xb0, 0x3f, 0xf0, 0x0, 0x0, 0x1, 0xef,
    0xdf, 0xfa, 0x0, 0x0, 0x0, 0x3, 0xcf, 0xe9,
    0x0, 0x0, 0x0, 0x0,

    /* U+0192 "ƒ" */
    0x0, 0x0, 0x1, 0x8d, 0xfe, 0x70, 0x0, 0x0,
    0xbf, 0xfc, 0xd5, 0x0, 0x0, 0xf, 0xf4, 0x0,
    0x0, 0x0, 0x1, 0xff, 0x0, 0x0, 0x0, 0x7,
    0xef, 0xff, 0xfb, 0x0, 0x0, 0x9a, 0xff, 0xaa,
    0x60, 0x0, 0x0, 0x1f, 0xf0, 0x0, 0x0, 0x0,
    0x1, 0xff, 0x0, 0x0, 0x0, 0x0, 0x1f, 0xf0,
    0x0, 0x0, 0x0, 0x1, 0xff, 0x0, 0x0, 0x0,
    0x0, 0x1f, 0xf0, 0x0, 0x0, 0x0, 0x1, 0xff,
    0x0, 0x0, 0x0, 0x0, 0x1f, 0xf0, 0x0, 0x0,
    0x0, 0x1, 0xff, 0x0, 0x0, 0x0, 0x0, 0x1f,
    0xf0, 0x0, 0x0, 0x0, 0x1, 0xff, 0x0, 0x0,
    0xd, 0x70, 0x1f, 0xf0, 0x0, 0x1, 0xfc, 0x3,
    0xfe, 0x0, 0x0, 0xc, 0xfc, 0xef, 0x80, 0x0,
    0x0, 0x1b, 0xee, 0x90, 0x0, 0x0,

    /* U+0193 "Ɠ" */
    0x0, 0x0, 0x0, 0x0, 0x0, 0x7, 0xb9, 0x0,
    0x0, 0x0, 0x0, 0x0, 0x6f, 0xfe, 0x0, 0x0,
    0x0, 0x0, 0x0, 0xcf, 0x22, 0x0, 0x0, 0x0,
    0x0, 0x0, 0xde, 0x0, 0x0, 0x1, 0x7c, 0xef,
    0xfd, 0xfe, 0x0, 0x0, 0x5f, 0xff, 0xfe, 0xff,
    0xf9, 0x0, 0x5, 0xff, 0xb3, 0x0, 0x1, 0x62,
    0x0, 0xf, 0xfa, 0x0, 0x0, 0x0, 0x0, 0x0,
    0x6f, 0xf0, 0x0, 0x0, 0x0, 0x0, 0x0, 0xaf,
    0xa0, 0x0, 0x0, 0x0, 0x0, 0x0, 0xbf, 0x80,
    0x0, 0xe, 0xee, 0xee, 0x0, 0xcf, 0x80, 0x0,
    0x1f, 0xff, 0xff, 0x0, 0xaf, 0xa0, 0x0, 0x0,
    0x2, 0xff, 0x0, 0x7f, 0xe0, 0x0, 0x0, 0x2,
    0xff, 0x0, 0x1f, 0xf7, 0x0, 0x0, 0x2, 0xff,
    0x0, 0x8, 0xff, 0x92, 0x0, 0x2, 0xff, 0x0,
    0x0, 0x9f, 0xff, 0xfd, 0xef, 0xff, 0x0, 0x0,
    0x3, 0xad, 0xff, 0xfd, 0x95, 0x0,

    /* U+0194 "Ɣ" */
    0xcf, 0x60, 0x0, 0x0, 0x9, 0xfa, 0x6f, 0xc0,
    0x0, 0x0, 0xe, 0xf4, 0xf, 0xf3, 0x0, 0x0,
    0x5f, 0xd0, 0x9, 0xf9, 0x0, 0x0, 0xbf, 0x70,
    0x3, 0xfe, 0x0, 0x2, 0xff, 0x10, 0x0, 0xdf,
    0x50, 0x8, 0xfa, 0x0, 0x0, 0x6f, 0xb0, 0xe,
    0xf3, 0x0, 0x0, 0xf, 0xf1, 0x4f, 0xd0, 0x0,
    0x0, 0x9, 0xf7, 0xaf, 0x60, 0x0, 0x0, 0x3,
    0xfb, 0xef, 0x0, 0x0, 0x0, 0x0, 0xdf, 0xf9,
    0x0, 0x0, 0x0, 0x0, 0x6f, 0xf3, 0x0, 0x0,
    0x0, 0x0, 0x7f, 0xf4, 0x0, 0x0, 0x0, 0x0,
    0xdf, 0xfb, 0x0, 0x0, 0x0, 0x3, 0xf9, 0xcf,
    0x10, 0x0, 0x0, 0x7, 0xf5, 0x8f, 0x40, 0x0,
    0x0, 0x8, 0xf4, 0x7f, 0x50, 0x0, 0x0, 0x4,
    0xfd, 0xef, 0x10, 0x0, 0x0, 0x0, 0x8e, 0xe5,
    0x0, 0x0,

    /* U+0195 "ƕ" */
    0x5f, 0xc0, 0x0, 0x0, 0x0, 0x0, 0x0, 0x0,
    0x5, 0xfc, 0x0, 0x0, 0x0, 0x0, 0x0, 0x0,
    0x0, 0x5f, 0xc0, 0x0, 0x0, 0x0, 0x0, 0x0,
    0x0, 0x5, 0xfc, 0x0, 0x0, 0x0, 0x0, 0x0,
    0x0, 0x0, 0x5f, 0xc3, 0xbf, 0xeb, 0x20, 0x0,
    0x0, 0xbf, 0x65, 0xfd, 0xfe, 0xcf, 0xff, 0x10,
    0x0, 0xb, 0xf6, 0x5f, 0xfa, 0x0, 0x1e, 0xf6,
    0x0, 0x0, 0xbf, 0x65, 0xff, 0x10, 0x0, 0xaf,
    0x90, 0x0, 0xb, 0xf6, 0x5f, 0xe0, 0x0, 0x8,
    0xf9, 0x0, 0x0, 0xbf, 0x65, 0xfc, 0x0, 0x0,
    0x8f, 0x90, 0x0, 0xb, 0xf6, 0x5f, 0xc0, 0x0,
    0x8, 0xf9, 0x0, 0x0, 0xcf, 0x65, 0xfc, 0x0,
    0x0, 0x8f, 0xb0, 0x0, 0xe, 0xf5, 0x5f, 0xc0,
    0x0, 0x5, 0xff, 0x30, 0x5, 0xff, 0x25, 0xfc,
    0x0, 0x0, 0xd, 0xff, 0xdd, 0xff, 0xa0, 0x5f,
    0xc0, 0x0, 0x0, 0x19, 0xdf, 0xfd, 0x70, 0x0,

    /* U+0196 "Ɩ" */
    0x3f, 0xf0, 0x0, 0x3, 0xff, 0x0, 0x0, 0x3f,
    0xf0, 0x0, 0x3, 0xff, 0x0, 0x0, 0x3f, 0xf0,
    0x0, 0x3, 0xff, 0x0, 0x0, 0x3f, 0xf0, 0x0,
    0x3, 0xff, 0x0, 0x0, 0x3f, 0xf0, 0x0, 0x3,
    0xff, 0x0, 0x0, 0x3f, 0xf0, 0x0, 0x2, 0xff,
    0x40, 0x0, 0xd, 0xff, 0xef, 0x10, 0x2b, 0xff,
    0xd0,

    /* U+0197 "Ɨ" */
    0x4f, 0xff, 0xff, 0x51, 0x7d, 0xfe, 0x71, 0x0,
    0x9f, 0xa0, 0x0, 0x9, 0xfa, 0x0, 0x0, 0x9f,
    0xa0, 0x0, 0x9, 0xfa, 0x0, 0x5f, 0xff, 0xff,
    0x75, 0xef, 0xff, 0xe6, 0x0, 0x9f, 0xa0, 0x0,
    0x9, 0xfa, 0x0, 0x0, 0x9f, 0xa0, 0x0, 0x9,
    0xfa, 0x0, 0x16, 0xdf, 0xd7, 0x14, 0xff, 0xff,
    0xf5,

    /* U+0198 "Ƙ" */
    0x1f, 0xf1, 0x0, 0x0, 0x6e, 0xf4, 0x1f, 0xf1,
    0x0, 0x6, 0xff, 0xd4, 0x1f, 0xf1, 0x0, 0x4f,
    0xf4, 0x0, 0x1f, 0xf1, 0x2, 0xef, 0x50, 0x0,
    0x1f, 0xf1, 0xd, 0xf7, 0x0, 0x0, 0x1f, 0xf1,
    0xbf, 0xa0, 0x0, 0x0, 0x1f, 0xf9, 0xff, 0x40,
    0x0, 0x0, 0x1f, 0xff, 0xdf, 0xe1, 0x0, 0x0,
    0x1f, 0xf8, 0xc, 0xfb, 0x0, 0x0, 0x1f, 0xf1,
    0x2, 0xff, 0x60, 0x0, 0x1f, 0xf1, 0x0, 0x6f,
    0xf2, 0x0, 0x1f, 0xf1, 0x0, 0xa, 0xfd, 0x0,
    0x1f, 0xf1, 0x0, 0x0, 0xef, 0x90, 0x1f, 0xf1,
    0x0, 0x0, 0x3f, 0xf4,

    /* U+0199 "ƙ" */
    0x5, 0xdf, 0xa0, 0x0, 0x0, 0x1, 0xff, 0xea,
    0x0, 0x0, 0x0, 0x4f, 0xd0, 0x0, 0x0, 0x0,
    0x5, 0xfc, 0x0, 0x0, 0x0, 0x0, 0x5f, 0xc0,
    0x0, 0x3f, 0xf5, 0x5, 0xfc, 0x0, 0x2e, 0xf6,
    0x0, 0x5f, 0xc0, 0x1e, 0xf7, 0x0, 0x5, 0xfc,
    0x1d, 0xf8, 0x0, 0x0, 0x5f, 0xbb, 0xfa, 0x0,
    0x0, 0x5, 0xff, 0xff, 0xe1, 0x0, 0x0, 0x5f,
    0xf7, 0xbf, 0xb0, 0x0, 0x5, 0xfc, 0x1, 0xef,
    0x70, 0x0, 0x5f, 0xc0, 0x4, 0xff, 0x30, 0x5,
    0xfc, 0x0, 0x9, 0xfe, 0x10, 0x5f, 0xc0, 0x0,
    0xd, 0xfb, 0x0,

    /* U+019A "ƚ" */
    0x4, 0xfd, 0x0, 0x4, 0xfd, 0x0, 0x4, 0xfd,
    0x0, 0x4, 0xfd, 0x0, 0x4, 0xfd, 0x0, 0x4,
    0xfd, 0x0, 0x6b, 0xfe, 0x92, 0xbf, 0xff, 0xf5,
    0x4, 0xfd, 0x0, 0x4, 0xfd, 0x0, 0x4, 0xfd,
    0x0, 0x4, 0xfd, 0x0, 0x4, 0xfd, 0x0, 0x4,
    0xfd, 0x0, 0x4, 0xfd, 0x0,

    /* U+019B "ƛ" */
    0x0, 0xef, 0xd5, 0x0, 0x0, 0x0, 0x0, 0xc,
    0xdf, 0xf6, 0x68, 0x0, 0x0, 0x0, 0x3, 0xcf,
    0xff, 0xb0, 0x0, 0x0, 0x3, 0xfe, 0xff, 0x40,
    0x0, 0x0, 0x0, 0x3, 0x9, 0xf9, 0x0, 0x0,
    0x0, 0x0, 0x0, 0xcf, 0xf0, 0x0, 0x0, 0x0,
    0x0, 0x3f, 0xff, 0x50, 0x0, 0x0, 0x0, 0xa,
    0xf9, 0xfb, 0x0, 0x0, 0x0, 0x2, 0xfe, 0x1f,
    0xf1, 0x0, 0x0, 0x0, 0x9f, 0x80, 0xaf, 0x70,
    0x0, 0x0, 0x1f, 0xf1, 0x4, 0xfd, 0x0, 0x0,
    0x7, 0xfa, 0x0, 0xe, 0xf3, 0x0, 0x0, 0xef,
    0x30, 0x0, 0x8f, 0xa0, 0x0, 0x6f, 0xc0, 0x0,
    0x2, 0xff, 0xc2, 0xd, 0xf5, 0x0, 0x0, 0x7,
    0xee, 0x20,

    /* U+019C "Ɯ" */
    0x3f, 0xf0, 0x0, 0x0, 0xdf, 0x50, 0x0, 0x7,
    0xfb, 0x3f, 0xf0, 0x0, 0x0, 0xdf, 0x50, 0x0,
    0x7, 0xfb, 0x3f, 0xf0, 0x0, 0x0, 0xdf, 0x50,
    0x0, 0x7, 0xfb, 0x3f, 0xf0, 0x0, 0x0, 0xdf,
    0x50, 0x0, 0x7, 0xfb, 0x3f, 0xf0, 0x0, 0x0,
    0xdf, 0x50, 0x0, 0x7, 0xfb, 0x3f, 0xf0, 0x0,
    0x0, 0xdf, 0x50, 0x0, 0x7, 0xfb, 0x3f, 0xf0,
    0x0, 0x0, 0xdf, 0x50, 0x0, 0x7, 0xfb, 0x3f,
    0xf0, 0x0, 0x0, 0xdf, 0x50, 0x0, 0x7, 0xfb,
    0x3f, 0xf0, 0x0, 0x0, 0xdf, 0x50, 0x0, 0x7,
    0xfb, 0x3f, 0xf0, 0x0, 0x0, 0xff, 0x50, 0x0,
    0x9, 0xfb, 0x2f, 0xf1, 0x0, 0x3, 0xff, 0x70,
    0x0, 0xd, 0xfb, 0xf, 0xf9, 0x0, 0x2c, 0xff,
    0xd1, 0x0, 0x7f, 0xfb, 0x9, 0xff, 0xfe, 0xff,
    0x5f, 0xff, 0xef, 0xf9, 0xfb, 0x0, 0x7d, 0xfe,
    0xa2, 0x3, 0xbf, 0xfc, 0x40, 0xfb,

    /* U+019D "Ɲ" */
    0x0, 0x1f, 0xfc, 0x0, 0x0, 0x0, 0x6f, 0xa0,
    0x1, 0xff, 0xf7, 0x0, 0x0, 0x6, 0xfa, 0x0,
    0x1f, 0xff, 0xf1, 0x0, 0x0, 0x6f, 0xa0, 0x1,
    0xfb, 0xbf, 0xb0, 0x0, 0x6, 0xfa, 0x0, 0x1f,
    0xc1, 0xff, 0x50, 0x0, 0x6f, 0xa0, 0x1, 0xfd,
    0x6, 0xfe, 0x0, 0x6, 0xfa, 0x0, 0x1f, 0xd0,
    0xc, 0xf9, 0x0, 0x6f, 0xa0, 0x1, 0xfd, 0x0,
    0x2f, 0xf3, 0x5, 0xfa, 0x0, 0x1f, 0xd0, 0x0,
    0x8f, 0xc0, 0x5f, 0xa0, 0x1, 0xfd, 0x0, 0x0,
    0xdf, 0x75, 0xfa, 0x0, 0x1f, 0xd0, 0x0, 0x3,
    0xff, 0x6f, 0xa0, 0x1, 0xfd, 0x0, 0x0, 0x9,
    0xfe, 0xfa, 0x0, 0x1f, 0xd0, 0x0, 0x0, 0xe,
    0xff, 0xa0, 0x1, 0xfd, 0x0, 0x0, 0x0, 0x5f,
    0xfa, 0x0, 0x1f, 0xd0, 0x0, 0x0, 0x0, 0x0,
    0x0, 0x1, 0xfd, 0x0, 0x0, 0x0, 0x0, 0x0,
    0x0, 0x4f, 0xc0, 0x0, 0x0, 0x0, 0x0, 0x4,
    0xdf, 0xf8, 0x0, 0x0, 0x0, 0x0, 0x0, 0x3f,
    0xe9, 0x0, 0x0, 0x0, 0x0, 0x0, 0x0,

    /* U+019E "ƞ" */
    0x5f, 0x64, 0xbf, 0xeb, 0x30, 0x5f, 0xdf, 0xb9,
    0xcf, 0xf3, 0x5f, 0xf7, 0x0, 0xb, 0xf9, 0x5f,
    0xf0, 0x0, 0x5, 0xfc, 0x5f, 0xd0, 0x0, 0x4,
    0xfc, 0x5f, 0xc0, 0x0, 0x4, 0xfc, 0x5f, 0xc0,
    0x0, 0x4, 0xfc, 0x5f, 0xc0, 0x0, 0x4, 0xfc,
    0x5f, 0xc0, 0x0, 0x4, 0xfc, 0x5f, 0xc0, 0x0,
    0x4, 0xfc, 0x5f, 0xc0, 0x0, 0x4, 0xfc, 0x0,
    0x0, 0x0, 0x4, 0xfc, 0x0, 0x0, 0x0, 0x4,
    0xfc, 0x0, 0x0, 0x0, 0x4, 0xfc, 0x0, 0x0,
    0x0, 0x4, 0xfc, 0x0, 0x0, 0x0, 0x4, 0xfc,

    /* U+019F "Ɵ" */
    0x0, 0x4, 0xad, 0xfe, 0xd8, 0x20, 0x0, 0x0,
    0xaf, 0xff, 0xdd, 0xff, 0xf5, 0x0, 0x8, 0xfe,
    0x50, 0x0, 0x18, 0xff, 0x30, 0x2f, 0xf5, 0x0,
    0x0, 0x0, 0xaf, 0xc0, 0x7f, 0xc0, 0x0, 0x0,
    0x0, 0x2f, 0xf2, 0xaf, 0x80, 0x0, 0x0, 0x0,
    0xe, 0xf5, 0xcf, 0xff, 0xff, 0xff, 0xff, 0xff,
    0xf7, 0xcf, 0xec, 0xcc, 0xcc, 0xcc, 0xcf, 0xf7,
    0xaf, 0x90, 0x0, 0x0, 0x0, 0xe, 0xf5, 0x7f,
    0xc0, 0x0, 0x0, 0x0, 0x1f, 0xf2, 0x2f, 0xf5,
    0x0, 0x0, 0x0, 0xaf, 0xc0, 0x8, 0xfe, 0x50,
    0x0, 0x18, 0xff, 0x30, 0x0, 0xaf, 0xff, 0xdd,
    0xff, 0xf5, 0x0, 0x0, 0x4, 0xad, 0xfe, 0xd8,
    0x20, 0x0,

    /* U+01A0 "Ơ" */
    0x0, 0x0, 0x0, 0x0, 0x0, 0x0, 0xf, 0xf4,
    0x0, 0x4, 0xad, 0xff, 0xd8, 0x10, 0x1f, 0xf1,
    0x0, 0xaf, 0xff, 0xee, 0xff, 0xf5, 0x8f, 0x90,
    0x9, 0xff, 0x60, 0x0, 0x1a, 0xff, 0xfb, 0x0,
    0x2f, 0xf5, 0x0, 0x0, 0x0, 0xbf, 0xd0, 0x0,
    0x7f, 0xd0, 0x0, 0x0, 0x0, 0x3f, 0xf2, 0x0,
    0xaf, 0x90, 0x0, 0x0, 0x0, 0xf, 0xf5, 0x0,
    0xcf, 0x80, 0x0, 0x0, 0x0, 0xd, 0xf6, 0x0,
    0xcf, 0x80, 0x0, 0x0, 0x0, 0xd, 0xf7, 0x0,
    0xaf, 0x90, 0x0, 0x0, 0x0, 0xf, 0xf5, 0x0,
    0x7f, 0xd0, 0x0, 0x0, 0x0, 0x3f, 0xf2, 0x0,
    0x2f, 0xf5, 0x0, 0x0, 0x0, 0xbf, 0xc0, 0x0,
    0x8, 0xff, 0x60, 0x0, 0x1a, 0xff, 0x30, 0x0,
    0x0, 0xaf, 0xff, 0xee, 0xff, 0xf5, 0x0, 0x0,
    0x0, 0x4, 0xad, 0xfe, 0xd8, 0x20, 0x0, 0x0,

    /* U+01A1 "ơ" */
    0x0, 0x0, 0x0, 0x0, 0x0, 0x88, 0x20, 0x0,
    0x0, 0x0, 0x0, 0x2f, 0xf1, 0x0, 0x5c, 0xff,
    0xd7, 0x6, 0xfb, 0x0, 0x9f, 0xfe, 0xdf, 0xfd,
    0xfe, 0x20, 0x4f, 0xf3, 0x0, 0x2d, 0xfc, 0x10,
    0xa, 0xf9, 0x0, 0x0, 0x5f, 0xd0, 0x0, 0xdf,
    0x50, 0x0, 0x2, 0xff, 0x10, 0xe, 0xf4, 0x0,
    0x0, 0xf, 0xf2, 0x0, 0xdf, 0x50, 0x0, 0x1,
    0xff, 0x10, 0xa, 0xf9, 0x0, 0x0, 0x5f, 0xe0,
    0x0, 0x3f, 0xf3, 0x0, 0x2d, 0xf8, 0x0, 0x0,
    0x8f, 0xfd, 0xdf, 0xfc, 0x0, 0x0, 0x0, 0x5b,
    0xef, 0xd7, 0x0, 0x0, 0x0,

    /* U+01A2 "Ƣ" */
    0x0, 0x5, 0xbe, 0xfe, 0xb5, 0x0, 0x5c, 0xff,
    0xc5, 0x0, 0x0, 0xbf, 0xff, 0xef, 0xff, 0xb9,
    0xff, 0xef, 0xff, 0x50, 0x9, 0xff, 0x50, 0x0,
    0x4e, 0xff, 0x60, 0x0, 0xbf, 0xc0, 0x2f, 0xf5,
    0x0, 0x0, 0x3, 0xff, 0x30, 0x0, 0x4f, 0xf0,
    0x7f, 0xd0, 0x0, 0x0, 0x0, 0xbf, 0x90, 0x0,
    0x2f, 0xf0, 0xaf, 0x90, 0x0, 0x0, 0x0, 0x7f,
    0xc0, 0x0, 0x2f, 0xf0, 0xcf, 0x80, 0x0, 0x0,
    0x0, 0x6f, 0xe0, 0x0, 0x2f, 0xf0, 0xcf, 0x80,
    0x0, 0x0, 0x0, 0x6f, 0xe0, 0x0, 0x2f, 0xf0,
    0xaf, 0xa0, 0x0, 0x0, 0x0, 0x8f, 0xc0, 0x0,
    0x2f, 0xf0, 0x7f, 0xe0, 0x0, 0x0, 0x0, 0xcf,
    0x90, 0x0, 0x2f, 0xf0, 0x2f, 0xf6, 0x0, 0x0,
    0x3, 0xff, 0x40, 0x0, 0x2f, 0xf0, 0x9, 0xff,
    0x50, 0x0, 0x4e, 0xfb, 0x0, 0x0, 0x2f, 0xf0,
    0x0, 0xbf, 0xff, 0xef, 0xff, 0xc1, 0x0, 0x0,
    0x2f, 0xf0, 0x0, 0x5, 0xbe, 0xfe, 0xc6, 0x0,
    0x0, 0x0, 0x2f, 0xf0,

    /* U+01A3 "ƣ" */
    0x0, 0x6d, 0xff, 0xb3, 0x7, 0xdf, 0xd5, 0x0,
    0xaf, 0xfd, 0xef, 0xfc, 0xfd, 0xef, 0xf4, 0x5f,
    0xe3, 0x0, 0x6f, 0xf4, 0x0, 0xbf, 0xab, 0xf8,
    0x0, 0x0, 0xdf, 0x60, 0x6, 0xfc, 0xef, 0x50,
    0x0, 0x9, 0xf9, 0x0, 0x4f, 0xce, 0xf3, 0x0,
    0x0, 0x8f, 0xa0, 0x4, 0xfd, 0xdf, 0x50, 0x0,
    0x9, 0xf9, 0x0, 0x4f, 0xda, 0xf8, 0x0, 0x0,
    0xdf, 0x60, 0x4, 0xfd, 0x4f, 0xe3, 0x0, 0x6f,
    0xf1, 0x0, 0x4f, 0xd0, 0x9f, 0xfd, 0xef, 0xf6,
    0x0, 0x4, 0xfd, 0x0, 0x6c, 0xff, 0xb4, 0x0,
    0x0, 0x4f, 0xd0, 0x0, 0x0, 0x0, 0x0, 0x0,
    0x4, 0xfd, 0x0, 0x0, 0x0, 0x0, 0x0, 0x0,
    0x4f, 0xd0, 0x0, 0x0, 0x0, 0x0, 0x0, 0x4,
    0xfd, 0x0, 0x0, 0x0, 0x0, 0x0, 0x0, 0x4f,
    0xd0, 0x0, 0x0, 0x0, 0x0, 0x0, 0x4, 0xfd,

    /* U+01A4 "Ƥ" */
    0x9, 0xef, 0xff, 0xff, 0xfd, 0x92, 0x0, 0x8f,
    0xfe, 0xff, 0xdd, 0xff, 0xff, 0x30, 0xcf, 0x24,
    0xfe, 0x0, 0x3, 0xdf, 0xb0, 0x9d, 0x14, 0xfe,
    0x0, 0x0, 0x4f, 0xf0, 0x0, 0x4, 0xfe, 0x0,
    0x0, 0x3f, 0xf1, 0x0, 0x4, 0xfe, 0x0, 0x0,
    0x6f, 0xe0, 0x0, 0x4, 0xfe, 0x0, 0x26, 0xff,
    0x80, 0x0, 0x4, 0xff, 0xff, 0xff, 0xfb, 0x0,
    0x0, 0x4, 0xff, 0xdd, 0xc9, 0x40, 0x0, 0x0,
    0x4, 0xfe, 0x0, 0x0, 0x0, 0x0, 0x0, 0x4,
    0xfe, 0x0, 0x0, 0x0, 0x0, 0x0, 0x4, 0xfe,
    0x0, 0x0, 0x0, 0x0, 0x0, 0x4, 0xfe, 0x0,
    0x0, 0x0, 0x0, 0x0, 0x4, 0xfe, 0x0, 0x0,
    0x0, 0x0,

    /* U+01A5 "ƥ" */
    0x5, 0xdf, 0x90, 0x0, 0x0, 0x1, 0xff, 0xea,
    0x0, 0x0, 0x0, 0x4f, 0xd0, 0x0, 0x0, 0x0,
    0x5, 0xfc, 0x0, 0x0, 0x0, 0x0, 0x5f, 0xc2,
    0xbf, 0xfb, 0x30, 0x5, 0xfd, 0xef, 0xdf, 0xff,
    0x40, 0x5f, 0xfa, 0x0, 0xb, 0xfd, 0x5, 0xff,
    0x10, 0x0, 0x2f, 0xf2, 0x5f, 0xe0, 0x0, 0x0,
    0xef, 0x45, 0xfc, 0x0, 0x0, 0xd, 0xf5, 0x5f,
    0xe0, 0x0, 0x0, 0xef, 0x45, 0xff, 0x10, 0x0,
    0x2f, 0xf2, 0x5f, 0xfa, 0x0, 0xb, 0xfd, 0x5,
    0xfe, 0xff, 0xce, 0xff, 0x30, 0x5f, 0xc3, 0xbf,
    0xfb, 0x30, 0x5, 0xfc, 0x0, 0x0, 0x0, 0x0,
    0x5f, 0xc0, 0x0, 0x0, 0x0, 0x5, 0xfc, 0x0,
    0x0, 0x0, 0x0, 0x5f, 0xc0, 0x0, 0x0, 0x0,
    0x5, 0xfc, 0x0, 0x0, 0x0, 0x0,

    /* U+01A6 "Ʀ" */
    0x1f, 0xf1, 0x0, 0x0, 0x0, 0x0, 0x1f, 0xf1,
    0x0, 0x0, 0x0, 0x0, 0x1f, 0xff, 0xff, 0xea,
    0x40, 0x0, 0x1f, 0xfd, 0xde, 0xff, 0xf7, 0x0,
    0x1f, 0xf1, 0x0, 0x19, 0xff, 0x10, 0x1f, 0xf1,
    0x0, 0x0, 0xff, 0x30, 0x1f, 0xf1, 0x0, 0x1,
    0xff, 0x30, 0x1f, 0xf1, 0x0, 0x1a, 0xfd, 0x0,
    0x1f, 0xfd, 0xde, 0xff, 0xd1, 0x0, 0x1f, 0xff,
    0xff, 0xfb, 0x0, 0x0, 0x1f, 0xf1, 0x2, 0xff,
    0x20, 0x0, 0x1f, 0xf1, 0x0, 0x9f, 0xb0, 0x0,
    0x1f, 0xf1, 0x0, 0x1f, 0xf5, 0x0, 0x1f, 0xf1,
    0x0, 0x7, 0xfe, 0x0, 0x0, 0x0, 0x0, 0x0,
    0xdf, 0x90, 0x0, 0x0, 0x0, 0x0, 0x4f, 0xf3,

    /* U+01A7 "Ƨ" */
    0x1, 0x7c, 0xef, 0xda, 0x30, 0x0, 0x1f, 0xff,
    0xef, 0xff, 0x50, 0x0, 0x63, 0x0, 0xa, 0xfe,
    0x0, 0x0, 0x0, 0x0, 0x3f, 0xf0, 0x0, 0x0,
    0x0, 0x6, 0xfe, 0x0, 0x0, 0x0, 0x18, 0xff,
    0x70, 0x0, 0x3, 0xaf, 0xff, 0x70, 0x0, 0xa,
    0xff, 0xe8, 0x10, 0x0, 0x9, 0xfe, 0x60, 0x0,
    0x0, 0x0, 0xff, 0x40, 0x0, 0x0, 0x0, 0xf,
    0xf2, 0x0, 0x0, 0x0, 0x0, 0xdf, 0xa1, 0x0,
    0x3, 0x90, 0x4, 0xff, 0xfe, 0xef, 0xff, 0x0,
    0x2, 0x9d, 0xff, 0xdb, 0x60,

    /* U+01A8 "ƨ" */
    0x3, 0xad, 0xfe, 0xb4, 0x0, 0x5f, 0xeb, 0xcf,
    0xf5, 0x0, 0x30, 0x0, 0x7f, 0xb0, 0x0, 0x0,
    0xa, 0xfa, 0x0, 0x1, 0x8e, 0xff, 0x30, 0x19,
    0xff, 0xf9, 0x20, 0xb, 0xfe, 0x71, 0x0, 0x0,
    0xff, 0x20, 0x0, 0x0, 0xf, 0xf2, 0x0, 0x1,
    0x40, 0xaf, 0xfb, 0xbd, 0xfa, 0x0, 0x7d, 0xff,
    0xeb, 0x40,

    /* U+01A9 "Ʃ" */
    0x2f, 0xff, 0xff, 0xff, 0xff, 0x91, 0xff, 0xfd,
    0xdd, 0xdd, 0xd7, 0x7, 0xff, 0x30, 0x0, 0x0,
    0x0, 0x8, 0xfe, 0x10, 0x0, 0x0, 0x0, 0xa,
    0xfd, 0x10, 0x0, 0x0, 0x0, 0xc, 0xfc, 0x0,
    0x0, 0x0, 0x0, 0x1e, 0xf7, 0x0, 0x0, 0x0,
    0x5, 0xfe, 0x10, 0x0, 0x0, 0x3, 0xff, 0x30,
    0x0, 0x0, 0x1, 0xef, 0x40, 0x0, 0x0, 0x0,
    0xcf, 0x70, 0x0, 0x0, 0x0, 0xaf, 0x90, 0x0,
    0x0, 0x0, 0x4f, 0xfe, 0xdd, 0xdd, 0xdd, 0xa5,
    0xff, 0xff, 0xff, 0xff, 0xfc,

    /* U+01AA "ƪ" */
    0x5, 0xdf, 0xd4, 0x0, 0x0, 0xf, 0xd9, 0xff,
    0x0, 0x0, 0x1f, 0xb2, 0xdf, 0x30, 0x0, 0xa,
    0xff, 0xff, 0x40, 0x0, 0x0, 0x35, 0xdf, 0x50,
    0x0, 0x0, 0x0, 0xcf, 0x50, 0x0, 0x0, 0x0,
    0xcf, 0x50, 0x0, 0x0, 0x0, 0xcf, 0x50, 0x0,
    0x0, 0x0, 0xcf, 0x50, 0x0, 0x0, 0x0, 0xcf,
    0x50, 0x0, 0x0, 0x0, 0xcf, 0x50, 0x0, 0x0,
    0x0, 0xcf, 0x50, 0x0, 0x0, 0x0, 0xcf, 0x50,
    0x0, 0x0, 0x0, 0xcf, 0x50, 0x0, 0x0, 0x0,
    0xcf, 0x50, 0x0, 0x0, 0x0, 0xcf, 0x50, 0x0,
    0x0, 0x0, 0xcf, 0x50, 0x0, 0x0, 0x0, 0xbf,
    0x80, 0x0, 0x0, 0x0, 0x6f, 0xfc, 0xc7, 0x0,
    0x0, 0x8, 0xef, 0xe5,

    /* U+01AB "ƫ" */
    0x0, 0x8f, 0x0, 0x0, 0x0, 0xef, 0x0, 0x0,
    0x4d, 0xff, 0xff, 0xf1, 0x6b, 0xff, 0xaa, 0xa0,
    0x2, 0xff, 0x0, 0x0, 0x2, 0xff, 0x0, 0x0,
    0x2, 0xff, 0x0, 0x0, 0x2, 0xff, 0x0, 0x0,
    0x2, 0xff, 0x0, 0x0, 0x2, 0xff, 0x0, 0x0,
    0x0, 0xff, 0x40, 0x0, 0x0, 0xcf, 0xfc, 0xd2,
    0x0, 0x1b, 0xff, 0xf2, 0x0, 0x0, 0xb, 0xf2,
    0x0, 0x0, 0xb, 0xf2, 0x0, 0x0, 0xc, 0xf1,
    0x0, 0x8, 0xcf, 0xe0, 0x0, 0x8, 0xfd, 0x40,

    /* U+01AC "Ƭ" */
    0x9, 0xef, 0xff, 0xff, 0xff, 0xf8, 0x8f, 0xfd,
    0xdf, 0xfe, 0xdd, 0xd6, 0xcf, 0x20, 0xf, 0xf3,
    0x0, 0x0, 0x9d, 0x10, 0xf, 0xf3, 0x0, 0x0,
    0x0, 0x0, 0xf, 0xf3, 0x0, 0x0, 0x0, 0x0,
    0xf, 0xf3, 0x0, 0x0, 0x0, 0x0, 0xf, 0xf3,
    0x0, 0x0, 0x0, 0x0, 0xf, 0xf3, 0x0, 0x0,
    0x0, 0x0, 0xf, 0xf3, 0x0, 0x0, 0x0, 0x0,
    0xf, 0xf3, 0x0, 0x0, 0x0, 0x0, 0xf, 0xf3,
    0x0, 0x0, 0x0, 0x0, 0xf, 0xf3, 0x0, 0x0,
    0x0, 0x0, 0xf, 0xf3, 0x0, 0x0, 0x0, 0x0,
    0xf, 0xf3, 0x0, 0x0,

    /* U+01AD "ƭ" */
    0x0, 0x2b, 0xef, 0x90, 0x0, 0xdf, 0xed, 0xa0,
    0x1, 0xff, 0x10, 0x0, 0x2, 0xff, 0x0, 0x0,
    0x5e, 0xff, 0xff, 0xf1, 0x6b, 0xff, 0xaa, 0xa0,
    0x2, 0xff, 0x0, 0x0, 0x2, 0xff, 0x0, 0x0,
    0x2, 0xff, 0x0, 0x0, 0x2, 0xff, 0x0, 0x0,
    0x2, 0xff, 0x0, 0x0, 0x2, 0xff, 0x0, 0x0,
    0x0, 0xff, 0x40, 0x0, 0x0, 0xbf, 0xfc, 0xd2,
    0x0, 0x1a, 0xff, 0xd1,

    /* U+01AE "Ʈ" */
    0xbf, 0xff, 0xff, 0xff, 0xff, 0xfa, 0xdd, 0xde,
    0xff, 0xdd, 0xdd, 0x0, 0x0, 0x7f, 0xb0, 0x0,
    0x0, 0x0, 0x7, 0xfb, 0x0, 0x0, 0x0, 0x0,
    0x7f, 0xb0, 0x0, 0x0, 0x0, 0x7, 0xfb, 0x0,
    0x0, 0x0, 0x0, 0x7f, 0xb0, 0x0, 0x0, 0x0,
    0x7, 0xfb, 0x0, 0x0, 0x0, 0x0, 0x7f, 0xb0,
    0x0, 0x0, 0x0, 0x7, 0xfb, 0x0, 0x0, 0x0,
    0x0, 0x7f, 0xb0, 0x0, 0x0, 0x0, 0x7, 0xfb,
    0x0, 0x0, 0x0, 0x0, 0x7f, 0xb0, 0x0, 0x0,
    0x0, 0x7, 0xfb, 0x0, 0x0, 0x0, 0x0, 0x7f,
    0xb0, 0x0, 0x0, 0x0, 0x7, 0xfb, 0x0, 0x0,
    0x0, 0x0, 0x5f, 0xd0, 0x0, 0x0, 0x0, 0x2,
    0xff, 0xec, 0x0, 0x0, 0x0, 0x5, 0xdf, 0xb0,
    0x0,

    /* U+01AF "Ư" */
    0x0, 0x0, 0x0, 0x0, 0x0, 0x0, 0x8, 0xfb,
    0x3f, 0xf0, 0x0, 0x0, 0x2, 0xff, 0xb, 0xf6,
    0x3f, 0xf0, 0x0, 0x0, 0x2, 0xff, 0x6f, 0xd0,
    0x3f, 0xf0, 0x0, 0x0, 0x2, 0xff, 0xfb, 0x10,
    0x3f, 0xf0, 0x0, 0x0, 0x2, 0xff, 0x10, 0x0,
    0x3f, 0xf0, 0x0, 0x0, 0x2, 0xff, 0x0, 0x0,
    0x3f, 0xf0, 0x0, 0x0, 0x2, 0xff, 0x0, 0x0,
    0x3f, 0xf0, 0x0, 0x0, 0x2, 0xff, 0x0, 0x0,
    0x3f, 0xf0, 0x0, 0x0, 0x2, 0xff, 0x0, 0x0,
    0x3f, 0xf0, 0x0, 0x0, 0x2, 0xff, 0x0, 0x0,
    0x2f, 0xf0, 0x0, 0x0, 0x4, 0xfe, 0x0, 0x0,
    0xf, 0xf5, 0x0, 0x0, 0x8, 0xfb, 0x0, 0x0,
    0x9, 0xfe, 0x40, 0x0, 0x5f, 0xf5, 0x0, 0x0,
    0x0, 0xcf, 0xff, 0xdf, 0xff, 0x90, 0x0, 0x0,
    0x0, 0x6, 0xcf, 0xfe, 0xb5, 0x0, 0x0, 0x0,

    /* U+01B0 "ư" */
    0x0, 0x0, 0x0, 0x0, 0x0, 0x5, 0x84, 0x0,
    0x0, 0x0, 0x0, 0x0, 0xc, 0xf6, 0x7f, 0xb0,
    0x0, 0x3, 0xfe, 0x2f, 0xf1, 0x7f, 0xb0, 0x0,
    0x3, 0xff, 0xff, 0x60, 0x7f, 0xb0, 0x0, 0x3,
    0xff, 0x83, 0x0, 0x7f, 0xb0, 0x0, 0x3, 0xfe,
    0x0, 0x0, 0x7f, 0xb0, 0x0, 0x3, 0xfe, 0x0,
    0x0, 0x7f, 0xb0, 0x0, 0x3, 0xfe, 0x0, 0x0,
    0x7f, 0xb0, 0x0, 0x4, 0xfe, 0x0, 0x0, 0x7f,
    0xc0, 0x0, 0x7, 0xfe, 0x0, 0x0, 0x4f, 0xf1,
    0x0, 0x1e, 0xfe, 0x0, 0x0, 0xd, 0xfe, 0x99,
    0xed, 0xfe, 0x0, 0x0, 0x1, 0x9d, 0xfe, 0x91,
    0xee, 0x0, 0x0,

    /* U+01B1 "Ʊ" */
    0x5f, 0xff, 0xff, 0x90, 0xf, 0xff, 0xff, 0xf4,
    0xee, 0xef, 0xf9, 0x0, 0xef, 0xfe, 0xed, 0x0,
    0x7, 0xfa, 0x0, 0x2, 0xee, 0x30, 0x0, 0x5,
    0xfb, 0x0, 0x0, 0x2, 0xfe, 0x10, 0x0, 0xff,
    0x20, 0x0, 0x0, 0x8, 0xfa, 0x0, 0x6f, 0xc0,
    0x0, 0x0, 0x0, 0x2f, 0xf1, 0xa, 0xf9, 0x0,
    0x0, 0x0, 0x0, 0xff, 0x40, 0xbf, 0x80, 0x0,
    0x0, 0x0, 0xd, 0xf6, 0xb, 0xf8, 0x0, 0x0,
    0x0, 0x0, 0xef, 0x60, 0x9f, 0xc0, 0x0, 0x0,
    0x0, 0x1f, 0xf4, 0x4, 0xff, 0x30, 0x0, 0x0,
    0x9, 0xfe, 0x0, 0xb, 0xfe, 0x50, 0x0, 0x19,
    0xff, 0x60, 0x0, 0x1b, 0xff, 0xfe, 0xef, 0xff,
    0x70, 0x0, 0x0, 0x5, 0xad, 0xff, 0xd9, 0x20,
    0x0,

    /* U+01B2 "Ʋ" */
    0x4f, 0xd0, 0x0, 0xa, 0xff, 0xb2, 0x4f, 0xd0,
    0x0, 0xa, 0xae, 0xfb, 0x4f, 0xd0, 0x0, 0x0,
    0x4, 0xff, 0x4f, 0xd0, 0x0, 0x0, 0x3, 0xff,
    0x4f, 0xd0, 0x0, 0x0, 0x4, 0xfe, 0x4f, 0xd0,
    0x0, 0x0, 0x6, 0xfb, 0x4f, 0xd0, 0x0, 0x0,
    0x9, 0xf8, 0x4f, 0xd0, 0x0, 0x0, 0xe, 0xf4,
    0x4f, 0xd0, 0x0, 0x0, 0x4f, 0xe0, 0x4f, 0xe0,
    0x0, 0x0, 0xcf, 0x70, 0x2f, 0xf0, 0x0, 0x7,
    0xfe, 0x0, 0xf, 0xf5, 0x0, 0x7f, 0xf3, 0x0,
    0x8, 0xff, 0xef, 0xff, 0x40, 0x0, 0x0, 0x8e,
    0xfd, 0x91, 0x0, 0x0,

    /* U+01B3 "Ƴ" */
    0xbf, 0x90, 0x0, 0x0, 0x2c, 0xfb, 0x3f, 0xf2,
    0x0, 0x0, 0xcf, 0xc8, 0xa, 0xfa, 0x0, 0x3,
    0xfe, 0x0, 0x1, 0xff, 0x30, 0xb, 0xf7, 0x0,
    0x0, 0x8f, 0xb0, 0x2f, 0xe0, 0x0, 0x0, 0x1e,
    0xf4, 0xaf, 0x70, 0x0, 0x0, 0x7, 0xfd, 0xfe,
    0x0, 0x0, 0x0, 0x0, 0xdf, 0xf7, 0x0, 0x0,
    0x0, 0x0, 0x6f, 0xf0, 0x0, 0x0, 0x0, 0x0,
    0x4f, 0xe0, 0x0, 0x0, 0x0, 0x0, 0x4f, 0xe0,
    0x0, 0x0, 0x0, 0x0, 0x4f, 0xe0, 0x0, 0x0,
    0x0, 0x0, 0x4f, 0xe0, 0x0, 0x0, 0x0, 0x0,
    0x4f, 0xe0, 0x0, 0x0,

    /* U+01B4 "ƴ" */
    0xbf, 0x80, 0x0, 0x0, 0x5e, 0xe3, 0x5f, 0xe0,
    0x0, 0x1, 0xff, 0xd3, 0xe, 0xf4, 0x0, 0x7,
    0xfc, 0x0, 0x9, 0xfa, 0x0, 0xc, 0xf5, 0x0,
    0x2, 0xff, 0x0, 0x2f, 0xf0, 0x0, 0x0, 0xcf,
    0x50, 0x7f, 0x90, 0x0, 0x0, 0x6f, 0xa0, 0xdf,
    0x30, 0x0, 0x0, 0xf, 0xf3, 0xfe, 0x0, 0x0,
    0x0, 0x9, 0xfb, 0xf8, 0x0, 0x0, 0x0, 0x3,
    0xff, 0xf2, 0x0, 0x0, 0x0, 0x0, 0xdf, 0xc0,
    0x0, 0x0, 0x0, 0x0, 0xbf, 0x60, 0x0, 0x0,
    0x0, 0x1, 0xff, 0x10, 0x0, 0x0, 0x0, 0xb,
    0xf9, 0x0, 0x0, 0x0, 0x7c, 0xef, 0xe1, 0x0,
    0x0, 0x0, 0x8f, 0xea, 0x10, 0x0, 0x0, 0x0,

    /* U+01B5 "Ƶ" */
    0x1f, 0xff, 0xff, 0xff, 0xff, 0x91, 0xee, 0xee,
    0xee, 0xef, 0xf8, 0x0, 0x0, 0x0, 0x7, 0xfe,
    0x0, 0x0, 0x0, 0x2, 0xff, 0x40, 0x0, 0x0,
    0x0, 0xcf, 0x90, 0x0, 0x0, 0x0, 0x8f, 0xd0,
    0x0, 0x8, 0xff, 0xff, 0xff, 0xfc, 0x0, 0x5b,
    0xcf, 0xfc, 0xbb, 0x90, 0x0, 0x8, 0xfc, 0x0,
    0x0, 0x0, 0x4, 0xff, 0x20, 0x0, 0x0, 0x1,
    0xef, 0x60, 0x0, 0x0, 0x0, 0xaf, 0xb0, 0x0,
    0x0, 0x0, 0x3f, 0xfe, 0xee, 0xee, 0xee, 0xa5,
    0xff, 0xff, 0xff, 0xff, 0xfc,

    /* U+01B6 "ƶ" */
    0xf, 0xff, 0xff, 0xff, 0xa0, 0x9a, 0xaa, 0xaf,
    0xf8, 0x0, 0x0, 0x5, 0xfd, 0x0, 0x0, 0x1,
    0xff, 0x30, 0x8, 0x99, 0xdf, 0xe9, 0x40, 0xef,
    0xff, 0xff, 0xf7, 0x0, 0x3f, 0xf2, 0x0, 0x0,
    0xd, 0xf6, 0x0, 0x0, 0x8, 0xfc, 0x0, 0x0,
    0x2, 0xff, 0xca, 0xaa, 0xa8, 0x4f, 0xff, 0xff,
    0xff, 0xc0,

    /* U+01B7 "Ʒ" */
    0xe, 0xff, 0xff, 0xff, 0xff, 0x10, 0xcd, 0xdd,
    0xdd, 0xff, 0xe0, 0x0, 0x0, 0x0, 0x8f, 0xd2,
    0x0, 0x0, 0x1, 0xbf, 0xb0, 0x0, 0x0, 0x2,
    0xdf, 0x80, 0x0, 0x0, 0x0, 0xff, 0xd8, 0x50,
    0x0, 0x0, 0x1f, 0xff, 0xff, 0xe5, 0x0, 0x0,
    0x0, 0x14, 0xbf, 0xf3, 0x0, 0x0, 0x0, 0x0,
    0xcf, 0x90, 0x0, 0x0, 0x0, 0x8, 0xfb, 0x0,
    0x0, 0x0, 0x0, 0xbf, 0x93, 0x71, 0x0, 0x0,
    0x7f, 0xf3, 0x5f, 0xfe, 0xcc, 0xff, 0xf7, 0x1,
    0x7c, 0xef, 0xfd, 0x93, 0x0,

    /* U+01B8 "Ƹ" */
    0x6f, 0xff, 0xff, 0xff, 0xfa, 0x4, 0xff, 0xed,
    0xdd, 0xdd, 0x80, 0x4, 0xfe, 0x40, 0x0, 0x0,
    0x0, 0x2, 0xdf, 0x70, 0x0, 0x0, 0x0, 0x1,
    0xbf, 0xa0, 0x0, 0x0, 0x8, 0xdf, 0xff, 0x50,
    0x0, 0xd, 0xff, 0xca, 0x93, 0x0, 0x8, 0xfe,
    0x20, 0x0, 0x0, 0x0, 0xef, 0x60, 0x0, 0x0,
    0x0, 0xf, 0xf4, 0x0, 0x0, 0x0, 0x0, 0xdf,
    0x70, 0x0, 0x0, 0x0, 0x8, 0xff, 0x50, 0x0,
    0x3, 0x80, 0xb, 0xff, 0xec, 0xdf, 0xff, 0x10,
    0x5, 0xbe, 0xff, 0xeb, 0x60,

    /* U+01B9 "ƹ" */
    0xc, 0xff, 0xff, 0xff, 0xfc, 0x0, 0xaf, 0xfc,
    0xcc, 0xcc, 0x90, 0x0, 0xcf, 0x70, 0x0, 0x0,
    0x0, 0x1, 0xdf, 0x50, 0x0, 0x0, 0x0, 0x2,
    0xef, 0x40, 0x0, 0x0, 0x0, 0x3, 0xff, 0x30,
    0x0, 0x0, 0x3, 0x8d, 0xfe, 0x0, 0x0, 0xa,
    0xff, 0xff, 0xf0, 0x0, 0x8, 0xfe, 0x61, 0x0,
    0x0, 0x0, 0xff, 0x40, 0x0, 0x0, 0x0, 0x3f,
    0xe0, 0x0, 0x0, 0x0, 0x4, 0xfe, 0x0, 0x0,
    0x0, 0x0, 0x1f, 0xf3, 0x0, 0x0, 0x0, 0x0,
    0xbf, 0xd2, 0x0, 0x1, 0x60, 0x1, 0xdf, 0xfd,
    0xce, 0xff, 0x0, 0x0, 0x8d, 0xff, 0xec, 0x70,

    /* U+01BA "ƺ" */
    0x4f, 0xff, 0xff, 0xff, 0xe0, 0x3b, 0xbb, 0xbc,
    0xff, 0xc0, 0x0, 0x0, 0xc, 0xfc, 0x0, 0x0,
    0x0, 0xcf, 0xb0, 0x0, 0x0, 0xc, 0xfb, 0x0,
    0x0, 0x0, 0x7f, 0xff, 0xd7, 0x0, 0x0, 0x49,
    0x9c, 0xff, 0xc0, 0x0, 0x0, 0x0, 0x3f, 0xf3,
    0x0, 0x0, 0x0, 0xc, 0xf6, 0x0, 0x0, 0x0,
    0xd, 0xf5, 0x0, 0x0, 0x1, 0x8f, 0xf1, 0x3,
    0xbe, 0xff, 0xff, 0x50, 0x1f, 0xfd, 0xba, 0x72,
    0x0, 0x4f, 0xb0, 0x0, 0x2, 0x0, 0x1f, 0xfc,
    0xbc, 0xef, 0x20, 0x3, 0xae, 0xfe, 0xd9, 0x0,

    /* U+01BB "ƻ" */
    0x0, 0x4b, 0xef, 0xd7, 0x0, 0x0, 0xaf, 0xfd,
    0xdf, 0xfb, 0x0, 0x6, 0xc2, 0x0, 0x4f, 0xf3,
    0x0, 0x0, 0x0, 0x0, 0xdf, 0x50, 0x0, 0x0,
    0x0, 0xe, 0xf3, 0x0, 0x0, 0x0, 0x3, 0xff,
    0x0, 0x6, 0x99, 0x99, 0xdf, 0xd9, 0x30, 0xaf,
    0xff, 0xff, 0xff, 0xf6, 0x0, 0x0, 0x5f, 0xf2,
    0x0, 0x0, 0x0, 0x2f, 0xf5, 0x0, 0x0, 0x0,
    0x1d, 0xf8, 0x0, 0x0, 0x0, 0xb, 0xfb, 0x0,
    0x0, 0x0, 0x8, 0xfd, 0x0, 0x0, 0x0, 0x2,
    0xff, 0xdb, 0xbb, 0xbb, 0xb5, 0x2f, 0xff, 0xff,
    0xff, 0xff, 0x70,

    /* U+01BC "Ƽ" */
    0x4f, 0xff, 0xff, 0xff, 0xff, 0x14, 0xee, 0xff,
    0xee, 0xee, 0xe1, 0x0, 0x7f, 0xb0, 0x0, 0x0,
    0x0, 0x7, 0xfb, 0x0, 0x0, 0x0, 0x0, 0x7f,
    0xb0, 0x0, 0x0, 0x0, 0x7, 0xff, 0xfe, 0xa4,
    0x0, 0x0, 0x5c, 0xcd, 0xff, 0xf8, 0x0, 0x0,
    0x0, 0x0, 0x8f, 0xf3, 0x0, 0x0, 0x0, 0x0,
    0xcf, 0x80, 0x0, 0x0, 0x0, 0xa, 0xf9, 0x0,
    0x0, 0x0, 0x0, 0xdf, 0x73, 0x61, 0x0, 0x1,
    0x9f, 0xf2, 0x5f, 0xfe, 0xcd, 0xff, 0xf6, 0x1,
    0x7c, 0xef, 0xfd, 0x92, 0x0,

    /* U+01BD "ƽ" */
    0x2f, 0xff, 0xff, 0xff, 0xb0, 0x1b, 0xef, 0xcb,
    0xbb, 0x80, 0x0, 0xaf, 0x50, 0x0, 0x0, 0x0,
    0xaf, 0x50, 0x0, 0x0, 0x0, 0xaf, 0xff, 0xd8,
    0x0, 0x0, 0x6a, 0xac, 0xff, 0xc0, 0x0, 0x0,
    0x0, 0x2f, 0xf3, 0x0, 0x0, 0x0, 0xd, 0xf4,
    0x23, 0x0, 0x0, 0x4f, 0xf1, 0x5f, 0xec, 0xbd,
    0xff, 0x80, 0x19, 0xde, 0xfe, 0xb5, 0x0,

    /* U+01BE "ƾ" */
    0x0, 0x5, 0x60, 0x0, 0x0, 0x0, 0xdc, 0x0,
    0x0, 0x0, 0x3f, 0xc0, 0x0, 0x0, 0xaf, 0xff,
    0xff, 0xc0, 0x1a, 0xbf, 0xea, 0xa7, 0x0, 0x4,
    0xfc, 0x0, 0x0, 0x0, 0x4f, 0xc0, 0x0, 0x0,
    0x1, 0xff, 0x80, 0x0, 0x0, 0x6, 0xff, 0xe6,
    0x0, 0x0, 0x2, 0xaf, 0xf4, 0x0, 0x0, 0x0,
    0x9f, 0x82, 0x30, 0x0, 0xa, 0xf7, 0x4f, 0xeb,
    0xad, 0xfe, 0x11, 0x9d, 0xff, 0xea, 0x20,

    /* U+01BF "ƿ" */
    0x5f, 0x72, 0xbf, 0xfb, 0x20, 0x5, 0xfc, 0xff,
    0xdf, 0xff, 0x30, 0x5f, 0xf9, 0x0, 0x1d, 0xfb,
    0x5, 0xff, 0x10, 0x0, 0x5f, 0xf0, 0x5f, 0xd0,
    0x0, 0x2, 0xff, 0x5, 0xfc, 0x0, 0x0, 0x3f,
    0xf0, 0x5f, 0xc0, 0x0, 0x8, 0xfb, 0x5, 0xfc,
    0x0, 0x3, 0xff, 0x40, 0x5f, 0xc0, 0x7, 0xff,
    0x90, 0x5, 0xfe, 0xbf, 0xff, 0x80, 0x0, 0x5f,
    0xfe, 0xd8, 0x20, 0x0, 0x5, 0xfc, 0x0, 0x0,
    0x0, 0x0, 0x5f, 0xc0, 0x0, 0x0, 0x0, 0x5,
    0xfc, 0x0, 0x0, 0x0, 0x0, 0x5f, 0xc0, 0x0,
    0x0, 0x0, 0x5, 0xfc, 0x0, 0x0, 0x0, 0x0,

    /* U+01C0 "ǀ" */
    0xaf, 0x1a, 0xf1, 0xaf, 0x1a, 0xf1, 0xaf, 0x1a,
    0xf1, 0xaf, 0x1a, 0xf1, 0xaf, 0x1a, 0xf1, 0xaf,
    0x1a, 0xf1, 0xaf, 0x1a, 0xf1, 0xaf, 0x10,

    /* U+01C1 "ǁ" */
    0xaf, 0x10, 0xf, 0xba, 0xf1, 0x0, 0xfb, 0xaf,
    0x10, 0xf, 0xba, 0xf1, 0x0, 0xfb, 0xaf, 0x10,
    0xf, 0xba, 0xf1, 0x0, 0xfb, 0xaf, 0x10, 0xf,
    0xba, 0xf1, 0x0, 0xfb, 0xaf, 0x10, 0xf, 0xba,
    0xf1, 0x0, 0xfb, 0xaf, 0x10, 0xf, 0xba, 0xf1,
    0x0, 0xfb, 0xaf, 0x10, 0xf, 0xba, 0xf1, 0x0,
    0xfb, 0xaf, 0x10, 0xf, 0xb0,

    /* U+01C2 "ǂ" */
    0x0, 0xb, 0xf0, 0x0, 0x0, 0x0, 0xbf, 0x0,
    0x0, 0x0, 0xb, 0xf0, 0x0, 0x0, 0x0, 0xbf,
    0x0, 0x0, 0x79, 0x9d, 0xf9, 0x99, 0xc, 0xff,
    0xff, 0xff, 0xf1, 0x0, 0xb, 0xf0, 0x0, 0x0,
    0x0, 0xbf, 0x0, 0x0, 0xcf, 0xff, 0xff, 0xff,
    0x17, 0x99, 0xef, 0x99, 0x90, 0x0, 0xb, 0xf0,
    0x0, 0x0, 0x0, 0xbf, 0x0, 0x0, 0x0, 0xb,
    0xf0, 0x0, 0x0, 0x0, 0xbf, 0x0, 0x0, 0x0,
    0xb, 0xf0, 0x0, 0x0,

    /* U+01C3 "ǃ" */
    0x7f, 0xf0, 0x7f, 0xe0, 0x6f, 0xd0, 0x5f, 0xc0,
    0x4f, 0xc0, 0x3f, 0xb0, 0x3f, 0xa0, 0x2f, 0x90,
    0x1f, 0x80, 0xf, 0x80, 0x1, 0x0, 0x4d, 0xa0,
    0x9f, 0xf0, 0x5f, 0xb0,

    /* U+01C4 "Ǆ" */
    0x0, 0x0, 0x0, 0x0, 0x0, 0x0, 0x0, 0x2,
    0xfa, 0x0, 0x3e, 0xb0, 0x0, 0x0, 0x0, 0x0,
    0x0, 0x0, 0x0, 0x0, 0x5, 0xfc, 0x5f, 0xd0,
    0x0, 0x0, 0x0, 0x0, 0x0, 0x0, 0x0, 0x0,
    0x0, 0x8, 0xff, 0xf2, 0x0, 0x0, 0x0, 0x0,
    0x0, 0x0, 0x0, 0x0, 0x0, 0x0, 0x7, 0x84,
    0x0, 0x0, 0x0, 0x0, 0x0, 0x0, 0x0, 0x0,
    0x0, 0x0, 0x0, 0x0, 0x0, 0x0, 0x2, 0xff,
    0xff, 0xfe, 0xb6, 0x10, 0x0, 0xa, 0xff, 0xff,
    0xff, 0xff, 0xf1, 0x2f, 0xfd, 0xdd, 0xff, 0xfe,
    0x40, 0x0, 0x8d, 0xdd, 0xdd, 0xde, 0xff, 0x2,
    0xff, 0x0, 0x0, 0x3c, 0xff, 0x20, 0x0, 0x0,
    0x0, 0x1, 0xef, 0x60, 0x2f, 0xf0, 0x0, 0x0,
    0xc, 0xfb, 0x0, 0x0, 0x0, 0x0, 0xbf, 0xb0,
    0x2, 0xff, 0x0, 0x0, 0x0, 0x3f, 0xf1, 0x0,
    0x0, 0x0, 0x6f, 0xe1, 0x0, 0x2f, 0xf0, 0x0,
    0x0, 0x0, 0xff, 0x40, 0x0, 0x0, 0x2f, 0xf5,
    0x0, 0x2, 0xff, 0x0, 0x0, 0x0, 0xd, 0xf6,
    0x0, 0x0, 0xc, 0xfa, 0x0, 0x0, 0x2f, 0xf0,
    0x0, 0x0, 0x0, 0xef, 0x60, 0x0, 0x7, 0xfe,
    0x0, 0x0, 0x2, 0xff, 0x0, 0x0, 0x0, 0xf,
    0xf4, 0x0, 0x2, 0xff, 0x40, 0x0, 0x0, 0x2f,
    0xf0, 0x0, 0x0, 0x5, 0xff, 0x10, 0x0, 0xcf,
    0x90, 0x0, 0x0, 0x2, 0xff, 0x0, 0x0, 0x1,
    0xdf, 0xa0, 0x0, 0x8f, 0xd0, 0x0, 0x0, 0x0,
    0x2f, 0xf0, 0x0, 0x5, 0xdf, 0xe2, 0x0, 0x3f,
    0xf3, 0x0, 0x0, 0x0, 0x2, 0xff, 0xdd, 0xef,
    0xff, 0xd2, 0x0, 0xc, 0xff, 0xdd, 0xdd, 0xdd,
    0xd3, 0x2f, 0xff, 0xff, 0xea, 0x50, 0x0, 0x0,
    0xdf, 0xff, 0xff, 0xff, 0xff, 0x30,

    /* U+01C5 "ǅ" */
    0x0, 0x0, 0x0, 0x0, 0x0, 0x0, 0x0, 0x1d,
    0xc2, 0x3, 0xdc, 0x2, 0xff, 0xff, 0xfe, 0xb6,
    0x10, 0x0, 0x0, 0x1e, 0xe7, 0xfc, 0x0, 0x2f,
    0xfd, 0xdd, 0xff, 0xfe, 0x40, 0x0, 0x0, 0x2f,
    0xfe, 0x10, 0x2, 0xff, 0x0, 0x0, 0x3c, 0xff,
    0x20, 0x0, 0x0, 0x0, 0x0, 0x0, 0x2f, 0xf0,
    0x0, 0x0, 0xc, 0xfb, 0x0, 0x5f, 0xff, 0xff,
    0xff, 0x42, 0xff, 0x0, 0x0, 0x0, 0x3f, 0xf1,
    0x3, 0xaa, 0xaa, 0xbf, 0xf2, 0x2f, 0xf0, 0x0,
    0x0, 0x0, 0xff, 0x40, 0x0, 0x0, 0xb, 0xf8,
    0x2, 0xff, 0x0, 0x0, 0x0, 0xd, 0xf6, 0x0,
    0x0, 0x6, 0xfd, 0x0, 0x2f, 0xf0, 0x0, 0x0,
    0x0, 0xef, 0x60, 0x0, 0x2, 0xff, 0x20, 0x2,
    0xff, 0x0, 0x0, 0x0, 0xf, 0xf4, 0x0, 0x0,
    0xcf, 0x60, 0x0, 0x2f, 0xf0, 0x0, 0x0, 0x5,
    0xff, 0x10, 0x0, 0x7f, 0xb0, 0x0, 0x2, 0xff,
    0x0, 0x0, 0x1, 0xdf, 0xa0, 0x0, 0x2f, 0xe1,
    0x0, 0x0, 0x2f, 0xf0, 0x0, 0x5, 0xdf, 0xe2,
    0x0, 0xd, 0xf4, 0x0, 0x0, 0x2, 0xff, 0xdd,
    0xef, 0xff, 0xd2, 0x0, 0x8, 0xff, 0xdd, 0xdd,
    0xd5, 0x2f, 0xff, 0xff, 0xea, 0x50, 0x0, 0x0,
    0xaf, 0xff, 0xff, 0xff, 0x60,

    /* U+01C6 "ǆ" */
    0x0, 0x0, 0x0, 0x5, 0xfc, 0x0, 0x2e, 0xb1,
    0x6, 0xf7, 0x0, 0x0, 0x0, 0x0, 0x5f, 0xc0,
    0x0, 0x2e, 0xea, 0xf8, 0x0, 0x0, 0x0, 0x0,
    0x5, 0xfc, 0x0, 0x0, 0x4e, 0xea, 0x0, 0x0,
    0x0, 0x0, 0x0, 0x5f, 0xc0, 0x0, 0x0, 0x0,
    0x0, 0x0, 0x0, 0x8e, 0xfd, 0x75, 0xfc, 0x0,
    0x8f, 0xff, 0xff, 0xff, 0x0, 0xcf, 0xfd, 0xdf,
    0xcf, 0xc0, 0x6, 0xcc, 0xcc, 0xdf, 0xf0, 0x6f,
    0xf3, 0x0, 0x3f, 0xfc, 0x0, 0x0, 0x0, 0xd,
    0xf7, 0xb, 0xf9, 0x0, 0x0, 0x9f, 0xc0, 0x0,
    0x0, 0x9, 0xfb, 0x0, 0xef, 0x50, 0x0, 0x6,
    0xfc, 0x0, 0x0, 0x4, 0xfe, 0x10, 0xe, 0xf4,
    0x0, 0x0, 0x5f, 0xc0, 0x0, 0x1, 0xef, 0x40,
    0x0, 0xef, 0x50, 0x0, 0x5, 0xfc, 0x0, 0x0,
    0xbf, 0x90, 0x0, 0xb, 0xf8, 0x0, 0x0, 0x8f,
    0xc0, 0x0, 0x7f, 0xd0, 0x0, 0x0, 0x6f, 0xf3,
    0x0, 0x3e, 0xfc, 0x0, 0x3f, 0xf2, 0x0, 0x0,
    0x0, 0xcf, 0xfd, 0xdf, 0xbf, 0xc0, 0xc, 0xfe,
    0xcc, 0xcc, 0xc2, 0x0, 0x9e, 0xfd, 0x60, 0xfc,
    0x0, 0xef, 0xff, 0xff, 0xff, 0x30,

    /* U+01C7 "Ǉ" */
    0x2f, 0xf0, 0x0, 0x0, 0x0, 0x7, 0xfb, 0x2f,
    0xf0, 0x0, 0x0, 0x0, 0x7, 0xfb, 0x2f, 0xf0,
    0x0, 0x0, 0x0, 0x7, 0xfb, 0x2f, 0xf0, 0x0,
    0x0, 0x0, 0x7, 0xfb, 0x2f, 0xf0, 0x0, 0x0,
    0x0, 0x7, 0xfb, 0x2f, 0xf0, 0x0, 0x0, 0x0,
    0x7, 0xfb, 0x2f, 0xf0, 0x0, 0x0, 0x0, 0x7,
    0xfb, 0x2f, 0xf0, 0x0, 0x0, 0x0, 0x7, 0xfb,
    0x2f, 0xf0, 0x0, 0x0, 0x0, 0x7, 0xfb, 0x2f,
    0xf0, 0x0, 0x0, 0x0, 0x7, 0xfb, 0x2f, 0xf0,
    0x0, 0x0, 0x0, 0x7, 0xfb, 0x2f, 0xf0, 0x0,
    0x0, 0x0, 0x7, 0xfb, 0x2f, 0xfe, 0xee, 0xee,
    0xe1, 0x7, 0xfb, 0x2f, 0xff, 0xff, 0xff, 0xf2,
    0x7, 0xfb, 0x0, 0x0, 0x0, 0x0, 0x0, 0x8,
    0xfa, 0x0, 0x0, 0x0, 0x0, 0x10, 0x3e, 0xf6,
    0x0, 0x0, 0x0, 0x0, 0xdf, 0xff, 0xd0, 0x0,
    0x0, 0x0, 0x0, 0x9d, 0xc8, 0x0,

    /* U+01C8 "ǈ" */
    0x0, 0x0, 0x0, 0x0, 0x0, 0x8, 0xf5, 0x2f,
    0xf0, 0x0, 0x0, 0x0, 0xb, 0xf9, 0x2f, 0xf0,
    0x0, 0x0, 0x0, 0x2, 0x61, 0x2f, 0xf0, 0x0,
    0x0, 0x0, 0x0, 0x0, 0x2f, 0xf0, 0x0, 0x0,
    0x0, 0xa, 0xf7, 0x2f, 0xf0, 0x0, 0x0, 0x0,
    0xa, 0xf7, 0x2f, 0xf0, 0x0, 0x0, 0x0, 0xa,
    0xf7, 0x2f, 0xf0, 0x0, 0x0, 0x0, 0xa, 0xf7,
    0x2f, 0xf0, 0x0, 0x0, 0x0, 0xa, 0xf7, 0x2f,
    0xf0, 0x0, 0x0, 0x0, 0xa, 0xf7, 0x2f, 0xf0,
    0x0, 0x0, 0x0, 0xa, 0xf7, 0x2f, 0xf0, 0x0,
    0x0, 0x0, 0xa, 0xf7, 0x2f, 0xf0, 0x0, 0x0,
    0x0, 0xa, 0xf7, 0x2f, 0xfe, 0xee, 0xee, 0xe1,
    0xa, 0xf7, 0x2f, 0xff, 0xff, 0xff, 0xf2, 0xa,
    0xf7, 0x0, 0x0, 0x0, 0x0, 0x0, 0xa, 0xf7,
    0x0, 0x0, 0x0, 0x0, 0x0, 0xa, 0xf7, 0x0,
    0x0, 0x0, 0x0, 0x0, 0xd, 0xf5, 0x0, 0x0,
    0x0, 0x0, 0x5c, 0xef, 0xf1, 0x0, 0x0, 0x0,
    0x0, 0x4f, 0xfc, 0x30,

    /* U+01C9 "ǉ" */
    0x5f, 0xc0, 0x0, 0xce, 0x25, 0xfc, 0x0, 0xf,
    0xf4, 0x5f, 0xc0, 0x0, 0x45, 0x5, 0xfc, 0x0,
    0x0, 0x0, 0x5f, 0xc0, 0x0, 0xef, 0x35, 0xfc,
    0x0, 0xe, 0xf3, 0x5f, 0xc0, 0x0, 0xef, 0x35,
    0xfc, 0x0, 0xe, 0xf3, 0x5f, 0xc0, 0x0, 0xef,
    0x35, 0xfc, 0x0, 0xe, 0xf3, 0x5f, 0xc0, 0x0,
    0xef, 0x35, 0xfc, 0x0, 0xe, 0xf3, 0x5f, 0xc0,
    0x0, 0xef, 0x35, 0xfc, 0x0, 0xe, 0xf3, 0x5f,
    0xc0, 0x0, 0xef, 0x30, 0x0, 0x0, 0xe, 0xf3,
    0x0, 0x0, 0x0, 0xef, 0x30, 0x0, 0x0, 0x2f,
    0xf1, 0x0, 0x9, 0xcf, 0xfb, 0x0, 0x0, 0x8f,
    0xea, 0x10,

    /* U+01CA "Ǌ" */
    0x1f, 0xfc, 0x0, 0x0, 0x0, 0x6f, 0xa0, 0x0,
    0xaf, 0x81, 0xff, 0xf7, 0x0, 0x0, 0x6, 0xfa,
    0x0, 0xa, 0xf8, 0x1f, 0xff, 0xf1, 0x0, 0x0,
    0x6f, 0xa0, 0x0, 0xaf, 0x81, 0xfb, 0xbf, 0xb0,
    0x0, 0x6, 0xfa, 0x0, 0xa, 0xf8, 0x1f, 0xc1,
    0xff, 0x50, 0x0, 0x6f, 0xa0, 0x0, 0xaf, 0x81,
    0xfd, 0x6, 0xfe, 0x0, 0x6, 0xfa, 0x0, 0xa,
    0xf8, 0x1f, 0xd0, 0xc, 0xf9, 0x0, 0x6f, 0xa0,
    0x0, 0xaf, 0x81, 0xfd, 0x0, 0x2f, 0xf3, 0x5,
    0xfa, 0x0, 0xa, 0xf8, 0x1f, 0xd0, 0x0, 0x8f,
    0xc0, 0x5f, 0xa0, 0x0, 0xaf, 0x81, 0xfd, 0x0,
    0x0, 0xdf, 0x75, 0xfa, 0x0, 0xa, 0xf8, 0x1f,
    0xd0, 0x0, 0x3, 0xff, 0x6f, 0xa0, 0x0, 0xaf,
    0x81, 0xfd, 0x0, 0x0, 0x9, 0xfe, 0xfa, 0x0,
    0xa, 0xf8, 0x1f, 0xd0, 0x0, 0x0, 0xe, 0xff,
    0xa0, 0x0, 0xaf, 0x81, 0xfd, 0x0, 0x0, 0x0,
    0x5f, 0xfa, 0x0, 0xa, 0xf7, 0x0, 0x0, 0x0,
    0x0, 0x0, 0x0, 0x0, 0x0, 0xcf, 0x60, 0x0,
    0x0, 0x0, 0x0, 0x0, 0x0, 0x10, 0x5f, 0xf3,
    0x0, 0x0, 0x0, 0x0, 0x0, 0x0, 0xf, 0xff,
    0xfa, 0x0, 0x0, 0x0, 0x0, 0x0, 0x0, 0x0,
    0xbd, 0xc6, 0x0,

    /* U+01CB "ǋ" */
    0x0, 0x0, 0x0, 0x0, 0x0, 0x0, 0x0, 0x0,
    0xbe, 0x31, 0xff, 0xc0, 0x0, 0x0, 0x6, 0xfa,
    0x0, 0xe, 0xf5, 0x1f, 0xff, 0x70, 0x0, 0x0,
    0x6f, 0xa0, 0x0, 0x36, 0x1, 0xfd, 0xff, 0x10,
    0x0, 0x6, 0xfa, 0x0, 0x0, 0x0, 0x1f, 0xc7,
    0xfb, 0x0, 0x0, 0x6f, 0xa0, 0x0, 0xdf, 0x41,
    0xfc, 0xd, 0xf5, 0x0, 0x6, 0xfa, 0x0, 0xd,
    0xf4, 0x1f, 0xd0, 0x3f, 0xe0, 0x0, 0x6f, 0xa0,
    0x0, 0xdf, 0x41, 0xfd, 0x0, 0xaf, 0x90, 0x6,
    0xfa, 0x0, 0xd, 0xf4, 0x1f, 0xd0, 0x1, 0xef,
    0x30, 0x5f, 0xa0, 0x0, 0xdf, 0x41, 0xfd, 0x0,
    0x6, 0xfc, 0x5, 0xfa, 0x0, 0xd, 0xf4, 0x1f,
    0xd0, 0x0, 0xc, 0xf7, 0x5f, 0xa0, 0x0, 0xdf,
    0x41, 0xfd, 0x0, 0x0, 0x2f, 0xf6, 0xfa, 0x0,
    0xd, 0xf4, 0x1f, 0xd0, 0x0, 0x0, 0x8f, 0xef,
    0xa0, 0x0, 0xdf, 0x41, 0xfd, 0x0, 0x0, 0x0,
    0xef, 0xfa, 0x0, 0xd, 0xf4, 0x1f, 0xd0, 0x0,
    0x0, 0x4, 0xff, 0xa0, 0x0, 0xdf, 0x40, 0x0,
    0x0, 0x0, 0x0, 0x0, 0x0, 0x0, 0xd, 0xf4,
    0x0, 0x0, 0x0, 0x0, 0x0, 0x0, 0x0, 0x0,
    0xdf, 0x40, 0x0, 0x0, 0x0, 0x0, 0x0, 0x0,
    0x0, 0x1f, 0xf2, 0x0, 0x0, 0x0, 0x0, 0x0,
    0x0, 0x8, 0xce, 0xfc, 0x0, 0x0, 0x0, 0x0,
    0x0, 0x0, 0x0, 0x7f, 0xeb, 0x20,

    /* U+01CC "ǌ" */
    0x0, 0x0, 0x0, 0x0, 0x0, 0x0, 0xa, 0xf4,
    0x0, 0x0, 0x0, 0x0, 0x0, 0x0, 0xd, 0xf7,
    0x0, 0x0, 0x0, 0x0, 0x0, 0x0, 0x2, 0x60,
    0x0, 0x0, 0x0, 0x0, 0x0, 0x0, 0x0, 0x0,
    0x5f, 0x62, 0xbe, 0xfc, 0x50, 0x0, 0xc, 0xf5,
    0x5f, 0xcf, 0xec, 0xef, 0xf6, 0x0, 0xc, 0xf5,
    0x5f, 0xfa, 0x0, 0xa, 0xfc, 0x0, 0xc, 0xf5,
    0x5f, 0xf1, 0x0, 0x3, 0xff, 0x0, 0xc, 0xf5,
    0x5f, 0xd0, 0x0, 0x2, 0xff, 0x0, 0xc, 0xf5,
    0x5f, 0xc0, 0x0, 0x2, 0xff, 0x0, 0xc, 0xf5,
    0x5f, 0xc0, 0x0, 0x2, 0xff, 0x0, 0xc, 0xf5,
    0x5f, 0xc0, 0x0, 0x2, 0xff, 0x0, 0xc, 0xf5,
    0x5f, 0xc0, 0x0, 0x2, 0xff, 0x0, 0xc, 0xf5,
    0x5f, 0xc0, 0x0, 0x2, 0xff, 0x0, 0xc, 0xf5,
    0x5f, 0xc0, 0x0, 0x2, 0xff, 0x0, 0xc, 0xf5,
    0x0, 0x0, 0x0, 0x0, 0x0, 0x0, 0xc, 0xf5,
    0x0, 0x0, 0x0, 0x0, 0x0, 0x0, 0xc, 0xf5,
    0x0, 0x0, 0x0, 0x0, 0x0, 0x0, 0xe, 0xf3,
    0x0, 0x0, 0x0, 0x0, 0x0, 0x7c, 0xef, 0xd0,
    0x0, 0x0, 0x0, 0x0, 0x0, 0x6f, 0xfb, 0x20,

    /* U+01CD "Ǎ" */
    0x0, 0xd, 0xd2, 0x1, 0xce, 0x10, 0x0, 0x0,
    0x1, 0xee, 0x4d, 0xf3, 0x0, 0x0, 0x0, 0x0,
    0x3f, 0xff, 0x60, 0x0, 0x0, 0x0, 0x0, 0x5,
    0x87, 0x0, 0x0, 0x0, 0x0, 0x0, 0x0, 0x0,
    0x0, 0x0, 0x0, 0x0, 0x0, 0xc, 0xfd, 0x0,
    0x0, 0x0, 0x0, 0x0, 0x2f, 0xff, 0x30, 0x0,
    0x0, 0x0, 0x0, 0x8f, 0xaf, 0x90, 0x0, 0x0,
    0x0, 0x0, 0xef, 0x1f, 0xf0, 0x0, 0x0, 0x0,
    0x5, 0xfb, 0xa, 0xf6, 0x0, 0x0, 0x0, 0xb,
    0xf5, 0x4, 0xfc, 0x0, 0x0, 0x0, 0x1f, 0xf0,
    0x0, 0xef, 0x20, 0x0, 0x0, 0x7f, 0x90, 0x0,
    0x8f, 0x80, 0x0, 0x0, 0xdf, 0xff, 0xff, 0xff,
    0xe0, 0x0, 0x4, 0xff, 0xee, 0xee, 0xef, 0xf5,
    0x0, 0xa, 0xf8, 0x0, 0x0, 0x8, 0xfb, 0x0,
    0x1f, 0xf2, 0x0, 0x0, 0x2, 0xff, 0x10, 0x6f,
    0xd0, 0x0, 0x0, 0x0, 0xcf, 0x70, 0xcf, 0x70,
    0x0, 0x0, 0x0, 0x6f, 0xd0,

    /* U+01CE "ǎ" */
    0x0, 0x8f, 0x60, 0x1b, 0xe2, 0x0, 0x9, 0xfa,
    0xee, 0x30, 0x0, 0x0, 0xae, 0xe4, 0x0, 0x0,
    0x0, 0x0, 0x0, 0x0, 0x0, 0x4a, 0xdf, 0xec,
    0x50, 0x0, 0xbf, 0xda, 0xcf, 0xf4, 0x0, 0x33,
    0x0, 0xa, 0xfb, 0x0, 0x0, 0x0, 0x4, 0xfd,
    0x0, 0x0, 0x0, 0x14, 0xfe, 0x0, 0x7d, 0xff,
    0xff, 0xfe, 0xa, 0xfe, 0x74, 0x46, 0xfe, 0x1f,
    0xf3, 0x0, 0x4, 0xfe, 0xf, 0xf2, 0x0, 0xb,
    0xfe, 0xb, 0xfd, 0x88, 0xdc, 0xfe, 0x1, 0x9e,
    0xfe, 0x80, 0xce,

    /* U+01CF "Ǐ" */
    0xd, 0xd2, 0x1, 0xce, 0x10, 0x2e, 0xe4, 0xdf,
    0x20, 0x0, 0x4f, 0xff, 0x50, 0x0, 0x0, 0x68,
    0x60, 0x0, 0x0, 0x0, 0x0, 0x0, 0x0, 0x3f,
    0xff, 0xff, 0x40, 0x0, 0x7d, 0xfd, 0x71, 0x0,
    0x0, 0x8f, 0xa0, 0x0, 0x0, 0x8, 0xfa, 0x0,
    0x0, 0x0, 0x8f, 0xa0, 0x0, 0x0, 0x8, 0xfa,
    0x0, 0x0, 0x0, 0x8f, 0xa0, 0x0, 0x0, 0x8,
    0xfa, 0x0, 0x0, 0x0, 0x8f, 0xa0, 0x0, 0x0,
    0x8, 0xfa, 0x0, 0x0, 0x0, 0x8f, 0xa0, 0x0,
    0x0, 0x8, 0xfa, 0x0, 0x0, 0x6, 0xdf, 0xd7,
    0x10, 0x3, 0xff, 0xff, 0xf4, 0x0,

    /* U+01D0 "ǐ" */
    0x8f, 0x60, 0x1b, 0xe2, 0x8, 0xfa, 0xee, 0x20,
    0x0, 0x9d, 0xc3, 0x0, 0x0, 0x0, 0x0, 0x0,
    0x0, 0x5f, 0xc0, 0x0, 0x0, 0x5f, 0xc0, 0x0,
    0x0, 0x5f, 0xc0, 0x0, 0x0, 0x5f, 0xc0, 0x0,
    0x0, 0x5f, 0xc0, 0x0, 0x0, 0x5f, 0xc0, 0x0,
    0x0, 0x5f, 0xc0, 0x0, 0x0, 0x5f, 0xc0, 0x0,
    0x0, 0x5f, 0xc0, 0x0, 0x0, 0x5f, 0xc0, 0x0,
    0x0, 0x5f, 0xc0, 0x0,

    /* U+01D1 "Ǒ" */
    0x0, 0x7, 0xf7, 0x0, 0x9f, 0x40, 0x0, 0x0,
    0x0, 0x8f, 0xac, 0xf5, 0x0, 0x0, 0x0, 0x0,
    0xa, 0xff, 0x60, 0x0, 0x0, 0x0, 0x0, 0x0,
    0x0, 0x0, 0x0, 0x0, 0x0, 0x0, 0x0, 0x0,
    0x0, 0x0, 0x0, 0x0, 0x4, 0xad, 0xfe, 0xd8,
    0x20, 0x0, 0x0, 0xaf, 0xff, 0xee, 0xff, 0xf5,
    0x0, 0x8, 0xff, 0x60, 0x0, 0x1a, 0xff, 0x30,
    0x2f, 0xf6, 0x0, 0x0, 0x0, 0xbf, 0xc0, 0x7f,
    0xd0, 0x0, 0x0, 0x0, 0x3f, 0xf2, 0xaf, 0x90,
    0x0, 0x0, 0x0, 0xe, 0xf5, 0xcf, 0x80, 0x0,
    0x0, 0x0, 0xd, 0xf7, 0xcf, 0x80, 0x0, 0x0,
    0x0, 0xd, 0xf7, 0xaf, 0x90, 0x0, 0x0, 0x0,
    0xe, 0xf5, 0x7f, 0xe0, 0x0, 0x0, 0x0, 0x3f,
    0xf2, 0x2f, 0xf6, 0x0, 0x0, 0x0, 0xbf, 0xc0,
    0x8, 0xff, 0x60, 0x0, 0x1a, 0xff, 0x30, 0x0,
    0xaf, 0xff, 0xee, 0xff, 0xf5, 0x0, 0x0, 0x4,
    0xad, 0xfe, 0xd8, 0x20, 0x0,

    /* U+01D2 "ǒ" */
    0x3, 0xfa, 0x0, 0x6f, 0x80, 0x0, 0x3, 0xfd,
    0xaf, 0x80, 0x0, 0x0, 0x5, 0xff, 0xa0, 0x0,
    0x0, 0x0, 0x0, 0x0, 0x0, 0x0, 0x0, 0x5c,
    0xff, 0xc7, 0x0, 0x0, 0x9f, 0xfd, 0xdf, 0xfb,
    0x0, 0x4f, 0xf4, 0x0, 0x2e, 0xf7, 0xa, 0xf9,
    0x0, 0x0, 0x6f, 0xe0, 0xdf, 0x50, 0x0, 0x2,
    0xff, 0x1e, 0xf4, 0x0, 0x0, 0xf, 0xf2, 0xdf,
    0x50, 0x0, 0x2, 0xff, 0x1a, 0xf9, 0x0, 0x0,
    0x6f, 0xe0, 0x3f, 0xf3, 0x0, 0x1d, 0xf8, 0x0,
    0x8f, 0xfc, 0xbf, 0xfc, 0x0, 0x0, 0x5b, 0xef,
    0xd7, 0x0, 0x0,

    /* U+01D3 "Ǔ" */
    0x0, 0x1d, 0xc2, 0x4, 0xeb, 0x0, 0x0, 0x2,
    0xee, 0x8f, 0xb0, 0x0, 0x0, 0x0, 0x2f, 0xfd,
    0x0, 0x0, 0x0, 0x0, 0x0, 0x0, 0x0, 0x0,
    0x0, 0x0, 0x0, 0x0, 0x0, 0x0, 0x3f, 0xf0,
    0x0, 0x0, 0x2, 0xff, 0x3f, 0xf0, 0x0, 0x0,
    0x2, 0xff, 0x3f, 0xf0, 0x0, 0x0, 0x2, 0xff,
    0x3f, 0xf0, 0x0, 0x0, 0x2, 0xff, 0x3f, 0xf0,
    0x0, 0x0, 0x2, 0xff, 0x3f, 0xf0, 0x0, 0x0,
    0x2, 0xff, 0x3f, 0xf0, 0x0, 0x0, 0x2, 0xff,
    0x3f, 0xf0, 0x0, 0x0, 0x2, 0xff, 0x3f, 0xf0,
    0x0, 0x0, 0x2, 0xff, 0x2f, 0xf0, 0x0, 0x0,
    0x4, 0xfe, 0xf, 0xf5, 0x0, 0x0, 0x9, 0xfb,
    0x9, 0xfe, 0x40, 0x0, 0x6f, 0xf5, 0x0, 0xcf,
    0xff, 0xef, 0xff, 0x80, 0x0, 0x7, 0xcf, 0xfe,
    0xa4, 0x0,

    /* U+01D4 "ǔ" */
    0x1, 0xdc, 0x20, 0x5e, 0xa0, 0x0, 0x1d, 0xea,
    0xfa, 0x0, 0x0, 0x2, 0xcd, 0xa0, 0x0, 0x0,
    0x0, 0x0, 0x0, 0x0, 0x7f, 0xb0, 0x0, 0x3,
    0xfe, 0x7f, 0xb0, 0x0, 0x3, 0xfe, 0x7f, 0xb0,
    0x0, 0x3, 0xfe, 0x7f, 0xb0, 0x0, 0x3, 0xfe,
    0x7f, 0xb0, 0x0, 0x3, 0xfe, 0x7f, 0xb0, 0x0,
    0x3, 0xfe, 0x7f, 0xb0, 0x0, 0x4, 0xfe, 0x7f,
    0xc0, 0x0, 0x7, 0xfe, 0x4f, 0xf1, 0x0, 0x1e,
    0xfe, 0xd, 0xfe, 0x99, 0xed, 0xfe, 0x1, 0x9d,
    0xfe, 0x91, 0xee,

    /* U+01D5 "Ǖ" */
    0x0, 0x6, 0x99, 0x99, 0x94, 0x0, 0x0, 0xb,
    0xff, 0xff, 0xf7, 0x0, 0x0, 0x0, 0x0, 0x0,
    0x0, 0x0, 0x0, 0x5, 0xf4, 0x8, 0xe2, 0x0,
    0x0, 0x6, 0xf5, 0x9, 0xf2, 0x0, 0x0, 0x0,
    0x0, 0x0, 0x0, 0x0, 0x0, 0x0, 0x0, 0x0,
    0x0, 0x0, 0x3f, 0xf0, 0x0, 0x0, 0x2, 0xff,
    0x3f, 0xf0, 0x0, 0x0, 0x2, 0xff, 0x3f, 0xf0,
    0x0, 0x0, 0x2, 0xff, 0x3f, 0xf0, 0x0, 0x0,
    0x2, 0xff, 0x3f, 0xf0, 0x0, 0x0, 0x2, 0xff,
    0x3f, 0xf0, 0x0, 0x0, 0x2, 0xff, 0x3f, 0xf0,
    0x0, 0x0, 0x2, 0xff, 0x3f, 0xf0, 0x0, 0x0,
    0x2, 0xff, 0x3f, 0xf0, 0x0, 0x0, 0x2, 0xff,
    0x2f, 0xf0, 0x0, 0x0, 0x4, 0xfe, 0xf, 0xf5,
    0x0, 0x0, 0x9, 0xfb, 0x9, 0xfe, 0x40, 0x0,
    0x6f, 0xf5, 0x0, 0xcf, 0xff, 0xef, 0xff, 0x80,
    0x0, 0x7, 0xcf, 0xfe, 0xa4, 0x0,

    /* U+01D6 "ǖ" */
    0x0, 0xcf, 0xff, 0xff, 0x50, 0x0, 0x79, 0x99,
    0x99, 0x30, 0x0, 0x0, 0x0, 0x0, 0x0, 0x0,
    0x7f, 0x30, 0xae, 0x10, 0x0, 0x8f, 0x30, 0xbf,
    0x10, 0x0, 0x0, 0x0, 0x0, 0x0, 0x7f, 0xb0,
    0x0, 0x3, 0xfe, 0x7f, 0xb0, 0x0, 0x3, 0xfe,
    0x7f, 0xb0, 0x0, 0x3, 0xfe, 0x7f, 0xb0, 0x0,
    0x3, 0xfe, 0x7f, 0xb0, 0x0, 0x3, 0xfe, 0x7f,
    0xb0, 0x0, 0x3, 0xfe, 0x7f, 0xb0, 0x0, 0x4,
    0xfe, 0x7f, 0xc0, 0x0, 0x7, 0xfe, 0x4f, 0xf1,
    0x0, 0x1e, 0xfe, 0xd, 0xfe, 0x99, 0xed, 0xfe,
    0x1, 0x9d, 0xfe, 0x91, 0xee,

    /* U+01D7 "Ǘ" */
    0x0, 0x0, 0x0, 0x3f, 0xf4, 0x0, 0x0, 0x0,
    0x2, 0xed, 0x30, 0x0, 0x0, 0x0, 0x5, 0x70,
    0x0, 0x0, 0x0, 0x5, 0xf4, 0x8, 0xe2, 0x0,
    0x0, 0x6, 0xf5, 0x9, 0xf2, 0x0, 0x0, 0x0,
    0x0, 0x0, 0x0, 0x0, 0x0, 0x0, 0x0, 0x0,
    0x0, 0x0, 0x3f, 0xf0, 0x0, 0x0, 0x2, 0xff,
    0x3f, 0xf0, 0x0, 0x0, 0x2, 0xff, 0x3f, 0xf0,
    0x0, 0x0, 0x2, 0xff, 0x3f, 0xf0, 0x0, 0x0,
    0x2, 0xff, 0x3f, 0xf0, 0x0, 0x0, 0x2, 0xff,
    0x3f, 0xf0, 0x0, 0x0, 0x2, 0xff, 0x3f, 0xf0,
    0x0, 0x0, 0x2, 0xff, 0x3f, 0xf0, 0x0, 0x0,
    0x2, 0xff, 0x3f, 0xf0, 0x0, 0x0, 0x2, 0xff,
    0x2f, 0xf0, 0x0, 0x0, 0x4, 0xfe, 0xf, 0xf5,
    0x0, 0x0, 0x9, 0xfb, 0x9, 0xfe, 0x40, 0x0,
    0x6f, 0xf5, 0x0, 0xcf, 0xff, 0xef, 0xff, 0x80,
    0x0, 0x7, 0xcf, 0xfe, 0xa4, 0x0,

    /* U+01D8 "ǘ" */
    0x0, 0x0, 0x1, 0x78, 0x30, 0x0, 0x0, 0x9,
    0xfb, 0x0, 0x0, 0x0, 0x4f, 0xb0, 0x0, 0x0,
    0x0, 0x66, 0x0, 0x0, 0x0, 0x7f, 0x30, 0xae,
    0x10, 0x0, 0x8f, 0x30, 0xbf, 0x10, 0x0, 0x0,
    0x0, 0x0, 0x0, 0x7f, 0xb0, 0x0, 0x3, 0xfe,
    0x7f, 0xb0, 0x0, 0x3, 0xfe, 0x7f, 0xb0, 0x0,
    0x3, 0xfe, 0x7f, 0xb0, 0x0, 0x3, 0xfe, 0x7f,
    0xb0, 0x0, 0x3, 0xfe, 0x7f, 0xb0, 0x0, 0x3,
    0xfe, 0x7f, 0xb0, 0x0, 0x4, 0xfe, 0x7f, 0xc0,
    0x0, 0x7, 0xfe, 0x4f, 0xf1, 0x0, 0x1e, 0xfe,
    0xd, 0xfe, 0x99, 0xed, 0xfe, 0x1, 0x9d, 0xfe,
    0x91, 0xee,

    /* U+01D9 "Ǚ" */
    0x0, 0x7, 0x40, 0x0, 0x66, 0x0, 0x0, 0x5,
    0xf9, 0x2c, 0xe2, 0x0, 0x0, 0x0, 0x6f, 0xff,
    0x30, 0x0, 0x0, 0x0, 0x6, 0x84, 0x0, 0x0,
    0x0, 0x5, 0xf4, 0x8, 0xe2, 0x0, 0x0, 0x6,
    0xf5, 0x9, 0xf2, 0x0, 0x0, 0x0, 0x0, 0x0,
    0x0, 0x0, 0x0, 0x0, 0x0, 0x0, 0x0, 0x0,
    0x3f, 0xf0, 0x0, 0x0, 0x2, 0xff, 0x3f, 0xf0,
    0x0, 0x0, 0x2, 0xff, 0x3f, 0xf0, 0x0, 0x0,
    0x2, 0xff, 0x3f, 0xf0, 0x0, 0x0, 0x2, 0xff,
    0x3f, 0xf0, 0x0, 0x0, 0x2, 0xff, 0x3f, 0xf0,
    0x0, 0x0, 0x2, 0xff, 0x3f, 0xf0, 0x0, 0x0,
    0x2, 0xff, 0x3f, 0xf0, 0x0, 0x0, 0x2, 0xff,
    0x3f, 0xf0, 0x0, 0x0, 0x2, 0xff, 0x2f, 0xf0,
    0x0, 0x0, 0x4, 0xfe, 0xf, 0xf5, 0x0, 0x0,
    0x9, 0xfb, 0x9, 0xfe, 0x40, 0x0, 0x6f, 0xf5,
    0x0, 0xcf, 0xff, 0xef, 0xff, 0x80, 0x0, 0x7,
    0xcf, 0xfe, 0xa4, 0x0,

    /* U+01DA "ǚ" */
    0x1, 0x73, 0x0, 0x7, 0x50, 0x0, 0x7f, 0x82,
    0xdd, 0x10, 0x0, 0x8, 0xff, 0xe2, 0x0, 0x0,
    0x0, 0x78, 0x30, 0x0, 0x0, 0x7f, 0x30, 0xae,
    0x10, 0x0, 0x8f, 0x30, 0xbf, 0x10, 0x0, 0x0,
    0x0, 0x0, 0x0, 0x7f, 0xb0, 0x0, 0x3, 0xfe,
    0x7f, 0xb0, 0x0, 0x3, 0xfe, 0x7f, 0xb0, 0x0,
    0x3, 0xfe, 0x7f, 0xb0, 0x0, 0x3, 0xfe, 0x7f,
    0xb0, 0x0, 0x3, 0xfe, 0x7f, 0xb0, 0x0, 0x3,
    0xfe, 0x7f, 0xb0, 0x0, 0x4, 0xfe, 0x7f, 0xc0,
    0x0, 0x7, 0xfe, 0x4f, 0xf1, 0x0, 0x1e, 0xfe,
    0xd, 0xfe, 0x99, 0xed, 0xfe, 0x1, 0x9d, 0xfe,
    0x91, 0xee,

    /* U+01DB "Ǜ" */
    0x0, 0x7, 0xfe, 0x10, 0x0, 0x0, 0x0, 0x0,
    0x5f, 0xc0, 0x0, 0x0, 0x0, 0x0, 0x2, 0x73,
    0x0, 0x0, 0x0, 0x5, 0xf4, 0x8, 0xe2, 0x0,
    0x0, 0x6, 0xf5, 0x9, 0xf2, 0x0, 0x0, 0x0,
    0x0, 0x0, 0x0, 0x0, 0x0, 0x0, 0x0, 0x0,
    0x0, 0x0, 0x3f, 0xf0, 0x0, 0x0, 0x2, 0xff,
    0x3f, 0xf0, 0x0, 0x0, 0x2, 0xff, 0x3f, 0xf0,
    0x0, 0x0, 0x2, 0xff, 0x3f, 0xf0, 0x0, 0x0,
    0x2, 0xff, 0x3f, 0xf0, 0x0, 0x0, 0x2, 0xff,
    0x3f, 0xf0, 0x0, 0x0, 0x2, 0xff, 0x3f, 0xf0,
    0x0, 0x0, 0x2, 0xff, 0x3f, 0xf0, 0x0, 0x0,
    0x2, 0xff, 0x3f, 0xf0, 0x0, 0x0, 0x2, 0xff,
    0x2f, 0xf0, 0x0, 0x0, 0x4, 0xfe, 0xf, 0xf5,
    0x0, 0x0, 0x9, 0xfb, 0x9, 0xfe, 0x40, 0x0,
    0x6f, 0xf5, 0x0, 0xcf, 0xff, 0xef, 0xff, 0x80,
    0x0, 0x7, 0xcf, 0xfe, 0xa4, 0x0,

    /* U+01DC "ǜ" */
    0x0, 0x68, 0x50, 0x0, 0x0, 0x0, 0x4f, 0xf2,
    0x0, 0x0, 0x0, 0x3, 0xec, 0x0, 0x0, 0x0,
    0x0, 0x28, 0x20, 0x0, 0x0, 0x7f, 0x30, 0xae,
    0x10, 0x0, 0x8f, 0x30, 0xbf, 0x10, 0x0, 0x0,
    0x0, 0x0, 0x0, 0x7f, 0xb0, 0x0, 0x3, 0xfe,
    0x7f, 0xb0, 0x0, 0x3, 0xfe, 0x7f, 0xb0, 0x0,
    0x3, 0xfe, 0x7f, 0xb0, 0x0, 0x3, 0xfe, 0x7f,
    0xb0, 0x0, 0x3, 0xfe, 0x7f, 0xb0, 0x0, 0x3,
    0xfe, 0x7f, 0xb0, 0x0, 0x4, 0xfe, 0x7f, 0xc0,
    0x0, 0x7, 0xfe, 0x4f, 0xf1, 0x0, 0x1e, 0xfe,
    0xd, 0xfe, 0x99, 0xed, 0xfe, 0x1, 0x9d, 0xfe,
    0x91, 0xee,

    /* U+01DD "ǝ" */
    0x2, 0x9d, 0xff, 0xd8, 0x0, 0x0, 0x7f, 0xec,
    0xdf, 0xfe, 0x10, 0x3, 0x20, 0x0, 0x1c, 0xfb,
    0x0, 0x0, 0x0, 0x0, 0x1f, 0xf2, 0x0, 0x0,
    0x0, 0x0, 0xdf, 0x50, 0xff, 0xff, 0xff, 0xff,
    0xf6, 0xf, 0xfa, 0x99, 0x99, 0xff, 0x50, 0xdf,
    0x40, 0x0, 0xf, 0xf2, 0x8, 0xfb, 0x0, 0x9,
    0xfb, 0x0, 0x1d, 0xfd, 0xad, 0xfe, 0x20, 0x0,
    0x19, 0xef, 0xe9, 0x10, 0x0,

    /* U+01DE "Ǟ" */
    0x0, 0x5, 0x99, 0x99, 0x95, 0x0, 0x0, 0x0,
    0x9, 0xff, 0xff, 0xf9, 0x0, 0x0, 0x0, 0x0,
    0x0, 0x0, 0x0, 0x0, 0x0, 0x0, 0x3, 0xf6,
    0x6, 0xf4, 0x0, 0x0, 0x0, 0x4, 0xf8, 0x7,
    0xf5, 0x0, 0x0, 0x0, 0x0, 0x0, 0x0, 0x0,
    0x0, 0x0, 0x0, 0x0, 0x0, 0x0, 0x0, 0x0,
    0x0, 0x0, 0x0, 0xc, 0xfd, 0x0, 0x0, 0x0,
    0x0, 0x0, 0x2f, 0xff, 0x30, 0x0, 0x0, 0x0,
    0x0, 0x8f, 0xaf, 0x90, 0x0, 0x0, 0x0, 0x0,
    0xef, 0x1f, 0xf0, 0x0, 0x0, 0x0, 0x5, 0xfb,
    0xa, 0xf6, 0x0, 0x0, 0x0, 0xb, 0xf5, 0x4,
    0xfc, 0x0, 0x0, 0x0, 0x1f, 0xf0, 0x0, 0xef,
    0x20, 0x0, 0x0, 0x7f, 0x90, 0x0, 0x8f, 0x80,
    0x0, 0x0, 0xdf, 0xff, 0xff, 0xff, 0xe0, 0x0,
    0x4, 0xff, 0xee, 0xee, 0xef, 0xf5, 0x0, 0xa,
    0xf8, 0x0, 0x0, 0x8, 0xfb, 0x0, 0x1f, 0xf2,
    0x0, 0x0, 0x2, 0xff, 0x10, 0x6f, 0xd0, 0x0,
    0x0, 0x0, 0xcf, 0x70, 0xcf, 0x70, 0x0, 0x0,
    0x0, 0x6f, 0xd0,

    /* U+01DF "ǟ" */
    0x0, 0x5f, 0xff, 0xff, 0xc0, 0x0, 0x39, 0x99,
    0x99, 0x70, 0x0, 0x0, 0x0, 0x0, 0x0, 0x0,
    0x1e, 0x90, 0x3f, 0x70, 0x0, 0x1f, 0xb0, 0x4f,
    0x80, 0x0, 0x0, 0x0, 0x0, 0x0, 0x0, 0x4a,
    0xdf, 0xec, 0x50, 0x0, 0xbf, 0xda, 0xcf, 0xf4,
    0x0, 0x33, 0x0, 0xa, 0xfb, 0x0, 0x0, 0x0,
    0x4, 0xfd, 0x0, 0x0, 0x0, 0x14, 0xfe, 0x0,
    0x7d, 0xff, 0xff, 0xfe, 0xa, 0xfe, 0x74, 0x46,
    0xfe, 0x1f, 0xf3, 0x0, 0x4, 0xfe, 0xf, 0xf2,
    0x0, 0xb, 0xfe, 0xb, 0xfd, 0x88, 0xdc, 0xfe,
    0x1, 0x9e, 0xfe, 0x80, 0xce,

    /* U+01E0 "Ǡ" */
    0x0, 0x9, 0xff, 0xff, 0xf9, 0x0, 0x0, 0x0,
    0x5, 0x99, 0x99, 0x95, 0x0, 0x0, 0x0, 0x0,
    0x5, 0xf6, 0x0, 0x0, 0x0, 0x0, 0x0, 0x7,
    0xf8, 0x0, 0x0, 0x0, 0x0, 0x0, 0x0, 0x40,
    0x0, 0x0, 0x0, 0x0, 0x0, 0x0, 0x0, 0x0,
    0x0, 0x0, 0x0, 0x0, 0xc, 0xfd, 0x0, 0x0,
    0x0, 0x0, 0x0, 0x2f, 0xff, 0x30, 0x0, 0x0,
    0x0, 0x0, 0x8f, 0xaf, 0x90, 0x0, 0x0, 0x0,
    0x0, 0xef, 0x1f, 0xf0, 0x0, 0x0, 0x0, 0x5,
    0xfb, 0xa, 0xf6, 0x0, 0x0, 0x0, 0xb, 0xf5,
    0x4, 0xfc, 0x0, 0x0, 0x0, 0x1f, 0xf0, 0x0,
    0xef, 0x20, 0x0, 0x0, 0x7f, 0x90, 0x0, 0x8f,
    0x80, 0x0, 0x0, 0xdf, 0xff, 0xff, 0xff, 0xe0,
    0x0, 0x4, 0xff, 0xee, 0xee, 0xef, 0xf5, 0x0,
    0xa, 0xf8, 0x0, 0x0, 0x8, 0xfb, 0x0, 0x1f,
    0xf2, 0x0, 0x0, 0x2, 0xff, 0x10, 0x6f, 0xd0,
    0x0, 0x0, 0x0, 0xcf, 0x70, 0xcf, 0x70, 0x0,
    0x0, 0x0, 0x6f, 0xd0,

    /* U+01E1 "ǡ" */
    0x0, 0x5f, 0xff, 0xff, 0xc0, 0x0, 0x39, 0x99,
    0x99, 0x70, 0x0, 0x0, 0x0, 0x0, 0x0, 0x0,
    0x0, 0x3e, 0x80, 0x0, 0x0, 0x0, 0x5f, 0xb0,
    0x0, 0x0, 0x0, 0x4, 0x10, 0x0, 0x0, 0x4a,
    0xdf, 0xec, 0x50, 0x0, 0xbf, 0xda, 0xcf, 0xf4,
    0x0, 0x33, 0x0, 0xa, 0xfb, 0x0, 0x0, 0x0,
    0x4, 0xfd, 0x0, 0x0, 0x0, 0x14, 0xfe, 0x0,
    0x7d, 0xff, 0xff, 0xfe, 0xa, 0xfe, 0x74, 0x46,
    0xfe, 0x1f, 0xf3, 0x0, 0x4, 0xfe, 0xf, 0xf2,
    0x0, 0xb, 0xfe, 0xb, 0xfd, 0x88, 0xdc, 0xfe,
    0x1, 0x9e, 0xfe, 0x80, 0xce,

    /* U+01E2 "Ǣ" */
    0x0, 0x0, 0x0, 0x2, 0xff, 0xff, 0xff, 0x0,
    0x0, 0x0, 0x0, 0x0, 0x1, 0x99, 0x99, 0x99,
    0x0, 0x0, 0x0, 0x0, 0x0, 0x0, 0x0, 0x0,
    0x0, 0x0, 0x0, 0x0, 0x0, 0x0, 0x9, 0xff,
    0xff, 0xff, 0xff, 0xfd, 0x0, 0x0, 0x0, 0x1f,
    0xfd, 0xff, 0xed, 0xdd, 0xdb, 0x0, 0x0, 0x0,
    0x8f, 0x90, 0xef, 0x30, 0x0, 0x0, 0x0, 0x0,
    0x1, 0xff, 0x20, 0xef, 0x30, 0x0, 0x0, 0x0,
    0x0, 0x7, 0xfa, 0x0, 0xef, 0x30, 0x0, 0x0,
    0x0, 0x0, 0xe, 0xf2, 0x0, 0xef, 0x30, 0x0,
    0x0, 0x0, 0x0, 0x7f, 0xa0, 0x0, 0xef, 0xff,
    0xff, 0xf7, 0x0, 0x0, 0xef, 0x30, 0x0, 0xef,
    0xdd, 0xdd, 0xd6, 0x0, 0x6, 0xff, 0xff, 0xff,
    0xff, 0x30, 0x0, 0x0, 0x0, 0xd, 0xfe, 0xee,
    0xee, 0xff, 0x30, 0x0, 0x0, 0x0, 0x5f, 0xd0,
    0x0, 0x0, 0xef, 0x30, 0x0, 0x0, 0x0, 0xdf,
    0x60, 0x0, 0x0, 0xef, 0x30, 0x0, 0x0, 0x4,
    0xfe, 0x0, 0x0, 0x0, 0xef, 0xed, 0xdd, 0xdb,
    0xc, 0xf7, 0x0, 0x0, 0x0, 0xef, 0xff, 0xff,
    0xfd,

    /* U+01E3 "ǣ" */
    0x0, 0x0, 0x2, 0xff, 0xff, 0xff, 0x0, 0x0,
    0x0, 0x0, 0x0, 0x19, 0x99, 0x99, 0x90, 0x0,
    0x0, 0x0, 0x0, 0x0, 0x0, 0x0, 0x0, 0x0,
    0x0, 0x0, 0x5, 0xae, 0xfe, 0xa1, 0x19, 0xef,
    0xd6, 0x0, 0x0, 0xef, 0xdb, 0xef, 0xdd, 0xfd,
    0xbf, 0xf8, 0x0, 0x3, 0x10, 0x0, 0xcf, 0xf7,
    0x0, 0x2f, 0xf2, 0x0, 0x0, 0x0, 0x7, 0xfe,
    0x0, 0x0, 0xaf, 0x70, 0x0, 0x36, 0x78, 0xbf,
    0xe8, 0x88, 0x8c, 0xf9, 0x3, 0xdf, 0xff, 0xff,
    0xff, 0xff, 0xff, 0xff, 0xa0, 0xdf, 0xb2, 0x0,
    0x7f, 0xc0, 0x0, 0x0, 0x0, 0x1f, 0xf2, 0x0,
    0x9, 0xff, 0x0, 0x0, 0x0, 0x0, 0xff, 0x40,
    0x3, 0xff, 0xf9, 0x0, 0x0, 0x30, 0xa, 0xff,
    0xcd, 0xfd, 0x2e, 0xfe, 0xcc, 0xef, 0x10, 0x9,
    0xef, 0xd8, 0x0, 0x19, 0xdf, 0xfc, 0x70,

    /* U+01E4 "Ǥ" */
    0x0, 0x1, 0x7c, 0xef, 0xec, 0x93, 0x0, 0x0,
    0x5e, 0xff, 0xfe, 0xff, 0xf9, 0x0, 0x5, 0xff,
    0xa2, 0x0, 0x1, 0x61, 0x0, 0xf, 0xf8, 0x0,
    0x0, 0x0, 0x0, 0x0, 0x6f, 0xe0, 0x0, 0x0,
    0x0, 0x0, 0x0, 0xaf, 0x90, 0x0, 0x0, 0x0,
    0x0, 0x0, 0xbf, 0x70, 0x0, 0x2f, 0xff, 0xff,
    0x0, 0xcf, 0x70, 0x0, 0x1d, 0xdd, 0xff, 0x0,
    0xaf, 0x90, 0x0, 0x0, 0x2, 0xff, 0x0, 0x7f,
    0xd0, 0x0, 0xf, 0xff, 0xff, 0xf4, 0x2f, 0xf6,
    0x0, 0x8, 0x99, 0xff, 0x92, 0x9, 0xff, 0x70,
    0x0, 0x2, 0xff, 0x0, 0x0, 0xaf, 0xff, 0xdc,
    0xdf, 0xff, 0x0, 0x0, 0x4, 0xad, 0xff, 0xec,
    0x95, 0x0,

    /* U+01E5 "ǥ" */
    0x0, 0x8e, 0xfd, 0x70, 0xfc, 0x0, 0xcf, 0xfd,
    0xef, 0xcf, 0xc0, 0x5f, 0xf4, 0x0, 0x4f, 0xfc,
    0xb, 0xf9, 0x0, 0x0, 0x9f, 0xc0, 0xef, 0x50,
    0x0, 0x5, 0xfc, 0xf, 0xf4, 0x0, 0x0, 0x4f,
    0xc0, 0xef, 0x50, 0x0, 0x5, 0xfc, 0xb, 0xf8,
    0x0, 0x0, 0x8f, 0xc0, 0x6f, 0xe2, 0x0, 0x2e,
    0xfc, 0x0, 0xcf, 0xfc, 0xcf, 0xcf, 0xc0, 0x1,
    0x9e, 0xfd, 0x75, 0xfc, 0x0, 0x0, 0x6, 0x88,
    0xaf, 0xe6, 0x0, 0x0, 0xdf, 0xff, 0xff, 0xd1,
    0x50, 0x0, 0x1, 0xef, 0x50, 0x2f, 0xfd, 0xbb,
    0xff, 0xb0, 0x0, 0x8c, 0xef, 0xec, 0x70, 0x0,

    /* U+01E6 "Ǧ" */
    0x0, 0x4, 0xf8, 0x0, 0x7f, 0x60, 0x0, 0x0,
    0x5, 0xfc, 0xbf, 0x70, 0x0, 0x0, 0x0, 0x7,
    0xff, 0x90, 0x0, 0x0, 0x0, 0x0, 0x0, 0x0,
    0x0, 0x0, 0x0, 0x0, 0x0, 0x0, 0x0, 0x0,
    0x0, 0x0, 0x17, 0xce, 0xfe, 0xc9, 0x30, 0x0,
    0x5f, 0xff, 0xfe, 0xff, 0xf9, 0x0, 0x5f, 0xfb,
    0x30, 0x0, 0x16, 0x10, 0xf, 0xf9, 0x0, 0x0,
    0x0, 0x0, 0x6, 0xfe, 0x0, 0x0, 0x0, 0x0,
    0x0, 0xaf, 0x90, 0x0, 0x0, 0x0, 0x0, 0xb,
    0xf7, 0x0, 0x1, 0xdd, 0xdd, 0xd0, 0xcf, 0x70,
    0x0, 0x2f, 0xff, 0xff, 0xa, 0xf9, 0x0, 0x0,
    0x0, 0x2f, 0xf0, 0x7f, 0xe0, 0x0, 0x0, 0x2,
    0xff, 0x1, 0xff, 0x70, 0x0, 0x0, 0x2f, 0xf0,
    0x8, 0xff, 0x91, 0x0, 0x2, 0xff, 0x0, 0x9,
    0xff, 0xfe, 0xde, 0xff, 0xf0, 0x0, 0x3, 0xad,
    0xff, 0xfd, 0x95, 0x0,

    /* U+01E7 "ǧ" */
    0x4, 0xf9, 0x0, 0x7f, 0x60, 0x0, 0x5f, 0xcb,
    0xf6, 0x0, 0x0, 0x6, 0xff, 0x80, 0x0, 0x0,
    0x0, 0x0, 0x0, 0x0, 0x0, 0x8e, 0xfd, 0x61,
    0xfc, 0xc, 0xff, 0xdd, 0xfb, 0xfc, 0x5f, 0xf3,
    0x0, 0x4f, 0xfc, 0xbf, 0x90, 0x0, 0x8, 0xfc,
    0xdf, 0x50, 0x0, 0x5, 0xfc, 0xef, 0x40, 0x0,
    0x4, 0xfc, 0xef, 0x50, 0x0, 0x5, 0xfc, 0xbf,
    0x80, 0x0, 0x8, 0xfc, 0x6f, 0xe2, 0x0, 0x2e,
    0xfc, 0xc, 0xff, 0xcd, 0xfc, 0xfc, 0x0, 0x9e,
    0xfd, 0x75, 0xfc, 0x0, 0x0, 0x0, 0x6, 0xfb,
    0x0, 0x0, 0x0, 0x9, 0xfa, 0x16, 0x10, 0x0,
    0x4f, 0xf5, 0x3f, 0xfe, 0xcd, 0xff, 0xb0, 0x18,
    0xce, 0xff, 0xc7, 0x0,

    /* U+01E8 "Ǩ" */
    0x0, 0x7f, 0x60, 0x7, 0xf5, 0x0, 0x0, 0xa,
    0xf7, 0x9f, 0x80, 0x0, 0x0, 0x0, 0xdf, 0xfb,
    0x0, 0x0, 0x0, 0x0, 0x28, 0x81, 0x0, 0x0,
    0x0, 0x0, 0x0, 0x0, 0x0, 0x0, 0x1f, 0xf1,
    0x0, 0x0, 0x7f, 0xe2, 0x1f, 0xf1, 0x0, 0x5,
    0xff, 0x30, 0x1f, 0xf1, 0x0, 0x3f, 0xf4, 0x0,
    0x1f, 0xf1, 0x2, 0xef, 0x50, 0x0, 0x1f, 0xf1,
    0x1d, 0xf7, 0x0, 0x0, 0x1f, 0xf1, 0xcf, 0x90,
    0x0, 0x0, 0x1f, 0xfb, 0xff, 0x40, 0x0, 0x0,
    0x1f, 0xff, 0xcf, 0xe1, 0x0, 0x0, 0x1f, 0xf5,
    0xd, 0xfb, 0x0, 0x0, 0x1f, 0xf1, 0x2, 0xff,
    0x60, 0x0, 0x1f, 0xf1, 0x0, 0x6f, 0xf2, 0x0,
    0x1f, 0xf1, 0x0, 0xa, 0xfd, 0x0, 0x1f, 0xf1,
    0x0, 0x1, 0xef, 0x90, 0x1f, 0xf1, 0x0, 0x0,
    0x3f, 0xf4,

    /* U+01E9 "ǩ" */
    0xae, 0x40, 0xa, 0xf3, 0x0, 0x0, 0x0, 0xcf,
    0x5b, 0xf5, 0x0, 0x0, 0x0, 0x1, 0xff, 0xf8,
    0x0, 0x0, 0x0, 0x0, 0x4, 0x87, 0x0, 0x0,
    0x0, 0x0, 0x0, 0x0, 0x0, 0x0, 0x0, 0x0,
    0x0, 0x5, 0xfc, 0x0, 0x0, 0x0, 0x0, 0x0,
    0x5f, 0xc0, 0x0, 0x0, 0x0, 0x0, 0x5, 0xfc,
    0x0, 0x0, 0x0, 0x0, 0x0, 0x5f, 0xc0, 0x0,
    0x0, 0x0, 0x0, 0x5, 0xfc, 0x0, 0x3, 0xff,
    0x50, 0x0, 0x5f, 0xc0, 0x2, 0xef, 0x60, 0x0,
    0x5, 0xfc, 0x1, 0xdf, 0x70, 0x0, 0x0, 0x5f,
    0xc0, 0xdf, 0x80, 0x0, 0x0, 0x5, 0xfb, 0xbf,
    0xb0, 0x0, 0x0, 0x0, 0x5f, 0xff, 0xfe, 0x10,
    0x0, 0x0, 0x5, 0xff, 0x8b, 0xfb, 0x0, 0x0,
    0x0, 0x5f, 0xc0, 0x1e, 0xf7, 0x0, 0x0, 0x5,
    0xfc, 0x0, 0x4f, 0xf3, 0x0, 0x0, 0x5f, 0xc0,
    0x0, 0x8f, 0xe1, 0x0, 0x5, 0xfc, 0x0, 0x0,
    0xcf, 0xb0,

    /* U+01EA "Ǫ" */
    0x0, 0x4, 0xad, 0xfe, 0xd8, 0x20, 0x0, 0x0,
    0xaf, 0xff, 0xee, 0xff, 0xf5, 0x0, 0x8, 0xff,
    0x60, 0x0, 0x1a, 0xff, 0x30, 0x2f, 0xf6, 0x0,
    0x0, 0x0, 0xbf, 0xc0, 0x7f, 0xd0, 0x0, 0x0,
    0x0, 0x3f, 0xf2, 0xaf, 0x90, 0x0, 0x0, 0x0,
    0xe, 0xf5, 0xcf, 0x80, 0x0, 0x0, 0x0, 0xd,
    0xf7, 0xcf, 0x80, 0x0, 0x0, 0x0, 0xd, 0xf7,
    0xaf, 0x90, 0x0, 0x0, 0x0, 0xe, 0xf5, 0x7f,
    0xe0, 0x0, 0x0, 0x0, 0x3f, 0xf2, 0x2f, 0xf6,
    0x0, 0x0, 0x0, 0xbf, 0xc0, 0x8, 0xff, 0x60,
    0x0, 0x1a, 0xff, 0x30, 0x0, 0xaf, 0xff, 0xee,
    0xff, 0xf5, 0x0, 0x0, 0x4, 0xad, 0xff, 0xd8,
    0x20, 0x0, 0x0, 0x0, 0x0, 0xda, 0x0, 0x0,
    0x0, 0x0, 0x0, 0x7, 0xf1, 0x0, 0x0, 0x0,
    0x0, 0x0, 0xb, 0xd0, 0x0, 0x0, 0x0, 0x0,
    0x0, 0xa, 0xf7, 0x50, 0x0, 0x0, 0x0, 0x0,
    0x2, 0xdf, 0x90, 0x0, 0x0,

    /* U+01EB "ǫ" */
    0x0, 0x5c, 0xff, 0xc7, 0x0, 0x0, 0x9f, 0xfd,
    0xdf, 0xfb, 0x0, 0x4f, 0xf4, 0x0, 0x2e, 0xf7,
    0xa, 0xf9, 0x0, 0x0, 0x6f, 0xe0, 0xdf, 0x50,
    0x0, 0x2, 0xff, 0x1e, 0xf4, 0x0, 0x0, 0xf,
    0xf2, 0xdf, 0x50, 0x0, 0x2, 0xff, 0x1a, 0xf9,
    0x0, 0x0, 0x6f, 0xe0, 0x3f, 0xf3, 0x0, 0x1d,
    0xf8, 0x0, 0x8f, 0xfc, 0xbf, 0xfc, 0x0, 0x0,
    0x5b, 0xff, 0xe7, 0x0, 0x0, 0x0, 0x9, 0xd0,
    0x0, 0x0, 0x0, 0x3, 0xf5, 0x0, 0x0, 0x0,
    0x0, 0x7f, 0x10, 0x0, 0x0, 0x0, 0x6, 0xf9,
    0x60, 0x0, 0x0, 0x0, 0xb, 0xfe, 0x0, 0x0,

    /* U+01EC "Ǭ" */
    0x0, 0x2, 0x99, 0x99, 0x98, 0x0, 0x0, 0x0,
    0x3, 0xff, 0xff, 0xfe, 0x0, 0x0, 0x0, 0x0,
    0x0, 0x0, 0x0, 0x0, 0x0, 0x0, 0x4, 0xad,
    0xfe, 0xd8, 0x20, 0x0, 0x0, 0xaf, 0xff, 0xee,
    0xff, 0xf5, 0x0, 0x8, 0xff, 0x60, 0x0, 0x1a,
    0xff, 0x30, 0x2f, 0xf6, 0x0, 0x0, 0x0, 0xbf,
    0xc0, 0x7f, 0xd0, 0x0, 0x0, 0x0, 0x3f, 0xf2,
    0xaf, 0x90, 0x0, 0x0, 0x0, 0xe, 0xf5, 0xcf,
    0x80, 0x0, 0x0, 0x0, 0xd, 0xf7, 0xcf, 0x80,
    0x0, 0x0, 0x0, 0xd, 0xf7, 0xaf, 0x90, 0x0,
    0x0, 0x0, 0xe, 0xf5, 0x7f, 0xe0, 0x0, 0x0,
    0x0, 0x3f, 0xf2, 0x2f, 0xf6, 0x0, 0x0, 0x0,
    0xbf, 0xc0, 0x8, 0xff, 0x60, 0x0, 0x1a, 0xff,
    0x30, 0x0, 0xaf, 0xff, 0xee, 0xff, 0xf5, 0x0,
    0x0, 0x4, 0xad, 0xff, 0xe8, 0x20, 0x0, 0x0,
    0x0, 0x0, 0xac, 0x0, 0x0, 0x0, 0x0, 0x0,
    0x4, 0xf4, 0x0, 0x0, 0x0, 0x0, 0x0, 0x8,
    0xf0, 0x0, 0x0, 0x0, 0x0, 0x0, 0x7, 0xf8,
    0x60, 0x0, 0x0, 0x0, 0x0, 0x1, 0xbf, 0xc0,
    0x0, 0x0,

    /* U+01ED "ǭ" */
    0x0, 0xff, 0xff, 0xff, 0x30, 0x0, 0x8, 0x99,
    0x99, 0x91, 0x0, 0x0, 0x5c, 0xff, 0xc7, 0x0,
    0x0, 0x9f, 0xfd, 0xdf, 0xfb, 0x0, 0x4f, 0xf4,
    0x0, 0x2e, 0xf7, 0xa, 0xf9, 0x0, 0x0, 0x6f,
    0xe0, 0xdf, 0x50, 0x0, 0x2, 0xff, 0x1e, 0xf4,
    0x0, 0x0, 0xf, 0xf2, 0xdf, 0x50, 0x0, 0x2,
    0xff, 0x1a, 0xf9, 0x0, 0x0, 0x6f, 0xe0, 0x3f,
    0xf3, 0x0, 0x1d, 0xf8, 0x0, 0x8f, 0xfc, 0xbf,
    0xfc, 0x0, 0x0, 0x5b, 0xff, 0xf7, 0x0, 0x0,
    0x0, 0x9, 0xd1, 0x0, 0x0, 0x0, 0x2, 0xf5,
    0x0, 0x0, 0x0, 0x0, 0x7f, 0x20, 0x0, 0x0,
    0x0, 0x5, 0xf9, 0x60, 0x0, 0x0, 0x0, 0xa,
    0xfe, 0x0, 0x0,

    /* U+01EE "Ǯ" */
    0x0, 0xcd, 0x30, 0x2c, 0xd1, 0x0, 0x0, 0xcf,
    0x8f, 0xd1, 0x0, 0x0, 0x1, 0xef, 0xf2, 0x0,
    0x0, 0x0, 0x0, 0x0, 0x0, 0x0, 0x0, 0x0,
    0x0, 0x0, 0x0, 0x0, 0xef, 0xff, 0xff, 0xff,
    0xf1, 0xc, 0xdd, 0xdd, 0xdf, 0xfe, 0x0, 0x0,
    0x0, 0x8, 0xfd, 0x20, 0x0, 0x0, 0x1b, 0xfb,
    0x0, 0x0, 0x0, 0x2d, 0xf8, 0x0, 0x0, 0x0,
    0xf, 0xfd, 0x85, 0x0, 0x0, 0x1, 0xff, 0xff,
    0xfe, 0x50, 0x0, 0x0, 0x1, 0x4b, 0xff, 0x30,
    0x0, 0x0, 0x0, 0xc, 0xf9, 0x0, 0x0, 0x0,
    0x0, 0x8f, 0xb0, 0x0, 0x0, 0x0, 0xb, 0xf9,
    0x37, 0x10, 0x0, 0x7, 0xff, 0x35, 0xff, 0xec,
    0xcf, 0xff, 0x70, 0x17, 0xce, 0xff, 0xd9, 0x30,
    0x0,

    /* U+01EF "ǯ" */
    0x5, 0xf8, 0x0, 0x9f, 0x50, 0x0, 0x5f, 0xcc,
    0xf5, 0x0, 0x0, 0x6, 0xdd, 0x60, 0x0, 0x0,
    0x0, 0x0, 0x0, 0x0, 0x5f, 0xff, 0xff, 0xff,
    0xf3, 0x3b, 0xbb, 0xbb, 0xdf, 0xf2, 0x0, 0x0,
    0x1, 0xef, 0x40, 0x0, 0x0, 0x1d, 0xf6, 0x0,
    0x0, 0x0, 0xcf, 0x70, 0x0, 0x0, 0xb, 0xf8,
    0x0, 0x0, 0x0, 0x7f, 0xfa, 0x60, 0x0, 0x0,
    0x8f, 0xff, 0xfe, 0x30, 0x0, 0x0, 0x3, 0xbf,
    0xf1, 0x0, 0x0, 0x0, 0xc, 0xf8, 0x0, 0x0,
    0x0, 0x7, 0xfa, 0x0, 0x0, 0x0, 0x7, 0xfa,
    0x0, 0x0, 0x0, 0xc, 0xf8, 0x53, 0x0, 0x0,
    0x8f, 0xf1, 0xaf, 0xfd, 0xcf, 0xff, 0x50, 0x3a,
    0xdf, 0xfd, 0x92, 0x0,

    /* U+01F0 "ǰ" */
    0x8, 0xf6, 0x1, 0xbe, 0x20, 0x8, 0xfa, 0xee,
    0x20, 0x0, 0x9, 0xdc, 0x30, 0x0, 0x0, 0x0,
    0x0, 0x0, 0x0, 0x5, 0xfc, 0x0, 0x0, 0x0,
    0x5f, 0xc0, 0x0, 0x0, 0x5, 0xfc, 0x0, 0x0,
    0x0, 0x5f, 0xc0, 0x0, 0x0, 0x5, 0xfc, 0x0,
    0x0, 0x0, 0x5f, 0xc0, 0x0, 0x0, 0x5, 0xfc,
    0x0, 0x0, 0x0, 0x5f, 0xc0, 0x0, 0x0, 0x5,
    0xfc, 0x0, 0x0, 0x0, 0x5f, 0xc0, 0x0, 0x0,
    0x5, 0xfc, 0x0, 0x0, 0x0, 0x5f, 0xc0, 0x0,
    0x0, 0x5, 0xfc, 0x0, 0x0, 0x0, 0x9f, 0xa0,
    0x0, 0x1d, 0xdf, 0xf4, 0x0, 0x0, 0xef, 0xd6,
    0x0, 0x0,

    /* U+01F1 "Ǳ" */
    0x2f, 0xff, 0xff, 0xeb, 0x61, 0x0, 0x0, 0xaf,
    0xff, 0xff, 0xff, 0xff, 0x12, 0xff, 0xdd, 0xdf,
    0xff, 0xe4, 0x0, 0x8, 0xdd, 0xdd, 0xdd, 0xef,
    0xf0, 0x2f, 0xf0, 0x0, 0x3, 0xcf, 0xf2, 0x0,
    0x0, 0x0, 0x0, 0x1e, 0xf6, 0x2, 0xff, 0x0,
    0x0, 0x0, 0xcf, 0xb0, 0x0, 0x0, 0x0, 0xb,
    0xfb, 0x0, 0x2f, 0xf0, 0x0, 0x0, 0x3, 0xff,
    0x10, 0x0, 0x0, 0x6, 0xfe, 0x10, 0x2, 0xff,
    0x0, 0x0, 0x0, 0xf, 0xf4, 0x0, 0x0, 0x2,
    0xff, 0x50, 0x0, 0x2f, 0xf0, 0x0, 0x0, 0x0,
    0xdf, 0x60, 0x0, 0x0, 0xcf, 0xa0, 0x0, 0x2,
    0xff, 0x0, 0x0, 0x0, 0xe, 0xf6, 0x0, 0x0,
    0x7f, 0xe0, 0x0, 0x0, 0x2f, 0xf0, 0x0, 0x0,
    0x0, 0xff, 0x40, 0x0, 0x2f, 0xf4, 0x0, 0x0,
    0x2, 0xff, 0x0, 0x0, 0x0, 0x5f, 0xf1, 0x0,
    0xc, 0xf9, 0x0, 0x0, 0x0, 0x2f, 0xf0, 0x0,
    0x0, 0x1d, 0xfa, 0x0, 0x8, 0xfd, 0x0, 0x0,
    0x0, 0x2, 0xff, 0x0, 0x0, 0x5d, 0xfe, 0x20,
    0x3, 0xff, 0x30, 0x0, 0x0, 0x0, 0x2f, 0xfd,
    0xde, 0xff, 0xfd, 0x20, 0x0, 0xcf, 0xfd, 0xdd,
    0xdd, 0xdd, 0x32, 0xff, 0xff, 0xfe, 0xa5, 0x0,
    0x0, 0xd, 0xff, 0xff, 0xff, 0xff, 0xf3,

    /* U+01F2 "ǲ" */
    0x2f, 0xff, 0xff, 0xeb, 0x61, 0x0, 0x0, 0x0,
    0x0, 0x0, 0x0, 0x2, 0xff, 0xdd, 0xdf, 0xff,
    0xe4, 0x0, 0x0, 0x0, 0x0, 0x0, 0x0, 0x2f,
    0xf0, 0x0, 0x3, 0xcf, 0xf2, 0x0, 0x0, 0x0,
    0x0, 0x0, 0x2, 0xff, 0x0, 0x0, 0x0, 0xcf,
    0xb0, 0x5, 0xff, 0xff, 0xff, 0xf4, 0x2f, 0xf0,
    0x0, 0x0, 0x3, 0xff, 0x10, 0x3a, 0xaa, 0xab,
    0xff, 0x22, 0xff, 0x0, 0x0, 0x0, 0xf, 0xf4,
    0x0, 0x0, 0x0, 0xbf, 0x80, 0x2f, 0xf0, 0x0,
    0x0, 0x0, 0xdf, 0x60, 0x0, 0x0, 0x6f, 0xd0,
    0x2, 0xff, 0x0, 0x0, 0x0, 0xe, 0xf6, 0x0,
    0x0, 0x2f, 0xf2, 0x0, 0x2f, 0xf0, 0x0, 0x0,
    0x0, 0xff, 0x40, 0x0, 0xc, 0xf6, 0x0, 0x2,
    0xff, 0x0, 0x0, 0x0, 0x5f, 0xf1, 0x0, 0x7,
    0xfb, 0x0, 0x0, 0x2f, 0xf0, 0x0, 0x0, 0x1d,
    0xfa, 0x0, 0x2, 0xfe, 0x10, 0x0, 0x2, 0xff,
    0x0, 0x0, 0x5d, 0xfe, 0x20, 0x0, 0xdf, 0x40,
    0x0, 0x0, 0x2f, 0xfd, 0xde, 0xff, 0xfd, 0x20,
    0x0, 0x8f, 0xfd, 0xdd, 0xdd, 0x52, 0xff, 0xff,
    0xfe, 0xa5, 0x0, 0x0, 0xa, 0xff, 0xff, 0xff,
    0xf6,

    /* U+01F3 "ǳ" */
    0x0, 0x0, 0x0, 0x5, 0xfc, 0x0, 0x0, 0x0,
    0x0, 0x0, 0x0, 0x0, 0x0, 0x0, 0x5f, 0xc0,
    0x0, 0x0, 0x0, 0x0, 0x0, 0x0, 0x0, 0x0,
    0x5, 0xfc, 0x0, 0x0, 0x0, 0x0, 0x0, 0x0,
    0x0, 0x0, 0x0, 0x5f, 0xc0, 0x0, 0x0, 0x0,
    0x0, 0x0, 0x0, 0x8e, 0xfd, 0x75, 0xfc, 0x0,
    0x8f, 0xff, 0xff, 0xff, 0x0, 0xcf, 0xfd, 0xdf,
    0xcf, 0xc0, 0x6, 0xcc, 0xcc, 0xdf, 0xf0, 0x6f,
    0xf3, 0x0, 0x3f, 0xfc, 0x0, 0x0, 0x0, 0xd,
    0xf7, 0xb, 0xf9, 0x0, 0x0, 0x9f, 0xc0, 0x0,
    0x0, 0x9, 0xfb, 0x0, 0xef, 0x50, 0x0, 0x6,
    0xfc, 0x0, 0x0, 0x4, 0xfe, 0x10, 0xe, 0xf4,
    0x0, 0x0, 0x5f, 0xc0, 0x0, 0x1, 0xef, 0x40,
    0x0, 0xef, 0x50, 0x0, 0x5, 0xfc, 0x0, 0x0,
    0xbf, 0x90, 0x0, 0xb, 0xf8, 0x0, 0x0, 0x8f,
    0xc0, 0x0, 0x7f, 0xd0, 0x0, 0x0, 0x6f, 0xf3,
    0x0, 0x3e, 0xfc, 0x0, 0x3f, 0xf2, 0x0, 0x0,
    0x0, 0xcf, 0xfd, 0xdf, 0xbf, 0xc0, 0xc, 0xfe,
    0xcc, 0xcc, 0xc2, 0x0, 0x9e, 0xfd, 0x60, 0xfc,
    0x0, 0xef, 0xff, 0xff, 0xff, 0x30,

    /* U+01F4 "Ǵ" */
    0x0, 0x0, 0x0, 0x9, 0xfd, 0x10, 0x0, 0x0,
    0x0, 0x4, 0xfc, 0x10, 0x0, 0x0, 0x0, 0x1,
    0xea, 0x0, 0x0, 0x0, 0x0, 0x0, 0x0, 0x0,
    0x0, 0x0, 0x0, 0x0, 0x0, 0x0, 0x0, 0x0,
    0x0, 0x0, 0x17, 0xce, 0xfe, 0xc9, 0x30, 0x0,
    0x5f, 0xff, 0xfe, 0xff, 0xf9, 0x0, 0x5f, 0xfb,
    0x30, 0x0, 0x16, 0x10, 0xf, 0xf9, 0x0, 0x0,
    0x0, 0x0, 0x6, 0xfe, 0x0, 0x0, 0x0, 0x0,
    0x0, 0xaf, 0x90, 0x0, 0x0, 0x0, 0x0, 0xb,
    0xf7, 0x0, 0x1, 0xdd, 0xdd, 0xd0, 0xcf, 0x70,
    0x0, 0x2f, 0xff, 0xff, 0xa, 0xf9, 0x0, 0x0,
    0x0, 0x2f, 0xf0, 0x7f, 0xe0, 0x0, 0x0, 0x2,
    0xff, 0x1, 0xff, 0x70, 0x0, 0x0, 0x2f, 0xf0,
    0x8, 0xff, 0x91, 0x0, 0x2, 0xff, 0x0, 0x9,
    0xff, 0xfe, 0xde, 0xff, 0xf0, 0x0, 0x3, 0xad,
    0xff, 0xfd, 0x95, 0x0,

    /* U+01F5 "ǵ" */
    0x0, 0x0, 0x8, 0xfe, 0x10, 0x0, 0x0, 0x4f,
    0xd1, 0x0, 0x0, 0x1, 0xdb, 0x10, 0x0, 0x0,
    0x0, 0x0, 0x0, 0x0, 0x0, 0x8e, 0xfd, 0x61,
    0xfc, 0xc, 0xff, 0xdd, 0xfb, 0xfc, 0x5f, 0xf3,
    0x0, 0x4f, 0xfc, 0xbf, 0x90, 0x0, 0x8, 0xfc,
    0xdf, 0x50, 0x0, 0x5, 0xfc, 0xef, 0x40, 0x0,
    0x4, 0xfc, 0xef, 0x50, 0x0, 0x5, 0xfc, 0xbf,
    0x80, 0x0, 0x8, 0xfc, 0x6f, 0xe2, 0x0, 0x2e,
    0xfc, 0xc, 0xff, 0xcd, 0xfc, 0xfc, 0x0, 0x9e,
    0xfd, 0x75, 0xfc, 0x0, 0x0, 0x0, 0x6, 0xfb,
    0x0, 0x0, 0x0, 0x9, 0xfa, 0x16, 0x10, 0x0,
    0x4f, 0xf5, 0x3f, 0xfe, 0xcd, 0xff, 0xb0, 0x18,
    0xce, 0xff, 0xc7, 0x0,

    /* U+01F6 "Ƕ" */
    0x1f, 0xf1, 0x0, 0x0, 0x6f, 0xc0, 0x0, 0x0,
    0x1, 0xff, 0x10, 0x0, 0x6, 0xfc, 0x0, 0x0,
    0x0, 0x1f, 0xf1, 0x0, 0x0, 0x6f, 0xc0, 0x0,
    0x0, 0x1, 0xff, 0x10, 0x0, 0x6, 0xfc, 0x0,
    0x8, 0xfa, 0x1f, 0xf1, 0x0, 0x0, 0x6f, 0xc0,
    0x0, 0x8f, 0xa1, 0xff, 0xdd, 0xdd, 0xde, 0xfc,
    0x0, 0x8, 0xfa, 0x1f, 0xff, 0xff, 0xff, 0xff,
    0xc0, 0x0, 0x8f, 0xa1, 0xff, 0x10, 0x0, 0x6,
    0xfc, 0x0, 0x8, 0xfa, 0x1f, 0xf1, 0x0, 0x0,
    0x6f, 0xc0, 0x0, 0x8f, 0xa1, 0xff, 0x10, 0x0,
    0x6, 0xfc, 0x0, 0x8, 0xfa, 0x1f, 0xf1, 0x0,
    0x0, 0x4f, 0xd0, 0x0, 0x9f, 0x91, 0xff, 0x10,
    0x0, 0x2, 0xff, 0x30, 0x1e, 0xf6, 0x1f, 0xf1,
    0x0, 0x0, 0xa, 0xff, 0xdf, 0xfd, 0x1, 0xff,
    0x10, 0x0, 0x0, 0x9, 0xef, 0xea, 0x10,

    /* U+01F7 "Ƿ" */
    0x1f, 0xa0, 0x4c, 0xfe, 0xb3, 0x0, 0x1f, 0xd7,
    0xff, 0xef, 0xff, 0x30, 0x1f, 0xff, 0x60, 0x1,
    0xcf, 0xc0, 0x1f, 0xfa, 0x0, 0x0, 0x3f, 0xf1,
    0x1f, 0xf4, 0x0, 0x0, 0xf, 0xf3, 0x1f, 0xf2,
    0x0, 0x0, 0xf, 0xf2, 0x1f, 0xf1, 0x0, 0x0,
    0x2f, 0xf0, 0x1f, 0xf1, 0x0, 0x0, 0x7f, 0xc0,
    0x1f, 0xf1, 0x0, 0x1, 0xef, 0x60, 0x1f, 0xf1,
    0x0, 0xa, 0xfd, 0x0, 0x1f, 0xf1, 0x0, 0xaf,
    0xf2, 0x0, 0x1f, 0xf1, 0x4d, 0xfe, 0x30, 0x0,
    0x1f, 0xfc, 0xff, 0xb1, 0x0, 0x0, 0x1f, 0xff,
    0xc4, 0x0, 0x0, 0x0, 0x1f, 0xf4, 0x0, 0x0,
    0x0, 0x0, 0x1f, 0xf1, 0x0, 0x0, 0x0, 0x0,
    0x1f, 0xf1, 0x0, 0x0, 0x0, 0x0, 0x1f, 0xf1,
    0x0, 0x0, 0x0, 0x0, 0x1f, 0xf1, 0x0, 0x0,
    0x0, 0x0,

    /* U+01F8 "Ǹ" */
    0x0, 0x0, 0xcf, 0xc0, 0x0, 0x0, 0x0, 0x0,
    0x1, 0xdf, 0x50, 0x0, 0x0, 0x0, 0x0, 0x1,
    0xde, 0x10, 0x0, 0x0, 0x0, 0x0, 0x1, 0x73,
    0x0, 0x0, 0x0, 0x0, 0x0, 0x0, 0x0, 0x0,
    0x1, 0xff, 0xc0, 0x0, 0x0, 0x6, 0xfa, 0x1f,
    0xff, 0x70, 0x0, 0x0, 0x6f, 0xa1, 0xff, 0xff,
    0x10, 0x0, 0x6, 0xfa, 0x1f, 0xbb, 0xfb, 0x0,
    0x0, 0x6f, 0xa1, 0xfc, 0x1f, 0xf5, 0x0, 0x6,
    0xfa, 0x1f, 0xd0, 0x6f, 0xe0, 0x0, 0x6f, 0xa1,
    0xfd, 0x0, 0xcf, 0x90, 0x6, 0xfa, 0x1f, 0xd0,
    0x2, 0xff, 0x30, 0x5f, 0xa1, 0xfd, 0x0, 0x8,
    0xfc, 0x5, 0xfa, 0x1f, 0xd0, 0x0, 0xd, 0xf7,
    0x5f, 0xa1, 0xfd, 0x0, 0x0, 0x3f, 0xf6, 0xfa,
    0x1f, 0xd0, 0x0, 0x0, 0x9f, 0xef, 0xa1, 0xfd,
    0x0, 0x0, 0x0, 0xef, 0xfa, 0x1f, 0xd0, 0x0,
    0x0, 0x5, 0xff, 0xa0,

    /* U+01F9 "ǹ" */
    0x0, 0x3f, 0xf5, 0x0, 0x0, 0x0, 0x3, 0xee,
    0x10, 0x0, 0x0, 0x0, 0x2c, 0xc0, 0x0, 0x0,
    0x0, 0x0, 0x0, 0x0, 0x5f, 0x62, 0xbe, 0xfc,
    0x50, 0x5f, 0xcf, 0xec, 0xef, 0xf6, 0x5f, 0xfa,
    0x0, 0xa, 0xfc, 0x5f, 0xf1, 0x0, 0x3, 0xff,
    0x5f, 0xd0, 0x0, 0x2, 0xff, 0x5f, 0xc0, 0x0,
    0x2, 0xff, 0x5f, 0xc0, 0x0, 0x2, 0xff, 0x5f,
    0xc0, 0x0, 0x2, 0xff, 0x5f, 0xc0, 0x0, 0x2,
    0xff, 0x5f, 0xc0, 0x0, 0x2, 0xff, 0x5f, 0xc0,
    0x0, 0x2, 0xff,

    /* U+01FA "Ǻ" */
    0x0, 0x0, 0x0, 0x4f, 0xe4, 0x0, 0x0, 0x0,
    0x0, 0x3, 0xfa, 0x10, 0x0, 0x0, 0x0, 0x0,
    0x0, 0x0, 0x0, 0x0, 0x0, 0x0, 0x0, 0x1b,
    0xeb, 0x20, 0x0, 0x0, 0x0, 0x0, 0x9b, 0x3b,
    0xb0, 0x0, 0x0, 0x0, 0x0, 0xa8, 0x8, 0xc0,
    0x0, 0x0, 0x0, 0x0, 0x3f, 0xef, 0x40, 0x0,
    0x0, 0x0, 0x0, 0x3f, 0xef, 0x50, 0x0, 0x0,
    0x0, 0x0, 0xaf, 0x5f, 0xb0, 0x0, 0x0, 0x0,
    0x1, 0xfd, 0xc, 0xf2, 0x0, 0x0, 0x0, 0x7,
    0xf7, 0x5, 0xf9, 0x0, 0x0, 0x0, 0xd, 0xf1,
    0x0, 0xef, 0x0, 0x0, 0x0, 0x4f, 0x90, 0x0,
    0x7f, 0x60, 0x0, 0x0, 0xbf, 0xee, 0xee, 0xef,
    0xc0, 0x0, 0x2, 0xff, 0xff, 0xff, 0xff, 0xf3,
    0x0, 0x8, 0xf8, 0x0, 0x0, 0x7, 0xfa, 0x0,
    0xe, 0xf2, 0x0, 0x0, 0x1, 0xff, 0x10, 0x6f,
    0xc0, 0x0, 0x0, 0x0, 0xbf, 0x70, 0xcf, 0x70,
    0x0, 0x0, 0x0, 0x5f, 0xd0,

    /* U+01FB "ǻ" */
    0x0, 0x0, 0x2, 0xff, 0x90, 0x0, 0x0, 0x2e,
    0xc3, 0x0, 0x0, 0x0, 0x0, 0x0, 0x0, 0x0,
    0x0, 0x9e, 0xd4, 0x0, 0x0, 0x4, 0xe4, 0x7f,
    0x0, 0x0, 0x5, 0xe1, 0x5f, 0x0, 0x0, 0x0,
    0xcf, 0xf7, 0x0, 0x0, 0x0, 0x1, 0x0, 0x0,
    0x0, 0x4a, 0xdf, 0xec, 0x50, 0x0, 0xbf, 0xda,
    0xcf, 0xf4, 0x0, 0x33, 0x0, 0xa, 0xfb, 0x0,
    0x0, 0x0, 0x4, 0xfd, 0x0, 0x0, 0x0, 0x14,
    0xfe, 0x0, 0x7d, 0xff, 0xff, 0xfe, 0xa, 0xfe,
    0x74, 0x46, 0xfe, 0x1f, 0xf3, 0x0, 0x4, 0xfe,
    0xf, 0xf2, 0x0, 0xb, 0xfe, 0xb, 0xfd, 0x88,
    0xdc, 0xfe, 0x1, 0x9e, 0xfe, 0x80, 0xce,

    /* U+01FC "Ǽ" */
    0x0, 0x0, 0x0, 0x0, 0x0, 0xb, 0xfc, 0x0,
    0x0, 0x0, 0x0, 0x0, 0x0, 0x0, 0x4f, 0xe1,
    0x0, 0x0, 0x0, 0x0, 0x0, 0x0, 0x0, 0xee,
    0x20, 0x0, 0x0, 0x0, 0x0, 0x0, 0x0, 0x3,
    0x71, 0x0, 0x0, 0x0, 0x0, 0x0, 0x0, 0x0,
    0x0, 0x0, 0x0, 0x0, 0x0, 0x0, 0x0, 0x0,
    0x9, 0xff, 0xff, 0xff, 0xff, 0xfd, 0x0, 0x0,
    0x0, 0x1f, 0xfd, 0xff, 0xed, 0xdd, 0xdb, 0x0,
    0x0, 0x0, 0x8f, 0x90, 0xef, 0x30, 0x0, 0x0,
    0x0, 0x0, 0x1, 0xff, 0x20, 0xef, 0x30, 0x0,
    0x0, 0x0, 0x0, 0x7, 0xfa, 0x0, 0xef, 0x30,
    0x0, 0x0, 0x0, 0x0, 0xe, 0xf2, 0x0, 0xef,
    0x30, 0x0, 0x0, 0x0, 0x0, 0x7f, 0xa0, 0x0,
    0xef, 0xff, 0xff, 0xf7, 0x0, 0x0, 0xef, 0x30,
    0x0, 0xef, 0xdd, 0xdd, 0xd6, 0x0, 0x6, 0xff,
    0xff, 0xff, 0xff, 0x30, 0x0, 0x0, 0x0, 0xd,
    0xfe, 0xee, 0xee, 0xff, 0x30, 0x0, 0x0, 0x0,
    0x5f, 0xd0, 0x0, 0x0, 0xef, 0x30, 0x0, 0x0,
    0x0, 0xdf, 0x60, 0x0, 0x0, 0xef, 0x30, 0x0,
    0x0, 0x4, 0xfe, 0x0, 0x0, 0x0, 0xef, 0xed,
    0xdd, 0xdb, 0xc, 0xf7, 0x0, 0x0, 0x0, 0xef,
    0xff, 0xff, 0xfd,

    /* U+01FD "ǽ" */
    0x0, 0x0, 0x0, 0x0, 0xb, 0xfb, 0x0, 0x0,
    0x0, 0x0, 0x0, 0x0, 0x7, 0xfb, 0x0, 0x0,
    0x0, 0x0, 0x0, 0x0, 0x3, 0xe8, 0x0, 0x0,
    0x0, 0x0, 0x0, 0x0, 0x0, 0x0, 0x0, 0x0,
    0x0, 0x0, 0x0, 0x5a, 0xef, 0xea, 0x11, 0x9e,
    0xfd, 0x60, 0x0, 0xe, 0xfd, 0xbe, 0xfd, 0xdf,
    0xdb, 0xff, 0x80, 0x0, 0x31, 0x0, 0xc, 0xff,
    0x70, 0x2, 0xff, 0x20, 0x0, 0x0, 0x0, 0x7f,
    0xe0, 0x0, 0xa, 0xf7, 0x0, 0x3, 0x67, 0x8b,
    0xfe, 0x88, 0x88, 0xcf, 0x90, 0x3d, 0xff, 0xff,
    0xff, 0xff, 0xff, 0xff, 0xfa, 0xd, 0xfb, 0x20,
    0x7, 0xfc, 0x0, 0x0, 0x0, 0x1, 0xff, 0x20,
    0x0, 0x9f, 0xf0, 0x0, 0x0, 0x0, 0xf, 0xf4,
    0x0, 0x3f, 0xff, 0x90, 0x0, 0x3, 0x0, 0xaf,
    0xfc, 0xdf, 0xd2, 0xef, 0xec, 0xce, 0xf1, 0x0,
    0x9e, 0xfd, 0x80, 0x1, 0x9d, 0xff, 0xc7, 0x0,

    /* U+01FE "Ǿ" */
    0x0, 0x0, 0x0, 0xa, 0xfd, 0x0, 0x0, 0x0,
    0x0, 0x0, 0x5f, 0xc1, 0x0, 0x0, 0x0, 0x0,
    0x2, 0xfa, 0x0, 0x0, 0x0, 0x0, 0x0, 0x0,
    0x0, 0x0, 0x0, 0x0, 0x0, 0x0, 0x0, 0x0,
    0x0, 0x8, 0x0, 0x0, 0x4, 0xad, 0xfe, 0xc7,
    0x8f, 0x50, 0x0, 0xaf, 0xff, 0xee, 0xff, 0xfd,
    0x0, 0x9, 0xff, 0x60, 0x0, 0x2f, 0xff, 0x30,
    0x2f, 0xf6, 0x0, 0x0, 0x8f, 0xef, 0xc0, 0x7f,
    0xd0, 0x0, 0x4, 0xfa, 0x3f, 0xf2, 0xaf, 0x90,
    0x0, 0x1e, 0xd0, 0xf, 0xf5, 0xcf, 0x80, 0x0,
    0xcf, 0x20, 0xd, 0xf7, 0xcf, 0x80, 0x8, 0xf6,
    0x0, 0xd, 0xf7, 0xaf, 0xa0, 0x4f, 0xa0, 0x0,
    0xe, 0xf5, 0x7f, 0xe1, 0xed, 0x0, 0x0, 0x3f,
    0xf2, 0x2f, 0xfe, 0xf3, 0x0, 0x0, 0xbf, 0xc0,
    0x8, 0xff, 0xb0, 0x0, 0x1a, 0xff, 0x30, 0x3,
    0xff, 0xff, 0xee, 0xff, 0xf5, 0x0, 0xc, 0xe5,
    0xad, 0xfe, 0xd8, 0x20, 0x0, 0x0, 0x30, 0x0,
    0x0, 0x0, 0x0, 0x0,

    /* U+01FF "ǿ" */
    0x0, 0x0, 0x9, 0xfd, 0x10, 0x0, 0x0, 0x4,
    0xfd, 0x10, 0x0, 0x0, 0x1, 0xea, 0x0, 0x0,
    0x0, 0x0, 0x0, 0x0, 0x1, 0x0, 0x0, 0x5c,
    0xff, 0xc8, 0xf6, 0x0, 0x9f, 0xfe, 0xdf, 0xff,
    0x10, 0x5f, 0xf4, 0x0, 0xaf, 0xf6, 0xb, 0xf8,
    0x0, 0x5f, 0xdf, 0xd0, 0xef, 0x50, 0x2f, 0xc2,
    0xff, 0x1e, 0xf3, 0xc, 0xf2, 0xf, 0xf2, 0xdf,
    0x48, 0xf5, 0x2, 0xff, 0x1a, 0xfc, 0xfa, 0x0,
    0x6f, 0xe0, 0x4f, 0xfe, 0x0, 0x2e, 0xf8, 0x0,
    0xcf, 0xfd, 0xdf, 0xfc, 0x0, 0x3f, 0xab, 0xff,
    0xd7, 0x0, 0x0, 0x30, 0x0, 0x0, 0x0, 0x0,

    /* U+0200 "Ȁ" */
    0x1, 0xef, 0x45, 0xfd, 0x0, 0x0, 0x0, 0x0,
    0x3f, 0xc0, 0x8f, 0x60, 0x0, 0x0, 0x0, 0x4,
    0xf6, 0x9, 0xf1, 0x0, 0x0, 0x0, 0x0, 0x12,
    0x0, 0x31, 0x0, 0x0, 0x0, 0x0, 0x0, 0x0,
    0x0, 0x0, 0x0, 0x0, 0x0, 0xc, 0xfd, 0x0,
    0x0, 0x0, 0x0, 0x0, 0x2f, 0xff, 0x30, 0x0,
    0x0, 0x0, 0x0, 0x8f, 0xaf, 0x90, 0x0, 0x0,
    0x0, 0x0, 0xef, 0x1f, 0xf0, 0x0, 0x0, 0x0,
    0x5, 0xfb, 0xa, 0xf6, 0x0, 0x0, 0x0, 0xb,
    0xf5, 0x4, 0xfc, 0x0, 0x0, 0x0, 0x1f, 0xf0,
    0x0, 0xef, 0x20, 0x0, 0x0, 0x7f, 0x90, 0x0,
    0x8f, 0x80, 0x0, 0x0, 0xdf, 0xff, 0xff, 0xff,
    0xe0, 0x0, 0x4, 0xff, 0xee, 0xee, 0xef, 0xf5,
    0x0, 0xa, 0xf8, 0x0, 0x0, 0x8, 0xfb, 0x0,
    0x1f, 0xf2, 0x0, 0x0, 0x2, 0xff, 0x10, 0x6f,
    0xd0, 0x0, 0x0, 0x0, 0xcf, 0x70, 0xcf, 0x70,
    0x0, 0x0, 0x0, 0x6f, 0xd0,

    /* U+0201 "ȁ" */
    0xc, 0xf7, 0x2f, 0xf1, 0x0, 0x1, 0xde, 0x15,
    0xf9, 0x0, 0x0, 0x2e, 0x90, 0x6f, 0x30, 0x0,
    0x1, 0x20, 0x2, 0x10, 0x0, 0x4a, 0xdf, 0xec,
    0x50, 0x0, 0xbf, 0xda, 0xcf, 0xf4, 0x0, 0x33,
    0x0, 0xa, 0xfb, 0x0, 0x0, 0x0, 0x4, 0xfd,
    0x0, 0x0, 0x0, 0x14, 0xfe, 0x0, 0x7d, 0xff,
    0xff, 0xfe, 0xa, 0xfe, 0x74, 0x46, 0xfe, 0x1f,
    0xf3, 0x0, 0x4, 0xfe, 0xf, 0xf2, 0x0, 0xb,
    0xfe, 0xb, 0xfd, 0x88, 0xdc, 0xfe, 0x1, 0x9e,
    0xfe, 0x80, 0xce,

    /* U+0202 "Ȃ" */
    0x0, 0x0, 0x6, 0x97, 0x10, 0x0, 0x0, 0x0,
    0x1, 0xef, 0xff, 0xf2, 0x0, 0x0, 0x0, 0x9,
    0xd2, 0x2, 0xca, 0x0, 0x0, 0x0, 0x5, 0x40,
    0x0, 0x36, 0x0, 0x0, 0x0, 0x0, 0x0, 0x0,
    0x0, 0x0, 0x0, 0x0, 0x0, 0xc, 0xfd, 0x0,
    0x0, 0x0, 0x0, 0x0, 0x2f, 0xff, 0x30, 0x0,
    0x0, 0x0, 0x0, 0x8f, 0xaf, 0x90, 0x0, 0x0,
    0x0, 0x0, 0xef, 0x1f, 0xf0, 0x0, 0x0, 0x0,
    0x5, 0xfb, 0xa, 0xf6, 0x0, 0x0, 0x0, 0xb,
    0xf5, 0x4, 0xfc, 0x0, 0x0, 0x0, 0x1f, 0xf0,
    0x0, 0xef, 0x20, 0x0, 0x0, 0x7f, 0x90, 0x0,
    0x8f, 0x80, 0x0, 0x0, 0xdf, 0xff, 0xff, 0xff,
    0xe0, 0x0, 0x4, 0xff, 0xee, 0xee, 0xef, 0xf5,
    0x0, 0xa, 0xf8, 0x0, 0x0, 0x8, 0xfb, 0x0,
    0x1f, 0xf2, 0x0, 0x0, 0x2, 0xff, 0x10, 0x6f,
    0xd0, 0x0, 0x0, 0x0, 0xcf, 0x70, 0xcf, 0x70,
    0x0, 0x0, 0x0, 0x6f, 0xd0,

    /* U+0203 "ȃ" */
    0x0, 0x4, 0xcf, 0xe9, 0x10, 0x0, 0x2f, 0xda,
    0xbf, 0xa0, 0x0, 0x6b, 0x0, 0x4, 0xc0, 0x0,
    0x0, 0x0, 0x0, 0x0, 0x0, 0x4a, 0xdf, 0xec,
    0x50, 0x0, 0xbf, 0xda, 0xcf, 0xf4, 0x0, 0x33,
    0x0, 0xa, 0xfb, 0x0, 0x0, 0x0, 0x4, 0xfd,
    0x0, 0x0, 0x0, 0x14, 0xfe, 0x0, 0x7d, 0xff,
    0xff, 0xfe, 0xa, 0xfe, 0x74, 0x46, 0xfe, 0x1f,
    0xf3, 0x0, 0x4, 0xfe, 0xf, 0xf2, 0x0, 0xb,
    0xfe, 0xb, 0xfd, 0x88, 0xdc, 0xfe, 0x1, 0x9e,
    0xfe, 0x80, 0xce,

    /* U+0204 "Ȅ" */
    0x6f, 0xc0, 0xcf, 0x70, 0x0, 0xaf, 0x51, 0xee,
    0x0, 0x0, 0xae, 0x12, 0xe9, 0x0, 0x0, 0x30,
    0x1, 0x20, 0x0, 0x0, 0x0, 0x0, 0x1, 0xff,
    0xff, 0xff, 0xff, 0x1f, 0xfd, 0xdd, 0xdd, 0xc1,
    0xff, 0x10, 0x0, 0x0, 0x1f, 0xf1, 0x0, 0x0,
    0x1, 0xff, 0x10, 0x0, 0x0, 0x1f, 0xf1, 0x0,
    0x0, 0x1, 0xff, 0xff, 0xff, 0xf9, 0x1f, 0xfd,
    0xdd, 0xdd, 0x71, 0xff, 0x10, 0x0, 0x0, 0x1f,
    0xf1, 0x0, 0x0, 0x1, 0xff, 0x10, 0x0, 0x0,
    0x1f, 0xf1, 0x0, 0x0, 0x1, 0xff, 0xdd, 0xdd,
    0xdc, 0x1f, 0xff, 0xff, 0xff, 0xf0,

    /* U+0205 "ȅ" */
    0xbf, 0x82, 0xff, 0x20, 0x0, 0x1d, 0xf1, 0x4f,
    0xa0, 0x0, 0x1, 0xda, 0x5, 0xf4, 0x0, 0x0,
    0x13, 0x0, 0x21, 0x0, 0x0, 0x5c, 0xff, 0xc4,
    0x0, 0x9, 0xff, 0xbb, 0xff, 0x60, 0x4f, 0xe2,
    0x0, 0x4f, 0xf1, 0xaf, 0x80, 0x0, 0xc, 0xf5,
    0xdf, 0xb9, 0x99, 0x9d, 0xf7, 0xef, 0xff, 0xff,
    0xff, 0xf7, 0xdf, 0x50, 0x0, 0x0, 0x0, 0xaf,
    0x90, 0x0, 0x0, 0x0, 0x4f, 0xf5, 0x0, 0x0,
    0x40, 0x8, 0xff, 0xdb, 0xdf, 0xf0, 0x0, 0x4b,
    0xef, 0xec, 0x60,

    /* U+0206 "Ȇ" */
    0x0, 0x3, 0x88, 0x50, 0x0, 0x6, 0xff, 0xff,
    0xa0, 0x0, 0xf8, 0x10, 0x5f, 0x30, 0x17, 0x0,
    0x0, 0x62, 0x0, 0x0, 0x0, 0x0, 0x1, 0xff,
    0xff, 0xff, 0xff, 0x1f, 0xfd, 0xdd, 0xdd, 0xc1,
    0xff, 0x10, 0x0, 0x0, 0x1f, 0xf1, 0x0, 0x0,
    0x1, 0xff, 0x10, 0x0, 0x0, 0x1f, 0xf1, 0x0,
    0x0, 0x1, 0xff, 0xff, 0xff, 0xf9, 0x1f, 0xfd,
    0xdd, 0xdd, 0x71, 0xff, 0x10, 0x0, 0x0, 0x1f,
    0xf1, 0x0, 0x0, 0x1, 0xff, 0x10, 0x0, 0x0,
    0x1f, 0xf1, 0x0, 0x0, 0x1, 0xff, 0xdd, 0xdd,
    0xdc, 0x1f, 0xff, 0xff, 0xff, 0xf0,

    /* U+0207 "ȇ" */
    0x0, 0x3c, 0xfe, 0x91, 0x0, 0x2, 0xfd, 0xaa,
    0xfa, 0x0, 0x6, 0xb0, 0x0, 0x4d, 0x0, 0x0,
    0x0, 0x0, 0x0, 0x0, 0x0, 0x5c, 0xff, 0xc4,
    0x0, 0x9, 0xff, 0xbb, 0xff, 0x60, 0x4f, 0xe2,
    0x0, 0x4f, 0xf1, 0xaf, 0x80, 0x0, 0xc, 0xf5,
    0xdf, 0xb9, 0x99, 0x9d, 0xf7, 0xef, 0xff, 0xff,
    0xff, 0xf7, 0xdf, 0x50, 0x0, 0x0, 0x0, 0xaf,
    0x90, 0x0, 0x0, 0x0, 0x4f, 0xf5, 0x0, 0x0,
    0x40, 0x8, 0xff, 0xdb, 0xdf, 0xf0, 0x0, 0x4b,
    0xef, 0xec, 0x60,

    /* U+0208 "Ȉ" */
    0xe, 0xf4, 0x5f, 0xe0, 0x0, 0x3f, 0xc0, 0x8f,
    0x60, 0x0, 0x4f, 0x60, 0x9f, 0x10, 0x0, 0x12,
    0x0, 0x21, 0x0, 0x0, 0x0, 0x0, 0x0, 0x3,
    0xff, 0xff, 0xf4, 0x0, 0x7, 0xdf, 0xd7, 0x10,
    0x0, 0x8, 0xfa, 0x0, 0x0, 0x0, 0x8f, 0xa0,
    0x0, 0x0, 0x8, 0xfa, 0x0, 0x0, 0x0, 0x8f,
    0xa0, 0x0, 0x0, 0x8, 0xfa, 0x0, 0x0, 0x0,
    0x8f, 0xa0, 0x0, 0x0, 0x8, 0xfa, 0x0, 0x0,
    0x0, 0x8f, 0xa0, 0x0, 0x0, 0x8, 0xfa, 0x0,
    0x0, 0x0, 0x8f, 0xa0, 0x0, 0x0, 0x6d, 0xfd,
    0x71, 0x0, 0x3f, 0xff, 0xff, 0x40,

    /* U+0209 "ȉ" */
    0xcf, 0x72, 0xff, 0x10, 0x1e, 0xe0, 0x5f, 0x90,
    0x2, 0xe9, 0x6, 0xf3, 0x0, 0x12, 0x0, 0x21,
    0x0, 0x5, 0xfc, 0x0, 0x0, 0x5, 0xfc, 0x0,
    0x0, 0x5, 0xfc, 0x0, 0x0, 0x5, 0xfc, 0x0,
    0x0, 0x5, 0xfc, 0x0, 0x0, 0x5, 0xfc, 0x0,
    0x0, 0x5, 0xfc, 0x0, 0x0, 0x5, 0xfc, 0x0,
    0x0, 0x5, 0xfc, 0x0, 0x0, 0x5, 0xfc, 0x0,
    0x0, 0x5, 0xfc, 0x0,

    /* U+020A "Ȋ" */
    0x0, 0x69, 0x71, 0x1, 0xef, 0xff, 0xf2, 0x8d,
    0x20, 0x1c, 0xa5, 0x30, 0x0, 0x35, 0x0, 0x0,
    0x0, 0x3, 0xff, 0xff, 0xf4, 0x7, 0xdf, 0xd7,
    0x10, 0x8, 0xfa, 0x0, 0x0, 0x8f, 0xa0, 0x0,
    0x8, 0xfa, 0x0, 0x0, 0x8f, 0xa0, 0x0, 0x8,
    0xfa, 0x0, 0x0, 0x8f, 0xa0, 0x0, 0x8, 0xfa,
    0x0, 0x0, 0x8f, 0xa0, 0x0, 0x8, 0xfa, 0x0,
    0x0, 0x8f, 0xa0, 0x0, 0x6d, 0xfd, 0x71, 0x3f,
    0xff, 0xff, 0x40,

    /* U+020B "ȋ" */
    0x4, 0xcf, 0xe9, 0x0, 0x3f, 0xda, 0xbf, 0x90,
    0x69, 0x0, 0x4, 0xb0, 0x0, 0x0, 0x0, 0x0,
    0x0, 0x5f, 0xc0, 0x0, 0x0, 0x5f, 0xc0, 0x0,
    0x0, 0x5f, 0xc0, 0x0, 0x0, 0x5f, 0xc0, 0x0,
    0x0, 0x5f, 0xc0, 0x0, 0x0, 0x5f, 0xc0, 0x0,
    0x0, 0x5f, 0xc0, 0x0, 0x0, 0x5f, 0xc0, 0x0,
    0x0, 0x5f, 0xc0, 0x0, 0x0, 0x5f, 0xc0, 0x0,
    0x0, 0x5f, 0xc0, 0x0,

    /* U+020C "Ȍ" */
    0x0, 0xaf, 0x91, 0xef, 0x30, 0x0, 0x0, 0x0,
    0xc, 0xf2, 0x4f, 0xb0, 0x0, 0x0, 0x0, 0x1,
    0xdb, 0x4, 0xf5, 0x0, 0x0, 0x0, 0x0, 0x3,
    0x0, 0x12, 0x0, 0x0, 0x0, 0x0, 0x0, 0x0,
    0x0, 0x0, 0x0, 0x0, 0x4, 0xad, 0xfe, 0xd8,
    0x20, 0x0, 0x0, 0xaf, 0xff, 0xee, 0xff, 0xf5,
    0x0, 0x8, 0xff, 0x60, 0x0, 0x1a, 0xff, 0x30,
    0x2f, 0xf6, 0x0, 0x0, 0x0, 0xbf, 0xc0, 0x7f,
    0xd0, 0x0, 0x0, 0x0, 0x3f, 0xf2, 0xaf, 0x90,
    0x0, 0x0, 0x0, 0xe, 0xf5, 0xcf, 0x80, 0x0,
    0x0, 0x0, 0xd, 0xf7, 0xcf, 0x80, 0x0, 0x0,
    0x0, 0xd, 0xf7, 0xaf, 0x90, 0x0, 0x0, 0x0,
    0xe, 0xf5, 0x7f, 0xe0, 0x0, 0x0, 0x0, 0x3f,
    0xf2, 0x2f, 0xf6, 0x0, 0x0, 0x0, 0xbf, 0xc0,
    0x8, 0xff, 0x60, 0x0, 0x1a, 0xff, 0x30, 0x0,
    0xaf, 0xff, 0xee, 0xff, 0xf5, 0x0, 0x0, 0x4,
    0xad, 0xfe, 0xd8, 0x20, 0x0,

    /* U+020D "ȍ" */
    0x6f, 0xd0, 0xcf, 0x70, 0x0, 0x0, 0x9f, 0x51,
    0xde, 0x10, 0x0, 0x0, 0xae, 0x12, 0xd9, 0x0,
    0x0, 0x0, 0x30, 0x1, 0x20, 0x0, 0x0, 0x5c,
    0xff, 0xc7, 0x0, 0x0, 0x9f, 0xfd, 0xdf, 0xfb,
    0x0, 0x4f, 0xf4, 0x0, 0x2e, 0xf7, 0xa, 0xf9,
    0x0, 0x0, 0x6f, 0xe0, 0xdf, 0x50, 0x0, 0x2,
    0xff, 0x1e, 0xf4, 0x0, 0x0, 0xf, 0xf2, 0xdf,
    0x50, 0x0, 0x2, 0xff, 0x1a, 0xf9, 0x0, 0x0,
    0x6f, 0xe0, 0x3f, 0xf3, 0x0, 0x1d, 0xf8, 0x0,
    0x8f, 0xfc, 0xbf, 0xfc, 0x0, 0x0, 0x5b, 0xef,
    0xd7, 0x0, 0x0,

    /* U+020E "Ȏ" */
    0x0, 0x0, 0x4, 0x88, 0x30, 0x0, 0x0, 0x0,
    0x0, 0x9f, 0xff, 0xf6, 0x0, 0x0, 0x0, 0x3,
    0xf5, 0x1, 0x9e, 0x0, 0x0, 0x0, 0x3, 0x70,
    0x0, 0x19, 0x0, 0x0, 0x0, 0x0, 0x0, 0x0,
    0x0, 0x0, 0x0, 0x0, 0x4, 0xad, 0xfe, 0xd8,
    0x20, 0x0, 0x0, 0xaf, 0xff, 0xee, 0xff, 0xf5,
    0x0, 0x8, 0xff, 0x60, 0x0, 0x1a, 0xff, 0x30,
    0x2f, 0xf6, 0x0, 0x0, 0x0, 0xbf, 0xc0, 0x7f,
    0xd0, 0x0, 0x0, 0x0, 0x3f, 0xf2, 0xaf, 0x90,
    0x0, 0x0, 0x0, 0xe, 0xf5, 0xcf, 0x80, 0x0,
    0x0, 0x0, 0xd, 0xf7, 0xcf, 0x80, 0x0, 0x0,
    0x0, 0xd, 0xf7, 0xaf, 0x90, 0x0, 0x0, 0x0,
    0xe, 0xf5, 0x7f, 0xe0, 0x0, 0x0, 0x0, 0x3f,
    0xf2, 0x2f, 0xf6, 0x0, 0x0, 0x0, 0xbf, 0xc0,
    0x8, 0xff, 0x60, 0x0, 0x1a, 0xff, 0x30, 0x0,
    0xaf, 0xff, 0xee, 0xff, 0xf5, 0x0, 0x0, 0x4,
    0xad, 0xfe, 0xd8, 0x20, 0x0,

    /* U+020F "ȏ" */
    0x0, 0x19, 0xef, 0xc3, 0x0, 0x0, 0xb, 0xfb,
    0xad, 0xe1, 0x0, 0x1, 0xd3, 0x0, 0xc, 0x40,
    0x0, 0x0, 0x0, 0x0, 0x0, 0x0, 0x0, 0x5c,
    0xff, 0xc7, 0x0, 0x0, 0x9f, 0xfd, 0xdf, 0xfb,
    0x0, 0x4f, 0xf4, 0x0, 0x2e, 0xf7, 0xa, 0xf9,
    0x0, 0x0, 0x6f, 0xe0, 0xdf, 0x50, 0x0, 0x2,
    0xff, 0x1e, 0xf4, 0x0, 0x0, 0xf, 0xf2, 0xdf,
    0x50, 0x0, 0x2, 0xff, 0x1a, 0xf9, 0x0, 0x0,
    0x6f, 0xe0, 0x3f, 0xf3, 0x0, 0x1d, 0xf8, 0x0,
    0x8f, 0xfc, 0xbf, 0xfc, 0x0, 0x0, 0x5b, 0xef,
    0xd7, 0x0, 0x0,

    /* U+0210 "Ȑ" */
    0x3f, 0xf1, 0x8f, 0xa0, 0x0, 0x0, 0x6, 0xf9,
    0xb, 0xf3, 0x0, 0x0, 0x0, 0x7f, 0x30, 0xcc,
    0x0, 0x0, 0x0, 0x2, 0x10, 0x3, 0x0, 0x0,
    0x0, 0x0, 0x0, 0x0, 0x0, 0x0, 0x2f, 0xff,
    0xff, 0xea, 0x40, 0x0, 0x2f, 0xfc, 0xcd, 0xff,
    0xf7, 0x0, 0x2f, 0xf0, 0x0, 0x9, 0xff, 0x10,
    0x2f, 0xf0, 0x0, 0x1, 0xff, 0x30, 0x2f, 0xf0,
    0x0, 0x1, 0xff, 0x20, 0x2f, 0xf0, 0x0, 0xa,
    0xfd, 0x0, 0x2f, 0xfc, 0xcd, 0xff, 0xd1, 0x0,
    0x2f, 0xff, 0xff, 0xfb, 0x0, 0x0, 0x2f, 0xf0,
    0x2, 0xff, 0x20, 0x0, 0x2f, 0xf0, 0x0, 0x9f,
    0xb0, 0x0, 0x2f, 0xf0, 0x0, 0x1f, 0xf5, 0x0,
    0x2f, 0xf0, 0x0, 0x7, 0xfe, 0x0, 0x2f, 0xf0,
    0x0, 0x0, 0xef, 0x80, 0x2f, 0xf0, 0x0, 0x0,
    0x5f, 0xf2,

    /* U+0211 "ȑ" */
    0xaf, 0x81, 0xef, 0x30, 0x0, 0xdf, 0x14, 0xfb,
    0x0, 0x1, 0xdb, 0x5, 0xf5, 0x0, 0x0, 0x30,
    0x2, 0x20, 0x5, 0xf6, 0x19, 0xef, 0x10, 0x5f,
    0x8c, 0xff, 0xf0, 0x5, 0xff, 0xe4, 0x0, 0x0,
    0x5f, 0xf3, 0x0, 0x0, 0x5, 0xfd, 0x0, 0x0,
    0x0, 0x5f, 0xc0, 0x0, 0x0, 0x5, 0xfc, 0x0,
    0x0, 0x0, 0x5f, 0xc0, 0x0, 0x0, 0x5, 0xfc,
    0x0, 0x0, 0x0, 0x5f, 0xc0, 0x0, 0x0, 0x5,
    0xfc, 0x0, 0x0, 0x0,

    /* U+0212 "Ȓ" */
    0x0, 0x2, 0x79, 0x60, 0x0, 0x0, 0x0, 0x3f,
    0xff, 0xfd, 0x0, 0x0, 0x0, 0xcb, 0x10, 0x3e,
    0x60, 0x0, 0x0, 0x62, 0x0, 0x4, 0x40, 0x0,
    0x0, 0x0, 0x0, 0x0, 0x0, 0x0, 0x2f, 0xff,
    0xff, 0xea, 0x40, 0x0, 0x2f, 0xfc, 0xcd, 0xff,
    0xf7, 0x0, 0x2f, 0xf0, 0x0, 0x9, 0xff, 0x10,
    0x2f, 0xf0, 0x0, 0x1, 0xff, 0x30, 0x2f, 0xf0,
    0x0, 0x1, 0xff, 0x20, 0x2f, 0xf0, 0x0, 0xa,
    0xfd, 0x0, 0x2f, 0xfc, 0xcd, 0xff, 0xd1, 0x0,
    0x2f, 0xff, 0xff, 0xfb, 0x0, 0x0, 0x2f, 0xf0,
    0x2, 0xff, 0x20, 0x0, 0x2f, 0xf0, 0x0, 0x9f,
    0xb0, 0x0, 0x2f, 0xf0, 0x0, 0x1f, 0xf5, 0x0,
    0x2f, 0xf0, 0x0, 0x7, 0xfe, 0x0, 0x2f, 0xf0,
    0x0, 0x0, 0xef, 0x80, 0x2f, 0xf0, 0x0, 0x0,
    0x5f, 0xf2,

    /* U+0213 "ȓ" */
    0x3, 0xbf, 0xea, 0x10, 0x1e, 0xea, 0xae, 0xb0,
    0x5c, 0x0, 0x3, 0xd0, 0x0, 0x0, 0x0, 0x0,
    0x5f, 0x61, 0x9e, 0xf1, 0x5f, 0x8c, 0xff, 0xf0,
    0x5f, 0xfe, 0x40, 0x0, 0x5f, 0xf3, 0x0, 0x0,
    0x5f, 0xd0, 0x0, 0x0, 0x5f, 0xc0, 0x0, 0x0,
    0x5f, 0xc0, 0x0, 0x0, 0x5f, 0xc0, 0x0, 0x0,
    0x5f, 0xc0, 0x0, 0x0, 0x5f, 0xc0, 0x0, 0x0,
    0x5f, 0xc0, 0x0, 0x0,

    /* U+0214 "Ȕ" */
    0x2, 0xff, 0x27, 0xfc, 0x0, 0x0, 0x0, 0x5f,
    0xa0, 0xaf, 0x40, 0x0, 0x0, 0x6, 0xf4, 0xb,
    0xd0, 0x0, 0x0, 0x0, 0x21, 0x0, 0x30, 0x0,
    0x0, 0x0, 0x0, 0x0, 0x0, 0x0, 0x3f, 0xf0,
    0x0, 0x0, 0x2, 0xff, 0x3f, 0xf0, 0x0, 0x0,
    0x2, 0xff, 0x3f, 0xf0, 0x0, 0x0, 0x2, 0xff,
    0x3f, 0xf0, 0x0, 0x0, 0x2, 0xff, 0x3f, 0xf0,
    0x0, 0x0, 0x2, 0xff, 0x3f, 0xf0, 0x0, 0x0,
    0x2, 0xff, 0x3f, 0xf0, 0x0, 0x0, 0x2, 0xff,
    0x3f, 0xf0, 0x0, 0x0, 0x2, 0xff, 0x3f, 0xf0,
    0x0, 0x0, 0x2, 0xff, 0x2f, 0xf0, 0x0, 0x0,
    0x4, 0xfe, 0xf, 0xf5, 0x0, 0x0, 0x9, 0xfb,
    0x9, 0xfe, 0x40, 0x0, 0x6f, 0xf5, 0x0, 0xcf,
    0xff, 0xef, 0xff, 0x80, 0x0, 0x7, 0xcf, 0xfe,
    0xa4, 0x0,

    /* U+0215 "ȕ" */
    0x3f, 0xe1, 0x9f, 0xa0, 0x0, 0x6, 0xf8, 0xc,
    0xf2, 0x0, 0x0, 0x7f, 0x21, 0xcc, 0x0, 0x0,
    0x2, 0x10, 0x3, 0x0, 0x7f, 0xb0, 0x0, 0x3,
    0xfe, 0x7f, 0xb0, 0x0, 0x3, 0xfe, 0x7f, 0xb0,
    0x0, 0x3, 0xfe, 0x7f, 0xb0, 0x0, 0x3, 0xfe,
    0x7f, 0xb0, 0x0, 0x3, 0xfe, 0x7f, 0xb0, 0x0,
    0x3, 0xfe, 0x7f, 0xb0, 0x0, 0x4, 0xfe, 0x7f,
    0xc0, 0x0, 0x7, 0xfe, 0x4f, 0xf1, 0x0, 0x1e,
    0xfe, 0xd, 0xfe, 0x99, 0xed, 0xfe, 0x1, 0x9d,
    0xfe, 0x91, 0xee,

    /* U+0216 "Ȗ" */
    0x0, 0x0, 0x17, 0x97, 0x10, 0x0, 0x0, 0x2,
    0xff, 0xff, 0xe1, 0x0, 0x0, 0xb, 0xc2, 0x2,
    0xd8, 0x0, 0x0, 0x6, 0x20, 0x0, 0x44, 0x0,
    0x0, 0x0, 0x0, 0x0, 0x0, 0x0, 0x3f, 0xf0,
    0x0, 0x0, 0x2, 0xff, 0x3f, 0xf0, 0x0, 0x0,
    0x2, 0xff, 0x3f, 0xf0, 0x0, 0x0, 0x2, 0xff,
    0x3f, 0xf0, 0x0, 0x0, 0x2, 0xff, 0x3f, 0xf0,
    0x0, 0x0, 0x2, 0xff, 0x3f, 0xf0, 0x0, 0x0,
    0x2, 0xff, 0x3f, 0xf0, 0x0, 0x0, 0x2, 0xff,
    0x3f, 0xf0, 0x0, 0x0, 0x2, 0xff, 0x3f, 0xf0,
    0x0, 0x0, 0x2, 0xff, 0x2f, 0xf0, 0x0, 0x0,
    0x4, 0xfe, 0xf, 0xf5, 0x0, 0x0, 0x9, 0xfb,
    0x9, 0xfe, 0x40, 0x0, 0x6f, 0xf5, 0x0, 0xcf,
    0xff, 0xef, 0xff, 0x80, 0x0, 0x7, 0xcf, 0xfe,
    0xa4, 0x0,

    /* U+0217 "ȗ" */
    0x0, 0x8, 0xef, 0xd5, 0x0, 0x0, 0x9f, 0xca,
    0xcf, 0x30, 0x0, 0xb4, 0x0, 0x9, 0x60, 0x0,
    0x0, 0x0, 0x0, 0x0, 0x7f, 0xb0, 0x0, 0x3,
    0xfe, 0x7f, 0xb0, 0x0, 0x3, 0xfe, 0x7f, 0xb0,
    0x0, 0x3, 0xfe, 0x7f, 0xb0, 0x0, 0x3, 0xfe,
    0x7f, 0xb0, 0x0, 0x3, 0xfe, 0x7f, 0xb0, 0x0,
    0x3, 0xfe, 0x7f, 0xb0, 0x0, 0x4, 0xfe, 0x7f,
    0xc0, 0x0, 0x7, 0xfe, 0x4f, 0xf1, 0x0, 0x1e,
    0xfe, 0xd, 0xfe, 0x99, 0xed, 0xfe, 0x1, 0x9d,
    0xfe, 0x91, 0xee,

    /* U+0218 "Ș" */
    0x1, 0x8d, 0xfe, 0xd9, 0x30, 0x2e, 0xff, 0xef,
    0xff, 0x90, 0xaf, 0xc1, 0x0, 0x16, 0x20, 0xdf,
    0x50, 0x0, 0x0, 0x0, 0xbf, 0x80, 0x0, 0x0,
    0x0, 0x4f, 0xf9, 0x20, 0x0, 0x0, 0x5, 0xef,
    0xfb, 0x40, 0x0, 0x0, 0x7, 0xdf, 0xfb, 0x10,
    0x0, 0x0, 0x5, 0xef, 0xa0, 0x0, 0x0, 0x0,
    0x3f, 0xf0, 0x0, 0x0, 0x0, 0x1f, 0xf0, 0x83,
    0x0, 0x1, 0xaf, 0xd0, 0xff, 0xfe, 0xef, 0xff,
    0x30, 0x7b, 0xef, 0xfd, 0x92, 0x0, 0x0, 0x0,
    0x0, 0x0, 0x0, 0x0, 0x1, 0x32, 0x0, 0x0,
    0x0, 0x9, 0xf6, 0x0, 0x0, 0x0, 0xc, 0xe0,
    0x0, 0x0, 0x0, 0x1f, 0x50, 0x0, 0x0,

    /* U+0219 "ș" */
    0x0, 0x6c, 0xef, 0xd9, 0x30, 0x9f, 0xeb, 0xbd,
    0xf5, 0xf, 0xf2, 0x0, 0x2, 0x0, 0xef, 0x60,
    0x0, 0x0, 0x6, 0xff, 0xd6, 0x0, 0x0, 0x4,
    0xbf, 0xff, 0x70, 0x0, 0x0, 0x29, 0xff, 0x70,
    0x0, 0x0, 0x6, 0xfc, 0x5, 0x0, 0x0, 0x6f,
    0xb0, 0xff, 0xcb, 0xcf, 0xf5, 0x7, 0xcf, 0xfe,
    0xb3, 0x0, 0x0, 0x0, 0x0, 0x0, 0x0, 0x0,
    0x23, 0x0, 0x0, 0x0, 0xe, 0xf1, 0x0, 0x0,
    0x2, 0xf9, 0x0, 0x0, 0x0, 0x7e, 0x0, 0x0,

    /* U+021A "Ț" */
    0xbf, 0xff, 0xff, 0xff, 0xff, 0xfa, 0xdd, 0xde,
    0xff, 0xdd, 0xdd, 0x0, 0x0, 0x7f, 0xb0, 0x0,
    0x0, 0x0, 0x7, 0xfb, 0x0, 0x0, 0x0, 0x0,
    0x7f, 0xb0, 0x0, 0x0, 0x0, 0x7, 0xfb, 0x0,
    0x0, 0x0, 0x0, 0x7f, 0xb0, 0x0, 0x0, 0x0,
    0x7, 0xfb, 0x0, 0x0, 0x0, 0x0, 0x7f, 0xb0,
    0x0, 0x0, 0x0, 0x7, 0xfb, 0x0, 0x0, 0x0,
    0x0, 0x7f, 0xb0, 0x0, 0x0, 0x0, 0x7, 0xfb,
    0x0, 0x0, 0x0, 0x0, 0x7f, 0xb0, 0x0, 0x0,
    0x0, 0x7, 0xfb, 0x0, 0x0, 0x0, 0x0, 0x0,
    0x0, 0x0, 0x0, 0x0, 0x0, 0x33, 0x0, 0x0,
    0x0, 0x0, 0x2f, 0xd0, 0x0, 0x0, 0x0, 0x5,
    0xf5, 0x0, 0x0, 0x0, 0x0, 0xab, 0x0, 0x0,
    0x0,

    /* U+021B "ț" */
    0x0, 0x37, 0x0, 0x0, 0x0, 0xcf, 0x0, 0x0,
    0x4c, 0xff, 0xff, 0xf1, 0x6a, 0xff, 0xaa, 0xa0,
    0x2, 0xff, 0x0, 0x0, 0x2, 0xff, 0x0, 0x0,
    0x2, 0xff, 0x0, 0x0, 0x2, 0xff, 0x0, 0x0,
    0x2, 0xff, 0x0, 0x0, 0x2, 0xff, 0x0, 0x0,
    0x0, 0xff, 0x30, 0x0, 0x0, 0xbf, 0xfc, 0xd2,
    0x0, 0x1a, 0xff, 0xd1, 0x0, 0x0, 0x0, 0x0,
    0x0, 0x0, 0x32, 0x0, 0x0, 0x5, 0xfa, 0x0,
    0x0, 0x8, 0xf3, 0x0, 0x0, 0xd, 0x80, 0x0,

    /* U+021C "Ȝ" */
    0x0, 0x6b, 0xef, 0xfc, 0x70, 0x0, 0xef, 0xfe,
    0xcd, 0xff, 0xb0, 0x8, 0x92, 0x0, 0x4, 0xff,
    0x30, 0x0, 0x0, 0x0, 0xc, 0xf6, 0x0, 0x0,
    0x0, 0x0, 0xef, 0x50, 0x0, 0x0, 0x1, 0xaf,
    0xd0, 0x0, 0x1, 0x5a, 0xff, 0xc2, 0x0, 0x0,
    0xff, 0xfe, 0xfd, 0x30, 0x0, 0x8, 0x62, 0x8,
    0xfe, 0x10, 0x0, 0x0, 0x0, 0xb, 0xf9, 0x0,
    0x0, 0x0, 0x0, 0x7f, 0xc0, 0x0, 0x0, 0x0,
    0x8, 0xfb, 0x0, 0x0, 0x0, 0x0, 0xdf, 0x80,
    0x0, 0x0, 0x0, 0xbf, 0xf1, 0x0, 0x0, 0x6,
    0xef, 0xf5, 0x0, 0x4, 0x9e, 0xff, 0xc3, 0x0,
    0x1f, 0xff, 0xfb, 0x50, 0x0, 0x2, 0xeb, 0x61,
    0x0, 0x0, 0x0, 0x0, 0x0, 0x0, 0x0, 0x0,
    0x0,

    /* U+021D "ȝ" */
    0x5, 0xbd, 0xfe, 0xa3, 0x0, 0xe, 0xfe, 0xce,
    0xff, 0x20, 0x3, 0x10, 0x0, 0xbf, 0x90, 0x0,
    0x0, 0x0, 0x6f, 0xa0, 0x0, 0x0, 0x0, 0xbf,
    0x70, 0x0, 0x0, 0x4b, 0xfd, 0x0, 0x0, 0x6e,
    0xff, 0xf6, 0x0, 0x0, 0x6c, 0x75, 0xef, 0x50,
    0x0, 0x0, 0x0, 0x5f, 0xd0, 0x0, 0x0, 0x0,
    0x1f, 0xf0, 0x0, 0x0, 0x0, 0x3f, 0xf0, 0x0,
    0x0, 0x0, 0xbf, 0xa0, 0x0, 0x0, 0x3c, 0xfe,
    0x20, 0x3, 0x8d, 0xff, 0xc1, 0x0, 0x7f, 0xff,
    0xb4, 0x0, 0x0, 0x59, 0x50, 0x0, 0x0, 0x0,

    /* U+021E "Ȟ" */
    0x0, 0xd, 0xd2, 0x1, 0xcd, 0x0, 0x0, 0x0,
    0x2e, 0xe4, 0xef, 0x20, 0x0, 0x0, 0x0, 0x4f,
    0xff, 0x50, 0x0, 0x0, 0x0, 0x0, 0x68, 0x60,
    0x0, 0x0, 0x0, 0x0, 0x0, 0x0, 0x0, 0x0,
    0x1, 0xff, 0x10, 0x0, 0x0, 0x2f, 0xf0, 0x1f,
    0xf1, 0x0, 0x0, 0x2, 0xff, 0x1, 0xff, 0x10,
    0x0, 0x0, 0x2f, 0xf0, 0x1f, 0xf1, 0x0, 0x0,
    0x2, 0xff, 0x1, 0xff, 0x10, 0x0, 0x0, 0x2f,
    0xf0, 0x1f, 0xf1, 0x0, 0x0, 0x2, 0xff, 0x1,
    0xff, 0xff, 0xff, 0xff, 0xff, 0xf0, 0x1f, 0xfd,
    0xdd, 0xdd, 0xdd, 0xff, 0x1, 0xff, 0x10, 0x0,
    0x0, 0x2f, 0xf0, 0x1f, 0xf1, 0x0, 0x0, 0x2,
    0xff, 0x1, 0xff, 0x10, 0x0, 0x0, 0x2f, 0xf0,
    0x1f, 0xf1, 0x0, 0x0, 0x2, 0xff, 0x1, 0xff,
    0x10, 0x0, 0x0, 0x2f, 0xf0, 0x1f, 0xf1, 0x0,
    0x0, 0x2, 0xff, 0x0,

    /* U+021F "ȟ" */
    0x9e, 0x40, 0xa, 0xf3, 0x0, 0x0, 0xc, 0xf5,
    0xbf, 0x50, 0x0, 0x0, 0x1, 0xef, 0xf9, 0x0,
    0x0, 0x0, 0x0, 0x48, 0x70, 0x0, 0x0, 0x0,
    0x0, 0x0, 0x0, 0x0, 0x0, 0x0, 0x0, 0x5f,
    0xc0, 0x0, 0x0, 0x0, 0x0, 0x5f, 0xc0, 0x0,
    0x0, 0x0, 0x0, 0x5f, 0xc0, 0x0, 0x0, 0x0,
    0x0, 0x5f, 0xc0, 0x0, 0x0, 0x0, 0x0, 0x5f,
    0xb2, 0xbf, 0xec, 0x50, 0x0, 0x5f, 0xdf, 0xec,
    0xef, 0xf6, 0x0, 0x5f, 0xf9, 0x0, 0xa, 0xfc,
    0x0, 0x5f, 0xf1, 0x0, 0x3, 0xff, 0x0, 0x5f,
    0xd0, 0x0, 0x2, 0xff, 0x0, 0x5f, 0xc0, 0x0,
    0x2, 0xff, 0x0, 0x5f, 0xc0, 0x0, 0x2, 0xff,
    0x0, 0x5f, 0xc0, 0x0, 0x2, 0xff, 0x0, 0x5f,
    0xc0, 0x0, 0x2, 0xff, 0x0, 0x5f, 0xc0, 0x0,
    0x2, 0xff, 0x0, 0x5f, 0xc0, 0x0, 0x2, 0xff,

    /* U+0220 "Ƞ" */
    0x1f, 0xa0, 0x3a, 0xef, 0xe9, 0x10, 0x1, 0xfd,
    0x7f, 0xfe, 0xff, 0xfe, 0x20, 0x1f, 0xff, 0x80,
    0x0, 0x3e, 0xfb, 0x1, 0xff, 0xa0, 0x0, 0x0,
    0x5f, 0xf0, 0x1f, 0xf4, 0x0, 0x0, 0x1, 0xff,
    0x11, 0xff, 0x20, 0x0, 0x0, 0xf, 0xf2, 0x1f,
    0xf1, 0x0, 0x0, 0x0, 0xff, 0x21, 0xff, 0x10,
    0x0, 0x0, 0xf, 0xf2, 0x1f, 0xf1, 0x0, 0x0,
    0x0, 0xff, 0x21, 0xff, 0x10, 0x0, 0x0, 0xf,
    0xf2, 0x1f, 0xf1, 0x0, 0x0, 0x0, 0xff, 0x21,
    0xff, 0x10, 0x0, 0x0, 0xf, 0xf2, 0x1f, 0xf1,
    0x0, 0x0, 0x0, 0xff, 0x21, 0xff, 0x10, 0x0,
    0x0, 0xf, 0xf2, 0x0, 0x0, 0x0, 0x0, 0x0,
    0xff, 0x20, 0x0, 0x0, 0x0, 0x0, 0xf, 0xf2,
    0x0, 0x0, 0x0, 0x0, 0x0, 0xff, 0x20, 0x0,
    0x0, 0x0, 0x0, 0xf, 0xf2, 0x0, 0x0, 0x0,
    0x0, 0x0, 0xff, 0x20,

    /* U+0221 "ȡ" */
    0x0, 0x0, 0x0, 0x6, 0xfc, 0x0, 0x0, 0x0,
    0x0, 0x0, 0x0, 0x0, 0x6f, 0xc0, 0x0, 0x0,
    0x0, 0x0, 0x0, 0x0, 0x6, 0xfc, 0x0, 0x0,
    0x0, 0x0, 0x0, 0x0, 0x0, 0x5f, 0xc0, 0x0,
    0x0, 0x0, 0x0, 0x8e, 0xfd, 0x65, 0xfc, 0x0,
    0x0, 0x0, 0x0, 0xcf, 0xfd, 0xdf, 0xcf, 0xc0,
    0x0, 0x0, 0x0, 0x6f, 0xf3, 0x0, 0x3f, 0xfc,
    0x0, 0x0, 0x0, 0xb, 0xf9, 0x0, 0x0, 0x9f,
    0xc0, 0x0, 0x0, 0x0, 0xef, 0x50, 0x0, 0x6,
    0xfc, 0x0, 0x0, 0x0, 0xf, 0xf4, 0x0, 0x0,
    0x5f, 0xc0, 0x0, 0x0, 0x0, 0xef, 0x50, 0x0,
    0x5, 0xfc, 0x1, 0x68, 0x60, 0xb, 0xf8, 0x0,
    0x0, 0x8f, 0xd4, 0xff, 0xff, 0xc0, 0x6f, 0xf3,
    0x0, 0x3f, 0xff, 0xfd, 0x20, 0xdf, 0x10, 0xcf,
    0xfd, 0xdf, 0xe6, 0xff, 0xdc, 0xdf, 0xd0, 0x0,
    0x8e, 0xfe, 0xa1, 0xe, 0xee, 0xfe, 0xa2, 0x0,
    0x0, 0x0, 0x0, 0x2, 0xfa, 0x0, 0x0, 0x0,
    0x0, 0x0, 0x0, 0x0, 0x4f, 0x80, 0x0, 0x0,
    0x0, 0x0, 0x0, 0x0, 0x1, 0x42, 0x0, 0x0,
    0x0,

    /* U+0222 "Ȣ" */
    0x2f, 0xf0, 0x0, 0x0, 0x1f, 0xf1, 0x2f, 0xf1,
    0x0, 0x0, 0x1f, 0xf1, 0xf, 0xf4, 0x0, 0x0,
    0x4f, 0xf0, 0xa, 0xfd, 0x20, 0x3, 0xdf, 0x90,
    0x1, 0xaf, 0xfe, 0xef, 0xfa, 0x0, 0x2, 0xbf,
    0xff, 0xff, 0xfa, 0x20, 0x2e, 0xfa, 0x20, 0x3,
    0xbf, 0xe1, 0x9f, 0xc0, 0x0, 0x0, 0xd, 0xf8,
    0xcf, 0x80, 0x0, 0x0, 0x9, 0xfb, 0xcf, 0x80,
    0x0, 0x0, 0x9, 0xfc, 0xaf, 0xc0, 0x0, 0x0,
    0xd, 0xf9, 0x3f, 0xf9, 0x10, 0x1, 0x9f, 0xf3,
    0x6, 0xff, 0xfe, 0xef, 0xff, 0x60, 0x0, 0x29,
    0xdf, 0xfd, 0x93, 0x0,

    /* U+0223 "ȣ" */
    0x6, 0xfc, 0x0, 0x0, 0xbf, 0x70, 0x6, 0xfc,
    0x0, 0x0, 0xbf, 0x70, 0x5, 0xfc, 0x0, 0x0,
    0xbf, 0x70, 0x4, 0xfe, 0x0, 0x0, 0xdf, 0x50,
    0x0, 0xef, 0x81, 0x17, 0xff, 0x10, 0x0, 0x3d,
    0xff, 0xff, 0xe4, 0x0, 0x0, 0x8f, 0xfd, 0xcf,
    0xf8, 0x0, 0x6, 0xfe, 0x20, 0x2, 0xdf, 0x70,
    0xd, 0xf6, 0x0, 0x0, 0x5f, 0xe0, 0xf, 0xf3,
    0x0, 0x0, 0x2f, 0xf1, 0xf, 0xf3, 0x0, 0x0,
    0x2f, 0xf1, 0xd, 0xf6, 0x0, 0x0, 0x5f, 0xf0,
    0x7, 0xfe, 0x20, 0x2, 0xdf, 0x90, 0x0, 0xbf,
    0xfd, 0xdf, 0xfc, 0x10, 0x0, 0x6, 0xcf, 0xfd,
    0x70, 0x0,

    /* U+0224 "Ȥ" */
    0x1f, 0xff, 0xff, 0xff, 0xff, 0x91, 0xdd, 0xdd,
    0xdd, 0xdf, 0xf8, 0x0, 0x0, 0x0, 0x7, 0xfe,
    0x0, 0x0, 0x0, 0x2, 0xff, 0x40, 0x0, 0x0,
    0x0, 0xcf, 0x80, 0x0, 0x0, 0x0, 0x8f, 0xd0,
    0x0, 0x0, 0x0, 0x3f, 0xf3, 0x0, 0x0, 0x0,
    0xd, 0xf7, 0x0, 0x0, 0x0, 0x9, 0xfc, 0x0,
    0x0, 0x0, 0x4, 0xff, 0x20, 0x0, 0x0, 0x1,
    0xef, 0x60, 0x0, 0x0, 0x0, 0xaf, 0xb0, 0x0,
    0x0, 0x0, 0x3f, 0xfe, 0xdd, 0xdd, 0xdd, 0xa5,
    0xff, 0xff, 0xff, 0xff, 0xfc, 0x0, 0x0, 0x0,
    0x0, 0x3f, 0xc0, 0x0, 0x0, 0x0, 0x4, 0xfb,
    0x0, 0x0, 0x0, 0x3d, 0xff, 0x80, 0x0, 0x0,
    0x3, 0xff, 0xa0,

    /* U+0225 "ȥ" */
    0xf, 0xff, 0xff, 0xff, 0xa0, 0x9a, 0xaa, 0xaf,
    0xf8, 0x0, 0x0, 0x5, 0xfe, 0x10, 0x0, 0x1,
    0xef, 0x40, 0x0, 0x0, 0xbf, 0x90, 0x0, 0x0,
    0x6f, 0xd0, 0x0, 0x0, 0x2f, 0xf3, 0x0, 0x0,
    0xc, 0xf7, 0x0, 0x0, 0x7, 0xfc, 0x0, 0x0,
    0x2, 0xff, 0xca, 0xaa, 0xa8, 0x4f, 0xff, 0xff,
    0xff, 0xc0, 0x0, 0x0, 0x1, 0xfc, 0x0, 0x0,
    0x0, 0x2f, 0xb0, 0x0, 0x0, 0xce, 0xf8, 0x0,
    0x0, 0xe, 0xfb, 0x10,

    /* U+0226 "Ȧ" */
    0x0, 0x0, 0x1, 0x61, 0x0, 0x0, 0x0, 0x0,
    0x0, 0x9, 0xfa, 0x0, 0x0, 0x0, 0x0, 0x0,
    0x6, 0xf7, 0x0, 0x0, 0x0, 0x0, 0x0, 0x0,
    0x0, 0x0, 0x0, 0x0, 0x0, 0x0, 0x0, 0x0,
    0x0, 0x0, 0x0, 0x0, 0x0, 0xc, 0xfd, 0x0,
    0x0, 0x0, 0x0, 0x0, 0x2f, 0xff, 0x30, 0x0,
    0x0, 0x0, 0x0, 0x8f, 0xaf, 0x90, 0x0, 0x0,
    0x0, 0x0, 0xef, 0x1f, 0xf0, 0x0, 0x0, 0x0,
    0x5, 0xfb, 0xa, 0xf6, 0x0, 0x0, 0x0, 0xb,
    0xf5, 0x4, 0xfc, 0x0, 0x0, 0x0, 0x1f, 0xf0,
    0x0, 0xef, 0x20, 0x0, 0x0, 0x7f, 0x90, 0x0,
    0x8f, 0x80, 0x0, 0x0, 0xdf, 0xff, 0xff, 0xff,
    0xe0, 0x0, 0x4, 0xff, 0xee, 0xee, 0xef, 0xf5,
    0x0, 0xa, 0xf8, 0x0, 0x0, 0x8, 0xfb, 0x0,
    0x1f, 0xf2, 0x0, 0x0, 0x2, 0xff, 0x10, 0x6f,
    0xd0, 0x0, 0x0, 0x0, 0xcf, 0x70, 0xcf, 0x70,
    0x0, 0x0, 0x0, 0x6f, 0xd0,

    /* U+0227 "ȧ" */
    0x0, 0x0, 0x3e, 0xa0, 0x0, 0x0, 0x0, 0x6f,
    0xe0, 0x0, 0x0, 0x0, 0x6, 0x30, 0x0, 0x0,
    0x0, 0x0, 0x0, 0x0, 0x0, 0x4a, 0xdf, 0xec,
    0x50, 0x0, 0xbf, 0xda, 0xcf, 0xf4, 0x0, 0x33,
    0x0, 0xa, 0xfb, 0x0, 0x0, 0x0, 0x4, 0xfd,
    0x0, 0x0, 0x0, 0x14, 0xfe, 0x0, 0x7d, 0xff,
    0xff, 0xfe, 0xa, 0xfe, 0x74, 0x46, 0xfe, 0x1f,
    0xf3, 0x0, 0x4, 0xfe, 0xf, 0xf2, 0x0, 0xb,
    0xfe, 0xb, 0xfd, 0x88, 0xdc, 0xfe, 0x1, 0x9e,
    0xfe, 0x80, 0xce,

    /* U+0228 "Ȩ" */
    0x1f, 0xff, 0xff, 0xff, 0xf1, 0xff, 0xdd, 0xdd,
    0xdc, 0x1f, 0xf1, 0x0, 0x0, 0x1, 0xff, 0x10,
    0x0, 0x0, 0x1f, 0xf1, 0x0, 0x0, 0x1, 0xff,
    0x10, 0x0, 0x0, 0x1f, 0xff, 0xff, 0xff, 0x91,
    0xff, 0xdd, 0xdd, 0xd7, 0x1f, 0xf1, 0x0, 0x0,
    0x1, 0xff, 0x10, 0x0, 0x0, 0x1f, 0xf1, 0x0,
    0x0, 0x1, 0xff, 0x10, 0x0, 0x0, 0x1f, 0xfd,
    0xdd, 0xdd, 0xc1, 0xff, 0xff, 0xff, 0xff, 0x0,
    0x0, 0x7d, 0x0, 0x0, 0x0, 0xc, 0xf8, 0x0,
    0x0, 0x0, 0x7, 0xf4, 0x0, 0x0, 0x44, 0xaf,
    0x30, 0x0, 0xb, 0xfd, 0x60, 0x0,

    /* U+0229 "ȩ" */
    0x0, 0x5c, 0xff, 0xc4, 0x0, 0x9, 0xff, 0xbb,
    0xff, 0x60, 0x4f, 0xe2, 0x0, 0x4f, 0xf1, 0xaf,
    0x80, 0x0, 0xc, 0xf5, 0xdf, 0xb9, 0x99, 0x9d,
    0xf7, 0xef, 0xff, 0xff, 0xff, 0xf7, 0xdf, 0x50,
    0x0, 0x0, 0x0, 0xaf, 0x90, 0x0, 0x0, 0x0,
    0x4f, 0xf5, 0x0, 0x0, 0x40, 0x8, 0xff, 0xdb,
    0xdf, 0xf0, 0x0, 0x4b, 0xff, 0xec, 0x60, 0x0,
    0x0, 0xb9, 0x0, 0x0, 0x0, 0x0, 0xcf, 0x90,
    0x0, 0x0, 0x0, 0x9, 0xf2, 0x0, 0x0, 0x5,
    0x4c, 0xf0, 0x0, 0x0, 0xd, 0xfd, 0x40, 0x0,

    /* U+022A "Ȫ" */
    0x0, 0x1, 0x99, 0x99, 0x98, 0x0, 0x0, 0x0,
    0x3, 0xff, 0xff, 0xfe, 0x0, 0x0, 0x0, 0x0,
    0x0, 0x0, 0x0, 0x0, 0x0, 0x0, 0x0, 0xdb,
    0x2, 0xe8, 0x0, 0x0, 0x0, 0x0, 0xed, 0x2,
    0xfa, 0x0, 0x0, 0x0, 0x0, 0x0, 0x0, 0x0,
    0x0, 0x0, 0x0, 0x0, 0x0, 0x0, 0x0, 0x0,
    0x0, 0x0, 0x4, 0xad, 0xfe, 0xd8, 0x20, 0x0,
    0x0, 0xaf, 0xff, 0xee, 0xff, 0xf5, 0x0, 0x8,
    0xff, 0x60, 0x0, 0x1a, 0xff, 0x30, 0x2f, 0xf6,
    0x0, 0x0, 0x0, 0xbf, 0xc0, 0x7f, 0xd0, 0x0,
    0x0, 0x0, 0x3f, 0xf2, 0xaf, 0x90, 0x0, 0x0,
    0x0, 0xe, 0xf5, 0xcf, 0x80, 0x0, 0x0, 0x0,
    0xd, 0xf7, 0xcf, 0x80, 0x0, 0x0, 0x0, 0xd,
    0xf7, 0xaf, 0x90, 0x0, 0x0, 0x0, 0xe, 0xf5,
    0x7f, 0xe0, 0x0, 0x0, 0x0, 0x3f, 0xf2, 0x2f,
    0xf6, 0x0, 0x0, 0x0, 0xbf, 0xc0, 0x8, 0xff,
    0x60, 0x0, 0x1a, 0xff, 0x30, 0x0, 0xaf, 0xff,
    0xee, 0xff, 0xf5, 0x0, 0x0, 0x4, 0xad, 0xfe,
    0xd8, 0x20, 0x0,

    /* U+022B "ȫ" */
    0x0, 0xff, 0xff, 0xff, 0x30, 0x0, 0x8, 0x99,
    0x99, 0x91, 0x0, 0x0, 0x0, 0x0, 0x0, 0x0,
    0x0, 0x9, 0xe1, 0xc, 0xc0, 0x0, 0x0, 0xaf,
    0x20, 0xde, 0x0, 0x0, 0x0, 0x0, 0x0, 0x0,
    0x0, 0x0, 0x5c, 0xff, 0xc7, 0x0, 0x0, 0x9f,
    0xfd, 0xdf, 0xfb, 0x0, 0x4f, 0xf4, 0x0, 0x2e,
    0xf7, 0xa, 0xf9, 0x0, 0x0, 0x6f, 0xe0, 0xdf,
    0x50, 0x0, 0x2, 0xff, 0x1e, 0xf4, 0x0, 0x0,
    0xf, 0xf2, 0xdf, 0x50, 0x0, 0x2, 0xff, 0x1a,
    0xf9, 0x0, 0x0, 0x6f, 0xe0, 0x3f, 0xf3, 0x0,
    0x1d, 0xf8, 0x0, 0x8f, 0xfc, 0xbf, 0xfc, 0x0,
    0x0, 0x5b, 0xef, 0xd7, 0x0, 0x0,

    /* U+022C "Ȭ" */
    0x0, 0x1, 0x99, 0x99, 0x98, 0x0, 0x0, 0x0,
    0x3, 0xff, 0xff, 0xfe, 0x0, 0x0, 0x0, 0x0,
    0x0, 0x0, 0x1, 0x0, 0x0, 0x0, 0x0, 0xcf,
    0xc5, 0x3f, 0x10, 0x0, 0x0, 0x6, 0xd5, 0xaf,
    0xfa, 0x0, 0x0, 0x0, 0x2, 0x20, 0x1, 0x30,
    0x0, 0x0, 0x0, 0x0, 0x0, 0x0, 0x0, 0x0,
    0x0, 0x0, 0x4, 0xad, 0xfe, 0xd8, 0x20, 0x0,
    0x0, 0xaf, 0xff, 0xee, 0xff, 0xf5, 0x0, 0x8,
    0xff, 0x60, 0x0, 0x1a, 0xff, 0x30, 0x2f, 0xf6,
    0x0, 0x0, 0x0, 0xbf, 0xc0, 0x7f, 0xd0, 0x0,
    0x0, 0x0, 0x3f, 0xf2, 0xaf, 0x90, 0x0, 0x0,
    0x0, 0xe, 0xf5, 0xcf, 0x80, 0x0, 0x0, 0x0,
    0xd, 0xf7, 0xcf, 0x80, 0x0, 0x0, 0x0, 0xd,
    0xf7, 0xaf, 0x90, 0x0, 0x0, 0x0, 0xe, 0xf5,
    0x7f, 0xe0, 0x0, 0x0, 0x0, 0x3f, 0xf2, 0x2f,
    0xf6, 0x0, 0x0, 0x0, 0xbf, 0xc0, 0x8, 0xff,
    0x60, 0x0, 0x1a, 0xff, 0x30, 0x0, 0xaf, 0xff,
    0xee, 0xff, 0xf5, 0x0, 0x0, 0x4, 0xad, 0xfe,
    0xd8, 0x20, 0x0,

    /* U+022D "ȭ" */
    0x0, 0xff, 0xff, 0xff, 0x30, 0x0, 0x8, 0x99,
    0x99, 0x91, 0x0, 0x0, 0x0, 0x0, 0x10, 0x0,
    0x0, 0xb, 0xff, 0xff, 0xf4, 0x0, 0x0, 0x45,
    0x54, 0x41, 0x0, 0x0, 0x0, 0x0, 0x0, 0x0,
    0x0, 0x0, 0x5c, 0xff, 0xc7, 0x0, 0x0, 0x9f,
    0xfd, 0xdf, 0xfb, 0x0, 0x4f, 0xf4, 0x0, 0x2e,
    0xf7, 0xa, 0xf9, 0x0, 0x0, 0x6f, 0xe0, 0xdf,
    0x50, 0x0, 0x2, 0xff, 0x1e, 0xf4, 0x0, 0x0,
    0xf, 0xf2, 0xdf, 0x50, 0x0, 0x2, 0xff, 0x1a,
    0xf9, 0x0, 0x0, 0x6f, 0xe0, 0x3f, 0xf3, 0x0,
    0x1d, 0xf8, 0x0, 0x8f, 0xfc, 0xbf, 0xfc, 0x0,
    0x0, 0x5b, 0xef, 0xd7, 0x0, 0x0,

    /* U+022E "Ȯ" */
    0x0, 0x0, 0x0, 0x53, 0x0, 0x0, 0x0, 0x0,
    0x0, 0x4, 0xff, 0x0, 0x0, 0x0, 0x0, 0x0,
    0x2, 0xec, 0x0, 0x0, 0x0, 0x0, 0x0, 0x0,
    0x0, 0x0, 0x0, 0x0, 0x0, 0x0, 0x0, 0x0,
    0x0, 0x0, 0x0, 0x0, 0x4, 0xad, 0xfe, 0xd8,
    0x20, 0x0, 0x0, 0xaf, 0xff, 0xee, 0xff, 0xf5,
    0x0, 0x8, 0xff, 0x60, 0x0, 0x1a, 0xff, 0x30,
    0x2f, 0xf6, 0x0, 0x0, 0x0, 0xbf, 0xc0, 0x7f,
    0xd0, 0x0, 0x0, 0x0, 0x3f, 0xf2, 0xaf, 0x90,
    0x0, 0x0, 0x0, 0xe, 0xf5, 0xcf, 0x80, 0x0,
    0x0, 0x0, 0xd, 0xf7, 0xcf, 0x80, 0x0, 0x0,
    0x0, 0xd, 0xf7, 0xaf, 0x90, 0x0, 0x0, 0x0,
    0xe, 0xf5, 0x7f, 0xe0, 0x0, 0x0, 0x0, 0x3f,
    0xf2, 0x2f, 0xf6, 0x0, 0x0, 0x0, 0xbf, 0xc0,
    0x8, 0xff, 0x60, 0x0, 0x1a, 0xff, 0x30, 0x0,
    0xaf, 0xff, 0xee, 0xff, 0xf5, 0x0, 0x0, 0x4,
    0xad, 0xfe, 0xd8, 0x20, 0x0,

    /* U+022F "ȯ" */
    0x0, 0x0, 0xce, 0x20, 0x0, 0x0, 0x0, 0xf,
    0xf4, 0x0, 0x0, 0x0, 0x0, 0x45, 0x0, 0x0,
    0x0, 0x0, 0x0, 0x0, 0x0, 0x0, 0x0, 0x5c,
    0xff, 0xc7, 0x0, 0x0, 0x9f, 0xfd, 0xdf, 0xfb,
    0x0, 0x4f, 0xf4, 0x0, 0x2e, 0xf7, 0xa, 0xf9,
    0x0, 0x0, 0x6f, 0xe0, 0xdf, 0x50, 0x0, 0x2,
    0xff, 0x1e, 0xf4, 0x0, 0x0, 0xf, 0xf2, 0xdf,
    0x50, 0x0, 0x2, 0xff, 0x1a, 0xf9, 0x0, 0x0,
    0x6f, 0xe0, 0x3f, 0xf3, 0x0, 0x1d, 0xf8, 0x0,
    0x8f, 0xfc, 0xbf, 0xfc, 0x0, 0x0, 0x5b, 0xef,
    0xd7, 0x0, 0x0,

    /* U+0230 "Ȱ" */
    0x0, 0x1, 0x99, 0x99, 0x98, 0x0, 0x0, 0x0,
    0x3, 0xff, 0xff, 0xfe, 0x0, 0x0, 0x0, 0x0,
    0x0, 0x0, 0x0, 0x0, 0x0, 0x0, 0x0, 0x1,
    0xeb, 0x0, 0x0, 0x0, 0x0, 0x0, 0x2, 0xfd,
    0x0, 0x0, 0x0, 0x0, 0x0, 0x0, 0x31, 0x0,
    0x0, 0x0, 0x0, 0x0, 0x0, 0x0, 0x0, 0x0,
    0x0, 0x0, 0x4, 0xad, 0xfe, 0xd8, 0x20, 0x0,
    0x0, 0xaf, 0xff, 0xee, 0xff, 0xf5, 0x0, 0x8,
    0xff, 0x60, 0x0, 0x1a, 0xff, 0x30, 0x2f, 0xf6,
    0x0, 0x0, 0x0, 0xbf, 0xc0, 0x7f, 0xd0, 0x0,
    0x0, 0x0, 0x3f, 0xf2, 0xaf, 0x90, 0x0, 0x0,
    0x0, 0xe, 0xf5, 0xcf, 0x80, 0x0, 0x0, 0x0,
    0xd, 0xf7, 0xcf, 0x80, 0x0, 0x0, 0x0, 0xd,
    0xf7, 0xaf, 0x90, 0x0, 0x0, 0x0, 0xe, 0xf5,
    0x7f, 0xe0, 0x0, 0x0, 0x0, 0x3f, 0xf2, 0x2f,
    0xf6, 0x0, 0x0, 0x0, 0xbf, 0xc0, 0x8, 0xff,
    0x60, 0x0, 0x1a, 0xff, 0x30, 0x0, 0xaf, 0xff,
    0xee, 0xff, 0xf5, 0x0, 0x0, 0x4, 0xad, 0xfe,
    0xd8, 0x20, 0x0,

    /* U+0231 "ȱ" */
    0x0, 0xff, 0xff, 0xff, 0x30, 0x0, 0x8, 0x99,
    0x99, 0x91, 0x0, 0x0, 0x0, 0x0, 0x0, 0x0,
    0x0, 0x0, 0xc, 0xe1, 0x0, 0x0, 0x0, 0x0,
    0xef, 0x10, 0x0, 0x0, 0x0, 0x2, 0x30, 0x0,
    0x0, 0x0, 0x5c, 0xff, 0xc7, 0x0, 0x0, 0x9f,
    0xfd, 0xdf, 0xfb, 0x0, 0x4f, 0xf4, 0x0, 0x2e,
    0xf7, 0xa, 0xf9, 0x0, 0x0, 0x6f, 0xe0, 0xdf,
    0x50, 0x0, 0x2, 0xff, 0x1e, 0xf4, 0x0, 0x0,
    0xf, 0xf2, 0xdf, 0x50, 0x0, 0x2, 0xff, 0x1a,
    0xf9, 0x0, 0x0, 0x6f, 0xe0, 0x3f, 0xf3, 0x0,
    0x1d, 0xf8, 0x0, 0x8f, 0xfc, 0xbf, 0xfc, 0x0,
    0x0, 0x5b, 0xef, 0xd7, 0x0, 0x0,

    /* U+0232 "Ȳ" */
    0x0, 0x3f, 0xff, 0xff, 0xe0, 0x0, 0x0, 0x29,
    0x99, 0x99, 0x80, 0x0, 0x0, 0x0, 0x0, 0x0,
    0x0, 0x0, 0xbf, 0x90, 0x0, 0x0, 0xe, 0xf6,
    0x3f, 0xf2, 0x0, 0x0, 0x7f, 0xd0, 0xa, 0xfa,
    0x0, 0x0, 0xef, 0x40, 0x1, 0xff, 0x20, 0x7,
    0xfb, 0x0, 0x0, 0x8f, 0xb0, 0x1f, 0xf3, 0x0,
    0x0, 0xe, 0xf3, 0x8f, 0xa0, 0x0, 0x0, 0x7,
    0xfc, 0xff, 0x10, 0x0, 0x0, 0x0, 0xdf, 0xf8,
    0x0, 0x0, 0x0, 0x0, 0x6f, 0xf0, 0x0, 0x0,
    0x0, 0x0, 0x4f, 0xe0, 0x0, 0x0, 0x0, 0x0,
    0x4f, 0xe0, 0x0, 0x0, 0x0, 0x0, 0x4f, 0xe0,
    0x0, 0x0, 0x0, 0x0, 0x4f, 0xe0, 0x0, 0x0,
    0x0, 0x0, 0x4f, 0xe0, 0x0, 0x0,

    /* U+0233 "ȳ" */
    0x0, 0x79, 0x99, 0x99, 0x30, 0x0, 0xc, 0xff,
    0xff, 0xf5, 0x0, 0x0, 0x0, 0x0, 0x0, 0x0,
    0xc, 0xf7, 0x0, 0x0, 0xd, 0xf6, 0x6f, 0xc0,
    0x0, 0x3, 0xff, 0x0, 0xff, 0x20, 0x0, 0x8f,
    0xa0, 0x9, 0xf8, 0x0, 0xe, 0xf4, 0x0, 0x3f,
    0xd0, 0x3, 0xfe, 0x0, 0x0, 0xdf, 0x30, 0x9f,
    0x80, 0x0, 0x7, 0xf9, 0xe, 0xf2, 0x0, 0x0,
    0x1f, 0xe3, 0xfc, 0x0, 0x0, 0x0, 0xaf, 0xaf,
    0x60, 0x0, 0x0, 0x4, 0xff, 0xf1, 0x0, 0x0,
    0x0, 0xe, 0xfb, 0x0, 0x0, 0x0, 0x0, 0xdf,
    0x50, 0x0, 0x0, 0x0, 0x3f, 0xe0, 0x0, 0x0,
    0x0, 0xc, 0xf7, 0x0, 0x0, 0x8, 0xce, 0xfd,
    0x0, 0x0, 0x0, 0x9f, 0xe9, 0x10, 0x0, 0x0,
    0x0,

    /* U+0234 "ȴ" */
    0x5, 0xfc, 0x0, 0x0, 0x5, 0xfc, 0x0, 0x0,
    0x5, 0xfc, 0x0, 0x0, 0x5, 0xfc, 0x0, 0x0,
    0x5, 0xfc, 0x0, 0x0, 0x5, 0xfc, 0x0, 0x0,
    0x5, 0xfc, 0x0, 0x0, 0x5, 0xfc, 0x0, 0x0,
    0x5, 0xfc, 0x0, 0x0, 0x5, 0xfc, 0x1, 0x0,
    0x5, 0xff, 0xff, 0xd2, 0x5, 0xff, 0x77, 0xfa,
    0x7, 0xfe, 0x0, 0xfb, 0x1f, 0xff, 0xaa, 0xf8,
    0x7f, 0x3b, 0xfe, 0x90, 0x3, 0x0, 0x0, 0x0,

    /* U+0235 "ȵ" */
    0x5f, 0x73, 0xbf, 0xfc, 0x50, 0x0, 0x0, 0x5f,
    0xdf, 0xc9, 0xcf, 0xf6, 0x0, 0x0, 0x5f, 0xf8,
    0x0, 0x9, 0xfc, 0x0, 0x0, 0x5f, 0xf1, 0x0,
    0x4, 0xfe, 0x0, 0x0, 0x5f, 0xe0, 0x0, 0x3,
    0xfe, 0x0, 0x0, 0x5f, 0xc0, 0x0, 0x3, 0xfe,
    0x1, 0x0, 0x5f, 0xc0, 0x0, 0x3, 0xff, 0xff,
    0xd3, 0x5f, 0xc0, 0x0, 0x2, 0xff, 0x87, 0xfc,
    0x5f, 0xc0, 0x0, 0x5, 0xff, 0x0, 0xde, 0x5f,
    0xc0, 0x0, 0xe, 0xff, 0x96, 0xfa, 0x5f, 0xc0,
    0x0, 0x5f, 0x7a, 0xef, 0xb1, 0x0, 0x0, 0x0,
    0x17, 0x0, 0x0, 0x0,

    /* U+0236 "ȶ" */
    0x0, 0x38, 0x0, 0x0, 0x0, 0xa, 0xf0, 0x0,
    0x0, 0x0, 0xff, 0x0, 0x0, 0x5, 0xef, 0xff,
    0xff, 0x10, 0x6b, 0xff, 0xaa, 0xa0, 0x0, 0x2f,
    0xf0, 0x0, 0x0, 0x2, 0xff, 0x0, 0x0, 0x0,
    0x2f, 0xf0, 0x0, 0x0, 0x2, 0xff, 0x1, 0x0,
    0x0, 0x2f, 0xff, 0xfe, 0x30, 0x1, 0xff, 0x86,
    0xfd, 0x0, 0x5f, 0xf1, 0xc, 0xf0, 0xe, 0xff,
    0xc9, 0xfc, 0x5, 0xf5, 0x9e, 0xfb, 0x20, 0x4,
    0x0, 0x0, 0x0, 0x0,

    /* U+0237 "ȷ" */
    0x0, 0x5, 0xfc, 0x0, 0x5, 0xfc, 0x0, 0x5,
    0xfc, 0x0, 0x5, 0xfc, 0x0, 0x5, 0xfc, 0x0,
    0x5, 0xfc, 0x0, 0x5, 0xfc, 0x0, 0x5, 0xfc,
    0x0, 0x5, 0xfc, 0x0, 0x5, 0xfc, 0x0, 0x5,
    0xfc, 0x0, 0x5, 0xfc, 0x0, 0x5, 0xfc, 0x0,
    0x9, 0xfa, 0x1d, 0xdf, 0xf4, 0xe, 0xfd, 0x60,

    /* U+0238 "ȸ" */
    0x0, 0x0, 0x0, 0x6, 0xfc, 0x0, 0x0, 0x0,
    0x0, 0x0, 0x0, 0x0, 0x6, 0xfc, 0x0, 0x0,
    0x0, 0x0, 0x0, 0x0, 0x0, 0x6, 0xfc, 0x0,
    0x0, 0x0, 0x0, 0x0, 0x0, 0x0, 0x5, 0xfc,
    0x0, 0x0, 0x0, 0x0, 0x0, 0x8e, 0xfd, 0x65,
    0xfb, 0x3b, 0xff, 0xb3, 0x0, 0xc, 0xff, 0xcd,
    0xfc, 0xfd, 0xfe, 0xcf, 0xff, 0x30, 0x6f, 0xf3,
    0x0, 0x3f, 0xff, 0x90, 0x0, 0xbf, 0xd0, 0xbf,
    0x90, 0x0, 0xa, 0xff, 0x10, 0x0, 0x2f, 0xf2,
    0xef, 0x50, 0x0, 0x7, 0xfd, 0x0, 0x0, 0xf,
    0xf4, 0xff, 0x40, 0x0, 0x6, 0xfc, 0x0, 0x0,
    0xe, 0xf5, 0xef, 0x50, 0x0, 0x7, 0xfd, 0x0,
    0x0, 0xf, 0xf4, 0xbf, 0x90, 0x0, 0xb, 0xff,
    0x10, 0x0, 0x3f, 0xf1, 0x6f, 0xf3, 0x0, 0x5f,
    0xef, 0xb0, 0x0, 0xbf, 0xc0, 0xb, 0xff, 0xde,
    0xff, 0x2c, 0xff, 0xdf, 0xfe, 0x20, 0x0, 0x7d,
    0xfe, 0xa2, 0x0, 0x8e, 0xfe, 0x92, 0x0,

    /* U+0239 "ȹ" */
    0x0, 0x6c, 0xfe, 0xb3, 0x0, 0x8d, 0xfe, 0xa2,
    0x0, 0xa, 0xff, 0xde, 0xff, 0x3b, 0xff, 0xdf,
    0xfe, 0x20, 0x5f, 0xf3, 0x0, 0x5f, 0xef, 0xb0,
    0x0, 0xcf, 0xc0, 0xbf, 0x80, 0x0, 0xb, 0xff,
    0x20, 0x0, 0x3f, 0xf1, 0xef, 0x50, 0x0, 0x7,
    0xfe, 0x0, 0x0, 0xf, 0xf4, 0xff, 0x40, 0x0,
    0x6, 0xfc, 0x0, 0x0, 0xe, 0xf5, 0xef, 0x50,
    0x0, 0x7, 0xfd, 0x0, 0x0, 0xf, 0xf4, 0xbf,
    0x80, 0x0, 0xa, 0xff, 0x10, 0x0, 0x3f, 0xf2,
    0x6f, 0xf3, 0x0, 0x4f, 0xff, 0x90, 0x0, 0xcf,
    0xc0, 0xc, 0xff, 0xdd, 0xfc, 0xfd, 0xfe, 0xcf,
    0xff, 0x30, 0x0, 0x9e, 0xfd, 0x65, 0xfb, 0x3b,
    0xff, 0xb3, 0x0, 0x0, 0x0, 0x0, 0x5, 0xfc,
    0x0, 0x0, 0x0, 0x0, 0x0, 0x0, 0x0, 0x6,
    0xfc, 0x0, 0x0, 0x0, 0x0, 0x0, 0x0, 0x0,
    0x6, 0xfc, 0x0, 0x0, 0x0, 0x0, 0x0, 0x0,
    0x0, 0x6, 0xfc, 0x0, 0x0, 0x0, 0x0, 0x0,
    0x0, 0x0, 0x6, 0xfc, 0x0, 0x0, 0x0, 0x0,

    /* U+023A "Ⱥ" */
    0x0, 0x0, 0x0, 0x0, 0x5f, 0x20, 0x0, 0x0,
    0x0, 0xc, 0xfd, 0xbd, 0x0, 0x0, 0x0, 0x0,
    0x2f, 0xff, 0xf7, 0x0, 0x0, 0x0, 0x0, 0x8f,
    0xaf, 0xf2, 0x0, 0x0, 0x0, 0x0, 0xef, 0x1f,
    0xf1, 0x0, 0x0, 0x0, 0x5, 0xfb, 0x2f, 0xf6,
    0x0, 0x0, 0x0, 0xb, 0xf5, 0x7f, 0xfd, 0x0,
    0x0, 0x0, 0x1f, 0xf0, 0xda, 0xef, 0x30, 0x0,
    0x0, 0x7f, 0x93, 0xf5, 0x8f, 0x90, 0x0, 0x0,
    0xdf, 0xff, 0xff, 0xff, 0xe0, 0x0, 0x4, 0xff,
    0xef, 0xee, 0xef, 0xf5, 0x0, 0xa, 0xf8, 0x4f,
    0x40, 0x8, 0xfb, 0x0, 0x1f, 0xf2, 0xae, 0x0,
    0x2, 0xff, 0x10, 0x6f, 0xd0, 0xf9, 0x0, 0x0,
    0xcf, 0x80, 0xcf, 0x75, 0xf3, 0x0, 0x0, 0x6f,
    0xe0, 0x0, 0xa, 0xe0, 0x0, 0x0, 0x0, 0x0,
    0x0, 0x7, 0x50, 0x0, 0x0, 0x0, 0x0,

    /* U+023B "Ȼ" */
    0x0, 0x0, 0x0, 0x0, 0x6f, 0x20, 0x0, 0x2,
    0x9d, 0xff, 0xff, 0x50, 0x0, 0x7f, 0xff, 0xee,
    0xff, 0xc0, 0x6, 0xff, 0x91, 0x5, 0xf6, 0x30,
    0x1f, 0xf7, 0x0, 0xb, 0xc0, 0x0, 0x6f, 0xe0,
    0x0, 0x1f, 0x60, 0x0, 0xaf, 0x90, 0x0, 0x7f,
    0x10, 0x0, 0xcf, 0x70, 0x0, 0xda, 0x0, 0x0,
    0xcf, 0x70, 0x3, 0xf4, 0x0, 0x0, 0xaf, 0x90,
    0x9, 0xe0, 0x0, 0x0, 0x7f, 0xd0, 0xf, 0x80,
    0x0, 0x0, 0x2f, 0xf6, 0x5f, 0x20, 0x0, 0x0,
    0x9, 0xff, 0xed, 0x0, 0x2, 0x30, 0x0, 0xaf,
    0xff, 0xee, 0xff, 0x80, 0x0, 0x8, 0xfd, 0xff,
    0xea, 0x30, 0x0, 0xb, 0xc0, 0x0, 0x0, 0x0,
    0x0, 0x7, 0x40, 0x0, 0x0, 0x0,

    /* U+023C "ȼ" */
    0x0, 0x0, 0x0, 0xe, 0x90, 0x0, 0x0, 0x4,
    0xf4, 0x0, 0x0, 0x0, 0xad, 0x0, 0x0, 0x0,
    0xf, 0x80, 0x0, 0x5b, 0xef, 0xfb, 0x0, 0x9f,
    0xff, 0xff, 0xd0, 0x4f, 0xf5, 0x1f, 0x72, 0xa,
    0xf9, 0x7, 0xf1, 0x0, 0xdf, 0x50, 0xdb, 0x0,
    0xe, 0xf4, 0x3f, 0x50, 0x0, 0xdf, 0x59, 0xe0,
    0x0, 0xb, 0xf9, 0xe9, 0x0, 0x0, 0x5f, 0xff,
    0x30, 0x4, 0x0, 0xaf, 0xfe, 0xdf, 0xf0, 0x1,
    0xfe, 0xef, 0xd7, 0x0, 0x6f, 0x20, 0x0, 0x0,
    0xb, 0xd0, 0x0, 0x0, 0x1, 0xf7, 0x0, 0x0,
    0x0, 0x7f, 0x10, 0x0, 0x0, 0x0,

    /* U+023D "Ƚ" */
    0x2, 0xff, 0x0, 0x0, 0x0, 0x0, 0x2f, 0xf0,
    0x0, 0x0, 0x0, 0x2, 0xff, 0x0, 0x0, 0x0,
    0x0, 0x2f, 0xf0, 0x0, 0x0, 0x0, 0x2, 0xff,
    0x0, 0x0, 0x0, 0x0, 0x2f, 0xf0, 0x0, 0x0,
    0x0, 0xbf, 0xff, 0xff, 0xf2, 0x0, 0x8, 0xcf,
    0xfc, 0xcc, 0x10, 0x0, 0x2, 0xff, 0x0, 0x0,
    0x0, 0x0, 0x2f, 0xf0, 0x0, 0x0, 0x0, 0x2,
    0xff, 0x0, 0x0, 0x0, 0x0, 0x2f, 0xf0, 0x0,
    0x0, 0x0, 0x2, 0xff, 0xee, 0xee, 0xee, 0x10,
    0x2f, 0xff, 0xff, 0xff, 0xf2,

    /* U+023E "Ⱦ" */
    0x0, 0x0, 0x0, 0x0, 0xe, 0x8b, 0xff, 0xff,
    0xff, 0xff, 0xff, 0xad, 0xdd, 0xef, 0xfd, 0xfe,
    0xd0, 0x0, 0x7, 0xfb, 0x5f, 0x20, 0x0, 0x0,
    0x7f, 0xbd, 0xa0, 0x0, 0x0, 0x7, 0xff, 0xf2,
    0x0, 0x0, 0x0, 0x7f, 0xfa, 0x0, 0x0, 0x0,
    0x7, 0xff, 0x20, 0x0, 0x0, 0x0, 0x7f, 0xc0,
    0x0, 0x0, 0x0, 0x7, 0xfb, 0x0, 0x0, 0x0,
    0x0, 0xcf, 0xb0, 0x0, 0x0, 0x0, 0x4f, 0xfb,
    0x0, 0x0, 0x0, 0xc, 0xff, 0xb0, 0x0, 0x0,
    0x4, 0xfb, 0xfb, 0x0, 0x0, 0x0, 0xbc, 0x7f,
    0xb0, 0x0, 0x0, 0x3f, 0x40, 0x0, 0x0, 0x0,
    0x4, 0x70, 0x0, 0x0, 0x0, 0x0,

    /* U+023F "ȿ" */
    0x0, 0x6c, 0xef, 0xd9, 0x30, 0x9f, 0xfb, 0xbe,
    0xf5, 0xf, 0xf2, 0x0, 0x3, 0x0, 0xef, 0x70,
    0x0, 0x0, 0x7, 0xff, 0xc6, 0x0, 0x0, 0x4,
    0xcf, 0xfe, 0x70, 0x0, 0x0, 0x3a, 0xff, 0x70,
    0x0, 0x0, 0x7, 0xfc, 0x4, 0x0, 0x0, 0x6f,
    0xb0, 0xfe, 0xb9, 0xbf, 0xf5, 0x9, 0xff, 0xfe,
    0xc4, 0x0, 0x2, 0xff, 0x10, 0x0, 0x0, 0xa,
    0xf6, 0x0, 0x0, 0x0, 0x4f, 0xd0, 0x0, 0x0,
    0x0, 0xcf, 0xec, 0xb0, 0x0, 0x1, 0xaf, 0xfa,

    /* U+0240 "ɀ" */
    0xf, 0xff, 0xff, 0xff, 0xa0, 0x9, 0xaa, 0xaa,
    0xff, 0x80, 0x0, 0x0, 0x5, 0xfe, 0x10, 0x0,
    0x0, 0x1f, 0xf4, 0x0, 0x0, 0x0, 0xbf, 0x80,
    0x0, 0x0, 0x7, 0xfd, 0x0, 0x0, 0x0, 0x2f,
    0xf2, 0x0, 0x0, 0x0, 0xcf, 0x70, 0x0, 0x0,
    0x8, 0xfb, 0x0, 0x0, 0x0, 0x2f, 0xf9, 0x10,
    0x0, 0x0, 0x4f, 0xff, 0xd0, 0x0, 0x0, 0x0,
    0x2c, 0xf7, 0x0, 0x0, 0x0, 0x3, 0xfd, 0x0,
    0x0, 0x0, 0x0, 0xdf, 0x60, 0x0, 0x0, 0x0,
    0x5f, 0xfd, 0xc5, 0x0, 0x0, 0x6, 0xdf, 0xf4,

    /* U+0241 "Ɂ" */
    0x18, 0xdf, 0xfd, 0x70, 0xc, 0xff, 0xee, 0xff,
    0xb0, 0x46, 0x10, 0x6, 0xff, 0x40, 0x0, 0x0,
    0xc, 0xf7, 0x0, 0x0, 0x0, 0xdf, 0x60, 0x0,
    0x0, 0x4f, 0xf2, 0x0, 0x0, 0x4e, 0xf9, 0x0,
    0x3, 0xaf, 0xfb, 0x0, 0x0, 0x8f, 0xe6, 0x0,
    0x0, 0x8, 0xfa, 0x0, 0x0, 0x0, 0x8f, 0xa0,
    0x0, 0x0, 0x8, 0xfa, 0x0, 0x0, 0x0, 0x8f,
    0xa0, 0x0, 0x0, 0x8, 0xfa, 0x0, 0x0,

    /* U+0242 "ɂ" */
    0x7, 0xdf, 0xfc, 0x60, 0x9, 0xff, 0xcd, 0xff,
    0x80, 0x27, 0x0, 0x6, 0xff, 0x10, 0x0, 0x0,
    0xf, 0xf4, 0x0, 0x0, 0x0, 0xff, 0x40, 0x0,
    0x0, 0x4f, 0xf0, 0x0, 0x0, 0x2d, 0xf9, 0x0,
    0x0, 0x7e, 0xfc, 0x0, 0x0, 0x8f, 0xf8, 0x0,
    0x0, 0x9, 0xf9, 0x0, 0x0, 0x0, 0x9f, 0x90,
    0x0, 0x0,

    /* U+0243 "Ƀ" */
    0x2, 0xff, 0xff, 0xfe, 0xc7, 0x10, 0x0, 0x2f,
    0xfc, 0xcd, 0xef, 0xfd, 0x0, 0x2, 0xff, 0x0,
    0x0, 0x4f, 0xf6, 0x0, 0x2f, 0xf0, 0x0, 0x0,
    0xbf, 0x80, 0x2, 0xff, 0x0, 0x0, 0xc, 0xf6,
    0x0, 0x2f, 0xf0, 0x0, 0x17, 0xfe, 0x0, 0x2,
    0xff, 0xff, 0xff, 0xf9, 0x10, 0x0, 0x2f, 0xfc,
    0xcc, 0xdf, 0xfa, 0x10, 0x2, 0xff, 0x0, 0x0,
    0x1d, 0xfa, 0xb, 0xff, 0xff, 0xfc, 0x0, 0x5f,
    0xf0, 0x7b, 0xff, 0xaa, 0x80, 0x6, 0xff, 0x0,
    0x2f, 0xf0, 0x0, 0x1, 0xdf, 0xc0, 0x2, 0xff,
    0xcc, 0xcd, 0xff, 0xf3, 0x0, 0x2f, 0xff, 0xff,
    0xfd, 0x92, 0x0,

    /* U+0244 "Ʉ" */
    0x3, 0xff, 0x0, 0x0, 0x0, 0x2f, 0xf0, 0x0,
    0x3f, 0xf0, 0x0, 0x0, 0x2, 0xff, 0x0, 0x3,
    0xff, 0x0, 0x0, 0x0, 0x2f, 0xf0, 0x0, 0x3f,
    0xf0, 0x0, 0x0, 0x2, 0xff, 0x0, 0x3, 0xff,
    0x0, 0x0, 0x0, 0x2f, 0xf0, 0xd, 0xff, 0xff,
    0xff, 0xff, 0xff, 0xff, 0xfa, 0xbe, 0xff, 0xdd,
    0xdd, 0xdd, 0xdf, 0xfd, 0x80, 0x3f, 0xf0, 0x0,
    0x0, 0x2, 0xff, 0x0, 0x3, 0xff, 0x0, 0x0,
    0x0, 0x2f, 0xf0, 0x0, 0x2f, 0xf0, 0x0, 0x0,
    0x4, 0xfe, 0x0, 0x0, 0xff, 0x50, 0x0, 0x0,
    0x9f, 0xb0, 0x0, 0x8, 0xfe, 0x40, 0x0, 0x6f,
    0xf4, 0x0, 0x0, 0xc, 0xff, 0xfe, 0xff, 0xf7,
    0x0, 0x0, 0x0, 0x6, 0xcf, 0xfe, 0xa4, 0x0,
    0x0,

    /* U+0245 "Ʌ" */
    0x0, 0x0, 0x1f, 0xf8, 0x0, 0x0, 0x0, 0x0,
    0x6, 0xff, 0xe0, 0x0, 0x0, 0x0, 0x0, 0xcf,
    0xaf, 0x40, 0x0, 0x0, 0x0, 0x2f, 0xd4, 0xfa,
    0x0, 0x0, 0x0, 0x8, 0xf8, 0xf, 0xf0, 0x0,
    0x0, 0x0, 0xdf, 0x20, 0xaf, 0x60, 0x0, 0x0,
    0x4f, 0xd0, 0x4, 0xfc, 0x0, 0x0, 0x9, 0xf7,
    0x0, 0xf, 0xf2, 0x0, 0x0, 0xff, 0x20, 0x0,
    0xaf, 0x70, 0x0, 0x5f, 0xc0, 0x0, 0x4, 0xfd,
    0x0, 0xb, 0xf7, 0x0, 0x0, 0xe, 0xf3, 0x1,
    0xff, 0x10, 0x0, 0x0, 0xaf, 0x90, 0x7f, 0xc0,
    0x0, 0x0, 0x4, 0xfe, 0xd, 0xf6, 0x0, 0x0,
    0x0, 0xe, 0xf5,

    /* U+0246 "Ɇ" */
    0x0, 0x0, 0x0, 0x4f, 0x31, 0xff, 0xff, 0xff,
    0xff, 0x1f, 0xfd, 0xdd, 0xff, 0xc1, 0xff, 0x10,
    0xf, 0x70, 0x1f, 0xf1, 0x4, 0xf3, 0x1, 0xff,
    0x10, 0x8f, 0x0, 0x1f, 0xf1, 0xc, 0xb0, 0x1,
    0xff, 0xff, 0xff, 0xf9, 0x1f, 0xfd, 0xef, 0xdd,
    0x71, 0xff, 0x19, 0xe0, 0x0, 0x1f, 0xf1, 0xda,
    0x0, 0x1, 0xff, 0x2f, 0x60, 0x0, 0x1f, 0xf7,
    0xf1, 0x0, 0x1, 0xff, 0xff, 0xdd, 0xdc, 0x1f,
    0xff, 0xff, 0xff, 0xf0, 0x2, 0xf5, 0x0, 0x0,
    0x0, 0x28, 0x10, 0x0, 0x0,

    /* U+0247 "ɇ" */
    0x0, 0x0, 0x0, 0x0, 0x30, 0x0, 0x5c, 0xfe,
    0xb9, 0xf4, 0x9, 0xff, 0xbb, 0xff, 0xc0, 0x4f,
    0xe2, 0x0, 0xdf, 0xe0, 0xaf, 0x80, 0x8, 0xfe,
    0xf4, 0xdf, 0xb9, 0x9f, 0xed, 0xf7, 0xef, 0xff,
    0xff, 0xff, 0xf7, 0xdf, 0x5a, 0xf2, 0x0, 0x0,
    0xaf, 0xdf, 0x60, 0x0, 0x0, 0x3f, 0xfc, 0x0,
    0x0, 0x40, 0xe, 0xff, 0xdb, 0xdf, 0xf0, 0x8f,
    0x7b, 0xef, 0xec, 0x60, 0x5, 0x0, 0x0, 0x0,
    0x0,

    /* U+0248 "Ɉ" */
    0x0, 0x3, 0xff, 0x0, 0x0, 0x3, 0xff, 0x0,
    0x0, 0x3, 0xff, 0x0, 0x0, 0x3, 0xff, 0x0,
    0x0, 0x3, 0xff, 0x0, 0x0, 0x3, 0xff, 0x0,
    0x0, 0xbe, 0xff, 0xd8, 0x0, 0xdf, 0xff, 0xfa,
    0x0, 0x3, 0xff, 0x0, 0x0, 0x3, 0xff, 0x0,
    0x0, 0x3, 0xff, 0x0, 0x0, 0x3, 0xff, 0x0,
    0x0, 0x3, 0xff, 0x0, 0x0, 0x3, 0xff, 0x0,
    0x0, 0x4, 0xff, 0x0, 0x0, 0xb, 0xfb, 0x0,
    0x8e, 0xff, 0xf4, 0x0, 0x6f, 0xfc, 0x40, 0x0,

    /* U+0249 "ɉ" */
    0x0, 0x3, 0xfa, 0x0, 0x0, 0x6, 0xfe, 0x0,
    0x0, 0x0, 0x63, 0x0, 0x0, 0x0, 0x0, 0x0,
    0x0, 0x5, 0xfc, 0x0, 0x0, 0x5, 0xfc, 0x0,
    0x0, 0x5, 0xfc, 0x0, 0x0, 0x5, 0xfc, 0x0,
    0x0, 0x5, 0xfc, 0x0, 0x0, 0xdf, 0xff, 0xf4,
    0x0, 0x8c, 0xfe, 0xa2, 0x0, 0x5, 0xfc, 0x0,
    0x0, 0x5, 0xfc, 0x0, 0x0, 0x5, 0xfc, 0x0,
    0x0, 0x5, 0xfc, 0x0, 0x0, 0x5, 0xfc, 0x0,
    0x0, 0x5, 0xfc, 0x0, 0x0, 0x8, 0xfb, 0x0,
    0x2d, 0xdf, 0xf5, 0x0, 0x1e, 0xfd, 0x70, 0x0,

    /* U+024A "Ɋ" */
    0x0, 0x6, 0xce, 0xfd, 0x70, 0x6f, 0x80, 0x0,
    0xc, 0xff, 0xfe, 0xff, 0xd9, 0xf8, 0x0, 0xa,
    0xff, 0x50, 0x0, 0x4d, 0xff, 0x80, 0x2, 0xff,
    0x50, 0x0, 0x0, 0x2f, 0xf8, 0x0, 0x7f, 0xd0,
    0x0, 0x0, 0x0, 0xcf, 0x80, 0xa, 0xf9, 0x0,
    0x0, 0x0, 0xa, 0xf8, 0x0, 0xcf, 0x80, 0x0,
    0x0, 0x0, 0xaf, 0x80, 0xc, 0xf8, 0x0, 0x0,
    0x0, 0xa, 0xf8, 0x0, 0xaf, 0x90, 0x0, 0x0,
    0x0, 0xaf, 0x80, 0x7, 0xfd, 0x0, 0x0, 0x0,
    0xd, 0xf8, 0x0, 0x2f, 0xf5, 0x0, 0x0, 0x2,
    0xff, 0x80, 0x0, 0xaf, 0xf5, 0x0, 0x4, 0xef,
    0xf8, 0x0, 0x1, 0xcf, 0xff, 0xef, 0xfd, 0xaf,
    0x80, 0x0, 0x0, 0x6c, 0xff, 0xd7, 0xa, 0xf8,
    0x0, 0x0, 0x0, 0x0, 0x0, 0x0, 0xaf, 0x80,
    0x0, 0x0, 0x0, 0x0, 0x0, 0xa, 0xf8, 0x0,
    0x0, 0x0, 0x0, 0x0, 0x0, 0x9f, 0xb0, 0x0,
    0x0, 0x0, 0x0, 0x0, 0x4, 0xff, 0xe9, 0x0,
    0x0, 0x0, 0x0, 0x0, 0x6, 0xdf, 0x80,

    /* U+024B "ɋ" */
    0x0, 0x8e, 0xfd, 0x60, 0xfc, 0x0, 0xc, 0xff,
    0xde, 0xfb, 0xfc, 0x0, 0x6f, 0xf3, 0x0, 0x4f,
    0xfc, 0x0, 0xbf, 0x90, 0x0, 0xa, 0xfc, 0x0,
    0xef, 0x50, 0x0, 0x6, 0xfc, 0x0, 0xff, 0x40,
    0x0, 0x4, 0xfc, 0x0, 0xef, 0x50, 0x0, 0x5,
    0xfc, 0x0, 0xbf, 0x80, 0x0, 0x8, 0xfc, 0x0,
    0x6f, 0xf3, 0x0, 0x3f, 0xfc, 0x0, 0xc, 0xff,
    0xdd, 0xfc, 0xfc, 0x0, 0x0, 0x9e, 0xfd, 0x65,
    0xfc, 0x0, 0x0, 0x0, 0x0, 0x5, 0xfc, 0x0,
    0x0, 0x0, 0x0, 0x5, 0xfc, 0x0, 0x0, 0x0,
    0x0, 0x4, 0xfe, 0x0, 0x0, 0x0, 0x0, 0x1,
    0xff, 0xda, 0x0, 0x0, 0x0, 0x0, 0x4d, 0xf9,

    /* U+024C "Ɍ" */
    0x2, 0xff, 0xff, 0xfe, 0xa4, 0x0, 0x0, 0x2f,
    0xfc, 0xcd, 0xff, 0xf7, 0x0, 0x2, 0xff, 0x0,
    0x0, 0x9f, 0xf1, 0x0, 0x2f, 0xf0, 0x0, 0x1,
    0xff, 0x30, 0x2, 0xff, 0x0, 0x0, 0x1f, 0xf2,
    0x0, 0x2f, 0xf0, 0x0, 0x1a, 0xfd, 0x0, 0xad,
    0xff, 0xdd, 0xdf, 0xfd, 0x10, 0xc, 0xff, 0xff,
    0xff, 0xfb, 0x0, 0x0, 0x2, 0xff, 0x0, 0x2f,
    0xf2, 0x0, 0x0, 0x2f, 0xf0, 0x0, 0x9f, 0xb0,
    0x0, 0x2, 0xff, 0x0, 0x1, 0xff, 0x50, 0x0,
    0x2f, 0xf0, 0x0, 0x7, 0xfe, 0x0, 0x2, 0xff,
    0x0, 0x0, 0xe, 0xf8, 0x0, 0x2f, 0xf0, 0x0,
    0x0, 0x5f, 0xf2,

    /* U+024D "ɍ" */
    0x0, 0x0, 0x0, 0x0, 0x0, 0x5f, 0x61, 0xaf,
    0xf1, 0x5, 0xf9, 0xdf, 0xdd, 0x0, 0x5f, 0xfc,
    0x20, 0x0, 0x5, 0xff, 0x20, 0x0, 0x8, 0xbf,
    0xf9, 0x91, 0x0, 0xdf, 0xff, 0xff, 0x30, 0x0,
    0x5f, 0xc0, 0x0, 0x0, 0x5, 0xfc, 0x0, 0x0,
    0x0, 0x5f, 0xc0, 0x0, 0x0, 0x5, 0xfc, 0x0,
    0x0, 0x0, 0x5f, 0xc0, 0x0, 0x0,

    /* U+024E "Ɏ" */
    0xaf, 0xa0, 0x0, 0x0, 0x1e, 0xf5, 0x1f, 0xf4,
    0x0, 0x0, 0x9f, 0xb0, 0xdf, 0xff, 0xff, 0xff,
    0xff, 0xf8, 0xab, 0xef, 0xeb, 0xbf, 0xfd, 0xb6,
    0x0, 0x6f, 0xd0, 0x3f, 0xf1, 0x0, 0x0, 0xd,
    0xf6, 0xbf, 0x70, 0x0, 0x0, 0x5, 0xff, 0xfe,
    0x0, 0x0, 0x0, 0x0, 0xcf, 0xf6, 0x0, 0x0,
    0x0, 0x0, 0x5f, 0xf0, 0x0, 0x0, 0x0, 0x0,
    0x4f, 0xe0, 0x0, 0x0, 0x0, 0x0, 0x4f, 0xe0,
    0x0, 0x0, 0x0, 0x0, 0x4f, 0xe0, 0x0, 0x0,
    0x0, 0x0, 0x4f, 0xe0, 0x0, 0x0, 0x0, 0x0,
    0x4f, 0xe0, 0x0, 0x0,

    /* U+024F "ɏ" */
    0xdf, 0x60, 0x0, 0x0, 0xdf, 0x67, 0xfc, 0x0,
    0x0, 0x2f, 0xf1, 0x1f, 0xf1, 0x0, 0x7, 0xfb,
    0x0, 0xcf, 0x60, 0x0, 0xcf, 0x60, 0xcf, 0xff,
    0xff, 0xff, 0xff, 0x67, 0x9f, 0xfa, 0x9d, 0xfd,
    0x93, 0x0, 0x9f, 0x70, 0xcf, 0x50, 0x0, 0x2,
    0xfc, 0x1f, 0xe0, 0x0, 0x0, 0xc, 0xf7, 0xf8,
    0x0, 0x0, 0x0, 0x5f, 0xff, 0x20, 0x0, 0x0,
    0x0, 0xef, 0xc0, 0x0, 0x0, 0x0, 0xc, 0xf6,
    0x0, 0x0, 0x0, 0x2, 0xff, 0x0, 0x0, 0x0,
    0x0, 0xcf, 0x80, 0x0, 0x0, 0x8c, 0xef, 0xd0,
    0x0, 0x0, 0x9, 0xfe, 0xa1, 0x0, 0x0, 0x0,

    /* U+0370 "Ͱ" */
    0x2f, 0xf0, 0x0, 0x0, 0x2f, 0xf0, 0x0, 0x0,
    0x2f, 0xf0, 0x0, 0x0, 0x2f, 0xf0, 0x0, 0x0,
    0x2f, 0xf0, 0x0, 0x0, 0x2f, 0xf0, 0x0, 0x0,
    0x2f, 0xff, 0xff, 0xf3, 0x2f, 0xfd, 0xdd, 0xd3,
    0x2f, 0xf0, 0x0, 0x0, 0x2f, 0xf0, 0x0, 0x0,
    0x2f, 0xf0, 0x0, 0x0, 0x2f, 0xf0, 0x0, 0x0,
    0x2f, 0xf0, 0x0, 0x0, 0x2f, 0xf0, 0x0, 0x0,

    /* U+0371 "ͱ" */
    0x5f, 0xc0, 0x0, 0x5, 0xfc, 0x0, 0x0, 0x5f,
    0xc0, 0x0, 0x5, 0xfc, 0x0, 0x0, 0x5f, 0xeb,
    0xbb, 0x35, 0xff, 0xff, 0xf4, 0x5f, 0xc0, 0x0,
    0x5, 0xfc, 0x0, 0x0, 0x5f, 0xc0, 0x0, 0x5,
    0xfc, 0x0, 0x0, 0x5f, 0xc0, 0x0, 0x0,

    /* U+0372 "Ͳ" */
    0xcf, 0xff, 0xff, 0xff, 0xff, 0xfa, 0xcf, 0xdd,
    0xdf, 0xfd, 0xde, 0xfa, 0xcf, 0x0, 0x2f, 0xf0,
    0x3, 0xfa, 0xcf, 0x0, 0x2f, 0xf0, 0x3, 0xfa,
    0xcf, 0x0, 0x2f, 0xf0, 0x3, 0xfa, 0xcf, 0x0,
    0x2f, 0xf0, 0x3, 0xfa, 0x67, 0x0, 0x2f, 0xf0,
    0x1, 0x74, 0x0, 0x0, 0x2f, 0xf0, 0x0, 0x0,
    0x0, 0x0, 0x2f, 0xf0, 0x0, 0x0, 0x0, 0x0,
    0x2f, 0xf0, 0x0, 0x0, 0x0, 0x0, 0x2f, 0xf0,
    0x0, 0x0, 0x0, 0x0, 0x2f, 0xf0, 0x0, 0x0,
    0x0, 0x0, 0x2f, 0xf0, 0x0, 0x0, 0x0, 0x0,
    0x2f, 0xf0, 0x0, 0x0,

    /* U+0373 "ͳ" */
    0x5f, 0xff, 0xff, 0xff, 0xff, 0xa5, 0xfd, 0xac,
    0xfe, 0xab, 0xfa, 0x5f, 0x70, 0x6f, 0xb0, 0x2f,
    0xa5, 0xf7, 0x6, 0xfb, 0x2, 0xfa, 0x4d, 0x60,
    0x6f, 0xb0, 0x2d, 0x80, 0x0, 0x6, 0xfb, 0x0,
    0x0, 0x0, 0x0, 0x6f, 0xb0, 0x0, 0x0, 0x0,
    0x6, 0xfb, 0x0, 0x0, 0x0, 0x0, 0x6f, 0xb0,
    0x0, 0x0, 0x0, 0x6, 0xfb, 0x0, 0x0, 0x0,
    0x0, 0x6f, 0xb0, 0x0, 0x0, 0x0, 0x6, 0xfb,
    0x0, 0x0, 0x0, 0x0, 0x6f, 0xb0, 0x0, 0x0,
    0x0, 0x6, 0xfb, 0x0, 0x0, 0x0, 0x0, 0x6f,
    0xb0, 0x0, 0x0,

    /* U+0374 "ʹ" */
    0x5, 0xff, 0x10, 0xaf, 0x80, 0xe, 0xe0, 0x1,
    0xd6, 0x0,

    /* U+0375 "͵" */
    0x0, 0x8c, 0x0, 0x2f, 0xb0, 0xb, 0xf7, 0x3,
    0xff, 0x30,

    /* U+0376 "Ͷ" */
    0x1f, 0xe0, 0x0, 0x0, 0x1, 0xef, 0xc1, 0xfe,
    0x0, 0x0, 0x0, 0xaf, 0xfc, 0x1f, 0xe0, 0x0,
    0x0, 0x4f, 0xdf, 0xc1, 0xfe, 0x0, 0x0, 0xe,
    0xf4, 0xfc, 0x1f, 0xe0, 0x0, 0x9, 0xf8, 0x2f,
    0xc1, 0xfe, 0x0, 0x3, 0xfd, 0x2, 0xfc, 0x1f,
    0xe0, 0x0, 0xdf, 0x40, 0x2f, 0xc1, 0xfe, 0x0,
    0x8f, 0x90, 0x3, 0xfc, 0x1f, 0xe0, 0x3f, 0xe0,
    0x0, 0x3f, 0xc1, 0xfd, 0xd, 0xf5, 0x0, 0x3,
    0xfc, 0x1f, 0xd7, 0xfa, 0x0, 0x0, 0x3f, 0xc1,
    0xfe, 0xfe, 0x10, 0x0, 0x3, 0xfc, 0x1f, 0xff,
    0x50, 0x0, 0x0, 0x3f, 0xc1, 0xff, 0xb0, 0x0,
    0x0, 0x3, 0xfc,

    /* U+0377 "ͷ" */
    0x5f, 0xb0, 0x0, 0x4, 0xff, 0xa5, 0xfb, 0x0,
    0x0, 0xdf, 0xfa, 0x5f, 0xb0, 0x0, 0x8f, 0xef,
    0xa5, 0xfb, 0x0, 0x3f, 0xf6, 0xfa, 0x5f, 0xb0,
    0xd, 0xf6, 0x5f, 0xa5, 0xfa, 0x7, 0xfc, 0x5,
    0xfa, 0x5f, 0xa2, 0xff, 0x20, 0x5f, 0xa5, 0xf9,
    0xcf, 0x80, 0x5, 0xfa, 0x5f, 0xef, 0xd0, 0x0,
    0x5f, 0xa5, 0xff, 0xf3, 0x0, 0x5, 0xfa, 0x5f,
    0xf9, 0x0, 0x0, 0x5f, 0xa0,

    /* U+037A "ͺ" */
    0x13, 0x10, 0x6f, 0x60, 0x5f, 0x91, 0x2f, 0xfa,
    0x1, 0x41,

    /* U+037B "ͻ" */
    0x2a, 0xdf, 0xec, 0x50, 0x1, 0xff, 0xdf, 0xff,
    0x80, 0x3, 0x0, 0x7, 0xff, 0x20, 0x0, 0x0,
    0xd, 0xf8, 0x0, 0x0, 0x0, 0x9f, 0xa0, 0x0,
    0x0, 0x8, 0xfb, 0x0, 0x0, 0x0, 0x9f, 0x90,
    0x0, 0x0, 0xd, 0xf6, 0x13, 0x0, 0x9, 0xff,
    0x13, 0xff, 0xdf, 0xff, 0x50, 0x1a, 0xef, 0xea,
    0x30, 0x0,

    /* U+037C "ͼ" */
    0x0, 0x5b, 0xef, 0xd9, 0x0, 0x9f, 0xfe, 0xdf,
    0xd0, 0x4f, 0xf5, 0x0, 0x2, 0xa, 0xf9, 0x0,
    0x0, 0x0, 0xdf, 0x50, 0x9f, 0x40, 0xe, 0xf4,
    0xc, 0xf7, 0x0, 0xdf, 0x50, 0x26, 0x0, 0xb,
    0xf9, 0x0, 0x0, 0x0, 0x5f, 0xf5, 0x0, 0x4,
    0x0, 0xaf, 0xfe, 0xdf, 0xf0, 0x0, 0x6c, 0xff,
    0xd7, 0x0,

    /* U+037D "ͽ" */
    0x2a, 0xdf, 0xec, 0x50, 0x1, 0xff, 0xdf, 0xff,
    0x80, 0x2, 0x0, 0x7, 0xff, 0x20, 0x0, 0x0,
    0xd, 0xf8, 0x0, 0x7f, 0x60, 0x9f, 0xa0, 0xb,
    0xf9, 0x8, 0xfb, 0x0, 0x16, 0x10, 0x9f, 0x90,
    0x0, 0x0, 0xd, 0xf6, 0x13, 0x0, 0x9, 0xff,
    0x13, 0xff, 0xdf, 0xff, 0x50, 0x1a, 0xef, 0xea,
    0x30, 0x0,

    /* U+037E ";" */
    0x5, 0xfb, 0x0, 0xaf, 0xf0, 0x4, 0xd9, 0x0,
    0x0, 0x0, 0x0, 0x0, 0x0, 0x0, 0x0, 0x0,
    0x0, 0x0, 0x0, 0x0, 0x0, 0x0, 0x0, 0x7f,
    0xc0, 0xa, 0xf7, 0x0, 0xdf, 0x20, 0xf, 0xc0,
    0x3, 0xe5, 0x0,

    /* U+037F "Ϳ" */
    0x0, 0x3, 0xff, 0x0, 0x3, 0xff, 0x0, 0x3,
    0xff, 0x0, 0x3, 0xff, 0x0, 0x3, 0xff, 0x0,
    0x3, 0xff, 0x0, 0x3, 0xff, 0x0, 0x3, 0xff,
    0x0, 0x3, 0xff, 0x0, 0x3, 0xff, 0x0, 0x3,
    0xff, 0x0, 0x3, 0xff, 0x0, 0x3, 0xff, 0x0,
    0x3, 0xff, 0x0, 0x4, 0xfe, 0x0, 0xa, 0xfb,
    0x8e, 0xff, 0xf4, 0x7f, 0xfc, 0x40,

    /* U+0384 "΄" */
    0x1, 0x66, 0x10, 0x8f, 0xc0, 0xd, 0xf2, 0x1,
    0xf8, 0x0,

    /* U+0385 "΅" */
    0x0, 0x0, 0x56, 0x40, 0x0, 0xdc, 0xf, 0xf6,
    0xe9, 0xe, 0xe4, 0xfb, 0x2f, 0xb0, 0x10, 0x7f,
    0x30, 0x10,

    /* U+0386 "Ά" */
    0xf, 0xf7, 0x0, 0x3f, 0xf6, 0x0, 0x0, 0x4,
    0xfd, 0x0, 0x9, 0xff, 0xd0, 0x0, 0x0, 0x9f,
    0x30, 0x0, 0xee, 0xcf, 0x30, 0x0, 0x5, 0x50,
    0x0, 0x5f, 0xa6, 0xf9, 0x0, 0x0, 0x0, 0x0,
    0xb, 0xf5, 0x1f, 0xf0, 0x0, 0x0, 0x0, 0x2,
    0xfe, 0x0, 0xbf, 0x50, 0x0, 0x0, 0x0, 0x8f,
    0x90, 0x5, 0xfb, 0x0, 0x0, 0x0, 0xe, 0xf3,
    0x0, 0xe, 0xf2, 0x0, 0x0, 0x4, 0xff, 0xff,
    0xff, 0xff, 0x80, 0x0, 0x0, 0xaf, 0xee, 0xee,
    0xee, 0xfe, 0x0, 0x0, 0x1f, 0xf2, 0x0, 0x0,
    0xe, 0xf4, 0x0, 0x7, 0xfc, 0x0, 0x0, 0x0,
    0x8f, 0xa0, 0x0, 0xdf, 0x60, 0x0, 0x0, 0x2,
    0xff, 0x10, 0x3f, 0xf0, 0x0, 0x0, 0x0, 0xd,
    0xf7,

    /* U+0387 "·" */
    0x5f, 0xb0, 0x9f, 0xf0, 0x4d, 0x90,

    /* U+0388 "Έ" */
    0xf, 0xf6, 0x7, 0xff, 0xff, 0xff, 0xf9, 0x4f,
    0xc0, 0x7, 0xff, 0xdd, 0xdd, 0xd7, 0x9f, 0x20,
    0x7, 0xfb, 0x0, 0x0, 0x0, 0x54, 0x0, 0x7,
    0xfb, 0x0, 0x0, 0x0, 0x0, 0x0, 0x7, 0xfb,
    0x0, 0x0, 0x0, 0x0, 0x0, 0x7, 0xfb, 0x0,
    0x0, 0x0, 0x0, 0x0, 0x7, 0xff, 0xff, 0xff,
    0xf3, 0x0, 0x0, 0x7, 0xff, 0xdd, 0xdd, 0xd2,
    0x0, 0x0, 0x7, 0xfb, 0x0, 0x0, 0x0, 0x0,
    0x0, 0x7, 0xfb, 0x0, 0x0, 0x0, 0x0, 0x0,
    0x7, 0xfb, 0x0, 0x0, 0x0, 0x0, 0x0, 0x7,
    0xfb, 0x0, 0x0, 0x0, 0x0, 0x0, 0x7, 0xff,
    0xdd, 0xdd, 0xd7, 0x0, 0x0, 0x7, 0xff, 0xff,
    0xff, 0xf9,

    /* U+0389 "Ή" */
    0xf, 0xf6, 0x7, 0xfb, 0x0, 0x0, 0x0, 0x7f,
    0xb4, 0xfc, 0x0, 0x7f, 0xb0, 0x0, 0x0, 0x7,
    0xfb, 0x9f, 0x20, 0x7, 0xfb, 0x0, 0x0, 0x0,
    0x7f, 0xb5, 0x40, 0x0, 0x7f, 0xb0, 0x0, 0x0,
    0x7, 0xfb, 0x0, 0x0, 0x7, 0xfb, 0x0, 0x0,
    0x0, 0x7f, 0xb0, 0x0, 0x0, 0x7f, 0xb0, 0x0,
    0x0, 0x7, 0xfb, 0x0, 0x0, 0x7, 0xff, 0xff,
    0xff, 0xff, 0xff, 0xb0, 0x0, 0x0, 0x7f, 0xfd,
    0xdd, 0xdd, 0xde, 0xfb, 0x0, 0x0, 0x7, 0xfb,
    0x0, 0x0, 0x0, 0x7f, 0xb0, 0x0, 0x0, 0x7f,
    0xb0, 0x0, 0x0, 0x7, 0xfb, 0x0, 0x0, 0x7,
    0xfb, 0x0, 0x0, 0x0, 0x7f, 0xb0, 0x0, 0x0,
    0x7f, 0xb0, 0x0, 0x0, 0x7, 0xfb, 0x0, 0x0,
    0x7, 0xfb, 0x0, 0x0, 0x0, 0x7f, 0xb0, 0x0,
    0x0, 0x7f, 0xb0, 0x0, 0x0, 0x7, 0xfb,

    /* U+038A "Ί" */
    0xf, 0xf6, 0x3f, 0xff, 0xff, 0x54, 0xfc, 0x0,
    0x7d, 0xfe, 0x81, 0x9f, 0x20, 0x0, 0x8f, 0xa0,
    0x5, 0x40, 0x0, 0x8, 0xfa, 0x0, 0x0, 0x0,
    0x0, 0x8f, 0xa0, 0x0, 0x0, 0x0, 0x8, 0xfa,
    0x0, 0x0, 0x0, 0x0, 0x8f, 0xa0, 0x0, 0x0,
    0x0, 0x8, 0xfa, 0x0, 0x0, 0x0, 0x0, 0x8f,
    0xa0, 0x0, 0x0, 0x0, 0x8, 0xfa, 0x0, 0x0,
    0x0, 0x0, 0x8f, 0xa0, 0x0, 0x0, 0x0, 0x8,
    0xfa, 0x0, 0x0, 0x0, 0x6, 0xdf, 0xd7, 0x10,
    0x0, 0x3, 0xff, 0xff, 0xf5,

    /* U+038C "Ό" */
    0xf, 0xf8, 0x0, 0x6, 0xce, 0xfe, 0xc6, 0x0,
    0x0, 0x4f, 0xe0, 0x2, 0xdf, 0xff, 0xef, 0xff,
    0xd2, 0x0, 0x8f, 0x40, 0xd, 0xfd, 0x40, 0x0,
    0x4d, 0xfd, 0x0, 0x77, 0x0, 0x7f, 0xe1, 0x0,
    0x0, 0x1, 0xff, 0x70, 0x0, 0x0, 0xdf, 0x80,
    0x0, 0x0, 0x0, 0x8f, 0xc0, 0x0, 0x0, 0xff,
    0x40, 0x0, 0x0, 0x0, 0x4f, 0xf0, 0x0, 0x2,
    0xff, 0x20, 0x0, 0x0, 0x0, 0x2f, 0xf1, 0x0,
    0x2, 0xff, 0x20, 0x0, 0x0, 0x0, 0x3f, 0xf1,
    0x0, 0x0, 0xff, 0x40, 0x0, 0x0, 0x0, 0x4f,
    0xf0, 0x0, 0x0, 0xdf, 0x80, 0x0, 0x0, 0x0,
    0x8f, 0xc0, 0x0, 0x0, 0x7f, 0xe1, 0x0, 0x0,
    0x1, 0xff, 0x60, 0x0, 0x0, 0xd, 0xfd, 0x30,
    0x0, 0x4d, 0xfd, 0x0, 0x0, 0x0, 0x2, 0xdf,
    0xff, 0xef, 0xff, 0xc1, 0x0, 0x0, 0x0, 0x0,
    0x6, 0xce, 0xfe, 0xb6, 0x0, 0x0,

    /* U+038E "Ύ" */
    0xf, 0xf6, 0x2f, 0xf3, 0x0, 0x0, 0x5, 0xff,
    0x14, 0xfc, 0x0, 0x8f, 0xc0, 0x0, 0x0, 0xdf,
    0x70, 0x9f, 0x20, 0x1, 0xff, 0x40, 0x0, 0x5f,
    0xe0, 0x5, 0x40, 0x0, 0x7, 0xfc, 0x0, 0xd,
    0xf5, 0x0, 0x0, 0x0, 0x0, 0xe, 0xf4, 0x6,
    0xfc, 0x0, 0x0, 0x0, 0x0, 0x0, 0x6f, 0xd0,
    0xef, 0x40, 0x0, 0x0, 0x0, 0x0, 0x0, 0xdf,
    0xbf, 0xb0, 0x0, 0x0, 0x0, 0x0, 0x0, 0x4,
    0xff, 0xf2, 0x0, 0x0, 0x0, 0x0, 0x0, 0x0,
    0xc, 0xfa, 0x0, 0x0, 0x0, 0x0, 0x0, 0x0,
    0x0, 0xaf, 0x80, 0x0, 0x0, 0x0, 0x0, 0x0,
    0x0, 0xa, 0xf8, 0x0, 0x0, 0x0, 0x0, 0x0,
    0x0, 0x0, 0xaf, 0x80, 0x0, 0x0, 0x0, 0x0,
    0x0, 0x0, 0xa, 0xf8, 0x0, 0x0, 0x0, 0x0,
    0x0, 0x0, 0x0, 0xaf, 0x80, 0x0, 0x0,

    /* U+038F "Ώ" */
    0xf, 0xf8, 0x0, 0x28, 0xde, 0xfd, 0x93, 0x0,
    0x4, 0xfe, 0x0, 0x5f, 0xff, 0xee, 0xff, 0xf8,
    0x0, 0x8f, 0x40, 0x4f, 0xfa, 0x20, 0x1, 0x8f,
    0xf7, 0x7, 0x70, 0xd, 0xfa, 0x0, 0x0, 0x0,
    0x6f, 0xf1, 0x0, 0x3, 0xff, 0x20, 0x0, 0x0,
    0x0, 0xef, 0x70, 0x0, 0x6f, 0xd0, 0x0, 0x0,
    0x0, 0xa, 0xfa, 0x0, 0x7, 0xfc, 0x0, 0x0,
    0x0, 0x0, 0x8f, 0xb0, 0x0, 0x6f, 0xd0, 0x0,
    0x0, 0x0, 0x9, 0xfa, 0x0, 0x3, 0xff, 0x0,
    0x0, 0x0, 0x0, 0xcf, 0x60, 0x0, 0xd, 0xf5,
    0x0, 0x0, 0x0, 0x2f, 0xf1, 0x0, 0x0, 0x3f,
    0xe1, 0x0, 0x0, 0xc, 0xf6, 0x0, 0x0, 0x0,
    0x5f, 0xd2, 0x0, 0xb, 0xf7, 0x0, 0x0, 0x8,
    0xdd, 0xff, 0xd0, 0xa, 0xff, 0xdd, 0xb0, 0x0,
    0xaf, 0xff, 0xfd, 0x0, 0xaf, 0xff, 0xfd,

    /* U+0390 "ΐ" */
    0x0, 0x2, 0xff, 0x40, 0x2, 0xe8, 0x5f, 0xb4,
    0xe6, 0x3f, 0xa9, 0xf2, 0x5f, 0x70, 0x10, 0x45,
    0x0, 0x10, 0x0, 0x6f, 0xb0, 0x0, 0x0, 0x6,
    0xfb, 0x0, 0x0, 0x0, 0x6f, 0xb0, 0x0, 0x0,
    0x6, 0xfb, 0x0, 0x0, 0x0, 0x6f, 0xb0, 0x0,
    0x0, 0x6, 0xfb, 0x0, 0x0, 0x0, 0x6f, 0xb0,
    0x0, 0x0, 0x5, 0xfb, 0x0, 0x0, 0x0, 0x4f,
    0xe0, 0x0, 0x0, 0x0, 0xef, 0xec, 0x70, 0x0,
    0x2, 0xbf, 0xf7, 0x0,

    /* U+0391 "Α" */
    0x0, 0x0, 0xc, 0xfd, 0x0, 0x0, 0x0, 0x0,
    0x0, 0x2f, 0xff, 0x30, 0x0, 0x0, 0x0, 0x0,
    0x8f, 0xaf, 0x90, 0x0, 0x0, 0x0, 0x0, 0xef,
    0x1f, 0xf0, 0x0, 0x0, 0x0, 0x5, 0xfb, 0xa,
    0xf6, 0x0, 0x0, 0x0, 0xb, 0xf5, 0x4, 0xfc,
    0x0, 0x0, 0x0, 0x1f, 0xf0, 0x0, 0xef, 0x20,
    0x0, 0x0, 0x7f, 0x90, 0x0, 0x8f, 0x80, 0x0,
    0x0, 0xdf, 0xff, 0xff, 0xff, 0xe0, 0x0, 0x4,
    0xff, 0xee, 0xee, 0xef, 0xf5, 0x0, 0xa, 0xf8,
    0x0, 0x0, 0x8, 0xfb, 0x0, 0x1f, 0xf2, 0x0,
    0x0, 0x2, 0xff, 0x10, 0x6f, 0xd0, 0x0, 0x0,
    0x0, 0xcf, 0x70, 0xcf, 0x70, 0x0, 0x0, 0x0,
    0x6f, 0xd0,

    /* U+0392 "Β" */
    0x2f, 0xff, 0xff, 0xec, 0x71, 0x0, 0x2f, 0xfc,
    0xcd, 0xef, 0xfd, 0x0, 0x2f, 0xf0, 0x0, 0x4,
    0xff, 0x60, 0x2f, 0xf0, 0x0, 0x0, 0xbf, 0x80,
    0x2f, 0xf0, 0x0, 0x0, 0xcf, 0x60, 0x2f, 0xf0,
    0x0, 0x17, 0xfe, 0x0, 0x2f, 0xff, 0xff, 0xff,
    0x91, 0x0, 0x2f, 0xfb, 0xbb, 0xcf, 0xfa, 0x10,
    0x2f, 0xf0, 0x0, 0x1, 0xdf, 0xa0, 0x2f, 0xf0,
    0x0, 0x0, 0x5f, 0xf0, 0x2f, 0xf0, 0x0, 0x0,
    0x6f, 0xf0, 0x2f, 0xf0, 0x0, 0x1, 0xdf, 0xc0,
    0x2f, 0xfc, 0xcc, 0xdf, 0xff, 0x30, 0x2f, 0xff,
    0xff, 0xfd, 0x92, 0x0,

    /* U+0393 "Γ" */
    0x1f, 0xff, 0xff, 0xff, 0x81, 0xff, 0xdd, 0xdd,
    0xd7, 0x1f, 0xf0, 0x0, 0x0, 0x1, 0xff, 0x0,
    0x0, 0x0, 0x1f, 0xf0, 0x0, 0x0, 0x1, 0xff,
    0x0, 0x0, 0x0, 0x1f, 0xf0, 0x0, 0x0, 0x1,
    0xff, 0x0, 0x0, 0x0, 0x1f, 0xf0, 0x0, 0x0,
    0x1, 0xff, 0x0, 0x0, 0x0, 0x1f, 0xf0, 0x0,
    0x0, 0x1, 0xff, 0x0, 0x0, 0x0, 0x1f, 0xf0,
    0x0, 0x0, 0x1, 0xff, 0x0, 0x0, 0x0,

    /* U+0394 "Δ" */
    0x0, 0x0, 0xd, 0xfc, 0x0, 0x0, 0x0, 0x0,
    0x3, 0xff, 0xf3, 0x0, 0x0, 0x0, 0x0, 0xaf,
    0xaf, 0x90, 0x0, 0x0, 0x0, 0x1f, 0xf1, 0xff,
    0x0, 0x0, 0x0, 0x7, 0xf9, 0x9, 0xf6, 0x0,
    0x0, 0x0, 0xdf, 0x30, 0x3f, 0xc0, 0x0, 0x0,
    0x4f, 0xd0, 0x0, 0xdf, 0x30, 0x0, 0xa, 0xf7,
    0x0, 0x7, 0xf9, 0x0, 0x1, 0xff, 0x10, 0x0,
    0x1f, 0xf0, 0x0, 0x7f, 0xa0, 0x0, 0x0, 0xbf,
    0x60, 0xd, 0xf4, 0x0, 0x0, 0x5, 0xfd, 0x4,
    0xfe, 0x0, 0x0, 0x0, 0xe, 0xf3, 0xaf, 0xfe,
    0xee, 0xee, 0xee, 0xff, 0x9c, 0xff, 0xff, 0xff,
    0xff, 0xff, 0xfc,

    /* U+0395 "Ε" */
    0x1f, 0xff, 0xff, 0xff, 0xf1, 0xff, 0xdd, 0xdd,
    0xdc, 0x1f, 0xf1, 0x0, 0x0, 0x1, 0xff, 0x10,
    0x0, 0x0, 0x1f, 0xf1, 0x0, 0x0, 0x1, 0xff,
    0x10, 0x0, 0x0, 0x1f, 0xff, 0xff, 0xff, 0x91,
    0xff, 0xdd, 0xdd, 0xd7, 0x1f, 0xf1, 0x0, 0x0,
    0x1, 0xff, 0x10, 0x0, 0x0, 0x1f, 0xf1, 0x0,
    0x0, 0x1, 0xff, 0x10, 0x0, 0x0, 0x1f, 0xfd,
    0xdd, 0xdd, 0xc1, 0xff, 0xff, 0xff, 0xff,

    /* U+0396 "Ζ" */
    0x1f, 0xff, 0xff, 0xff, 0xff, 0x91, 0xdd, 0xdd,
    0xdd, 0xdf, 0xf8, 0x0, 0x0, 0x0, 0x7, 0xfe,
    0x0, 0x0, 0x0, 0x2, 0xff, 0x40, 0x0, 0x0,
    0x0, 0xcf, 0x80, 0x0, 0x0, 0x0, 0x8f, 0xd0,
    0x0, 0x0, 0x0, 0x3f, 0xf3, 0x0, 0x0, 0x0,
    0xd, 0xf7, 0x0, 0x0, 0x0, 0x9, 0xfc, 0x0,
    0x0, 0x0, 0x4, 0xff, 0x20, 0x0, 0x0, 0x1,
    0xef, 0x60, 0x0, 0x0, 0x0, 0xaf, 0xb0, 0x0,
    0x0, 0x0, 0x3f, 0xfe, 0xdd, 0xdd, 0xdd, 0xa5,
    0xff, 0xff, 0xff, 0xff, 0xfc,

    /* U+0397 "Η" */
    0x1f, 0xf1, 0x0, 0x0, 0x2, 0xff, 0x1, 0xff,
    0x10, 0x0, 0x0, 0x2f, 0xf0, 0x1f, 0xf1, 0x0,
    0x0, 0x2, 0xff, 0x1, 0xff, 0x10, 0x0, 0x0,
    0x2f, 0xf0, 0x1f, 0xf1, 0x0, 0x0, 0x2, 0xff,
    0x1, 0xff, 0x10, 0x0, 0x0, 0x2f, 0xf0, 0x1f,
    0xff, 0xff, 0xff, 0xff, 0xff, 0x1, 0xff, 0xdd,
    0xdd, 0xdd, 0xdf, 0xf0, 0x1f, 0xf1, 0x0, 0x0,
    0x2, 0xff, 0x1, 0xff, 0x10, 0x0, 0x0, 0x2f,
    0xf0, 0x1f, 0xf1, 0x0, 0x0, 0x2, 0xff, 0x1,
    0xff, 0x10, 0x0, 0x0, 0x2f, 0xf0, 0x1f, 0xf1,
    0x0, 0x0, 0x2, 0xff, 0x1, 0xff, 0x10, 0x0,
    0x0, 0x2f, 0xf0,

    /* U+0398 "Θ" */
    0x0, 0x4, 0xad, 0xfe, 0xd8, 0x20, 0x0, 0x0,
    0xaf, 0xff, 0xee, 0xff, 0xf5, 0x0, 0x8, 0xff,
    0x60, 0x0, 0x1a, 0xff, 0x30, 0x2f, 0xf6, 0x0,
    0x0, 0x0, 0xbf, 0xc0, 0x7f, 0xd0, 0x0, 0x0,
    0x0, 0x3f, 0xf2, 0xaf, 0x90, 0x0, 0x0, 0x0,
    0xe, 0xf5, 0xcf, 0x80, 0xff, 0xff, 0xfb, 0xd,
    0xf7, 0xcf, 0x80, 0xcc, 0xcc, 0xc8, 0xd, 0xf7,
    0xaf, 0x90, 0x0, 0x0, 0x0, 0xe, 0xf5, 0x7f,
    0xe0, 0x0, 0x0, 0x0, 0x3f, 0xf2, 0x2f, 0xf6,
    0x0, 0x0, 0x0, 0xbf, 0xc0, 0x8, 0xff, 0x60,
    0x0, 0x1a, 0xff, 0x30, 0x0, 0xaf, 0xff, 0xee,
    0xff, 0xf5, 0x0, 0x0, 0x4, 0xad, 0xfe, 0xd8,
    0x20, 0x0,

    /* U+0399 "Ι" */
    0x3f, 0xff, 0xff, 0x40, 0x7d, 0xfd, 0x71, 0x0,
    0x8f, 0xa0, 0x0, 0x8, 0xfa, 0x0, 0x0, 0x8f,
    0xa0, 0x0, 0x8, 0xfa, 0x0, 0x0, 0x8f, 0xa0,
    0x0, 0x8, 0xfa, 0x0, 0x0, 0x8f, 0xa0, 0x0,
    0x8, 0xfa, 0x0, 0x0, 0x8f, 0xa0, 0x0, 0x8,
    0xfa, 0x0, 0x6, 0xdf, 0xd7, 0x13, 0xff, 0xff,
    0xf4,

    /* U+039A "Κ" */
    0x1f, 0xf1, 0x0, 0x0, 0x7f, 0xe2, 0x1f, 0xf1,
    0x0, 0x5, 0xff, 0x30, 0x1f, 0xf1, 0x0, 0x3f,
    0xf4, 0x0, 0x1f, 0xf1, 0x2, 0xef, 0x50, 0x0,
    0x1f, 0xf1, 0x1d, 0xf7, 0x0, 0x0, 0x1f, 0xf1,
    0xcf, 0x90, 0x0, 0x0, 0x1f, 0xfb, 0xff, 0x40,
    0x0, 0x0, 0x1f, 0xff, 0xcf, 0xe1, 0x0, 0x0,
    0x1f, 0xf5, 0xd, 0xfb, 0x0, 0x0, 0x1f, 0xf1,
    0x2, 0xff, 0x60, 0x0, 0x1f, 0xf1, 0x0, 0x6f,
    0xf2, 0x0, 0x1f, 0xf1, 0x0, 0xa, 0xfd, 0x0,
    0x1f, 0xf1, 0x0, 0x1, 0xef, 0x90, 0x1f, 0xf1,
    0x0, 0x0, 0x3f, 0xf4,

    /* U+039B "Λ" */
    0x0, 0x0, 0x1f, 0xf8, 0x0, 0x0, 0x0, 0x0,
    0x6, 0xff, 0xe0, 0x0, 0x0, 0x0, 0x0, 0xcf,
    0xaf, 0x40, 0x0, 0x0, 0x0, 0x2f, 0xd4, 0xfa,
    0x0, 0x0, 0x0, 0x8, 0xf8, 0xf, 0xf0, 0x0,
    0x0, 0x0, 0xdf, 0x20, 0xaf, 0x60, 0x0, 0x0,
    0x4f, 0xd0, 0x4, 0xfc, 0x0, 0x0, 0x9, 0xf7,
    0x0, 0xf, 0xf2, 0x0, 0x0, 0xff, 0x20, 0x0,
    0xaf, 0x70, 0x0, 0x5f, 0xc0, 0x0, 0x4, 0xfd,
    0x0, 0xb, 0xf7, 0x0, 0x0, 0xe, 0xf3, 0x1,
    0xff, 0x10, 0x0, 0x0, 0xaf, 0x90, 0x7f, 0xc0,
    0x0, 0x0, 0x4, 0xfe, 0xd, 0xf6, 0x0, 0x0,
    0x0, 0xe, 0xf5,

    /* U+039C "Μ" */
    0x1f, 0xff, 0x20, 0x0, 0x0, 0x0, 0xdf, 0xf7,
    0x1f, 0xff, 0x80, 0x0, 0x0, 0x3, 0xff, 0xf7,
    0x1f, 0xdf, 0xe0, 0x0, 0x0, 0x9, 0xfc, 0xf7,
    0x1f, 0xcb, 0xf4, 0x0, 0x0, 0xe, 0xe9, 0xf7,
    0x1f, 0xd5, 0xf9, 0x0, 0x0, 0x5f, 0x89, 0xf7,
    0x1f, 0xd0, 0xef, 0x0, 0x0, 0xbf, 0x2a, 0xf7,
    0x1f, 0xd0, 0x9f, 0x50, 0x1, 0xfc, 0xa, 0xf7,
    0x1f, 0xd0, 0x3f, 0xb0, 0x7, 0xf6, 0xa, 0xf7,
    0x1f, 0xd0, 0xd, 0xf1, 0xd, 0xf1, 0xa, 0xf7,
    0x1f, 0xd0, 0x8, 0xf7, 0x3f, 0xa0, 0xa, 0xf7,
    0x1f, 0xd0, 0x2, 0xfc, 0x9f, 0x40, 0xa, 0xf7,
    0x1f, 0xd0, 0x0, 0xcf, 0xfe, 0x0, 0xa, 0xf7,
    0x1f, 0xd0, 0x0, 0x6f, 0xf8, 0x0, 0xa, 0xf7,
    0x1f, 0xd0, 0x0, 0x1f, 0xf2, 0x0, 0xa, 0xf7,

    /* U+039D "Ν" */
    0x1f, 0xfc, 0x0, 0x0, 0x0, 0x6f, 0xa1, 0xff,
    0xf7, 0x0, 0x0, 0x6, 0xfa, 0x1f, 0xff, 0xf1,
    0x0, 0x0, 0x6f, 0xa1, 0xfb, 0xbf, 0xb0, 0x0,
    0x6, 0xfa, 0x1f, 0xc1, 0xff, 0x50, 0x0, 0x6f,
    0xa1, 0xfd, 0x6, 0xfe, 0x0, 0x6, 0xfa, 0x1f,
    0xd0, 0xc, 0xf9, 0x0, 0x6f, 0xa1, 0xfd, 0x0,
    0x2f, 0xf3, 0x5, 0xfa, 0x1f, 0xd0, 0x0, 0x8f,
    0xc0, 0x5f, 0xa1, 0xfd, 0x0, 0x0, 0xdf, 0x75,
    0xfa, 0x1f, 0xd0, 0x0, 0x3, 0xff, 0x6f, 0xa1,
    0xfd, 0x0, 0x0, 0x9, 0xfe, 0xfa, 0x1f, 0xd0,
    0x0, 0x0, 0xe, 0xff, 0xa1, 0xfd, 0x0, 0x0,
    0x0, 0x5f, 0xfa,

    /* U+039E "Ξ" */
    0x6f, 0xff, 0xff, 0xff, 0xfe, 0x5, 0xee, 0xee,
    0xee, 0xee, 0xc0, 0x0, 0x0, 0x0, 0x0, 0x0,
    0x0, 0x0, 0x0, 0x0, 0x0, 0x0, 0x0, 0x0,
    0x0, 0x0, 0x0, 0x0, 0x0, 0x0, 0x0, 0x0,
    0x0, 0x9, 0xff, 0xff, 0xff, 0xf1, 0x0, 0x8e,
    0xee, 0xee, 0xee, 0x10, 0x0, 0x0, 0x0, 0x0,
    0x0, 0x0, 0x0, 0x0, 0x0, 0x0, 0x0, 0x0,
    0x0, 0x0, 0x0, 0x0, 0x0, 0x0, 0x0, 0x0,
    0x0, 0x0, 0xbe, 0xee, 0xee, 0xee, 0xee, 0x4c,
    0xff, 0xff, 0xff, 0xff, 0xf4,

    /* U+039F "Ο" */
    0x0, 0x4, 0xad, 0xfe, 0xd8, 0x20, 0x0, 0x0,
    0xaf, 0xff, 0xee, 0xff, 0xf5, 0x0, 0x8, 0xff,
    0x60, 0x0, 0x1a, 0xff, 0x30, 0x2f, 0xf6, 0x0,
    0x0, 0x0, 0xbf, 0xc0, 0x7f, 0xd0, 0x0, 0x0,
    0x0, 0x3f, 0xf2, 0xaf, 0x90, 0x0, 0x0, 0x0,
    0xe, 0xf5, 0xcf, 0x80, 0x0, 0x0, 0x0, 0xd,
    0xf7, 0xcf, 0x80, 0x0, 0x0, 0x0, 0xd, 0xf7,
    0xaf, 0x90, 0x0, 0x0, 0x0, 0xe, 0xf5, 0x7f,
    0xe0, 0x0, 0x0, 0x0, 0x3f, 0xf2, 0x2f, 0xf6,
    0x0, 0x0, 0x0, 0xbf, 0xc0, 0x8, 0xff, 0x60,
    0x0, 0x1a, 0xff, 0x30, 0x0, 0xaf, 0xff, 0xee,
    0xff, 0xf5, 0x0, 0x0, 0x4, 0xad, 0xfe, 0xd8,
    0x20, 0x0,

    /* U+03A0 "Π" */
    0x1f, 0xff, 0xff, 0xff, 0xff, 0xfd, 0x1f, 0xfd,
    0xdd, 0xdd, 0xde, 0xfd, 0x1f, 0xf1, 0x0, 0x0,
    0x4, 0xfd, 0x1f, 0xf1, 0x0, 0x0, 0x4, 0xfd,
    0x1f, 0xf1, 0x0, 0x0, 0x4, 0xfd, 0x1f, 0xf1,
    0x0, 0x0, 0x4, 0xfd, 0x1f, 0xf1, 0x0, 0x0,
    0x4, 0xfd, 0x1f, 0xf1, 0x0, 0x0, 0x4, 0xfd,
    0x1f, 0xf1, 0x0, 0x0, 0x4, 0xfd, 0x1f, 0xf1,
    0x0, 0x0, 0x4, 0xfd, 0x1f, 0xf1, 0x0, 0x0,
    0x4, 0xfd, 0x1f, 0xf1, 0x0, 0x0, 0x4, 0xfd,
    0x1f, 0xf1, 0x0, 0x0, 0x4, 0xfd, 0x1f, 0xf1,
    0x0, 0x0, 0x4, 0xfd,

    /* U+03A1 "Ρ" */
    0x2f, 0xff, 0xff, 0xda, 0x20, 0x2, 0xff, 0xdd,
    0xef, 0xff, 0x40, 0x2f, 0xf0, 0x0, 0x2c, 0xfe,
    0x2, 0xff, 0x0, 0x0, 0x2f, 0xf2, 0x2f, 0xf0,
    0x0, 0x0, 0xff, 0x22, 0xff, 0x0, 0x0, 0x4f,
    0xf0, 0x2f, 0xf0, 0x1, 0x5e, 0xfa, 0x2, 0xff,
    0xff, 0xff, 0xfc, 0x0, 0x2f, 0xfd, 0xdc, 0xa5,
    0x0, 0x2, 0xff, 0x0, 0x0, 0x0, 0x0, 0x2f,
    0xf0, 0x0, 0x0, 0x0, 0x2, 0xff, 0x0, 0x0,
    0x0, 0x0, 0x2f, 0xf0, 0x0, 0x0, 0x0, 0x2,
    0xff, 0x0, 0x0, 0x0, 0x0,

    /* U+03A3 "Σ" */
    0x2f, 0xff, 0xff, 0xff, 0xff, 0x91, 0xff, 0xfd,
    0xdd, 0xdd, 0xd7, 0x7, 0xff, 0x30, 0x0, 0x0,
    0x0, 0x8, 0xfe, 0x10, 0x0, 0x0, 0x0, 0xa,
    0xfd, 0x10, 0x0, 0x0, 0x0, 0xc, 0xfc, 0x0,
    0x0, 0x0, 0x0, 0x1e, 0xf7, 0x0, 0x0, 0x0,
    0x5, 0xfe, 0x10, 0x0, 0x0, 0x3, 0xff, 0x30,
    0x0, 0x0, 0x1, 0xef, 0x40, 0x0, 0x0, 0x0,
    0xcf, 0x70, 0x0, 0x0, 0x0, 0xaf, 0x90, 0x0,
    0x0, 0x0, 0x4f, 0xfe, 0xdd, 0xdd, 0xdd, 0xa5,
    0xff, 0xff, 0xff, 0xff, 0xfc,

    /* U+03A4 "Τ" */
    0xbf, 0xff, 0xff, 0xff, 0xff, 0xfa, 0xdd, 0xde,
    0xff, 0xdd, 0xdd, 0x0, 0x0, 0x7f, 0xb0, 0x0,
    0x0, 0x0, 0x7, 0xfb, 0x0, 0x0, 0x0, 0x0,
    0x7f, 0xb0, 0x0, 0x0, 0x0, 0x7, 0xfb, 0x0,
    0x0, 0x0, 0x0, 0x7f, 0xb0, 0x0, 0x0, 0x0,
    0x7, 0xfb, 0x0, 0x0, 0x0, 0x0, 0x7f, 0xb0,
    0x0, 0x0, 0x0, 0x7, 0xfb, 0x0, 0x0, 0x0,
    0x0, 0x7f, 0xb0, 0x0, 0x0, 0x0, 0x7, 0xfb,
    0x0, 0x0, 0x0, 0x0, 0x7f, 0xb0, 0x0, 0x0,
    0x0, 0x7, 0xfb, 0x0, 0x0,

    /* U+03A5 "Υ" */
    0xbf, 0x90, 0x0, 0x0, 0xe, 0xf6, 0x3f, 0xf2,
    0x0, 0x0, 0x7f, 0xd0, 0xa, 0xfa, 0x0, 0x0,
    0xef, 0x40, 0x1, 0xff, 0x20, 0x7, 0xfb, 0x0,
    0x0, 0x8f, 0xb0, 0x1f, 0xf3, 0x0, 0x0, 0xe,
    0xf3, 0x8f, 0xa0, 0x0, 0x0, 0x7, 0xfc, 0xff,
    0x10, 0x0, 0x0, 0x0, 0xdf, 0xf8, 0x0, 0x0,
    0x0, 0x0, 0x6f, 0xf0, 0x0, 0x0, 0x0, 0x0,
    0x4f, 0xe0, 0x0, 0x0, 0x0, 0x0, 0x4f, 0xe0,
    0x0, 0x0, 0x0, 0x0, 0x4f, 0xe0, 0x0, 0x0,
    0x0, 0x0, 0x4f, 0xe0, 0x0, 0x0, 0x0, 0x0,
    0x4f, 0xe0, 0x0, 0x0,

    /* U+03A6 "Φ" */
    0x0, 0x0, 0x0, 0x7, 0xfb, 0x0, 0x0, 0x0,
    0x0, 0x0, 0x18, 0xce, 0xff, 0xff, 0xd9, 0x30,
    0x0, 0x0, 0x5f, 0xff, 0xde, 0xfe, 0xdf, 0xff,
    0x80, 0x0, 0x3f, 0xf8, 0x10, 0x7f, 0xb0, 0x6,
    0xff, 0x60, 0xa, 0xfa, 0x0, 0x7, 0xfb, 0x0,
    0x6, 0xfe, 0x0, 0xef, 0x40, 0x0, 0x7f, 0xb0,
    0x0, 0xf, 0xf2, 0xf, 0xf2, 0x0, 0x7, 0xfb,
    0x0, 0x0, 0xff, 0x30, 0xef, 0x40, 0x0, 0x7f,
    0xb0, 0x0, 0x1f, 0xf2, 0xa, 0xfa, 0x0, 0x7,
    0xfb, 0x0, 0x7, 0xfd, 0x0, 0x3f, 0xf9, 0x10,
    0x7f, 0xb0, 0x6, 0xff, 0x60, 0x0, 0x5f, 0xff,
    0xdd, 0xfe, 0xcf, 0xff, 0x80, 0x0, 0x0, 0x18,
    0xce, 0xff, 0xff, 0xd9, 0x20, 0x0, 0x0, 0x0,
    0x0, 0x7, 0xfb, 0x0, 0x0, 0x0, 0x0, 0x0,
    0x0, 0x0, 0x7f, 0xb0, 0x0, 0x0, 0x0,

    /* U+03A7 "Χ" */
    0x4f, 0xf2, 0x0, 0x0, 0xd, 0xf7, 0x0, 0xaf,
    0xb0, 0x0, 0x8, 0xfc, 0x0, 0x1, 0xef, 0x50,
    0x2, 0xff, 0x20, 0x0, 0x5, 0xfe, 0x10, 0xcf,
    0x70, 0x0, 0x0, 0xa, 0xfa, 0x6f, 0xd0, 0x0,
    0x0, 0x0, 0x1e, 0xff, 0xf3, 0x0, 0x0, 0x0,
    0x0, 0x6f, 0xf9, 0x0, 0x0, 0x0, 0x0, 0xb,
    0xff, 0xd0, 0x0, 0x0, 0x0, 0x5, 0xfd, 0xcf,
    0x80, 0x0, 0x0, 0x1, 0xef, 0x42, 0xff, 0x30,
    0x0, 0x0, 0xaf, 0xa0, 0x8, 0xfc, 0x0, 0x0,
    0x4f, 0xe1, 0x0, 0xd, 0xf7, 0x0, 0xe, 0xf5,
    0x0, 0x0, 0x4f, 0xf2, 0x9, 0xfb, 0x0, 0x0,
    0x0, 0xaf, 0xc0,

    /* U+03A8 "Ψ" */
    0x3f, 0xe0, 0x0, 0xaf, 0x60, 0x2, 0xff, 0x3f,
    0xe0, 0x0, 0xaf, 0x60, 0x2, 0xff, 0x3f, 0xe0,
    0x0, 0xaf, 0x60, 0x2, 0xff, 0x3f, 0xe0, 0x0,
    0xaf, 0x60, 0x2, 0xff, 0x3f, 0xe0, 0x0, 0xaf,
    0x60, 0x2, 0xff, 0x2f, 0xf0, 0x0, 0xaf, 0x60,
    0x4, 0xfe, 0xf, 0xf4, 0x0, 0xaf, 0x60, 0x8,
    0xfb, 0x9, 0xfd, 0x20, 0xaf, 0x60, 0x4f, 0xf4,
    0x0, 0xdf, 0xfc, 0xef, 0xdd, 0xff, 0x90, 0x0,
    0x7, 0xcf, 0xff, 0xfe, 0xb5, 0x0, 0x0, 0x0,
    0x0, 0xaf, 0x60, 0x0, 0x0, 0x0, 0x0, 0x0,
    0xaf, 0x60, 0x0, 0x0, 0x0, 0x0, 0x0, 0xaf,
    0x60, 0x0, 0x0, 0x0, 0x0, 0x0, 0xaf, 0x60,
    0x0, 0x0,

    /* U+03A9 "Ω" */
    0x0, 0x1, 0x7c, 0xef, 0xda, 0x40, 0x0, 0x0,
    0x4, 0xef, 0xff, 0xef, 0xff, 0xb0, 0x0, 0x2,
    0xff, 0xc3, 0x0, 0x6, 0xff, 0xa0, 0x0, 0xbf,
    0xd0, 0x0, 0x0, 0x4, 0xff, 0x40, 0x1f, 0xf5,
    0x0, 0x0, 0x0, 0xb, 0xfa, 0x3, 0xff, 0x0,
    0x0, 0x0, 0x0, 0x7f, 0xd0, 0x5f, 0xf0, 0x0,
    0x0, 0x0, 0x5, 0xfe, 0x4, 0xff, 0x0, 0x0,
    0x0, 0x0, 0x7f, 0xd0, 0xf, 0xf3, 0x0, 0x0,
    0x0, 0x9, 0xf9, 0x0, 0xaf, 0x80, 0x0, 0x0,
    0x0, 0xff, 0x30, 0x1, 0xef, 0x20, 0x0, 0x0,
    0x9f, 0x90, 0x0, 0x3, 0xee, 0x30, 0x0, 0x9f,
    0x90, 0x0, 0x6d, 0xde, 0xff, 0x0, 0x7f, 0xfd,
    0xdd, 0x7, 0xff, 0xff, 0xf0, 0x7, 0xff, 0xff,
    0xf0,

    /* U+03AA "Ϊ" */
    0x2, 0x0, 0x2, 0x5, 0xf8, 0x7, 0xf7, 0x4f,
    0x60, 0x5f, 0x50, 0x0, 0x0, 0x0, 0x0, 0x0,
    0x0, 0x3, 0xff, 0xff, 0xf4, 0x7, 0xdf, 0xd7,
    0x10, 0x8, 0xfa, 0x0, 0x0, 0x8f, 0xa0, 0x0,
    0x8, 0xfa, 0x0, 0x0, 0x8f, 0xa0, 0x0, 0x8,
    0xfa, 0x0, 0x0, 0x8f, 0xa0, 0x0, 0x8, 0xfa,
    0x0, 0x0, 0x8f, 0xa0, 0x0, 0x8, 0xfa, 0x0,
    0x0, 0x8f, 0xa0, 0x0, 0x6d, 0xfd, 0x71, 0x3f,
    0xff, 0xff, 0x40,

    /* U+03AB "Ϋ" */
    0x0, 0x1, 0x0, 0x1, 0x0, 0x0, 0x0, 0x1f,
    0xd0, 0x2f, 0xc0, 0x0, 0x0, 0x1e, 0xb0, 0x1e,
    0xa0, 0x0, 0x0, 0x0, 0x0, 0x0, 0x0, 0x0,
    0x0, 0x0, 0x0, 0x0, 0x0, 0x0, 0xbf, 0x90,
    0x0, 0x0, 0xe, 0xf6, 0x3f, 0xf2, 0x0, 0x0,
    0x7f, 0xd0, 0xa, 0xfa, 0x0, 0x0, 0xef, 0x40,
    0x1, 0xff, 0x20, 0x7, 0xfb, 0x0, 0x0, 0x8f,
    0xb0, 0x1f, 0xf3, 0x0, 0x0, 0xe, 0xf3, 0x8f,
    0xa0, 0x0, 0x0, 0x7, 0xfc, 0xff, 0x10, 0x0,
    0x0, 0x0, 0xdf, 0xf8, 0x0, 0x0, 0x0, 0x0,
    0x6f, 0xf0, 0x0, 0x0, 0x0, 0x0, 0x4f, 0xe0,
    0x0, 0x0, 0x0, 0x0, 0x4f, 0xe0, 0x0, 0x0,
    0x0, 0x0, 0x4f, 0xe0, 0x0, 0x0, 0x0, 0x0,
    0x4f, 0xe0, 0x0, 0x0, 0x0, 0x0, 0x4f, 0xe0,
    0x0, 0x0,

    /* U+03AC "ά" */
    0x0, 0x0, 0xc, 0xf9, 0x0, 0x0, 0x0, 0x0,
    0x1f, 0xe1, 0x0, 0x0, 0x0, 0x0, 0x6f, 0x50,
    0x0, 0x0, 0x0, 0x0, 0x35, 0x0, 0x0, 0x0,
    0x0, 0x8e, 0xfd, 0x61, 0xfc, 0x0, 0xc, 0xff,
    0xdd, 0xfb, 0xfc, 0x0, 0x6f, 0xf3, 0x0, 0x3f,
    0xfc, 0x0, 0xbf, 0x90, 0x0, 0x9, 0xfc, 0x0,
    0xdf, 0x50, 0x0, 0x6, 0xfc, 0x0, 0xef, 0x40,
    0x0, 0x5, 0xfc, 0x0, 0xef, 0x50, 0x0, 0x5,
    0xfc, 0x0, 0xbf, 0x80, 0x0, 0x8, 0xfc, 0x0,
    0x6f, 0xe3, 0x0, 0x2e, 0xfd, 0x0, 0xc, 0xff,
    0xcd, 0xfa, 0xff, 0xc2, 0x0, 0x9e, 0xfd, 0x60,
    0x7e, 0xe2,

    /* U+03AD "έ" */
    0x0, 0x0, 0x6, 0xfe, 0x10, 0x0, 0x0, 0xbf,
    0x50, 0x0, 0x0, 0xf, 0xb0, 0x0, 0x0, 0x1,
    0x61, 0x0, 0x0, 0x5c, 0xef, 0xdb, 0x50, 0x6f,
    0xfc, 0xbd, 0xfa, 0xb, 0xf7, 0x0, 0x1, 0x20,
    0xaf, 0x70, 0x0, 0x0, 0x2, 0xdf, 0xb9, 0x80,
    0x0, 0x8, 0xff, 0xff, 0x0, 0xc, 0xf9, 0x20,
    0x0, 0x1, 0xff, 0x10, 0x0, 0x0, 0x1f, 0xf5,
    0x0, 0x0, 0x30, 0x9f, 0xfd, 0xbd, 0xfb, 0x0,
    0x6c, 0xff, 0xec, 0x50,

    /* U+03AE "ή" */
    0x0, 0x0, 0x9f, 0xc0, 0x0, 0x0, 0x0, 0xef,
    0x30, 0x0, 0x0, 0x3, 0xf8, 0x0, 0x0, 0x0,
    0x2, 0x60, 0x0, 0x0, 0x5f, 0x64, 0xbf, 0xeb,
    0x30, 0x5f, 0xdf, 0xb9, 0xcf, 0xf3, 0x5f, 0xf7,
    0x0, 0xb, 0xf9, 0x5f, 0xf0, 0x0, 0x5, 0xfc,
    0x5f, 0xd0, 0x0, 0x4, 0xfc, 0x5f, 0xc0, 0x0,
    0x4, 0xfc, 0x5f, 0xc0, 0x0, 0x4, 0xfc, 0x5f,
    0xc0, 0x0, 0x4, 0xfc, 0x5f, 0xc0, 0x0, 0x4,
    0xfc, 0x5f, 0xc0, 0x0, 0x4, 0xfc, 0x5f, 0xc0,
    0x0, 0x4, 0xfc, 0x0, 0x0, 0x0, 0x4, 0xfc,
    0x0, 0x0, 0x0, 0x4, 0xfc, 0x0, 0x0, 0x0,
    0x4, 0xfc, 0x0, 0x0, 0x0, 0x4, 0xfc, 0x0,
    0x0, 0x0, 0x4, 0xfc,

    /* U+03AF "ί" */
    0x0, 0xef, 0x70, 0x3, 0xfd, 0x0, 0x8, 0xf3,
    0x0, 0x4, 0x50, 0x0, 0x6f, 0xb0, 0x0, 0x6f,
    0xb0, 0x0, 0x6f, 0xb0, 0x0, 0x6f, 0xb0, 0x0,
    0x6f, 0xb0, 0x0, 0x6f, 0xb0, 0x0, 0x6f, 0xb0,
    0x0, 0x5f, 0xb0, 0x0, 0x4f, 0xe0, 0x0, 0xe,
    0xfe, 0xc7, 0x2, 0xbf, 0xf7,

    /* U+03B0 "ΰ" */
    0x0, 0x0, 0x1f, 0xf5, 0x0, 0x2, 0xe8, 0x5f,
    0xc4, 0xe6, 0x3, 0xfa, 0x9f, 0x35, 0xf8, 0x0,
    0x10, 0x45, 0x0, 0x10, 0x7f, 0xb0, 0x0, 0xd,
    0xf5, 0x7f, 0xb0, 0x0, 0xa, 0xf8, 0x7f, 0xb0,
    0x0, 0x7, 0xfb, 0x7f, 0xb0, 0x0, 0x6, 0xfc,
    0x7f, 0xb0, 0x0, 0x4, 0xfd, 0x7f, 0xb0, 0x0,
    0x4, 0xfd, 0x6f, 0xb0, 0x0, 0x6, 0xfb, 0x5f,
    0xd0, 0x0, 0xa, 0xf8, 0x2f, 0xf3, 0x0, 0x4f,
    0xf2, 0xb, 0xff, 0xcc, 0xff, 0x80, 0x0, 0x8d,
    0xff, 0xc5, 0x0,

    /* U+03B1 "α" */
    0x0, 0x8e, 0xfd, 0x61, 0xfc, 0x0, 0xc, 0xff,
    0xdd, 0xfb, 0xfc, 0x0, 0x6f, 0xf3, 0x0, 0x3f,
    0xfc, 0x0, 0xbf, 0x90, 0x0, 0x9, 0xfc, 0x0,
    0xdf, 0x50, 0x0, 0x6, 0xfc, 0x0, 0xef, 0x40,
    0x0, 0x5, 0xfc, 0x0, 0xef, 0x50, 0x0, 0x5,
    0xfc, 0x0, 0xbf, 0x80, 0x0, 0x8, 0xfc, 0x0,
    0x6f, 0xe3, 0x0, 0x2e, 0xfd, 0x0, 0xc, 0xff,
    0xcd, 0xfa, 0xff, 0xc2, 0x0, 0x9e, 0xfd, 0x60,
    0x7e, 0xe2,

    /* U+03B2 "β" */
    0x0, 0x3b, 0xef, 0xd8, 0x10, 0x0, 0x5f, 0xfd,
    0xcf, 0xfd, 0x0, 0xe, 0xf6, 0x0, 0x2e, 0xf6,
    0x3, 0xfe, 0x0, 0x0, 0x9f, 0x90, 0x5f, 0xc0,
    0x0, 0xa, 0xf7, 0x5, 0xfc, 0x0, 0x1, 0xef,
    0x20, 0x5f, 0xc0, 0xaa, 0xec, 0x30, 0x5, 0xfc,
    0xf, 0xff, 0xb5, 0x0, 0x5f, 0xc0, 0x0, 0x3c,
    0xf7, 0x5, 0xfc, 0x0, 0x0, 0x1f, 0xf1, 0x5f,
    0xc0, 0x0, 0x0, 0xef, 0x45, 0xfc, 0x0, 0x0,
    0xf, 0xf3, 0x5f, 0xd2, 0x0, 0x9, 0xfe, 0x5,
    0xff, 0xfd, 0xce, 0xff, 0x50, 0x5f, 0xd9, 0xef,
    0xeb, 0x30, 0x5, 0xfc, 0x0, 0x0, 0x0, 0x0,
    0x5f, 0xc0, 0x0, 0x0, 0x0, 0x5, 0xfc, 0x0,
    0x0, 0x0, 0x0, 0x5f, 0xc0, 0x0, 0x0, 0x0,
    0x5, 0xfc, 0x0, 0x0, 0x0, 0x0,

    /* U+03B3 "γ" */
    0xdf, 0x50, 0x0, 0x2, 0xff, 0x7f, 0xa0, 0x0,
    0x3, 0xfe, 0x1f, 0xf0, 0x0, 0x4, 0xfd, 0xc,
    0xf5, 0x0, 0x6, 0xfb, 0x6, 0xfa, 0x0, 0x9,
    0xf7, 0x1, 0xff, 0x0, 0xe, 0xf3, 0x0, 0xbf,
    0x50, 0x4f, 0xc0, 0x0, 0x5f, 0xa0, 0xcf, 0x50,
    0x0, 0xf, 0xf8, 0xfb, 0x0, 0x0, 0x9, 0xff,
    0xe1, 0x0, 0x0, 0x4, 0xff, 0x30, 0x0, 0x0,
    0x2, 0xff, 0x0, 0x0, 0x0, 0x2, 0xff, 0x0,
    0x0, 0x0, 0x2, 0xff, 0x0, 0x0, 0x0, 0x2,
    0xff, 0x0, 0x0,

    /* U+03B4 "δ" */
    0x0, 0x1, 0x9e, 0xfe, 0xa4, 0x0, 0x1, 0xef,
    0xdb, 0xdf, 0xf3, 0x0, 0x6f, 0xc0, 0x0, 0x39,
    0x0, 0x6, 0xfb, 0x0, 0x0, 0x0, 0x0, 0x1e,
    0xfa, 0x10, 0x0, 0x0, 0x0, 0x1e, 0xff, 0x70,
    0x0, 0x0, 0x2c, 0xfd, 0xdf, 0xd2, 0x0, 0x2f,
    0xf6, 0x0, 0x9f, 0xd1, 0xb, 0xf7, 0x0, 0x0,
    0xbf, 0x80, 0xff, 0x10, 0x0, 0x5, 0xfc, 0x1f,
    0xf0, 0x0, 0x0, 0x4f, 0xd0, 0xff, 0x40, 0x0,
    0x8, 0xfb, 0xa, 0xfd, 0x10, 0x3, 0xff, 0x50,
    0x1d, 0xff, 0xcd, 0xff, 0xa0, 0x0, 0x8, 0xdf,
    0xfc, 0x60, 0x0,

    /* U+03B5 "ε" */
    0x0, 0x5c, 0xef, 0xdb, 0x50, 0x6f, 0xfc, 0xbd,
    0xfa, 0xb, 0xf7, 0x0, 0x1, 0x20, 0xaf, 0x70,
    0x0, 0x0, 0x2, 0xdf, 0xb9, 0x80, 0x0, 0x8,
    0xff, 0xff, 0x0, 0xc, 0xf9, 0x20, 0x0, 0x1,
    0xff, 0x10, 0x0, 0x0, 0x1f, 0xf5, 0x0, 0x0,
    0x30, 0x9f, 0xfd, 0xbd, 0xfb, 0x0, 0x6c, 0xff,
    0xec, 0x50,

    /* U+03B6 "ζ" */
    0x6f, 0xff, 0xff, 0xff, 0x43, 0x99, 0x99, 0xaf,
    0xf2, 0x0, 0x0, 0xd, 0xf5, 0x0, 0x0, 0xa,
    0xf9, 0x0, 0x0, 0x7, 0xfc, 0x0, 0x0, 0x3,
    0xfe, 0x20, 0x0, 0x1, 0xef, 0x50, 0x0, 0x0,
    0xaf, 0x90, 0x0, 0x0, 0x3f, 0xe1, 0x0, 0x0,
    0xa, 0xf8, 0x0, 0x0, 0x0, 0xdf, 0x40, 0x0,
    0x0, 0xe, 0xf5, 0x0, 0x0, 0x0, 0xbf, 0xc1,
    0x0, 0x0, 0x3, 0xff, 0xfa, 0x61, 0x0, 0x2,
    0xbf, 0xff, 0xf8, 0x0, 0x0, 0x14, 0xaf, 0xf2,
    0x0, 0x0, 0x0, 0xef, 0x30, 0x0, 0x0, 0xf,
    0xf0, 0x0, 0x0, 0x7, 0xf9, 0x0, 0x0, 0x0,
    0x11, 0x0,

    /* U+03B7 "η" */
    0x5f, 0x64, 0xbf, 0xeb, 0x30, 0x5f, 0xdf, 0xb9,
    0xcf, 0xf3, 0x5f, 0xf7, 0x0, 0xb, 0xf9, 0x5f,
    0xf0, 0x0, 0x5, 0xfc, 0x5f, 0xd0, 0x0, 0x4,
    0xfc, 0x5f, 0xc0, 0x0, 0x4, 0xfc, 0x5f, 0xc0,
    0x0, 0x4, 0xfc, 0x5f, 0xc0, 0x0, 0x4, 0xfc,
    0x5f, 0xc0, 0x0, 0x4, 0xfc, 0x5f, 0xc0, 0x0,
    0x4, 0xfc, 0x5f, 0xc0, 0x0, 0x4, 0xfc, 0x0,
    0x0, 0x0, 0x4, 0xfc, 0x0, 0x0, 0x0, 0x4,
    0xfc, 0x0, 0x0, 0x0, 0x4, 0xfc, 0x0, 0x0,
    0x0, 0x4, 0xfc, 0x0, 0x0, 0x0, 0x4, 0xfc,

    /* U+03B8 "θ" */
    0x0, 0x4c, 0xef, 0xc4, 0x0, 0x6, 0xff, 0xcc,
    0xff, 0x50, 0x1f, 0xf3, 0x0, 0x4f, 0xe0, 0x6f,
    0xa0, 0x0, 0xa, 0xf6, 0xaf, 0x60, 0x0, 0x6,
    0xfa, 0xdf, 0x40, 0x0, 0x4, 0xfd, 0xef, 0xb9,
    0x99, 0x9b, 0xfe, 0xef, 0xff, 0xff, 0xff, 0xff,
    0xef, 0x30, 0x0, 0x3, 0xfe, 0xcf, 0x40, 0x0,
    0x4, 0xfd, 0xaf, 0x60, 0x0, 0x6, 0xfa, 0x6f,
    0xa0, 0x0, 0xa, 0xf6, 0xf, 0xf3, 0x0, 0x4f,
    0xf1, 0x5, 0xff, 0xcc, 0xff, 0x60, 0x0, 0x4c,
    0xfe, 0xc4, 0x0,

    /* U+03B9 "ι" */
    0x6f, 0xb0, 0x0, 0x6f, 0xb0, 0x0, 0x6f, 0xb0,
    0x0, 0x6f, 0xb0, 0x0, 0x6f, 0xb0, 0x0, 0x6f,
    0xb0, 0x0, 0x6f, 0xb0, 0x0, 0x5f, 0xb0, 0x0,
    0x4f, 0xe0, 0x0, 0xe, 0xfe, 0xc7, 0x2, 0xbf,
    0xf7,

    /* U+03BA "κ" */
    0x5f, 0xd0, 0x0, 0x2f, 0xf5, 0x5, 0xfd, 0x0,
    0x1d, 0xf8, 0x0, 0x5f, 0xd0, 0xb, 0xfa, 0x0,
    0x5, 0xfd, 0x9, 0xfc, 0x0, 0x0, 0x5f, 0xc6,
    0xfe, 0x10, 0x0, 0x5, 0xfe, 0xff, 0xe1, 0x0,
    0x0, 0x5f, 0xfc, 0xaf, 0xc0, 0x0, 0x5, 0xfe,
    0x0, 0xdf, 0x80, 0x0, 0x5f, 0xd0, 0x3, 0xff,
    0x30, 0x5, 0xfd, 0x0, 0x7, 0xfe, 0x10, 0x5f,
    0xd0, 0x0, 0xc, 0xfb, 0x0,

    /* U+03BB "λ" */
    0xdf, 0xe8, 0x0, 0x0, 0x0, 0xb, 0xcf, 0xfc,
    0x0, 0x0, 0x0, 0x0, 0x1d, 0xf6, 0x0, 0x0,
    0x0, 0x0, 0x5f, 0xd0, 0x0, 0x0, 0x0, 0x0,
    0xff, 0x30, 0x0, 0x0, 0x0, 0x5f, 0xf9, 0x0,
    0x0, 0x0, 0xb, 0xfe, 0xf0, 0x0, 0x0, 0x1,
    0xfb, 0xaf, 0x60, 0x0, 0x0, 0x7f, 0x75, 0xfc,
    0x0, 0x0, 0xd, 0xf2, 0xe, 0xf2, 0x0, 0x3,
    0xfd, 0x0, 0x9f, 0x80, 0x0, 0x9f, 0x80, 0x3,
    0xfe, 0x0, 0xe, 0xf3, 0x0, 0xd, 0xf5, 0x5,
    0xfe, 0x0, 0x0, 0x7f, 0xf8, 0xbf, 0x90, 0x0,
    0x1, 0xcf, 0x90,

    /* U+03BC "μ" */
    0x5f, 0xc0, 0x0, 0x3, 0xfe, 0x0, 0x5f, 0xc0,
    0x0, 0x3, 0xfe, 0x0, 0x5f, 0xc0, 0x0, 0x3,
    0xfe, 0x0, 0x5f, 0xc0, 0x0, 0x3, 0xfe, 0x0,
    0x5f, 0xc0, 0x0, 0x3, 0xfe, 0x0, 0x5f, 0xc0,
    0x0, 0x3, 0xfe, 0x0, 0x5f, 0xc0, 0x0, 0x5,
    0xfe, 0x0, 0x5f, 0xd0, 0x0, 0x8, 0xfe, 0x0,
    0x5f, 0xf5, 0x0, 0x3e, 0xff, 0x0, 0x5f, 0xff,
    0xdd, 0xfb, 0xef, 0xd4, 0x5f, 0xca, 0xee, 0x90,
    0x5e, 0xf3, 0x5f, 0xb0, 0x0, 0x0, 0x0, 0x0,
    0x5f, 0xc0, 0x0, 0x0, 0x0, 0x0, 0x5f, 0xc0,
    0x0, 0x0, 0x0, 0x0, 0x5f, 0xc0, 0x0, 0x0,
    0x0, 0x0, 0x5f, 0xc0, 0x0, 0x0, 0x0, 0x0,

    /* U+03BD "ν" */
    0xdf, 0x50, 0x0, 0x2, 0xff, 0x7f, 0xa0, 0x0,
    0x3, 0xfe, 0x2f, 0xf0, 0x0, 0x4, 0xfd, 0xc,
    0xf5, 0x0, 0x6, 0xfb, 0x7, 0xfa, 0x0, 0x9,
    0xf8, 0x1, 0xff, 0x0, 0xd, 0xf3, 0x0, 0xbf,
    0x40, 0x3f, 0xd0, 0x0, 0x6f, 0x90, 0xbf, 0x60,
    0x0, 0x1f, 0xe5, 0xfd, 0x0, 0x0, 0xb, 0xff,
    0xf3, 0x0, 0x0, 0x5, 0xff, 0x50, 0x0,

    /* U+03BE "ξ" */
    0x5f, 0xff, 0xff, 0xff, 0x53, 0x9a, 0xff, 0xca,
    0x93, 0x6, 0xf9, 0x0, 0x0, 0x1, 0xfe, 0x0,
    0x0, 0x0, 0x4f, 0xd0, 0x0, 0x0, 0x1, 0xff,
    0x30, 0x0, 0x0, 0x5, 0xef, 0xb9, 0x99, 0x0,
    0x18, 0xff, 0xff, 0xf0, 0x1d, 0xf7, 0x20, 0x0,
    0x9, 0xf9, 0x0, 0x0, 0x0, 0xdf, 0x40, 0x0,
    0x0, 0xe, 0xf4, 0x0, 0x0, 0x0, 0xbf, 0xc1,
    0x0, 0x0, 0x3, 0xff, 0xfb, 0x62, 0x0, 0x1,
    0x9f, 0xff, 0xf9, 0x0, 0x0, 0x4, 0x9f, 0xf2,
    0x0, 0x0, 0x0, 0xdf, 0x30, 0x0, 0x0, 0xf,
    0xf0, 0x0, 0x0, 0x6, 0xfa, 0x0, 0x0, 0x0,
    0x1, 0x0,

    /* U+03BF "ο" */
    0x0, 0x5c, 0xff, 0xc7, 0x0, 0x0, 0x9f, 0xfd,
    0xdf, 0xfb, 0x0, 0x4f, 0xf4, 0x0, 0x2e, 0xf7,
    0xa, 0xf9, 0x0, 0x0, 0x6f, 0xe0, 0xdf, 0x50,
    0x0, 0x2, 0xff, 0x1e, 0xf4, 0x0, 0x0, 0xf,
    0xf2, 0xdf, 0x50, 0x0, 0x2, 0xff, 0x1a, 0xf9,
    0x0, 0x0, 0x6f, 0xe0, 0x3f, 0xf3, 0x0, 0x1d,
    0xf8, 0x0, 0x8f, 0xfc, 0xbf, 0xfc, 0x0, 0x0,
    0x5b, 0xef, 0xd7, 0x0, 0x0,

    /* U+03C0 "π" */
    0xaf, 0xff, 0xff, 0xff, 0xff, 0xff, 0xf2, 0x6a,
    0xcf, 0xea, 0xaa, 0xaf, 0xfa, 0xa1, 0x0, 0x7f,
    0xb0, 0x0, 0x2f, 0xf0, 0x0, 0x0, 0x7f, 0xb0,
    0x0, 0x2f, 0xf0, 0x0, 0x0, 0x7f, 0xb0, 0x0,
    0x2f, 0xf0, 0x0, 0x0, 0x7f, 0xb0, 0x0, 0x2f,
    0xf0, 0x0, 0x0, 0x7f, 0xb0, 0x0, 0x2f, 0xf0,
    0x0, 0x0, 0x7f, 0xb0, 0x0, 0x2f, 0xf0, 0x0,
    0x0, 0x7f, 0xb0, 0x0, 0x1f, 0xf0, 0x0, 0x0,
    0x7f, 0xb0, 0x0, 0xe, 0xfd, 0xb0, 0x0, 0x7f,
    0xb0, 0x0, 0x4, 0xdf, 0xb0,

    /* U+03C1 "ρ" */
    0x0, 0x4c, 0xff, 0xc7, 0x0, 0x0, 0x6f, 0xfd,
    0xdf, 0xfb, 0x0, 0x1f, 0xf5, 0x0, 0x3e, 0xf6,
    0x6, 0xfc, 0x0, 0x0, 0x7f, 0xc0, 0x9f, 0x90,
    0x0, 0x3, 0xff, 0xa, 0xf7, 0x0, 0x0, 0x2f,
    0xf0, 0xaf, 0x70, 0x0, 0x3, 0xff, 0xa, 0xf7,
    0x0, 0x0, 0x7f, 0xc0, 0xaf, 0xb1, 0x0, 0x2e,
    0xf6, 0xa, 0xff, 0xfc, 0xcf, 0xfb, 0x0, 0xaf,
    0x8a, 0xef, 0xd7, 0x0, 0xa, 0xf6, 0x0, 0x0,
    0x0, 0x0, 0xaf, 0x70, 0x0, 0x0, 0x0, 0xa,
    0xf7, 0x0, 0x0, 0x0, 0x0, 0xaf, 0x70, 0x0,
    0x0, 0x0, 0xa, 0xf7, 0x0, 0x0, 0x0, 0x0,

    /* U+03C2 "ς" */
    0x0, 0x5c, 0xff, 0xd9, 0x0, 0x9f, 0xfe, 0xdf,
    0xd0, 0x4f, 0xf5, 0x0, 0x2, 0xa, 0xf9, 0x0,
    0x0, 0x0, 0xdf, 0x50, 0x0, 0x0, 0xe, 0xf3,
    0x0, 0x0, 0x0, 0xef, 0x50, 0x0, 0x0, 0xb,
    0xf9, 0x0, 0x0, 0x0, 0x5f, 0xf6, 0x0, 0x0,
    0x0, 0x9f, 0xfe, 0xa5, 0x0, 0x0, 0x4b, 0xff,
    0xfc, 0x0, 0x0, 0x1, 0x6f, 0xf3, 0x0, 0x0,
    0x0, 0xef, 0x20, 0x0, 0x0, 0x2f, 0xe0, 0x0,
    0x0, 0x6, 0xd6, 0x0,

    /* U+03C3 "σ" */
    0x0, 0x4a, 0xef, 0xff, 0xff, 0xd0, 0x8f, 0xfd,
    0xac, 0xfd, 0xa8, 0x4f, 0xf4, 0x0, 0xe, 0xf1,
    0xa, 0xf8, 0x0, 0x0, 0x8f, 0x80, 0xdf, 0x40,
    0x0, 0x4, 0xfd, 0xe, 0xf3, 0x0, 0x0, 0x3f,
    0xe0, 0xdf, 0x40, 0x0, 0x4, 0xfd, 0xb, 0xf8,
    0x0, 0x0, 0x8f, 0xa0, 0x4f, 0xe3, 0x0, 0x3f,
    0xf4, 0x0, 0x9f, 0xfd, 0xdf, 0xf8, 0x0, 0x0,
    0x6c, 0xfe, 0xc5, 0x0, 0x0,

    /* U+03C4 "τ" */
    0xaf, 0xff, 0xff, 0xff, 0xf6, 0x6a, 0xae, 0xfc,
    0xaa, 0xa4, 0x0, 0xc, 0xf5, 0x0, 0x0, 0x0,
    0xc, 0xf5, 0x0, 0x0, 0x0, 0xc, 0xf5, 0x0,
    0x0, 0x0, 0xc, 0xf5, 0x0, 0x0, 0x0, 0xc,
    0xf5, 0x0, 0x0, 0x0, 0xc, 0xf5, 0x0, 0x0,
    0x0, 0xb, 0xf9, 0x0, 0x0, 0x0, 0x6, 0xff,
    0xdb, 0xb0, 0x0, 0x0, 0x7d, 0xfe, 0x90,

    /* U+03C5 "υ" */
    0x7f, 0xb0, 0x0, 0xd, 0xf5, 0x7f, 0xb0, 0x0,
    0xa, 0xf8, 0x7f, 0xb0, 0x0, 0x7, 0xfb, 0x7f,
    0xb0, 0x0, 0x6, 0xfc, 0x7f, 0xb0, 0x0, 0x4,
    0xfd, 0x7f, 0xb0, 0x0, 0x4, 0xfd, 0x6f, 0xb0,
    0x0, 0x6, 0xfb, 0x5f, 0xd0, 0x0, 0xa, 0xf8,
    0x2f, 0xf3, 0x0, 0x4f, 0xf2, 0xb, 0xff, 0xcc,
    0xff, 0x80, 0x0, 0x8d, 0xff, 0xc5, 0x0,

    /* U+03C6 "φ" */
    0x0, 0x0, 0x7, 0xf8, 0x0, 0x0, 0x0, 0x0,
    0x0, 0x7f, 0x80, 0x0, 0x0, 0x0, 0x0, 0x7,
    0xf8, 0x0, 0x0, 0x0, 0x0, 0x0, 0x7f, 0x90,
    0x0, 0x0, 0x0, 0x4b, 0xef, 0xff, 0xea, 0x20,
    0x0, 0x7f, 0xfd, 0xcf, 0xdd, 0xff, 0x50, 0x3f,
    0xf6, 0x7, 0xf8, 0x6, 0xff, 0x3a, 0xfa, 0x0,
    0x7f, 0x80, 0xa, 0xfa, 0xdf, 0x50, 0x7, 0xf8,
    0x0, 0x5f, 0xee, 0xf4, 0x0, 0x7f, 0x80, 0x3,
    0xff, 0xdf, 0x50, 0x7, 0xf8, 0x0, 0x5f, 0xe9,
    0xf9, 0x0, 0x7f, 0x80, 0x9, 0xfb, 0x3f, 0xf4,
    0x7, 0xf8, 0x4, 0xff, 0x40, 0x6f, 0xfb, 0xbf,
    0xcb, 0xff, 0x80, 0x0, 0x3b, 0xff, 0xff, 0xfc,
    0x50, 0x0, 0x0, 0x0, 0x9f, 0xa1, 0x0, 0x0,
    0x0, 0x0, 0x7, 0xf8, 0x0, 0x0, 0x0, 0x0,
    0x0, 0x7f, 0x80, 0x0, 0x0, 0x0, 0x0, 0x7,
    0xf8, 0x0, 0x0, 0x0, 0x0, 0x0, 0x7f, 0x80,
    0x0, 0x0,

    /* U+03C7 "χ" */
    0x7f, 0xd3, 0x0, 0x0, 0x8, 0xfa, 0x7d, 0xfe,
    0x0, 0x0, 0x1f, 0xf2, 0x0, 0xcf, 0x70, 0x0,
    0x8f, 0x80, 0x0, 0x3f, 0xe0, 0x1, 0xfe, 0x0,
    0x0, 0xc, 0xf6, 0x9, 0xf6, 0x0, 0x0, 0x4,
    0xfe, 0x2f, 0xd0, 0x0, 0x0, 0x0, 0xcf, 0xef,
    0x40, 0x0, 0x0, 0x0, 0x5f, 0xfb, 0x0, 0x0,
    0x0, 0x0, 0x2f, 0xf6, 0x0, 0x0, 0x0, 0x0,
    0xbf, 0xfd, 0x0, 0x0, 0x0, 0x4, 0xfc, 0xef,
    0x40, 0x0, 0x0, 0xe, 0xf2, 0x7f, 0xc0, 0x0,
    0x0, 0x8f, 0x90, 0xe, 0xf4, 0x0, 0x2, 0xfe,
    0x10, 0x7, 0xfc, 0x0, 0xc, 0xf6, 0x0, 0x0,
    0xef, 0xec, 0x6f, 0xc0, 0x0, 0x0, 0x3d, 0xfd,

    /* U+03C8 "ψ" */
    0x0, 0x0, 0x5, 0xfb, 0x0, 0x0, 0x0, 0x0,
    0x0, 0x5, 0xfb, 0x0, 0x0, 0x0, 0x0, 0x0,
    0x5, 0xfb, 0x0, 0x0, 0x0, 0x0, 0x0, 0x5,
    0xfb, 0x0, 0x0, 0x0, 0x7f, 0x90, 0x5, 0xfb,
    0x0, 0x8f, 0x80, 0x7f, 0x90, 0x5, 0xfb, 0x0,
    0x5f, 0xb0, 0x7f, 0x90, 0x5, 0xfb, 0x0, 0x2f,
    0xe0, 0x7f, 0x90, 0x5, 0xfb, 0x0, 0x1f, 0xf0,
    0x7f, 0x90, 0x5, 0xfb, 0x0, 0xf, 0xf1, 0x7f,
    0x90, 0x5, 0xfb, 0x0, 0xf, 0xf1, 0x6f, 0xa0,
    0x5, 0xfb, 0x0, 0x1f, 0xf0, 0x4f, 0xd0, 0x5,
    0xfb, 0x0, 0x6f, 0xc0, 0xe, 0xf8, 0x5, 0xfb,
    0x5, 0xff, 0x60, 0x4, 0xff, 0xed, 0xff, 0xef,
    0xfa, 0x0, 0x0, 0x3a, 0xef, 0xff, 0xeb, 0x50,
    0x0, 0x0, 0x0, 0x5, 0xfb, 0x0, 0x0, 0x0,
    0x0, 0x0, 0x5, 0xfb, 0x0, 0x0, 0x0, 0x0,
    0x0, 0x5, 0xfb, 0x0, 0x0, 0x0, 0x0, 0x0,
    0x5, 0xfb, 0x0, 0x0, 0x0, 0x0, 0x0, 0x5,
    0xfb, 0x0, 0x0, 0x0,

    /* U+03C9 "ω" */
    0x4, 0xfc, 0x0, 0x0, 0x0, 0x5f, 0xb0, 0x0,
    0xdf, 0x20, 0x0, 0x0, 0x0, 0xcf, 0x40, 0x4f,
    0xc0, 0x0, 0x0, 0x0, 0x5, 0xfb, 0x8, 0xf8,
    0x0, 0x4, 0x61, 0x0, 0x1f, 0xf0, 0xbf, 0x50,
    0x0, 0xcf, 0x30, 0x0, 0xff, 0x1b, 0xf5, 0x0,
    0xc, 0xf3, 0x0, 0xe, 0xf2, 0xbf, 0x60, 0x0,
    0xcf, 0x30, 0x0, 0xff, 0x18, 0xf9, 0x0, 0xe,
    0xf4, 0x0, 0x2f, 0xe0, 0x3f, 0xe1, 0x3, 0xff,
    0xa0, 0xa, 0xf9, 0x0, 0xaf, 0xfc, 0xfd, 0x7f,
    0xdd, 0xfe, 0x20, 0x0, 0x8e, 0xfb, 0x20, 0x8e,
    0xfb, 0x20, 0x0,

    /* U+03CA "ϊ" */
    0x1e, 0xa0, 0x2e, 0x90, 0x1f, 0xc0, 0x3f, 0xb0,
    0x1, 0x0, 0x1, 0x0, 0x0, 0x6f, 0xb0, 0x0,
    0x0, 0x6f, 0xb0, 0x0, 0x0, 0x6f, 0xb0, 0x0,
    0x0, 0x6f, 0xb0, 0x0, 0x0, 0x6f, 0xb0, 0x0,
    0x0, 0x6f, 0xb0, 0x0, 0x0, 0x6f, 0xb0, 0x0,
    0x0, 0x5f, 0xb0, 0x0, 0x0, 0x4f, 0xe0, 0x0,
    0x0, 0xe, 0xfe, 0xc7, 0x0, 0x2, 0xbf, 0xf7,

    /* U+03CB "ϋ" */
    0x1, 0xea, 0x2, 0xe9, 0x0, 0x1, 0xfc, 0x3,
    0xfb, 0x0, 0x0, 0x10, 0x0, 0x10, 0x0, 0x7f,
    0xb0, 0x0, 0xd, 0xf5, 0x7f, 0xb0, 0x0, 0xa,
    0xf8, 0x7f, 0xb0, 0x0, 0x7, 0xfb, 0x7f, 0xb0,
    0x0, 0x6, 0xfc, 0x7f, 0xb0, 0x0, 0x4, 0xfd,
    0x7f, 0xb0, 0x0, 0x4, 0xfd, 0x6f, 0xb0, 0x0,
    0x6, 0xfb, 0x5f, 0xd0, 0x0, 0xa, 0xf8, 0x2f,
    0xf3, 0x0, 0x4f, 0xf2, 0xb, 0xff, 0xcc, 0xff,
    0x80, 0x0, 0x8d, 0xff, 0xc5, 0x0,

    /* U+03CC "ό" */
    0x0, 0x0, 0x9, 0xfc, 0x0, 0x0, 0x0, 0x0,
    0xef, 0x30, 0x0, 0x0, 0x0, 0x3f, 0x80, 0x0,
    0x0, 0x0, 0x2, 0x60, 0x0, 0x0, 0x0, 0x5c,
    0xff, 0xc7, 0x0, 0x0, 0x9f, 0xfd, 0xdf, 0xfb,
    0x0, 0x4f, 0xf4, 0x0, 0x2e, 0xf7, 0xa, 0xf9,
    0x0, 0x0, 0x6f, 0xe0, 0xdf, 0x50, 0x0, 0x2,
    0xff, 0x1e, 0xf4, 0x0, 0x0, 0xf, 0xf2, 0xdf,
    0x50, 0x0, 0x2, 0xff, 0x1a, 0xf9, 0x0, 0x0,
    0x6f, 0xe0, 0x3f, 0xf3, 0x0, 0x1d, 0xf8, 0x0,
    0x8f, 0xfc, 0xbf, 0xfc, 0x0, 0x0, 0x5b, 0xef,
    0xd7, 0x0, 0x0,

    /* U+03CD "ύ" */
    0x0, 0x0, 0xe, 0xf7, 0x0, 0x0, 0x0, 0x3f,
    0xd0, 0x0, 0x0, 0x0, 0x8f, 0x30, 0x0, 0x0,
    0x0, 0x45, 0x0, 0x0, 0x7f, 0xb0, 0x0, 0xd,
    0xf5, 0x7f, 0xb0, 0x0, 0xa, 0xf8, 0x7f, 0xb0,
    0x0, 0x7, 0xfb, 0x7f, 0xb0, 0x0, 0x6, 0xfc,
    0x7f, 0xb0, 0x0, 0x4, 0xfd, 0x7f, 0xb0, 0x0,
    0x4, 0xfd, 0x6f, 0xb0, 0x0, 0x6, 0xfb, 0x5f,
    0xd0, 0x0, 0xa, 0xf8, 0x2f, 0xf3, 0x0, 0x4f,
    0xf2, 0xb, 0xff, 0xcc, 0xff, 0x80, 0x0, 0x8d,
    0xff, 0xc5, 0x0,

    /* U+03CE "ώ" */
    0x0, 0x0, 0x0, 0x7, 0xfe, 0x0, 0x0, 0x0,
    0x0, 0x0, 0x0, 0xcf, 0x40, 0x0, 0x0, 0x0,
    0x0, 0x0, 0x1f, 0xa0, 0x0, 0x0, 0x0, 0x0,
    0x0, 0x1, 0x61, 0x0, 0x0, 0x0, 0x4, 0xfc,
    0x0, 0x0, 0x0, 0x5f, 0xb0, 0x0, 0xdf, 0x20,
    0x0, 0x0, 0x0, 0xcf, 0x40, 0x4f, 0xc0, 0x0,
    0x0, 0x0, 0x5, 0xfb, 0x8, 0xf8, 0x0, 0x4,
    0x61, 0x0, 0x1f, 0xf0, 0xbf, 0x50, 0x0, 0xcf,
    0x30, 0x0, 0xff, 0x1b, 0xf5, 0x0, 0xc, 0xf3,
    0x0, 0xe, 0xf2, 0xbf, 0x60, 0x0, 0xcf, 0x30,
    0x0, 0xff, 0x18, 0xf9, 0x0, 0xe, 0xf4, 0x0,
    0x2f, 0xe0, 0x3f, 0xe1, 0x3, 0xff, 0xa0, 0xa,
    0xf9, 0x0, 0xaf, 0xfc, 0xfd, 0x7f, 0xdd, 0xfe,
    0x20, 0x0, 0x8e, 0xfb, 0x20, 0x8e, 0xfb, 0x20,
    0x0,

    /* U+03CF "Ϗ" */
    0x2f, 0xf0, 0x0, 0x0, 0x7f, 0xe1, 0x2f, 0xf0,
    0x0, 0x5, 0xff, 0x20, 0x2f, 0xf0, 0x0, 0x3f,
    0xf4, 0x0, 0x2f, 0xf0, 0x2, 0xef, 0x50, 0x0,
    0x2f, 0xf0, 0x1d, 0xf7, 0x0, 0x0, 0x2f, 0xf1,
    0xcf, 0x90, 0x0, 0x0, 0x2f, 0xfc, 0xff, 0x40,
    0x0, 0x0, 0x2f, 0xff, 0xcf, 0xe1, 0x0, 0x0,
    0x2f, 0xf5, 0xd, 0xfa, 0x0, 0x0, 0x2f, 0xf0,
    0x2, 0xff, 0x60, 0x0, 0x2f, 0xf0, 0x0, 0x6f,
    0xf2, 0x0, 0x2f, 0xf0, 0x0, 0xb, 0xfc, 0x0,
    0x2f, 0xf0, 0x0, 0x1, 0xef, 0x80, 0x2f, 0xf0,
    0x0, 0x0, 0x4f, 0xf4, 0x0, 0x0, 0x0, 0x0,
    0xf, 0xf7, 0x0, 0x0, 0x0, 0x0, 0x7f, 0xf2,
    0x9, 0x30, 0x0, 0x17, 0xff, 0xa0, 0xf, 0xff,
    0xee, 0xff, 0xfb, 0x0, 0x4, 0x9d, 0xef, 0xeb,
    0x50, 0x0,

    /* U+03D0 "ϐ" */
    0x0, 0x2, 0x9d, 0xfe, 0x90, 0x0, 0x4, 0xff,
    0xa8, 0xbf, 0xa0, 0x1, 0xff, 0x71, 0x3, 0xfd,
    0x0, 0x8f, 0xdf, 0xff, 0xff, 0x50, 0xe, 0xf1,
    0x37, 0x86, 0x20, 0x2, 0xfe, 0x3, 0x79, 0x72,
    0x0, 0x3f, 0xe9, 0xff, 0xff, 0xf6, 0x5, 0xff,
    0xd4, 0x1, 0x7f, 0xf4, 0x4f, 0xe0, 0x0, 0x0,
    0x9f, 0xa3, 0xfd, 0x0, 0x0, 0x5, 0xfd, 0x1f,
    0xf0, 0x0, 0x0, 0x5f, 0xc0, 0xef, 0x30, 0x0,
    0x9, 0xfa, 0x8, 0xfc, 0x0, 0x4, 0xff, 0x30,
    0x1d, 0xff, 0xcd, 0xff, 0x80, 0x0, 0x18, 0xdf,
    0xeb, 0x40, 0x0,

    /* U+03D1 "ϑ" */
    0x0, 0x3, 0xcf, 0xfd, 0x60, 0x0, 0x0, 0x1,
    0xff, 0xcc, 0xff, 0xa0, 0x0, 0x0, 0x6f, 0xb0,
    0x3, 0xef, 0x60, 0x0, 0x6, 0xfa, 0x0, 0x6,
    0xfd, 0x0, 0x0, 0x1f, 0xf6, 0x0, 0xf, 0xf1,
    0x0, 0x0, 0x5f, 0xff, 0xcb, 0xff, 0xc7, 0x17,
    0x94, 0x17, 0xbe, 0xff, 0xff, 0xba, 0xff, 0xf1,
    0x0, 0x0, 0xbf, 0x70, 0x11, 0xdf, 0x20, 0x0,
    0xb, 0xf7, 0x0, 0xd, 0xf1, 0x0, 0x0, 0xcf,
    0x50, 0x0, 0xff, 0x0, 0x0, 0xf, 0xf2, 0x0,
    0xf, 0xf0, 0x0, 0x5, 0xfe, 0x0, 0x0, 0xdf,
    0x50, 0x2, 0xef, 0x60, 0x0, 0x7, 0xff, 0xcc,
    0xff, 0x90, 0x0, 0x0, 0x7, 0xdf, 0xec, 0x50,
    0x0, 0x0,

    /* U+03D2 "ϒ" */
    0xbf, 0x90, 0x0, 0x0, 0x8, 0xfe, 0x3f, 0xf2,
    0x0, 0x0, 0x6f, 0xfa, 0xa, 0xfa, 0x0, 0x0,
    0xef, 0x40, 0x1, 0xff, 0x30, 0x7, 0xfb, 0x0,
    0x0, 0x8f, 0xb0, 0x1f, 0xf2, 0x0, 0x0, 0x1e,
    0xf4, 0x9f, 0x90, 0x0, 0x0, 0x7, 0xfd, 0xff,
    0x10, 0x0, 0x0, 0x0, 0xdf, 0xf8, 0x0, 0x0,
    0x0, 0x0, 0x6f, 0xf0, 0x0, 0x0, 0x0, 0x0,
    0x4f, 0xe0, 0x0, 0x0, 0x0, 0x0, 0x4f, 0xe0,
    0x0, 0x0, 0x0, 0x0, 0x4f, 0xe0, 0x0, 0x0,
    0x0, 0x0, 0x4f, 0xe0, 0x0, 0x0, 0x0, 0x0,
    0x4f, 0xe0, 0x0, 0x0,

    /* U+03D3 "ϓ" */
    0xf, 0xf6, 0x2f, 0xf3, 0x0, 0x0, 0x2, 0xcf,
    0x74, 0xfc, 0x0, 0x9f, 0xb0, 0x0, 0x0, 0xdf,
    0xc5, 0x9f, 0x20, 0x1, 0xff, 0x30, 0x0, 0x6f,
    0xd0, 0x5, 0x40, 0x0, 0x8, 0xfc, 0x0, 0xe,
    0xf4, 0x0, 0x0, 0x0, 0x0, 0xe, 0xf4, 0x7,
    0xfb, 0x0, 0x0, 0x0, 0x0, 0x0, 0x7f, 0xc1,
    0xef, 0x30, 0x0, 0x0, 0x0, 0x0, 0x0, 0xdf,
    0xcf, 0xa0, 0x0, 0x0, 0x0, 0x0, 0x0, 0x5,
    0xff, 0xf1, 0x0, 0x0, 0x0, 0x0, 0x0, 0x0,
    0xd, 0xf9, 0x0, 0x0, 0x0, 0x0, 0x0, 0x0,
    0x0, 0xbf, 0x70, 0x0, 0x0, 0x0, 0x0, 0x0,
    0x0, 0xb, 0xf7, 0x0, 0x0, 0x0, 0x0, 0x0,
    0x0, 0x0, 0xbf, 0x70, 0x0, 0x0, 0x0, 0x0,
    0x0, 0x0, 0xb, 0xf7, 0x0, 0x0, 0x0, 0x0,
    0x0, 0x0, 0x0, 0xbf, 0x70, 0x0, 0x0,

    /* U+03D4 "ϔ" */
    0x0, 0x1, 0x10, 0x1, 0x0, 0x0, 0x0, 0xf,
    0xe0, 0x1f, 0xd0, 0x0, 0x0, 0xd, 0xc0, 0x1e,
    0xb0, 0x0, 0x0, 0x0, 0x0, 0x0, 0x0, 0x0,
    0x0, 0x0, 0x0, 0x0, 0x0, 0x0, 0xbf, 0x90,
    0x0, 0x0, 0x8, 0xfe, 0x3f, 0xf2, 0x0, 0x0,
    0x6f, 0xfa, 0xa, 0xfa, 0x0, 0x0, 0xef, 0x40,
    0x1, 0xff, 0x30, 0x7, 0xfb, 0x0, 0x0, 0x8f,
    0xb0, 0x1f, 0xf2, 0x0, 0x0, 0x1e, 0xf4, 0x9f,
    0x90, 0x0, 0x0, 0x7, 0xfd, 0xff, 0x10, 0x0,
    0x0, 0x0, 0xdf, 0xf8, 0x0, 0x0, 0x0, 0x0,
    0x6f, 0xf0, 0x0, 0x0, 0x0, 0x0, 0x4f, 0xe0,
    0x0, 0x0, 0x0, 0x0, 0x4f, 0xe0, 0x0, 0x0,
    0x0, 0x0, 0x4f, 0xe0, 0x0, 0x0, 0x0, 0x0,
    0x4f, 0xe0, 0x0, 0x0, 0x0, 0x0, 0x4f, 0xe0,
    0x0, 0x0,

    /* U+03D5 "ϕ" */
    0x0, 0x0, 0x7, 0xf8, 0x0, 0x0, 0x0, 0x0,
    0x0, 0x7f, 0x80, 0x0, 0x0, 0x0, 0x0, 0x7,
    0xf8, 0x0, 0x0, 0x0, 0x0, 0x0, 0x7f, 0x90,
    0x0, 0x0, 0x0, 0x4b, 0xef, 0xff, 0xea, 0x20,
    0x0, 0x7f, 0xfd, 0xcf, 0xdd, 0xff, 0x50, 0x3f,
    0xf6, 0x7, 0xf8, 0x6, 0xff, 0x3a, 0xfa, 0x0,
    0x7f, 0x80, 0xa, 0xfa, 0xdf, 0x50, 0x7, 0xf8,
    0x0, 0x5f, 0xee, 0xf4, 0x0, 0x7f, 0x80, 0x3,
    0xff, 0xdf, 0x50, 0x7, 0xf8, 0x0, 0x5f, 0xe9,
    0xf9, 0x0, 0x7f, 0x80, 0x9, 0xfb, 0x3f, 0xf4,
    0x7, 0xf8, 0x4, 0xff, 0x40, 0x6f, 0xfb, 0xbf,
    0xcb, 0xff, 0x80, 0x0, 0x3b, 0xff, 0xff, 0xfc,
    0x50, 0x0, 0x0, 0x0, 0x9f, 0xa1, 0x0, 0x0,
    0x0, 0x0, 0x7, 0xf8, 0x0, 0x0, 0x0, 0x0,
    0x0, 0x7f, 0x80, 0x0, 0x0, 0x0, 0x0, 0x7,
    0xf8, 0x0, 0x0, 0x0, 0x0, 0x0, 0x7f, 0x80,
    0x0, 0x0,

    /* U+03D6 "ϖ" */
    0x8f, 0xff, 0xff, 0xff, 0xff, 0xff, 0xff, 0xff,
    0xf9, 0x5b, 0xcf, 0xfb, 0xbb, 0xbb, 0xbb, 0xbe,
    0xfc, 0xb6, 0x0, 0x6f, 0x90, 0x0, 0x0, 0x0,
    0x8, 0xf7, 0x0, 0x0, 0xbf, 0x50, 0x0, 0x22,
    0x0, 0x4, 0xfc, 0x0, 0x0, 0xdf, 0x30, 0x0,
    0xff, 0x0, 0x2, 0xfe, 0x0, 0x0, 0xef, 0x20,
    0x0, 0xff, 0x0, 0x1, 0xff, 0x0, 0x0, 0xdf,
    0x30, 0x0, 0xff, 0x0, 0x2, 0xfe, 0x0, 0x0,
    0xbf, 0x60, 0x0, 0xff, 0x20, 0x5, 0xfc, 0x0,
    0x0, 0x6f, 0xd0, 0x6, 0xff, 0x70, 0xc, 0xf7,
    0x0, 0x0, 0xd, 0xfe, 0xcf, 0xa9, 0xfc, 0xef,
    0xd0, 0x0, 0x0, 0x1, 0xae, 0xfa, 0x10, 0xaf,
    0xea, 0x10, 0x0,

    /* U+03D7 "ϗ" */
    0x5f, 0xd0, 0x0, 0x2f, 0xf5, 0x5, 0xfd, 0x0,
    0x1d, 0xf8, 0x0, 0x5f, 0xd0, 0xb, 0xfa, 0x0,
    0x5, 0xfd, 0x9, 0xfc, 0x0, 0x0, 0x5f, 0xc6,
    0xfe, 0x10, 0x0, 0x5, 0xfe, 0xff, 0xe1, 0x0,
    0x0, 0x5f, 0xfc, 0xaf, 0xc0, 0x0, 0x5, 0xfe,
    0x0, 0xdf, 0x80, 0x0, 0x5f, 0xd0, 0x3, 0xff,
    0x30, 0x5, 0xfd, 0x0, 0x7, 0xfe, 0x10, 0x5f,
    0xd0, 0x0, 0xc, 0xfb, 0x0, 0x0, 0x0, 0x0,
    0x7f, 0xe0, 0x0, 0x0, 0x0, 0x1e, 0xf8, 0x3,
    0xfb, 0x98, 0xaf, 0xfb, 0x0, 0x18, 0xce, 0xff,
    0xc6, 0x0, 0x0,

    /* U+03D8 "Ϙ" */
    0x0, 0x6, 0xbe, 0xfe, 0xd8, 0x20, 0x0, 0x2,
    0xdf, 0xff, 0xde, 0xff, 0xf6, 0x0, 0xd, 0xfd,
    0x40, 0x0, 0x19, 0xff, 0x40, 0x6f, 0xf1, 0x0,
    0x0, 0x0, 0xaf, 0xc0, 0xaf, 0x90, 0x0, 0x0,
    0x0, 0x3f, 0xf1, 0xcf, 0x70, 0x0, 0x0, 0x0,
    0x1f, 0xf3, 0xbf, 0x80, 0x0, 0x0, 0x0, 0x2f,
    0xf2, 0x8f, 0xd0, 0x0, 0x0, 0x0, 0x6f, 0xe0,
    0x2f, 0xf8, 0x0, 0x0, 0x2, 0xef, 0x80, 0x7,
    0xff, 0xd8, 0x67, 0xaf, 0xfc, 0x0, 0x0, 0x5d,
    0xff, 0xff, 0xff, 0x90, 0x0, 0x0, 0x0, 0x29,
    0xfd, 0x40, 0x0, 0x0, 0x0, 0x0, 0x6, 0xfc,
    0x0, 0x0, 0x0, 0x0, 0x0, 0x6, 0xfc, 0x0,
    0x0, 0x0,

    /* U+03D9 "ϙ" */
    0x0, 0x5c, 0xff, 0xc6, 0x0, 0x0, 0x8f, 0xfc,
    0xcf, 0xfb, 0x0, 0x4f, 0xf3, 0x0, 0x1d, 0xf7,
    0xa, 0xf9, 0x0, 0x0, 0x6f, 0xd0, 0xdf, 0x50,
    0x0, 0x2, 0xff, 0x1e, 0xf4, 0x0, 0x0, 0xf,
    0xf2, 0xef, 0x50, 0x0, 0x1, 0xff, 0x2b, 0xf7,
    0x0, 0x0, 0x4f, 0xf0, 0x6f, 0xd0, 0x0, 0xb,
    0xfa, 0x0, 0xcf, 0xc6, 0x5a, 0xff, 0x20, 0x1,
    0xaf, 0xff, 0xfd, 0x30, 0x0, 0x0, 0x1f, 0xf5,
    0x0, 0x0, 0x0, 0x0, 0xff, 0x30, 0x0, 0x0,
    0x0, 0xf, 0xf3, 0x0, 0x0, 0x0, 0x0, 0xff,
    0x30, 0x0, 0x0, 0x0, 0xf, 0xf3, 0x0, 0x0,

    /* U+03DA "Ϛ" */
    0x0, 0x6, 0xbe, 0xfe, 0xda, 0x50, 0x2, 0xdf,
    0xff, 0xee, 0xff, 0xc0, 0xd, 0xfd, 0x40, 0x0,
    0x5, 0x30, 0x6f, 0xf1, 0x0, 0x0, 0x0, 0x0,
    0xaf, 0x90, 0x0, 0x0, 0x0, 0x0, 0xcf, 0x70,
    0x0, 0x0, 0x0, 0x0, 0xbf, 0x80, 0x0, 0x0,
    0x0, 0x0, 0x8f, 0xe0, 0x0, 0x0, 0x0, 0x0,
    0x1f, 0xfc, 0x20, 0x0, 0x0, 0x0, 0x4, 0xff,
    0xfd, 0xb9, 0x0, 0x0, 0x0, 0x29, 0xef, 0xfd,
    0x0, 0x0, 0x0, 0x0, 0x5, 0xfd, 0x0, 0x0,
    0x0, 0x0, 0x5, 0xfd, 0x0, 0x0, 0x0, 0x0,
    0x5, 0xfd, 0x0, 0x0,

    /* U+03DB "ϛ" */
    0x0, 0x5c, 0xff, 0xd9, 0x0, 0x9f, 0xfe, 0xdf,
    0xd0, 0x4f, 0xf5, 0x0, 0x2, 0xa, 0xf9, 0x0,
    0x0, 0x0, 0xdf, 0x50, 0x0, 0x0, 0xe, 0xf3,
    0x0, 0x0, 0x0, 0xef, 0x40, 0x0, 0x0, 0xb,
    0xf8, 0x0, 0x0, 0x0, 0x6f, 0xf6, 0x0, 0x0,
    0x0, 0xaf, 0xff, 0xa4, 0x0, 0x0, 0x4b, 0xff,
    0xf7, 0x0, 0x0, 0x0, 0x7f, 0xe0, 0x0, 0x0,
    0x1, 0xff, 0x0, 0xc, 0x99, 0xdf, 0xa0, 0x0,
    0xdf, 0xfd, 0x80, 0x0,

    /* U+03DC "Ϝ" */
    0x1f, 0xff, 0xff, 0xff, 0xd1, 0xff, 0xdd, 0xdd,
    0xda, 0x1f, 0xf0, 0x0, 0x0, 0x1, 0xff, 0x0,
    0x0, 0x0, 0x1f, 0xf0, 0x0, 0x0, 0x1, 0xff,
    0x0, 0x0, 0x0, 0x1f, 0xfd, 0xdd, 0xdd, 0x51,
    0xff, 0xff, 0xff, 0xf6, 0x1f, 0xf0, 0x0, 0x9f,
    0x61, 0xff, 0x0, 0x9, 0xf6, 0x1f, 0xf0, 0x0,
    0x48, 0x31, 0xff, 0x0, 0x0, 0x0, 0x1f, 0xf0,
    0x0, 0x0, 0x1, 0xff, 0x0, 0x0, 0x0,

    /* U+03DD "ϝ" */
    0x1f, 0xff, 0xff, 0xff, 0xe1, 0xff, 0xdd, 0xdd,
    0xdc, 0x1f, 0xf0, 0x0, 0x0, 0x1, 0xff, 0x0,
    0x0, 0x0, 0x1f, 0xf0, 0x0, 0x0, 0x1, 0xff,
    0x0, 0x0, 0x0, 0x1f, 0xff, 0xff, 0xff, 0x51,
    0xff, 0xdd, 0xde, 0xf5, 0x1f, 0xf0, 0x0, 0x9f,
    0x51, 0xff, 0x0, 0x9, 0xf5, 0x1f, 0xf0, 0x0,
    0x59, 0x31, 0xff, 0x0, 0x0, 0x0, 0x1f, 0xf0,
    0x0, 0x0, 0x1, 0xff, 0x0, 0x0, 0x0, 0x1f,
    0xf0, 0x0, 0x0, 0x1, 0xff, 0x0, 0x0, 0x0,

    /* U+03DE "Ϟ" */
    0xd, 0xfd, 0x50, 0x0, 0x0, 0x0, 0x9d, 0xff,
    0x0, 0x0, 0x0, 0x0, 0xf, 0xf1, 0x0, 0x0,
    0x0, 0x2, 0xfd, 0x0, 0x0, 0x0, 0x0, 0x8f,
    0x80, 0x0, 0x0, 0x0, 0xd, 0xfe, 0xdd, 0xdd,
    0xd2, 0x3, 0xff, 0xff, 0xff, 0xfe, 0x0, 0x0,
    0x0, 0x0, 0x8f, 0xa0, 0x0, 0x0, 0x0, 0xc,
    0xf5, 0x0, 0x0, 0x0, 0x1, 0xff, 0x10, 0x0,
    0x0, 0x0, 0x4f, 0xc0, 0x0, 0x0, 0x0, 0x6,
    0xfb, 0x0, 0x0, 0x0, 0x0, 0x3f, 0xfc, 0x70,
    0x0, 0x0, 0x0, 0x7e, 0xf7,

    /* U+03DF "ϟ" */
    0x7, 0xfe, 0x90, 0x0, 0x0, 0x0, 0x5c, 0xff,
    0x60, 0x0, 0x0, 0x0, 0x8, 0xf8, 0x0, 0x0,
    0x0, 0x0, 0xaf, 0x50, 0x0, 0x0, 0x0, 0xf,
    0xf1, 0x0, 0x0, 0x0, 0x6, 0xfb, 0x0, 0x0,
    0x0, 0x0, 0xcf, 0x40, 0x0, 0x0, 0x0, 0x2f,
    0xe0, 0x0, 0x14, 0x71, 0x8, 0xfb, 0x7a, 0xdf,
    0xff, 0x10, 0xef, 0xff, 0xff, 0xdf, 0xd0, 0x1f,
    0xd9, 0x63, 0x8, 0xf7, 0x0, 0x0, 0x0, 0x0,
    0xef, 0x10, 0x0, 0x0, 0x0, 0x4f, 0xc0, 0x0,
    0x0, 0x0, 0xa, 0xf6, 0x0, 0x0, 0x0, 0x0,
    0xff, 0x10, 0x0, 0x0, 0x0, 0x5f, 0xa0, 0x0,
    0x0, 0x0, 0xa, 0xf6, 0x0, 0x0, 0x0, 0x0,
    0xcf, 0x50, 0x0, 0x0, 0x0, 0x9, 0xfe, 0xb6,
    0x0, 0x0, 0x0, 0x1a, 0xef, 0x70,

    /* U+03E0 "Ϡ" */
    0x2, 0x9d, 0xff, 0xd8, 0x10, 0x0, 0xf, 0xff,
    0xee, 0xff, 0xf3, 0x0, 0x6, 0x60, 0x0, 0x4f,
    0xff, 0x10, 0x0, 0x0, 0x8, 0xff, 0xef, 0xa0,
    0x0, 0x6, 0xef, 0xb2, 0x4f, 0xf0, 0x0, 0x9,
    0xd4, 0x0, 0x1f, 0xf4, 0x0, 0x0, 0x0, 0x6,
    0xef, 0xf7, 0x0, 0x0, 0x4, 0xdf, 0xcd, 0xf8,
    0x0, 0x0, 0xc, 0xe5, 0xb, 0xf8, 0x0, 0x0,
    0x1, 0x0, 0xb, 0xf7, 0x0, 0x0, 0x0, 0x0,
    0xe, 0xf5, 0x0, 0x0, 0x0, 0x0, 0x1f, 0xf2,
    0x0, 0x0, 0x0, 0x0, 0x5f, 0xe0, 0x0, 0x0,
    0x0, 0x0, 0xbf, 0x80,

    /* U+03E1 "ϡ" */
    0x0, 0x0, 0x0, 0x0, 0x0, 0x0, 0x9e, 0x93,
    0x0, 0x0, 0x0, 0x0, 0xaf, 0xff, 0xc3, 0x0,
    0x0, 0x0, 0x1, 0x7e, 0xff, 0x70, 0x0, 0x0,
    0x0, 0x0, 0x8f, 0xf9, 0x0, 0x0, 0x0, 0x0,
    0x4, 0xff, 0x70, 0x0, 0x0, 0x0, 0x2, 0xcf,
    0xf3, 0x0, 0x0, 0x8, 0xdf, 0xfe, 0xfb, 0x0,
    0x0, 0xe, 0xc7, 0x12, 0xff, 0x30, 0x0, 0x0,
    0x0, 0x0, 0xbf, 0x80, 0x0, 0x0, 0x0, 0x5,
    0xcf, 0xd0, 0x0, 0x0, 0x5b, 0xff, 0xef, 0xf0,
    0x0, 0x0, 0xcd, 0x83, 0xf, 0xf1, 0x0, 0x0,
    0x10, 0x0, 0xf, 0xf2, 0x0, 0x0, 0x0, 0x0,
    0xf, 0xf2, 0x0, 0x0, 0x0, 0x0, 0xf, 0xf1,
    0x0, 0x0, 0x0, 0x0, 0x2f, 0xf0, 0x0, 0x0,
    0x0, 0x0, 0x5f, 0xc0, 0x0, 0x0, 0x0, 0x0,
    0xaf, 0x80, 0x0, 0x0, 0x0, 0x0, 0xef, 0x30,
    0x0, 0x0, 0x0, 0x5, 0xfc, 0x0,

    /* U+03F0 "ϰ" */
    0x8f, 0xe9, 0x0, 0x0, 0x3, 0xff, 0x0, 0x4b,
    0xff, 0x90, 0x0, 0x1e, 0xf9, 0x0, 0x0, 0x4f,
    0xf0, 0x0, 0xcf, 0xf4, 0x0, 0x0, 0xe, 0xf2,
    0x9, 0xff, 0xf0, 0x0, 0x0, 0xd, 0xf2, 0x5f,
    0xdf, 0xc0, 0x0, 0x0, 0xe, 0xf4, 0xfe, 0x6f,
    0xb0, 0x0, 0x0, 0xf, 0xfe, 0xf3, 0x5f, 0xa0,
    0x0, 0x0, 0x2f, 0xff, 0x60, 0x5f, 0xb0, 0x0,
    0x0, 0x6f, 0xfa, 0x0, 0x2f, 0xe1, 0x0, 0x0,
    0xbf, 0xd0, 0x0, 0xc, 0xfe, 0xb2, 0x1, 0xff,
    0x20, 0x0, 0x1, 0xbf, 0xe2,

    /* U+03F1 "ϱ" */
    0x0, 0x4b, 0xff, 0xc6, 0x0, 0x0, 0x6f, 0xfe,
    0xdf, 0xfa, 0x0, 0x1f, 0xf6, 0x0, 0x3e, 0xf5,
    0x6, 0xfd, 0x0, 0x0, 0x7f, 0xc0, 0x9f, 0x90,
    0x0, 0x3, 0xff, 0xa, 0xf8, 0x0, 0x0, 0x2f,
    0xf0, 0xaf, 0x80, 0x0, 0x3, 0xff, 0xa, 0xf8,
    0x0, 0x0, 0x7f, 0xc0, 0xaf, 0xc1, 0x0, 0x2e,
    0xf6, 0xa, 0xff, 0xfd, 0xcf, 0xfb, 0x0, 0x9f,
    0x8a, 0xef, 0xd7, 0x0, 0x8, 0xf8, 0x0, 0x0,
    0x0, 0x0, 0x4f, 0xf5, 0x10, 0x0, 0x0, 0x0,
    0x9f, 0xff, 0xff, 0xd3, 0x0, 0x0, 0x37, 0x9a,
    0xef, 0xa0, 0x0, 0x0, 0x0, 0x6, 0xf9, 0x0,

    /* U+03F2 "ϲ" */
    0x0, 0x5b, 0xef, 0xd9, 0x0, 0x9f, 0xfe, 0xdf,
    0xd0, 0x4f, 0xf5, 0x0, 0x2, 0xa, 0xf9, 0x0,
    0x0, 0x0, 0xdf, 0x50, 0x0, 0x0, 0xe, 0xf4,
    0x0, 0x0, 0x0, 0xdf, 0x50, 0x0, 0x0, 0xb,
    0xf9, 0x0, 0x0, 0x0, 0x5f, 0xf5, 0x0, 0x4,
    0x0, 0xaf, 0xfe, 0xdf, 0xf0, 0x0, 0x6c, 0xff,
    0xd7, 0x0,

    /* U+03F3 "ϳ" */
    0x0, 0x4, 0xfa, 0x0, 0x7, 0xfd, 0x0, 0x0,
    0x62, 0x0, 0x0, 0x0, 0x0, 0x5, 0xfc, 0x0,
    0x5, 0xfc, 0x0, 0x5, 0xfc, 0x0, 0x5, 0xfc,
    0x0, 0x5, 0xfc, 0x0, 0x5, 0xfc, 0x0, 0x5,
    0xfc, 0x0, 0x5, 0xfc, 0x0, 0x5, 0xfc, 0x0,
    0x5, 0xfc, 0x0, 0x5, 0xfc, 0x0, 0x5, 0xfc,
    0x0, 0x5, 0xfc, 0x0, 0x9, 0xfa, 0x1d, 0xdf,
    0xf4, 0xe, 0xfd, 0x60,

    /* U+03F4 "ϴ" */
    0x0, 0x4, 0xad, 0xfe, 0xd8, 0x20, 0x0, 0x0,
    0xaf, 0xff, 0xdd, 0xff, 0xf5, 0x0, 0x8, 0xfe,
    0x50, 0x0, 0x18, 0xff, 0x30, 0x2f, 0xf5, 0x0,
    0x0, 0x0, 0xaf, 0xc0, 0x7f, 0xc0, 0x0, 0x0,
    0x0, 0x2f, 0xf2, 0xaf, 0x80, 0x0, 0x0, 0x0,
    0xe, 0xf5, 0xcf, 0xff, 0xff, 0xff, 0xff, 0xff,
    0xf7, 0xcf, 0xec, 0xcc, 0xcc, 0xcc, 0xcf, 0xf7,
    0xaf, 0x90, 0x0, 0x0, 0x0, 0xe, 0xf5, 0x7f,
    0xc0, 0x0, 0x0, 0x0, 0x1f, 0xf2, 0x2f, 0xf5,
    0x0, 0x0, 0x0, 0xaf, 0xc0, 0x8, 0xfe, 0x50,
    0x0, 0x18, 0xff, 0x30, 0x0, 0xaf, 0xff, 0xdd,
    0xff, 0xf5, 0x0, 0x0, 0x4, 0xad, 0xfe, 0xd8,
    0x20, 0x0,

    /* U+03F5 "ϵ" */
    0x0, 0x5b, 0xef, 0xda, 0x20, 0x9f, 0xfd, 0xce,
    0xf1, 0x4f, 0xf3, 0x0, 0x1, 0xa, 0xf7, 0x0,
    0x0, 0x0, 0xdf, 0xb9, 0x99, 0x91, 0xe, 0xff,
    0xff, 0xff, 0x30, 0xdf, 0x40, 0x0, 0x0, 0xb,
    0xf8, 0x0, 0x0, 0x0, 0x5f, 0xf3, 0x0, 0x2,
    0x10, 0xaf, 0xfd, 0xcd, 0xf3, 0x0, 0x5c, 0xef,
    0xea, 0x10,

    /* U+03F6 "϶" */
    0x19, 0xdf, 0xec, 0x60, 0x0, 0xfe, 0xcd, 0xff,
    0xa0, 0x1, 0x0, 0x2, 0xef, 0x50, 0x0, 0x0,
    0x7, 0xfb, 0x1, 0x99, 0x99, 0xbf, 0xd0, 0x3f,
    0xff, 0xff, 0xfe, 0x0, 0x0, 0x0, 0x5f, 0xd0,
    0x0, 0x0, 0x9, 0xfa, 0x11, 0x0, 0x5, 0xff,
    0x46, 0xfd, 0xcd, 0xff, 0x80, 0x2b, 0xef, 0xeb,
    0x40, 0x0,

    /* U+03F7 "Ϸ" */
    0x1f, 0xf1, 0x0, 0x0, 0x0, 0x1, 0xff, 0x10,
    0x0, 0x0, 0x0, 0x1f, 0xfd, 0xcc, 0xa7, 0x10,
    0x1, 0xff, 0xff, 0xff, 0xfe, 0x30, 0x1f, 0xf1,
    0x1, 0x4d, 0xfd, 0x1, 0xff, 0x10, 0x0, 0x3f,
    0xf2, 0x1f, 0xf1, 0x0, 0x0, 0xff, 0x31, 0xff,
    0x10, 0x0, 0x2f, 0xf1, 0x1f, 0xf1, 0x0, 0x1c,
    0xfc, 0x1, 0xff, 0xcc, 0xef, 0xfe, 0x20, 0x1f,
    0xff, 0xfe, 0xd8, 0x10, 0x1, 0xff, 0x10, 0x0,
    0x0, 0x0, 0x1f, 0xf1, 0x0, 0x0, 0x0, 0x1,
    0xff, 0x10, 0x0, 0x0, 0x0,

    /* U+03F8 "ϸ" */
    0x5f, 0xc0, 0x0, 0x0, 0x0, 0x5, 0xfc, 0x0,
    0x0, 0x0, 0x0, 0x5f, 0xc0, 0x0, 0x0, 0x0,
    0x5, 0xfc, 0x0, 0x0, 0x0, 0x0, 0x5f, 0xc2,
    0xbf, 0xfb, 0x30, 0x5, 0xfd, 0xee, 0xcf, 0xff,
    0x30, 0x5f, 0xf9, 0x0, 0xb, 0xfc, 0x5, 0xff,
    0x0, 0x0, 0x2f, 0xf1, 0x5f, 0xd0, 0x0, 0x0,
    0xff, 0x45, 0xfc, 0x0, 0x0, 0xd, 0xf5, 0x5f,
    0xd0, 0x0, 0x0, 0xff, 0x45, 0xff, 0x10, 0x0,
    0x2f, 0xf1, 0x5f, 0xf9, 0x0, 0xb, 0xfc, 0x5,
    0xfd, 0xfe, 0xcf, 0xff, 0x30, 0x5f, 0xb3, 0xbf,
    0xfb, 0x30, 0x5, 0xfc, 0x0, 0x0, 0x0, 0x0,
    0x5f, 0xc0, 0x0, 0x0, 0x0, 0x5, 0xfc, 0x0,
    0x0, 0x0, 0x0, 0x5f, 0xc0, 0x0, 0x0, 0x0,
    0x5, 0xfc, 0x0, 0x0, 0x0, 0x0,

    /* U+03F9 "Ϲ" */
    0x0, 0x2, 0x9d, 0xff, 0xda, 0x50, 0x0, 0x7f,
    0xff, 0xee, 0xff, 0xc0, 0x6, 0xff, 0x91, 0x0,
    0x5, 0x30, 0x1f, 0xf7, 0x0, 0x0, 0x0, 0x0,
    0x6f, 0xe0, 0x0, 0x0, 0x0, 0x0, 0xaf, 0x90,
    0x0, 0x0, 0x0, 0x0, 0xcf, 0x70, 0x0, 0x0,
    0x0, 0x0, 0xcf, 0x70, 0x0, 0x0, 0x0, 0x0,
    0xaf, 0x90, 0x0, 0x0, 0x0, 0x0, 0x7f, 0xe0,
    0x0, 0x0, 0x0, 0x0, 0x2f, 0xf7, 0x0, 0x0,
    0x0, 0x0, 0x9, 0xff, 0x81, 0x0, 0x2, 0x30,
    0x0, 0xaf, 0xff, 0xee, 0xff, 0x80, 0x0, 0x4,
    0xad, 0xff, 0xea, 0x30,

    /* U+03FA "Ϻ" */
    0x1f, 0xfe, 0x10, 0x0, 0x0, 0x0, 0xaf, 0xf7,
    0x1f, 0xff, 0x90, 0x0, 0x0, 0x4, 0xff, 0xf7,
    0x1f, 0xce, 0xf3, 0x0, 0x0, 0xd, 0xfb, 0xf7,
    0x1f, 0xc5, 0xfc, 0x0, 0x0, 0x8f, 0x89, 0xf7,
    0x1f, 0xd0, 0xbf, 0x60, 0x2, 0xfd, 0x9, 0xf7,
    0x1f, 0xd0, 0x2f, 0xe1, 0xc, 0xf4, 0xa, 0xf7,
    0x1f, 0xd0, 0x8, 0xf9, 0x6f, 0xa0, 0xa, 0xf7,
    0x1f, 0xd0, 0x0, 0xef, 0xff, 0x10, 0xa, 0xf7,
    0x1f, 0xd0, 0x0, 0x5f, 0xf6, 0x0, 0xa, 0xf7,
    0x1f, 0xd0, 0x0, 0x4, 0x40, 0x0, 0xa, 0xf7,
    0x1f, 0xd0, 0x0, 0x0, 0x0, 0x0, 0xa, 0xf7,
    0x1f, 0xd0, 0x0, 0x0, 0x0, 0x0, 0xa, 0xf7,
    0x1f, 0xd0, 0x0, 0x0, 0x0, 0x0, 0xa, 0xf7,
    0x1f, 0xd0, 0x0, 0x0, 0x0, 0x0, 0xa, 0xf7,

    /* U+03FB "ϻ" */
    0x5f, 0xfa, 0x0, 0x0, 0x7, 0xff, 0x65, 0xff,
    0xf4, 0x0, 0x2, 0xff, 0xf6, 0x5f, 0xdf, 0xd0,
    0x0, 0xcf, 0xdf, 0x65, 0xfa, 0x9f, 0x80, 0x6f,
    0xa9, 0xf6, 0x5f, 0xa0, 0xef, 0x4f, 0xe1, 0x9f,
    0x65, 0xfa, 0x5, 0xff, 0xf5, 0x9, 0xf6, 0x5f,
    0xa0, 0xa, 0xfb, 0x0, 0x9f, 0x65, 0xfa, 0x0,
    0x1, 0x0, 0x9, 0xf6, 0x5f, 0xa0, 0x0, 0x0,
    0x0, 0x9f, 0x65, 0xfa, 0x0, 0x0, 0x0, 0x9,
    0xf6, 0x5f, 0xa0, 0x0, 0x0, 0x0, 0x9f, 0x65,
    0xfa, 0x0, 0x0, 0x0, 0x0, 0x0, 0x5f, 0xa0,
    0x0, 0x0, 0x0, 0x0, 0x5, 0xfa, 0x0, 0x0,
    0x0, 0x0, 0x0, 0x5f, 0xa0, 0x0, 0x0, 0x0,
    0x0, 0x5, 0xfa, 0x0, 0x0, 0x0, 0x0, 0x0,

    /* U+03FC "ϼ" */
    0x0, 0x4, 0xcf, 0xfc, 0x70, 0x0, 0x0, 0x6f,
    0xfd, 0xdf, 0xfb, 0x0, 0x1, 0xff, 0x50, 0x3,
    0xef, 0x60, 0x6, 0xfc, 0x0, 0x0, 0x7f, 0xc0,
    0x9, 0xf9, 0x0, 0x0, 0x3f, 0xf0, 0xa, 0xf7,
    0x0, 0x0, 0x2f, 0xf0, 0xa, 0xf7, 0x0, 0x0,
    0x3f, 0xf0, 0xa, 0xf7, 0x0, 0x0, 0x7f, 0xc0,
    0xa, 0xfb, 0x10, 0x2, 0xef, 0x60, 0xa, 0xff,
    0xfc, 0xcf, 0xfb, 0x0, 0xa, 0xf8, 0xae, 0xfd,
    0x70, 0x0, 0xa, 0xf6, 0x0, 0x0, 0x0, 0x0,
    0xa, 0xf7, 0x0, 0x0, 0x0, 0x0, 0xff, 0xff,
    0xff, 0xf4, 0x0, 0x0, 0x8d, 0xfc, 0x99, 0x92,
    0x0, 0x0, 0xa, 0xf7, 0x0, 0x0, 0x0, 0x0,

    /* U+03FD "Ͻ" */
    0x16, 0xbd, 0xff, 0xd9, 0x20, 0x0, 0x1f, 0xff,
    0xee, 0xff, 0xf6, 0x0, 0x6, 0x30, 0x0, 0x2b,
    0xff, 0x40, 0x0, 0x0, 0x0, 0x0, 0xcf, 0xd0,
    0x0, 0x0, 0x0, 0x0, 0x3f, 0xf2, 0x0, 0x0,
    0x0, 0x0, 0xe, 0xf6, 0x0, 0x0, 0x0, 0x0,
    0xc, 0xf7, 0x0, 0x0, 0x0, 0x0, 0xc, 0xf7,
    0x0, 0x0, 0x0, 0x0, 0xe, 0xf5, 0x0, 0x0,
    0x0, 0x0, 0x3f, 0xf2, 0x0, 0x0, 0x0, 0x0,
    0xcf, 0xc0, 0x4, 0x10, 0x0, 0x3c, 0xff, 0x20,
    0xd, 0xff, 0xef, 0xff, 0xe4, 0x0, 0x6, 0xce,
    0xfe, 0xd8, 0x10, 0x0,

    /* U+03FE "Ͼ" */
    0x0, 0x2, 0x9d, 0xff, 0xda, 0x50, 0x0, 0x7f,
    0xff, 0xee, 0xff, 0xc0, 0x6, 0xff, 0x91, 0x0,
    0x4, 0x20, 0x1f, 0xf7, 0x0, 0x0, 0x0, 0x0,
    0x6f, 0xe0, 0x0, 0x0, 0x0, 0x0, 0xaf, 0x90,
    0x1, 0xcc, 0x10, 0x0, 0xcf, 0x70, 0x4, 0xff,
    0x60, 0x0, 0xcf, 0x70, 0x1, 0xde, 0x20, 0x0,
    0xaf, 0x90, 0x0, 0x0, 0x0, 0x0, 0x7f, 0xe0,
    0x0, 0x0, 0x0, 0x0, 0x2f, 0xf7, 0x0, 0x0,
    0x0, 0x0, 0x9, 0xff, 0x81, 0x0, 0x3, 0x30,
    0x0, 0xaf, 0xff, 0xee, 0xff, 0x80, 0x0, 0x4,
    0xad, 0xff, 0xea, 0x30,

    /* U+03FF "Ͽ" */
    0x16, 0xbd, 0xff, 0xd9, 0x20, 0x0, 0x1f, 0xff,
    0xee, 0xff, 0xf6, 0x0, 0x4, 0x20, 0x0, 0x2b,
    0xff, 0x40, 0x0, 0x0, 0x0, 0x0, 0xcf, 0xd0,
    0x0, 0x0, 0x0, 0x0, 0x3f, 0xf2, 0x0, 0x3,
    0xda, 0x0, 0xe, 0xf6, 0x0, 0x9, 0xff, 0x10,
    0xc, 0xf7, 0x0, 0x4, 0xfb, 0x0, 0xc, 0xf7,
    0x0, 0x0, 0x0, 0x0, 0xe, 0xf5, 0x0, 0x0,
    0x0, 0x0, 0x3f, 0xf2, 0x0, 0x0, 0x0, 0x0,
    0xcf, 0xc0, 0x5, 0x20, 0x0, 0x3c, 0xff, 0x20,
    0xd, 0xff, 0xef, 0xff, 0xe4, 0x0, 0x6, 0xce,
    0xfe, 0xd8, 0x10, 0x0,

    /* U+0400 "Ѐ" */
    0x0, 0x8f, 0xe0, 0x0, 0x0, 0x0, 0xaf, 0x90,
    0x0, 0x0, 0x0, 0xbf, 0x30, 0x0, 0x0, 0x0,
    0x74, 0x0, 0x0, 0x0, 0x0, 0x0, 0x2, 0xff,
    0xff, 0xff, 0xff, 0x2f, 0xfd, 0xdd, 0xdd, 0xd2,
    0xff, 0x0, 0x0, 0x0, 0x2f, 0xf0, 0x0, 0x0,
    0x2, 0xff, 0x0, 0x0, 0x0, 0x2f, 0xf0, 0x0,
    0x0, 0x2, 0xff, 0xff, 0xff, 0xfa, 0x2f, 0xfd,
    0xdd, 0xdd, 0x82, 0xff, 0x0, 0x0, 0x0, 0x2f,
    0xf0, 0x0, 0x0, 0x2, 0xff, 0x0, 0x0, 0x0,
    0x2f, 0xf0, 0x0, 0x0, 0x2, 0xff, 0xdd, 0xdd,
    0xdd, 0x2f, 0xff, 0xff, 0xff, 0xf0,

    /* U+0401 "Ё" */
    0x0, 0x9e, 0x21, 0xeb, 0x0, 0xc, 0xf4, 0x2f,
    0xe0, 0x0, 0x25, 0x0, 0x53, 0x0, 0x0, 0x0,
    0x0, 0x0, 0x2f, 0xff, 0xff, 0xff, 0xf2, 0xff,
    0xdd, 0xdd, 0xdd, 0x2f, 0xf0, 0x0, 0x0, 0x2,
    0xff, 0x0, 0x0, 0x0, 0x2f, 0xf0, 0x0, 0x0,
    0x2, 0xff, 0x0, 0x0, 0x0, 0x2f, 0xff, 0xff,
    0xff, 0xa2, 0xff, 0xdd, 0xdd, 0xd8, 0x2f, 0xf0,
    0x0, 0x0, 0x2, 0xff, 0x0, 0x0, 0x0, 0x2f,
    0xf0, 0x0, 0x0, 0x2, 0xff, 0x0, 0x0, 0x0,
    0x2f, 0xfd, 0xdd, 0xdd, 0xd2, 0xff, 0xff, 0xff,
    0xff,

    /* U+0402 "Ђ" */
    0xbf, 0xff, 0xff, 0xff, 0xff, 0x90, 0x0, 0xad,
    0xde, 0xff, 0xdd, 0xdd, 0x70, 0x0, 0x0, 0x5,
    0xfc, 0x0, 0x0, 0x0, 0x0, 0x0, 0x5, 0xfc,
    0x0, 0x0, 0x0, 0x0, 0x0, 0x5, 0xfc, 0x0,
    0x0, 0x0, 0x0, 0x0, 0x5, 0xfe, 0xae, 0xff,
    0xc6, 0x0, 0x0, 0x5, 0xff, 0xfe, 0xdf, 0xff,
    0xa0, 0x0, 0x5, 0xfd, 0x10, 0x0, 0x7f, 0xf4,
    0x0, 0x5, 0xfd, 0x0, 0x0, 0xc, 0xf8, 0x0,
    0x5, 0xfd, 0x0, 0x0, 0x9, 0xf9, 0x0, 0x5,
    0xfd, 0x0, 0x0, 0xb, 0xf8, 0x0, 0x5, 0xfd,
    0x0, 0x0, 0x5f, 0xf4, 0x0, 0x5, 0xfd, 0x5,
    0xde, 0xff, 0xb0, 0x0, 0x5, 0xfd, 0x6, 0xff,
    0xd7, 0x0,

    /* U+0403 "Ѓ" */
    0x0, 0x0, 0x7, 0xfe, 0x20, 0x0, 0x1, 0xff,
    0x30, 0x0, 0x0, 0xaf, 0x40, 0x0, 0x0, 0x7,
    0x40, 0x0, 0x0, 0x0, 0x0, 0x0, 0x1, 0xff,
    0xff, 0xff, 0xff, 0x1f, 0xfd, 0xdd, 0xdd, 0xd1,
    0xff, 0x10, 0x0, 0x0, 0x1f, 0xf1, 0x0, 0x0,
    0x1, 0xff, 0x10, 0x0, 0x0, 0x1f, 0xf1, 0x0,
    0x0, 0x1, 0xff, 0x10, 0x0, 0x0, 0x1f, 0xf1,
    0x0, 0x0, 0x1, 0xff, 0x10, 0x0, 0x0, 0x1f,
    0xf1, 0x0, 0x0, 0x1, 0xff, 0x10, 0x0, 0x0,
    0x1f, 0xf1, 0x0, 0x0, 0x1, 0xff, 0x10, 0x0,
    0x0, 0x1f, 0xf1, 0x0, 0x0, 0x0,

    /* U+0404 "Є" */
    0x0, 0x3, 0x9d, 0xff, 0xda, 0x50, 0x0, 0x8f,
    0xff, 0xee, 0xff, 0xc0, 0x7, 0xfe, 0x70, 0x0,
    0x4, 0x20, 0x1f, 0xf3, 0x0, 0x0, 0x0, 0x0,
    0x7f, 0xb0, 0x0, 0x0, 0x0, 0x0, 0xbf, 0xed,
    0xdd, 0xdd, 0xd2, 0x0, 0xcf, 0xff, 0xff, 0xff,
    0xf3, 0x0, 0xdf, 0x80, 0x0, 0x0, 0x0, 0x0,
    0xbf, 0xa0, 0x0, 0x0, 0x0, 0x0, 0x8f, 0xf0,
    0x0, 0x0, 0x0, 0x0, 0x2f, 0xf9, 0x0, 0x0,
    0x0, 0x0, 0xa, 0xff, 0xa2, 0x0, 0x4, 0x60,
    0x0, 0xbf, 0xff, 0xfe, 0xff, 0xb0, 0x0, 0x5,
    0xbe, 0xff, 0xda, 0x40,

    /* U+0405 "Ѕ" */
    0x0, 0x19, 0xdf, 0xec, 0x93, 0x0, 0x2e, 0xff,
    0xef, 0xff, 0x80, 0xa, 0xfc, 0x10, 0x1, 0x62,
    0x0, 0xdf, 0x50, 0x0, 0x0, 0x0, 0xb, 0xf8,
    0x0, 0x0, 0x0, 0x0, 0x4f, 0xf9, 0x10, 0x0,
    0x0, 0x0, 0x6e, 0xff, 0xb4, 0x0, 0x0, 0x0,
    0x7, 0xef, 0xfb, 0x0, 0x0, 0x0, 0x0, 0x5e,
    0xfa, 0x0, 0x0, 0x0, 0x0, 0x4f, 0xf0, 0x0,
    0x0, 0x0, 0x2, 0xff, 0x0, 0x83, 0x0, 0x1,
    0xbf, 0xc0, 0xf, 0xff, 0xee, 0xff, 0xf3, 0x0,
    0x7b, 0xef, 0xfd, 0x92, 0x0,

    /* U+0406 "І" */
    0x2f, 0xf0, 0x2f, 0xf0, 0x2f, 0xf0, 0x2f, 0xf0,
    0x2f, 0xf0, 0x2f, 0xf0, 0x2f, 0xf0, 0x2f, 0xf0,
    0x2f, 0xf0, 0x2f, 0xf0, 0x2f, 0xf0, 0x2f, 0xf0,
    0x2f, 0xf0, 0x2f, 0xf0,

    /* U+0407 "Ї" */
    0x6, 0x11, 0x60, 0x6f, 0x9a, 0xf6, 0x4f, 0x67,
    0xf3, 0x0, 0x0, 0x0, 0x0, 0x0, 0x0, 0x1,
    0xff, 0x10, 0x1, 0xff, 0x10, 0x1, 0xff, 0x10,
    0x1, 0xff, 0x10, 0x1, 0xff, 0x10, 0x1, 0xff,
    0x10, 0x1, 0xff, 0x10, 0x1, 0xff, 0x10, 0x1,
    0xff, 0x10, 0x1, 0xff, 0x10, 0x1, 0xff, 0x10,
    0x1, 0xff, 0x10, 0x1, 0xff, 0x10, 0x1, 0xff,
    0x10,

    /* U+0408 "Ј" */
    0x0, 0x3, 0xff, 0x0, 0x3, 0xff, 0x0, 0x3,
    0xff, 0x0, 0x3, 0xff, 0x0, 0x3, 0xff, 0x0,
    0x3, 0xff, 0x0, 0x3, 0xff, 0x0, 0x3, 0xff,
    0x0, 0x3, 0xff, 0x0, 0x3, 0xff, 0x0, 0x3,
    0xff, 0x0, 0x3, 0xff, 0x0, 0x3, 0xff, 0x0,
    0x3, 0xff, 0x0, 0x4, 0xfe, 0x0, 0xa, 0xfb,
    0x8e, 0xff, 0xf4, 0x7f, 0xfc, 0x40,

    /* U+0409 "Љ" */
    0x0, 0x9, 0xff, 0xff, 0xff, 0xff, 0x10, 0x0,
    0x0, 0x0, 0x0, 0xa, 0xfe, 0xdd, 0xdd, 0xff,
    0x10, 0x0, 0x0, 0x0, 0x0, 0xa, 0xf5, 0x0,
    0x1, 0xff, 0x10, 0x0, 0x0, 0x0, 0x0, 0xb,
    0xf4, 0x0, 0x1, 0xff, 0x10, 0x0, 0x0, 0x0,
    0x0, 0xc, 0xf3, 0x0, 0x1, 0xff, 0x10, 0x0,
    0x0, 0x0, 0x0, 0xd, 0xf2, 0x0, 0x1, 0xff,
    0xff, 0xfd, 0xa3, 0x0, 0x0, 0xe, 0xf1, 0x0,
    0x1, 0xff, 0xdd, 0xef, 0xff, 0x50, 0x0, 0xf,
    0xf0, 0x0, 0x1, 0xff, 0x10, 0x1, 0xaf, 0xe0,
    0x0, 0xf, 0xf0, 0x0, 0x1, 0xff, 0x10, 0x0,
    0xf, 0xf4, 0x0, 0x2f, 0xd0, 0x0, 0x1, 0xff,
    0x10, 0x0, 0xe, 0xf5, 0x0, 0x5f, 0xb0, 0x0,
    0x1, 0xff, 0x10, 0x0, 0x1f, 0xf3, 0x1, 0xcf,
    0x80, 0x0, 0x1, 0xff, 0x10, 0x3, 0xcf, 0xe0,
    0xef, 0xff, 0x20, 0x0, 0x1, 0xff, 0xff, 0xff,
    0xff, 0x40, 0xdf, 0xd4, 0x0, 0x0, 0x1, 0xff,
    0xff, 0xfd, 0x92, 0x0,

    /* U+040A "Њ" */
    0x1f, 0xf1, 0x0, 0x0, 0xb, 0xf7, 0x0, 0x0,
    0x0, 0x1, 0xff, 0x10, 0x0, 0x0, 0xbf, 0x70,
    0x0, 0x0, 0x0, 0x1f, 0xf1, 0x0, 0x0, 0xb,
    0xf7, 0x0, 0x0, 0x0, 0x1, 0xff, 0x10, 0x0,
    0x0, 0xbf, 0x70, 0x0, 0x0, 0x0, 0x1f, 0xf1,
    0x0, 0x0, 0xb, 0xf7, 0x0, 0x0, 0x0, 0x1,
    0xff, 0xdd, 0xdd, 0xdd, 0xff, 0xed, 0xdc, 0x93,
    0x0, 0x1f, 0xff, 0xff, 0xff, 0xff, 0xff, 0xff,
    0xff, 0xf9, 0x1, 0xff, 0x10, 0x0, 0x0, 0xbf,
    0x70, 0x2, 0x8f, 0xf5, 0x1f, 0xf1, 0x0, 0x0,
    0xb, 0xf7, 0x0, 0x0, 0xbf, 0xa1, 0xff, 0x10,
    0x0, 0x0, 0xbf, 0x70, 0x0, 0x7, 0xfb, 0x1f,
    0xf1, 0x0, 0x0, 0xb, 0xf7, 0x0, 0x0, 0xaf,
    0xa1, 0xff, 0x10, 0x0, 0x0, 0xbf, 0x70, 0x0,
    0x6f, 0xf5, 0x1f, 0xf1, 0x0, 0x0, 0xb, 0xfe,
    0xdd, 0xff, 0xfb, 0x1, 0xff, 0x10, 0x0, 0x0,
    0xbf, 0xff, 0xfe, 0xb6, 0x0,

    /* U+040B "Ћ" */
    0xbf, 0xff, 0xff, 0xff, 0xff, 0x80, 0x0, 0xad,
    0xde, 0xff, 0xdd, 0xdd, 0x70, 0x0, 0x0, 0x5,
    0xfd, 0x0, 0x0, 0x0, 0x0, 0x0, 0x5, 0xfd,
    0x0, 0x0, 0x0, 0x0, 0x0, 0x5, 0xfd, 0x0,
    0x0, 0x0, 0x0, 0x0, 0x5, 0xfe, 0x8b, 0xcc,
    0xa4, 0x0, 0x0, 0x5, 0xff, 0xff, 0xff, 0xff,
    0x80, 0x0, 0x5, 0xfe, 0x41, 0x2, 0x9f, 0xf2,
    0x0, 0x5, 0xfd, 0x0, 0x0, 0xd, 0xf6, 0x0,
    0x5, 0xfd, 0x0, 0x0, 0xa, 0xf7, 0x0, 0x5,
    0xfd, 0x0, 0x0, 0xa, 0xf8, 0x0, 0x5, 0xfd,
    0x0, 0x0, 0xa, 0xf8, 0x0, 0x5, 0xfd, 0x0,
    0x0, 0xa, 0xf8, 0x0, 0x5, 0xfd, 0x0, 0x0,
    0xa, 0xf8,

    /* U+040C "Ќ" */
    0x0, 0x0, 0x0, 0xdf, 0xa0, 0x0, 0x0, 0x0,
    0x7, 0xfb, 0x0, 0x0, 0x0, 0x0, 0x1f, 0xc0,
    0x0, 0x0, 0x0, 0x0, 0x37, 0x10, 0x0, 0x0,
    0x0, 0x0, 0x0, 0x0, 0x0, 0x0, 0x1f, 0xf1,
    0x0, 0x0, 0x5f, 0xe1, 0x1f, 0xf1, 0x0, 0x1,
    0xef, 0x40, 0x1f, 0xf1, 0x0, 0xa, 0xf9, 0x0,
    0x1f, 0xf1, 0x0, 0x5f, 0xe0, 0x0, 0x1f, 0xf1,
    0x1, 0xef, 0x40, 0x0, 0x1f, 0xf1, 0xa, 0xf9,
    0x0, 0x0, 0x1f, 0xff, 0xff, 0xe0, 0x0, 0x0,
    0x1f, 0xfd, 0xdf, 0xf3, 0x0, 0x0, 0x1f, 0xf1,
    0x9, 0xfd, 0x0, 0x0, 0x1f, 0xf1, 0x0, 0xdf,
    0x90, 0x0, 0x1f, 0xf1, 0x0, 0x3f, 0xf4, 0x0,
    0x1f, 0xf1, 0x0, 0x8, 0xfe, 0x10, 0x1f, 0xf1,
    0x0, 0x0, 0xcf, 0xa0, 0x1f, 0xf1, 0x0, 0x0,
    0x2f, 0xf6,

    /* U+040D "Ѝ" */
    0x0, 0x0, 0xbf, 0xc0, 0x0, 0x0, 0x0, 0x0,
    0x0, 0xcf, 0x50, 0x0, 0x0, 0x0, 0x0, 0x1,
    0xde, 0x10, 0x0, 0x0, 0x0, 0x0, 0x1, 0x83,
    0x0, 0x0, 0x0, 0x0, 0x0, 0x0, 0x0, 0x0,
    0x1, 0xff, 0x10, 0x0, 0x0, 0x6f, 0xf6, 0x1f,
    0xf1, 0x0, 0x0, 0x1e, 0xff, 0x61, 0xff, 0x10,
    0x0, 0x9, 0xfe, 0xf6, 0x1f, 0xf1, 0x0, 0x3,
    0xfb, 0xaf, 0x61, 0xff, 0x10, 0x0, 0xcf, 0x2b,
    0xf6, 0x1f, 0xf1, 0x0, 0x6f, 0x70, 0xbf, 0x61,
    0xff, 0x10, 0x1e, 0xd0, 0xc, 0xf6, 0x1f, 0xf0,
    0x9, 0xf4, 0x0, 0xcf, 0x61, 0xff, 0x3, 0xfa,
    0x0, 0xc, 0xf6, 0x1f, 0xf0, 0xcf, 0x10, 0x0,
    0xcf, 0x61, 0xff, 0x6f, 0x70, 0x0, 0xc, 0xf6,
    0x1f, 0xfe, 0xd0, 0x0, 0x0, 0xcf, 0x61, 0xff,
    0xf4, 0x0, 0x0, 0xc, 0xf6, 0x1f, 0xfa, 0x0,
    0x0, 0x0, 0xcf, 0x60,

    /* U+040E "Ў" */
    0x0, 0x5, 0x81, 0x0, 0x77, 0x0, 0x0, 0x0,
    0x8f, 0x92, 0x7f, 0xa0, 0x0, 0x0, 0x0, 0xbf,
    0xff, 0xc1, 0x0, 0x0, 0x0, 0x0, 0x24, 0x20,
    0x0, 0x0, 0x0, 0x0, 0x0, 0x0, 0x0, 0x0,
    0x9, 0xfb, 0x0, 0x0, 0x0, 0xf, 0xf4, 0x1f,
    0xf3, 0x0, 0x0, 0x6, 0xfd, 0x0, 0x9f, 0xb0,
    0x0, 0x0, 0xdf, 0x50, 0x1, 0xff, 0x30, 0x0,
    0x4f, 0xe0, 0x0, 0x8, 0xfb, 0x0, 0xb, 0xf7,
    0x0, 0x0, 0x1f, 0xf3, 0x2, 0xff, 0x0, 0x0,
    0x0, 0x8f, 0xb0, 0x9f, 0x80, 0x0, 0x0, 0x1,
    0xef, 0x4f, 0xf1, 0x0, 0x0, 0x0, 0x7, 0xfe,
    0xfa, 0x0, 0x0, 0x0, 0x0, 0xe, 0xff, 0x20,
    0x0, 0x0, 0x0, 0x0, 0xcf, 0xa0, 0x0, 0x0,
    0x0, 0x1, 0x9f, 0xf2, 0x0, 0x0, 0x0, 0x7f,
    0xff, 0xf6, 0x0, 0x0, 0x0, 0x6, 0xef, 0xc4,
    0x0, 0x0, 0x0, 0x0,

    /* U+040F "Џ" */
    0x1f, 0xf1, 0x0, 0x0, 0x3, 0xfe, 0x1f, 0xf1,
    0x0, 0x0, 0x3, 0xfe, 0x1f, 0xf1, 0x0, 0x0,
    0x3, 0xfe, 0x1f, 0xf1, 0x0, 0x0, 0x3, 0xfe,
    0x1f, 0xf1, 0x0, 0x0, 0x3, 0xfe, 0x1f, 0xf1,
    0x0, 0x0, 0x3, 0xfe, 0x1f, 0xf1, 0x0, 0x0,
    0x3, 0xfe, 0x1f, 0xf1, 0x0, 0x0, 0x3, 0xfe,
    0x1f, 0xf1, 0x0, 0x0, 0x3, 0xfe, 0x1f, 0xf1,
    0x0, 0x0, 0x3, 0xfe, 0x1f, 0xf1, 0x0, 0x0,
    0x3, 0xfe, 0x1f, 0xf1, 0x0, 0x0, 0x3, 0xfe,
    0x1f, 0xfd, 0xdd, 0xdd, 0xde, 0xfe, 0x1f, 0xff,
    0xff, 0xff, 0xff, 0xfe, 0x0, 0x0, 0xa, 0xf7,
    0x0, 0x0, 0x0, 0x0, 0xa, 0xf7, 0x0, 0x0,
    0x0, 0x0, 0xa, 0xf7, 0x0, 0x0,

    /* U+0410 "А" */
    0x0, 0x0, 0xc, 0xfd, 0x0, 0x0, 0x0, 0x0,
    0x0, 0x2f, 0xff, 0x30, 0x0, 0x0, 0x0, 0x0,
    0x8f, 0xaf, 0x90, 0x0, 0x0, 0x0, 0x0, 0xef,
    0x1f, 0xf0, 0x0, 0x0, 0x0, 0x5, 0xfb, 0xa,
    0xf6, 0x0, 0x0, 0x0, 0xb, 0xf5, 0x4, 0xfc,
    0x0, 0x0, 0x0, 0x1f, 0xf0, 0x0, 0xef, 0x20,
    0x0, 0x0, 0x7f, 0x90, 0x0, 0x8f, 0x80, 0x0,
    0x0, 0xdf, 0xff, 0xff, 0xff, 0xe0, 0x0, 0x4,
    0xff, 0xee, 0xee, 0xef, 0xf5, 0x0, 0xa, 0xf8,
    0x0, 0x0, 0x8, 0xfb, 0x0, 0x1f, 0xf2, 0x0,
    0x0, 0x2, 0xff, 0x10, 0x6f, 0xd0, 0x0, 0x0,
    0x0, 0xcf, 0x70, 0xcf, 0x70, 0x0, 0x0, 0x0,
    0x6f, 0xd0,

    /* U+0411 "Б" */
    0x1f, 0xff, 0xff, 0xff, 0xfa, 0x1, 0xff, 0xdd,
    0xdd, 0xdd, 0x80, 0x1f, 0xf1, 0x0, 0x0, 0x0,
    0x1, 0xff, 0x10, 0x0, 0x0, 0x0, 0x1f, 0xf1,
    0x0, 0x0, 0x0, 0x1, 0xff, 0xdd, 0xdb, 0x82,
    0x0, 0x1f, 0xff, 0xff, 0xff, 0xf6, 0x1, 0xff,
    0x10, 0x3, 0xbf, 0xf1, 0x1f, 0xf1, 0x0, 0x0,
    0xef, 0x61, 0xff, 0x10, 0x0, 0xc, 0xf7, 0x1f,
    0xf1, 0x0, 0x0, 0xef, 0x61, 0xff, 0x10, 0x0,
    0x9f, 0xf1, 0x1f, 0xfd, 0xde, 0xff, 0xf6, 0x1,
    0xff, 0xff, 0xfe, 0xa3, 0x0,

    /* U+0412 "В" */
    0x2f, 0xff, 0xff, 0xec, 0x71, 0x0, 0x2f, 0xfc,
    0xcc, 0xef, 0xfd, 0x10, 0x2f, 0xf0, 0x0, 0x4,
    0xff, 0x60, 0x2f, 0xf0, 0x0, 0x0, 0xbf, 0x90,
    0x2f, 0xf0, 0x0, 0x0, 0xcf, 0x70, 0x2f, 0xf0,
    0x0, 0x17, 0xfe, 0x10, 0x2f, 0xff, 0xff, 0xff,
    0x91, 0x0, 0x2f, 0xfb, 0xbb, 0xcf, 0xfa, 0x10,
    0x2f, 0xf0, 0x0, 0x1, 0xcf, 0xa0, 0x2f, 0xf0,
    0x0, 0x0, 0x5f, 0xf0, 0x2f, 0xf0, 0x0, 0x0,
    0x5f, 0xf0, 0x2f, 0xf0, 0x0, 0x2, 0xdf, 0xc0,
    0x2f, 0xfc, 0xcc, 0xdf, 0xff, 0x30, 0x2f, 0xff,
    0xff, 0xfd, 0x92, 0x0,

    /* U+0413 "Г" */
    0x1f, 0xff, 0xff, 0xff, 0xf1, 0xff, 0xdd, 0xdd,
    0xdd, 0x1f, 0xf1, 0x0, 0x0, 0x1, 0xff, 0x10,
    0x0, 0x0, 0x1f, 0xf1, 0x0, 0x0, 0x1, 0xff,
    0x10, 0x0, 0x0, 0x1f, 0xf1, 0x0, 0x0, 0x1,
    0xff, 0x10, 0x0, 0x0, 0x1f, 0xf1, 0x0, 0x0,
    0x1, 0xff, 0x10, 0x0, 0x0, 0x1f, 0xf1, 0x0,
    0x0, 0x1, 0xff, 0x10, 0x0, 0x0, 0x1f, 0xf1,
    0x0, 0x0, 0x1, 0xff, 0x10, 0x0, 0x0,

    /* U+0414 "Д" */
    0x0, 0x1, 0xff, 0xff, 0xff, 0xff, 0xc0, 0x0,
    0x0, 0x2f, 0xfd, 0xdd, 0xde, 0xfc, 0x0, 0x0,
    0x3, 0xfc, 0x0, 0x0, 0x5f, 0xc0, 0x0, 0x0,
    0x4f, 0xb0, 0x0, 0x5, 0xfc, 0x0, 0x0, 0x5,
    0xfa, 0x0, 0x0, 0x5f, 0xc0, 0x0, 0x0, 0x6f,
    0x90, 0x0, 0x5, 0xfc, 0x0, 0x0, 0x7, 0xf8,
    0x0, 0x0, 0x5f, 0xc0, 0x0, 0x0, 0x9f, 0x70,
    0x0, 0x5, 0xfc, 0x0, 0x0, 0xb, 0xf5, 0x0,
    0x0, 0x5f, 0xc0, 0x0, 0x0, 0xff, 0x10, 0x0,
    0x5, 0xfc, 0x0, 0x0, 0x6f, 0xc0, 0x0, 0x0,
    0x5f, 0xc0, 0x0, 0xe, 0xf5, 0x0, 0x0, 0x5,
    0xfc, 0x0, 0xae, 0xff, 0xdd, 0xdd, 0xdd, 0xef,
    0xfd, 0x9c, 0xff, 0xff, 0xff, 0xff, 0xff, 0xff,
    0xfa, 0xcf, 0x40, 0x0, 0x0, 0x0, 0x0, 0x6f,
    0xac, 0xf4, 0x0, 0x0, 0x0, 0x0, 0x6, 0xfa,
    0xcf, 0x40, 0x0, 0x0, 0x0, 0x0, 0x6f, 0xa1,
    0x10, 0x0, 0x0, 0x0, 0x0, 0x0, 0x11,

    /* U+0415 "Е" */
    0x2f, 0xff, 0xff, 0xff, 0xf2, 0xff, 0xdd, 0xdd,
    0xdd, 0x2f, 0xf0, 0x0, 0x0, 0x2, 0xff, 0x0,
    0x0, 0x0, 0x2f, 0xf0, 0x0, 0x0, 0x2, 0xff,
    0x0, 0x0, 0x0, 0x2f, 0xff, 0xff, 0xff, 0xa2,
    0xff, 0xdd, 0xdd, 0xd8, 0x2f, 0xf0, 0x0, 0x0,
    0x2, 0xff, 0x0, 0x0, 0x0, 0x2f, 0xf0, 0x0,
    0x0, 0x2, 0xff, 0x0, 0x0, 0x0, 0x2f, 0xfd,
    0xdd, 0xdd, 0xd2, 0xff, 0xff, 0xff, 0xff,

    /* U+0416 "Ж" */
    0x3f, 0xf1, 0x0, 0x0, 0xcf, 0x50, 0x0, 0x7,
    0xfc, 0x0, 0x8f, 0xb0, 0x0, 0xc, 0xf5, 0x0,
    0x2, 0xff, 0x20, 0x0, 0xdf, 0x50, 0x0, 0xcf,
    0x50, 0x0, 0xbf, 0x80, 0x0, 0x3, 0xfe, 0x10,
    0xc, 0xf5, 0x0, 0x6f, 0xd0, 0x0, 0x0, 0x9,
    0xfa, 0x0, 0xcf, 0x50, 0x1f, 0xf3, 0x0, 0x0,
    0x0, 0xe, 0xf5, 0xc, 0xf5, 0xb, 0xf8, 0x0,
    0x0, 0x0, 0x0, 0x4f, 0xff, 0xff, 0xff, 0xfe,
    0x0, 0x0, 0x0, 0x0, 0x8, 0xff, 0xdf, 0xfe,
    0xdf, 0xf2, 0x0, 0x0, 0x0, 0x3, 0xff, 0x30,
    0xcf, 0x50, 0xaf, 0xd0, 0x0, 0x0, 0x0, 0xdf,
    0x80, 0xc, 0xf5, 0x1, 0xef, 0x80, 0x0, 0x0,
    0x9f, 0xd0, 0x0, 0xcf, 0x50, 0x4, 0xff, 0x30,
    0x0, 0x3f, 0xf3, 0x0, 0xc, 0xf5, 0x0, 0x9,
    0xfd, 0x0, 0xd, 0xf8, 0x0, 0x0, 0xcf, 0x50,
    0x0, 0xe, 0xf8, 0x9, 0xfd, 0x0, 0x0, 0xc,
    0xf5, 0x0, 0x0, 0x4f, 0xf3,

    /* U+0417 "З" */
    0x5, 0xad, 0xef, 0xeb, 0x40, 0x0, 0xdf, 0xfe,
    0xef, 0xff, 0x80, 0x3, 0x30, 0x0, 0x19, 0xff,
    0x0, 0x0, 0x0, 0x0, 0x3f, 0xf0, 0x0, 0x0,
    0x0, 0x1a, 0xf9, 0x0, 0x4, 0xcc, 0xdf, 0xd7,
    0x0, 0x0, 0x6f, 0xff, 0xfd, 0x80, 0x0, 0x0,
    0x0, 0x14, 0xcf, 0xc0, 0x0, 0x0, 0x0, 0x1,
    0xff, 0x40, 0x0, 0x0, 0x0, 0xc, 0xf7, 0x0,
    0x0, 0x0, 0x0, 0xef, 0x61, 0x61, 0x0, 0x2,
    0xaf, 0xf1, 0x3f, 0xff, 0xde, 0xff, 0xf6, 0x1,
    0x8c, 0xef, 0xfd, 0x92, 0x0,

    /* U+0418 "И" */
    0x1f, 0xf1, 0x0, 0x0, 0x6, 0xff, 0x61, 0xff,
    0x10, 0x0, 0x1, 0xef, 0xf6, 0x1f, 0xf1, 0x0,
    0x0, 0x9f, 0xef, 0x61, 0xff, 0x10, 0x0, 0x3f,
    0xba, 0xf6, 0x1f, 0xf1, 0x0, 0xc, 0xf2, 0xbf,
    0x61, 0xff, 0x10, 0x6, 0xf7, 0xb, 0xf6, 0x1f,
    0xf1, 0x1, 0xed, 0x0, 0xcf, 0x61, 0xff, 0x0,
    0x9f, 0x40, 0xc, 0xf6, 0x1f, 0xf0, 0x3f, 0xa0,
    0x0, 0xcf, 0x61, 0xff, 0xc, 0xf1, 0x0, 0xc,
    0xf6, 0x1f, 0xf6, 0xf7, 0x0, 0x0, 0xcf, 0x61,
    0xff, 0xed, 0x0, 0x0, 0xc, 0xf6, 0x1f, 0xff,
    0x40, 0x0, 0x0, 0xcf, 0x61, 0xff, 0xa0, 0x0,
    0x0, 0xc, 0xf6,

    /* U+0419 "Й" */
    0x0, 0x5, 0x82, 0x0, 0x77, 0x0, 0x0, 0x0,
    0x6f, 0xa2, 0x6f, 0xc0, 0x0, 0x0, 0x0, 0xaf,
    0xff, 0xd2, 0x0, 0x0, 0x0, 0x0, 0x13, 0x20,
    0x0, 0x0, 0x0, 0x0, 0x0, 0x0, 0x0, 0x0,
    0x1, 0xff, 0x10, 0x0, 0x0, 0x6f, 0xf6, 0x1f,
    0xf1, 0x0, 0x0, 0x1e, 0xff, 0x61, 0xff, 0x10,
    0x0, 0x9, 0xfe, 0xf6, 0x1f, 0xf1, 0x0, 0x3,
    0xfb, 0xaf, 0x61, 0xff, 0x10, 0x0, 0xcf, 0x2b,
    0xf6, 0x1f, 0xf1, 0x0, 0x6f, 0x70, 0xbf, 0x61,
    0xff, 0x10, 0x1e, 0xd0, 0xc, 0xf6, 0x1f, 0xf0,
    0x9, 0xf4, 0x0, 0xcf, 0x61, 0xff, 0x3, 0xfa,
    0x0, 0xc, 0xf6, 0x1f, 0xf0, 0xcf, 0x10, 0x0,
    0xcf, 0x61, 0xff, 0x6f, 0x70, 0x0, 0xc, 0xf6,
    0x1f, 0xfe, 0xd0, 0x0, 0x0, 0xcf, 0x61, 0xff,
    0xf4, 0x0, 0x0, 0xc, 0xf6, 0x1f, 0xfa, 0x0,
    0x0, 0x0, 0xcf, 0x60,

    /* U+041A "К" */
    0x1f, 0xf1, 0x0, 0x0, 0x5f, 0xe1, 0x1f, 0xf1,
    0x0, 0x1, 0xef, 0x40, 0x1f, 0xf1, 0x0, 0xa,
    0xf9, 0x0, 0x1f, 0xf1, 0x0, 0x5f, 0xe0, 0x0,
    0x1f, 0xf1, 0x1, 0xef, 0x40, 0x0, 0x1f, 0xf1,
    0xa, 0xf9, 0x0, 0x0, 0x1f, 0xff, 0xff, 0xe0,
    0x0, 0x0, 0x1f, 0xfd, 0xdf, 0xf3, 0x0, 0x0,
    0x1f, 0xf1, 0x9, 0xfd, 0x0, 0x0, 0x1f, 0xf1,
    0x0, 0xdf, 0x90, 0x0, 0x1f, 0xf1, 0x0, 0x3f,
    0xf4, 0x0, 0x1f, 0xf1, 0x0, 0x8, 0xfe, 0x10,
    0x1f, 0xf1, 0x0, 0x0, 0xcf, 0xa0, 0x1f, 0xf1,
    0x0, 0x0, 0x2f, 0xf6,

    /* U+041B "Л" */
    0x0, 0x9, 0xff, 0xff, 0xff, 0xff, 0x40, 0x0,
    0xaf, 0xed, 0xdd, 0xdf, 0xf4, 0x0, 0xb, 0xf5,
    0x0, 0x0, 0xef, 0x40, 0x0, 0xcf, 0x40, 0x0,
    0xe, 0xf4, 0x0, 0xc, 0xf3, 0x0, 0x0, 0xef,
    0x40, 0x0, 0xdf, 0x20, 0x0, 0xe, 0xf4, 0x0,
    0xe, 0xf1, 0x0, 0x0, 0xef, 0x40, 0x0, 0xff,
    0x0, 0x0, 0xe, 0xf4, 0x0, 0x1f, 0xf0, 0x0,
    0x0, 0xef, 0x40, 0x2, 0xfd, 0x0, 0x0, 0xe,
    0xf4, 0x0, 0x5f, 0xb0, 0x0, 0x0, 0xef, 0x40,
    0x1c, 0xf8, 0x0, 0x0, 0xe, 0xf4, 0xef, 0xff,
    0x20, 0x0, 0x0, 0xef, 0x4c, 0xfc, 0x40, 0x0,
    0x0, 0xe, 0xf4,

    /* U+041C "М" */
    0x1f, 0xff, 0x20, 0x0, 0x0, 0x0, 0xdf, 0xf7,
    0x1f, 0xff, 0x80, 0x0, 0x0, 0x3, 0xff, 0xf7,
    0x1f, 0xdf, 0xe0, 0x0, 0x0, 0x9, 0xfc, 0xf7,
    0x1f, 0xcb, 0xf4, 0x0, 0x0, 0xe, 0xe9, 0xf7,
    0x1f, 0xd5, 0xf9, 0x0, 0x0, 0x5f, 0x89, 0xf7,
    0x1f, 0xd0, 0xef, 0x0, 0x0, 0xbf, 0x2a, 0xf7,
    0x1f, 0xd0, 0x9f, 0x50, 0x1, 0xfc, 0xa, 0xf7,
    0x1f, 0xd0, 0x3f, 0xb0, 0x7, 0xf6, 0xa, 0xf7,
    0x1f, 0xd0, 0xd, 0xf1, 0xd, 0xf1, 0xa, 0xf7,
    0x1f, 0xd0, 0x8, 0xf7, 0x3f, 0xa0, 0xa, 0xf7,
    0x1f, 0xd0, 0x2, 0xfc, 0x9f, 0x40, 0xa, 0xf7,
    0x1f, 0xd0, 0x0, 0xcf, 0xfe, 0x0, 0xa, 0xf7,
    0x1f, 0xd0, 0x0, 0x6f, 0xf8, 0x0, 0xa, 0xf7,
    0x1f, 0xd0, 0x0, 0x1f, 0xf2, 0x0, 0xa, 0xf7,

    /* U+041D "Н" */
    0x1f, 0xf1, 0x0, 0x0, 0x0, 0xff, 0x21, 0xff,
    0x10, 0x0, 0x0, 0xf, 0xf2, 0x1f, 0xf1, 0x0,
    0x0, 0x0, 0xff, 0x21, 0xff, 0x10, 0x0, 0x0,
    0xf, 0xf2, 0x1f, 0xf1, 0x0, 0x0, 0x0, 0xff,
    0x21, 0xff, 0x10, 0x0, 0x0, 0xf, 0xf2, 0x1f,
    0xff, 0xff, 0xff, 0xff, 0xff, 0x21, 0xff, 0xdd,
    0xdd, 0xdd, 0xdf, 0xf2, 0x1f, 0xf1, 0x0, 0x0,
    0x0, 0xff, 0x21, 0xff, 0x10, 0x0, 0x0, 0xf,
    0xf2, 0x1f, 0xf1, 0x0, 0x0, 0x0, 0xff, 0x21,
    0xff, 0x10, 0x0, 0x0, 0xf, 0xf2, 0x1f, 0xf1,
    0x0, 0x0, 0x0, 0xff, 0x21, 0xff, 0x10, 0x0,
    0x0, 0xf, 0xf2,

    /* U+041E "О" */
    0x0, 0x4, 0xad, 0xfe, 0xc7, 0x0, 0x0, 0x0,
    0xaf, 0xff, 0xde, 0xff, 0xe2, 0x0, 0x9, 0xff,
    0x60, 0x0, 0x3d, 0xfd, 0x0, 0x2f, 0xf5, 0x0,
    0x0, 0x1, 0xef, 0x70, 0x8f, 0xd0, 0x0, 0x0,
    0x0, 0x8f, 0xd0, 0xbf, 0x90, 0x0, 0x0, 0x0,
    0x4f, 0xf0, 0xcf, 0x70, 0x0, 0x0, 0x0, 0x2f,
    0xf1, 0xcf, 0x70, 0x0, 0x0, 0x0, 0x2f, 0xf1,
    0xbf, 0x90, 0x0, 0x0, 0x0, 0x4f, 0xf0, 0x7f,
    0xd0, 0x0, 0x0, 0x0, 0x8f, 0xc0, 0x2f, 0xf5,
    0x0, 0x0, 0x1, 0xef, 0x70, 0x8, 0xff, 0x60,
    0x0, 0x3d, 0xfd, 0x0, 0x0, 0xaf, 0xff, 0xef,
    0xff, 0xd2, 0x0, 0x0, 0x4, 0xae, 0xfe, 0xc6,
    0x0, 0x0,

    /* U+041F "П" */
    0x1f, 0xff, 0xff, 0xff, 0xff, 0xff, 0x1f, 0xfd,
    0xdd, 0xdd, 0xde, 0xff, 0x1f, 0xf1, 0x0, 0x0,
    0x3, 0xff, 0x1f, 0xf1, 0x0, 0x0, 0x3, 0xff,
    0x1f, 0xf1, 0x0, 0x0, 0x3, 0xff, 0x1f, 0xf1,
    0x0, 0x0, 0x3, 0xff, 0x1f, 0xf1, 0x0, 0x0,
    0x3, 0xff, 0x1f, 0xf1, 0x0, 0x0, 0x3, 0xff,
    0x1f, 0xf1, 0x0, 0x0, 0x3, 0xff, 0x1f, 0xf1,
    0x0, 0x0, 0x3, 0xff, 0x1f, 0xf1, 0x0, 0x0,
    0x3, 0xff, 0x1f, 0xf1, 0x0, 0x0, 0x3, 0xff,
    0x1f, 0xf1, 0x0, 0x0, 0x3, 0xff, 0x1f, 0xf1,
    0x0, 0x0, 0x3, 0xff,

    /* U+0420 "Р" */
    0x2f, 0xff, 0xff, 0xda, 0x20, 0x2, 0xff, 0xdd,
    0xef, 0xff, 0x40, 0x2f, 0xf0, 0x0, 0x2c, 0xfe,
    0x2, 0xff, 0x0, 0x0, 0x2f, 0xf2, 0x2f, 0xf0,
    0x0, 0x0, 0xff, 0x22, 0xff, 0x0, 0x0, 0x4f,
    0xf0, 0x2f, 0xf0, 0x1, 0x5e, 0xfa, 0x2, 0xff,
    0xff, 0xff, 0xfc, 0x10, 0x2f, 0xfd, 0xdc, 0xa5,
    0x0, 0x2, 0xff, 0x0, 0x0, 0x0, 0x0, 0x2f,
    0xf0, 0x0, 0x0, 0x0, 0x2, 0xff, 0x0, 0x0,
    0x0, 0x0, 0x2f, 0xf0, 0x0, 0x0, 0x0, 0x2,
    0xff, 0x0, 0x0, 0x0, 0x0,

    /* U+0421 "С" */
    0x0, 0x3, 0x9d, 0xff, 0xda, 0x50, 0x0, 0x8f,
    0xff, 0xee, 0xff, 0xc0, 0x7, 0xff, 0x81, 0x0,
    0x5, 0x30, 0x1f, 0xf7, 0x0, 0x0, 0x0, 0x0,
    0x7f, 0xe0, 0x0, 0x0, 0x0, 0x0, 0xbf, 0x90,
    0x0, 0x0, 0x0, 0x0, 0xcf, 0x70, 0x0, 0x0,
    0x0, 0x0, 0xdf, 0x70, 0x0, 0x0, 0x0, 0x0,
    0xbf, 0x90, 0x0, 0x0, 0x0, 0x0, 0x8f, 0xd0,
    0x0, 0x0, 0x0, 0x0, 0x2f, 0xf6, 0x0, 0x0,
    0x0, 0x0, 0xa, 0xff, 0x82, 0x0, 0x3, 0x40,
    0x0, 0xbf, 0xff, 0xfe, 0xff, 0xa0, 0x0, 0x5,
    0xae, 0xff, 0xda, 0x40,

    /* U+0422 "Т" */
    0xbf, 0xff, 0xff, 0xff, 0xff, 0xfa, 0xdd, 0xde,
    0xff, 0xdd, 0xdd, 0x0, 0x0, 0x7f, 0xb0, 0x0,
    0x0, 0x0, 0x7, 0xfb, 0x0, 0x0, 0x0, 0x0,
    0x7f, 0xb0, 0x0, 0x0, 0x0, 0x7, 0xfb, 0x0,
    0x0, 0x0, 0x0, 0x7f, 0xb0, 0x0, 0x0, 0x0,
    0x7, 0xfb, 0x0, 0x0, 0x0, 0x0, 0x7f, 0xb0,
    0x0, 0x0, 0x0, 0x7, 0xfb, 0x0, 0x0, 0x0,
    0x0, 0x7f, 0xb0, 0x0, 0x0, 0x0, 0x7, 0xfb,
    0x0, 0x0, 0x0, 0x0, 0x7f, 0xb0, 0x0, 0x0,
    0x0, 0x7, 0xfb, 0x0, 0x0,

    /* U+0423 "У" */
    0x9f, 0xb0, 0x0, 0x0, 0x0, 0xff, 0x41, 0xff,
    0x30, 0x0, 0x0, 0x6f, 0xd0, 0x9, 0xfb, 0x0,
    0x0, 0xd, 0xf5, 0x0, 0x1f, 0xf3, 0x0, 0x4,
    0xfe, 0x0, 0x0, 0x8f, 0xb0, 0x0, 0xbf, 0x70,
    0x0, 0x1, 0xff, 0x30, 0x2f, 0xf0, 0x0, 0x0,
    0x8, 0xfb, 0x9, 0xf8, 0x0, 0x0, 0x0, 0x1e,
    0xf4, 0xff, 0x10, 0x0, 0x0, 0x0, 0x7f, 0xef,
    0xa0, 0x0, 0x0, 0x0, 0x0, 0xef, 0xf2, 0x0,
    0x0, 0x0, 0x0, 0xc, 0xfa, 0x0, 0x0, 0x0,
    0x0, 0x19, 0xff, 0x20, 0x0, 0x0, 0x7, 0xff,
    0xff, 0x60, 0x0, 0x0, 0x0, 0x6e, 0xfc, 0x40,
    0x0, 0x0, 0x0,

    /* U+0424 "Ф" */
    0x0, 0x0, 0x0, 0xaf, 0x70, 0x0, 0x0, 0x0,
    0x2, 0x8d, 0xff, 0xff, 0xec, 0x81, 0x0, 0x5,
    0xff, 0xfd, 0xef, 0xdd, 0xff, 0xe3, 0x2, 0xff,
    0x80, 0xa, 0xf7, 0x1, 0xaf, 0xe1, 0x9f, 0xb0,
    0x0, 0xaf, 0x70, 0x0, 0xcf, 0x7d, 0xf6, 0x0,
    0xa, 0xf7, 0x0, 0x7, 0xfb, 0xef, 0x30, 0x0,
    0xaf, 0x70, 0x0, 0x6f, 0xcd, 0xf5, 0x0, 0xa,
    0xf7, 0x0, 0x7, 0xfa, 0x9f, 0xa0, 0x0, 0xaf,
    0x70, 0x0, 0xdf, 0x72, 0xff, 0x80, 0xa, 0xf7,
    0x1, 0xaf, 0xe1, 0x5, 0xff, 0xfd, 0xef, 0xed,
    0xff, 0xe3, 0x0, 0x2, 0x8d, 0xff, 0xff, 0xec,
    0x71, 0x0, 0x0, 0x0, 0x0, 0xaf, 0x70, 0x0,
    0x0, 0x0, 0x0, 0x0, 0xa, 0xf7, 0x0, 0x0,
    0x0,

    /* U+0425 "Х" */
    0x4f, 0xf1, 0x0, 0x0, 0xc, 0xf7, 0x0, 0xaf,
    0xb0, 0x0, 0x6, 0xfc, 0x0, 0x1, 0xef, 0x50,
    0x1, 0xff, 0x30, 0x0, 0x5, 0xfe, 0x10, 0xbf,
    0x80, 0x0, 0x0, 0xa, 0xf9, 0x5f, 0xd0, 0x0,
    0x0, 0x0, 0x1e, 0xfe, 0xf3, 0x0, 0x0, 0x0,
    0x0, 0x6f, 0xf9, 0x0, 0x0, 0x0, 0x0, 0xb,
    0xff, 0xd0, 0x0, 0x0, 0x0, 0x5, 0xfd, 0xbf,
    0x80, 0x0, 0x0, 0x1, 0xef, 0x32, 0xff, 0x30,
    0x0, 0x0, 0xaf, 0x90, 0x7, 0xfd, 0x0, 0x0,
    0x4f, 0xe0, 0x0, 0xd, 0xf8, 0x0, 0xe, 0xf4,
    0x0, 0x0, 0x3f, 0xf2, 0x9, 0xfa, 0x0, 0x0,
    0x0, 0x9f, 0xc0,

    /* U+0426 "Ц" */
    0x1f, 0xf1, 0x0, 0x0, 0x4, 0xfe, 0x0, 0x1f,
    0xf1, 0x0, 0x0, 0x4, 0xfe, 0x0, 0x1f, 0xf1,
    0x0, 0x0, 0x4, 0xfe, 0x0, 0x1f, 0xf1, 0x0,
    0x0, 0x4, 0xfe, 0x0, 0x1f, 0xf1, 0x0, 0x0,
    0x4, 0xfe, 0x0, 0x1f, 0xf1, 0x0, 0x0, 0x4,
    0xfe, 0x0, 0x1f, 0xf1, 0x0, 0x0, 0x4, 0xfe,
    0x0, 0x1f, 0xf1, 0x0, 0x0, 0x4, 0xfe, 0x0,
    0x1f, 0xf1, 0x0, 0x0, 0x4, 0xfe, 0x0, 0x1f,
    0xf1, 0x0, 0x0, 0x4, 0xfe, 0x0, 0x1f, 0xf1,
    0x0, 0x0, 0x4, 0xfe, 0x0, 0x1f, 0xf1, 0x0,
    0x0, 0x4, 0xfe, 0x0, 0x1f, 0xfd, 0xdd, 0xdd,
    0xde, 0xff, 0xdb, 0x1f, 0xff, 0xff, 0xff, 0xff,
    0xff, 0xfd, 0x0, 0x0, 0x0, 0x0, 0x0, 0x4,
    0xfd, 0x0, 0x0, 0x0, 0x0, 0x0, 0x4, 0xfd,
    0x0, 0x0, 0x0, 0x0, 0x0, 0x4, 0xfd, 0x0,
    0x0, 0x0, 0x0, 0x0, 0x0, 0x11,

    /* U+0427 "Ч" */
    0x8f, 0xa0, 0x0, 0x0, 0x5f, 0xd8, 0xfa, 0x0,
    0x0, 0x5, 0xfd, 0x8f, 0xa0, 0x0, 0x0, 0x5f,
    0xd8, 0xfa, 0x0, 0x0, 0x5, 0xfd, 0x8f, 0xa0,
    0x0, 0x0, 0x5f, 0xd7, 0xfd, 0x0, 0x0, 0x5,
    0xfd, 0x3f, 0xf8, 0x10, 0x14, 0xaf, 0xd0, 0x9f,
    0xff, 0xff, 0xff, 0xfd, 0x0, 0x5a, 0xcc, 0xb8,
    0x8f, 0xd0, 0x0, 0x0, 0x0, 0x5, 0xfd, 0x0,
    0x0, 0x0, 0x0, 0x5f, 0xd0, 0x0, 0x0, 0x0,
    0x5, 0xfd, 0x0, 0x0, 0x0, 0x0, 0x5f, 0xd0,
    0x0, 0x0, 0x0, 0x5, 0xfd,

    /* U+0428 "Ш" */
    0x2f, 0xf0, 0x0, 0x0, 0xaf, 0x80, 0x0, 0x2,
    0xff, 0x2, 0xff, 0x0, 0x0, 0xa, 0xf8, 0x0,
    0x0, 0x2f, 0xf0, 0x2f, 0xf0, 0x0, 0x0, 0xaf,
    0x80, 0x0, 0x2, 0xff, 0x2, 0xff, 0x0, 0x0,
    0xa, 0xf8, 0x0, 0x0, 0x2f, 0xf0, 0x2f, 0xf0,
    0x0, 0x0, 0xaf, 0x80, 0x0, 0x2, 0xff, 0x2,
    0xff, 0x0, 0x0, 0xa, 0xf8, 0x0, 0x0, 0x2f,
    0xf0, 0x2f, 0xf0, 0x0, 0x0, 0xaf, 0x80, 0x0,
    0x2, 0xff, 0x2, 0xff, 0x0, 0x0, 0xa, 0xf8,
    0x0, 0x0, 0x2f, 0xf0, 0x2f, 0xf0, 0x0, 0x0,
    0xaf, 0x80, 0x0, 0x2, 0xff, 0x2, 0xff, 0x0,
    0x0, 0xa, 0xf8, 0x0, 0x0, 0x2f, 0xf0, 0x2f,
    0xf0, 0x0, 0x0, 0xaf, 0x80, 0x0, 0x2, 0xff,
    0x2, 0xff, 0x0, 0x0, 0xa, 0xf8, 0x0, 0x0,
    0x2f, 0xf0, 0x2f, 0xfe, 0xee, 0xee, 0xff, 0xfe,
    0xee, 0xee, 0xff, 0x2, 0xff, 0xff, 0xff, 0xff,
    0xff, 0xff, 0xff, 0xff, 0xf0,

    /* U+0429 "Щ" */
    0x2f, 0xf0, 0x0, 0x0, 0xcf, 0x50, 0x0, 0x7,
    0xfb, 0x0, 0x2f, 0xf0, 0x0, 0x0, 0xcf, 0x50,
    0x0, 0x7, 0xfb, 0x0, 0x2f, 0xf0, 0x0, 0x0,
    0xcf, 0x50, 0x0, 0x7, 0xfb, 0x0, 0x2f, 0xf0,
    0x0, 0x0, 0xcf, 0x50, 0x0, 0x7, 0xfb, 0x0,
    0x2f, 0xf0, 0x0, 0x0, 0xcf, 0x50, 0x0, 0x7,
    0xfb, 0x0, 0x2f, 0xf0, 0x0, 0x0, 0xcf, 0x50,
    0x0, 0x7, 0xfb, 0x0, 0x2f, 0xf0, 0x0, 0x0,
    0xcf, 0x50, 0x0, 0x7, 0xfb, 0x0, 0x2f, 0xf0,
    0x0, 0x0, 0xcf, 0x50, 0x0, 0x7, 0xfb, 0x0,
    0x2f, 0xf0, 0x0, 0x0, 0xcf, 0x50, 0x0, 0x7,
    0xfb, 0x0, 0x2f, 0xf0, 0x0, 0x0, 0xcf, 0x50,
    0x0, 0x7, 0xfb, 0x0, 0x2f, 0xf0, 0x0, 0x0,
    0xcf, 0x50, 0x0, 0x7, 0xfb, 0x0, 0x2f, 0xf0,
    0x0, 0x0, 0xcf, 0x50, 0x0, 0x7, 0xfb, 0x0,
    0x2f, 0xfd, 0xdd, 0xdd, 0xff, 0xed, 0xdd, 0xde,
    0xff, 0xd8, 0x2f, 0xff, 0xff, 0xff, 0xff, 0xff,
    0xff, 0xff, 0xff, 0xfa, 0x0, 0x0, 0x0, 0x0,
    0x0, 0x0, 0x0, 0x0, 0x7, 0xfa, 0x0, 0x0,
    0x0, 0x0, 0x0, 0x0, 0x0, 0x0, 0x7, 0xfa,
    0x0, 0x0, 0x0, 0x0, 0x0, 0x0, 0x0, 0x0,
    0x7, 0xfa, 0x0, 0x0, 0x0, 0x0, 0x0, 0x0,
    0x0, 0x0, 0x1, 0x21,

    /* U+042A "Ъ" */
    0xbf, 0xff, 0xfc, 0x0, 0x0, 0x0, 0x0, 0xad,
    0xde, 0xfc, 0x0, 0x0, 0x0, 0x0, 0x0, 0x5,
    0xfc, 0x0, 0x0, 0x0, 0x0, 0x0, 0x5, 0xfc,
    0x0, 0x0, 0x0, 0x0, 0x0, 0x5, 0xfc, 0x0,
    0x0, 0x0, 0x0, 0x0, 0x5, 0xff, 0xdd, 0xca,
    0x60, 0x0, 0x0, 0x5, 0xff, 0xff, 0xff, 0xfd,
    0x10, 0x0, 0x5, 0xfd, 0x0, 0x15, 0xef, 0xb0,
    0x0, 0x5, 0xfd, 0x0, 0x0, 0x5f, 0xf0, 0x0,
    0x5, 0xfd, 0x0, 0x0, 0x2f, 0xf1, 0x0, 0x5,
    0xfd, 0x0, 0x0, 0x4f, 0xf0, 0x0, 0x5, 0xfd,
    0x0, 0x3, 0xdf, 0xb0, 0x0, 0x5, 0xff, 0xdd,
    0xef, 0xfe, 0x20, 0x0, 0x5, 0xff, 0xff, 0xfd,
    0x81, 0x0,

    /* U+042B "Ы" */
    0x1f, 0xf0, 0x0, 0x0, 0x0, 0x0, 0xaf, 0x81,
    0xff, 0x0, 0x0, 0x0, 0x0, 0xa, 0xf8, 0x1f,
    0xf0, 0x0, 0x0, 0x0, 0x0, 0xaf, 0x81, 0xff,
    0x0, 0x0, 0x0, 0x0, 0xa, 0xf8, 0x1f, 0xf0,
    0x0, 0x0, 0x0, 0x0, 0xaf, 0x81, 0xff, 0xff,
    0xfd, 0xa3, 0x0, 0xa, 0xf8, 0x1f, 0xfd, 0xde,
    0xff, 0xf5, 0x0, 0xaf, 0x81, 0xff, 0x10, 0x1,
    0xbf, 0xe0, 0xa, 0xf8, 0x1f, 0xf1, 0x0, 0x1,
    0xff, 0x30, 0xaf, 0x81, 0xff, 0x10, 0x0, 0xe,
    0xf5, 0xa, 0xf8, 0x1f, 0xf1, 0x0, 0x1, 0xff,
    0x30, 0xaf, 0x81, 0xff, 0x10, 0x1, 0xbf, 0xe0,
    0xa, 0xf8, 0x1f, 0xfd, 0xde, 0xff, 0xf4, 0x0,
    0xaf, 0x81, 0xff, 0xff, 0xfd, 0x92, 0x0, 0xa,
    0xf8,

    /* U+042C "Ь" */
    0x1f, 0xf1, 0x0, 0x0, 0x0, 0x1, 0xff, 0x10,
    0x0, 0x0, 0x0, 0x1f, 0xf1, 0x0, 0x0, 0x0,
    0x1, 0xff, 0x10, 0x0, 0x0, 0x0, 0x1f, 0xf1,
    0x0, 0x0, 0x0, 0x1, 0xff, 0xdd, 0xcb, 0x71,
    0x0, 0x1f, 0xff, 0xff, 0xff, 0xf4, 0x1, 0xff,
    0x10, 0x13, 0xcf, 0xe0, 0x1f, 0xf1, 0x0, 0x1,
    0xff, 0x41, 0xff, 0x10, 0x0, 0xe, 0xf5, 0x1f,
    0xf1, 0x0, 0x0, 0xff, 0x41, 0xff, 0x10, 0x1,
    0xaf, 0xe0, 0x1f, 0xfd, 0xde, 0xff, 0xf5, 0x1,
    0xff, 0xff, 0xfd, 0x92, 0x0,

    /* U+042D "Э" */
    0x5, 0xad, 0xff, 0xda, 0x30, 0x0, 0xd, 0xff,
    0xee, 0xff, 0xf9, 0x0, 0x3, 0x30, 0x0, 0x6,
    0xef, 0x80, 0x0, 0x0, 0x0, 0x0, 0x3f, 0xf2,
    0x0, 0x0, 0x0, 0x0, 0xa, 0xf7, 0x0, 0x2d,
    0xdd, 0xdd, 0xde, 0xfa, 0x0, 0x3f, 0xff, 0xff,
    0xff, 0xfc, 0x0, 0x0, 0x0, 0x0, 0x8, 0xfc,
    0x0, 0x0, 0x0, 0x0, 0xa, 0xfa, 0x0, 0x0,
    0x0, 0x0, 0xf, 0xf6, 0x0, 0x0, 0x0, 0x0,
    0x8f, 0xf1, 0x7, 0x20, 0x0, 0x29, 0xff, 0x70,
    0xf, 0xff, 0xee, 0xff, 0xf8, 0x0, 0x6, 0xbe,
    0xff, 0xd9, 0x30, 0x0,

    /* U+042E "Ю" */
    0x1f, 0xf1, 0x0, 0x0, 0x5b, 0xef, 0xec, 0x60,
    0x0, 0x1f, 0xf1, 0x0, 0xb, 0xff, 0xca, 0xbf,
    0xfc, 0x10, 0x1f, 0xf1, 0x0, 0xaf, 0xe3, 0x0,
    0x1, 0xcf, 0xb0, 0x1f, 0xf1, 0x2, 0xff, 0x40,
    0x0, 0x0, 0x1f, 0xf4, 0x1f, 0xf1, 0x7, 0xfe,
    0x0, 0x0, 0x0, 0xa, 0xf9, 0x1f, 0xfd, 0xde,
    0xfa, 0x0, 0x0, 0x0, 0x7, 0xfc, 0x1f, 0xff,
    0xff, 0xf9, 0x0, 0x0, 0x0, 0x5, 0xfd, 0x1f,
    0xf1, 0x8, 0xf9, 0x0, 0x0, 0x0, 0x6, 0xfd,
    0x1f, 0xf1, 0x6, 0xfb, 0x0, 0x0, 0x0, 0x7,
    0xfc, 0x1f, 0xf1, 0x3, 0xfe, 0x0, 0x0, 0x0,
    0xb, 0xf9, 0x1f, 0xf1, 0x0, 0xdf, 0x60, 0x0,
    0x0, 0x3f, 0xf4, 0x1f, 0xf1, 0x0, 0x4f, 0xf6,
    0x0, 0x4, 0xef, 0xb0, 0x1f, 0xf1, 0x0, 0x7,
    0xff, 0xfd, 0xff, 0xfc, 0x10, 0x1f, 0xf1, 0x0,
    0x0, 0x3a, 0xef, 0xec, 0x60, 0x0,

    /* U+042F "Я" */
    0x0, 0x5, 0xbe, 0xff, 0xff, 0xf2, 0x0, 0xbf,
    0xff, 0xdd, 0xdf, 0xf2, 0x4, 0xff, 0x60, 0x0,
    0xf, 0xf2, 0x8, 0xfc, 0x0, 0x0, 0xf, 0xf2,
    0x7, 0xfc, 0x0, 0x0, 0xf, 0xf2, 0x2, 0xff,
    0x70, 0x0, 0xf, 0xf2, 0x0, 0x6f, 0xff, 0xdc,
    0xcf, 0xf2, 0x0, 0x2, 0xcf, 0xff, 0xff, 0xf2,
    0x0, 0x1, 0xff, 0x40, 0xf, 0xf2, 0x0, 0xb,
    0xfb, 0x0, 0xf, 0xf2, 0x0, 0x4f, 0xf2, 0x0,
    0xf, 0xf2, 0x0, 0xef, 0x70, 0x0, 0xf, 0xf2,
    0x8, 0xfd, 0x0, 0x0, 0xf, 0xf2, 0x2f, 0xf4,
    0x0, 0x0, 0xf, 0xf2,

    /* U+0430 "а" */
    0x1, 0x6b, 0xef, 0xeb, 0x30, 0x1, 0xff, 0xcb,
    0xdf, 0xf3, 0x0, 0x20, 0x0, 0x9, 0xfa, 0x0,
    0x0, 0x1, 0x16, 0xfc, 0x0, 0x6c, 0xff, 0xff,
    0xfc, 0x8, 0xff, 0x85, 0x48, 0xfc, 0xf, 0xf5,
    0x0, 0x5, 0xfc, 0x1f, 0xf1, 0x0, 0x8, 0xfc,
    0xf, 0xf5, 0x0, 0x3f, 0xfc, 0xa, 0xff, 0xbc,
    0xfa, 0xfc, 0x0, 0x9e, 0xfd, 0x60, 0xdc,

    /* U+0431 "б" */
    0x0, 0x0, 0x26, 0x9b, 0xd3, 0x0, 0x2, 0xbf,
    0xff, 0xff, 0x50, 0x3, 0xff, 0xd8, 0x53, 0x0,
    0x0, 0xdf, 0x60, 0x0, 0x0, 0x0, 0x5f, 0xa0,
    0x0, 0x0, 0x0, 0x9, 0xf5, 0x7d, 0xfe, 0xa1,
    0x0, 0xcf, 0xcf, 0xdc, 0xff, 0xe1, 0xe, 0xff,
    0x30, 0x1, 0xdf, 0x90, 0xff, 0x90, 0x0, 0x5,
    0xff, 0xf, 0xf5, 0x0, 0x0, 0x2f, 0xf1, 0xef,
    0x40, 0x0, 0x1, 0xff, 0x2c, 0xf6, 0x0, 0x0,
    0x2f, 0xf0, 0x8f, 0xa0, 0x0, 0x6, 0xfd, 0x2,
    0xff, 0x40, 0x2, 0xef, 0x60, 0x7, 0xff, 0xcc,
    0xff, 0xb0, 0x0, 0x4, 0xcf, 0xfc, 0x60, 0x0,

    /* U+0432 "в" */
    0x5f, 0xff, 0xff, 0xea, 0x20, 0x5f, 0xea, 0xaa,
    0xef, 0xe0, 0x5f, 0xc0, 0x0, 0x1f, 0xf3, 0x5f,
    0xc0, 0x0, 0x1f, 0xf2, 0x5f, 0xe9, 0x9a, 0xef,
    0x70, 0x5f, 0xff, 0xff, 0xfb, 0x40, 0x5f, 0xc0,
    0x1, 0x5f, 0xf3, 0x5f, 0xc0, 0x0, 0xa, 0xf8,
    0x5f, 0xc0, 0x0, 0xd, 0xf7, 0x5f, 0xea, 0xab,
    0xef, 0xe1, 0x5f, 0xff, 0xff, 0xe9, 0x20,

    /* U+0433 "г" */
    0x5f, 0xff, 0xff, 0xf9, 0x5f, 0xfc, 0xcc, 0xc6,
    0x5f, 0xc0, 0x0, 0x0, 0x5f, 0xc0, 0x0, 0x0,
    0x5f, 0xc0, 0x0, 0x0, 0x5f, 0xc0, 0x0, 0x0,
    0x5f, 0xc0, 0x0, 0x0, 0x5f, 0xc0, 0x0, 0x0,
    0x5f, 0xc0, 0x0, 0x0, 0x5f, 0xc0, 0x0, 0x0,
    0x5f, 0xc0, 0x0, 0x0,

    /* U+0434 "д" */
    0x0, 0x1f, 0xff, 0xff, 0xff, 0x80, 0x0, 0x1,
    0xff, 0xbb, 0xbe, 0xf8, 0x0, 0x0, 0x2f, 0xc0,
    0x0, 0x9f, 0x80, 0x0, 0x3, 0xfb, 0x0, 0x9,
    0xf8, 0x0, 0x0, 0x4f, 0xa0, 0x0, 0x9f, 0x80,
    0x0, 0x5, 0xf8, 0x0, 0x9, 0xf8, 0x0, 0x0,
    0x7f, 0x60, 0x0, 0x9f, 0x80, 0x0, 0xc, 0xf3,
    0x0, 0x9, 0xf8, 0x0, 0x3, 0xfe, 0x0, 0x0,
    0x9f, 0x80, 0x9, 0xef, 0xeb, 0xbb, 0xbe, 0xfd,
    0xb1, 0xdf, 0xff, 0xff, 0xff, 0xff, 0xff, 0x2d,
    0xf3, 0x0, 0x0, 0x0, 0xe, 0xf2, 0xdf, 0x30,
    0x0, 0x0, 0x0, 0xef, 0x2a, 0xc2, 0x0, 0x0,
    0x0, 0xb, 0xc1,

    /* U+0435 "е" */
    0x0, 0x6, 0xdf, 0xfb, 0x30, 0x0, 0xb, 0xfe,
    0xbc, 0xff, 0x40, 0x6, 0xfd, 0x10, 0x6, 0xfe,
    0x0, 0xcf, 0x60, 0x0, 0xe, 0xf3, 0xf, 0xfb,
    0x99, 0x99, 0xef, 0x50, 0xff, 0xff, 0xff, 0xff,
    0xf5, 0xf, 0xf3, 0x0, 0x0, 0x0, 0x0, 0xcf,
    0x70, 0x0, 0x0, 0x0, 0x6, 0xff, 0x40, 0x0,
    0x14, 0x0, 0xa, 0xff, 0xec, 0xdf, 0xd0, 0x0,
    0x5, 0xce, 0xfe, 0xb5, 0x0,

    /* U+0436 "ж" */
    0x3f, 0xe1, 0x0, 0x2f, 0xe0, 0x0, 0x2f, 0xe1,
    0x8, 0xfa, 0x0, 0x2f, 0xe0, 0x0, 0xdf, 0x50,
    0x0, 0xcf, 0x50, 0x2f, 0xe0, 0x8, 0xf9, 0x0,
    0x0, 0x2f, 0xe1, 0x2f, 0xe0, 0x3f, 0xd0, 0x0,
    0x0, 0x7, 0xfd, 0xbf, 0xfb, 0xef, 0x30, 0x0,
    0x0, 0x6, 0xff, 0xff, 0xff, 0xff, 0x30, 0x0,
    0x0, 0x1e, 0xf4, 0x2f, 0xe0, 0x7f, 0xc0, 0x0,
    0x0, 0xaf, 0xa0, 0x2f, 0xe0, 0xd, 0xf7, 0x0,
    0x4, 0xff, 0x10, 0x2f, 0xe0, 0x4, 0xff, 0x10,
    0xd, 0xf7, 0x0, 0x2f, 0xe0, 0x0, 0xaf, 0xb0,
    0x8f, 0xd0, 0x0, 0x2f, 0xe0, 0x0, 0x1f, 0xf5,

    /* U+0437 "з" */
    0x7, 0xce, 0xfe, 0xb4, 0x0, 0xe, 0xfc, 0xbd,
    0xff, 0x50, 0x2, 0x0, 0x0, 0x9f, 0xa0, 0x0,
    0x0, 0x0, 0x9f, 0x80, 0x0, 0x69, 0xac, 0xfb,
    0x0, 0x0, 0xbf, 0xff, 0xe7, 0x0, 0x0, 0x0,
    0x2, 0xbf, 0xa0, 0x0, 0x0, 0x0, 0x3f, 0xf0,
    0x12, 0x0, 0x0, 0x7f, 0xe0, 0x4f, 0xec, 0xbd,
    0xff, 0x60, 0x29, 0xde, 0xfe, 0xb5, 0x0,

    /* U+0438 "и" */
    0x5f, 0xc0, 0x0, 0xc, 0xff, 0x15, 0xfc, 0x0,
    0x5, 0xff, 0xf1, 0x5f, 0xc0, 0x0, 0xdf, 0xff,
    0x15, 0xfc, 0x0, 0x7f, 0x8f, 0xf1, 0x5f, 0xc0,
    0x1e, 0xe0, 0xff, 0x15, 0xfc, 0x9, 0xf5, 0xf,
    0xf1, 0x5f, 0xb2, 0xfc, 0x0, 0xff, 0x15, 0xfb,
    0xbf, 0x30, 0xf, 0xf1, 0x5f, 0xdf, 0xa0, 0x0,
    0xff, 0x15, 0xff, 0xf1, 0x0, 0xf, 0xf1, 0x5f,
    0xf8, 0x0, 0x0, 0xff, 0x10,

    /* U+0439 "й" */
    0x0, 0xdf, 0x0, 0x4f, 0x90, 0x0, 0x8, 0xf8,
    0x2b, 0xf4, 0x0, 0x0, 0xb, 0xff, 0xf7, 0x0,
    0x0, 0x0, 0x2, 0x31, 0x0, 0x0, 0x5f, 0xc0,
    0x0, 0xc, 0xff, 0x15, 0xfc, 0x0, 0x5, 0xff,
    0xf1, 0x5f, 0xc0, 0x0, 0xdf, 0xff, 0x15, 0xfc,
    0x0, 0x7f, 0x8f, 0xf1, 0x5f, 0xc0, 0x1e, 0xe0,
    0xff, 0x15, 0xfc, 0x9, 0xf5, 0xf, 0xf1, 0x5f,
    0xb2, 0xfc, 0x0, 0xff, 0x15, 0xfb, 0xbf, 0x30,
    0xf, 0xf1, 0x5f, 0xdf, 0xa0, 0x0, 0xff, 0x15,
    0xff, 0xf1, 0x0, 0xf, 0xf1, 0x5f, 0xf8, 0x0,
    0x0, 0xff, 0x10,

    /* U+043A "к" */
    0x5f, 0xc0, 0x0, 0xd, 0xf5, 0x5f, 0xc0, 0x0,
    0x9f, 0x90, 0x5f, 0xc0, 0x5, 0xfd, 0x0, 0x5f,
    0xc0, 0x1e, 0xf3, 0x0, 0x5f, 0xfb, 0xdf, 0x70,
    0x0, 0x5f, 0xff, 0xff, 0x60, 0x0, 0x5f, 0xc0,
    0x4f, 0xf1, 0x0, 0x5f, 0xc0, 0xa, 0xfb, 0x0,
    0x5f, 0xc0, 0x1, 0xef, 0x50, 0x5f, 0xc0, 0x0,
    0x6f, 0xe1, 0x5f, 0xc0, 0x0, 0xb, 0xfa,

    /* U+043B "л" */
    0x0, 0x5f, 0xff, 0xff, 0xff, 0x50, 0x6, 0xfe,
    0xcc, 0xcf, 0xf5, 0x0, 0x7f, 0x70, 0x0, 0xcf,
    0x50, 0x7, 0xf6, 0x0, 0xc, 0xf5, 0x0, 0x8f,
    0x50, 0x0, 0xcf, 0x50, 0x9, 0xf4, 0x0, 0xc,
    0xf5, 0x0, 0xbf, 0x30, 0x0, 0xcf, 0x50, 0xd,
    0xf2, 0x0, 0xc, 0xf5, 0x2, 0xff, 0x0, 0x0,
    0xcf, 0x5e, 0xff, 0xa0, 0x0, 0xc, 0xf5, 0xef,
    0xa1, 0x0, 0x0, 0xcf, 0x50,

    /* U+043C "м" */
    0x5f, 0xfc, 0x0, 0x0, 0x0, 0xef, 0xf1, 0x5f,
    0xff, 0x20, 0x0, 0x5, 0xff, 0xf1, 0x5f, 0xdf,
    0x90, 0x0, 0xc, 0xfe, 0xf1, 0x5f, 0x9e, 0xe0,
    0x0, 0x2f, 0xad, 0xf1, 0x5f, 0xa8, 0xf5, 0x0,
    0x9f, 0x4d, 0xf1, 0x5f, 0xa2, 0xfb, 0x0, 0xed,
    0xe, 0xf1, 0x5f, 0xa0, 0xbf, 0x25, 0xf7, 0xe,
    0xf1, 0x5f, 0xa0, 0x5f, 0x8c, 0xf1, 0xe, 0xf1,
    0x5f, 0xa0, 0xe, 0xef, 0xa0, 0xe, 0xf1, 0x5f,
    0xa0, 0x9, 0xff, 0x40, 0xe, 0xf1, 0x5f, 0xa0,
    0x2, 0xfe, 0x0, 0xe, 0xf1,

    /* U+043D "н" */
    0x5f, 0xc0, 0x0, 0x4, 0xfd, 0x5f, 0xc0, 0x0,
    0x4, 0xfd, 0x5f, 0xc0, 0x0, 0x4, 0xfd, 0x5f,
    0xc0, 0x0, 0x4, 0xfd, 0x5f, 0xfb, 0xbb, 0xbc,
    0xfd, 0x5f, 0xff, 0xff, 0xff, 0xfd, 0x5f, 0xc0,
    0x0, 0x4, 0xfd, 0x5f, 0xc0, 0x0, 0x4, 0xfd,
    0x5f, 0xc0, 0x0, 0x4, 0xfd, 0x5f, 0xc0, 0x0,
    0x4, 0xfd, 0x5f, 0xc0, 0x0, 0x4, 0xfd,

    /* U+043E "о" */
    0x0, 0x6, 0xcf, 0xfc, 0x60, 0x0, 0x0, 0xaf,
    0xfc, 0xcf, 0xfa, 0x0, 0x6, 0xfe, 0x20, 0x2,
    0xef, 0x60, 0xc, 0xf7, 0x0, 0x0, 0x7f, 0xc0,
    0xf, 0xf3, 0x0, 0x0, 0x3f, 0xf0, 0xf, 0xf2,
    0x0, 0x0, 0x1f, 0xf1, 0xf, 0xf3, 0x0, 0x0,
    0x3f, 0xf0, 0xc, 0xf7, 0x0, 0x0, 0x7f, 0xd0,
    0x5, 0xfe, 0x20, 0x2, 0xef, 0x60, 0x0, 0xaf,
    0xfc, 0xcf, 0xfb, 0x0, 0x0, 0x6, 0xcf, 0xfc,
    0x60, 0x0,

    /* U+043F "п" */
    0x5f, 0xff, 0xff, 0xff, 0xfb, 0x5f, 0xfb, 0xbb,
    0xbd, 0xfb, 0x5f, 0xc0, 0x0, 0x6, 0xfb, 0x5f,
    0xc0, 0x0, 0x6, 0xfb, 0x5f, 0xc0, 0x0, 0x6,
    0xfb, 0x5f, 0xc0, 0x0, 0x6, 0xfb, 0x5f, 0xc0,
    0x0, 0x6, 0xfb, 0x5f, 0xc0, 0x0, 0x6, 0xfb,
    0x5f, 0xc0, 0x0, 0x6, 0xfb, 0x5f, 0xc0, 0x0,
    0x6, 0xfb, 0x5f, 0xc0, 0x0, 0x6, 0xfb,

    /* U+0440 "р" */
    0x5f, 0x83, 0xbf, 0xfb, 0x30, 0x5, 0xfd, 0xfc,
    0x9b, 0xff, 0x40, 0x5f, 0xf7, 0x0, 0x8, 0xfd,
    0x5, 0xff, 0x0, 0x0, 0x1f, 0xf2, 0x5f, 0xd0,
    0x0, 0x0, 0xef, 0x45, 0xfd, 0x0, 0x0, 0xd,
    0xf5, 0x5f, 0xe0, 0x0, 0x0, 0xef, 0x45, 0xff,
    0x10, 0x0, 0x3f, 0xf2, 0x5f, 0xfa, 0x0, 0xb,
    0xfd, 0x5, 0xfd, 0xfe, 0xce, 0xff, 0x30, 0x5f,
    0xc3, 0xbf, 0xfb, 0x30, 0x5, 0xfc, 0x0, 0x0,
    0x0, 0x0, 0x5f, 0xc0, 0x0, 0x0, 0x0, 0x5,
    0xfc, 0x0, 0x0, 0x0, 0x0, 0x5f, 0xc0, 0x0,
    0x0, 0x0, 0x5, 0xfc, 0x0, 0x0, 0x0, 0x0,

    /* U+0441 "с" */
    0x0, 0x5, 0xcf, 0xfd, 0x91, 0x0, 0xaf, 0xfe,
    0xce, 0xe0, 0x6, 0xff, 0x50, 0x0, 0x20, 0xc,
    0xf8, 0x0, 0x0, 0x0, 0xf, 0xf4, 0x0, 0x0,
    0x0, 0xf, 0xf2, 0x0, 0x0, 0x0, 0xf, 0xf3,
    0x0, 0x0, 0x0, 0xd, 0xf8, 0x0, 0x0, 0x0,
    0x7, 0xff, 0x40, 0x0, 0x10, 0x0, 0xbf, 0xfe,
    0xcd, 0xf0, 0x0, 0x7, 0xcf, 0xfe, 0x90,

    /* U+0442 "т" */
    0xbf, 0xff, 0xff, 0xff, 0xf4, 0x8b, 0xbc, 0xff,
    0xbb, 0xb2, 0x0, 0x4, 0xfc, 0x0, 0x0, 0x0,
    0x4, 0xfc, 0x0, 0x0, 0x0, 0x4, 0xfc, 0x0,
    0x0, 0x0, 0x4, 0xfc, 0x0, 0x0, 0x0, 0x4,
    0xfc, 0x0, 0x0, 0x0, 0x4, 0xfc, 0x0, 0x0,
    0x0, 0x4, 0xfc, 0x0, 0x0, 0x0, 0x4, 0xfc,
    0x0, 0x0, 0x0, 0x4, 0xfc, 0x0, 0x0,

    /* U+0443 "у" */
    0xcf, 0x70, 0x0, 0x0, 0xef, 0x56, 0xfc, 0x0,
    0x0, 0x3f, 0xf0, 0x1f, 0xf2, 0x0, 0x9, 0xf9,
    0x0, 0xaf, 0x80, 0x0, 0xef, 0x40, 0x3, 0xfd,
    0x0, 0x3f, 0xe0, 0x0, 0xd, 0xf3, 0x9, 0xf8,
    0x0, 0x0, 0x7f, 0x90, 0xef, 0x20, 0x0, 0x1,
    0xfe, 0x3f, 0xc0, 0x0, 0x0, 0xb, 0xfa, 0xf6,
    0x0, 0x0, 0x0, 0x4f, 0xff, 0x10, 0x0, 0x0,
    0x0, 0xef, 0xa0, 0x0, 0x0, 0x0, 0xc, 0xf4,
    0x0, 0x0, 0x0, 0x3, 0xfe, 0x0, 0x0, 0x0,
    0x1, 0xdf, 0x70, 0x0, 0x0, 0x9e, 0xff, 0xc0,
    0x0, 0x0, 0x8, 0xfe, 0x91, 0x0, 0x0, 0x0,

    /* U+0444 "ф" */
    0x0, 0x0, 0x0, 0x7f, 0x90, 0x0, 0x0, 0x0,
    0x0, 0x0, 0x7, 0xf9, 0x0, 0x0, 0x0, 0x0,
    0x0, 0x0, 0x7f, 0x90, 0x0, 0x0, 0x0, 0x0,
    0x0, 0x7, 0xf9, 0x0, 0x0, 0x0, 0x0, 0x4,
    0xbe, 0xff, 0xfe, 0xb5, 0x0, 0x0, 0x8, 0xff,
    0xdc, 0xfd, 0xcf, 0xfb, 0x0, 0x5, 0xff, 0x50,
    0x6f, 0x90, 0x3e, 0xf7, 0x0, 0xcf, 0x80, 0x6,
    0xf9, 0x0, 0x6f, 0xe0, 0xf, 0xf4, 0x0, 0x6f,
    0x90, 0x1, 0xff, 0x20, 0xff, 0x20, 0x6, 0xf9,
    0x0, 0xf, 0xf3, 0xf, 0xf4, 0x0, 0x6f, 0x90,
    0x1, 0xff, 0x20, 0xcf, 0x90, 0x6, 0xf9, 0x0,
    0x6f, 0xe0, 0x5, 0xff, 0x50, 0x6f, 0x90, 0x3e,
    0xf7, 0x0, 0x8, 0xff, 0xdd, 0xfe, 0xdf, 0xfa,
    0x0, 0x0, 0x4, 0xbe, 0xff, 0xfe, 0xb5, 0x0,
    0x0, 0x0, 0x0, 0x7, 0xf9, 0x0, 0x0, 0x0,
    0x0, 0x0, 0x0, 0x7f, 0x90, 0x0, 0x0, 0x0,
    0x0, 0x0, 0x7, 0xf9, 0x0, 0x0, 0x0, 0x0,
    0x0, 0x0, 0x7f, 0x90, 0x0, 0x0, 0x0, 0x0,
    0x0, 0x7, 0xf9, 0x0, 0x0, 0x0,

    /* U+0445 "х" */
    0x5f, 0xf1, 0x0, 0x7, 0xfe, 0x0, 0xaf, 0xb0,
    0x2, 0xff, 0x40, 0x1, 0xef, 0x50, 0xbf, 0x90,
    0x0, 0x5, 0xfe, 0x7f, 0xd0, 0x0, 0x0, 0xa,
    0xff, 0xf3, 0x0, 0x0, 0x0, 0x3f, 0xfc, 0x0,
    0x0, 0x0, 0xc, 0xff, 0xf6, 0x0, 0x0, 0x7,
    0xfc, 0x3f, 0xf1, 0x0, 0x2, 0xff, 0x20, 0x9f,
    0xb0, 0x0, 0xdf, 0x80, 0x0, 0xdf, 0x60, 0x8f,
    0xd0, 0x0, 0x4, 0xff, 0x20,

    /* U+0446 "ц" */
    0x5f, 0xc0, 0x0, 0x7, 0xfa, 0x0, 0x5f, 0xc0,
    0x0, 0x7, 0xfa, 0x0, 0x5f, 0xc0, 0x0, 0x7,
    0xfa, 0x0, 0x5f, 0xc0, 0x0, 0x7, 0xfa, 0x0,
    0x5f, 0xc0, 0x0, 0x7, 0xfa, 0x0, 0x5f, 0xc0,
    0x0, 0x7, 0xfa, 0x0, 0x5f, 0xc0, 0x0, 0x7,
    0xfa, 0x0, 0x5f, 0xc0, 0x0, 0x7, 0xfa, 0x0,
    0x5f, 0xc0, 0x0, 0x7, 0xfa, 0x0, 0x5f, 0xfc,
    0xcc, 0xcd, 0xfe, 0xc3, 0x5f, 0xff, 0xff, 0xff,
    0xff, 0xf4, 0x0, 0x0, 0x0, 0x0, 0xc, 0xf4,
    0x0, 0x0, 0x0, 0x0, 0xc, 0xf4, 0x0, 0x0,
    0x0, 0x0, 0x9, 0xc3,

    /* U+0447 "ч" */
    0xcf, 0x50, 0x0, 0xb, 0xf6, 0xcf, 0x50, 0x0,
    0xb, 0xf6, 0xcf, 0x50, 0x0, 0xb, 0xf6, 0xcf,
    0x50, 0x0, 0xb, 0xf6, 0xbf, 0x70, 0x0, 0xb,
    0xf6, 0x8f, 0xe3, 0x1, 0x4d, 0xf6, 0x1d, 0xff,
    0xff, 0xff, 0xf6, 0x0, 0x7a, 0xb9, 0x5c, 0xf6,
    0x0, 0x0, 0x0, 0xb, 0xf6, 0x0, 0x0, 0x0,
    0xb, 0xf6, 0x0, 0x0, 0x0, 0xb, 0xf6,

    /* U+0448 "ш" */
    0x6f, 0xb0, 0x0, 0xf, 0xf3, 0x0, 0x8, 0xf9,
    0x6f, 0xb0, 0x0, 0xf, 0xf3, 0x0, 0x8, 0xf9,
    0x6f, 0xb0, 0x0, 0xf, 0xf3, 0x0, 0x8, 0xf9,
    0x6f, 0xb0, 0x0, 0xf, 0xf3, 0x0, 0x8, 0xf9,
    0x6f, 0xb0, 0x0, 0xf, 0xf3, 0x0, 0x8, 0xf9,
    0x6f, 0xb0, 0x0, 0xf, 0xf3, 0x0, 0x8, 0xf9,
    0x6f, 0xb0, 0x0, 0xf, 0xf3, 0x0, 0x8, 0xf9,
    0x6f, 0xb0, 0x0, 0xf, 0xf3, 0x0, 0x8, 0xf9,
    0x6f, 0xb0, 0x0, 0xf, 0xf3, 0x0, 0x8, 0xf9,
    0x6f, 0xeb, 0xbb, 0xbf, 0xfc, 0xbb, 0xbd, 0xf9,
    0x6f, 0xff, 0xff, 0xff, 0xff, 0xff, 0xff, 0xf9,

    /* U+0449 "щ" */
    0x5f, 0xc0, 0x0, 0xf, 0xf2, 0x0, 0xa, 0xf7,
    0x0, 0x5f, 0xc0, 0x0, 0xf, 0xf2, 0x0, 0xa,
    0xf7, 0x0, 0x5f, 0xc0, 0x0, 0xf, 0xf2, 0x0,
    0xa, 0xf7, 0x0, 0x5f, 0xc0, 0x0, 0xf, 0xf2,
    0x0, 0xa, 0xf7, 0x0, 0x5f, 0xc0, 0x0, 0xf,
    0xf2, 0x0, 0xa, 0xf7, 0x0, 0x5f, 0xc0, 0x0,
    0xf, 0xf2, 0x0, 0xa, 0xf7, 0x0, 0x5f, 0xc0,
    0x0, 0xf, 0xf2, 0x0, 0xa, 0xf7, 0x0, 0x5f,
    0xc0, 0x0, 0xf, 0xf2, 0x0, 0xa, 0xf7, 0x0,
    0x5f, 0xc0, 0x0, 0xf, 0xf2, 0x0, 0xa, 0xf7,
    0x0, 0x5f, 0xfb, 0xbb, 0xbf, 0xfc, 0xbb, 0xbe,
    0xfd, 0xb0, 0x5f, 0xff, 0xff, 0xff, 0xff, 0xff,
    0xff, 0xff, 0xf1, 0x0, 0x0, 0x0, 0x0, 0x0,
    0x0, 0x0, 0xf, 0xf1, 0x0, 0x0, 0x0, 0x0,
    0x0, 0x0, 0x0, 0xf, 0xf1, 0x0, 0x0, 0x0,
    0x0, 0x0, 0x0, 0x0, 0xb, 0xc0,

    /* U+044A "ъ" */
    0xbf, 0xff, 0xf5, 0x0, 0x0, 0x0, 0x8b, 0xbe,
    0xf5, 0x0, 0x0, 0x0, 0x0, 0xc, 0xf5, 0x0,
    0x0, 0x0, 0x0, 0xc, 0xf5, 0x0, 0x0, 0x0,
    0x0, 0xc, 0xff, 0xff, 0xeb, 0x40, 0x0, 0xc,
    0xfc, 0xbb, 0xef, 0xf4, 0x0, 0xc, 0xf5, 0x0,
    0xa, 0xfb, 0x0, 0xc, 0xf5, 0x0, 0x5, 0xfd,
    0x0, 0xc, 0xf5, 0x0, 0xa, 0xfb, 0x0, 0xc,
    0xfc, 0xbb, 0xef, 0xf3, 0x0, 0xc, 0xff, 0xff,
    0xea, 0x30,

    /* U+044B "ы" */
    0x5f, 0xc0, 0x0, 0x0, 0x0, 0xf, 0xf1, 0x5f,
    0xc0, 0x0, 0x0, 0x0, 0xf, 0xf1, 0x5f, 0xc0,
    0x0, 0x0, 0x0, 0xf, 0xf1, 0x5f, 0xc0, 0x0,
    0x0, 0x0, 0xf, 0xf1, 0x5f, 0xff, 0xff, 0xc7,
    0x0, 0xf, 0xf1, 0x5f, 0xfb, 0xbc, 0xff, 0xa0,
    0xf, 0xf1, 0x5f, 0xc0, 0x0, 0x4f, 0xf1, 0xf,
    0xf1, 0x5f, 0xc0, 0x0, 0xf, 0xf3, 0xf, 0xf1,
    0x5f, 0xc0, 0x0, 0x5f, 0xf1, 0xf, 0xf1, 0x5f,
    0xeb, 0xbc, 0xff, 0x90, 0xf, 0xf1, 0x5f, 0xff,
    0xff, 0xc6, 0x0, 0xf, 0xf1,

    /* U+044C "ь" */
    0x5f, 0xc0, 0x0, 0x0, 0x0, 0x5f, 0xc0, 0x0,
    0x0, 0x0, 0x5f, 0xc0, 0x0, 0x0, 0x0, 0x5f,
    0xc0, 0x0, 0x0, 0x0, 0x5f, 0xff, 0xff, 0xd7,
    0x0, 0x5f, 0xfb, 0xbc, 0xff, 0xb0, 0x5f, 0xc0,
    0x0, 0x3f, 0xf2, 0x5f, 0xc0, 0x0, 0xe, 0xf4,
    0x5f, 0xc0, 0x0, 0x3f, 0xf2, 0x5f, 0xfb, 0xbc,
    0xff, 0xa0, 0x5f, 0xff, 0xff, 0xc7, 0x0,

    /* U+044D "э" */
    0x9, 0xdf, 0xfc, 0x70, 0x0, 0xd, 0xec, 0xdf,
    0xfb, 0x0, 0x1, 0x0, 0x2, 0xef, 0x70, 0x0,
    0x0, 0x0, 0x5f, 0xd0, 0x0, 0x99, 0x99, 0xaf,
    0xf1, 0x0, 0xff, 0xff, 0xff, 0xf1, 0x0, 0x0,
    0x0, 0x2f, 0xf0, 0x0, 0x0, 0x0, 0x6f, 0xd0,
    0x2, 0x0, 0x3, 0xef, 0x70, 0x3f, 0xec, 0xdf,
    0xfb, 0x0, 0x1a, 0xdf, 0xfc, 0x60, 0x0,

    /* U+044E "ю" */
    0x5f, 0xc0, 0x0, 0x2a, 0xef, 0xe9, 0x10, 0x5,
    0xfc, 0x0, 0x3f, 0xfc, 0x9c, 0xfe, 0x10, 0x5f,
    0xc0, 0xc, 0xf9, 0x0, 0x8, 0xfa, 0x5, 0xfc,
    0x1, 0xff, 0x10, 0x0, 0x1f, 0xf1, 0x5f, 0xfb,
    0xcf, 0xe0, 0x0, 0x0, 0xef, 0x45, 0xff, 0xff,
    0xfd, 0x0, 0x0, 0xd, 0xf5, 0x5f, 0xc0, 0x3f,
    0xf0, 0x0, 0x0, 0xef, 0x45, 0xfc, 0x0, 0xff,
    0x20, 0x0, 0x2f, 0xf1, 0x5f, 0xc0, 0xa, 0xfb,
    0x0, 0xb, 0xfb, 0x5, 0xfc, 0x0, 0x1e, 0xff,
    0xcf, 0xfe, 0x20, 0x5f, 0xc0, 0x0, 0x19, 0xef,
    0xe9, 0x10, 0x0,

    /* U+044F "я" */
    0x0, 0x3b, 0xef, 0xff, 0xff, 0x10, 0x4f, 0xfc,
    0xaa, 0xaf, 0xf1, 0xa, 0xfa, 0x0, 0x0, 0xff,
    0x10, 0xcf, 0x60, 0x0, 0xf, 0xf1, 0xa, 0xfb,
    0x0, 0x0, 0xff, 0x10, 0x2f, 0xfd, 0xaa, 0xaf,
    0xf1, 0x0, 0x2c, 0xff, 0xff, 0xff, 0x10, 0x1,
    0xef, 0x50, 0xf, 0xf1, 0x0, 0xaf, 0xb0, 0x0,
    0xff, 0x10, 0x6f, 0xe1, 0x0, 0xf, 0xf1, 0x2f,
    0xf5, 0x0, 0x0, 0xff, 0x10,

    /* U+0450 "ѐ" */
    0x0, 0x7, 0x84, 0x0, 0x0, 0x0, 0x0, 0x3f,
    0xf2, 0x0, 0x0, 0x0, 0x0, 0x3e, 0xd0, 0x0,
    0x0, 0x0, 0x0, 0x28, 0x20, 0x0, 0x0, 0x0,
    0x0, 0x0, 0x0, 0x0, 0x0, 0x6d, 0xff, 0xb3,
    0x0, 0x0, 0xbf, 0xeb, 0xcf, 0xf4, 0x0, 0x6f,
    0xd1, 0x0, 0x6f, 0xe0, 0xc, 0xf6, 0x0, 0x0,
    0xef, 0x30, 0xff, 0xb9, 0x99, 0x9e, 0xf5, 0xf,
    0xff, 0xff, 0xff, 0xff, 0x50, 0xff, 0x30, 0x0,
    0x0, 0x0, 0xc, 0xf7, 0x0, 0x0, 0x0, 0x0,
    0x6f, 0xf4, 0x0, 0x1, 0x40, 0x0, 0xaf, 0xfe,
    0xcd, 0xfd, 0x0, 0x0, 0x5c, 0xef, 0xeb, 0x50,

    /* U+0451 "ё" */
    0x0, 0xd, 0xc0, 0x2e, 0x90, 0x0, 0x1, 0xfe,
    0x4, 0xfb, 0x0, 0x0, 0x2, 0x10, 0x3, 0x10,
    0x0, 0x0, 0x6d, 0xff, 0xb3, 0x0, 0x0, 0xbf,
    0xeb, 0xcf, 0xf4, 0x0, 0x6f, 0xd1, 0x0, 0x6f,
    0xe0, 0xc, 0xf6, 0x0, 0x0, 0xef, 0x30, 0xff,
    0xb9, 0x99, 0x9e, 0xf5, 0xf, 0xff, 0xff, 0xff,
    0xff, 0x50, 0xff, 0x30, 0x0, 0x0, 0x0, 0xc,
    0xf7, 0x0, 0x0, 0x0, 0x0, 0x6f, 0xf4, 0x0,
    0x1, 0x40, 0x0, 0xaf, 0xfe, 0xcd, 0xfd, 0x0,
    0x0, 0x5c, 0xef, 0xeb, 0x50,

    /* U+0452 "ђ" */
    0x0, 0x32, 0x0, 0x0, 0x0, 0x0, 0x4f, 0xd0,
    0x0, 0x0, 0x0, 0x8b, 0xfe, 0x99, 0x94, 0x0,
    0xe, 0xff, 0xff, 0xff, 0x70, 0x0, 0x4, 0xfd,
    0x0, 0x0, 0x0, 0x0, 0x4f, 0xd2, 0xae, 0xfc,
    0x50, 0x4, 0xfd, 0xef, 0xce, 0xff, 0x40, 0x4f,
    0xfb, 0x0, 0xa, 0xfb, 0x4, 0xff, 0x30, 0x0,
    0x3f, 0xe0, 0x4f, 0xf0, 0x0, 0x2, 0xff, 0x4,
    0xfd, 0x0, 0x0, 0x2f, 0xf0, 0x4f, 0xd0, 0x0,
    0x2, 0xff, 0x4, 0xfd, 0x0, 0x0, 0x2f, 0xf0,
    0x4f, 0xd0, 0x0, 0x2, 0xff, 0x4, 0xfd, 0x0,
    0x0, 0x2f, 0xf0, 0x4f, 0xd0, 0x0, 0x2, 0xff,
    0x0, 0x0, 0x0, 0x0, 0x2f, 0xf0, 0x0, 0x0,
    0x0, 0x2, 0xff, 0x0, 0x0, 0x0, 0x0, 0x7f,
    0xc0, 0x0, 0x0, 0x4d, 0xdf, 0xf5, 0x0, 0x0,
    0x3, 0xef, 0xd7, 0x0,

    /* U+0453 "ѓ" */
    0x0, 0x0, 0x17, 0x83, 0x0, 0x0, 0x9f, 0xc0,
    0x0, 0x3, 0xfc, 0x0, 0x0, 0xc, 0xd1, 0x0,
    0x0, 0x0, 0x0, 0x0, 0x5f, 0xff, 0xff, 0xf9,
    0x5f, 0xfc, 0xcc, 0xc6, 0x5f, 0xc0, 0x0, 0x0,
    0x5f, 0xc0, 0x0, 0x0, 0x5f, 0xc0, 0x0, 0x0,
    0x5f, 0xc0, 0x0, 0x0, 0x5f, 0xc0, 0x0, 0x0,
    0x5f, 0xc0, 0x0, 0x0, 0x5f, 0xc0, 0x0, 0x0,
    0x5f, 0xc0, 0x0, 0x0, 0x5f, 0xc0, 0x0, 0x0,

    /* U+0454 "є" */
    0x0, 0x5, 0xcf, 0xfd, 0x91, 0x0, 0xaf, 0xfd,
    0xce, 0xe0, 0x6, 0xfe, 0x30, 0x0, 0x10, 0xc,
    0xf6, 0x0, 0x0, 0x0, 0xf, 0xfa, 0x99, 0x99,
    0x0, 0xf, 0xff, 0xff, 0xff, 0x10, 0xf, 0xf3,
    0x0, 0x0, 0x0, 0xd, 0xf7, 0x0, 0x0, 0x0,
    0x7, 0xff, 0x40, 0x0, 0x10, 0x0, 0xcf, 0xfe,
    0xcd, 0xf0, 0x0, 0x7, 0xcf, 0xfe, 0x90,

    /* U+0455 "ѕ" */
    0x0, 0x8d, 0xff, 0xd8, 0x20, 0xcf, 0xeb, 0xce,
    0xf2, 0x2f, 0xf0, 0x0, 0x3, 0x1, 0xff, 0x40,
    0x0, 0x0, 0x9, 0xff, 0xb5, 0x0, 0x0, 0x5,
    0xdf, 0xfe, 0x50, 0x0, 0x0, 0x3a, 0xff, 0x50,
    0x0, 0x0, 0x8, 0xfa, 0x14, 0x0, 0x0, 0x9f,
    0x93, 0xfe, 0xcb, 0xdf, 0xf3, 0x8, 0xce, 0xfd,
    0xa2, 0x0,

    /* U+0456 "і" */
    0x3f, 0xa6, 0xfd, 0x6, 0x25, 0xfc, 0x5f, 0xc5,
    0xfc, 0x5f, 0xc5, 0xfc, 0x5f, 0xc5, 0xfc, 0x5f,
    0xc5, 0xfc, 0x5f, 0xc5, 0xfc,

    /* U+0457 "ї" */
    0x5f, 0x4b, 0xc0, 0x7f, 0x6e, 0xf0, 0x16, 0x4,
    0x40, 0x5, 0xfc, 0x0, 0x5, 0xfc, 0x0, 0x5,
    0xfc, 0x0, 0x5, 0xfc, 0x0, 0x5, 0xfc, 0x0,
    0x5, 0xfc, 0x0, 0x5, 0xfc, 0x0, 0x5, 0xfc,
    0x0, 0x5, 0xfc, 0x0, 0x5, 0xfc, 0x0, 0x5,
    0xfc, 0x0,

    /* U+0458 "ј" */
    0x0, 0x4, 0xfa, 0x0, 0x7, 0xfd, 0x0, 0x0,
    0x62, 0x0, 0x5, 0xfc, 0x0, 0x5, 0xfc, 0x0,
    0x5, 0xfc, 0x0, 0x5, 0xfc, 0x0, 0x5, 0xfc,
    0x0, 0x5, 0xfc, 0x0, 0x5, 0xfc, 0x0, 0x5,
    0xfc, 0x0, 0x5, 0xfc, 0x0, 0x5, 0xfc, 0x0,
    0x5, 0xfc, 0x0, 0x5, 0xfc, 0x0, 0x5, 0xfc,
    0x0, 0x9, 0xfa, 0x1d, 0xdf, 0xf4, 0xe, 0xfd,
    0x60,

    /* U+0459 "љ" */
    0x0, 0x4f, 0xff, 0xff, 0xff, 0x10, 0x0, 0x0,
    0x0, 0x5, 0xfe, 0xbb, 0xbf, 0xf1, 0x0, 0x0,
    0x0, 0x0, 0x6f, 0x80, 0x0, 0xff, 0x10, 0x0,
    0x0, 0x0, 0x6, 0xf7, 0x0, 0xf, 0xf1, 0x0,
    0x0, 0x0, 0x0, 0x7f, 0x60, 0x0, 0xff, 0xff,
    0xfd, 0x91, 0x0, 0x8, 0xf5, 0x0, 0xf, 0xfb,
    0xbc, 0xff, 0xe1, 0x0, 0x9f, 0x40, 0x0, 0xff,
    0x10, 0x1, 0xef, 0x60, 0xc, 0xf2, 0x0, 0xf,
    0xf1, 0x0, 0xb, 0xf8, 0x1, 0xff, 0x0, 0x0,
    0xff, 0x10, 0x3, 0xef, 0x6d, 0xff, 0xa0, 0x0,
    0xf, 0xfd, 0xde, 0xff, 0xd0, 0xef, 0xb1, 0x0,
    0x0, 0xff, 0xff, 0xfd, 0x81, 0x0,

    /* U+045A "њ" */
    0x5f, 0xc0, 0x0, 0x6, 0xfb, 0x0, 0x0, 0x0,
    0x5, 0xfc, 0x0, 0x0, 0x6f, 0xb0, 0x0, 0x0,
    0x0, 0x5f, 0xc0, 0x0, 0x6, 0xfb, 0x0, 0x0,
    0x0, 0x5, 0xfc, 0x0, 0x0, 0x6f, 0xb0, 0x0,
    0x0, 0x0, 0x5f, 0xfb, 0xbb, 0xbd, 0xfe, 0xbb,
    0xa8, 0x20, 0x5, 0xff, 0xff, 0xff, 0xff, 0xff,
    0xff, 0xff, 0x60, 0x5f, 0xc0, 0x0, 0x6, 0xfb,
    0x0, 0x19, 0xff, 0x5, 0xfc, 0x0, 0x0, 0x6f,
    0xb0, 0x0, 0x1f, 0xf1, 0x5f, 0xc0, 0x0, 0x6,
    0xfb, 0x0, 0x5, 0xff, 0x5, 0xfc, 0x0, 0x0,
    0x6f, 0xeb, 0xbd, 0xff, 0x80, 0x5f, 0xc0, 0x0,
    0x6, 0xff, 0xff, 0xfc, 0x60, 0x0,

    /* U+045B "ћ" */
    0x0, 0x32, 0x0, 0x0, 0x0, 0x0, 0x4, 0xfd,
    0x0, 0x0, 0x0, 0x0, 0x8b, 0xfe, 0x99, 0x96,
    0x0, 0x0, 0xef, 0xff, 0xff, 0xfb, 0x0, 0x0,
    0x4, 0xfd, 0x0, 0x0, 0x0, 0x0, 0x4, 0xfd,
    0x1a, 0xef, 0xd5, 0x0, 0x4, 0xfd, 0xef, 0xce,
    0xff, 0x50, 0x4, 0xff, 0xb0, 0x0, 0xaf, 0xc0,
    0x4, 0xff, 0x30, 0x0, 0x3f, 0xf0, 0x4, 0xff,
    0x0, 0x0, 0x1f, 0xf0, 0x4, 0xfd, 0x0, 0x0,
    0x1f, 0xf0, 0x4, 0xfd, 0x0, 0x0, 0x1f, 0xf0,
    0x4, 0xfd, 0x0, 0x0, 0x1f, 0xf0, 0x4, 0xfd,
    0x0, 0x0, 0x1f, 0xf0, 0x4, 0xfd, 0x0, 0x0,
    0x1f, 0xf0, 0x4, 0xfd, 0x0, 0x0, 0x1f, 0xf0,

    /* U+045C "ќ" */
    0x0, 0x0, 0x1, 0x78, 0x30, 0x0, 0x0, 0x9,
    0xfc, 0x0, 0x0, 0x0, 0x3f, 0xc0, 0x0, 0x0,
    0x0, 0xcd, 0x10, 0x0, 0x0, 0x0, 0x0, 0x0,
    0x0, 0x5f, 0xc0, 0x0, 0xd, 0xf5, 0x5f, 0xc0,
    0x0, 0x9f, 0x90, 0x5f, 0xc0, 0x5, 0xfd, 0x0,
    0x5f, 0xc0, 0x1e, 0xf3, 0x0, 0x5f, 0xfb, 0xdf,
    0x70, 0x0, 0x5f, 0xff, 0xff, 0x60, 0x0, 0x5f,
    0xc0, 0x4f, 0xf1, 0x0, 0x5f, 0xc0, 0xa, 0xfb,
    0x0, 0x5f, 0xc0, 0x1, 0xef, 0x50, 0x5f, 0xc0,
    0x0, 0x6f, 0xe1, 0x5f, 0xc0, 0x0, 0xb, 0xfa,

    /* U+045D "ѝ" */
    0x0, 0x38, 0x71, 0x0, 0x0, 0x0, 0x0, 0xcf,
    0x90, 0x0, 0x0, 0x0, 0x0, 0xdf, 0x30, 0x0,
    0x0, 0x0, 0x1, 0xdc, 0x0, 0x0, 0x0, 0x0,
    0x0, 0x0, 0x0, 0x5, 0xfc, 0x0, 0x0, 0xcf,
    0xf1, 0x5f, 0xc0, 0x0, 0x5f, 0xff, 0x15, 0xfc,
    0x0, 0xd, 0xff, 0xf1, 0x5f, 0xc0, 0x7, 0xf8,
    0xff, 0x15, 0xfc, 0x1, 0xee, 0xf, 0xf1, 0x5f,
    0xc0, 0x9f, 0x50, 0xff, 0x15, 0xfb, 0x2f, 0xc0,
    0xf, 0xf1, 0x5f, 0xbb, 0xf3, 0x0, 0xff, 0x15,
    0xfd, 0xfa, 0x0, 0xf, 0xf1, 0x5f, 0xff, 0x10,
    0x0, 0xff, 0x15, 0xff, 0x80, 0x0, 0xf, 0xf1,

    /* U+045E "ў" */
    0x0, 0x68, 0x0, 0x18, 0x50, 0x0, 0x9, 0xf7,
    0x19, 0xf7, 0x0, 0x0, 0x1c, 0xff, 0xfa, 0x0,
    0x0, 0x0, 0x2, 0x31, 0x0, 0x0, 0xcf, 0x70,
    0x0, 0x0, 0xef, 0x56, 0xfc, 0x0, 0x0, 0x3f,
    0xf0, 0x1f, 0xf2, 0x0, 0x9, 0xf9, 0x0, 0xaf,
    0x80, 0x0, 0xef, 0x40, 0x3, 0xfd, 0x0, 0x3f,
    0xe0, 0x0, 0xd, 0xf3, 0x9, 0xf8, 0x0, 0x0,
    0x7f, 0x90, 0xef, 0x20, 0x0, 0x1, 0xfe, 0x3f,
    0xc0, 0x0, 0x0, 0xb, 0xfa, 0xf6, 0x0, 0x0,
    0x0, 0x4f, 0xff, 0x10, 0x0, 0x0, 0x0, 0xef,
    0xa0, 0x0, 0x0, 0x0, 0xc, 0xf4, 0x0, 0x0,
    0x0, 0x3, 0xfe, 0x0, 0x0, 0x0, 0x1, 0xdf,
    0x70, 0x0, 0x0, 0x9e, 0xff, 0xc0, 0x0, 0x0,
    0x8, 0xfe, 0x91, 0x0, 0x0, 0x0,

    /* U+045F "џ" */
    0x5f, 0xc0, 0x0, 0x6, 0xfb, 0x5f, 0xc0, 0x0,
    0x6, 0xfb, 0x5f, 0xc0, 0x0, 0x6, 0xfb, 0x5f,
    0xc0, 0x0, 0x6, 0xfb, 0x5f, 0xc0, 0x0, 0x6,
    0xfb, 0x5f, 0xc0, 0x0, 0x6, 0xfb, 0x5f, 0xc0,
    0x0, 0x6, 0xfb, 0x5f, 0xc0, 0x0, 0x6, 0xfb,
    0x5f, 0xc0, 0x0, 0x6, 0xfb, 0x5f, 0xfb, 0xbb,
    0xbd, 0xfb, 0x5f, 0xff, 0xff, 0xff, 0xfb, 0x0,
    0x0, 0xdf, 0x30, 0x0, 0x0, 0x0, 0xdf, 0x30,
    0x0, 0x0, 0x0, 0xdf, 0x30, 0x0,

    /* U+0460 "Ѡ" */
    0x7f, 0xc0, 0x0, 0x0, 0xff, 0x30, 0x0, 0x2,
    0xff, 0x6, 0xfd, 0x0, 0x0, 0xf, 0xf5, 0x0,
    0x0, 0x3f, 0xf0, 0x4f, 0xf0, 0x0, 0x0, 0xdf,
    0x60, 0x0, 0x4, 0xfe, 0x2, 0xff, 0x20, 0x0,
    0xb, 0xf9, 0x0, 0x0, 0x5f, 0xd0, 0xf, 0xf4,
    0x0, 0x0, 0xcf, 0xc0, 0x0, 0x8, 0xfb, 0x0,
    0xbf, 0x80, 0x0, 0x2f, 0xff, 0x0, 0x0, 0xaf,
    0x80, 0x7, 0xfc, 0x0, 0x8, 0xff, 0xf4, 0x0,
    0xd, 0xf4, 0x0, 0x2f, 0xf1, 0x0, 0xef, 0xbf,
    0x90, 0x1, 0xff, 0x10, 0x0, 0xdf, 0x60, 0x4f,
    0xb5, 0xfe, 0x0, 0x5f, 0xc0, 0x0, 0x7, 0xfc,
    0x9, 0xf5, 0xe, 0xf4, 0xa, 0xf6, 0x0, 0x0,
    0x1f, 0xf2, 0xef, 0x0, 0x8f, 0xa1, 0xff, 0x10,
    0x0, 0x0, 0x9f, 0xcf, 0xa0, 0x1, 0xff, 0xaf,
    0x90, 0x0, 0x0, 0x1, 0xff, 0xf5, 0x0, 0x8,
    0xff, 0xf1, 0x0, 0x0, 0x0, 0x8, 0xff, 0x0,
    0x0, 0xe, 0xf8, 0x0, 0x0,

    /* U+0461 "ѡ" */
    0x9f, 0x80, 0x0, 0x2f, 0xf0, 0x0, 0x6, 0xfb,
    0x8f, 0x90, 0x0, 0x1f, 0xf1, 0x0, 0x7, 0xf9,
    0x6f, 0xc0, 0x0, 0xf, 0xf3, 0x0, 0x9, 0xf7,
    0x2f, 0xe0, 0x0, 0xc, 0xf6, 0x0, 0xc, 0xf4,
    0xe, 0xf2, 0x0, 0xd, 0xf9, 0x0, 0xf, 0xf0,
    0xa, 0xf7, 0x0, 0x4f, 0xfd, 0x0, 0x4f, 0xc0,
    0x4, 0xfc, 0x0, 0xce, 0xdf, 0x20, 0x9f, 0x60,
    0x0, 0xef, 0x24, 0xf7, 0x7f, 0x80, 0xef, 0x0,
    0x0, 0x7f, 0x9c, 0xf1, 0x1f, 0xd7, 0xf8, 0x0,
    0x0, 0xe, 0xff, 0x80, 0x9, 0xff, 0xe1, 0x0,
    0x0, 0x6, 0xff, 0x10, 0x1, 0xff, 0x60, 0x0,

    /* U+0462 "Ѣ" */
    0x0, 0xf, 0xf3, 0x0, 0x0, 0x0, 0x0, 0x0,
    0xff, 0x30, 0x0, 0x0, 0x0, 0xef, 0xff, 0xff,
    0xff, 0xf2, 0x0, 0xa, 0xbb, 0xff, 0xcb, 0xbb,
    0x10, 0x0, 0x0, 0xf, 0xf3, 0x0, 0x0, 0x0,
    0x0, 0x0, 0xff, 0x30, 0x0, 0x0, 0x0, 0x0,
    0xf, 0xff, 0xff, 0xea, 0x40, 0x0, 0x0, 0xff,
    0xed, 0xef, 0xff, 0x80, 0x0, 0xf, 0xf3, 0x0,
    0x17, 0xff, 0x30, 0x0, 0xff, 0x30, 0x0, 0xd,
    0xf6, 0x0, 0xf, 0xf3, 0x0, 0x0, 0xdf, 0x60,
    0x0, 0xff, 0x30, 0x0, 0x7f, 0xf2, 0x0, 0xf,
    0xfd, 0xcd, 0xff, 0xf9, 0x0, 0x0, 0xff, 0xff,
    0xfe, 0xb5, 0x0,

    /* U+0463 "ѣ" */
    0x0, 0x8f, 0xa0, 0x0, 0x0, 0x0, 0x0, 0x8f,
    0xa0, 0x0, 0x0, 0x0, 0xdf, 0xff, 0xff, 0xff,
    0x10, 0x0, 0x8a, 0xdf, 0xda, 0xaa, 0x0, 0x0,
    0x0, 0x8f, 0xa0, 0x0, 0x0, 0x0, 0x0, 0x8f,
    0xa0, 0x0, 0x0, 0x0, 0x0, 0x8f, 0xda, 0xaa,
    0x96, 0x0, 0x0, 0x8f, 0xff, 0xff, 0xff, 0xe2,
    0x0, 0x8f, 0xa0, 0x0, 0x2b, 0xfb, 0x0, 0x8f,
    0xa0, 0x0, 0x4, 0xfd, 0x0, 0x8f, 0xa0, 0x0,
    0x8, 0xfb, 0x0, 0x8f, 0xda, 0xaa, 0xdf, 0xf4,
    0x0, 0x8f, 0xff, 0xff, 0xeb, 0x40,

    /* U+0464 "Ѥ" */
    0x1f, 0xf1, 0x0, 0x0, 0x5, 0xad, 0xff, 0xda,
    0x61, 0xff, 0x10, 0x0, 0x1c, 0xff, 0xdb, 0xbd,
    0xf9, 0x1f, 0xf1, 0x0, 0xd, 0xfc, 0x20, 0x0,
    0x2, 0x11, 0xff, 0x10, 0x7, 0xfd, 0x10, 0x0,
    0x0, 0x0, 0x1f, 0xf1, 0x0, 0xcf, 0x70, 0x0,
    0x0, 0x0, 0x1, 0xff, 0xdd, 0xdf, 0xfe, 0xdd,
    0xdd, 0xda, 0x0, 0x1f, 0xff, 0xff, 0xff, 0xff,
    0xff, 0xff, 0xc0, 0x1, 0xff, 0x10, 0xf, 0xf4,
    0x0, 0x0, 0x0, 0x0, 0x1f, 0xf1, 0x0, 0xdf,
    0x70, 0x0, 0x0, 0x0, 0x1, 0xff, 0x10, 0x9,
    0xfc, 0x0, 0x0, 0x0, 0x0, 0x1f, 0xf1, 0x0,
    0x3f, 0xf5, 0x0, 0x0, 0x0, 0x1, 0xff, 0x10,
    0x0, 0xaf, 0xf7, 0x0, 0x0, 0x43, 0x1f, 0xf1,
    0x0, 0x0, 0xbf, 0xff, 0xee, 0xff, 0x71, 0xff,
    0x10, 0x0, 0x0, 0x5b, 0xef, 0xfd, 0xa3,

    /* U+0465 "ѥ" */
    0x5f, 0xc0, 0x0, 0x4, 0xbe, 0xfe, 0xc4, 0x5f,
    0xc0, 0x0, 0x7f, 0xfb, 0x9a, 0xe1, 0x5f, 0xc0,
    0x2, 0xff, 0x30, 0x0, 0x0, 0x5f, 0xc0, 0x7,
    0xfa, 0x0, 0x0, 0x0, 0x5f, 0xeb, 0xbe, 0xfd,
    0xbb, 0xbb, 0x30, 0x5f, 0xff, 0xff, 0xff, 0xff,
    0xff, 0x50, 0x5f, 0xc0, 0x9, 0xf9, 0x0, 0x0,
    0x0, 0x5f, 0xc0, 0x6, 0xfc, 0x0, 0x0, 0x0,
    0x5f, 0xc0, 0x1, 0xff, 0x70, 0x0, 0x11, 0x5f,
    0xc0, 0x0, 0x5f, 0xfe, 0xcd, 0xf5, 0x5f, 0xc0,
    0x0, 0x3, 0xae, 0xfe, 0xa2,

    /* U+0466 "Ѧ" */
    0x0, 0x0, 0x6, 0xff, 0x50, 0x0, 0x0, 0x0,
    0x0, 0xd, 0xff, 0xb0, 0x0, 0x0, 0x0, 0x0,
    0x3f, 0xbc, 0xf2, 0x0, 0x0, 0x0, 0x0, 0xaf,
    0x56, 0xf9, 0x0, 0x0, 0x0, 0x1, 0xff, 0x1,
    0xff, 0x0, 0x0, 0x0, 0x7, 0xf9, 0x0, 0xaf,
    0x60, 0x0, 0x0, 0xe, 0xff, 0xff, 0xff, 0xd0,
    0x0, 0x0, 0x5f, 0xec, 0xff, 0xcf, 0xf3, 0x0,
    0x0, 0xbf, 0x60, 0xff, 0x7, 0xfa, 0x0, 0x2,
    0xff, 0x0, 0xff, 0x1, 0xff, 0x10, 0x8, 0xf9,
    0x0, 0xff, 0x0, 0xaf, 0x70, 0xe, 0xf3, 0x0,
    0xff, 0x0, 0x4f, 0xe0, 0x6f, 0xc0, 0x0, 0xff,
    0x0, 0xd, 0xf5, 0xcf, 0x60, 0x0, 0xff, 0x0,
    0x7, 0xfb,

    /* U+0467 "ѧ" */
    0x0, 0x0, 0x9f, 0xf6, 0x0, 0x0, 0x0, 0x0,
    0xfd, 0xfd, 0x0, 0x0, 0x0, 0x6, 0xf8, 0xbf,
    0x30, 0x0, 0x0, 0xd, 0xf2, 0x5f, 0xa0, 0x0,
    0x0, 0x3f, 0xc0, 0xe, 0xf1, 0x0, 0x0, 0xaf,
    0xff, 0xff, 0xf7, 0x0, 0x1, 0xff, 0xaf, 0xfa,
    0xfe, 0x0, 0x7, 0xf9, 0xf, 0xd0, 0xdf, 0x50,
    0xe, 0xf3, 0xf, 0xd0, 0x6f, 0xb0, 0x5f, 0xc0,
    0xf, 0xd0, 0xe, 0xf2, 0xbf, 0x50, 0xf, 0xd0,
    0x8, 0xf9,

    /* U+0468 "Ѩ" */
    0x1f, 0xf1, 0x0, 0x0, 0x4, 0xff, 0x70, 0x0,
    0x0, 0x1, 0xff, 0x10, 0x0, 0x0, 0xbf, 0xfd,
    0x0, 0x0, 0x0, 0x1f, 0xf1, 0x0, 0x0, 0x1f,
    0xdb, 0xf4, 0x0, 0x0, 0x1, 0xff, 0x10, 0x0,
    0x8, 0xf7, 0x5f, 0xa0, 0x0, 0x0, 0x1f, 0xf1,
    0x0, 0x0, 0xef, 0x10, 0xff, 0x10, 0x0, 0x1,
    0xff, 0x10, 0x0, 0x5f, 0xb0, 0x9, 0xf8, 0x0,
    0x0, 0x1f, 0xff, 0xff, 0xff, 0xff, 0xff, 0xff,
    0xe0, 0x0, 0x1, 0xff, 0xdd, 0xde, 0xff, 0xdf,
    0xfd, 0xff, 0x50, 0x0, 0x1f, 0xf1, 0x0, 0x8f,
    0x90, 0xef, 0x7, 0xfb, 0x0, 0x1, 0xff, 0x10,
    0xe, 0xf2, 0xe, 0xf0, 0x1f, 0xf2, 0x0, 0x1f,
    0xf1, 0x6, 0xfc, 0x0, 0xef, 0x0, 0xaf, 0x90,
    0x1, 0xff, 0x10, 0xdf, 0x50, 0xe, 0xf0, 0x3,
    0xff, 0x0, 0x1f, 0xf1, 0x4f, 0xe0, 0x0, 0xef,
    0x0, 0xd, 0xf6, 0x1, 0xff, 0x1b, 0xf8, 0x0,
    0xe, 0xf0, 0x0, 0x6f, 0xc0,

    /* U+0469 "ѩ" */
    0x5f, 0xa0, 0x0, 0x2, 0xff, 0xe0, 0x0, 0x0,
    0x5f, 0xa0, 0x0, 0x8, 0xfc, 0xf4, 0x0, 0x0,
    0x5f, 0xa0, 0x0, 0xf, 0xe2, 0xfb, 0x0, 0x0,
    0x5f, 0xa0, 0x0, 0x6f, 0x70, 0xbf, 0x20, 0x0,
    0x5f, 0xeb, 0xbb, 0xef, 0xbb, 0xdf, 0x80, 0x0,
    0x5f, 0xff, 0xff, 0xff, 0xff, 0xff, 0xe0, 0x0,
    0x5f, 0xa0, 0xb, 0xf5, 0x9f, 0x58, 0xf5, 0x0,
    0x5f, 0xa0, 0x1f, 0xe0, 0x9f, 0x52, 0xfc, 0x0,
    0x5f, 0xa0, 0x7f, 0x90, 0x9f, 0x50, 0xcf, 0x30,
    0x5f, 0xa0, 0xef, 0x30, 0x9f, 0x50, 0x6f, 0x90,
    0x5f, 0xa4, 0xfd, 0x0, 0x9f, 0x50, 0x1f, 0xf1,

    /* U+046A "Ѫ" */
    0x6, 0xff, 0xff, 0xff, 0xff, 0xff, 0xf7, 0x0,
    0x3f, 0xfe, 0xee, 0xee, 0xee, 0xff, 0x40, 0x0,
    0x6f, 0xc0, 0x0, 0x0, 0xbf, 0x70, 0x0, 0x0,
    0x9f, 0xa0, 0x0, 0x9f, 0x90, 0x0, 0x0, 0x0,
    0xbf, 0x70, 0x7f, 0xb0, 0x0, 0x0, 0x0, 0x0,
    0xdf, 0x8f, 0xc0, 0x0, 0x0, 0x0, 0x5, 0xcf,
    0xff, 0xff, 0xc4, 0x0, 0x0, 0x5, 0xff, 0xbd,
    0xfd, 0xbf, 0xf5, 0x0, 0x0, 0xef, 0x60, 0x9f,
    0x90, 0x5f, 0xe0, 0x0, 0x4f, 0xe0, 0x9, 0xf9,
    0x0, 0xdf, 0x40, 0x9, 0xf9, 0x0, 0x9f, 0x90,
    0x8, 0xf9, 0x0, 0xef, 0x40, 0x9, 0xf9, 0x0,
    0x3f, 0xe0, 0x3f, 0xf0, 0x0, 0x9f, 0x90, 0x0,
    0xef, 0x49, 0xfa, 0x0, 0x9, 0xf9, 0x0, 0x9,
    0xf9,

    /* U+046B "ѫ" */
    0xb, 0xff, 0xff, 0xff, 0xff, 0xf6, 0x0, 0x4f,
    0xfa, 0xaa, 0xac, 0xfe, 0x10, 0x0, 0x6f, 0xa0,
    0x1, 0xdf, 0x20, 0x0, 0x0, 0x8f, 0x80, 0xcf,
    0x40, 0x0, 0x0, 0x2, 0xef, 0xcf, 0xa1, 0x0,
    0x0, 0x6, 0xff, 0xff, 0xff, 0xe2, 0x0, 0x2,
    0xfe, 0x3a, 0xf5, 0x6f, 0xc0, 0x0, 0x9f, 0x60,
    0x9f, 0x40, 0xcf, 0x30, 0xe, 0xf0, 0x9, 0xf4,
    0x5, 0xf9, 0x5, 0xfa, 0x0, 0x9f, 0x40, 0xf,
    0xf0, 0xaf, 0x40, 0x9, 0xf4, 0x0, 0xaf, 0x50,

    /* U+046C "Ѭ" */
    0x1f, 0xf1, 0x2, 0xff, 0xff, 0xff, 0xff, 0xff,
    0xfb, 0x0, 0x1f, 0xf1, 0x0, 0xef, 0xfe, 0xee,
    0xee, 0xef, 0xf8, 0x0, 0x1f, 0xf1, 0x0, 0x3f,
    0xe1, 0x0, 0x0, 0x7f, 0xb0, 0x0, 0x1f, 0xf1,
    0x0, 0x6, 0xfc, 0x0, 0x4, 0xfd, 0x10, 0x0,
    0x1f, 0xf1, 0x0, 0x0, 0x9f, 0xa0, 0x2e, 0xf2,
    0x0, 0x0, 0x1f, 0xf1, 0x0, 0x0, 0xc, 0xf7,
    0xdf, 0x40, 0x0, 0x0, 0x1f, 0xff, 0xff, 0xff,
    0xff, 0xff, 0xff, 0xb5, 0x0, 0x0, 0x1f, 0xfd,
    0xdd, 0xdf, 0xff, 0xef, 0xfe, 0xff, 0x70, 0x0,
    0x1f, 0xf1, 0x0, 0x7f, 0xc1, 0x4f, 0xd0, 0x4f,
    0xf2, 0x0, 0x1f, 0xf1, 0x0, 0xef, 0x30, 0x4f,
    0xd0, 0xa, 0xf8, 0x0, 0x1f, 0xf1, 0x4, 0xfe,
    0x0, 0x4f, 0xd0, 0x4, 0xfd, 0x0, 0x1f, 0xf1,
    0x9, 0xf9, 0x0, 0x4f, 0xd0, 0x0, 0xef, 0x30,
    0x1f, 0xf1, 0xe, 0xf3, 0x0, 0x4f, 0xd0, 0x0,
    0xaf, 0x80, 0x1f, 0xf1, 0x4f, 0xe0, 0x0, 0x4f,
    0xd0, 0x0, 0x4f, 0xd0,

    /* U+046D "ѭ" */
    0x5f, 0xa0, 0x3f, 0xff, 0xff, 0xff, 0xff, 0xe0,
    0x5, 0xfa, 0x0, 0xcf, 0xda, 0xaa, 0xaf, 0xf7,
    0x0, 0x5f, 0xa0, 0x1, 0xdf, 0x30, 0x7, 0xf9,
    0x0, 0x5, 0xfa, 0x0, 0x1, 0xee, 0x26, 0xfb,
    0x0, 0x0, 0x5f, 0xd9, 0x99, 0x9c, 0xfe, 0xff,
    0x40, 0x0, 0x5, 0xff, 0xff, 0xff, 0xff, 0xff,
    0xff, 0x90, 0x0, 0x5f, 0xa0, 0xb, 0xf8, 0x2f,
    0xc1, 0xcf, 0x50, 0x5, 0xfa, 0x2, 0xfd, 0x1,
    0xfc, 0x3, 0xfb, 0x0, 0x5f, 0xa0, 0x7f, 0x80,
    0x1f, 0xc0, 0xd, 0xf1, 0x5, 0xfa, 0xd, 0xf2,
    0x1, 0xfc, 0x0, 0x7f, 0x70, 0x5f, 0xa2, 0xfc,
    0x0, 0x1f, 0xc0, 0x2, 0xfd, 0x0,

    /* U+046E "Ѯ" */
    0x0, 0x0, 0x0, 0x0, 0x0, 0x0, 0xa, 0xf4,
    0x0, 0xaf, 0xb0, 0x0, 0xb, 0xf6, 0xcf, 0x63,
    0x0, 0x0, 0x3e, 0xff, 0x70, 0x0, 0x7, 0xef,
    0xff, 0xff, 0xe5, 0x0, 0xce, 0x73, 0x23, 0x9f,
    0xf3, 0x1, 0x0, 0x0, 0x0, 0xbf, 0x90, 0x0,
    0x0, 0x0, 0xa, 0xf8, 0x0, 0x0, 0x0, 0x6,
    0xfe, 0x10, 0x6, 0xcc, 0xdf, 0xea, 0x10, 0x0,
    0x8f, 0xff, 0xfd, 0x91, 0x0, 0x0, 0x0, 0x14,
    0xaf, 0xf3, 0x0, 0x0, 0x0, 0x0, 0x8f, 0xc0,
    0x0, 0x0, 0x0, 0x4, 0xff, 0x0, 0x0, 0x0,
    0x0, 0x6f, 0xe0, 0x0, 0x0, 0x0, 0x2e, 0xf9,
    0x0, 0x69, 0xbb, 0xdf, 0xfc, 0x0, 0xcf, 0xff,
    0xfe, 0xc7, 0x0, 0x5f, 0xe3, 0x0, 0x0, 0x0,
    0x6, 0xfd, 0x10, 0x0, 0x0, 0x0, 0x1e, 0xff,
    0xff, 0xff, 0xfd, 0x0, 0x28, 0xbc, 0xcc, 0xcc,
    0xe1, 0x0, 0x0, 0x0, 0x0, 0x0, 0x0,

    /* U+046F "ѯ" */
    0x0, 0x0, 0x0, 0x0, 0x0, 0x6, 0xf7, 0x0,
    0x8f, 0xe0, 0x0, 0x7f, 0x8a, 0xf7, 0x40, 0x4,
    0x8f, 0xff, 0xc3, 0x0, 0xe, 0xfe, 0xcd, 0xff,
    0x60, 0x2, 0x10, 0x0, 0x3f, 0xe0, 0x0, 0x0,
    0x0, 0x3f, 0xd0, 0x0, 0x19, 0xac, 0xfd, 0x30,
    0x0, 0x3f, 0xff, 0xf9, 0x10, 0x0, 0x0, 0x2,
    0x8f, 0xe0, 0x0, 0x0, 0x0, 0xd, 0xf4, 0x0,
    0x0, 0x0, 0x2f, 0xf3, 0x1, 0x79, 0xac, 0xff,
    0xb0, 0x3f, 0xff, 0xfe, 0xc7, 0x0, 0xaf, 0x70,
    0x0, 0x0, 0x0, 0xaf, 0x50, 0x0, 0x0, 0x0,
    0x5f, 0xff, 0xff, 0xff, 0xa0, 0x4, 0x9a, 0xaa,
    0xab, 0xa0, 0x0, 0x0, 0x0, 0x0, 0x0,

    /* U+0470 "Ѱ" */
    0x3f, 0xe0, 0x0, 0xaf, 0x60, 0x2, 0xff, 0x3f,
    0xe0, 0x0, 0xaf, 0x60, 0x2, 0xff, 0x3f, 0xe0,
    0x0, 0xaf, 0x60, 0x2, 0xff, 0x3f, 0xe0, 0x0,
    0xaf, 0x60, 0x2, 0xff, 0x3f, 0xe0, 0x0, 0xaf,
    0x60, 0x2, 0xff, 0x2f, 0xf0, 0x0, 0xaf, 0x60,
    0x4, 0xfe, 0xf, 0xf4, 0x0, 0xaf, 0x60, 0x8,
    0xfb, 0x9, 0xfd, 0x20, 0xaf, 0x60, 0x4f, 0xf4,
    0x0, 0xdf, 0xfc, 0xef, 0xdd, 0xff, 0x90, 0x0,
    0x7, 0xcf, 0xff, 0xfe, 0xb5, 0x0, 0x0, 0x0,
    0x0, 0xaf, 0x60, 0x0, 0x0, 0x0, 0x0, 0x0,
    0xaf, 0x60, 0x0, 0x0, 0x0, 0x0, 0x0, 0xaf,
    0x60, 0x0, 0x0, 0x0, 0x0, 0x0, 0xaf, 0x60,
    0x0, 0x0,

    /* U+0471 "ѱ" */
    0x0, 0x0, 0x5, 0xfb, 0x0, 0x0, 0x0, 0x0,
    0x0, 0x5, 0xfb, 0x0, 0x0, 0x0, 0x0, 0x0,
    0x5, 0xfb, 0x0, 0x0, 0x0, 0x0, 0x0, 0x5,
    0xfb, 0x0, 0x0, 0x0, 0x7f, 0x90, 0x5, 0xfb,
    0x0, 0x8f, 0x80, 0x7f, 0x90, 0x5, 0xfb, 0x0,
    0x5f, 0xb0, 0x7f, 0x90, 0x5, 0xfb, 0x0, 0x2f,
    0xe0, 0x7f, 0x90, 0x5, 0xfb, 0x0, 0x1f, 0xf0,
    0x7f, 0x90, 0x5, 0xfb, 0x0, 0xf, 0xf1, 0x7f,
    0x90, 0x5, 0xfb, 0x0, 0xf, 0xf1, 0x6f, 0xa0,
    0x5, 0xfb, 0x0, 0x1f, 0xf0, 0x4f, 0xd0, 0x5,
    0xfb, 0x0, 0x6f, 0xc0, 0xe, 0xf8, 0x5, 0xfb,
    0x5, 0xff, 0x60, 0x4, 0xff, 0xed, 0xff, 0xef,
    0xfa, 0x0, 0x0, 0x3a, 0xef, 0xff, 0xeb, 0x50,
    0x0, 0x0, 0x0, 0x5, 0xfb, 0x0, 0x0, 0x0,
    0x0, 0x0, 0x5, 0xfb, 0x0, 0x0, 0x0, 0x0,
    0x0, 0x5, 0xfb, 0x0, 0x0, 0x0, 0x0, 0x0,
    0x5, 0xfb, 0x0, 0x0, 0x0, 0x0, 0x0, 0x5,
    0xfb, 0x0, 0x0, 0x0,

    /* U+0472 "Ѳ" */
    0x0, 0x4, 0xad, 0xfe, 0xd8, 0x20, 0x0, 0x0,
    0xaf, 0xff, 0xdd, 0xff, 0xf5, 0x0, 0x8, 0xfe,
    0x50, 0x0, 0x18, 0xff, 0x30, 0x2f, 0xf5, 0x0,
    0x0, 0x0, 0xaf, 0xc0, 0x7f, 0xc0, 0x0, 0x0,
    0x0, 0x2f, 0xf2, 0xaf, 0x80, 0x0, 0x0, 0x0,
    0xe, 0xf5, 0xcf, 0xff, 0xff, 0xff, 0xff, 0xff,
    0xf7, 0xcf, 0xec, 0xcc, 0xcc, 0xcc, 0xcf, 0xf7,
    0xaf, 0x90, 0x0, 0x0, 0x0, 0xe, 0xf5, 0x7f,
    0xc0, 0x0, 0x0, 0x0, 0x1f, 0xf2, 0x2f, 0xf5,
    0x0, 0x0, 0x0, 0xaf, 0xc0, 0x8, 0xfe, 0x50,
    0x0, 0x18, 0xff, 0x30, 0x0, 0xaf, 0xff, 0xdd,
    0xff, 0xf5, 0x0, 0x0, 0x4, 0xad, 0xfe, 0xd8,
    0x20, 0x0,

    /* U+0473 "ѳ" */
    0x0, 0x5c, 0xff, 0xc6, 0x0, 0x0, 0x9f, 0xfd,
    0xdf, 0xfb, 0x0, 0x4f, 0xe2, 0x0, 0x1d, 0xf7,
    0xb, 0xf7, 0x0, 0x0, 0x4f, 0xd0, 0xef, 0xba,
    0xaa, 0xaa, 0xff, 0xe, 0xff, 0xff, 0xff, 0xff,
    0xf2, 0xdf, 0x50, 0x0, 0x2, 0xff, 0x1a, 0xf9,
    0x0, 0x0, 0x6f, 0xe0, 0x4f, 0xf4, 0x0, 0x2e,
    0xf7, 0x0, 0x8f, 0xfd, 0xdf, 0xfc, 0x0, 0x0,
    0x5c, 0xff, 0xd7, 0x0, 0x0,

    /* U+0474 "Ѵ" */
    0xdf, 0x60, 0x0, 0x0, 0x0, 0x7e, 0xf7, 0x7f,
    0xb0, 0x0, 0x0, 0x4, 0xff, 0xb6, 0x1f, 0xf1,
    0x0, 0x0, 0xc, 0xf7, 0x0, 0xb, 0xf7, 0x0,
    0x0, 0x2f, 0xf0, 0x0, 0x6, 0xfc, 0x0, 0x0,
    0x7f, 0xa0, 0x0, 0x0, 0xff, 0x20, 0x0, 0xcf,
    0x40, 0x0, 0x0, 0xaf, 0x80, 0x2, 0xff, 0x0,
    0x0, 0x0, 0x4f, 0xd0, 0x7, 0xfa, 0x0, 0x0,
    0x0, 0xe, 0xf3, 0xc, 0xf5, 0x0, 0x0, 0x0,
    0x9, 0xf8, 0x1f, 0xf0, 0x0, 0x0, 0x0, 0x3,
    0xfd, 0x6f, 0xa0, 0x0, 0x0, 0x0, 0x0, 0xdf,
    0xbf, 0x50, 0x0, 0x0, 0x0, 0x0, 0x7f, 0xff,
    0x0, 0x0, 0x0, 0x0, 0x0, 0x1f, 0xfa, 0x0,
    0x0, 0x0,

    /* U+0475 "ѵ" */
    0xdf, 0x60, 0x0, 0x0, 0x7e, 0xe1, 0x7f, 0xb0,
    0x0, 0x3, 0xff, 0xb1, 0x1f, 0xf1, 0x0, 0x9,
    0xf7, 0x0, 0xb, 0xf6, 0x0, 0xe, 0xf1, 0x0,
    0x5, 0xfc, 0x0, 0x4f, 0xb0, 0x0, 0x0, 0xff,
    0x10, 0x9f, 0x60, 0x0, 0x0, 0x9f, 0x60, 0xef,
    0x10, 0x0, 0x0, 0x3f, 0xc3, 0xfb, 0x0, 0x0,
    0x0, 0xd, 0xf8, 0xf6, 0x0, 0x0, 0x0, 0x8,
    0xff, 0xf1, 0x0, 0x0, 0x0, 0x2, 0xff, 0xb0,
    0x0, 0x0,

    /* U+0476 "Ѷ" */
    0x2, 0xff, 0x18, 0xfb, 0x0, 0x0, 0x0, 0x0,
    0x5f, 0x90, 0xbf, 0x30, 0x0, 0x0, 0x0, 0x6,
    0xf3, 0xb, 0xd0, 0x0, 0x0, 0x0, 0x0, 0x21,
    0x0, 0x30, 0x0, 0x0, 0x0, 0x0, 0x0, 0x0,
    0x0, 0x0, 0x0, 0xdf, 0x60, 0x0, 0x0, 0x0,
    0x7e, 0xf7, 0x7f, 0xb0, 0x0, 0x0, 0x4, 0xff,
    0xb6, 0x1f, 0xf1, 0x0, 0x0, 0xc, 0xf7, 0x0,
    0xb, 0xf7, 0x0, 0x0, 0x2f, 0xf0, 0x0, 0x6,
    0xfc, 0x0, 0x0, 0x7f, 0xa0, 0x0, 0x0, 0xff,
    0x20, 0x0, 0xcf, 0x40, 0x0, 0x0, 0xaf, 0x80,
    0x2, 0xff, 0x0, 0x0, 0x0, 0x4f, 0xd0, 0x7,
    0xfa, 0x0, 0x0, 0x0, 0xe, 0xf3, 0xc, 0xf5,
    0x0, 0x0, 0x0, 0x9, 0xf8, 0x1f, 0xf0, 0x0,
    0x0, 0x0, 0x3, 0xfd, 0x6f, 0xa0, 0x0, 0x0,
    0x0, 0x0, 0xdf, 0xbf, 0x50, 0x0, 0x0, 0x0,
    0x0, 0x7f, 0xff, 0x0, 0x0, 0x0, 0x0, 0x0,
    0x1f, 0xfa, 0x0, 0x0, 0x0,

    /* U+0477 "ѷ" */
    0x13, 0x20, 0x23, 0x10, 0x0, 0x0, 0x1e, 0xf3,
    0x5f, 0xd0, 0x0, 0x0, 0x2, 0xfc, 0x8, 0xf6,
    0x0, 0x0, 0x0, 0x3e, 0x60, 0x8e, 0x10, 0x0,
    0x0, 0x0, 0x0, 0x0, 0x0, 0x0, 0xdf, 0x60,
    0x0, 0x0, 0x7e, 0xe1, 0x7f, 0xb0, 0x0, 0x3,
    0xff, 0xb1, 0x1f, 0xf1, 0x0, 0x9, 0xf7, 0x0,
    0xb, 0xf6, 0x0, 0xe, 0xf1, 0x0, 0x5, 0xfc,
    0x0, 0x4f, 0xb0, 0x0, 0x0, 0xff, 0x10, 0x9f,
    0x60, 0x0, 0x0, 0x9f, 0x60, 0xef, 0x10, 0x0,
    0x0, 0x3f, 0xc3, 0xfb, 0x0, 0x0, 0x0, 0xd,
    0xf8, 0xf6, 0x0, 0x0, 0x0, 0x8, 0xff, 0xf1,
    0x0, 0x0, 0x0, 0x2, 0xff, 0xb0, 0x0, 0x0,

    /* U+0478 "Ѹ" */
    0x0, 0x6, 0xce, 0xfd, 0xb4, 0x0, 0x0, 0x0,
    0x0, 0x0, 0x0, 0x0, 0x1, 0xcf, 0xff, 0xef,
    0xff, 0x90, 0x0, 0x0, 0x0, 0x0, 0x0, 0x0,
    0xa, 0xfe, 0x40, 0x0, 0x6f, 0xf6, 0x0, 0x0,
    0x0, 0x0, 0x0, 0x0, 0x3f, 0xf3, 0x0, 0x0,
    0x7, 0xfe, 0x6, 0xfd, 0x0, 0x0, 0x8, 0xfb,
    0x7f, 0xc0, 0x0, 0x0, 0x1, 0xff, 0x30, 0xff,
    0x30, 0x0, 0xd, 0xf5, 0xaf, 0x80, 0x0, 0x0,
    0x0, 0xdf, 0x60, 0x9f, 0x90, 0x0, 0x3f, 0xf0,
    0xcf, 0x70, 0x0, 0x0, 0x0, 0xbf, 0x80, 0x3f,
    0xf0, 0x0, 0x8f, 0xa0, 0xcf, 0x70, 0x0, 0x0,
    0x0, 0xcf, 0x80, 0xc, 0xf5, 0x0, 0xef, 0x40,
    0xaf, 0x90, 0x0, 0x0, 0x0, 0xdf, 0x60, 0x6,
    0xfb, 0x3, 0xfe, 0x0, 0x7f, 0xd0, 0x0, 0x0,
    0x1, 0xff, 0x30, 0x0, 0xff, 0x19, 0xf8, 0x0,
    0x3f, 0xf4, 0x0, 0x0, 0x8, 0xfe, 0x0, 0x0,
    0x9f, 0x6e, 0xf2, 0x0, 0xa, 0xfe, 0x40, 0x0,
    0x6f, 0xf5, 0x0, 0x0, 0x3f, 0xcf, 0xc0, 0x0,
    0x1, 0xcf, 0xfe, 0xdf, 0xff, 0x80, 0x0, 0x0,
    0xc, 0xff, 0x70, 0x0, 0x0, 0x6, 0xce, 0xfd,
    0xa4, 0x0, 0x0, 0x0, 0x6, 0xff, 0x10, 0x0,
    0x0, 0x0, 0x0, 0x0, 0x0, 0x0, 0x0, 0x0,
    0x8, 0xfb, 0x0, 0x0, 0x0, 0x0, 0x0, 0x0,
    0x0, 0x0, 0x0, 0x0, 0xe, 0xf5, 0x0, 0x0,
    0x0, 0x0, 0x0, 0x0, 0x0, 0x0, 0x0, 0x0,
    0x8f, 0xd0, 0x0, 0x0, 0x0, 0x0, 0x0, 0x0,
    0x0, 0x0, 0x3, 0xcd, 0xff, 0x30, 0x0, 0x0,
    0x0, 0x0, 0x0, 0x0, 0x0, 0x0, 0x3, 0xff,
    0xc3, 0x0, 0x0, 0x0,

    /* U+0479 "ѹ" */
    0x0, 0x5c, 0xff, 0xc7, 0x0, 0xe, 0xf4, 0x0,
    0x0, 0x1f, 0xf3, 0x9, 0xff, 0xdd, 0xff, 0xb0,
    0x8, 0xfa, 0x0, 0x0, 0x6f, 0xd0, 0x4f, 0xf4,
    0x0, 0x2e, 0xf7, 0x2, 0xff, 0x0, 0x0, 0xbf,
    0x70, 0xaf, 0x90, 0x0, 0x6, 0xfe, 0x0, 0xcf,
    0x50, 0x1, 0xff, 0x10, 0xdf, 0x50, 0x0, 0x2,
    0xff, 0x10, 0x5f, 0xb0, 0x7, 0xfb, 0x0, 0xef,
    0x40, 0x0, 0x0, 0xff, 0x20, 0xe, 0xf1, 0xc,
    0xf5, 0x0, 0xdf, 0x50, 0x0, 0x2, 0xff, 0x10,
    0x9, 0xf7, 0x2f, 0xf0, 0x0, 0xaf, 0x90, 0x0,
    0x6, 0xfe, 0x0, 0x2, 0xfc, 0x7f, 0x90, 0x0,
    0x3f, 0xf3, 0x0, 0x1d, 0xf8, 0x0, 0x0, 0xcf,
    0xcf, 0x30, 0x0, 0x8, 0xff, 0xcb, 0xff, 0xc0,
    0x0, 0x0, 0x5f, 0xfd, 0x0, 0x0, 0x0, 0x5b,
    0xef, 0xd7, 0x0, 0x0, 0x0, 0xf, 0xf8, 0x0,
    0x0, 0x0, 0x0, 0x0, 0x0, 0x0, 0x0, 0x0,
    0x1f, 0xf2, 0x0, 0x0, 0x0, 0x0, 0x0, 0x0,
    0x0, 0x0, 0x0, 0x7f, 0xc0, 0x0, 0x0, 0x0,
    0x0, 0x0, 0x0, 0x0, 0x0, 0x2, 0xef, 0x40,
    0x0, 0x0, 0x0, 0x0, 0x0, 0x0, 0x0, 0xa,
    0xcf, 0xfa, 0x0, 0x0, 0x0, 0x0, 0x0, 0x0,
    0x0, 0x0, 0xb, 0xfd, 0x80, 0x0, 0x0, 0x0,

    /* U+047A "Ѻ" */
    0x0, 0x0, 0x0, 0xac, 0x40, 0x0, 0x0, 0x0,
    0x0, 0x17, 0xbf, 0xfe, 0x93, 0x0, 0x0, 0x0,
    0x5f, 0xff, 0xff, 0xff, 0xfa, 0x0, 0x0, 0x4f,
    0xfc, 0x4b, 0xe6, 0x6f, 0xfb, 0x0, 0xe, 0xfb,
    0x0, 0x0, 0x0, 0x3f, 0xf5, 0x5, 0xff, 0x10,
    0x0, 0x0, 0x0, 0x9f, 0xc0, 0x9f, 0xb0, 0x0,
    0x0, 0x0, 0x4, 0xff, 0x1c, 0xf8, 0x0, 0x0,
    0x0, 0x0, 0x1f, 0xf3, 0xcf, 0x70, 0x0, 0x0,
    0x0, 0x0, 0xff, 0x4b, 0xf8, 0x0, 0x0, 0x0,
    0x0, 0x1f, 0xf3, 0x9f, 0xa0, 0x0, 0x0, 0x0,
    0x3, 0xff, 0x15, 0xff, 0x10, 0x0, 0x0, 0x0,
    0x9f, 0xc0, 0xe, 0xf8, 0x0, 0x0, 0x0, 0x2f,
    0xf6, 0x0, 0x5f, 0xf9, 0x2a, 0xc4, 0x5e, 0xfc,
    0x0, 0x0, 0x6f, 0xff, 0xff, 0xff, 0xfb, 0x0,
    0x0, 0x0, 0x18, 0xcf, 0xff, 0xa4, 0x0, 0x0,
    0x0, 0x0, 0x0, 0xbe, 0x50, 0x0, 0x0, 0x0,

    /* U+047B "ѻ" */
    0x0, 0x0, 0x5e, 0xa0, 0x0, 0x0, 0x0, 0x5c,
    0xff, 0xfd, 0x70, 0x0, 0x8, 0xff, 0xef, 0xff,
    0xfc, 0x0, 0x4f, 0xf3, 0x17, 0x31, 0xdf, 0x90,
    0xaf, 0x90, 0x0, 0x0, 0x4f, 0xf0, 0xdf, 0x50,
    0x0, 0x0, 0xf, 0xf3, 0xef, 0x40, 0x0, 0x0,
    0xf, 0xf4, 0xdf, 0x50, 0x0, 0x0, 0xf, 0xf3,
    0xaf, 0x90, 0x0, 0x0, 0x4f, 0xf0, 0x3f, 0xf3,
    0x17, 0x41, 0xdf, 0x90, 0x7, 0xff, 0xef, 0xff,
    0xfc, 0x0, 0x0, 0x4b, 0xff, 0xfd, 0x70, 0x0,
    0x0, 0x0, 0x5f, 0x90, 0x0, 0x0,

    /* U+047C "Ѽ" */
    0x0, 0x0, 0x0, 0x6e, 0xfc, 0x85, 0x20, 0x0,
    0x0, 0x0, 0x0, 0x0, 0xf, 0xd9, 0xbf, 0xff,
    0x40, 0x0, 0x0, 0x0, 0x0, 0x0, 0x41, 0x9c,
    0x22, 0x41, 0x0, 0x0, 0x0, 0x0, 0x0, 0x0,
    0xb, 0xf7, 0x0, 0x0, 0x0, 0x0, 0x0, 0x0,
    0x0, 0x0, 0xf, 0x50, 0x0, 0x0, 0x0, 0x0,
    0x0, 0x0, 0x0, 0xb, 0xb0, 0x0, 0x0, 0x0,
    0x0, 0x0, 0x0, 0x0, 0x0, 0x40, 0x0, 0x0,
    0x0, 0x0, 0x0, 0x1, 0x9d, 0xfd, 0x70, 0x1,
    0x8e, 0xfd, 0x81, 0x0, 0x2, 0xef, 0xfd, 0xff,
    0x20, 0x3f, 0xed, 0xff, 0xd1, 0x0, 0xcf, 0xb1,
    0x0, 0x30, 0x0, 0x40, 0x1, 0xcf, 0xa0, 0x3f,
    0xf1, 0x0, 0x0, 0x0, 0x0, 0x0, 0x2, 0xff,
    0x28, 0xfa, 0x0, 0x0, 0x0, 0x0, 0x0, 0x0,
    0xc, 0xf6, 0xbf, 0x70, 0x0, 0x0, 0x0, 0x0,
    0x0, 0x0, 0x9f, 0x9c, 0xf6, 0x0, 0x0, 0x0,
    0x0, 0x0, 0x0, 0x8, 0xfa, 0xbf, 0x70, 0x0,
    0x0, 0x69, 0x40, 0x0, 0x0, 0x9f, 0xaa, 0xf9,
    0x0, 0x0, 0xa, 0xf8, 0x0, 0x0, 0xa, 0xf8,
    0x7f, 0xd0, 0x0, 0x0, 0xaf, 0x80, 0x0, 0x0,
    0xef, 0x52, 0xff, 0x40, 0x0, 0xa, 0xf8, 0x0,
    0x0, 0x6f, 0xf1, 0xa, 0xfe, 0x50, 0x3, 0xdf,
    0xc2, 0x0, 0x6f, 0xf8, 0x0, 0x1c, 0xff, 0xff,
    0xff, 0xef, 0xff, 0xff, 0xfb, 0x0, 0x0, 0x7,
    0xcf, 0xfc, 0x50, 0x6c, 0xfe, 0xc6, 0x0, 0x0,

    /* U+047D "ѽ" */
    0x0, 0x0, 0x1b, 0xfe, 0xb7, 0x42, 0x0, 0x0,
    0x0, 0x0, 0x7, 0xfa, 0x9d, 0xff, 0xe0, 0x0,
    0x0, 0x0, 0x0, 0x24, 0x2d, 0x91, 0x34, 0x0,
    0x0, 0x0, 0x0, 0x0, 0x1, 0xdf, 0x10, 0x0,
    0x0, 0x0, 0x0, 0x0, 0x0, 0x7, 0xd0, 0x0,
    0x0, 0x0, 0x0, 0x0, 0x0, 0x5, 0xb2, 0x0,
    0x0, 0x0, 0x0, 0x0, 0x0, 0x0, 0x0, 0x0,
    0x0, 0x0, 0x0, 0x0, 0x8, 0xdf, 0xd7, 0x0,
    0x4c, 0xfe, 0xa1, 0x0, 0xb, 0xff, 0xde, 0x80,
    0x4, 0xfd, 0xff, 0xe1, 0x5, 0xfe, 0x20, 0x0,
    0x0, 0x1, 0x0, 0xcf, 0xa0, 0xaf, 0x90, 0x0,
    0x0, 0x0, 0x0, 0x4, 0xff, 0xd, 0xf6, 0x0,
    0x0, 0x0, 0x0, 0x0, 0x1f, 0xf2, 0xef, 0x50,
    0x0, 0xa, 0xb2, 0x0, 0x0, 0xff, 0x2d, 0xf6,
    0x0, 0x0, 0xef, 0x30, 0x0, 0x1f, 0xf2, 0xaf,
    0xa0, 0x0, 0xe, 0xf3, 0x0, 0x5, 0xff, 0x5,
    0xff, 0x40, 0x4, 0xff, 0x80, 0x2, 0xdf, 0xa0,
    0xb, 0xff, 0xdd, 0xfe, 0xcf, 0xed, 0xff, 0xe1,
    0x0, 0x7, 0xdf, 0xea, 0x20, 0x8e, 0xfe, 0x91,
    0x0,

    /* U+047E "Ѿ" */
    0x0, 0x0, 0x9, 0xff, 0xff, 0xff, 0xf5, 0x0,
    0x0, 0x0, 0x0, 0x0, 0x3c, 0x24, 0xd2, 0x3e,
    0x0, 0x0, 0x0, 0x0, 0x0, 0x0, 0x10, 0x1,
    0x0, 0x10, 0x0, 0x0, 0x0, 0x0, 0x0, 0x0,
    0x0, 0x0, 0x0, 0x0, 0x0, 0x0, 0x7f, 0xc0,
    0x0, 0x0, 0xff, 0x30, 0x0, 0x2, 0xff, 0x6,
    0xfd, 0x0, 0x0, 0xf, 0xf5, 0x0, 0x0, 0x3f,
    0xf0, 0x4f, 0xf0, 0x0, 0x0, 0xdf, 0x60, 0x0,
    0x4, 0xfe, 0x2, 0xff, 0x20, 0x0, 0xb, 0xf9,
    0x0, 0x0, 0x5f, 0xd0, 0xf, 0xf4, 0x0, 0x0,
    0xcf, 0xc0, 0x0, 0x8, 0xfb, 0x0, 0xbf, 0x80,
    0x0, 0x2f, 0xff, 0x0, 0x0, 0xaf, 0x80, 0x7,
    0xfc, 0x0, 0x8, 0xff, 0xf4, 0x0, 0xd, 0xf4,
    0x0, 0x2f, 0xf1, 0x0, 0xef, 0xbf, 0x90, 0x1,
    0xff, 0x10, 0x0, 0xdf, 0x60, 0x4f, 0xb5, 0xfe,
    0x0, 0x5f, 0xc0, 0x0, 0x7, 0xfc, 0x9, 0xf5,
    0xe, 0xf4, 0xa, 0xf6, 0x0, 0x0, 0x1f, 0xf2,
    0xef, 0x0, 0x8f, 0xa1, 0xff, 0x10, 0x0, 0x0,
    0x9f, 0xcf, 0xa0, 0x1, 0xff, 0xaf, 0x90, 0x0,
    0x0, 0x1, 0xff, 0xf5, 0x0, 0x8, 0xff, 0xf1,
    0x0, 0x0, 0x0, 0x8, 0xff, 0x0, 0x0, 0xe,
    0xf8, 0x0, 0x0,

    /* U+047F "ѿ" */
    0x0, 0x0, 0xff, 0xff, 0xff, 0xff, 0x0, 0x0,
    0x0, 0x0, 0x97, 0x29, 0x82, 0x88, 0x0, 0x0,
    0x0, 0x0, 0x0, 0x0, 0x0, 0x0, 0x0, 0x0,
    0x9f, 0x80, 0x0, 0x2f, 0xf0, 0x0, 0x6, 0xfb,
    0x8f, 0x90, 0x0, 0x1f, 0xf1, 0x0, 0x7, 0xf9,
    0x6f, 0xc0, 0x0, 0xf, 0xf3, 0x0, 0x9, 0xf7,
    0x2f, 0xe0, 0x0, 0xc, 0xf6, 0x0, 0xc, 0xf4,
    0xe, 0xf2, 0x0, 0xd, 0xf9, 0x0, 0xf, 0xf0,
    0xa, 0xf7, 0x0, 0x4f, 0xfd, 0x0, 0x4f, 0xc0,
    0x4, 0xfc, 0x0, 0xce, 0xdf, 0x20, 0x9f, 0x60,
    0x0, 0xef, 0x24, 0xf7, 0x7f, 0x80, 0xef, 0x0,
    0x0, 0x7f, 0x9c, 0xf1, 0x1f, 0xd7, 0xf8, 0x0,
    0x0, 0xe, 0xff, 0x80, 0x9, 0xff, 0xe1, 0x0,
    0x0, 0x6, 0xff, 0x10, 0x1, 0xff, 0x60, 0x0,

    /* U+0480 "Ҁ" */
    0x0, 0x2, 0x8c, 0xef, 0xdb, 0x61, 0x0, 0x6f,
    0xff, 0xee, 0xff, 0xf2, 0x5, 0xff, 0xa2, 0x0,
    0x4, 0x60, 0x1f, 0xf8, 0x0, 0x0, 0x0, 0x0,
    0x6f, 0xe0, 0x0, 0x0, 0x0, 0x0, 0xaf, 0x90,
    0x0, 0x0, 0x0, 0x0, 0xcf, 0x70, 0x0, 0x0,
    0x0, 0x0, 0xcf, 0x70, 0x0, 0x0, 0x0, 0x0,
    0xaf, 0x90, 0x0, 0x0, 0x0, 0x0, 0x7f, 0xe0,
    0x0, 0x0, 0x0, 0x0, 0x2f, 0xf6, 0x0, 0x0,
    0x0, 0x0, 0x8, 0xff, 0x81, 0x0, 0x0, 0x0,
    0x0, 0x9f, 0xff, 0xfe, 0xf5, 0x0, 0x0, 0x3,
    0x9d, 0xef, 0xf5, 0x0, 0x0, 0x0, 0x0, 0xc,
    0xf5, 0x0, 0x0, 0x0, 0x0, 0xc, 0xf5, 0x0,
    0x0, 0x0, 0x0, 0xc, 0xf5, 0x0, 0x0, 0x0,
    0x0, 0xc, 0xf5, 0x0, 0x0, 0x0, 0x0, 0xc,
    0xf5, 0x0,

    /* U+0481 "ҁ" */
    0x0, 0x5b, 0xef, 0xda, 0x20, 0x9f, 0xfe, 0xdf,
    0xf1, 0x5f, 0xf5, 0x0, 0x3, 0xa, 0xf8, 0x0,
    0x0, 0x0, 0xdf, 0x40, 0x0, 0x0, 0xe, 0xf3,
    0x0, 0x0, 0x0, 0xef, 0x50, 0x0, 0x0, 0xb,
    0xf8, 0x0, 0x0, 0x0, 0x6f, 0xf4, 0x0, 0x0,
    0x0, 0xbf, 0xfd, 0xce, 0x50, 0x0, 0x7c, 0xff,
    0xf5, 0x0, 0x0, 0x0, 0xcf, 0x50, 0x0, 0x0,
    0xc, 0xf5, 0x0, 0x0, 0x0, 0xcf, 0x50, 0x0,
    0x0, 0xc, 0xf5, 0x0, 0x0, 0x0, 0xcf, 0x50,

    /* U+0482 "҂" */
    0x0, 0x0, 0x0, 0x2, 0x40, 0x0, 0x0, 0x0,
    0x0, 0xbe, 0x0, 0x0, 0x1e, 0x70, 0x4f, 0x50,
    0x0, 0x0, 0x8f, 0xdd, 0xc0, 0x0, 0x0, 0x0,
    0x2d, 0xfc, 0x20, 0x0, 0x0, 0x1, 0xeb, 0xdf,
    0x80, 0x31, 0x0, 0x9f, 0x10, 0x6a, 0xc, 0xf7,
    0x3f, 0x70, 0x0, 0x0, 0x7, 0xff, 0xe0, 0x0,
    0x0, 0x0, 0x6, 0xff, 0xb2, 0x0, 0x0, 0x0,
    0xeb, 0x4d, 0xf4, 0x0, 0x0, 0x7f, 0x20, 0x5,
    0x0, 0x0, 0x9, 0x90, 0x0, 0x0, 0x0, 0x0,
    0x0, 0x0, 0x0, 0x0, 0x0,

    /* U+0483 "҃" */
    0x0, 0x0, 0x0, 0x8c, 0x1, 0xef, 0xff, 0xff,
    0xf1, 0x1f, 0x92, 0x22, 0x21, 0x0, 0x0, 0x0,
    0x0, 0x0,

    /* U+0484 "҄" */
    0x0, 0x0, 0x37, 0x61, 0x0, 0x26, 0xcf, 0xff,
    0xd0, 0x2f, 0xfd, 0x61, 0x6f, 0x30, 0x42, 0x0,
    0x0, 0x51,

    /* U+0485 "҅" */
    0x7f, 0x6c, 0xd2, 0x6d, 0x30, 0x36,

    /* U+0486 "҆" */
    0x8f, 0x54, 0xea, 0x4e, 0x47, 0x20,

    /* U+0487 "҇" */
    0x3, 0x76, 0x10, 0x0, 0x5f, 0xff, 0xf9, 0x41,
    0xae, 0x12, 0x9f, 0xfb, 0x33, 0x0, 0x0, 0x33,

    /* U+0488 "҈" */
    0x0, 0x0, 0x0, 0x0, 0x0, 0x0, 0x0, 0x0,
    0x0, 0x0, 0x0, 0x0, 0x0, 0x0, 0x0, 0x0,
    0x0, 0xbf, 0xe7, 0x0, 0x0, 0x0, 0x0, 0x0,
    0x0, 0x0, 0x0, 0x0, 0x7, 0xa3, 0x4d, 0x30,
    0x0, 0x0, 0x0, 0x0, 0x0, 0x0, 0x0, 0x0,
    0x0, 0x0, 0x0, 0x0, 0x0, 0x0, 0x0, 0x0,
    0x0, 0x6, 0xef, 0x90, 0x0, 0x0, 0x0, 0x0,
    0x1c, 0xfd, 0x40, 0x0, 0x0, 0x1d, 0x44, 0xb6,
    0x0, 0x0, 0x0, 0x0, 0x98, 0x36, 0xe0, 0x0,
    0x0, 0x13, 0x0, 0x13, 0x0, 0x0, 0x0, 0x0,
    0x30, 0x0, 0x40, 0x0, 0x0, 0x0, 0x0, 0x0,
    0x0, 0x0, 0x0, 0x0, 0x0, 0x0, 0x0, 0x0,
    0x0, 0x0, 0x0, 0x0, 0x0, 0x0, 0x0, 0x0,
    0x0, 0x0, 0x0, 0x0, 0x0, 0x0, 0x0, 0x0,
    0x0, 0x0, 0x0, 0x0, 0x0, 0x0, 0x0, 0x0,
    0x8, 0xff, 0x90, 0x0, 0x0, 0x0, 0x0, 0x0,
    0x0, 0xa, 0xfe, 0x70, 0x3d, 0x44, 0xc5, 0x0,
    0x0, 0x0, 0x0, 0x0, 0x0, 0x6b, 0x45, 0xd2,
    0x12, 0x0, 0x12, 0x0, 0x0, 0x0, 0x0, 0x0,
    0x0, 0x21, 0x0, 0x21, 0x0, 0x0, 0x0, 0x0,
    0x0, 0x0, 0x0, 0x0, 0x0, 0x0, 0x0, 0x0,
    0x0, 0x0, 0x0, 0x0, 0x0, 0x0, 0x0, 0x0,
    0x0, 0x0, 0x0, 0x0, 0x0, 0x0, 0x0, 0x0,
    0x0, 0x0, 0x0, 0x0, 0x0, 0x0, 0x0, 0x0,
    0x0, 0x7, 0xef, 0xa0, 0x0, 0x0, 0x0, 0x0,
    0x2c, 0xfd, 0x40, 0x0, 0x0, 0x2d, 0x44, 0xa7,
    0x0, 0x0, 0x0, 0x0, 0xa8, 0x35, 0xe0, 0x0,
    0x0, 0x1, 0x0, 0x1, 0x0, 0x0, 0x0, 0x0,
    0x10, 0x0, 0x10, 0x0, 0x0, 0x0, 0x0, 0x0,
    0x0, 0xbf, 0xf7, 0x0, 0x0, 0x0, 0x0, 0x0,
    0x0, 0x0, 0x0, 0x0, 0x6, 0xa3, 0x5d, 0x20,
    0x0, 0x0, 0x0, 0x0, 0x0, 0x0, 0x0, 0x0,
    0x1, 0x10, 0x2, 0x10, 0x0, 0x0, 0x0, 0x0,

    /* U+0489 "҉" */
    0x0, 0x0, 0x0, 0x0, 0x0, 0x1f, 0x20, 0x0,
    0x0, 0x0, 0x0, 0x0, 0x0, 0x0, 0x0, 0x0,
    0x7f, 0x0, 0x0, 0x0, 0x0, 0x0, 0x0, 0x0,
    0x10, 0x0, 0x0, 0xdc, 0x0, 0x0, 0x0, 0x0,
    0x0, 0x0, 0x8, 0xb0, 0x0, 0x2, 0xf9, 0x0,
    0x0, 0x0, 0x30, 0x0, 0x0, 0x3, 0xf5, 0x0,
    0x0, 0x20, 0x0, 0x0, 0x5d, 0xf5, 0x0, 0x0,
    0x0, 0xce, 0x10, 0x0, 0x0, 0x0, 0xb, 0xfc,
    0x20, 0x0, 0x0, 0x0, 0x4d, 0x10, 0x0, 0x0,
    0x0, 0x2, 0x70, 0x0, 0x0, 0x0, 0x0, 0x1,
    0x0, 0x0, 0x0, 0x0, 0x0, 0x0, 0x0, 0x0,
    0x0, 0x0, 0x0, 0x0, 0x0, 0x0, 0x0, 0x0,
    0x0, 0x0, 0x0, 0x20, 0x0, 0x0, 0x0, 0x0,
    0x0, 0x0, 0x0, 0x0, 0x20, 0x0, 0xfe, 0xb8,
    0x0, 0x0, 0x0, 0x0, 0x0, 0x0, 0x2, 0xfc,
    0x71, 0x17, 0xdf, 0x20, 0x0, 0x0, 0x0, 0x0,
    0x0, 0x0, 0x9c, 0xff, 0x0, 0x2, 0x0, 0x0,
    0x0, 0x0, 0x0, 0x0, 0x0, 0x0, 0x3, 0x0,
    0x0, 0x0, 0x0, 0x0, 0x0, 0x0, 0x0, 0x0,
    0x0, 0x0, 0x0, 0x0, 0x0, 0x0, 0x0, 0x0,
    0x0, 0x0, 0x0, 0x0, 0x0, 0x0, 0x0, 0x0,
    0x0, 0x0, 0x0, 0x0, 0x0, 0x60, 0x0, 0x0,
    0x0, 0x0, 0x4e, 0x70, 0x0, 0x0, 0x0, 0x3,
    0xf7, 0x0, 0x0, 0x0, 0x1a, 0xfd, 0x50, 0x0,
    0x2, 0x0, 0x0, 0xbe, 0x0, 0x0, 0x0, 0x4c,
    0x50, 0x0, 0x0, 0x8f, 0x20, 0x0, 0x1f, 0x60,
    0x0, 0x0, 0x0, 0x0, 0x0, 0x0, 0xbd, 0x0,
    0x0, 0x6, 0x40, 0x0, 0x0, 0x0, 0x0, 0x0,
    0x0, 0xf7, 0x0, 0x0, 0x0, 0x0, 0x0, 0x0,
    0x0, 0x0, 0x0, 0x2, 0xf1, 0x0, 0x0, 0x0,
    0x0, 0x0,

    /* U+048A "Ҋ" */
    0x0, 0x8, 0x60, 0x0, 0x18, 0x60, 0x0, 0x0,
    0x0, 0xe, 0xf5, 0x12, 0xaf, 0x90, 0x0, 0x0,
    0x0, 0x4, 0xef, 0xff, 0xfb, 0x0, 0x0, 0x0,
    0x0, 0x0, 0x2, 0x33, 0x10, 0x0, 0x0, 0x0,
    0x0, 0x0, 0x0, 0x0, 0x0, 0x0, 0x0, 0x0,
    0x1f, 0xe0, 0x0, 0x0, 0x1, 0xef, 0xc0, 0x0,
    0x1f, 0xe0, 0x0, 0x0, 0xb, 0xff, 0xc0, 0x0,
    0x1f, 0xe0, 0x0, 0x0, 0x5f, 0xff, 0xc0, 0x0,
    0x1f, 0xe0, 0x0, 0x1, 0xef, 0x6f, 0xc0, 0x0,
    0x1f, 0xe0, 0x0, 0xa, 0xfa, 0x2f, 0xc0, 0x0,
    0x1f, 0xe0, 0x0, 0x5f, 0xe1, 0x2f, 0xc0, 0x0,
    0x1f, 0xe0, 0x1, 0xef, 0x50, 0x3f, 0xc0, 0x0,
    0x1f, 0xd0, 0xa, 0xfb, 0x0, 0x3f, 0xc0, 0x0,
    0x1f, 0xd0, 0x4f, 0xe1, 0x0, 0x3f, 0xc0, 0x0,
    0x1f, 0xd0, 0xef, 0x50, 0x0, 0x3f, 0xc0, 0x0,
    0x1f, 0xc9, 0xfb, 0x0, 0x0, 0x3f, 0xc0, 0x0,
    0x1f, 0xef, 0xe1, 0x0, 0x0, 0x3f, 0xc0, 0x0,
    0x1f, 0xff, 0x50, 0x0, 0x0, 0x3f, 0xfc, 0xc0,
    0x1f, 0xfb, 0x0, 0x0, 0x0, 0x3f, 0xff, 0xc0,
    0x0, 0x0, 0x0, 0x0, 0x0, 0x0, 0x6f, 0x80,
    0x0, 0x0, 0x0, 0x0, 0x0, 0x0, 0xdf, 0x30,
    0x0, 0x0, 0x0, 0x0, 0x0, 0x3, 0xff, 0x0,
    0x0, 0x0, 0x0, 0x0, 0x0, 0xa, 0xfb, 0x0,

    /* U+048B "ҋ" */
    0x1, 0x86, 0x0, 0x1, 0x86, 0x0, 0x0, 0x1f,
    0xe0, 0x0, 0x5f, 0xa0, 0x0, 0x0, 0xcf, 0x71,
    0x3d, 0xf4, 0x0, 0x0, 0x2, 0xdf, 0xff, 0xf7,
    0x0, 0x0, 0x0, 0x0, 0x23, 0x30, 0x0, 0x0,
    0x5, 0xfb, 0x0, 0x0, 0x3f, 0xfa, 0x0, 0x5f,
    0xb0, 0x0, 0xd, 0xff, 0xa0, 0x5, 0xfb, 0x0,
    0x7, 0xfd, 0xfa, 0x0, 0x5f, 0xb0, 0x2, 0xfe,
    0x6f, 0xa0, 0x5, 0xfb, 0x0, 0xbf, 0x55, 0xfa,
    0x0, 0x5f, 0xa0, 0x5f, 0xb0, 0x5f, 0xa0, 0x5,
    0xfa, 0xe, 0xf2, 0x5, 0xfa, 0x0, 0x5f, 0x98,
    0xf7, 0x0, 0x5f, 0xa0, 0x5, 0xfb, 0xfc, 0x0,
    0x5, 0xfa, 0x0, 0x5f, 0xff, 0x30, 0x0, 0x5f,
    0xc7, 0x55, 0xff, 0x80, 0x0, 0x5, 0xff, 0xf9,
    0x0, 0x0, 0x0, 0x0, 0x0, 0x8f, 0x50, 0x0,
    0x0, 0x0, 0x0, 0xd, 0xf1, 0x0, 0x0, 0x0,
    0x0, 0x2, 0xfd, 0x0, 0x0, 0x0, 0x0, 0x0,
    0x7f, 0x90,

    /* U+048C "Ҍ" */
    0x1, 0xff, 0x10, 0x0, 0x0, 0x0, 0x7d, 0xff,
    0xdd, 0xd3, 0x0, 0x0, 0x8f, 0xff, 0xff, 0xf3,
    0x0, 0x0, 0x1, 0xff, 0x10, 0x0, 0x0, 0x0,
    0x1, 0xff, 0x10, 0x0, 0x0, 0x0, 0x1, 0xff,
    0x10, 0x0, 0x0, 0x0, 0x1, 0xff, 0xff, 0xfd,
    0xa3, 0x0, 0x1, 0xff, 0xdd, 0xef, 0xff, 0x70,
    0x1, 0xff, 0x10, 0x1, 0x8f, 0xf2, 0x1, 0xff,
    0x10, 0x0, 0xe, 0xf6, 0x1, 0xff, 0x10, 0x0,
    0xe, 0xf6, 0x1, 0xff, 0x10, 0x0, 0x8f, 0xf2,
    0x1, 0xff, 0xcc, 0xdf, 0xff, 0x80, 0x1, 0xff,
    0xff, 0xfe, 0xa4, 0x0,

    /* U+048D "ҍ" */
    0x5, 0xfc, 0x0, 0x0, 0x0, 0x0, 0x5, 0xfc,
    0x0, 0x0, 0x0, 0x0, 0xdf, 0xff, 0xff, 0xf0,
    0x0, 0x0, 0x7a, 0xfe, 0x88, 0x70, 0x0, 0x0,
    0x5, 0xfc, 0x0, 0x0, 0x0, 0x0, 0x5, 0xfc,
    0x0, 0x0, 0x0, 0x0, 0x5, 0xfc, 0x0, 0x0,
    0x0, 0x0, 0x5, 0xfc, 0x0, 0x0, 0x0, 0x0,
    0x5, 0xfe, 0xaa, 0xa9, 0x71, 0x0, 0x5, 0xff,
    0xff, 0xff, 0xff, 0x40, 0x5, 0xfc, 0x0, 0x2,
    0x9f, 0xd0, 0x5, 0xfc, 0x0, 0x0, 0x2f, 0xf0,
    0x5, 0xfc, 0x0, 0x0, 0x6f, 0xe0, 0x5, 0xfe,
    0x99, 0xac, 0xff, 0x70, 0x5, 0xff, 0xff, 0xff,
    0xc5, 0x0,

    /* U+048E "Ҏ" */
    0x1f, 0xff, 0xff, 0xea, 0x30, 0x1, 0xff, 0xdd,
    0xef, 0xff, 0x60, 0x1f, 0xf1, 0x0, 0x1b, 0xff,
    0x1, 0xff, 0x10, 0x0, 0xf, 0xf4, 0x1f, 0xf1,
    0x0, 0x0, 0xef, 0x41, 0xff, 0x10, 0xc8, 0x2f,
    0xf2, 0x1f, 0xf1, 0xa, 0xfe, 0xfc, 0x1, 0xff,
    0xff, 0xff, 0xfd, 0x20, 0x1f, 0xfd, 0xdc, 0xaf,
    0xa0, 0x1, 0xff, 0x10, 0x0, 0x6f, 0x20, 0x1f,
    0xf1, 0x0, 0x0, 0x10, 0x1, 0xff, 0x10, 0x0,
    0x0, 0x0, 0x1f, 0xf1, 0x0, 0x0, 0x0, 0x1,
    0xff, 0x10, 0x0, 0x0, 0x0,

    /* U+048F "ҏ" */
    0x5f, 0x73, 0xbf, 0xfb, 0x30, 0x5, 0xfd, 0xfb,
    0x9c, 0xff, 0x40, 0x5f, 0xf7, 0x0, 0x8, 0xfd,
    0x5, 0xff, 0x0, 0x0, 0x1f, 0xf2, 0x5f, 0xd0,
    0x0, 0x0, 0xef, 0x45, 0xfc, 0x0, 0x0, 0xd,
    0xf5, 0x5f, 0xe0, 0x0, 0x10, 0xef, 0x45, 0xff,
    0x10, 0x9d, 0x3f, 0xf1, 0x5f, 0xfa, 0x4, 0xff,
    0xfc, 0x5, 0xfd, 0xff, 0xcf, 0xff, 0x30, 0x5f,
    0xb3, 0xbf, 0xee, 0xe1, 0x5, 0xfc, 0x0, 0x0,
    0x2f, 0x80, 0x5f, 0xc0, 0x0, 0x0, 0x30, 0x5,
    0xfc, 0x0, 0x0, 0x0, 0x0, 0x5f, 0xc0, 0x0,
    0x0, 0x0, 0x5, 0xfc, 0x0, 0x0, 0x0, 0x0,

    /* U+0490 "Ґ" */
    0x0, 0x0, 0x0, 0x4, 0x83, 0x0, 0x0, 0x0,
    0x8, 0xf7, 0x0, 0x0, 0x0, 0x8, 0xf7, 0x0,
    0x0, 0x0, 0x8, 0xf7, 0x2f, 0xff, 0xff, 0xff,
    0xf7, 0x2f, 0xfe, 0xee, 0xee, 0xe6, 0x2f, 0xf0,
    0x0, 0x0, 0x0, 0x2f, 0xf0, 0x0, 0x0, 0x0,
    0x2f, 0xf0, 0x0, 0x0, 0x0, 0x2f, 0xf0, 0x0,
    0x0, 0x0, 0x2f, 0xf0, 0x0, 0x0, 0x0, 0x2f,
    0xf0, 0x0, 0x0, 0x0, 0x2f, 0xf0, 0x0, 0x0,
    0x0, 0x2f, 0xf0, 0x0, 0x0, 0x0, 0x2f, 0xf0,
    0x0, 0x0, 0x0, 0x2f, 0xf0, 0x0, 0x0, 0x0,
    0x2f, 0xf0, 0x0, 0x0, 0x0, 0x2f, 0xf0, 0x0,
    0x0, 0x0,

    /* U+0491 "ґ" */
    0x0, 0x0, 0x5, 0xfa, 0x0, 0x0, 0x5, 0xfa,
    0x0, 0x0, 0x5, 0xfa, 0x5f, 0xff, 0xff, 0xfa,
    0x5f, 0xea, 0xaa, 0xa6, 0x5f, 0xc0, 0x0, 0x0,
    0x5f, 0xc0, 0x0, 0x0, 0x5f, 0xc0, 0x0, 0x0,
    0x5f, 0xc0, 0x0, 0x0, 0x5f, 0xc0, 0x0, 0x0,
    0x5f, 0xc0, 0x0, 0x0, 0x5f, 0xc0, 0x0, 0x0,
    0x5f, 0xc0, 0x0, 0x0, 0x5f, 0xc0, 0x0, 0x0,

    /* U+0492 "Ғ" */
    0x1, 0xff, 0xff, 0xff, 0xff, 0x50, 0x1f, 0xfd,
    0xdd, 0xdd, 0xd4, 0x1, 0xff, 0x10, 0x0, 0x0,
    0x0, 0x1f, 0xf1, 0x0, 0x0, 0x0, 0x1, 0xff,
    0x10, 0x0, 0x0, 0x0, 0x1f, 0xf1, 0x0, 0x0,
    0x0, 0x8f, 0xff, 0xff, 0xff, 0x20, 0x7, 0xdf,
    0xfd, 0xdd, 0xd1, 0x0, 0x1, 0xff, 0x10, 0x0,
    0x0, 0x0, 0x1f, 0xf1, 0x0, 0x0, 0x0, 0x1,
    0xff, 0x10, 0x0, 0x0, 0x0, 0x1f, 0xf1, 0x0,
    0x0, 0x0, 0x1, 0xff, 0x10, 0x0, 0x0, 0x0,
    0x1f, 0xf1, 0x0, 0x0, 0x0,

    /* U+0493 "ғ" */
    0x6, 0xff, 0xff, 0xff, 0x90, 0x6f, 0xec, 0xcc,
    0xc7, 0x6, 0xfb, 0x0, 0x0, 0x0, 0x6f, 0xb0,
    0x0, 0x0, 0x6, 0xfb, 0x0, 0x0, 0xe, 0xff,
    0xff, 0xff, 0x0, 0x8c, 0xfe, 0xaa, 0xa0, 0x0,
    0x6f, 0xb0, 0x0, 0x0, 0x6, 0xfb, 0x0, 0x0,
    0x0, 0x6f, 0xb0, 0x0, 0x0, 0x6, 0xfb, 0x0,
    0x0, 0x0,

    /* U+0494 "Ҕ" */
    0x1f, 0xff, 0xff, 0xff, 0xf6, 0x0, 0x1f, 0xfd,
    0xdd, 0xdd, 0xd5, 0x0, 0x1f, 0xf1, 0x0, 0x0,
    0x0, 0x0, 0x1f, 0xf1, 0x0, 0x0, 0x0, 0x0,
    0x1f, 0xf1, 0x0, 0x0, 0x0, 0x0, 0x1f, 0xf1,
    0x0, 0x0, 0x0, 0x0, 0x1f, 0xfc, 0xee, 0xc9,
    0x30, 0x0, 0x1f, 0xff, 0xff, 0xff, 0xf9, 0x0,
    0x1f, 0xf2, 0x0, 0x3a, 0xff, 0x80, 0x1f, 0xf1,
    0x0, 0x0, 0x7f, 0xf1, 0x1f, 0xf1, 0x0, 0x0,
    0xd, 0xf7, 0x1f, 0xf1, 0x0, 0x0, 0x9, 0xf9,
    0x1f, 0xf1, 0x0, 0x0, 0x8, 0xfa, 0x1f, 0xf1,
    0x0, 0x0, 0x9, 0xf9, 0x0, 0x0, 0x0, 0x0,
    0xc, 0xf8, 0x0, 0x0, 0x0, 0x0, 0x3f, 0xf3,
    0x0, 0x2, 0x10, 0x3, 0xdf, 0xc0, 0x0, 0x7,
    0xff, 0xff, 0xfe, 0x20, 0x0, 0x4, 0xcf, 0xfd,
    0x81, 0x0,

    /* U+0495 "ҕ" */
    0x5f, 0xff, 0xff, 0xfb, 0x0, 0x5f, 0xfc, 0xcc,
    0xc8, 0x0, 0x5f, 0xc0, 0x0, 0x0, 0x0, 0x5f,
    0xc0, 0x0, 0x0, 0x0, 0x5f, 0xc0, 0x0, 0x0,
    0x0, 0x5f, 0xff, 0xfd, 0x91, 0x0, 0x5f, 0xfe,
    0xff, 0xfe, 0x20, 0x5f, 0xc0, 0x3, 0xcf, 0xc0,
    0x5f, 0xc0, 0x0, 0x2f, 0xf2, 0x5f, 0xc0, 0x0,
    0xd, 0xf6, 0x5f, 0xc0, 0x0, 0xb, 0xf6, 0x0,
    0x0, 0x0, 0xc, 0xf5, 0x0, 0x0, 0x0, 0xf,
    0xf3, 0x0, 0x21, 0x0, 0x9f, 0xe0, 0x0, 0x7f,
    0xef, 0xff, 0x40, 0x0, 0x3c, 0xff, 0xb3, 0x0,

    /* U+0496 "Җ" */
    0x5f, 0xd1, 0x0, 0x3, 0xfd, 0x0, 0x0, 0x5f,
    0xe1, 0x0, 0x9f, 0xb0, 0x0, 0x3f, 0xd0, 0x0,
    0x2f, 0xf3, 0x0, 0x0, 0xcf, 0x70, 0x3, 0xfd,
    0x0, 0xd, 0xf6, 0x0, 0x0, 0x1, 0xef, 0x40,
    0x3f, 0xd0, 0xa, 0xf9, 0x0, 0x0, 0x0, 0x3,
    0xfe, 0x13, 0xfd, 0x7, 0xfc, 0x0, 0x0, 0x0,
    0x0, 0x6, 0xfc, 0x3f, 0xd3, 0xfe, 0x10, 0x0,
    0x0, 0x0, 0x0, 0xb, 0xfc, 0xfd, 0xef, 0x40,
    0x0, 0x0, 0x0, 0x0, 0x1, 0xef, 0x8f, 0xdb,
    0xfa, 0x0, 0x0, 0x0, 0x0, 0x0, 0xcf, 0x83,
    0xfd, 0x1e, 0xf6, 0x0, 0x0, 0x0, 0x0, 0x8f,
    0xc0, 0x3f, 0xd0, 0x3f, 0xf3, 0x0, 0x0, 0x0,
    0x4f, 0xe1, 0x3, 0xfd, 0x0, 0x7f, 0xe1, 0x0,
    0x0, 0x2e, 0xf4, 0x0, 0x3f, 0xd0, 0x0, 0xbf,
    0xb0, 0x0, 0xc, 0xf8, 0x0, 0x3, 0xfd, 0x0,
    0x1, 0xef, 0xee, 0x69, 0xfc, 0x0, 0x0, 0x3f,
    0xd0, 0x0, 0x3, 0xff, 0xf7, 0x0, 0x0, 0x0,
    0x0, 0x0, 0x0, 0x0, 0x0, 0xaf, 0x70, 0x0,
    0x0, 0x0, 0x0, 0x0, 0x0, 0x0, 0xa, 0xf7,
    0x0, 0x0, 0x0, 0x0, 0x0, 0x0, 0x0, 0x0,
    0xaf, 0x70, 0x0, 0x0, 0x0, 0x0, 0x0, 0x0,
    0x0, 0xa, 0xf7,

    /* U+0497 "җ" */
    0x3f, 0xf2, 0x0, 0x2f, 0xe0, 0x0, 0x5f, 0xe1,
    0x0, 0x6f, 0xd0, 0x2, 0xfe, 0x0, 0x2f, 0xf3,
    0x0, 0x0, 0x9f, 0xa0, 0x2f, 0xe0, 0xd, 0xf5,
    0x0, 0x0, 0x0, 0xcf, 0x62, 0xfe, 0xa, 0xf8,
    0x0, 0x0, 0x0, 0x1, 0xef, 0x5f, 0xe7, 0xfb,
    0x0, 0x0, 0x0, 0x0, 0x8, 0xfd, 0xfe, 0xef,
    0x40, 0x0, 0x0, 0x0, 0x4, 0xfe, 0x3f, 0xe4,
    0xfe, 0x10, 0x0, 0x0, 0x2, 0xff, 0x32, 0xfe,
    0x7, 0xfc, 0x0, 0x0, 0x1, 0xdf, 0x60, 0x2f,
    0xe0, 0xa, 0xfa, 0x0, 0x0, 0xbf, 0x90, 0x2,
    0xfe, 0x0, 0xc, 0xfc, 0xb4, 0x9f, 0xc0, 0x0,
    0x2f, 0xe0, 0x0, 0x1e, 0xff, 0x70, 0x0, 0x0,
    0x0, 0x0, 0x0, 0x0, 0x9, 0xf7, 0x0, 0x0,
    0x0, 0x0, 0x0, 0x0, 0x0, 0x9f, 0x70, 0x0,
    0x0, 0x0, 0x0, 0x0, 0x0, 0x9, 0xf7, 0x0,
    0x0, 0x0, 0x0, 0x0, 0x0, 0x0, 0x9f, 0x70,

    /* U+0498 "Ҙ" */
    0x5, 0xad, 0xef, 0xea, 0x30, 0x0, 0xdf, 0xfe,
    0xef, 0xff, 0x50, 0x4, 0x50, 0x0, 0x1c, 0xfe,
    0x0, 0x0, 0x0, 0x0, 0x3f, 0xf0, 0x0, 0x0,
    0x0, 0x4, 0xfe, 0x0, 0x0, 0x0, 0x2, 0xcf,
    0x70, 0x0, 0x4c, 0xcd, 0xfd, 0x60, 0x0, 0x6,
    0xff, 0xff, 0xd9, 0x10, 0x0, 0x0, 0x1, 0x3b,
    0xfe, 0x0, 0x0, 0x0, 0x0, 0xe, 0xf6, 0x0,
    0x0, 0x0, 0x0, 0xdf, 0x71, 0x41, 0x0, 0x1,
    0x8f, 0xf3, 0x3f, 0xfe, 0xde, 0xff, 0xf9, 0x1,
    0x8c, 0xef, 0xfd, 0xa4, 0x0, 0x0, 0x0, 0x2f,
    0x60, 0x0, 0x0, 0x0, 0x0, 0x8f, 0x10, 0x0,
    0x0, 0x0, 0x5, 0xf4, 0x0, 0x0, 0x0, 0x7,
    0xbf, 0x30, 0x0, 0x0, 0x0, 0xef, 0x80, 0x0,
    0x0,

    /* U+0499 "ҙ" */
    0x7, 0xce, 0xfe, 0xa3, 0x0, 0xf, 0xfc, 0xbd,
    0xff, 0x30, 0x3, 0x0, 0x0, 0xaf, 0xa0, 0x0,
    0x0, 0x0, 0x7f, 0xa0, 0x0, 0x0, 0x4, 0xef,
    0x40, 0x0, 0xbf, 0xff, 0xe4, 0x0, 0x0, 0x69,
    0x9b, 0xfe, 0x40, 0x0, 0x0, 0x0, 0x5f, 0xe0,
    0x0, 0x0, 0x0, 0x6f, 0xe0, 0x4f, 0xcb, 0xac,
    0xff, 0x80, 0x2a, 0xef, 0xff, 0xc6, 0x0, 0x0,
    0x0, 0xd8, 0x0, 0x0, 0x0, 0x0, 0x5f, 0x30,
    0x0, 0x0, 0x0, 0x2f, 0x70, 0x0, 0x0, 0x6,
    0xaf, 0x50, 0x0, 0x0, 0xc, 0xfa, 0x0, 0x0,

    /* U+049A "Қ" */
    0x1f, 0xf1, 0x0, 0x0, 0x6f, 0xe1, 0x1, 0xff,
    0x10, 0x0, 0x5f, 0xe2, 0x0, 0x1f, 0xf1, 0x0,
    0x3f, 0xf4, 0x0, 0x1, 0xff, 0x10, 0x2e, 0xf5,
    0x0, 0x0, 0x1f, 0xf1, 0x1d, 0xf7, 0x0, 0x0,
    0x1, 0xff, 0x1c, 0xf9, 0x0, 0x0, 0x0, 0x1f,
    0xfb, 0xfc, 0x0, 0x0, 0x0, 0x1, 0xff, 0x7f,
    0xf2, 0x0, 0x0, 0x0, 0x1f, 0xf1, 0x8f, 0xe1,
    0x0, 0x0, 0x1, 0xff, 0x10, 0xbf, 0xd0, 0x0,
    0x0, 0x1f, 0xf1, 0x0, 0xcf, 0xb0, 0x0, 0x1,
    0xff, 0x10, 0x1, 0xef, 0x90, 0x0, 0x1f, 0xf1,
    0x0, 0x3, 0xff, 0xee, 0x81, 0xff, 0x10, 0x0,
    0x4, 0xff, 0xf9, 0x0, 0x0, 0x0, 0x0, 0x0,
    0x8f, 0x90, 0x0, 0x0, 0x0, 0x0, 0x8, 0xf9,
    0x0, 0x0, 0x0, 0x0, 0x0, 0x8f, 0x90, 0x0,
    0x0, 0x0, 0x0, 0x8, 0xf9,

    /* U+049B "қ" */
    0x5f, 0xc0, 0x0, 0x3f, 0xf3, 0x5, 0xfc, 0x0,
    0x1e, 0xf5, 0x0, 0x5f, 0xc0, 0xc, 0xf7, 0x0,
    0x5, 0xfc, 0xa, 0xfa, 0x0, 0x0, 0x5f, 0xc7,
    0xfc, 0x0, 0x0, 0x5, 0xfd, 0xff, 0x40, 0x0,
    0x0, 0x5f, 0xc6, 0xfd, 0x10, 0x0, 0x5, 0xfc,
    0x9, 0xfc, 0x0, 0x0, 0x5f, 0xc0, 0xb, 0xf9,
    0x0, 0x5, 0xfc, 0x0, 0xc, 0xf9, 0x83, 0x5f,
    0xc0, 0x0, 0x1e, 0xff, 0x70, 0x0, 0x0, 0x0,
    0x8, 0xf7, 0x0, 0x0, 0x0, 0x0, 0x8f, 0x70,
    0x0, 0x0, 0x0, 0x8, 0xf7, 0x0, 0x0, 0x0,
    0x0, 0x8f, 0x70,

    /* U+049C "Ҝ" */
    0x2f, 0xf0, 0x0, 0x0, 0x7f, 0xd1, 0x2f, 0xf0,
    0x0, 0x5, 0xff, 0x20, 0x2f, 0xf0, 0xc8, 0x3f,
    0xf4, 0x0, 0x2f, 0xf0, 0xca, 0xef, 0x60, 0x0,
    0x2f, 0xf0, 0xcf, 0xf8, 0x0, 0x0, 0x2f, 0xf1,
    0xdf, 0xb0, 0x0, 0x0, 0x2f, 0xfa, 0xfd, 0x0,
    0x0, 0x0, 0x2f, 0xfa, 0xfe, 0x10, 0x0, 0x0,
    0x2f, 0xf1, 0xdf, 0xc0, 0x0, 0x0, 0x2f, 0xf0,
    0xcf, 0xfb, 0x0, 0x0, 0x2f, 0xf0, 0xca, 0xef,
    0x90, 0x0, 0x2f, 0xf0, 0x96, 0x3f, 0xf7, 0x0,
    0x2f, 0xf0, 0x0, 0x4, 0xff, 0x50, 0x2f, 0xf0,
    0x0, 0x0, 0x5f, 0xf3,

    /* U+049D "ҝ" */
    0x5f, 0xc0, 0x0, 0x3f, 0xf2, 0x5f, 0xc2, 0xf3,
    0xef, 0x40, 0x5f, 0xc2, 0xfd, 0xf7, 0x0, 0x5f,
    0xc2, 0xff, 0x90, 0x0, 0x5f, 0xc7, 0xfb, 0x0,
    0x0, 0x5f, 0xdf, 0xf4, 0x0, 0x0, 0x5f, 0xc6,
    0xfe, 0x20, 0x0, 0x5f, 0xc2, 0xff, 0xd1, 0x0,
    0x5f, 0xc2, 0xfc, 0xfb, 0x0, 0x5f, 0xc2, 0xf3,
    0xcf, 0x90, 0x5f, 0xc0, 0x0, 0x1e, 0xf7,

    /* U+049E "Ҟ" */
    0x1, 0xff, 0x10, 0x0, 0x5, 0xfe, 0x17, 0xdf,
    0xfd, 0xc0, 0x1, 0xef, 0x40, 0x9f, 0xff, 0xfe,
    0x0, 0xaf, 0x90, 0x0, 0x1f, 0xf1, 0x0, 0x5f,
    0xe0, 0x0, 0x1, 0xff, 0x10, 0x1e, 0xf4, 0x0,
    0x0, 0x1f, 0xf1, 0xa, 0xf9, 0x0, 0x0, 0x1,
    0xff, 0xff, 0xfe, 0x0, 0x0, 0x0, 0x1f, 0xfd,
    0xdf, 0xf3, 0x0, 0x0, 0x1, 0xff, 0x10, 0x9f,
    0xd0, 0x0, 0x0, 0x1f, 0xf1, 0x0, 0xdf, 0x90,
    0x0, 0x1, 0xff, 0x10, 0x3, 0xff, 0x40, 0x0,
    0x1f, 0xf1, 0x0, 0x8, 0xfe, 0x10, 0x1, 0xff,
    0x10, 0x0, 0xc, 0xfa, 0x0, 0x1f, 0xf1, 0x0,
    0x0, 0x2f, 0xf6,

    /* U+049F "ҟ" */
    0x1, 0x32, 0x0, 0x0, 0x0, 0x0, 0x5f, 0xc0,
    0x0, 0x0, 0x0, 0x16, 0xfd, 0x22, 0x20, 0x0,
    0xd, 0xff, 0xff, 0xff, 0x30, 0x0, 0x48, 0xfd,
    0x55, 0x51, 0x0, 0x0, 0x5f, 0xc0, 0x0, 0x3f,
    0xf3, 0x5, 0xfc, 0x0, 0x1e, 0xf5, 0x0, 0x5f,
    0xc0, 0xc, 0xf7, 0x0, 0x5, 0xfc, 0xa, 0xf9,
    0x0, 0x0, 0x5f, 0xc8, 0xfb, 0x0, 0x0, 0x5,
    0xfd, 0xff, 0x50, 0x0, 0x0, 0x5f, 0xc4, 0xff,
    0x20, 0x0, 0x5, 0xfc, 0x7, 0xfe, 0x10, 0x0,
    0x5f, 0xc0, 0x9, 0xfc, 0x0, 0x5, 0xfc, 0x0,
    0xb, 0xfa, 0x0, 0x5f, 0xc0, 0x0, 0x1d, 0xf8,

    /* U+04A0 "Ҡ" */
    0xef, 0xff, 0xf8, 0x0, 0x0, 0x1e, 0xf6, 0xc,
    0xee, 0xff, 0x80, 0x0, 0xc, 0xf8, 0x0, 0x0,
    0xa, 0xf8, 0x0, 0xb, 0xfa, 0x0, 0x0, 0x0,
    0xaf, 0x80, 0x9, 0xfc, 0x0, 0x0, 0x0, 0xa,
    0xf8, 0x7, 0xfd, 0x10, 0x0, 0x0, 0x0, 0xaf,
    0x85, 0xfe, 0x20, 0x0, 0x0, 0x0, 0xa, 0xfb,
    0xff, 0x30, 0x0, 0x0, 0x0, 0x0, 0xaf, 0x9e,
    0xf8, 0x0, 0x0, 0x0, 0x0, 0xa, 0xf8, 0x3f,
    0xf6, 0x0, 0x0, 0x0, 0x0, 0xaf, 0x80, 0x4f,
    0xf4, 0x0, 0x0, 0x0, 0xa, 0xf8, 0x0, 0x6f,
    0xf2, 0x0, 0x0, 0x0, 0xaf, 0x80, 0x0, 0x8f,
    0xe1, 0x0, 0x0, 0xa, 0xf8, 0x0, 0x0, 0xbf,
    0xc0, 0x0, 0x0, 0xaf, 0x80, 0x0, 0x0, 0xcf,
    0xa0,

    /* U+04A1 "ҡ" */
    0xbf, 0xff, 0xfb, 0x0, 0x3, 0xfe, 0x18, 0xbb,
    0xcf, 0xb0, 0x2, 0xef, 0x30, 0x0, 0x4, 0xfb,
    0x0, 0xdf, 0x50, 0x0, 0x0, 0x4f, 0xb0, 0xbf,
    0x70, 0x0, 0x0, 0x4, 0xfb, 0x9f, 0x90, 0x0,
    0x0, 0x0, 0x4f, 0xdf, 0xf3, 0x0, 0x0, 0x0,
    0x4, 0xfb, 0x5f, 0xd1, 0x0, 0x0, 0x0, 0x4f,
    0xb0, 0x8f, 0xc0, 0x0, 0x0, 0x4, 0xfb, 0x0,
    0xaf, 0xa0, 0x0, 0x0, 0x4f, 0xb0, 0x0, 0xcf,
    0x80, 0x0, 0x4, 0xfb, 0x0, 0x1, 0xef, 0x60,

    /* U+04A2 "Ң" */
    0x1f, 0xf1, 0x0, 0x0, 0x1, 0xff, 0x0, 0x1,
    0xff, 0x10, 0x0, 0x0, 0x1f, 0xf0, 0x0, 0x1f,
    0xf1, 0x0, 0x0, 0x1, 0xff, 0x0, 0x1, 0xff,
    0x10, 0x0, 0x0, 0x1f, 0xf0, 0x0, 0x1f, 0xf1,
    0x0, 0x0, 0x1, 0xff, 0x0, 0x1, 0xff, 0x10,
    0x0, 0x0, 0x1f, 0xf0, 0x0, 0x1f, 0xff, 0xff,
    0xff, 0xff, 0xff, 0x0, 0x1, 0xff, 0xdd, 0xdd,
    0xdd, 0xdf, 0xf0, 0x0, 0x1f, 0xf1, 0x0, 0x0,
    0x1, 0xff, 0x0, 0x1, 0xff, 0x10, 0x0, 0x0,
    0x1f, 0xf0, 0x0, 0x1f, 0xf1, 0x0, 0x0, 0x1,
    0xff, 0x0, 0x1, 0xff, 0x10, 0x0, 0x0, 0x1f,
    0xf0, 0x0, 0x1f, 0xf1, 0x0, 0x0, 0x1, 0xff,
    0xff, 0x21, 0xff, 0x10, 0x0, 0x0, 0x1f, 0xff,
    0xf2, 0x0, 0x0, 0x0, 0x0, 0x0, 0x0, 0xff,
    0x20, 0x0, 0x0, 0x0, 0x0, 0x0, 0xf, 0xf2,
    0x0, 0x0, 0x0, 0x0, 0x0, 0x0, 0xff, 0x20,
    0x0, 0x0, 0x0, 0x0, 0x0, 0xc, 0xc1,

    /* U+04A3 "ң" */
    0x5f, 0xc0, 0x0, 0x0, 0xef, 0x30, 0x5, 0xfc,
    0x0, 0x0, 0xe, 0xf3, 0x0, 0x5f, 0xc0, 0x0,
    0x0, 0xef, 0x30, 0x5, 0xfc, 0x0, 0x0, 0xe,
    0xf3, 0x0, 0x5f, 0xeb, 0xbb, 0xbb, 0xff, 0x30,
    0x5, 0xff, 0xff, 0xff, 0xff, 0xf3, 0x0, 0x5f,
    0xc0, 0x0, 0x0, 0xef, 0x30, 0x5, 0xfc, 0x0,
    0x0, 0xe, 0xf3, 0x0, 0x5f, 0xc0, 0x0, 0x0,
    0xef, 0x30, 0x5, 0xfc, 0x0, 0x0, 0xe, 0xf9,
    0x71, 0x5f, 0xc0, 0x0, 0x0, 0xef, 0xff, 0x20,
    0x0, 0x0, 0x0, 0x0, 0xe, 0xf2, 0x0, 0x0,
    0x0, 0x0, 0x0, 0xef, 0x20, 0x0, 0x0, 0x0,
    0x0, 0xe, 0xf2, 0x0, 0x0, 0x0, 0x0, 0x0,
    0xef, 0x20,

    /* U+04A4 "Ҥ" */
    0x1f, 0xf1, 0x0, 0x0, 0x2, 0xff, 0xff, 0xf4,
    0x1f, 0xf1, 0x0, 0x0, 0x2, 0xff, 0xee, 0xe4,
    0x1f, 0xf1, 0x0, 0x0, 0x2, 0xff, 0x0, 0x0,
    0x1f, 0xf1, 0x0, 0x0, 0x2, 0xff, 0x0, 0x0,
    0x1f, 0xf1, 0x0, 0x0, 0x2, 0xff, 0x0, 0x0,
    0x1f, 0xf1, 0x0, 0x0, 0x2, 0xff, 0x0, 0x0,
    0x1f, 0xff, 0xff, 0xff, 0xff, 0xff, 0x0, 0x0,
    0x1f, 0xfd, 0xdd, 0xdd, 0xdd, 0xff, 0x0, 0x0,
    0x1f, 0xf1, 0x0, 0x0, 0x2, 0xff, 0x0, 0x0,
    0x1f, 0xf1, 0x0, 0x0, 0x2, 0xff, 0x0, 0x0,
    0x1f, 0xf1, 0x0, 0x0, 0x2, 0xff, 0x0, 0x0,
    0x1f, 0xf1, 0x0, 0x0, 0x2, 0xff, 0x0, 0x0,
    0x1f, 0xf1, 0x0, 0x0, 0x2, 0xff, 0x0, 0x0,
    0x1f, 0xf1, 0x0, 0x0, 0x2, 0xff, 0x0, 0x0,

    /* U+04A5 "ҥ" */
    0x5f, 0xc0, 0x0, 0x0, 0xef, 0xff, 0xfa, 0x5f,
    0xc0, 0x0, 0x0, 0xef, 0xcb, 0xb7, 0x5f, 0xc0,
    0x0, 0x0, 0xef, 0x30, 0x0, 0x5f, 0xc0, 0x0,
    0x0, 0xef, 0x30, 0x0, 0x5f, 0xeb, 0xbb, 0xbb,
    0xff, 0x30, 0x0, 0x5f, 0xff, 0xff, 0xff, 0xff,
    0x30, 0x0, 0x5f, 0xc0, 0x0, 0x0, 0xef, 0x30,
    0x0, 0x5f, 0xc0, 0x0, 0x0, 0xef, 0x30, 0x0,
    0x5f, 0xc0, 0x0, 0x0, 0xef, 0x30, 0x0, 0x5f,
    0xc0, 0x0, 0x0, 0xef, 0x30, 0x0, 0x5f, 0xc0,
    0x0, 0x0, 0xef, 0x30, 0x0,

    /* U+04A6 "Ҧ" */
    0x1f, 0xff, 0xff, 0xff, 0xff, 0xf5, 0x0, 0x0,
    0x0, 0x0, 0x1f, 0xfe, 0xee, 0xee, 0xef, 0xf5,
    0x0, 0x0, 0x0, 0x0, 0x1f, 0xf1, 0x0, 0x0,
    0xd, 0xf5, 0x0, 0x0, 0x0, 0x0, 0x1f, 0xf1,
    0x0, 0x0, 0xd, 0xf5, 0x0, 0x0, 0x0, 0x0,
    0x1f, 0xf1, 0x0, 0x0, 0xd, 0xf5, 0x0, 0x0,
    0x0, 0x0, 0x1f, 0xf1, 0x0, 0x0, 0xd, 0xf5,
    0x0, 0x0, 0x0, 0x0, 0x1f, 0xf1, 0x0, 0x0,
    0xd, 0xfe, 0xdd, 0xc9, 0x30, 0x0, 0x1f, 0xf1,
    0x0, 0x0, 0xd, 0xff, 0xff, 0xff, 0xf9, 0x0,
    0x1f, 0xf1, 0x0, 0x0, 0xd, 0xf6, 0x0, 0x39,
    0xff, 0x80, 0x1f, 0xf1, 0x0, 0x0, 0xd, 0xf5,
    0x0, 0x0, 0x6f, 0xf1, 0x1f, 0xf1, 0x0, 0x0,
    0xd, 0xf5, 0x0, 0x0, 0xd, 0xf7, 0x1f, 0xf1,
    0x0, 0x0, 0xd, 0xf5, 0x0, 0x0, 0x9, 0xf9,
    0x1f, 0xf1, 0x0, 0x0, 0xd, 0xf5, 0x0, 0x0,
    0x8, 0xfb, 0x1f, 0xf1, 0x0, 0x0, 0xd, 0xf5,
    0x0, 0x0, 0x9, 0xfa, 0x0, 0x0, 0x0, 0x0,
    0x0, 0x0, 0x0, 0x0, 0xc, 0xf8, 0x0, 0x0,
    0x0, 0x0, 0x0, 0x0, 0x0, 0x0, 0x3f, 0xf3,
    0x0, 0x0, 0x0, 0x0, 0x0, 0x2, 0x10, 0x3,
    0xdf, 0xc0, 0x0, 0x0, 0x0, 0x0, 0x0, 0x7,
    0xff, 0xff, 0xfe, 0x20, 0x0, 0x0, 0x0, 0x0,
    0x0, 0x4, 0xcf, 0xfd, 0x91, 0x0,

    /* U+04A7 "ҧ" */
    0x5f, 0xff, 0xff, 0xff, 0xfa, 0x0, 0x0, 0x0,
    0x5f, 0xeb, 0xbb, 0xbd, 0xfa, 0x0, 0x0, 0x0,
    0x5f, 0xc0, 0x0, 0x8, 0xfa, 0x0, 0x0, 0x0,
    0x5f, 0xc0, 0x0, 0x8, 0xfa, 0x0, 0x0, 0x0,
    0x5f, 0xc0, 0x0, 0x8, 0xfa, 0x0, 0x0, 0x0,
    0x5f, 0xc0, 0x0, 0x8, 0xff, 0xfe, 0xb4, 0x0,
    0x5f, 0xc0, 0x0, 0x8, 0xff, 0xef, 0xff, 0x60,
    0x5f, 0xc0, 0x0, 0x8, 0xfa, 0x0, 0x7f, 0xf2,
    0x5f, 0xc0, 0x0, 0x8, 0xfa, 0x0, 0xb, 0xf8,
    0x5f, 0xc0, 0x0, 0x8, 0xfa, 0x0, 0x7, 0xfb,
    0x5f, 0xc0, 0x0, 0x8, 0xfa, 0x0, 0x5, 0xfc,
    0x0, 0x0, 0x0, 0x0, 0x0, 0x0, 0x6, 0xfb,
    0x0, 0x0, 0x0, 0x0, 0x0, 0x0, 0x9, 0xf9,
    0x0, 0x0, 0x0, 0x0, 0x3, 0x0, 0x3f, 0xf4,
    0x0, 0x0, 0x0, 0x0, 0xc, 0xfe, 0xff, 0xa0,
    0x0, 0x0, 0x0, 0x0, 0x7, 0xdf, 0xd7, 0x0,

    /* U+04A8 "Ҩ" */
    0x0, 0x6, 0xbe, 0xfe, 0x70, 0x0, 0x0, 0x0,
    0xcf, 0xff, 0xdf, 0x50, 0x0, 0x0, 0xa, 0xfe,
    0x40, 0x0, 0x0, 0x0, 0x0, 0x2f, 0xf4, 0x0,
    0x5, 0xdf, 0xe8, 0x0, 0x7f, 0xc0, 0x0, 0x5f,
    0xfc, 0xef, 0x90, 0xaf, 0x90, 0x0, 0xcf, 0x80,
    0x2f, 0xf1, 0xcf, 0x70, 0x0, 0xff, 0x20, 0xd,
    0xf4, 0xcf, 0x70, 0x0, 0xff, 0x10, 0xb, 0xf5,
    0xaf, 0x90, 0x0, 0xff, 0x10, 0xc, 0xf4, 0x7f,
    0xd0, 0x0, 0xcf, 0x50, 0x1f, 0xf1, 0x2f, 0xf5,
    0x0, 0x6f, 0xc0, 0x9f, 0xb0, 0x8, 0xff, 0x70,
    0xd, 0xfc, 0xff, 0x20, 0x0, 0x9f, 0xff, 0xef,
    0xff, 0xf7, 0x2, 0x0, 0x4, 0xad, 0xff, 0xde,
    0xff, 0xfc, 0x0, 0x0, 0x0, 0x0, 0x1, 0x8c,
    0xd8,

    /* U+04A9 "ҩ" */
    0x0, 0x6d, 0xfe, 0x60, 0x0, 0x0, 0xa, 0xff,
    0xcc, 0x30, 0x0, 0x0, 0x5f, 0xe2, 0x1, 0xbe,
    0xe7, 0x0, 0xaf, 0x80, 0xc, 0xfb, 0xef, 0x70,
    0xdf, 0x40, 0x2f, 0xc0, 0x3f, 0xc0, 0xef, 0x30,
    0x4f, 0x90, 0xf, 0xe0, 0xdf, 0x40, 0x4f, 0xa0,
    0x1f, 0xc0, 0xaf, 0x80, 0x1f, 0xf0, 0x7f, 0x70,
    0x4f, 0xf3, 0x9, 0xfc, 0xfd, 0x0, 0x9, 0xff,
    0xdd, 0xff, 0xfb, 0xa2, 0x0, 0x5c, 0xff, 0xb9,
    0xdf, 0xf3,

    /* U+04AA "Ҫ" */
    0x0, 0x2, 0x8d, 0xef, 0xda, 0x50, 0x0, 0x6f,
    0xff, 0xee, 0xff, 0xc0, 0x5, 0xff, 0x91, 0x0,
    0x5, 0x30, 0xe, 0xf7, 0x0, 0x0, 0x0, 0x0,
    0x5f, 0xe0, 0x0, 0x0, 0x0, 0x0, 0x9f, 0x90,
    0x0, 0x0, 0x0, 0x0, 0xbf, 0x70, 0x0, 0x0,
    0x0, 0x0, 0xcf, 0x70, 0x0, 0x0, 0x0, 0x0,
    0xbf, 0x90, 0x0, 0x0, 0x0, 0x0, 0x9f, 0xe0,
    0x0, 0x0, 0x0, 0x0, 0x5f, 0xf7, 0x0, 0x0,
    0x0, 0x0, 0xe, 0xff, 0x81, 0x0, 0x2, 0x30,
    0x5, 0xff, 0xff, 0xee, 0xff, 0x80, 0x0, 0x5e,
    0xff, 0xff, 0xea, 0x30, 0x0, 0x0, 0x6d, 0xf3,
    0x0, 0x0, 0x0, 0x0, 0x1, 0xed, 0x0, 0x0,
    0x0, 0x0, 0x0, 0x9f, 0x10, 0x0, 0x0, 0x0,
    0x26, 0xdf, 0x0, 0x0, 0x0, 0x0, 0x3f, 0xe5,
    0x0, 0x0,

    /* U+04AB "ҫ" */
    0x0, 0x4b, 0xef, 0xd9, 0x0, 0x8f, 0xfe, 0xdf,
    0xd0, 0x3f, 0xf5, 0x0, 0x2, 0x9, 0xf9, 0x0,
    0x0, 0x0, 0xdf, 0x50, 0x0, 0x0, 0xe, 0xf4,
    0x0, 0x0, 0x0, 0xef, 0x50, 0x0, 0x0, 0xc,
    0xf9, 0x0, 0x0, 0x0, 0x8f, 0xf5, 0x0, 0x4,
    0x1, 0xff, 0xfe, 0xdf, 0xf0, 0x3, 0xef, 0xff,
    0xd8, 0x0, 0x0, 0x6f, 0xa0, 0x0, 0x0, 0x0,
    0x7f, 0x50, 0x0, 0x0, 0x1, 0xf8, 0x0, 0x0,
    0x5, 0x9f, 0x70, 0x0, 0x0, 0xbf, 0xb0, 0x0,

    /* U+04AC "Ҭ" */
    0xcf, 0xff, 0xff, 0xff, 0xff, 0xfa, 0xee, 0xee,
    0xff, 0xee, 0xed, 0x0, 0x0, 0x7f, 0xb0, 0x0,
    0x0, 0x0, 0x7, 0xfb, 0x0, 0x0, 0x0, 0x0,
    0x7f, 0xb0, 0x0, 0x0, 0x0, 0x7, 0xfb, 0x0,
    0x0, 0x0, 0x0, 0x7f, 0xb0, 0x0, 0x0, 0x0,
    0x7, 0xfb, 0x0, 0x0, 0x0, 0x0, 0x7f, 0xb0,
    0x0, 0x0, 0x0, 0x7, 0xfb, 0x0, 0x0, 0x0,
    0x0, 0x7f, 0xb0, 0x0, 0x0, 0x0, 0x7, 0xfb,
    0x0, 0x0, 0x0, 0x0, 0x7f, 0xff, 0xc0, 0x0,
    0x0, 0x7, 0xff, 0xfc, 0x0, 0x0, 0x0, 0x0,
    0x4f, 0xc0, 0x0, 0x0, 0x0, 0x4, 0xfc, 0x0,
    0x0, 0x0, 0x0, 0x4f, 0xc0, 0x0, 0x0, 0x0,
    0x3, 0xc9, 0x0,

    /* U+04AD "ҭ" */
    0x9f, 0xff, 0xff, 0xff, 0xf8, 0x6b, 0xbb, 0xff,
    0xbb, 0xb5, 0x0, 0x1, 0xff, 0x0, 0x0, 0x0,
    0x1, 0xff, 0x0, 0x0, 0x0, 0x1, 0xff, 0x0,
    0x0, 0x0, 0x1, 0xff, 0x0, 0x0, 0x0, 0x1,
    0xff, 0x0, 0x0, 0x0, 0x1, 0xff, 0x0, 0x0,
    0x0, 0x1, 0xff, 0x0, 0x0, 0x0, 0x1, 0xff,
    0x76, 0x0, 0x0, 0x1, 0xff, 0xfe, 0x0, 0x0,
    0x0, 0x1, 0xfe, 0x0, 0x0, 0x0, 0x1, 0xfe,
    0x0, 0x0, 0x0, 0x1, 0xfe, 0x0, 0x0, 0x0,
    0x1, 0xfe, 0x0,

    /* U+04AE "Ү" */
    0xbf, 0x90, 0x0, 0x0, 0xe, 0xf6, 0x3f, 0xf2,
    0x0, 0x0, 0x7f, 0xd0, 0xa, 0xfa, 0x0, 0x0,
    0xef, 0x40, 0x1, 0xff, 0x20, 0x7, 0xfb, 0x0,
    0x0, 0x8f, 0xb0, 0x1f, 0xf3, 0x0, 0x0, 0xe,
    0xf3, 0x8f, 0xa0, 0x0, 0x0, 0x7, 0xfc, 0xff,
    0x10, 0x0, 0x0, 0x0, 0xdf, 0xf8, 0x0, 0x0,
    0x0, 0x0, 0x6f, 0xf0, 0x0, 0x0, 0x0, 0x0,
    0x4f, 0xe0, 0x0, 0x0, 0x0, 0x0, 0x4f, 0xe0,
    0x0, 0x0, 0x0, 0x0, 0x4f, 0xe0, 0x0, 0x0,
    0x0, 0x0, 0x4f, 0xe0, 0x0, 0x0, 0x0, 0x0,
    0x4f, 0xe0, 0x0, 0x0,

    /* U+04AF "ү" */
    0xcf, 0x70, 0x0, 0x0, 0xef, 0x56, 0xfc, 0x0,
    0x0, 0x3f, 0xf0, 0x1f, 0xf2, 0x0, 0x9, 0xf9,
    0x0, 0xaf, 0x80, 0x0, 0xff, 0x30, 0x4, 0xfe,
    0x0, 0x5f, 0xd0, 0x0, 0xe, 0xf4, 0xb, 0xf7,
    0x0, 0x0, 0x8f, 0x90, 0xff, 0x10, 0x0, 0x2,
    0xfe, 0x5f, 0xb0, 0x0, 0x0, 0xc, 0xfc, 0xf5,
    0x0, 0x0, 0x0, 0x6f, 0xfe, 0x0, 0x0, 0x0,
    0x0, 0xff, 0x90, 0x0, 0x0, 0x0, 0xc, 0xf5,
    0x0, 0x0, 0x0, 0x0, 0xcf, 0x50, 0x0, 0x0,
    0x0, 0xc, 0xf5, 0x0, 0x0, 0x0, 0x0, 0xcf,
    0x50, 0x0, 0x0, 0x0, 0xc, 0xf5, 0x0, 0x0,

    /* U+04B0 "Ұ" */
    0xbf, 0x90, 0x0, 0x0, 0xe, 0xf6, 0x2f, 0xf2,
    0x0, 0x0, 0x7f, 0xd0, 0x9, 0xfb, 0x0, 0x1,
    0xff, 0x40, 0x1, 0xff, 0x30, 0x8, 0xfb, 0x0,
    0x0, 0x8f, 0xc0, 0x1f, 0xf2, 0x0, 0x0, 0xe,
    0xf4, 0x9f, 0x90, 0x0, 0x0, 0x6, 0xfd, 0xff,
    0x10, 0x0, 0x0, 0x0, 0xdf, 0xf7, 0x0, 0x0,
    0x0, 0x0, 0x5f, 0xf0, 0x0, 0x0, 0x4, 0xff,
    0xff, 0xff, 0xfe, 0x0, 0x3, 0xee, 0xef, 0xfe,
    0xec, 0x0, 0x0, 0x0, 0x4f, 0xe0, 0x0, 0x0,
    0x0, 0x0, 0x4f, 0xe0, 0x0, 0x0, 0x0, 0x0,
    0x4f, 0xe0, 0x0, 0x0,

    /* U+04B1 "ұ" */
    0xcf, 0x70, 0x0, 0x0, 0xef, 0x56, 0xfc, 0x0,
    0x0, 0x3f, 0xf0, 0x1f, 0xf2, 0x0, 0x9, 0xf9,
    0x0, 0xaf, 0x80, 0x0, 0xff, 0x30, 0x4, 0xfe,
    0x0, 0x5f, 0xd0, 0x0, 0xe, 0xf4, 0xb, 0xf7,
    0x0, 0x0, 0x8f, 0x90, 0xff, 0x10, 0x0, 0x2,
    0xfe, 0x5f, 0xb0, 0x0, 0x0, 0xc, 0xfc, 0xf4,
    0x0, 0x0, 0x0, 0x5f, 0xfe, 0x0, 0x0, 0x0,
    0x0, 0xff, 0x80, 0x0, 0x0, 0x9f, 0xff, 0xff,
    0xff, 0x10, 0x5, 0x99, 0xef, 0xb9, 0x90, 0x0,
    0x0, 0xc, 0xf5, 0x0, 0x0, 0x0, 0x0, 0xcf,
    0x50, 0x0, 0x0, 0x0, 0xc, 0xf5, 0x0, 0x0,

    /* U+04B2 "Ҳ" */
    0x4f, 0xf2, 0x0, 0x0, 0xc, 0xf7, 0x0, 0xaf,
    0xb0, 0x0, 0x7, 0xfc, 0x0, 0x1, 0xef, 0x50,
    0x2, 0xff, 0x20, 0x0, 0x4, 0xfe, 0x10, 0xbf,
    0x70, 0x0, 0x0, 0xa, 0xf9, 0x5f, 0xc0, 0x0,
    0x0, 0x0, 0x1e, 0xff, 0xf2, 0x0, 0x0, 0x0,
    0x0, 0x6f, 0xf8, 0x0, 0x0, 0x0, 0x0, 0xb,
    0xff, 0xd0, 0x0, 0x0, 0x0, 0x6, 0xfc, 0xbf,
    0x90, 0x0, 0x0, 0x1, 0xef, 0x21, 0xff, 0x30,
    0x0, 0x0, 0xaf, 0x80, 0x7, 0xfd, 0x0, 0x0,
    0x5f, 0xd0, 0x0, 0xd, 0xf9, 0x0, 0x1e, 0xf4,
    0x0, 0x0, 0x3f, 0xff, 0xf9, 0xfa, 0x0, 0x0,
    0x0, 0x9f, 0xff, 0x0, 0x0, 0x0, 0x0, 0x0,
    0x2f, 0xf0, 0x0, 0x0, 0x0, 0x0, 0x2, 0xff,
    0x0, 0x0, 0x0, 0x0, 0x0, 0x2f, 0xf0, 0x0,
    0x0, 0x0, 0x0, 0x1, 0xcc,

    /* U+04B3 "ҳ" */
    0x3f, 0xf3, 0x0, 0x4, 0xff, 0x20, 0x8, 0xfd,
    0x0, 0xd, 0xf7, 0x0, 0x0, 0xdf, 0x80, 0x8f,
    0xc0, 0x0, 0x0, 0x3f, 0xf5, 0xff, 0x20, 0x0,
    0x0, 0x8, 0xff, 0xf7, 0x0, 0x0, 0x0, 0x0,
    0xff, 0xe0, 0x0, 0x0, 0x0, 0x8, 0xff, 0xf6,
    0x0, 0x0, 0x0, 0x3f, 0xf5, 0xff, 0x20, 0x0,
    0x0, 0xef, 0x70, 0x7f, 0xc0, 0x0, 0xa, 0xfb,
    0x0, 0xc, 0xfa, 0x81, 0x5f, 0xf1, 0x0, 0x2,
    0xff, 0xf3, 0x0, 0x0, 0x0, 0x0, 0xc, 0xf3,
    0x0, 0x0, 0x0, 0x0, 0xc, 0xf3, 0x0, 0x0,
    0x0, 0x0, 0xc, 0xf3, 0x0, 0x0, 0x0, 0x0,
    0xc, 0xf3,

    /* U+04B4 "Ҵ" */
    0xcf, 0xff, 0xff, 0xff, 0xff, 0xb0, 0x1f, 0xf1,
    0x0, 0xae, 0xee, 0xff, 0xee, 0xee, 0xa0, 0x1f,
    0xf1, 0x0, 0x0, 0x0, 0xcf, 0x50, 0x0, 0x0,
    0x1f, 0xf1, 0x0, 0x0, 0x0, 0xcf, 0x50, 0x0,
    0x0, 0x1f, 0xf1, 0x0, 0x0, 0x0, 0xcf, 0x50,
    0x0, 0x0, 0x1f, 0xf1, 0x0, 0x0, 0x0, 0xcf,
    0x50, 0x0, 0x0, 0x1f, 0xf1, 0x0, 0x0, 0x0,
    0xcf, 0x50, 0x0, 0x0, 0x1f, 0xf1, 0x0, 0x0,
    0x0, 0xcf, 0x50, 0x0, 0x0, 0x1f, 0xf1, 0x0,
    0x0, 0x0, 0xcf, 0x50, 0x0, 0x0, 0x1f, 0xf1,
    0x0, 0x0, 0x0, 0xcf, 0x50, 0x0, 0x0, 0x1f,
    0xf1, 0x0, 0x0, 0x0, 0xcf, 0x50, 0x0, 0x0,
    0x1f, 0xf1, 0x0, 0x0, 0x0, 0xcf, 0x50, 0x0,
    0x0, 0x1f, 0xf1, 0x0, 0x0, 0x0, 0xcf, 0xee,
    0xee, 0xee, 0xef, 0xfe, 0xe2, 0x0, 0x0, 0xcf,
    0xff, 0xff, 0xff, 0xff, 0xff, 0xf3, 0x0, 0x0,
    0x0, 0x0, 0x0, 0x0, 0x0, 0xd, 0xf3, 0x0,
    0x0, 0x0, 0x0, 0x0, 0x0, 0x0, 0xd, 0xf3,
    0x0, 0x0, 0x0, 0x0, 0x0, 0x0, 0x0, 0xd,
    0xf3, 0x0, 0x0, 0x0, 0x0, 0x0, 0x0, 0x0,
    0xd, 0xf3,

    /* U+04B5 "ҵ" */
    0x9f, 0xff, 0xff, 0xff, 0xb0, 0x8f, 0x90, 0x6,
    0xbb, 0xef, 0xdb, 0xb8, 0x8, 0xf9, 0x0, 0x0,
    0xb, 0xf6, 0x0, 0x0, 0x8f, 0x90, 0x0, 0x0,
    0xbf, 0x60, 0x0, 0x8, 0xf9, 0x0, 0x0, 0xb,
    0xf6, 0x0, 0x0, 0x8f, 0x90, 0x0, 0x0, 0xbf,
    0x60, 0x0, 0x8, 0xf9, 0x0, 0x0, 0xb, 0xf6,
    0x0, 0x0, 0x8f, 0x90, 0x0, 0x0, 0xbf, 0x60,
    0x0, 0x8, 0xf9, 0x0, 0x0, 0xb, 0xf6, 0x0,
    0x0, 0x8f, 0x90, 0x0, 0x0, 0xbf, 0xdb, 0xbb,
    0xbd, 0xfe, 0xb6, 0x0, 0xb, 0xff, 0xff, 0xff,
    0xff, 0xff, 0x80, 0x0, 0x0, 0x0, 0x0, 0x0,
    0x7, 0xf8, 0x0, 0x0, 0x0, 0x0, 0x0, 0x0,
    0x7f, 0x80, 0x0, 0x0, 0x0, 0x0, 0x0, 0x7,
    0xf8, 0x0, 0x0, 0x0, 0x0, 0x0, 0x0, 0x5c,
    0x60,

    /* U+04B6 "Ҷ" */
    0x9f, 0x90, 0x0, 0x0, 0xe, 0xf3, 0x0, 0x9f,
    0x90, 0x0, 0x0, 0xe, 0xf3, 0x0, 0x9f, 0x90,
    0x0, 0x0, 0xe, 0xf3, 0x0, 0x9f, 0x90, 0x0,
    0x0, 0xe, 0xf3, 0x0, 0x9f, 0x90, 0x0, 0x0,
    0xe, 0xf3, 0x0, 0x8f, 0xa0, 0x0, 0x0, 0xe,
    0xf3, 0x0, 0x6f, 0xf3, 0x0, 0x3, 0x7f, 0xf3,
    0x0, 0x1e, 0xff, 0xee, 0xff, 0xff, 0xf3, 0x0,
    0x1, 0x9d, 0xfe, 0xc9, 0x4e, 0xf3, 0x0, 0x0,
    0x0, 0x0, 0x0, 0xe, 0xf3, 0x0, 0x0, 0x0,
    0x0, 0x0, 0xe, 0xf3, 0x0, 0x0, 0x0, 0x0,
    0x0, 0xe, 0xf3, 0x0, 0x0, 0x0, 0x0, 0x0,
    0xe, 0xff, 0xf5, 0x0, 0x0, 0x0, 0x0, 0xe,
    0xff, 0xf5, 0x0, 0x0, 0x0, 0x0, 0x0, 0xc,
    0xf5, 0x0, 0x0, 0x0, 0x0, 0x0, 0xc, 0xf5,
    0x0, 0x0, 0x0, 0x0, 0x0, 0xc, 0xf5, 0x0,
    0x0, 0x0, 0x0, 0x0, 0x9, 0xc3,

    /* U+04B7 "ҷ" */
    0x9f, 0x80, 0x0, 0x4, 0xfd, 0x0, 0x9f, 0x80,
    0x0, 0x4, 0xfd, 0x0, 0x9f, 0x80, 0x0, 0x4,
    0xfd, 0x0, 0x9f, 0x80, 0x0, 0x4, 0xfd, 0x0,
    0x8f, 0x90, 0x0, 0x4, 0xfd, 0x0, 0x5f, 0xe3,
    0x2, 0x7e, 0xfd, 0x0, 0xc, 0xff, 0xff, 0xfc,
    0xfd, 0x0, 0x0, 0x69, 0x97, 0x14, 0xfd, 0x0,
    0x0, 0x0, 0x0, 0x4, 0xfd, 0x0, 0x0, 0x0,
    0x0, 0x4, 0xfe, 0x75, 0x0, 0x0, 0x0, 0x4,
    0xff, 0xfc, 0x0, 0x0, 0x0, 0x0, 0x4, 0xfc,
    0x0, 0x0, 0x0, 0x0, 0x4, 0xfc, 0x0, 0x0,
    0x0, 0x0, 0x4, 0xfc, 0x0, 0x0, 0x0, 0x0,
    0x4, 0xfc,

    /* U+04B8 "Ҹ" */
    0x8f, 0xb0, 0x0, 0x0, 0xe, 0xf5, 0x8f, 0xb0,
    0x0, 0x0, 0xe, 0xf5, 0x8f, 0xb0, 0x0, 0x0,
    0xe, 0xf5, 0x8f, 0xb0, 0x0, 0x0, 0xe, 0xf5,
    0x8f, 0xb0, 0xc, 0x80, 0xe, 0xf5, 0x7f, 0xc0,
    0xc, 0x80, 0xe, 0xf5, 0x5f, 0xf5, 0xc, 0x82,
    0x6f, 0xf5, 0xd, 0xff, 0xff, 0xff, 0xff, 0xf5,
    0x1, 0x7c, 0xef, 0xea, 0x5e, 0xf5, 0x0, 0x0,
    0xc, 0x80, 0xe, 0xf5, 0x0, 0x0, 0xc, 0x80,
    0xe, 0xf5, 0x0, 0x0, 0xc, 0x80, 0xe, 0xf5,
    0x0, 0x0, 0x1, 0x10, 0xe, 0xf5, 0x0, 0x0,
    0x0, 0x0, 0xe, 0xf5,

    /* U+04B9 "ҹ" */
    0xaf, 0x80, 0x0, 0x5, 0xfc, 0xaf, 0x80, 0x0,
    0x5, 0xfc, 0xaf, 0x80, 0x0, 0x5, 0xfc, 0xaf,
    0x80, 0xb8, 0x5, 0xfc, 0x9f, 0x80, 0xb8, 0x5,
    0xfc, 0x6f, 0xe2, 0xb9, 0x7f, 0xfc, 0xd, 0xff,
    0xff, 0xfd, 0xfc, 0x0, 0x7a, 0xeb, 0x25, 0xfc,
    0x0, 0x0, 0xb8, 0x5, 0xfc, 0x0, 0x0, 0x75,
    0x5, 0xfc, 0x0, 0x0, 0x0, 0x5, 0xfc,

    /* U+04BA "Һ" */
    0x2f, 0xf0, 0x0, 0x0, 0x0, 0x0, 0x2f, 0xf0,
    0x0, 0x0, 0x0, 0x0, 0x2f, 0xf0, 0x0, 0x0,
    0x0, 0x0, 0x2f, 0xf0, 0x0, 0x0, 0x0, 0x0,
    0x2f, 0xf2, 0x69, 0xbd, 0xb7, 0x0, 0x2f, 0xff,
    0xff, 0xff, 0xff, 0xd0, 0x2f, 0xfb, 0x62, 0x10,
    0x5f, 0xf6, 0x2f, 0xf0, 0x0, 0x0, 0xa, 0xfa,
    0x2f, 0xf0, 0x0, 0x0, 0x8, 0xfb, 0x2f, 0xf0,
    0x0, 0x0, 0x8, 0xfb, 0x2f, 0xf0, 0x0, 0x0,
    0x8, 0xfb, 0x2f, 0xf0, 0x0, 0x0, 0x8, 0xfb,
    0x2f, 0xf0, 0x0, 0x0, 0x8, 0xfb, 0x2f, 0xf0,
    0x0, 0x0, 0x8, 0xfb,

    /* U+04BB "һ" */
    0x13, 0x20, 0x0, 0x0, 0x0, 0x5f, 0xc0, 0x0,
    0x0, 0x0, 0x5f, 0xc0, 0x0, 0x0, 0x0, 0x5f,
    0xc0, 0x0, 0x0, 0x0, 0x5f, 0xc0, 0x0, 0x0,
    0x0, 0x5f, 0xb2, 0xbf, 0xec, 0x50, 0x5f, 0xdf,
    0xec, 0xef, 0xf6, 0x5f, 0xf9, 0x0, 0xa, 0xfc,
    0x5f, 0xf1, 0x0, 0x3, 0xff, 0x5f, 0xd0, 0x0,
    0x2, 0xff, 0x5f, 0xc0, 0x0, 0x2, 0xff, 0x5f,
    0xc0, 0x0, 0x2, 0xff, 0x5f, 0xc0, 0x0, 0x2,
    0xff, 0x5f, 0xc0, 0x0, 0x2, 0xff, 0x5f, 0xc0,
    0x0, 0x2, 0xff, 0x5f, 0xc0, 0x0, 0x2, 0xff,

    /* U+04BC "Ҽ" */
    0x0, 0x0, 0x0, 0x39, 0xdf, 0xfd, 0xa4, 0x0,
    0x0, 0x0, 0x0, 0x7f, 0xff, 0xfe, 0xff, 0xf8,
    0x0, 0x0, 0x0, 0x5f, 0xf8, 0x10, 0x0, 0x6f,
    0xf5, 0x7, 0xf5, 0xe, 0xf8, 0x0, 0x0, 0x0,
    0x7f, 0xc0, 0x9f, 0x53, 0xff, 0x10, 0x0, 0x0,
    0x2, 0xff, 0x16, 0xff, 0xef, 0xfd, 0xdd, 0xdd,
    0xdd, 0xdf, 0xf2, 0x8, 0xef, 0xff, 0xff, 0xff,
    0xff, 0xff, 0xff, 0x30, 0x0, 0x5f, 0xe0, 0x0,
    0x0, 0x0, 0x0, 0x0, 0x0, 0x3, 0xff, 0x10,
    0x0, 0x0, 0x0, 0x0, 0x0, 0x0, 0xe, 0xf6,
    0x0, 0x0, 0x0, 0x0, 0x0, 0x0, 0x0, 0x8f,
    0xe1, 0x0, 0x0, 0x0, 0x0, 0x0, 0x0, 0x1,
    0xef, 0xd4, 0x0, 0x1, 0x49, 0x50, 0x0, 0x0,
    0x2, 0xef, 0xff, 0xee, 0xff, 0xf6, 0x0, 0x0,
    0x0, 0x0, 0x7c, 0xef, 0xfd, 0xa6, 0x0,

    /* U+04BD "ҽ" */
    0x0, 0x0, 0x5, 0xcf, 0xfc, 0x50, 0x0, 0x0,
    0x9, 0xff, 0xbb, 0xff, 0x70, 0x38, 0x13, 0xff,
    0x20, 0x3, 0xff, 0x1a, 0xf1, 0x9f, 0x80, 0x0,
    0xb, 0xf6, 0x9f, 0xce, 0xfc, 0x99, 0x99, 0xdf,
    0x81, 0xae, 0xff, 0xff, 0xff, 0xff, 0xf9, 0x0,
    0xd, 0xf6, 0x0, 0x0, 0x0, 0x0, 0x0, 0xaf,
    0x90, 0x0, 0x0, 0x0, 0x0, 0x4, 0xff, 0x50,
    0x0, 0x4, 0x0, 0x0, 0x8, 0xff, 0xdb, 0xce,
    0xf0, 0x0, 0x0, 0x4, 0xbe, 0xff, 0xc7, 0x0,

    /* U+04BE "Ҿ" */
    0x0, 0x0, 0x0, 0x18, 0xdf, 0xfd, 0x92, 0x0,
    0x0, 0x0, 0x0, 0x5f, 0xff, 0xee, 0xff, 0xf5,
    0x0, 0x0, 0x0, 0x3f, 0xfa, 0x20, 0x0, 0x7f,
    0xf2, 0x6, 0xf5, 0xb, 0xfc, 0x0, 0x0, 0x0,
    0xaf, 0xa0, 0x9f, 0x41, 0xff, 0x30, 0x0, 0x0,
    0x3, 0xfe, 0x8, 0xf7, 0x4f, 0xf0, 0x0, 0x0,
    0x0, 0x1f, 0xf1, 0x3f, 0xff, 0xff, 0xff, 0xff,
    0xff, 0xff, 0xff, 0x30, 0x5b, 0xef, 0xfd, 0xdd,
    0xdd, 0xdd, 0xdd, 0xd3, 0x0, 0x5, 0xff, 0x0,
    0x0, 0x0, 0x0, 0x0, 0x0, 0x0, 0x1f, 0xf3,
    0x0, 0x0, 0x0, 0x0, 0x0, 0x0, 0x0, 0xbf,
    0xb0, 0x0, 0x0, 0x0, 0x0, 0x0, 0x0, 0x3,
    0xff, 0xa2, 0x0, 0x0, 0x27, 0x40, 0x0, 0x0,
    0x5, 0xff, 0xfe, 0xcd, 0xff, 0xf6, 0x0, 0x0,
    0x0, 0x2, 0x8d, 0xff, 0xfe, 0xb7, 0x10, 0x0,
    0x0, 0x0, 0x0, 0xd, 0xf3, 0x0, 0x0, 0x0,
    0x0, 0x0, 0x0, 0x0, 0xdf, 0x30, 0x0, 0x0,
    0x0, 0x0, 0x0, 0x0, 0xd, 0xf3, 0x0, 0x0,
    0x0, 0x0, 0x0, 0x0, 0x0, 0x68, 0x10, 0x0,
    0x0,

    /* U+04BF "ҿ" */
    0x0, 0x0, 0x5, 0xcf, 0xfc, 0x50, 0x0, 0x0,
    0x9, 0xff, 0xbb, 0xff, 0x70, 0x38, 0x13, 0xff,
    0x20, 0x3, 0xff, 0x1a, 0xf1, 0x9f, 0x80, 0x0,
    0xb, 0xf6, 0x9f, 0xce, 0xfc, 0x99, 0x99, 0xdf,
    0x81, 0xbe, 0xff, 0xff, 0xff, 0xff, 0xf9, 0x0,
    0xc, 0xf6, 0x0, 0x0, 0x0, 0x0, 0x0, 0x9f,
    0x90, 0x0, 0x0, 0x0, 0x0, 0x3, 0xff, 0x40,
    0x0, 0x3, 0x0, 0x0, 0x8, 0xff, 0xca, 0xbe,
    0xf0, 0x0, 0x0, 0x5, 0xbf, 0xff, 0xd8, 0x0,
    0x0, 0x0, 0x0, 0xef, 0x10, 0x0, 0x0, 0x0,
    0x0, 0xe, 0xf1, 0x0, 0x0, 0x0, 0x0, 0x0,
    0xef, 0x10, 0x0, 0x0, 0x0, 0x0, 0x7, 0x80,
    0x0, 0x0,

    /* U+04C0 "Ӏ" */
    0x3f, 0xff, 0xff, 0x40, 0x7d, 0xfd, 0x71, 0x0,
    0x8f, 0xa0, 0x0, 0x8, 0xfa, 0x0, 0x0, 0x8f,
    0xa0, 0x0, 0x8, 0xfa, 0x0, 0x0, 0x8f, 0xa0,
    0x0, 0x8, 0xfa, 0x0, 0x0, 0x8f, 0xa0, 0x0,
    0x8, 0xfa, 0x0, 0x0, 0x8f, 0xa0, 0x0, 0x8,
    0xfa, 0x0, 0x6, 0xdf, 0xd7, 0x13, 0xff, 0xff,
    0xf4,

    /* U+04C1 "Ӂ" */
    0x0, 0x0, 0x0, 0x77, 0x0, 0x18, 0x50, 0x0,
    0x0, 0x0, 0x0, 0x0, 0xb, 0xf7, 0x2a, 0xf7,
    0x0, 0x0, 0x0, 0x0, 0x0, 0x0, 0x1d, 0xff,
    0xfb, 0x0, 0x0, 0x0, 0x0, 0x0, 0x0, 0x0,
    0x2, 0x32, 0x0, 0x0, 0x0, 0x0, 0x0, 0x0,
    0x0, 0x0, 0x0, 0x0, 0x0, 0x0, 0x0, 0x3,
    0xff, 0x10, 0x0, 0xc, 0xf5, 0x0, 0x0, 0x7f,
    0xc0, 0x8, 0xfb, 0x0, 0x0, 0xcf, 0x50, 0x0,
    0x2f, 0xf2, 0x0, 0xd, 0xf5, 0x0, 0xc, 0xf5,
    0x0, 0xb, 0xf8, 0x0, 0x0, 0x3f, 0xe1, 0x0,
    0xcf, 0x50, 0x6, 0xfd, 0x0, 0x0, 0x0, 0x9f,
    0xa0, 0xc, 0xf5, 0x1, 0xff, 0x30, 0x0, 0x0,
    0x0, 0xef, 0x50, 0xcf, 0x50, 0xbf, 0x80, 0x0,
    0x0, 0x0, 0x4, 0xff, 0xff, 0xff, 0xff, 0xe0,
    0x0, 0x0, 0x0, 0x0, 0x8f, 0xfd, 0xff, 0xed,
    0xff, 0x20, 0x0, 0x0, 0x0, 0x3f, 0xf3, 0xc,
    0xf5, 0xa, 0xfd, 0x0, 0x0, 0x0, 0xd, 0xf8,
    0x0, 0xcf, 0x50, 0x1e, 0xf8, 0x0, 0x0, 0x9,
    0xfd, 0x0, 0xc, 0xf5, 0x0, 0x4f, 0xf3, 0x0,
    0x3, 0xff, 0x30, 0x0, 0xcf, 0x50, 0x0, 0x9f,
    0xd0, 0x0, 0xdf, 0x80, 0x0, 0xc, 0xf5, 0x0,
    0x0, 0xef, 0x80, 0x9f, 0xd0, 0x0, 0x0, 0xcf,
    0x50, 0x0, 0x4, 0xff, 0x30,

    /* U+04C2 "ӂ" */
    0x0, 0x0, 0x4f, 0x90, 0xb, 0xf1, 0x0, 0x0,
    0x0, 0x0, 0xe, 0xe3, 0x4f, 0xc0, 0x0, 0x0,
    0x0, 0x0, 0x4, 0xef, 0xfd, 0x20, 0x0, 0x0,
    0x0, 0x0, 0x0, 0x3, 0x20, 0x0, 0x0, 0x0,
    0x3f, 0xe1, 0x0, 0x2f, 0xe0, 0x0, 0x2f, 0xe1,
    0x8, 0xfa, 0x0, 0x2f, 0xe0, 0x0, 0xdf, 0x50,
    0x0, 0xcf, 0x50, 0x2f, 0xe0, 0x8, 0xf9, 0x0,
    0x0, 0x2f, 0xe1, 0x2f, 0xe0, 0x3f, 0xd0, 0x0,
    0x0, 0x7, 0xfd, 0xbf, 0xfb, 0xef, 0x30, 0x0,
    0x0, 0x6, 0xff, 0xff, 0xff, 0xff, 0x30, 0x0,
    0x0, 0x1e, 0xf4, 0x2f, 0xe0, 0x7f, 0xc0, 0x0,
    0x0, 0xaf, 0xa0, 0x2f, 0xe0, 0xd, 0xf7, 0x0,
    0x4, 0xff, 0x10, 0x2f, 0xe0, 0x4, 0xff, 0x10,
    0xd, 0xf7, 0x0, 0x2f, 0xe0, 0x0, 0xaf, 0xb0,
    0x8f, 0xd0, 0x0, 0x2f, 0xe0, 0x0, 0x1f, 0xf5,

    /* U+04C3 "Ӄ" */
    0x1f, 0xf1, 0x0, 0x0, 0x7f, 0xe2, 0x1, 0xff,
    0x10, 0x0, 0x6f, 0xe2, 0x0, 0x1f, 0xf1, 0x0,
    0x5f, 0xe2, 0x0, 0x1, 0xff, 0x10, 0x4f, 0xf3,
    0x0, 0x0, 0x1f, 0xf1, 0x3f, 0xf3, 0x0, 0x0,
    0x1, 0xff, 0x3e, 0xf4, 0x0, 0x0, 0x0, 0x1f,
    0xfe, 0xfe, 0xb9, 0x40, 0x0, 0x1, 0xff, 0xff,
    0xff, 0xff, 0xd3, 0x0, 0x1f, 0xf3, 0x0, 0x26,
    0xef, 0xe1, 0x1, 0xff, 0x10, 0x0, 0x1, 0xdf,
    0xa0, 0x1f, 0xf1, 0x0, 0x0, 0x4, 0xff, 0x1,
    0xff, 0x10, 0x0, 0x0, 0xf, 0xf2, 0x1f, 0xf1,
    0x0, 0x0, 0x0, 0xef, 0x31, 0xff, 0x10, 0x0,
    0x0, 0xf, 0xf2, 0x0, 0x0, 0x0, 0x0, 0x2,
    0xff, 0x10, 0x0, 0x0, 0x0, 0x0, 0x9f, 0xc0,
    0x0, 0x0, 0x30, 0x0, 0x8f, 0xf4, 0x0, 0x0,
    0xf, 0xff, 0xff, 0xf8, 0x0, 0x0, 0x0, 0xae,
    0xfe, 0xb4, 0x0, 0x0,

    /* U+04C4 "ӄ" */
    0x5f, 0xc0, 0x0, 0x3f, 0xf4, 0x5, 0xfc, 0x0,
    0x1e, 0xf5, 0x0, 0x5f, 0xc0, 0x1d, 0xf6, 0x0,
    0x5, 0xfc, 0xb, 0xf8, 0x0, 0x0, 0x5f, 0xca,
    0xf9, 0x0, 0x0, 0x5, 0xff, 0xff, 0xfd, 0x70,
    0x0, 0x5f, 0xfc, 0xbd, 0xff, 0xc0, 0x5, 0xfc,
    0x0, 0x3, 0xef, 0x70, 0x5f, 0xc0, 0x0, 0x6,
    0xfc, 0x5, 0xfc, 0x0, 0x0, 0x2f, 0xe0, 0x5f,
    0xc0, 0x0, 0x1, 0xff, 0x0, 0x0, 0x0, 0x0,
    0x2f, 0xe0, 0x0, 0x0, 0x0, 0x6, 0xfb, 0x0,
    0x0, 0x20, 0x3, 0xef, 0x60, 0x0, 0xc, 0xed,
    0xff, 0xb0, 0x0, 0x0, 0x7e, 0xfd, 0x80, 0x0,

    /* U+04C5 "Ӆ" */
    0x0, 0x0, 0xcf, 0xff, 0xff, 0xff, 0x70, 0x0,
    0x0, 0xe, 0xfd, 0xdd, 0xdf, 0xf7, 0x0, 0x0,
    0x0, 0xff, 0x0, 0x0, 0xbf, 0x70, 0x0, 0x0,
    0x2f, 0xd0, 0x0, 0xb, 0xf7, 0x0, 0x0, 0x4,
    0xfb, 0x0, 0x0, 0xbf, 0x70, 0x0, 0x0, 0x7f,
    0x90, 0x0, 0xb, 0xf7, 0x0, 0x0, 0x9, 0xf7,
    0x0, 0x0, 0xbf, 0x70, 0x0, 0x0, 0xcf, 0x40,
    0x0, 0xb, 0xf7, 0x0, 0x0, 0xe, 0xf2, 0x0,
    0x0, 0xbf, 0x70, 0x0, 0x1, 0xff, 0x0, 0x0,
    0xb, 0xf7, 0x0, 0x0, 0x5f, 0xb0, 0x0, 0x0,
    0xbf, 0x70, 0x0, 0xb, 0xf7, 0x0, 0x0, 0xb,
    0xf7, 0x0, 0xab, 0xfe, 0x10, 0x0, 0x0, 0xbf,
    0xff, 0xae, 0xfc, 0x30, 0x0, 0x0, 0xb, 0xff,
    0xf6, 0x0, 0x0, 0x0, 0x0, 0x0, 0x0, 0xbf,
    0x20, 0x0, 0x0, 0x0, 0x0, 0x0, 0x2f, 0xe0,
    0x0, 0x0, 0x0, 0x0, 0x0, 0x9, 0xf9, 0x0,
    0x0, 0x0, 0x0, 0x0, 0x0, 0xcc, 0x40,

    /* U+04C6 "ӆ" */
    0x0, 0xb, 0xff, 0xff, 0xff, 0x40, 0x0, 0x0,
    0xdf, 0xbb, 0xbf, 0xf4, 0x0, 0x0, 0xe, 0xf0,
    0x0, 0xdf, 0x40, 0x0, 0x0, 0xff, 0x0, 0xd,
    0xf4, 0x0, 0x0, 0x2f, 0xd0, 0x0, 0xdf, 0x40,
    0x0, 0x4, 0xfa, 0x0, 0xd, 0xf4, 0x0, 0x0,
    0x7f, 0x80, 0x0, 0xdf, 0x40, 0x0, 0xc, 0xf4,
    0x0, 0xd, 0xf4, 0x0, 0x3, 0xff, 0x0, 0x0,
    0xdf, 0x40, 0xa, 0xff, 0x80, 0x0, 0xd, 0xfc,
    0xb3, 0xef, 0x90, 0x0, 0x0, 0xdf, 0xff, 0x20,
    0x0, 0x0, 0x0, 0x0, 0xe, 0xe0, 0x0, 0x0,
    0x0, 0x0, 0x3, 0xfa, 0x0, 0x0, 0x0, 0x0,
    0x0, 0x9f, 0x60, 0x0, 0x0, 0x0, 0x0, 0xa,
    0xc2, 0x0,

    /* U+04C7 "Ӈ" */
    0x1f, 0xf1, 0x0, 0x0, 0x1, 0xff, 0x1, 0xff,
    0x10, 0x0, 0x0, 0x1f, 0xf0, 0x1f, 0xf1, 0x0,
    0x0, 0x1, 0xff, 0x1, 0xff, 0x10, 0x0, 0x0,
    0x1f, 0xf0, 0x1f, 0xf1, 0x0, 0x0, 0x1, 0xff,
    0x1, 0xff, 0x10, 0x0, 0x0, 0x1f, 0xf0, 0x1f,
    0xff, 0xff, 0xff, 0xff, 0xff, 0x1, 0xff, 0xdd,
    0xdd, 0xdd, 0xdf, 0xf0, 0x1f, 0xf1, 0x0, 0x0,
    0x1, 0xff, 0x1, 0xff, 0x10, 0x0, 0x0, 0x1f,
    0xf0, 0x1f, 0xf1, 0x0, 0x0, 0x1, 0xff, 0x1,
    0xff, 0x10, 0x0, 0x0, 0x1f, 0xf0, 0x1f, 0xf1,
    0x0, 0x0, 0x1, 0xff, 0x1, 0xff, 0x10, 0x0,
    0x0, 0x2f, 0xf0, 0x0, 0x0, 0x0, 0x0, 0x4,
    0xfe, 0x0, 0x0, 0x0, 0x0, 0x0, 0xaf, 0xa0,
    0x0, 0x0, 0x30, 0x0, 0x8f, 0xf3, 0x0, 0x0,
    0x2f, 0xfe, 0xff, 0xf7, 0x0, 0x0, 0x1, 0xbe,
    0xfe, 0xb4, 0x0, 0x0,

    /* U+04C8 "ӈ" */
    0x5f, 0xc0, 0x0, 0x0, 0xef, 0x35, 0xfc, 0x0,
    0x0, 0xe, 0xf3, 0x5f, 0xc0, 0x0, 0x0, 0xef,
    0x35, 0xfc, 0x0, 0x0, 0xe, 0xf3, 0x5f, 0xc0,
    0x0, 0x0, 0xef, 0x35, 0xff, 0xff, 0xff, 0xff,
    0xf3, 0x5f, 0xeb, 0xbb, 0xbb, 0xff, 0x35, 0xfc,
    0x0, 0x0, 0xe, 0xf3, 0x5f, 0xc0, 0x0, 0x0,
    0xef, 0x35, 0xfc, 0x0, 0x0, 0xe, 0xf3, 0x5f,
    0xc0, 0x0, 0x0, 0xef, 0x30, 0x0, 0x0, 0x0,
    0xf, 0xf2, 0x0, 0x0, 0x0, 0x2, 0xff, 0x0,
    0x0, 0x11, 0x0, 0xbf, 0xb0, 0x0, 0x5, 0xfe,
    0xff, 0xf2, 0x0, 0x0, 0x2c, 0xff, 0xb3, 0x0,

    /* U+04C9 "Ӊ" */
    0x1f, 0xf1, 0x0, 0x0, 0x1, 0xff, 0x0, 0x1,
    0xff, 0x10, 0x0, 0x0, 0x1f, 0xf0, 0x0, 0x1f,
    0xf1, 0x0, 0x0, 0x1, 0xff, 0x0, 0x1, 0xff,
    0x10, 0x0, 0x0, 0x1f, 0xf0, 0x0, 0x1f, 0xf1,
    0x0, 0x0, 0x1, 0xff, 0x0, 0x1, 0xff, 0x10,
    0x0, 0x0, 0x1f, 0xf0, 0x0, 0x1f, 0xff, 0xff,
    0xff, 0xff, 0xff, 0x0, 0x1, 0xff, 0xdd, 0xdd,
    0xdd, 0xdf, 0xf0, 0x0, 0x1f, 0xf1, 0x0, 0x0,
    0x1, 0xff, 0x0, 0x1, 0xff, 0x10, 0x0, 0x0,
    0x1f, 0xf0, 0x0, 0x1f, 0xf1, 0x0, 0x0, 0x1,
    0xff, 0x0, 0x1, 0xff, 0x10, 0x0, 0x0, 0x1f,
    0xf0, 0x0, 0x1f, 0xf1, 0x0, 0x0, 0x1, 0xff,
    0xff, 0x41, 0xff, 0x10, 0x0, 0x0, 0x1f, 0xff,
    0xf0, 0x0, 0x0, 0x0, 0x0, 0x0, 0x2, 0xfb,
    0x0, 0x0, 0x0, 0x0, 0x0, 0x0, 0x9f, 0x70,
    0x0, 0x0, 0x0, 0x0, 0x0, 0x1f, 0xf3, 0x0,
    0x0, 0x0, 0x0, 0x0, 0x5, 0xcc, 0x0,

    /* U+04CA "ӊ" */
    0x5f, 0xc0, 0x0, 0x0, 0xef, 0x30, 0x5, 0xfc,
    0x0, 0x0, 0xe, 0xf3, 0x0, 0x5f, 0xc0, 0x0,
    0x0, 0xef, 0x30, 0x5, 0xfc, 0x0, 0x0, 0xe,
    0xf3, 0x0, 0x5f, 0xeb, 0xbb, 0xbb, 0xff, 0x30,
    0x5, 0xff, 0xff, 0xff, 0xff, 0xf3, 0x0, 0x5f,
    0xc0, 0x0, 0x0, 0xef, 0x30, 0x5, 0xfc, 0x0,
    0x0, 0xe, 0xf3, 0x0, 0x5f, 0xc0, 0x0, 0x0,
    0xef, 0x30, 0x5, 0xfc, 0x0, 0x0, 0xe, 0xf9,
    0x72, 0x5f, 0xc0, 0x0, 0x0, 0xef, 0xff, 0x20,
    0x0, 0x0, 0x0, 0x0, 0xe, 0xe0, 0x0, 0x0,
    0x0, 0x0, 0x4, 0xfa, 0x0, 0x0, 0x0, 0x0,
    0x0, 0x9f, 0x60, 0x0, 0x0, 0x0, 0x0, 0xe,
    0xf2, 0x0,

    /* U+04CB "Ӌ" */
    0x8f, 0xb0, 0x0, 0x0, 0xd, 0xf5, 0x8f, 0xb0,
    0x0, 0x0, 0xd, 0xf5, 0x8f, 0xb0, 0x0, 0x0,
    0xd, 0xf5, 0x8f, 0xb0, 0x0, 0x0, 0xd, 0xf5,
    0x8f, 0xb0, 0x0, 0x0, 0xd, 0xf5, 0x7f, 0xc0,
    0x0, 0x0, 0xd, 0xf5, 0x5f, 0xf4, 0x0, 0x2,
    0x7f, 0xf5, 0xd, 0xff, 0xfe, 0xff, 0xff, 0xf5,
    0x1, 0x8d, 0xfe, 0xc9, 0x4e, 0xf5, 0x0, 0x0,
    0x0, 0x0, 0xd, 0xf5, 0x0, 0x0, 0x0, 0x0,
    0xd, 0xf5, 0x0, 0x0, 0x0, 0x0, 0xd, 0xf5,
    0x0, 0x0, 0x0, 0x9, 0xcf, 0xf5, 0x0, 0x0,
    0x0, 0xc, 0xff, 0xf5, 0x0, 0x0, 0x0, 0xc,
    0xf5, 0x0, 0x0, 0x0, 0x0, 0xc, 0xf5, 0x0,
    0x0, 0x0, 0x0, 0xc, 0xf5, 0x0, 0x0, 0x0,
    0x0, 0xc, 0xf5, 0x0,

    /* U+04CC "ӌ" */
    0x9f, 0x80, 0x0, 0x4, 0xfd, 0x9f, 0x80, 0x0,
    0x4, 0xfd, 0x9f, 0x80, 0x0, 0x4, 0xfd, 0x9f,
    0x80, 0x0, 0x4, 0xfd, 0x8f, 0x90, 0x0, 0x4,
    0xfd, 0x5f, 0xe3, 0x2, 0x7e, 0xfd, 0xc, 0xff,
    0xff, 0xfc, 0xfd, 0x0, 0x69, 0x97, 0x14, 0xfd,
    0x0, 0x0, 0x0, 0x4, 0xfd, 0x0, 0x0, 0x0,
    0x79, 0xfd, 0x0, 0x0, 0x0, 0xff, 0xfd, 0x0,
    0x0, 0x0, 0xff, 0x0, 0x0, 0x0, 0x0, 0xff,
    0x0, 0x0, 0x0, 0x0, 0xff, 0x0, 0x0, 0x0,
    0x0, 0xff, 0x0,

    /* U+04CD "Ӎ" */
    0x1f, 0xff, 0x20, 0x0, 0x0, 0x0, 0xdf, 0xf7,
    0x0, 0x1f, 0xff, 0x80, 0x0, 0x0, 0x3, 0xff,
    0xf7, 0x0, 0x1f, 0xdf, 0xe0, 0x0, 0x0, 0x9,
    0xfc, 0xf7, 0x0, 0x1f, 0xcb, 0xf4, 0x0, 0x0,
    0xe, 0xe9, 0xf7, 0x0, 0x1f, 0xd5, 0xfa, 0x0,
    0x0, 0x5f, 0x89, 0xf7, 0x0, 0x1f, 0xd0, 0xef,
    0x0, 0x0, 0xbf, 0x2a, 0xf7, 0x0, 0x1f, 0xd0,
    0x9f, 0x60, 0x1, 0xfc, 0xa, 0xf7, 0x0, 0x1f,
    0xd0, 0x3f, 0xc0, 0x7, 0xf6, 0xa, 0xf7, 0x0,
    0x1f, 0xd0, 0xd, 0xf2, 0xd, 0xf1, 0xa, 0xf7,
    0x0, 0x1f, 0xd0, 0x8, 0xf7, 0x3f, 0xa0, 0xa,
    0xf7, 0x0, 0x1f, 0xd0, 0x2, 0xfd, 0x9f, 0x40,
    0xa, 0xf7, 0x0, 0x1f, 0xd0, 0x0, 0xcf, 0xfe,
    0x0, 0xa, 0xf7, 0x0, 0x1f, 0xd0, 0x0, 0x6f,
    0xf8, 0x0, 0xa, 0xff, 0xfa, 0x1f, 0xd0, 0x0,
    0x1f, 0xf2, 0x0, 0xa, 0xff, 0xf6, 0x0, 0x0,
    0x0, 0x0, 0x0, 0x0, 0x0, 0xc, 0xf2, 0x0,
    0x0, 0x0, 0x0, 0x0, 0x0, 0x0, 0x3f, 0xd0,
    0x0, 0x0, 0x0, 0x0, 0x0, 0x0, 0x0, 0xaf,
    0x90, 0x0, 0x0, 0x0, 0x0, 0x0, 0x0, 0x0,
    0xcc, 0x40,

    /* U+04CE "ӎ" */
    0x5f, 0xfb, 0x0, 0x0, 0x3, 0xff, 0xd0, 0x5,
    0xff, 0xf1, 0x0, 0x0, 0x9f, 0xfd, 0x0, 0x5f,
    0xef, 0x70, 0x0, 0xe, 0xef, 0xd0, 0x5, 0xf9,
    0xfd, 0x0, 0x5, 0xf8, 0xfd, 0x0, 0x5f, 0x99,
    0xf3, 0x0, 0xbf, 0x3f, 0xd0, 0x5, 0xf9, 0x3f,
    0x90, 0x1f, 0xb1, 0xfd, 0x0, 0x5f, 0x90, 0xde,
    0x7, 0xf5, 0x1f, 0xd0, 0x5, 0xf9, 0x7, 0xf4,
    0xde, 0x1, 0xfd, 0x0, 0x5f, 0x90, 0x1f, 0xdf,
    0x80, 0x1f, 0xd0, 0x5, 0xf9, 0x0, 0xbf, 0xf2,
    0x1, 0xfe, 0x76, 0x5f, 0x90, 0x5, 0xfc, 0x0,
    0x1f, 0xff, 0xc0, 0x0, 0x0, 0x0, 0x0, 0x0,
    0x5, 0xf8, 0x0, 0x0, 0x0, 0x0, 0x0, 0x0,
    0xaf, 0x40, 0x0, 0x0, 0x0, 0x0, 0x0, 0xf,
    0xf0, 0x0, 0x0, 0x0, 0x0, 0x0, 0x4, 0xfc,
    0x0,

    /* U+04CF "ӏ" */
    0x3f, 0xff, 0xff, 0x40, 0x7d, 0xfd, 0x71, 0x0,
    0x8f, 0xa0, 0x0, 0x8, 0xfa, 0x0, 0x0, 0x8f,
    0xa0, 0x0, 0x8, 0xfa, 0x0, 0x0, 0x8f, 0xa0,
    0x0, 0x8, 0xfa, 0x0, 0x0, 0x8f, 0xa0, 0x0,
    0x8, 0xfa, 0x0, 0x0, 0x8f, 0xa0, 0x0, 0x8,
    0xfa, 0x0, 0x6, 0xdf, 0xd7, 0x13, 0xff, 0xff,
    0xf4,

    /* U+04D0 "Ӑ" */
    0x0, 0x5, 0x81, 0x0, 0x77, 0x0, 0x0, 0x0,
    0x8, 0xf9, 0x27, 0xfa, 0x0, 0x0, 0x0, 0x0,
    0xbf, 0xff, 0xc1, 0x0, 0x0, 0x0, 0x0, 0x2,
    0x32, 0x0, 0x0, 0x0, 0x0, 0x0, 0x0, 0x0,
    0x0, 0x0, 0x0, 0x0, 0x0, 0xc, 0xfd, 0x0,
    0x0, 0x0, 0x0, 0x0, 0x2f, 0xff, 0x30, 0x0,
    0x0, 0x0, 0x0, 0x8f, 0xaf, 0x90, 0x0, 0x0,
    0x0, 0x0, 0xef, 0x1f, 0xf0, 0x0, 0x0, 0x0,
    0x5, 0xfb, 0xa, 0xf6, 0x0, 0x0, 0x0, 0xb,
    0xf5, 0x4, 0xfc, 0x0, 0x0, 0x0, 0x1f, 0xf0,
    0x0, 0xef, 0x20, 0x0, 0x0, 0x7f, 0x90, 0x0,
    0x8f, 0x80, 0x0, 0x0, 0xdf, 0xff, 0xff, 0xff,
    0xe0, 0x0, 0x4, 0xff, 0xee, 0xee, 0xef, 0xf5,
    0x0, 0xa, 0xf8, 0x0, 0x0, 0x8, 0xfb, 0x0,
    0x1f, 0xf2, 0x0, 0x0, 0x2, 0xff, 0x10, 0x6f,
    0xd0, 0x0, 0x0, 0x0, 0xcf, 0x70, 0xcf, 0x70,
    0x0, 0x0, 0x0, 0x6f, 0xd0,

    /* U+04D1 "ӑ" */
    0x0, 0x4f, 0x90, 0xb, 0xf2, 0x0, 0xe, 0xf3,
    0x4f, 0xd0, 0x0, 0x4, 0xef, 0xfd, 0x30, 0x0,
    0x0, 0x3, 0x20, 0x0, 0x0, 0x4a, 0xdf, 0xec,
    0x50, 0x0, 0xbf, 0xda, 0xcf, 0xf4, 0x0, 0x33,
    0x0, 0xa, 0xfb, 0x0, 0x0, 0x0, 0x4, 0xfd,
    0x0, 0x0, 0x0, 0x14, 0xfe, 0x0, 0x7d, 0xff,
    0xff, 0xfe, 0xa, 0xfe, 0x74, 0x46, 0xfe, 0x1f,
    0xf3, 0x0, 0x4, 0xfe, 0xf, 0xf2, 0x0, 0xb,
    0xfe, 0xb, 0xfd, 0x88, 0xdc, 0xfe, 0x1, 0x9e,
    0xfe, 0x80, 0xce,

    /* U+04D2 "Ӓ" */
    0x0, 0x0, 0x20, 0x0, 0x20, 0x0, 0x0, 0x0,
    0x6, 0xf8, 0x7, 0xf7, 0x0, 0x0, 0x0, 0x4,
    0xf6, 0x5, 0xf5, 0x0, 0x0, 0x0, 0x0, 0x0,
    0x0, 0x0, 0x0, 0x0, 0x0, 0x0, 0x0, 0x0,
    0x0, 0x0, 0x0, 0x0, 0x0, 0xc, 0xfd, 0x0,
    0x0, 0x0, 0x0, 0x0, 0x2f, 0xff, 0x30, 0x0,
    0x0, 0x0, 0x0, 0x8f, 0xaf, 0x90, 0x0, 0x0,
    0x0, 0x0, 0xef, 0x1f, 0xf0, 0x0, 0x0, 0x0,
    0x5, 0xfb, 0xa, 0xf6, 0x0, 0x0, 0x0, 0xb,
    0xf5, 0x4, 0xfc, 0x0, 0x0, 0x0, 0x1f, 0xf0,
    0x0, 0xef, 0x20, 0x0, 0x0, 0x7f, 0x90, 0x0,
    0x8f, 0x80, 0x0, 0x0, 0xdf, 0xff, 0xff, 0xff,
    0xe0, 0x0, 0x4, 0xff, 0xee, 0xee, 0xef, 0xf5,
    0x0, 0xa, 0xf8, 0x0, 0x0, 0x8, 0xfb, 0x0,
    0x1f, 0xf2, 0x0, 0x0, 0x2, 0xff, 0x10, 0x6f,
    0xd0, 0x0, 0x0, 0x0, 0xcf, 0x70, 0xcf, 0x70,
    0x0, 0x0, 0x0, 0x6f, 0xd0,

    /* U+04D3 "ӓ" */
    0x0, 0x2e, 0x90, 0x3f, 0x80, 0x0, 0x3f, 0xb0,
    0x4f, 0xa0, 0x0, 0x1, 0x0, 0x2, 0x0, 0x0,
    0x4a, 0xdf, 0xec, 0x50, 0x0, 0xbf, 0xda, 0xcf,
    0xf4, 0x0, 0x33, 0x0, 0xa, 0xfb, 0x0, 0x0,
    0x0, 0x4, 0xfd, 0x0, 0x0, 0x0, 0x14, 0xfe,
    0x0, 0x7d, 0xff, 0xff, 0xfe, 0xa, 0xfe, 0x74,
    0x46, 0xfe, 0x1f, 0xf3, 0x0, 0x4, 0xfe, 0xf,
    0xf2, 0x0, 0xb, 0xfe, 0xb, 0xfd, 0x88, 0xdc,
    0xfe, 0x1, 0x9e, 0xfe, 0x80, 0xce,

    /* U+04D4 "Ӕ" */
    0x0, 0x0, 0x0, 0x9, 0xff, 0xff, 0xff, 0xff,
    0xfd, 0x0, 0x0, 0x0, 0x1f, 0xfd, 0xff, 0xed,
    0xdd, 0xdb, 0x0, 0x0, 0x0, 0x8f, 0x90, 0xef,
    0x30, 0x0, 0x0, 0x0, 0x0, 0x1, 0xff, 0x20,
    0xef, 0x30, 0x0, 0x0, 0x0, 0x0, 0x7, 0xfa,
    0x0, 0xef, 0x30, 0x0, 0x0, 0x0, 0x0, 0xe,
    0xf2, 0x0, 0xef, 0x30, 0x0, 0x0, 0x0, 0x0,
    0x7f, 0xa0, 0x0, 0xef, 0xff, 0xff, 0xf7, 0x0,
    0x0, 0xef, 0x30, 0x0, 0xef, 0xdd, 0xdd, 0xd6,
    0x0, 0x6, 0xff, 0xff, 0xff, 0xff, 0x30, 0x0,
    0x0, 0x0, 0xd, 0xfe, 0xee, 0xee, 0xff, 0x30,
    0x0, 0x0, 0x0, 0x5f, 0xd0, 0x0, 0x0, 0xef,
    0x30, 0x0, 0x0, 0x0, 0xdf, 0x60, 0x0, 0x0,
    0xef, 0x30, 0x0, 0x0, 0x4, 0xfe, 0x0, 0x0,
    0x0, 0xef, 0xed, 0xdd, 0xdb, 0xc, 0xf7, 0x0,
    0x0, 0x0, 0xef, 0xff, 0xff, 0xfd,

    /* U+04D5 "ӕ" */
    0x0, 0x5a, 0xef, 0xea, 0x11, 0x9e, 0xfd, 0x60,
    0x0, 0xe, 0xfd, 0xbe, 0xfd, 0xdf, 0xdb, 0xff,
    0x80, 0x0, 0x31, 0x0, 0xc, 0xff, 0x70, 0x2,
    0xff, 0x20, 0x0, 0x0, 0x0, 0x7f, 0xe0, 0x0,
    0xa, 0xf7, 0x0, 0x3, 0x67, 0x8b, 0xfe, 0x88,
    0x88, 0xcf, 0x90, 0x3d, 0xff, 0xff, 0xff, 0xff,
    0xff, 0xff, 0xfa, 0xd, 0xfb, 0x20, 0x7, 0xfc,
    0x0, 0x0, 0x0, 0x1, 0xff, 0x20, 0x0, 0x9f,
    0xf0, 0x0, 0x0, 0x0, 0xf, 0xf4, 0x0, 0x3f,
    0xff, 0x90, 0x0, 0x3, 0x0, 0xaf, 0xfc, 0xdf,
    0xd2, 0xef, 0xec, 0xce, 0xf1, 0x0, 0x9e, 0xfd,
    0x80, 0x1, 0x9d, 0xff, 0xc7, 0x0,

    /* U+04D6 "Ӗ" */
    0x1, 0x85, 0x0, 0x48, 0x30, 0xf, 0xe3, 0x2d,
    0xf2, 0x0, 0x5e, 0xff, 0xf6, 0x0, 0x0, 0x3,
    0x31, 0x0, 0x0, 0x0, 0x0, 0x0, 0x1, 0xff,
    0xff, 0xff, 0xff, 0x1f, 0xfd, 0xdd, 0xdd, 0xc1,
    0xff, 0x10, 0x0, 0x0, 0x1f, 0xf1, 0x0, 0x0,
    0x1, 0xff, 0x10, 0x0, 0x0, 0x1f, 0xf1, 0x0,
    0x0, 0x1, 0xff, 0xff, 0xff, 0xf9, 0x1f, 0xfd,
    0xdd, 0xdd, 0x71, 0xff, 0x10, 0x0, 0x0, 0x1f,
    0xf1, 0x0, 0x0, 0x1, 0xff, 0x10, 0x0, 0x0,
    0x1f, 0xf1, 0x0, 0x0, 0x1, 0xff, 0xdd, 0xdd,
    0xdc, 0x1f, 0xff, 0xff, 0xff, 0xf0,

    /* U+04D7 "ӗ" */
    0x2, 0xfc, 0x22, 0xdf, 0x20, 0x0, 0x7f, 0xff,
    0xf7, 0x0, 0x0, 0x1, 0x33, 0x0, 0x0, 0x0,
    0x0, 0x0, 0x0, 0x0, 0x0, 0x5c, 0xff, 0xc4,
    0x0, 0x9, 0xff, 0xbb, 0xff, 0x60, 0x4f, 0xe2,
    0x0, 0x4f, 0xf1, 0xaf, 0x80, 0x0, 0xc, 0xf5,
    0xdf, 0xb9, 0x99, 0x9d, 0xf7, 0xef, 0xff, 0xff,
    0xff, 0xf7, 0xdf, 0x50, 0x0, 0x0, 0x0, 0xaf,
    0x90, 0x0, 0x0, 0x0, 0x4f, 0xf5, 0x0, 0x0,
    0x40, 0x8, 0xff, 0xdb, 0xdf, 0xf0, 0x0, 0x4b,
    0xef, 0xec, 0x60,

    /* U+04D8 "Ә" */
    0x2, 0x7b, 0xef, 0xfd, 0xa4, 0x0, 0x0, 0xd,
    0xff, 0xfe, 0xef, 0xff, 0xa0, 0x0, 0x8, 0x52,
    0x0, 0x0, 0x5e, 0xfa, 0x0, 0x0, 0x0, 0x0,
    0x0, 0x2, 0xff, 0x40, 0x0, 0x0, 0x0, 0x0,
    0x0, 0x9f, 0xa0, 0x0, 0x0, 0x0, 0x0, 0x0,
    0x4f, 0xd0, 0xbf, 0xff, 0xff, 0xff, 0xff, 0xff,
    0xf0, 0xaf, 0xfe, 0xee, 0xee, 0xee, 0xef, 0xf0,
    0x8f, 0xa0, 0x0, 0x0, 0x0, 0x6f, 0xe0, 0x5f,
    0xc0, 0x0, 0x0, 0x0, 0xaf, 0xa0, 0x1f, 0xf3,
    0x0, 0x0, 0x3, 0xff, 0x50, 0x8, 0xfd, 0x30,
    0x0, 0x5e, 0xfb, 0x0, 0x0, 0xbf, 0xff, 0xef,
    0xff, 0xc1, 0x0, 0x0, 0x5, 0xbe, 0xfe, 0xb5,
    0x0, 0x0,

    /* U+04D9 "ә" */
    0x2, 0x9d, 0xff, 0xd8, 0x0, 0x0, 0x7f, 0xec,
    0xdf, 0xfe, 0x10, 0x3, 0x20, 0x0, 0x1c, 0xfb,
    0x0, 0x0, 0x0, 0x0, 0x1f, 0xf2, 0x0, 0x0,
    0x0, 0x0, 0xdf, 0x50, 0xff, 0xff, 0xff, 0xff,
    0xf6, 0xf, 0xfa, 0x99, 0x99, 0xff, 0x50, 0xdf,
    0x40, 0x0, 0xf, 0xf2, 0x8, 0xfb, 0x0, 0x9,
    0xfb, 0x0, 0x1d, 0xfd, 0xad, 0xfe, 0x20, 0x0,
    0x19, 0xef, 0xe9, 0x10, 0x0,

    /* U+04DA "Ӛ" */
    0x0, 0x0, 0x20, 0x0, 0x10, 0x0, 0x0, 0x0,
    0x9, 0xf5, 0xa, 0xf4, 0x0, 0x0, 0x0, 0x7,
    0xf3, 0x8, 0xe2, 0x0, 0x0, 0x0, 0x0, 0x0,
    0x0, 0x0, 0x0, 0x0, 0x0, 0x0, 0x0, 0x0,
    0x0, 0x0, 0x0, 0x2, 0x7b, 0xef, 0xfd, 0xa4,
    0x0, 0x0, 0xd, 0xff, 0xfe, 0xef, 0xff, 0xa0,
    0x0, 0x8, 0x52, 0x0, 0x0, 0x5e, 0xfa, 0x0,
    0x0, 0x0, 0x0, 0x0, 0x2, 0xff, 0x40, 0x0,
    0x0, 0x0, 0x0, 0x0, 0x9f, 0xa0, 0x0, 0x0,
    0x0, 0x0, 0x0, 0x4f, 0xd0, 0xbf, 0xff, 0xff,
    0xff, 0xff, 0xff, 0xf0, 0xaf, 0xfe, 0xee, 0xee,
    0xee, 0xef, 0xf0, 0x8f, 0xa0, 0x0, 0x0, 0x0,
    0x6f, 0xe0, 0x5f, 0xc0, 0x0, 0x0, 0x0, 0xaf,
    0xa0, 0x1f, 0xf3, 0x0, 0x0, 0x3, 0xff, 0x50,
    0x8, 0xfd, 0x30, 0x0, 0x5e, 0xfb, 0x0, 0x0,
    0xbf, 0xff, 0xef, 0xff, 0xc1, 0x0, 0x0, 0x5,
    0xbe, 0xfe, 0xb5, 0x0, 0x0,

    /* U+04DB "ӛ" */
    0x0, 0x3f, 0x70, 0x4f, 0x60, 0x0, 0x5, 0xf9,
    0x6, 0xf7, 0x0, 0x0, 0x2, 0x0, 0x2, 0x0,
    0x0, 0x29, 0xdf, 0xfd, 0x80, 0x0, 0x7, 0xfe,
    0xcd, 0xff, 0xe1, 0x0, 0x32, 0x0, 0x1, 0xcf,
    0xb0, 0x0, 0x0, 0x0, 0x1, 0xff, 0x20, 0x0,
    0x0, 0x0, 0xd, 0xf5, 0xf, 0xff, 0xff, 0xff,
    0xff, 0x60, 0xff, 0xa9, 0x99, 0x9f, 0xf5, 0xd,
    0xf4, 0x0, 0x0, 0xff, 0x20, 0x8f, 0xb0, 0x0,
    0x9f, 0xb0, 0x1, 0xdf, 0xda, 0xdf, 0xe2, 0x0,
    0x1, 0x9e, 0xfe, 0x91, 0x0,

    /* U+04DC "Ӝ" */
    0x0, 0x0, 0x0, 0x2, 0x0, 0x1, 0x0, 0x0,
    0x0, 0x0, 0x0, 0x0, 0x9, 0xf4, 0xb, 0xf3,
    0x0, 0x0, 0x0, 0x0, 0x0, 0x0, 0x7f, 0x30,
    0x9e, 0x20, 0x0, 0x0, 0x0, 0x0, 0x0, 0x0,
    0x0, 0x0, 0x0, 0x0, 0x0, 0x0, 0x0, 0x0,
    0x0, 0x0, 0x0, 0x0, 0x0, 0x0, 0x0, 0x3,
    0xff, 0x10, 0x0, 0xc, 0xf5, 0x0, 0x0, 0x7f,
    0xc0, 0x8, 0xfb, 0x0, 0x0, 0xcf, 0x50, 0x0,
    0x2f, 0xf2, 0x0, 0xd, 0xf5, 0x0, 0xc, 0xf5,
    0x0, 0xb, 0xf8, 0x0, 0x0, 0x3f, 0xe1, 0x0,
    0xcf, 0x50, 0x6, 0xfd, 0x0, 0x0, 0x0, 0x9f,
    0xa0, 0xc, 0xf5, 0x1, 0xff, 0x30, 0x0, 0x0,
    0x0, 0xef, 0x50, 0xcf, 0x50, 0xbf, 0x80, 0x0,
    0x0, 0x0, 0x4, 0xff, 0xff, 0xff, 0xff, 0xe0,
    0x0, 0x0, 0x0, 0x0, 0x8f, 0xfd, 0xff, 0xed,
    0xff, 0x20, 0x0, 0x0, 0x0, 0x3f, 0xf3, 0xc,
    0xf5, 0xa, 0xfd, 0x0, 0x0, 0x0, 0xd, 0xf8,
    0x0, 0xcf, 0x50, 0x1e, 0xf8, 0x0, 0x0, 0x9,
    0xfd, 0x0, 0xc, 0xf5, 0x0, 0x4f, 0xf3, 0x0,
    0x3, 0xff, 0x30, 0x0, 0xcf, 0x50, 0x0, 0x9f,
    0xd0, 0x0, 0xdf, 0x80, 0x0, 0xc, 0xf5, 0x0,
    0x0, 0xef, 0x80, 0x9f, 0xd0, 0x0, 0x0, 0xcf,
    0x50, 0x0, 0x4, 0xff, 0x30,

    /* U+04DD "ӝ" */
    0x0, 0x0, 0xd, 0xc0, 0x1e, 0xb0, 0x0, 0x0,
    0x0, 0x0, 0xf, 0xe0, 0x1f, 0xd0, 0x0, 0x0,
    0x0, 0x0, 0x1, 0x10, 0x1, 0x0, 0x0, 0x0,
    0x3f, 0xe1, 0x0, 0x2f, 0xe0, 0x0, 0x2f, 0xe1,
    0x8, 0xfa, 0x0, 0x2f, 0xe0, 0x0, 0xdf, 0x50,
    0x0, 0xcf, 0x50, 0x2f, 0xe0, 0x8, 0xf9, 0x0,
    0x0, 0x2f, 0xe1, 0x2f, 0xe0, 0x3f, 0xd0, 0x0,
    0x0, 0x7, 0xfd, 0xbf, 0xfb, 0xef, 0x30, 0x0,
    0x0, 0x6, 0xff, 0xff, 0xff, 0xff, 0x30, 0x0,
    0x0, 0x1e, 0xf4, 0x2f, 0xe0, 0x7f, 0xc0, 0x0,
    0x0, 0xaf, 0xa0, 0x2f, 0xe0, 0xd, 0xf7, 0x0,
    0x4, 0xff, 0x10, 0x2f, 0xe0, 0x4, 0xff, 0x10,
    0xd, 0xf7, 0x0, 0x2f, 0xe0, 0x0, 0xaf, 0xb0,
    0x8f, 0xd0, 0x0, 0x2f, 0xe0, 0x0, 0x1f, 0xf5,

    /* U+04DE "Ӟ" */
    0x0, 0x2, 0x0, 0x1, 0x0, 0x0, 0x9, 0xf4,
    0xb, 0xf3, 0x0, 0x0, 0x7f, 0x30, 0x9e, 0x20,
    0x0, 0x0, 0x0, 0x0, 0x0, 0x0, 0x0, 0x0,
    0x0, 0x0, 0x0, 0x0, 0x5a, 0xde, 0xfe, 0xb4,
    0x0, 0xd, 0xff, 0xee, 0xff, 0xf8, 0x0, 0x33,
    0x0, 0x1, 0x9f, 0xf0, 0x0, 0x0, 0x0, 0x3,
    0xff, 0x0, 0x0, 0x0, 0x1, 0xaf, 0x90, 0x0,
    0x4c, 0xcd, 0xfd, 0x70, 0x0, 0x6, 0xff, 0xff,
    0xd8, 0x0, 0x0, 0x0, 0x1, 0x4c, 0xfc, 0x0,
    0x0, 0x0, 0x0, 0x1f, 0xf4, 0x0, 0x0, 0x0,
    0x0, 0xcf, 0x70, 0x0, 0x0, 0x0, 0xe, 0xf6,
    0x16, 0x10, 0x0, 0x2a, 0xff, 0x13, 0xff, 0xfd,
    0xef, 0xff, 0x60, 0x18, 0xce, 0xff, 0xd9, 0x20,
    0x0,

    /* U+04DF "ӟ" */
    0x1, 0xea, 0x2, 0xe8, 0x0, 0x2, 0xfc, 0x3,
    0xfa, 0x0, 0x0, 0x10, 0x0, 0x10, 0x0, 0x7,
    0xce, 0xfe, 0xb4, 0x0, 0xe, 0xfc, 0xbd, 0xff,
    0x50, 0x2, 0x0, 0x0, 0x9f, 0xa0, 0x0, 0x0,
    0x0, 0x9f, 0x80, 0x0, 0x69, 0xac, 0xfb, 0x0,
    0x0, 0xbf, 0xff, 0xe7, 0x0, 0x0, 0x0, 0x2,
    0xbf, 0xa0, 0x0, 0x0, 0x0, 0x3f, 0xf0, 0x12,
    0x0, 0x0, 0x7f, 0xe0, 0x4f, 0xec, 0xbd, 0xff,
    0x60, 0x29, 0xde, 0xfe, 0xb5, 0x0,

    /* U+04E0 "Ӡ" */
    0xe, 0xff, 0xff, 0xff, 0xff, 0x10, 0xcd, 0xdd,
    0xdd, 0xff, 0xe0, 0x0, 0x0, 0x0, 0x8f, 0xd2,
    0x0, 0x0, 0x1, 0xbf, 0xb0, 0x0, 0x0, 0x2,
    0xdf, 0x80, 0x0, 0x0, 0x0, 0xff, 0xd8, 0x50,
    0x0, 0x0, 0x1f, 0xff, 0xff, 0xe5, 0x0, 0x0,
    0x0, 0x14, 0xbf, 0xf3, 0x0, 0x0, 0x0, 0x0,
    0xcf, 0x90, 0x0, 0x0, 0x0, 0x8, 0xfb, 0x0,
    0x0, 0x0, 0x0, 0xbf, 0x93, 0x71, 0x0, 0x0,
    0x7f, 0xf3, 0x5f, 0xfe, 0xcc, 0xff, 0xf7, 0x1,
    0x7c, 0xef, 0xfd, 0x93, 0x0,

    /* U+04E1 "ӡ" */
    0x5f, 0xff, 0xff, 0xff, 0xf3, 0x3b, 0xbb, 0xbb,
    0xdf, 0xf2, 0x0, 0x0, 0x1, 0xef, 0x40, 0x0,
    0x0, 0x1d, 0xf6, 0x0, 0x0, 0x0, 0xcf, 0x70,
    0x0, 0x0, 0xb, 0xf8, 0x0, 0x0, 0x0, 0x7f,
    0xfa, 0x60, 0x0, 0x0, 0x8f, 0xff, 0xfe, 0x30,
    0x0, 0x0, 0x3, 0xbf, 0xf1, 0x0, 0x0, 0x0,
    0xc, 0xf8, 0x0, 0x0, 0x0, 0x7, 0xfa, 0x0,
    0x0, 0x0, 0x7, 0xfa, 0x0, 0x0, 0x0, 0xc,
    0xf8, 0x53, 0x0, 0x0, 0x8f, 0xf1, 0xaf, 0xfd,
    0xcf, 0xff, 0x50, 0x3a, 0xdf, 0xfd, 0x92, 0x0,

    /* U+04E2 "Ӣ" */
    0x0, 0x6, 0xff, 0xff, 0xfb, 0x0, 0x0, 0x0,
    0x39, 0x99, 0x99, 0x60, 0x0, 0x0, 0x0, 0x0,
    0x0, 0x0, 0x0, 0x1, 0xff, 0x10, 0x0, 0x0,
    0x6f, 0xf6, 0x1f, 0xf1, 0x0, 0x0, 0x1e, 0xff,
    0x61, 0xff, 0x10, 0x0, 0x9, 0xfe, 0xf6, 0x1f,
    0xf1, 0x0, 0x3, 0xfb, 0xaf, 0x61, 0xff, 0x10,
    0x0, 0xcf, 0x2b, 0xf6, 0x1f, 0xf1, 0x0, 0x6f,
    0x70, 0xbf, 0x61, 0xff, 0x10, 0x1e, 0xd0, 0xc,
    0xf6, 0x1f, 0xf0, 0x9, 0xf4, 0x0, 0xcf, 0x61,
    0xff, 0x3, 0xfa, 0x0, 0xc, 0xf6, 0x1f, 0xf0,
    0xcf, 0x10, 0x0, 0xcf, 0x61, 0xff, 0x6f, 0x70,
    0x0, 0xc, 0xf6, 0x1f, 0xfe, 0xd0, 0x0, 0x0,
    0xcf, 0x61, 0xff, 0xf4, 0x0, 0x0, 0xc, 0xf6,
    0x1f, 0xfa, 0x0, 0x0, 0x0, 0xcf, 0x60,

    /* U+04E3 "ӣ" */
    0x0, 0x69, 0x99, 0x99, 0x40, 0x0, 0xb, 0xff,
    0xff, 0xf7, 0x0, 0x0, 0x0, 0x0, 0x0, 0x0,
    0x5, 0xfc, 0x0, 0x0, 0xcf, 0xf1, 0x5f, 0xc0,
    0x0, 0x5f, 0xff, 0x15, 0xfc, 0x0, 0xd, 0xff,
    0xf1, 0x5f, 0xc0, 0x7, 0xf8, 0xff, 0x15, 0xfc,
    0x1, 0xee, 0xf, 0xf1, 0x5f, 0xc0, 0x9f, 0x50,
    0xff, 0x15, 0xfb, 0x2f, 0xc0, 0xf, 0xf1, 0x5f,
    0xbb, 0xf3, 0x0, 0xff, 0x15, 0xfd, 0xfa, 0x0,
    0xf, 0xf1, 0x5f, 0xff, 0x10, 0x0, 0xff, 0x15,
    0xff, 0x80, 0x0, 0xf, 0xf1,

    /* U+04E4 "Ӥ" */
    0x0, 0x0, 0x20, 0x0, 0x20, 0x0, 0x0, 0x0,
    0x4f, 0xa0, 0x5f, 0x90, 0x0, 0x0, 0x3, 0xf8,
    0x4, 0xf7, 0x0, 0x0, 0x0, 0x0, 0x0, 0x0,
    0x0, 0x0, 0x0, 0x0, 0x0, 0x0, 0x0, 0x0,
    0x1, 0xff, 0x10, 0x0, 0x0, 0x6f, 0xf6, 0x1f,
    0xf1, 0x0, 0x0, 0x1e, 0xff, 0x61, 0xff, 0x10,
    0x0, 0x9, 0xfe, 0xf6, 0x1f, 0xf1, 0x0, 0x3,
    0xfb, 0xaf, 0x61, 0xff, 0x10, 0x0, 0xcf, 0x2b,
    0xf6, 0x1f, 0xf1, 0x0, 0x6f, 0x70, 0xbf, 0x61,
    0xff, 0x10, 0x1e, 0xd0, 0xc, 0xf6, 0x1f, 0xf0,
    0x9, 0xf4, 0x0, 0xcf, 0x61, 0xff, 0x3, 0xfa,
    0x0, 0xc, 0xf6, 0x1f, 0xf0, 0xcf, 0x10, 0x0,
    0xcf, 0x61, 0xff, 0x6f, 0x70, 0x0, 0xc, 0xf6,
    0x1f, 0xfe, 0xd0, 0x0, 0x0, 0xcf, 0x61, 0xff,
    0xf4, 0x0, 0x0, 0xc, 0xf6, 0x1f, 0xfa, 0x0,
    0x0, 0x0, 0xcf, 0x60,

    /* U+04E5 "ӥ" */
    0x0, 0x7f, 0x40, 0x8e, 0x30, 0x0, 0x8, 0xf5,
    0x9, 0xf4, 0x0, 0x0, 0x2, 0x0, 0x1, 0x0,
    0x5, 0xfc, 0x0, 0x0, 0xcf, 0xf1, 0x5f, 0xc0,
    0x0, 0x5f, 0xff, 0x15, 0xfc, 0x0, 0xd, 0xff,
    0xf1, 0x5f, 0xc0, 0x7, 0xf8, 0xff, 0x15, 0xfc,
    0x1, 0xee, 0xf, 0xf1, 0x5f, 0xc0, 0x9f, 0x50,
    0xff, 0x15, 0xfb, 0x2f, 0xc0, 0xf, 0xf1, 0x5f,
    0xbb, 0xf3, 0x0, 0xff, 0x15, 0xfd, 0xfa, 0x0,
    0xf, 0xf1, 0x5f, 0xff, 0x10, 0x0, 0xff, 0x15,
    0xff, 0x80, 0x0, 0xf, 0xf1,

    /* U+04E6 "Ӧ" */
    0x0, 0x0, 0x10, 0x0, 0x10, 0x0, 0x0, 0x0,
    0x1, 0xfd, 0x2, 0xfc, 0x0, 0x0, 0x0, 0x1,
    0xeb, 0x1, 0xea, 0x0, 0x0, 0x0, 0x0, 0x0,
    0x0, 0x0, 0x0, 0x0, 0x0, 0x0, 0x0, 0x0,
    0x0, 0x0, 0x0, 0x0, 0x4, 0xad, 0xfe, 0xd8,
    0x20, 0x0, 0x0, 0xaf, 0xff, 0xee, 0xff, 0xf5,
    0x0, 0x8, 0xff, 0x60, 0x0, 0x1a, 0xff, 0x30,
    0x2f, 0xf6, 0x0, 0x0, 0x0, 0xbf, 0xc0, 0x7f,
    0xd0, 0x0, 0x0, 0x0, 0x3f, 0xf2, 0xaf, 0x90,
    0x0, 0x0, 0x0, 0xe, 0xf5, 0xcf, 0x80, 0x0,
    0x0, 0x0, 0xd, 0xf7, 0xcf, 0x80, 0x0, 0x0,
    0x0, 0xd, 0xf7, 0xaf, 0x90, 0x0, 0x0, 0x0,
    0xe, 0xf5, 0x7f, 0xe0, 0x0, 0x0, 0x0, 0x3f,
    0xf2, 0x2f, 0xf6, 0x0, 0x0, 0x0, 0xbf, 0xc0,
    0x8, 0xff, 0x60, 0x0, 0x1a, 0xff, 0x30, 0x0,
    0xaf, 0xff, 0xee, 0xff, 0xf5, 0x0, 0x0, 0x4,
    0xad, 0xfe, 0xd8, 0x20, 0x0,

    /* U+04E7 "ӧ" */
    0x0, 0xae, 0x10, 0xcd, 0x0, 0x0, 0xc, 0xf1,
    0xe, 0xf1, 0x0, 0x0, 0x1, 0x0, 0x11, 0x0,
    0x0, 0x5, 0xcf, 0xfc, 0x70, 0x0, 0x9, 0xff,
    0xdd, 0xff, 0xb0, 0x4, 0xff, 0x40, 0x2, 0xef,
    0x70, 0xaf, 0x90, 0x0, 0x6, 0xfe, 0xd, 0xf5,
    0x0, 0x0, 0x2f, 0xf1, 0xef, 0x40, 0x0, 0x0,
    0xff, 0x2d, 0xf5, 0x0, 0x0, 0x2f, 0xf1, 0xaf,
    0x90, 0x0, 0x6, 0xfe, 0x3, 0xff, 0x30, 0x1,
    0xdf, 0x80, 0x8, 0xff, 0xcb, 0xff, 0xc0, 0x0,
    0x5, 0xbe, 0xfd, 0x70, 0x0,

    /* U+04E8 "Ө" */
    0x0, 0x4, 0xad, 0xfe, 0xd8, 0x20, 0x0, 0x0,
    0xaf, 0xff, 0xdd, 0xff, 0xf5, 0x0, 0x8, 0xfe,
    0x50, 0x0, 0x18, 0xff, 0x30, 0x2f, 0xf5, 0x0,
    0x0, 0x0, 0xaf, 0xc0, 0x7f, 0xc0, 0x0, 0x0,
    0x0, 0x2f, 0xf2, 0xaf, 0x80, 0x0, 0x0, 0x0,
    0xe, 0xf5, 0xcf, 0xff, 0xff, 0xff, 0xff, 0xff,
    0xf7, 0xcf, 0xec, 0xcc, 0xcc, 0xcc, 0xcf, 0xf7,
    0xaf, 0x90, 0x0, 0x0, 0x0, 0xe, 0xf5, 0x7f,
    0xc0, 0x0, 0x0, 0x0, 0x1f, 0xf2, 0x2f, 0xf5,
    0x0, 0x0, 0x0, 0xaf, 0xc0, 0x8, 0xfe, 0x50,
    0x0, 0x18, 0xff, 0x30, 0x0, 0xaf, 0xff, 0xdd,
    0xff, 0xf5, 0x0, 0x0, 0x4, 0xad, 0xfe, 0xd8,
    0x20, 0x0,

    /* U+04E9 "ө" */
    0x0, 0x5c, 0xff, 0xc6, 0x0, 0x0, 0x9f, 0xfd,
    0xdf, 0xfb, 0x0, 0x4f, 0xe2, 0x0, 0x1d, 0xf7,
    0xb, 0xf7, 0x0, 0x0, 0x4f, 0xd0, 0xef, 0xba,
    0xaa, 0xaa, 0xff, 0xe, 0xff, 0xff, 0xff, 0xff,
    0xf2, 0xdf, 0x50, 0x0, 0x2, 0xff, 0x1a, 0xf9,
    0x0, 0x0, 0x6f, 0xe0, 0x4f, 0xf4, 0x0, 0x2e,
    0xf7, 0x0, 0x8f, 0xfd, 0xdf, 0xfc, 0x0, 0x0,
    0x5c, 0xff, 0xd7, 0x0, 0x0,

    /* U+04EA "Ӫ" */
    0x0, 0x0, 0x10, 0x0, 0x10, 0x0, 0x0, 0x0,
    0x1, 0xfd, 0x2, 0xfc, 0x0, 0x0, 0x0, 0x1,
    0xeb, 0x1, 0xea, 0x0, 0x0, 0x0, 0x0, 0x0,
    0x0, 0x0, 0x0, 0x0, 0x0, 0x0, 0x0, 0x0,
    0x0, 0x0, 0x0, 0x0, 0x4, 0xad, 0xfe, 0xd8,
    0x20, 0x0, 0x0, 0xaf, 0xff, 0xdd, 0xff, 0xf5,
    0x0, 0x8, 0xfe, 0x50, 0x0, 0x18, 0xff, 0x30,
    0x2f, 0xf5, 0x0, 0x0, 0x0, 0xaf, 0xc0, 0x7f,
    0xc0, 0x0, 0x0, 0x0, 0x2f, 0xf2, 0xaf, 0x80,
    0x0, 0x0, 0x0, 0xe, 0xf5, 0xcf, 0xff, 0xff,
    0xff, 0xff, 0xff, 0xf7, 0xcf, 0xec, 0xcc, 0xcc,
    0xcc, 0xcf, 0xf7, 0xaf, 0x90, 0x0, 0x0, 0x0,
    0xe, 0xf5, 0x7f, 0xc0, 0x0, 0x0, 0x0, 0x1f,
    0xf2, 0x2f, 0xf5, 0x0, 0x0, 0x0, 0xaf, 0xc0,
    0x8, 0xfe, 0x50, 0x0, 0x18, 0xff, 0x30, 0x0,
    0xaf, 0xff, 0xdd, 0xff, 0xf5, 0x0, 0x0, 0x4,
    0xad, 0xfe, 0xd8, 0x20, 0x0,

    /* U+04EB "ӫ" */
    0x0, 0xbe, 0x10, 0xcd, 0x0, 0x0, 0xd, 0xf1,
    0xe, 0xf0, 0x0, 0x0, 0x1, 0x0, 0x11, 0x0,
    0x0, 0x5, 0xcf, 0xfc, 0x60, 0x0, 0x9, 0xff,
    0xdd, 0xff, 0xb0, 0x4, 0xfe, 0x20, 0x1, 0xdf,
    0x70, 0xbf, 0x70, 0x0, 0x4, 0xfd, 0xe, 0xfb,
    0xaa, 0xaa, 0xaf, 0xf0, 0xef, 0xff, 0xff, 0xff,
    0xff, 0x2d, 0xf5, 0x0, 0x0, 0x2f, 0xf1, 0xaf,
    0x90, 0x0, 0x6, 0xfe, 0x4, 0xff, 0x40, 0x2,
    0xef, 0x70, 0x8, 0xff, 0xdd, 0xff, 0xc0, 0x0,
    0x5, 0xcf, 0xfd, 0x70, 0x0,

    /* U+04EC "Ӭ" */
    0x0, 0x1, 0x0, 0x1, 0x0, 0x0, 0x0, 0xbf,
    0x30, 0xcf, 0x20, 0x0, 0x0, 0x9e, 0x20, 0xae,
    0x10, 0x0, 0x0, 0x0, 0x0, 0x0, 0x0, 0x0,
    0x0, 0x0, 0x0, 0x0, 0x0, 0x0, 0x5, 0xad,
    0xff, 0xda, 0x30, 0x0, 0xd, 0xff, 0xee, 0xff,
    0xf9, 0x0, 0x3, 0x30, 0x0, 0x6, 0xef, 0x80,
    0x0, 0x0, 0x0, 0x0, 0x3f, 0xf2, 0x0, 0x0,
    0x0, 0x0, 0xa, 0xf7, 0x0, 0x2d, 0xdd, 0xdd,
    0xde, 0xfa, 0x0, 0x3f, 0xff, 0xff, 0xff, 0xfc,
    0x0, 0x0, 0x0, 0x0, 0x8, 0xfc, 0x0, 0x0,
    0x0, 0x0, 0xa, 0xfa, 0x0, 0x0, 0x0, 0x0,
    0xf, 0xf6, 0x0, 0x0, 0x0, 0x0, 0x8f, 0xf1,
    0x7, 0x20, 0x0, 0x29, 0xff, 0x70, 0xf, 0xff,
    0xee, 0xff, 0xf8, 0x0, 0x6, 0xbe, 0xff, 0xd9,
    0x30, 0x0,

    /* U+04ED "ӭ" */
    0x6, 0xf4, 0x7, 0xf3, 0x0, 0x8, 0xf6, 0x9,
    0xf5, 0x0, 0x0, 0x20, 0x0, 0x20, 0x0, 0x9,
    0xdf, 0xfc, 0x70, 0x0, 0xd, 0xec, 0xdf, 0xfb,
    0x0, 0x1, 0x0, 0x2, 0xef, 0x70, 0x0, 0x0,
    0x0, 0x5f, 0xd0, 0x0, 0x99, 0x99, 0xaf, 0xf1,
    0x0, 0xff, 0xff, 0xff, 0xf1, 0x0, 0x0, 0x0,
    0x2f, 0xf0, 0x0, 0x0, 0x0, 0x6f, 0xd0, 0x2,
    0x0, 0x3, 0xef, 0x70, 0x3f, 0xec, 0xdf, 0xfb,
    0x0, 0x1a, 0xdf, 0xfc, 0x60, 0x0,

    /* U+04EE "Ӯ" */
    0x0, 0x7, 0x99, 0x99, 0x93, 0x0, 0x0, 0x0,
    0xcf, 0xff, 0xff, 0x60, 0x0, 0x0, 0x0, 0x0,
    0x0, 0x0, 0x0, 0x0, 0x0, 0x0, 0x0, 0x0,
    0x0, 0x0, 0x9f, 0xb0, 0x0, 0x0, 0x0, 0xff,
    0x41, 0xff, 0x30, 0x0, 0x0, 0x6f, 0xd0, 0x9,
    0xfb, 0x0, 0x0, 0xd, 0xf5, 0x0, 0x1f, 0xf3,
    0x0, 0x4, 0xfe, 0x0, 0x0, 0x8f, 0xb0, 0x0,
    0xbf, 0x70, 0x0, 0x1, 0xff, 0x30, 0x2f, 0xf0,
    0x0, 0x0, 0x8, 0xfb, 0x9, 0xf8, 0x0, 0x0,
    0x0, 0x1e, 0xf4, 0xff, 0x10, 0x0, 0x0, 0x0,
    0x7f, 0xef, 0xa0, 0x0, 0x0, 0x0, 0x0, 0xef,
    0xf2, 0x0, 0x0, 0x0, 0x0, 0xc, 0xfa, 0x0,
    0x0, 0x0, 0x0, 0x19, 0xff, 0x20, 0x0, 0x0,
    0x7, 0xff, 0xff, 0x60, 0x0, 0x0, 0x0, 0x6e,
    0xfc, 0x40, 0x0, 0x0, 0x0,

    /* U+04EF "ӯ" */
    0x0, 0x79, 0x99, 0x99, 0x30, 0x0, 0xc, 0xff,
    0xff, 0xf5, 0x0, 0x0, 0x0, 0x0, 0x0, 0x0,
    0xc, 0xf7, 0x0, 0x0, 0xe, 0xf5, 0x6f, 0xc0,
    0x0, 0x3, 0xff, 0x1, 0xff, 0x20, 0x0, 0x9f,
    0x90, 0xa, 0xf8, 0x0, 0xe, 0xf4, 0x0, 0x3f,
    0xd0, 0x3, 0xfe, 0x0, 0x0, 0xdf, 0x30, 0x9f,
    0x80, 0x0, 0x7, 0xf9, 0xe, 0xf2, 0x0, 0x0,
    0x1f, 0xe3, 0xfc, 0x0, 0x0, 0x0, 0xbf, 0xaf,
    0x60, 0x0, 0x0, 0x4, 0xff, 0xf1, 0x0, 0x0,
    0x0, 0xe, 0xfa, 0x0, 0x0, 0x0, 0x0, 0xcf,
    0x40, 0x0, 0x0, 0x0, 0x3f, 0xe0, 0x0, 0x0,
    0x0, 0x1d, 0xf7, 0x0, 0x0, 0x9, 0xef, 0xfc,
    0x0, 0x0, 0x0, 0x8f, 0xe9, 0x10, 0x0, 0x0,
    0x0,

    /* U+04F0 "Ӱ" */
    0x0, 0x0, 0x20, 0x0, 0x10, 0x0, 0x0, 0x0,
    0x9f, 0x40, 0xbf, 0x30, 0x0, 0x0, 0x7, 0xf3,
    0x9, 0xe2, 0x0, 0x0, 0x0, 0x0, 0x0, 0x0,
    0x0, 0x0, 0x0, 0x0, 0x0, 0x0, 0x0, 0x0,
    0x9, 0xfb, 0x0, 0x0, 0x0, 0xf, 0xf4, 0x1f,
    0xf3, 0x0, 0x0, 0x6, 0xfd, 0x0, 0x9f, 0xb0,
    0x0, 0x0, 0xdf, 0x50, 0x1, 0xff, 0x30, 0x0,
    0x4f, 0xe0, 0x0, 0x8, 0xfb, 0x0, 0xb, 0xf7,
    0x0, 0x0, 0x1f, 0xf3, 0x2, 0xff, 0x0, 0x0,
    0x0, 0x8f, 0xb0, 0x9f, 0x80, 0x0, 0x0, 0x1,
    0xef, 0x4f, 0xf1, 0x0, 0x0, 0x0, 0x7, 0xfe,
    0xfa, 0x0, 0x0, 0x0, 0x0, 0xe, 0xff, 0x20,
    0x0, 0x0, 0x0, 0x0, 0xcf, 0xa0, 0x0, 0x0,
    0x0, 0x1, 0x9f, 0xf2, 0x0, 0x0, 0x0, 0x7f,
    0xff, 0xf6, 0x0, 0x0, 0x0, 0x6, 0xef, 0xc4,
    0x0, 0x0, 0x0, 0x0,

    /* U+04F1 "ӱ" */
    0x0, 0x8e, 0x20, 0x9e, 0x20, 0x0, 0xa, 0xf4,
    0xb, 0xf2, 0x0, 0x0, 0x1, 0x0, 0x1, 0x0,
    0xc, 0xf7, 0x0, 0x0, 0xe, 0xf5, 0x6f, 0xc0,
    0x0, 0x3, 0xff, 0x1, 0xff, 0x20, 0x0, 0x9f,
    0x90, 0xa, 0xf8, 0x0, 0xe, 0xf4, 0x0, 0x3f,
    0xd0, 0x3, 0xfe, 0x0, 0x0, 0xdf, 0x30, 0x9f,
    0x80, 0x0, 0x7, 0xf9, 0xe, 0xf2, 0x0, 0x0,
    0x1f, 0xe3, 0xfc, 0x0, 0x0, 0x0, 0xbf, 0xaf,
    0x60, 0x0, 0x0, 0x4, 0xff, 0xf1, 0x0, 0x0,
    0x0, 0xe, 0xfa, 0x0, 0x0, 0x0, 0x0, 0xcf,
    0x40, 0x0, 0x0, 0x0, 0x3f, 0xe0, 0x0, 0x0,
    0x0, 0x1d, 0xf7, 0x0, 0x0, 0x9, 0xef, 0xfc,
    0x0, 0x0, 0x0, 0x8f, 0xe9, 0x10, 0x0, 0x0,
    0x0,

    /* U+04F2 "Ӳ" */
    0x0, 0x0, 0x8, 0xfc, 0xd, 0xf6, 0x0, 0x0,
    0x1, 0xfd, 0x16, 0xf9, 0x0, 0x0, 0x0, 0xbd,
    0x11, 0xf9, 0x0, 0x0, 0x0, 0x3, 0x0, 0x12,
    0x0, 0x0, 0x0, 0x0, 0x0, 0x0, 0x0, 0x0,
    0x9, 0xfb, 0x0, 0x0, 0x0, 0xf, 0xf4, 0x1f,
    0xf3, 0x0, 0x0, 0x6, 0xfd, 0x0, 0x9f, 0xb0,
    0x0, 0x0, 0xdf, 0x50, 0x1, 0xff, 0x30, 0x0,
    0x4f, 0xe0, 0x0, 0x8, 0xfb, 0x0, 0xb, 0xf7,
    0x0, 0x0, 0x1f, 0xf3, 0x2, 0xff, 0x0, 0x0,
    0x0, 0x8f, 0xb0, 0x9f, 0x80, 0x0, 0x0, 0x1,
    0xef, 0x4f, 0xf1, 0x0, 0x0, 0x0, 0x7, 0xfe,
    0xfa, 0x0, 0x0, 0x0, 0x0, 0xe, 0xff, 0x20,
    0x0, 0x0, 0x0, 0x0, 0xcf, 0xa0, 0x0, 0x0,
    0x0, 0x1, 0x9f, 0xf2, 0x0, 0x0, 0x0, 0x7f,
    0xff, 0xf6, 0x0, 0x0, 0x0, 0x6, 0xef, 0xc4,
    0x0, 0x0, 0x0, 0x0,

    /* U+04F3 "ӳ" */
    0x0, 0x0, 0x23, 0x10, 0x33, 0x0, 0x0, 0x1f,
    0xf3, 0x6f, 0xc0, 0x0, 0xa, 0xf5, 0x1e, 0xd1,
    0x0, 0x4, 0xf5, 0xa, 0xc1, 0x0, 0x0, 0x0,
    0x0, 0x0, 0x0, 0xc, 0xf7, 0x0, 0x0, 0xd,
    0xf6, 0x6f, 0xc0, 0x0, 0x3, 0xff, 0x0, 0xff,
    0x20, 0x0, 0x8f, 0xa0, 0x9, 0xf8, 0x0, 0xe,
    0xf4, 0x0, 0x3f, 0xd0, 0x3, 0xfe, 0x0, 0x0,
    0xdf, 0x30, 0x9f, 0x80, 0x0, 0x7, 0xf9, 0xe,
    0xf2, 0x0, 0x0, 0x1f, 0xe3, 0xfc, 0x0, 0x0,
    0x0, 0xaf, 0xaf, 0x60, 0x0, 0x0, 0x4, 0xff,
    0xf1, 0x0, 0x0, 0x0, 0xe, 0xfb, 0x0, 0x0,
    0x0, 0x0, 0xdf, 0x50, 0x0, 0x0, 0x0, 0x3f,
    0xe0, 0x0, 0x0, 0x0, 0xc, 0xf7, 0x0, 0x0,
    0x8, 0xce, 0xfd, 0x0, 0x0, 0x0, 0x9f, 0xe9,
    0x10, 0x0, 0x0, 0x0,

    /* U+04F4 "Ӵ" */
    0x0, 0x1, 0x0, 0x2, 0x0, 0x0, 0x3, 0xfa,
    0x5, 0xf9, 0x0, 0x0, 0x2e, 0x80, 0x3f, 0x70,
    0x0, 0x0, 0x0, 0x0, 0x0, 0x0, 0x0, 0x0,
    0x0, 0x0, 0x0, 0x8, 0xfa, 0x0, 0x0, 0x5,
    0xfd, 0x8f, 0xa0, 0x0, 0x0, 0x5f, 0xd8, 0xfa,
    0x0, 0x0, 0x5, 0xfd, 0x8f, 0xa0, 0x0, 0x0,
    0x5f, 0xd8, 0xfa, 0x0, 0x0, 0x5, 0xfd, 0x7f,
    0xd0, 0x0, 0x0, 0x5f, 0xd3, 0xff, 0x81, 0x1,
    0x4a, 0xfd, 0x9, 0xff, 0xff, 0xff, 0xff, 0xd0,
    0x5, 0xac, 0xcb, 0x88, 0xfd, 0x0, 0x0, 0x0,
    0x0, 0x5f, 0xd0, 0x0, 0x0, 0x0, 0x5, 0xfd,
    0x0, 0x0, 0x0, 0x0, 0x5f, 0xd0, 0x0, 0x0,
    0x0, 0x5, 0xfd, 0x0, 0x0, 0x0, 0x0, 0x5f,
    0xd0,

    /* U+04F5 "ӵ" */
    0x1, 0xea, 0x2, 0xe9, 0x0, 0x1, 0xfc, 0x3,
    0xfb, 0x0, 0x0, 0x10, 0x0, 0x10, 0x0, 0xcf,
    0x50, 0x0, 0xb, 0xf6, 0xcf, 0x50, 0x0, 0xb,
    0xf6, 0xcf, 0x50, 0x0, 0xb, 0xf6, 0xcf, 0x50,
    0x0, 0xb, 0xf6, 0xbf, 0x70, 0x0, 0xb, 0xf6,
    0x8f, 0xe3, 0x1, 0x4d, 0xf6, 0x1d, 0xff, 0xff,
    0xff, 0xf6, 0x0, 0x7a, 0xb9, 0x5c, 0xf6, 0x0,
    0x0, 0x0, 0xb, 0xf6, 0x0, 0x0, 0x0, 0xb,
    0xf6, 0x0, 0x0, 0x0, 0xb, 0xf6,

    /* U+04F6 "Ӷ" */
    0x1f, 0xff, 0xff, 0xff, 0xf5, 0x1f, 0xfd, 0xdd,
    0xdd, 0xd4, 0x1f, 0xf1, 0x0, 0x0, 0x0, 0x1f,
    0xf1, 0x0, 0x0, 0x0, 0x1f, 0xf1, 0x0, 0x0,
    0x0, 0x1f, 0xf1, 0x0, 0x0, 0x0, 0x1f, 0xf1,
    0x0, 0x0, 0x0, 0x1f, 0xf1, 0x0, 0x0, 0x0,
    0x1f, 0xf1, 0x0, 0x0, 0x0, 0x1f, 0xf1, 0x0,
    0x0, 0x0, 0x1f, 0xf1, 0x0, 0x0, 0x0, 0x1f,
    0xf1, 0x0, 0x0, 0x0, 0x1f, 0xff, 0xf2, 0x0,
    0x0, 0x1f, 0xff, 0xf2, 0x0, 0x0, 0x0, 0xf,
    0xf2, 0x0, 0x0, 0x0, 0xf, 0xf2, 0x0, 0x0,
    0x0, 0xf, 0xf2, 0x0, 0x0, 0x0, 0xb, 0xc1,
    0x0, 0x0,

    /* U+04F7 "ӷ" */
    0x5f, 0xff, 0xff, 0xf7, 0x5f, 0xeb, 0xbb, 0xb5,
    0x5f, 0xc0, 0x0, 0x0, 0x5f, 0xc0, 0x0, 0x0,
    0x5f, 0xc0, 0x0, 0x0, 0x5f, 0xc0, 0x0, 0x0,
    0x5f, 0xc0, 0x0, 0x0, 0x5f, 0xc0, 0x0, 0x0,
    0x5f, 0xc0, 0x0, 0x0, 0x5f, 0xe7, 0x40, 0x0,
    0x5f, 0xff, 0xb0, 0x0, 0x0, 0x5f, 0xb0, 0x0,
    0x0, 0x5f, 0xb0, 0x0, 0x0, 0x5f, 0xb0, 0x0,
    0x0, 0x5f, 0xb0, 0x0,

    /* U+04F8 "Ӹ" */
    0x0, 0x0, 0x1, 0x0, 0x2, 0x0, 0x0, 0x0,
    0x0, 0x3, 0xfa, 0x4, 0xf9, 0x0, 0x0, 0x0,
    0x0, 0x2e, 0x80, 0x3f, 0x70, 0x0, 0x0, 0x0,
    0x0, 0x0, 0x0, 0x0, 0x0, 0x0, 0x0, 0x0,
    0x0, 0x0, 0x0, 0x0, 0x0, 0x1, 0xff, 0x0,
    0x0, 0x0, 0x0, 0xa, 0xf8, 0x1f, 0xf0, 0x0,
    0x0, 0x0, 0x0, 0xaf, 0x81, 0xff, 0x0, 0x0,
    0x0, 0x0, 0xa, 0xf8, 0x1f, 0xf0, 0x0, 0x0,
    0x0, 0x0, 0xaf, 0x81, 0xff, 0x0, 0x0, 0x0,
    0x0, 0xa, 0xf8, 0x1f, 0xff, 0xff, 0xda, 0x30,
    0x0, 0xaf, 0x81, 0xff, 0xdd, 0xef, 0xff, 0x50,
    0xa, 0xf8, 0x1f, 0xf1, 0x0, 0x1b, 0xfe, 0x0,
    0xaf, 0x81, 0xff, 0x10, 0x0, 0x1f, 0xf3, 0xa,
    0xf8, 0x1f, 0xf1, 0x0, 0x0, 0xef, 0x50, 0xaf,
    0x81, 0xff, 0x10, 0x0, 0x1f, 0xf3, 0xa, 0xf8,
    0x1f, 0xf1, 0x0, 0x1b, 0xfe, 0x0, 0xaf, 0x81,
    0xff, 0xdd, 0xef, 0xff, 0x40, 0xa, 0xf8, 0x1f,
    0xff, 0xff, 0xd9, 0x20, 0x0, 0xaf, 0x80,

    /* U+04F9 "ӹ" */
    0x0, 0x0, 0xeb, 0x1, 0xea, 0x0, 0x0, 0x0,
    0x1, 0xfd, 0x2, 0xfc, 0x0, 0x0, 0x0, 0x0,
    0x10, 0x0, 0x10, 0x0, 0x0, 0x5f, 0xc0, 0x0,
    0x0, 0x0, 0xf, 0xf1, 0x5f, 0xc0, 0x0, 0x0,
    0x0, 0xf, 0xf1, 0x5f, 0xc0, 0x0, 0x0, 0x0,
    0xf, 0xf1, 0x5f, 0xc0, 0x0, 0x0, 0x0, 0xf,
    0xf1, 0x5f, 0xff, 0xff, 0xc7, 0x0, 0xf, 0xf1,
    0x5f, 0xfb, 0xbc, 0xff, 0xa0, 0xf, 0xf1, 0x5f,
    0xc0, 0x0, 0x4f, 0xf1, 0xf, 0xf1, 0x5f, 0xc0,
    0x0, 0xf, 0xf3, 0xf, 0xf1, 0x5f, 0xc0, 0x0,
    0x5f, 0xf1, 0xf, 0xf1, 0x5f, 0xeb, 0xbc, 0xff,
    0x90, 0xf, 0xf1, 0x5f, 0xff, 0xff, 0xc6, 0x0,
    0xf, 0xf1,

    /* U+04FA "Ӻ" */
    0x1, 0xff, 0xff, 0xff, 0xff, 0x50, 0x1f, 0xfd,
    0xdd, 0xdd, 0xd4, 0x1, 0xff, 0x10, 0x0, 0x0,
    0x0, 0x1f, 0xf1, 0x0, 0x0, 0x0, 0x1, 0xff,
    0x10, 0x0, 0x0, 0x0, 0x1f, 0xf1, 0x0, 0x0,
    0x0, 0x8f, 0xff, 0xff, 0xff, 0x20, 0x7, 0xdf,
    0xfd, 0xdd, 0xd1, 0x0, 0x1, 0xff, 0x10, 0x0,
    0x0, 0x0, 0x1f, 0xf1, 0x0, 0x0, 0x0, 0x1,
    0xff, 0x10, 0x0, 0x0, 0x0, 0x1f, 0xf1, 0x0,
    0x0, 0x0, 0x1, 0xff, 0xee, 0x0, 0x0, 0x0,
    0x1f, 0xff, 0xf1, 0x0, 0x0, 0x0, 0x0, 0xef,
    0x10, 0x0, 0x0, 0x0, 0xf, 0xf0, 0x0, 0x0,
    0x0, 0xde, 0xfc, 0x0, 0x0, 0x0, 0xe, 0xfc,
    0x20, 0x0, 0x0,

    /* U+04FB "ӻ" */
    0x6, 0xff, 0xff, 0xff, 0x90, 0x6f, 0xec, 0xcc,
    0xc7, 0x6, 0xfb, 0x0, 0x0, 0x0, 0x6f, 0xb0,
    0x0, 0x0, 0x6, 0xfb, 0x0, 0x0, 0xe, 0xff,
    0xff, 0xff, 0x0, 0x8c, 0xfe, 0xaa, 0xa0, 0x0,
    0x6f, 0xb0, 0x0, 0x0, 0x6, 0xfb, 0x0, 0x0,
    0x0, 0x6f, 0xe9, 0x40, 0x0, 0x6, 0xff, 0xf8,
    0x0, 0x0, 0x0, 0x5f, 0x80, 0x0, 0x0, 0x5,
    0xf7, 0x0, 0x0, 0x3b, 0xff, 0x40, 0x0, 0x3,
    0xfe, 0x90, 0x0, 0x0,

    /* U+04FC "Ӽ" */
    0x5f, 0xf2, 0x0, 0x0, 0xd, 0xf7, 0x0, 0xaf,
    0xb0, 0x0, 0x8, 0xfc, 0x0, 0x1, 0xef, 0x50,
    0x2, 0xff, 0x20, 0x0, 0x5, 0xfe, 0x10, 0xcf,
    0x70, 0x0, 0x0, 0xa, 0xfa, 0x6f, 0xd0, 0x0,
    0x0, 0x0, 0x1e, 0xff, 0xf3, 0x0, 0x0, 0x0,
    0x0, 0x6f, 0xf9, 0x0, 0x0, 0x0, 0x0, 0xa,
    0xff, 0xd0, 0x0, 0x0, 0x0, 0x5, 0xfd, 0xcf,
    0x80, 0x0, 0x0, 0x1, 0xef, 0x42, 0xff, 0x20,
    0x0, 0x0, 0xaf, 0xa0, 0x8, 0xfc, 0x0, 0x0,
    0x4f, 0xe1, 0x0, 0xd, 0xf7, 0x0, 0xe, 0xf5,
    0x0, 0x0, 0x4f, 0xfd, 0xa9, 0xfb, 0x0, 0x0,
    0x0, 0xaf, 0xfc, 0x0, 0x0, 0x0, 0x0, 0x0,
    0x3f, 0xc0, 0x0, 0x0, 0x0, 0x0, 0x4, 0xfb,
    0x0, 0x0, 0x0, 0x0, 0x4d, 0xff, 0x80, 0x0,
    0x0, 0x0, 0x3, 0xfe, 0xa0,

    /* U+04FD "ӽ" */
    0x3f, 0xf3, 0x0, 0x5, 0xff, 0x10, 0x8, 0xfd,
    0x0, 0x1e, 0xf6, 0x0, 0x0, 0xdf, 0x70, 0x9f,
    0xb0, 0x0, 0x0, 0x2f, 0xf7, 0xfe, 0x10, 0x0,
    0x0, 0x7, 0xff, 0xf5, 0x0, 0x0, 0x0, 0x1,
    0xff, 0xe0, 0x0, 0x0, 0x0, 0xa, 0xff, 0xf7,
    0x0, 0x0, 0x0, 0x5f, 0xe3, 0xff, 0x30, 0x0,
    0x1, 0xef, 0x50, 0x7f, 0xd0, 0x0, 0xb, 0xfa,
    0x0, 0xc, 0xfc, 0xa1, 0x6f, 0xe1, 0x0, 0x2,
    0xff, 0xf2, 0x0, 0x0, 0x0, 0x0, 0xb, 0xf2,
    0x0, 0x0, 0x0, 0x0, 0xc, 0xf1, 0x0, 0x0,
    0x0, 0x8, 0xcf, 0xe0, 0x0, 0x0, 0x0, 0x9,
    0xfd, 0x40,

    /* U+04FE "Ӿ" */
    0x5f, 0xf1, 0x0, 0x0, 0xd, 0xf7, 0x0, 0xbf,
    0xb0, 0x0, 0x7, 0xfd, 0x0, 0x1, 0xff, 0x40,
    0x1, 0xff, 0x30, 0x0, 0x6, 0xfd, 0x0, 0xaf,
    0x90, 0x0, 0x0, 0xc, 0xf8, 0x4f, 0xe0, 0x0,
    0x0, 0x0, 0x2f, 0xfd, 0xf5, 0x0, 0x0, 0xd,
    0xff, 0xff, 0xff, 0xff, 0xf0, 0x0, 0xbd, 0xdf,
    0xff, 0xfd, 0xdd, 0x0, 0x0, 0x3, 0xff, 0xef,
    0x50, 0x0, 0x0, 0x0, 0xdf, 0x64, 0xfe, 0x10,
    0x0, 0x0, 0x9f, 0xb0, 0xa, 0xfb, 0x0, 0x0,
    0x3f, 0xf1, 0x0, 0x1e, 0xf6, 0x0, 0xd, 0xf6,
    0x0, 0x0, 0x5f, 0xf2, 0x9, 0xfb, 0x0, 0x0,
    0x0, 0xaf, 0xc0,

    /* U+04FF "ӿ" */
    0x3f, 0xf3, 0x0, 0x5, 0xfe, 0x10, 0x7f, 0xd0,
    0x1, 0xef, 0x50, 0x0, 0xcf, 0x80, 0xaf, 0xa0,
    0x0, 0x2, 0xff, 0x8f, 0xd0, 0x0, 0x8, 0x9d,
    0xff, 0xfc, 0x97, 0x0, 0xef, 0xff, 0xff, 0xff,
    0xc0, 0x0, 0xc, 0xfe, 0xf9, 0x0, 0x0, 0x6,
    0xfd, 0x1e, 0xf4, 0x0, 0x2, 0xff, 0x40, 0x6f,
    0xe0, 0x0, 0xbf, 0xa0, 0x0, 0xcf, 0x90, 0x6f,
    0xe1, 0x0, 0x2, 0xff, 0x40,

    /* U+0500 "Ԁ" */
    0x0, 0x0, 0x0, 0x7, 0xfb, 0x0, 0x0, 0x0,
    0x7, 0xfb, 0x0, 0x0, 0x0, 0x7, 0xfb, 0x0,
    0x0, 0x0, 0x7, 0xfb, 0x0, 0x0, 0x0, 0x7,
    0xfb, 0x0, 0x0, 0x0, 0x7, 0xfb, 0x0, 0x6c,
    0xef, 0xff, 0xfb, 0xc, 0xff, 0xfd, 0xde, 0xfb,
    0x8f, 0xe4, 0x0, 0x7, 0xfb, 0xcf, 0x70, 0x0,
    0x7, 0xfb, 0xdf, 0x70, 0x0, 0x7, 0xfb, 0x9f,
    0xe3, 0x0, 0x7, 0xfb, 0x2e, 0xff, 0xfd, 0xde,
    0xfb, 0x1, 0x8d, 0xff, 0xff, 0xfb,

    /* U+0501 "ԁ" */
    0x0, 0x0, 0x0, 0x2, 0x65, 0x0, 0x0, 0x0,
    0x5, 0xfc, 0x0, 0x0, 0x0, 0x5, 0xfc, 0x0,
    0x0, 0x0, 0x5, 0xfc, 0x0, 0x0, 0x0, 0x5,
    0xfc, 0x0, 0x8e, 0xfd, 0x75, 0xfc, 0xc, 0xff,
    0xdd, 0xfc, 0xfc, 0x6f, 0xf3, 0x0, 0x3f, 0xfc,
    0xbf, 0x90, 0x0, 0x9, 0xfc, 0xef, 0x50, 0x0,
    0x6, 0xfc, 0xef, 0x40, 0x0, 0x5, 0xfc, 0xef,
    0x50, 0x0, 0x5, 0xfc, 0xbf, 0x80, 0x0, 0x8,
    0xfc, 0x6f, 0xf3, 0x0, 0x3e, 0xfc, 0xc, 0xff,
    0xdd, 0xfb, 0xfc, 0x0, 0x9e, 0xfd, 0x60, 0xfc,

    /* U+0502 "Ԃ" */
    0x0, 0x0, 0x0, 0xe, 0xf4, 0x0, 0x0, 0x0,
    0x0, 0x0, 0x0, 0xe, 0xf4, 0x0, 0x0, 0x0,
    0x0, 0x0, 0x0, 0xe, 0xf4, 0x0, 0x0, 0x0,
    0x0, 0x0, 0x0, 0xe, 0xf4, 0x0, 0x0, 0x0,
    0x0, 0x0, 0x0, 0xe, 0xf4, 0x0, 0x0, 0x0,
    0x0, 0x27, 0xab, 0xbf, 0xf4, 0x0, 0x8, 0xb4,
    0x7, 0xff, 0xff, 0xff, 0xf4, 0x0, 0xb, 0xf6,
    0x4f, 0xf8, 0x20, 0xe, 0xf4, 0x0, 0xb, 0xf6,
    0xbf, 0x90, 0x0, 0xe, 0xf4, 0x0, 0xb, 0xf6,
    0xdf, 0x60, 0x0, 0xe, 0xf4, 0x0, 0xb, 0xf6,
    0xcf, 0x70, 0x0, 0xf, 0xf4, 0x0, 0xd, 0xf5,
    0x9f, 0xe2, 0x0, 0x7f, 0xfa, 0x0, 0x4f, 0xf2,
    0x1e, 0xff, 0xef, 0xfd, 0xdf, 0xfe, 0xff, 0xa0,
    0x2, 0xae, 0xfe, 0xa1, 0x1a, 0xef, 0xd8, 0x0,

    /* U+0503 "ԃ" */
    0x0, 0x0, 0x0, 0x5, 0x83, 0x0, 0x0, 0x0,
    0x0, 0x0, 0x0, 0xb, 0xf7, 0x0, 0x0, 0x0,
    0x0, 0x0, 0x0, 0xb, 0xf7, 0x0, 0x0, 0x0,
    0x0, 0x0, 0x0, 0xb, 0xf7, 0x0, 0x0, 0x0,
    0x0, 0x0, 0x0, 0xa, 0xf7, 0x0, 0x0, 0x0,
    0x1, 0x9e, 0xfc, 0x4a, 0xf7, 0x0, 0x0, 0x0,
    0xc, 0xff, 0xde, 0xfd, 0xf7, 0x0, 0x0, 0x0,
    0x6f, 0xe2, 0x0, 0x7f, 0xf7, 0x0, 0x0, 0x0,
    0xcf, 0x80, 0x0, 0xe, 0xf7, 0x0, 0x0, 0x0,
    0xef, 0x40, 0x0, 0xb, 0xf7, 0x0, 0x8, 0xe8,
    0xff, 0x30, 0x0, 0x9, 0xf7, 0x0, 0x9, 0xf9,
    0xef, 0x40, 0x0, 0xa, 0xf7, 0x0, 0x9, 0xf9,
    0xcf, 0x70, 0x0, 0xd, 0xf8, 0x0, 0xa, 0xf8,
    0x6f, 0xe2, 0x0, 0x6f, 0xfd, 0x0, 0x1e, 0xf6,
    0xc, 0xff, 0xce, 0xfe, 0xaf, 0xec, 0xff, 0xe0,
    0x0, 0x8d, 0xfe, 0x91, 0x9, 0xef, 0xd9, 0x10,

    /* U+0504 "Ԅ" */
    0x2, 0x8d, 0xff, 0xda, 0x30, 0x0, 0x0, 0x0,
    0x2, 0xff, 0xfc, 0xcf, 0xff, 0x40, 0x0, 0x0,
    0x0, 0x6, 0x40, 0x0, 0xb, 0xfc, 0x0, 0x0,
    0x0, 0x0, 0x0, 0x0, 0x0, 0x6f, 0xb0, 0x0,
    0x0, 0x0, 0x0, 0x0, 0x0, 0x3d, 0xf5, 0x0,
    0x0, 0x0, 0x0, 0xa, 0xcc, 0xef, 0xc4, 0x0,
    0x0, 0x9, 0xc4, 0x0, 0xef, 0xff, 0xfb, 0x40,
    0x0, 0x0, 0xcf, 0x50, 0x0, 0x0, 0x27, 0xff,
    0x60, 0x0, 0xc, 0xf5, 0x0, 0x0, 0x0, 0x6,
    0xfe, 0x0, 0x0, 0xcf, 0x50, 0x0, 0x0, 0x0,
    0x1f, 0xf2, 0x0, 0xc, 0xf5, 0x0, 0x0, 0x0,
    0x0, 0xff, 0x40, 0x0, 0xdf, 0x50, 0x0, 0x0,
    0x0, 0xc, 0xfa, 0x0, 0x5f, 0xf2, 0x0, 0x0,
    0x0, 0x0, 0x4f, 0xff, 0xef, 0xfa, 0x0, 0x0,
    0x0, 0x0, 0x0, 0x4b, 0xff, 0xd7, 0x0,

    /* U+0505 "ԅ" */
    0x17, 0xcf, 0xfe, 0xb3, 0x0, 0x0, 0x0, 0x0,
    0xff, 0xcb, 0xdf, 0xf3, 0x0, 0x0, 0x0, 0x2,
    0x0, 0x0, 0x9f, 0x80, 0x0, 0x0, 0x0, 0x0,
    0x0, 0x9, 0xf6, 0x0, 0x0, 0x0, 0x0, 0x49,
    0xad, 0xfa, 0x0, 0x0, 0x2f, 0xf0, 0x7, 0xff,
    0xfe, 0x80, 0x0, 0x2, 0xff, 0x0, 0x0, 0x3,
    0xdf, 0xa0, 0x0, 0x2f, 0xf0, 0x0, 0x0, 0x4,
    0xfe, 0x0, 0x3, 0xfe, 0x0, 0x0, 0x0, 0x1f,
    0xf4, 0x0, 0x9f, 0xc0, 0x0, 0x0, 0x0, 0xbf,
    0xfd, 0xef, 0xf5, 0x0, 0x0, 0x0, 0x0, 0x7d,
    0xfe, 0xc4, 0x0,

    /* U+0506 "Ԇ" */
    0x1, 0x8c, 0xef, 0xeb, 0x40, 0x0, 0x2, 0xff,
    0xfd, 0xce, 0xff, 0x70, 0x0, 0x8, 0x70, 0x0,
    0x8, 0xff, 0x0, 0x0, 0x0, 0x0, 0x0, 0xf,
    0xf1, 0x0, 0x0, 0x0, 0x0, 0x3, 0xfe, 0x0,
    0x0, 0x0, 0x0, 0x15, 0xef, 0x40, 0x0, 0x0,
    0xef, 0xff, 0xf9, 0x10, 0x0, 0x0, 0x9, 0xaa,
    0xcf, 0xfd, 0x30, 0x0, 0x0, 0x0, 0x0, 0x6,
    0xff, 0x10, 0x0, 0x0, 0x0, 0x0, 0xb, 0xf6,
    0x0, 0x0, 0x0, 0x0, 0x0, 0xaf, 0x70, 0x0,
    0x0, 0x0, 0x0, 0xa, 0xf7, 0x0, 0x0, 0x0,
    0x0, 0x0, 0xaf, 0xfe, 0x90, 0x0, 0x0, 0x0,
    0xa, 0xff, 0xfa, 0x0, 0x0, 0x0, 0x0, 0x0,
    0x7f, 0xa0, 0x0, 0x0, 0x0, 0x0, 0x7, 0xfa,
    0x0, 0x0, 0x0, 0x0, 0x0, 0x7f, 0xa0, 0x0,
    0x0, 0x0, 0x0, 0x7, 0xfa,

    /* U+0507 "ԇ" */
    0x7, 0xbe, 0xff, 0xc5, 0x0, 0x0, 0xe, 0xfc,
    0xab, 0xff, 0x70, 0x0, 0x2, 0x0, 0x0, 0x3f,
    0xd0, 0x0, 0x0, 0x0, 0x0, 0x4f, 0xb0, 0x0,
    0x0, 0x3a, 0xac, 0xfc, 0x20, 0x0, 0x0, 0x6f,
    0xff, 0xf8, 0x0, 0x0, 0x0, 0x0, 0x2, 0x9f,
    0xb0, 0x0, 0x0, 0x0, 0x0, 0xe, 0xf2, 0x0,
    0x0, 0x0, 0x0, 0xd, 0xf3, 0x0, 0x0, 0x0,
    0x0, 0xd, 0xf9, 0x71, 0x0, 0x0, 0x0, 0xd,
    0xff, 0xf2, 0x0, 0x0, 0x0, 0x0, 0xd, 0xf2,
    0x0, 0x0, 0x0, 0x0, 0xd, 0xf2, 0x0, 0x0,
    0x0, 0x0, 0xd, 0xf2, 0x0, 0x0, 0x0, 0x0,
    0xd, 0xf2,

    /* U+0508 "Ԉ" */
    0x0, 0x0, 0xcf, 0xff, 0xff, 0xff, 0x10, 0x0,
    0x0, 0x0, 0x0, 0xe, 0xfe, 0xee, 0xef, 0xf1,
    0x0, 0x0, 0x0, 0x0, 0x0, 0xff, 0x0, 0x1,
    0xff, 0x10, 0x0, 0x0, 0x0, 0x0, 0x2f, 0xd0,
    0x0, 0x1f, 0xf1, 0x0, 0x0, 0x0, 0x0, 0x5,
    0xfb, 0x0, 0x1, 0xff, 0x10, 0x0, 0x0, 0x0,
    0x0, 0x7f, 0x90, 0x0, 0x1f, 0xf1, 0x0, 0x2,
    0x30, 0x0, 0xa, 0xf7, 0x0, 0x1, 0xff, 0x10,
    0x0, 0xef, 0x30, 0x0, 0xdf, 0x40, 0x0, 0x1f,
    0xf1, 0x0, 0xe, 0xf3, 0x0, 0xf, 0xf2, 0x0,
    0x1, 0xff, 0x10, 0x0, 0xef, 0x30, 0x3, 0xff,
    0x0, 0x0, 0x1f, 0xf1, 0x0, 0xe, 0xf3, 0x0,
    0x7f, 0xb0, 0x0, 0x0, 0xff, 0x20, 0x0, 0xff,
    0x30, 0xd, 0xf7, 0x0, 0x0, 0xe, 0xf8, 0x0,
    0x7f, 0xf0, 0xde, 0xfe, 0x10, 0x0, 0x0, 0x6f,
    0xff, 0xef, 0xf9, 0xd, 0xfc, 0x30, 0x0, 0x0,
    0x0, 0x5c, 0xff, 0xc6, 0x0,

    /* U+0509 "ԉ" */
    0x0, 0xb, 0xff, 0xff, 0xff, 0x10, 0x0, 0x0,
    0x0, 0x0, 0xdf, 0xbb, 0xbf, 0xf1, 0x0, 0x0,
    0x0, 0x0, 0xe, 0xf0, 0x0, 0xff, 0x10, 0x0,
    0x0, 0x0, 0x0, 0xff, 0x0, 0xf, 0xf1, 0x0,
    0x0, 0x0, 0x0, 0x2f, 0xd0, 0x0, 0xff, 0x10,
    0x1, 0xff, 0x10, 0x4, 0xfa, 0x0, 0xf, 0xf1,
    0x0, 0x1f, 0xf1, 0x0, 0x8f, 0x80, 0x0, 0xff,
    0x10, 0x1, 0xff, 0x10, 0xc, 0xf4, 0x0, 0xf,
    0xf2, 0x0, 0x2f, 0xf0, 0x4, 0xff, 0x0, 0x0,
    0xdf, 0x70, 0x8, 0xfe, 0xb, 0xff, 0x80, 0x0,
    0x6, 0xff, 0xdd, 0xff, 0x70, 0xde, 0x90, 0x0,
    0x0, 0x5, 0xce, 0xfc, 0x50, 0x0,

    /* U+050A "Ԋ" */
    0x1f, 0xf1, 0x0, 0x0, 0x8, 0xfa, 0x0, 0x0,
    0x0, 0x1f, 0xf1, 0x0, 0x0, 0x8, 0xfa, 0x0,
    0x0, 0x0, 0x1f, 0xf1, 0x0, 0x0, 0x8, 0xfa,
    0x0, 0x0, 0x0, 0x1f, 0xf1, 0x0, 0x0, 0x8,
    0xfa, 0x0, 0x0, 0x0, 0x1f, 0xf1, 0x0, 0x0,
    0x8, 0xfa, 0x0, 0x0, 0x0, 0x1f, 0xfc, 0xcc,
    0xcc, 0xce, 0xfa, 0x0, 0x5, 0xc8, 0x1f, 0xff,
    0xff, 0xff, 0xff, 0xfa, 0x0, 0x6, 0xfb, 0x1f,
    0xf1, 0x0, 0x0, 0x8, 0xfa, 0x0, 0x6, 0xfb,
    0x1f, 0xf1, 0x0, 0x0, 0x8, 0xfa, 0x0, 0x6,
    0xfb, 0x1f, 0xf1, 0x0, 0x0, 0x7, 0xfa, 0x0,
    0x6, 0xfb, 0x1f, 0xf1, 0x0, 0x0, 0x7, 0xfb,
    0x0, 0x8, 0xfa, 0x1f, 0xf1, 0x0, 0x0, 0x4,
    0xff, 0x20, 0x1d, 0xf7, 0x1f, 0xf1, 0x0, 0x0,
    0x0, 0xcf, 0xfe, 0xff, 0xe1, 0x1f, 0xf1, 0x0,
    0x0, 0x0, 0x19, 0xef, 0xd9, 0x10,

    /* U+050B "ԋ" */
    0x5f, 0xc0, 0x0, 0x1, 0xff, 0x0, 0x0, 0x0,
    0x5f, 0xc0, 0x0, 0x1, 0xff, 0x0, 0x0, 0x0,
    0x5f, 0xc0, 0x0, 0x1, 0xff, 0x0, 0x0, 0x0,
    0x5f, 0xc0, 0x0, 0x1, 0xff, 0x0, 0x0, 0x21,
    0x5f, 0xeb, 0xbb, 0xbb, 0xff, 0x0, 0x2, 0xff,
    0x5f, 0xff, 0xff, 0xff, 0xff, 0x0, 0x2, 0xff,
    0x5f, 0xc0, 0x0, 0x1, 0xff, 0x0, 0x2, 0xff,
    0x5f, 0xc0, 0x0, 0x0, 0xff, 0x10, 0x3, 0xfe,
    0x5f, 0xc0, 0x0, 0x0, 0xef, 0x60, 0x9, 0xfc,
    0x5f, 0xc0, 0x0, 0x0, 0x6f, 0xfd, 0xef, 0xf5,
    0x5f, 0xc0, 0x0, 0x0, 0x5, 0xce, 0xec, 0x40,

    /* U+050C "Ԍ" */
    0x0, 0x1, 0x7c, 0xef, 0xec, 0x93, 0x0, 0x0,
    0x5f, 0xff, 0xee, 0xff, 0xfb, 0x0, 0x5, 0xff,
    0x92, 0x0, 0x1, 0x53, 0x0, 0xf, 0xf8, 0x0,
    0x0, 0x0, 0x0, 0x0, 0x6f, 0xe0, 0x0, 0x0,
    0x0, 0x0, 0x0, 0xaf, 0x90, 0x0, 0x0, 0x0,
    0x0, 0x0, 0xbf, 0x70, 0x0, 0x9, 0xdd, 0xdd,
    0xd4, 0xbf, 0x70, 0x0, 0xa, 0xff, 0xff, 0xf4,
    0xaf, 0x90, 0x0, 0x0, 0x0, 0xf, 0xf2, 0x6f,
    0xe0, 0x0, 0x0, 0x0, 0x2f, 0xf0, 0x1f, 0xf7,
    0x0, 0x0, 0x0, 0x8f, 0xb0, 0x7, 0xff, 0x81,
    0x0, 0x7, 0xff, 0x40, 0x0, 0x7f, 0xff, 0xee,
    0xff, 0xf7, 0x0, 0x0, 0x2, 0x9d, 0xff, 0xda,
    0x30, 0x0,

    /* U+050D "ԍ" */
    0x0, 0x29, 0xdf, 0xfd, 0xa5, 0x0, 0x6f, 0xff,
    0xcc, 0xef, 0xa0, 0x3f, 0xf7, 0x0, 0x0, 0x22,
    0xa, 0xfb, 0x0, 0x0, 0x0, 0x0, 0xdf, 0x50,
    0x0, 0x0, 0x0, 0xe, 0xf4, 0x0, 0x5f, 0xff,
    0xff, 0xef, 0x50, 0x4, 0xbb, 0xcf, 0xea, 0xfa,
    0x0, 0x0, 0x5, 0xfb, 0x4f, 0xf5, 0x0, 0x2,
    0xdf, 0x60, 0x8f, 0xfd, 0xbd, 0xff, 0xb0, 0x0,
    0x4a, 0xef, 0xec, 0x60, 0x0,

    /* U+050E "Ԏ" */
    0xcf, 0xff, 0xff, 0xff, 0xff, 0xe0, 0xa, 0xee,
    0xef, 0xff, 0xee, 0xec, 0x0, 0x0, 0x0, 0x9f,
    0x90, 0x0, 0x0, 0x0, 0x0, 0x9, 0xf9, 0x0,
    0x0, 0x0, 0x0, 0x0, 0x9f, 0x90, 0x0, 0x0,
    0x0, 0x0, 0x9, 0xf9, 0x0, 0x1, 0x32, 0x0,
    0x0, 0x9f, 0x90, 0x0, 0x5f, 0xc0, 0x0, 0x9,
    0xf9, 0x0, 0x5, 0xfc, 0x0, 0x0, 0x9f, 0x90,
    0x0, 0x5f, 0xc0, 0x0, 0x9, 0xf9, 0x0, 0x5,
    0xfc, 0x0, 0x0, 0x8f, 0xa0, 0x0, 0x7f, 0xb0,
    0x0, 0x6, 0xfe, 0x10, 0x1c, 0xf9, 0x0, 0x0,
    0xd, 0xff, 0xef, 0xff, 0x20, 0x0, 0x0, 0x19,
    0xef, 0xea, 0x20,

    /* U+050F "ԏ" */
    0x9f, 0xff, 0xff, 0xff, 0xf6, 0x0, 0x6b, 0xbb,
    0xff, 0xbb, 0xb4, 0x0, 0x0, 0x2, 0xff, 0x0,
    0x0, 0x0, 0x0, 0x2, 0xff, 0x0, 0x0, 0x0,
    0x0, 0x2, 0xff, 0x0, 0x1, 0xff, 0x0, 0x2,
    0xff, 0x0, 0x1, 0xff, 0x0, 0x2, 0xff, 0x0,
    0x1, 0xff, 0x0, 0x1, 0xff, 0x0, 0x2, 0xff,
    0x0, 0x0, 0xff, 0x60, 0x8, 0xfd, 0x0, 0x0,
    0x8f, 0xfd, 0xdf, 0xf5, 0x0, 0x0, 0x5, 0xce,
    0xec, 0x40,

    /* U+0510 "Ԑ" */
    0x0, 0x7c, 0xff, 0xec, 0x71, 0x1, 0xdf, 0xfe,
    0xdd, 0xff, 0xe1, 0x7f, 0xe3, 0x0, 0x1, 0x65,
    0x7, 0xfa, 0x0, 0x0, 0x0, 0x0, 0x2f, 0xf5,
    0x0, 0x0, 0x0, 0x0, 0x2b, 0xff, 0xcc, 0xc6,
    0x0, 0x1, 0x9d, 0xff, 0xff, 0x80, 0x3, 0xff,
    0xa4, 0x10, 0x0, 0x0, 0xcf, 0x80, 0x0, 0x0,
    0x0, 0xf, 0xf4, 0x0, 0x0, 0x0, 0x0, 0xef,
    0x60, 0x0, 0x0, 0x0, 0x9, 0xff, 0x50, 0x0,
    0x3, 0x82, 0x1c, 0xff, 0xfd, 0xef, 0xff, 0x30,
    0x6, 0xce, 0xff, 0xdb, 0x70,

    /* U+0511 "ԑ" */
    0x0, 0x4b, 0xef, 0xec, 0x81, 0x5, 0xff, 0xcb,
    0xcf, 0xf1, 0xa, 0xf6, 0x0, 0x0, 0x30, 0x9,
    0xf7, 0x0, 0x0, 0x0, 0x1, 0xcf, 0xca, 0x94,
    0x0, 0x0, 0x7e, 0xff, 0xf6, 0x0, 0xb, 0xf9,
    0x20, 0x0, 0x0, 0x1f, 0xf0, 0x0, 0x0, 0x0,
    0x1f, 0xf4, 0x0, 0x0, 0x32, 0x9, 0xff, 0xdb,
    0xce, 0xf5, 0x0, 0x6c, 0xef, 0xfd, 0x91,

    /* U+0512 "Ԓ" */
    0x0, 0x0, 0xcf, 0xff, 0xff, 0xff, 0x70, 0x0,
    0x0, 0xe, 0xfe, 0xdd, 0xdf, 0xf7, 0x0, 0x0,
    0x0, 0xff, 0x0, 0x0, 0xbf, 0x70, 0x0, 0x0,
    0x2f, 0xe0, 0x0, 0xb, 0xf7, 0x0, 0x0, 0x4,
    0xfc, 0x0, 0x0, 0xbf, 0x70, 0x0, 0x0, 0x7f,
    0x90, 0x0, 0xb, 0xf7, 0x0, 0x0, 0x9, 0xf7,
    0x0, 0x0, 0xbf, 0x70, 0x0, 0x0, 0xcf, 0x50,
    0x0, 0xb, 0xf7, 0x0, 0x0, 0xe, 0xf2, 0x0,
    0x0, 0xbf, 0x70, 0x0, 0x2, 0xff, 0x0, 0x0,
    0xb, 0xf7, 0x0, 0x0, 0x5f, 0xc0, 0x0, 0x0,
    0xbf, 0x70, 0x0, 0xb, 0xf7, 0x0, 0x0, 0xb,
    0xf7, 0x0, 0x9a, 0xff, 0x10, 0x0, 0x0, 0xbf,
    0xfe, 0x6e, 0xfc, 0x30, 0x0, 0x0, 0xb, 0xff,
    0xf7, 0x0, 0x0, 0x0, 0x0, 0x0, 0x0, 0x8f,
    0x70, 0x0, 0x0, 0x0, 0x0, 0x0, 0xa, 0xf6,
    0x0, 0x0, 0x0, 0x0, 0x0, 0x8d, 0xff, 0x20,
    0x0, 0x0, 0x0, 0x0, 0x8, 0xfe, 0x60,

    /* U+0513 "ԓ" */
    0x0, 0xb, 0xff, 0xff, 0xff, 0x40, 0x0, 0x0,
    0xdf, 0xbb, 0xbf, 0xf4, 0x0, 0x0, 0xe, 0xf0,
    0x0, 0xdf, 0x40, 0x0, 0x0, 0xff, 0x0, 0xd,
    0xf4, 0x0, 0x0, 0x2f, 0xd0, 0x0, 0xdf, 0x40,
    0x0, 0x4, 0xfb, 0x0, 0xd, 0xf4, 0x0, 0x0,
    0x7f, 0x80, 0x0, 0xdf, 0x40, 0x0, 0xb, 0xf4,
    0x0, 0xd, 0xf4, 0x0, 0x2, 0xff, 0x0, 0x0,
    0xdf, 0x40, 0x8, 0xef, 0x80, 0x0, 0xd, 0xfb,
    0x91, 0xee, 0x90, 0x0, 0x0, 0xdf, 0xff, 0x20,
    0x0, 0x0, 0x0, 0x0, 0xb, 0xf2, 0x0, 0x0,
    0x0, 0x0, 0x0, 0xcf, 0x10, 0x0, 0x0, 0x0,
    0x8, 0xcf, 0xe0, 0x0, 0x0, 0x0, 0x0, 0x9f,
    0xd4, 0x0,

    /* U+0514 "Ԕ" */
    0x0, 0x0, 0xcf, 0xff, 0xff, 0x30, 0x0, 0x0,
    0xbf, 0x90, 0x0, 0x0, 0xef, 0xee, 0xef, 0xd0,
    0x0, 0x5, 0xfe, 0x0, 0x0, 0x0, 0xff, 0x0,
    0xd, 0xf7, 0x0, 0x1e, 0xf4, 0x0, 0x0, 0x3,
    0xfe, 0x0, 0x3, 0xff, 0x20, 0x9f, 0x90, 0x0,
    0x0, 0x5, 0xfc, 0x0, 0x0, 0x8f, 0xc3, 0xfe,
    0x0, 0x0, 0x0, 0x7, 0xf9, 0x0, 0x0, 0xd,
    0xff, 0xf4, 0x0, 0x0, 0x0, 0xa, 0xf7, 0x0,
    0x0, 0x4, 0xff, 0xa0, 0x0, 0x0, 0x0, 0xd,
    0xf5, 0x0, 0x0, 0xa, 0xff, 0xf1, 0x0, 0x0,
    0x0, 0xf, 0xf2, 0x0, 0x0, 0x4f, 0xd9, 0xfb,
    0x0, 0x0, 0x0, 0x3f, 0xf0, 0x0, 0x0, 0xdf,
    0x40, 0xef, 0x50, 0x0, 0x0, 0x7f, 0xb0, 0x0,
    0x8, 0xfa, 0x0, 0x5f, 0xe1, 0x0, 0x0, 0xdf,
    0x70, 0x0, 0x3f, 0xf1, 0x0, 0xb, 0xfa, 0x0,
    0xde, 0xfe, 0x10, 0x0, 0xdf, 0x60, 0x0, 0x2,
    0xff, 0x40, 0xdf, 0xc3, 0x0, 0x7, 0xfc, 0x0,
    0x0, 0x0, 0x8f, 0xe0,

    /* U+0515 "ԕ" */
    0x0, 0xb, 0xff, 0xff, 0xd0, 0x0, 0x9, 0xfc,
    0x0, 0x0, 0xdf, 0xbb, 0xdf, 0x90, 0x3, 0xff,
    0x20, 0x0, 0xe, 0xf0, 0x2, 0xff, 0x40, 0xdf,
    0x60, 0x0, 0x0, 0xff, 0x0, 0x6, 0xfd, 0x9f,
    0xb0, 0x0, 0x0, 0x2f, 0xd0, 0x0, 0xb, 0xff,
    0xf1, 0x0, 0x0, 0x4, 0xfb, 0x0, 0x0, 0x5f,
    0xfa, 0x0, 0x0, 0x0, 0x8f, 0x80, 0x0, 0xe,
    0xff, 0xf4, 0x0, 0x0, 0xc, 0xf4, 0x0, 0x9,
    0xfa, 0x5f, 0xe0, 0x0, 0x3, 0xff, 0x0, 0x4,
    0xfe, 0x10, 0xaf, 0x90, 0xb, 0xff, 0x80, 0x1,
    0xef, 0x60, 0x1, 0xff, 0x40, 0xde, 0x90, 0x0,
    0xaf, 0xb0, 0x0, 0x6, 0xfe, 0x10,

    /* U+0516 "Ԗ" */
    0x1f, 0xff, 0xff, 0xea, 0x30, 0x0, 0x6f, 0xd0,
    0x1f, 0xfd, 0xde, 0xff, 0xf4, 0x1, 0xff, 0x30,
    0x1f, 0xf1, 0x0, 0x2b, 0xfc, 0xb, 0xf8, 0x0,
    0x1f, 0xf1, 0x0, 0x1, 0xff, 0x6f, 0xd0, 0x0,
    0x1f, 0xf1, 0x0, 0x0, 0xff, 0xff, 0x30, 0x0,
    0x1f, 0xf1, 0x0, 0x3, 0xff, 0xf8, 0x0, 0x0,
    0x1f, 0xf1, 0x1, 0x5e, 0xff, 0xe0, 0x0, 0x0,
    0x1f, 0xff, 0xff, 0xff, 0xdf, 0xf3, 0x0, 0x0,
    0x1f, 0xfd, 0xdc, 0xa5, 0x9, 0xfd, 0x0, 0x0,
    0x1f, 0xf1, 0x0, 0x0, 0x0, 0xef, 0x70, 0x0,
    0x1f, 0xf1, 0x0, 0x0, 0x0, 0x4f, 0xf2, 0x0,
    0x1f, 0xf1, 0x0, 0x0, 0x0, 0xa, 0xfc, 0x0,
    0x1f, 0xf1, 0x0, 0x0, 0x0, 0x1, 0xef, 0x70,
    0x1f, 0xf1, 0x0, 0x0, 0x0, 0x0, 0x6f, 0xf2,

    /* U+0517 "ԗ" */
    0x5f, 0x74, 0xcf, 0xeb, 0x30, 0x0, 0x9f, 0xc0,
    0x5f, 0xdf, 0xc9, 0xcf, 0xf3, 0x4, 0xff, 0x20,
    0x5f, 0xf7, 0x0, 0x9, 0xfc, 0xd, 0xf6, 0x0,
    0x5f, 0xf0, 0x0, 0x2, 0xff, 0xaf, 0xb0, 0x0,
    0x5f, 0xd0, 0x0, 0x0, 0xff, 0xff, 0x10, 0x0,
    0x5f, 0xc0, 0x0, 0x0, 0xdf, 0xfa, 0x0, 0x0,
    0x5f, 0xd0, 0x0, 0x0, 0xff, 0xff, 0x40, 0x0,
    0x5f, 0xf0, 0x0, 0x2, 0xff, 0x8f, 0xe0, 0x0,
    0x5f, 0xf7, 0x0, 0xa, 0xfc, 0xc, 0xf9, 0x0,
    0x5f, 0xef, 0xb9, 0xcf, 0xf2, 0x2, 0xff, 0x40,
    0x5f, 0xb4, 0xcf, 0xfb, 0x30, 0x0, 0x7f, 0xe1,
    0x5f, 0xc0, 0x0, 0x0, 0x0, 0x0, 0x0, 0x0,
    0x5f, 0xc0, 0x0, 0x0, 0x0, 0x0, 0x0, 0x0,
    0x5f, 0xc0, 0x0, 0x0, 0x0, 0x0, 0x0, 0x0,
    0x5f, 0xc0, 0x0, 0x0, 0x0, 0x0, 0x0, 0x0,
    0x5f, 0xc0, 0x0, 0x0, 0x0, 0x0, 0x0, 0x0,

    /* U+0518 "Ԙ" */
    0x0, 0x5, 0xbe, 0xff, 0xff, 0xff, 0xff, 0xff,
    0xe0, 0x9, 0xff, 0xfe, 0xdd, 0xff, 0xdd, 0xdd,
    0xdc, 0x3, 0xff, 0x70, 0x0, 0x1f, 0xf0, 0x0,
    0x0, 0x0, 0x7f, 0xd0, 0x0, 0x1, 0xff, 0x0,
    0x0, 0x0, 0x6, 0xfe, 0x0, 0x0, 0x1f, 0xf0,
    0x0, 0x0, 0x0, 0x3f, 0xf9, 0x0, 0x1, 0xff,
    0x0, 0x0, 0x0, 0x0, 0xbf, 0xff, 0xed, 0xdf,
    0xff, 0xff, 0xff, 0x80, 0x0, 0x7f, 0xff, 0xff,
    0xff, 0xdd, 0xdd, 0xd7, 0x0, 0x2, 0xff, 0x20,
    0x1f, 0xf0, 0x0, 0x0, 0x0, 0x0, 0xbf, 0x80,
    0x1, 0xff, 0x0, 0x0, 0x0, 0x0, 0x6f, 0xd0,
    0x0, 0x1f, 0xf0, 0x0, 0x0, 0x0, 0x1f, 0xf4,
    0x0, 0x1, 0xff, 0x0, 0x0, 0x0, 0xb, 0xfb,
    0x0, 0x0, 0x1f, 0xfe, 0xee, 0xee, 0xc5, 0xff,
    0x20, 0x0, 0x1, 0xff, 0xff, 0xff, 0xfe,

    /* U+0519 "ԙ" */
    0x0, 0x6d, 0xff, 0xff, 0xf8, 0xae, 0xfd, 0x70,
    0x0, 0x9f, 0xd8, 0x77, 0xcf, 0xff, 0x98, 0xdf,
    0xa0, 0xf, 0xf1, 0x0, 0x9, 0xff, 0x30, 0x0,
    0xef, 0x41, 0xff, 0x0, 0x0, 0x9f, 0xc0, 0x0,
    0x8, 0xf9, 0xe, 0xf9, 0x10, 0x9, 0xfd, 0x99,
    0x99, 0xcf, 0xb0, 0x4f, 0xff, 0xff, 0xff, 0xff,
    0xff, 0xff, 0xfc, 0x0, 0x1f, 0xfb, 0xac, 0xf9,
    0x0, 0x0, 0x0, 0x0, 0x7, 0xfc, 0x0, 0x4f,
    0xd0, 0x0, 0x0, 0x0, 0x2, 0xff, 0x20, 0x0,
    0xef, 0x90, 0x0, 0x4, 0x10, 0xcf, 0x80, 0x0,
    0x4, 0xff, 0xfc, 0xdf, 0xf3, 0x7f, 0xe0, 0x0,
    0x0, 0x2, 0xae, 0xff, 0xd8, 0x10,

    /* U+051A "Ԛ" */
    0x0, 0x4, 0xad, 0xfe, 0xd8, 0x20, 0x0, 0x0,
    0xaf, 0xff, 0xee, 0xff, 0xf5, 0x0, 0x8, 0xff,
    0x60, 0x0, 0x1a, 0xff, 0x30, 0x2f, 0xf6, 0x0,
    0x0, 0x0, 0xbf, 0xc0, 0x7f, 0xd0, 0x0, 0x0,
    0x0, 0x3f, 0xf2, 0xaf, 0x90, 0x0, 0x0, 0x0,
    0xe, 0xf5, 0xcf, 0x80, 0x0, 0x0, 0x0, 0xd,
    0xf7, 0xcf, 0x80, 0x0, 0x0, 0x0, 0xd, 0xf7,
    0xaf, 0x90, 0x0, 0x0, 0x0, 0xe, 0xf5, 0x7f,
    0xe0, 0x0, 0x0, 0x0, 0x3f, 0xf2, 0x2f, 0xf6,
    0x0, 0x0, 0x0, 0xbf, 0xb0, 0x8, 0xff, 0x60,
    0x0, 0x1a, 0xff, 0x30, 0x0, 0xaf, 0xff, 0xee,
    0xff, 0xf5, 0x0, 0x0, 0x4, 0xad, 0xff, 0xfd,
    0x10, 0x0, 0x0, 0x0, 0x0, 0x4, 0xff, 0x70,
    0x0, 0x0, 0x0, 0x0, 0x0, 0x5f, 0xf7, 0x0,
    0x0, 0x0, 0x0, 0x0, 0x7, 0xff, 0x70,

    /* U+051B "ԛ" */
    0x0, 0x8e, 0xfd, 0x61, 0xfc, 0xc, 0xff, 0xcd,
    0xfb, 0xfc, 0x6f, 0xf3, 0x0, 0x3f, 0xfc, 0xbf,
    0x90, 0x0, 0x9, 0xfc, 0xef, 0x50, 0x0, 0x6,
    0xfc, 0xef, 0x40, 0x0, 0x4, 0xfc, 0xef, 0x50,
    0x0, 0x5, 0xfc, 0xbf, 0x80, 0x0, 0x8, 0xfc,
    0x6f, 0xf3, 0x0, 0x3f, 0xfc, 0xc, 0xff, 0xdd,
    0xfc, 0xfc, 0x0, 0x9e, 0xfd, 0x65, 0xfc, 0x0,
    0x0, 0x0, 0x5, 0xfc, 0x0, 0x0, 0x0, 0x5,
    0xfc, 0x0, 0x0, 0x0, 0x5, 0xfc, 0x0, 0x0,
    0x0, 0x5, 0xfc, 0x0, 0x0, 0x0, 0x5, 0xfc,

    /* U+051C "Ԝ" */
    0xbf, 0x80, 0x0, 0x0, 0xdf, 0x90, 0x0, 0x0,
    0xbf, 0x87, 0xfc, 0x0, 0x0, 0x2f, 0xfe, 0x0,
    0x0, 0xe, 0xf3, 0x2f, 0xf0, 0x0, 0x7, 0xff,
    0xf2, 0x0, 0x3, 0xff, 0x0, 0xef, 0x40, 0x0,
    0xbf, 0x9f, 0x70, 0x0, 0x7f, 0xb0, 0xa, 0xf8,
    0x0, 0xf, 0xe2, 0xfc, 0x0, 0xb, 0xf6, 0x0,
    0x5f, 0xc0, 0x4, 0xfa, 0xe, 0xf1, 0x0, 0xff,
    0x20, 0x1, 0xff, 0x0, 0x9f, 0x50, 0x9f, 0x50,
    0x3f, 0xe0, 0x0, 0xd, 0xf4, 0xd, 0xf1, 0x5,
    0xfa, 0x7, 0xf9, 0x0, 0x0, 0x9f, 0x82, 0xfc,
    0x0, 0xf, 0xf0, 0xbf, 0x50, 0x0, 0x4, 0xfc,
    0x6f, 0x80, 0x0, 0xbf, 0x3e, 0xf1, 0x0, 0x0,
    0xf, 0xfa, 0xf3, 0x0, 0x7, 0xf9, 0xfd, 0x0,
    0x0, 0x0, 0xcf, 0xee, 0x0, 0x0, 0x2f, 0xef,
    0x80, 0x0, 0x0, 0x7, 0xff, 0xa0, 0x0, 0x0,
    0xdf, 0xf4, 0x0, 0x0, 0x0, 0x3f, 0xf5, 0x0,
    0x0, 0x9, 0xff, 0x0, 0x0,

    /* U+051D "ԝ" */
    0xaf, 0x70, 0x0, 0x3f, 0xf5, 0x0, 0x5, 0xfc,
    0x6f, 0xc0, 0x0, 0x8f, 0xfa, 0x0, 0x9, 0xf8,
    0x1f, 0xf0, 0x0, 0xce, 0xce, 0x0, 0xd, 0xf3,
    0xd, 0xf4, 0x1, 0xfa, 0x9f, 0x30, 0x1f, 0xf0,
    0x9, 0xf8, 0x6, 0xf6, 0x5f, 0x80, 0x6f, 0xb0,
    0x4, 0xfc, 0xa, 0xf2, 0x1f, 0xc0, 0xaf, 0x60,
    0x0, 0xff, 0xf, 0xd0, 0xc, 0xf1, 0xef, 0x20,
    0x0, 0xbf, 0x6f, 0x90, 0x8, 0xf6, 0xfd, 0x0,
    0x0, 0x7f, 0xcf, 0x40, 0x3, 0xfc, 0xf9, 0x0,
    0x0, 0x3f, 0xff, 0x0, 0x0, 0xef, 0xf5, 0x0,
    0x0, 0xe, 0xfb, 0x0, 0x0, 0xaf, 0xf0, 0x0,

    /* U+051E "Ԟ" */
    0x1f, 0xf1, 0x4, 0x60, 0x5f, 0xe1, 0x1f, 0xf1,
    0xc, 0xf7, 0xef, 0x40, 0x1f, 0xf1, 0x1, 0xdf,
    0xf9, 0x0, 0x1f, 0xf1, 0x0, 0x6f, 0xf6, 0x0,
    0x1f, 0xf1, 0x1, 0xef, 0xef, 0x60, 0x1f, 0xf1,
    0xa, 0xf9, 0x1d, 0x90, 0x1f, 0xff, 0xff, 0xe0,
    0x1, 0x0, 0x1f, 0xfd, 0xdf, 0xf3, 0x0, 0x0,
    0x1f, 0xf1, 0x9, 0xfd, 0x0, 0x0, 0x1f, 0xf1,
    0x0, 0xdf, 0x90, 0x0, 0x1f, 0xf1, 0x0, 0x3f,
    0xf4, 0x0, 0x1f, 0xf1, 0x0, 0x8, 0xfe, 0x10,
    0x1f, 0xf1, 0x0, 0x0, 0xcf, 0xa0, 0x1f, 0xf1,
    0x0, 0x0, 0x2f, 0xf6,

    /* U+051F "ԟ" */
    0x0, 0x0, 0x0, 0x0, 0x0, 0x5f, 0xc0, 0x4d,
    0x2d, 0xf5, 0x5f, 0xc0, 0x2d, 0xff, 0x90, 0x5f,
    0xc0, 0x6, 0xff, 0x20, 0x5f, 0xc0, 0x1e, 0xfd,
    0xe2, 0x5f, 0xfb, 0xdf, 0x71, 0x90, 0x5f, 0xff,
    0xff, 0x60, 0x0, 0x5f, 0xc0, 0x4f, 0xf1, 0x0,
    0x5f, 0xc0, 0xa, 0xfb, 0x0, 0x5f, 0xc0, 0x1,
    0xef, 0x50, 0x5f, 0xc0, 0x0, 0x6f, 0xe1, 0x5f,
    0xc0, 0x0, 0xb, 0xfa,

    /* U+0520 "Ԡ" */
    0x0, 0x0, 0xcf, 0xff, 0xff, 0xf9, 0x0, 0x0,
    0x0, 0x0, 0x0, 0x0, 0xef, 0xed, 0xdf, 0xf9,
    0x0, 0x0, 0x0, 0x0, 0x0, 0x0, 0xff, 0x0,
    0x9, 0xf9, 0x0, 0x0, 0x0, 0x0, 0x0, 0x2,
    0xfe, 0x0, 0x9, 0xf9, 0x0, 0x0, 0x0, 0x0,
    0x0, 0x5, 0xfc, 0x0, 0x9, 0xf9, 0x0, 0x0,
    0x0, 0x0, 0x0, 0x7, 0xf9, 0x0, 0x9, 0xf9,
    0x0, 0x0, 0x0, 0x0, 0x0, 0x9, 0xf7, 0x0,
    0x9, 0xff, 0xef, 0xdb, 0x60, 0x0, 0x0, 0xc,
    0xf4, 0x0, 0x9, 0xff, 0xff, 0xff, 0xfd, 0x20,
    0x0, 0xf, 0xf2, 0x0, 0x9, 0xf9, 0x0, 0x27,
    0xff, 0xd0, 0x0, 0x2f, 0xf0, 0x0, 0x9, 0xf9,
    0x0, 0x0, 0x2f, 0xf6, 0x0, 0x6f, 0xb0, 0x0,
    0x9, 0xf9, 0x0, 0x0, 0x9, 0xfb, 0x0, 0xbf,
    0x70, 0x0, 0x9, 0xf9, 0x0, 0x0, 0x4, 0xfe,
    0xab, 0xfe, 0x10, 0x0, 0x9, 0xf9, 0x0, 0x0,
    0x3, 0xff, 0xef, 0xc3, 0x0, 0x0, 0x9, 0xf9,
    0x0, 0x0, 0x5, 0xfe, 0x0, 0x0, 0x0, 0x0,
    0x0, 0x0, 0x0, 0x0, 0x7, 0xfc, 0x0, 0x0,
    0x0, 0x0, 0x0, 0x0, 0x0, 0x0, 0xe, 0xf8,
    0x0, 0x0, 0x0, 0x0, 0x0, 0x1, 0x20, 0x1,
    0xaf, 0xf1, 0x0, 0x0, 0x0, 0x0, 0x0, 0x3,
    0xff, 0xff, 0xff, 0x50, 0x0, 0x0, 0x0, 0x0,
    0x0, 0x1, 0xbe, 0xfe, 0xa3, 0x0,

    /* U+0521 "ԡ" */
    0x0, 0xb, 0xff, 0xff, 0xfb, 0x0, 0x0, 0x0,
    0x0, 0x0, 0xdf, 0xbb, 0xdf, 0xb0, 0x0, 0x0,
    0x0, 0x0, 0xe, 0xf0, 0x7, 0xfb, 0x0, 0x0,
    0x0, 0x0, 0x0, 0xff, 0x0, 0x7f, 0xb0, 0x0,
    0x0, 0x0, 0x0, 0x2f, 0xd0, 0x7, 0xfb, 0x0,
    0x0, 0x0, 0x0, 0x4, 0xfa, 0x0, 0x7f, 0xff,
    0xfc, 0x60, 0x0, 0x0, 0x7f, 0x80, 0x7, 0xff,
    0xef, 0xff, 0xb0, 0x0, 0xb, 0xf4, 0x0, 0x7f,
    0xb0, 0x5, 0xff, 0x70, 0x2, 0xff, 0x0, 0x7,
    0xfb, 0x0, 0x7, 0xfd, 0x8, 0xef, 0x80, 0x0,
    0x7f, 0xb0, 0x0, 0x2f, 0xf0, 0xef, 0x90, 0x0,
    0x7, 0xfb, 0x0, 0x1, 0xff, 0x0, 0x0, 0x0,
    0x0, 0x0, 0x0, 0x0, 0x2f, 0xf0, 0x0, 0x0,
    0x0, 0x0, 0x0, 0x0, 0x5, 0xfd, 0x0, 0x0,
    0x0, 0x0, 0x0, 0x30, 0x2, 0xdf, 0x80, 0x0,
    0x0, 0x0, 0x0, 0xd, 0xfe, 0xff, 0xd0, 0x0,
    0x0, 0x0, 0x0, 0x0, 0x7d, 0xfe, 0x91, 0x0,

    /* U+0522 "Ԣ" */
    0x1f, 0xf1, 0x0, 0x0, 0x3, 0xff, 0x0, 0x0,
    0x0, 0x0, 0x1, 0xff, 0x10, 0x0, 0x0, 0x3f,
    0xf0, 0x0, 0x0, 0x0, 0x0, 0x1f, 0xf1, 0x0,
    0x0, 0x3, 0xff, 0x0, 0x0, 0x0, 0x0, 0x1,
    0xff, 0x10, 0x0, 0x0, 0x3f, 0xf0, 0x0, 0x0,
    0x0, 0x0, 0x1f, 0xf1, 0x0, 0x0, 0x3, 0xff,
    0x0, 0x0, 0x0, 0x0, 0x1, 0xff, 0x10, 0x0,
    0x0, 0x3f, 0xf0, 0x0, 0x0, 0x0, 0x0, 0x1f,
    0xff, 0xff, 0xff, 0xff, 0xff, 0xef, 0xec, 0x82,
    0x0, 0x1, 0xff, 0xdd, 0xdd, 0xdd, 0xef, 0xff,
    0xff, 0xff, 0xf5, 0x0, 0x1f, 0xf1, 0x0, 0x0,
    0x3, 0xff, 0x0, 0x14, 0xcf, 0xf3, 0x1, 0xff,
    0x10, 0x0, 0x0, 0x3f, 0xf0, 0x0, 0x0, 0xbf,
    0xc0, 0x1f, 0xf1, 0x0, 0x0, 0x3, 0xff, 0x0,
    0x0, 0x2, 0xff, 0x11, 0xff, 0x10, 0x0, 0x0,
    0x3f, 0xf0, 0x0, 0x0, 0xe, 0xf4, 0x1f, 0xf1,
    0x0, 0x0, 0x3, 0xff, 0x0, 0x0, 0x0, 0xdf,
    0x51, 0xff, 0x10, 0x0, 0x0, 0x3f, 0xf0, 0x0,
    0x0, 0xe, 0xf4, 0x0, 0x0, 0x0, 0x0, 0x0,
    0x0, 0x0, 0x0, 0x1, 0xff, 0x20, 0x0, 0x0,
    0x0, 0x0, 0x0, 0x0, 0x0, 0x0, 0x8f, 0xe0,
    0x0, 0x0, 0x0, 0x0, 0x0, 0x0, 0x30, 0x0,
    0x6f, 0xf7, 0x0, 0x0, 0x0, 0x0, 0x0, 0x0,
    0xc, 0xff, 0xff, 0xfb, 0x0, 0x0, 0x0, 0x0,
    0x0, 0x0, 0x0, 0x8d, 0xff, 0xc6, 0x0, 0x0,

    /* U+0523 "ԣ" */
    0x5f, 0xc0, 0x0, 0x7, 0xfa, 0x0, 0x0, 0x0,
    0x5, 0xfc, 0x0, 0x0, 0x7f, 0xa0, 0x0, 0x0,
    0x0, 0x5f, 0xc0, 0x0, 0x7, 0xfa, 0x0, 0x0,
    0x0, 0x5, 0xfc, 0x0, 0x0, 0x7f, 0xa0, 0x0,
    0x0, 0x0, 0x5f, 0xc0, 0x0, 0x7, 0xfa, 0x0,
    0x0, 0x0, 0x5, 0xff, 0xff, 0xff, 0xff, 0xef,
    0xfc, 0x70, 0x0, 0x5f, 0xeb, 0xbb, 0xbd, 0xff,
    0xff, 0xff, 0xb0, 0x5, 0xfc, 0x0, 0x0, 0x7f,
    0xa0, 0x27, 0xff, 0x70, 0x5f, 0xc0, 0x0, 0x7,
    0xfa, 0x0, 0x8, 0xfc, 0x5, 0xfc, 0x0, 0x0,
    0x7f, 0xa0, 0x0, 0x3f, 0xf0, 0x5f, 0xc0, 0x0,
    0x7, 0xfa, 0x0, 0x1, 0xff, 0x0, 0x0, 0x0,
    0x0, 0x0, 0x0, 0x0, 0x1f, 0xf0, 0x0, 0x0,
    0x0, 0x0, 0x0, 0x0, 0x5, 0xfd, 0x0, 0x0,
    0x0, 0x0, 0x0, 0x30, 0x2, 0xdf, 0x70, 0x0,
    0x0, 0x0, 0x0, 0xd, 0xfe, 0xff, 0xd0, 0x0,
    0x0, 0x0, 0x0, 0x0, 0x8d, 0xfe, 0x80, 0x0,

    /* U+0524 "Ԥ" */
    0x1f, 0xff, 0xff, 0xff, 0xff, 0xfc, 0x0, 0x1f,
    0xfd, 0xdd, 0xdd, 0xde, 0xfc, 0x0, 0x1f, 0xf1,
    0x0, 0x0, 0x5, 0xfc, 0x0, 0x1f, 0xf1, 0x0,
    0x0, 0x5, 0xfc, 0x0, 0x1f, 0xf1, 0x0, 0x0,
    0x5, 0xfc, 0x0, 0x1f, 0xf1, 0x0, 0x0, 0x5,
    0xfc, 0x0, 0x1f, 0xf1, 0x0, 0x0, 0x5, 0xfc,
    0x0, 0x1f, 0xf1, 0x0, 0x0, 0x5, 0xfc, 0x0,
    0x1f, 0xf1, 0x0, 0x0, 0x5, 0xfc, 0x0, 0x1f,
    0xf1, 0x0, 0x0, 0x5, 0xfc, 0x0, 0x1f, 0xf1,
    0x0, 0x0, 0x5, 0xfc, 0x0, 0x1f, 0xf1, 0x0,
    0x0, 0x5, 0xfc, 0x0, 0x1f, 0xf1, 0x0, 0x0,
    0x5, 0xff, 0xfd, 0x1f, 0xf1, 0x0, 0x0, 0x5,
    0xff, 0xfd, 0x0, 0x0, 0x0, 0x0, 0x0, 0x3,
    0xfd, 0x0, 0x0, 0x0, 0x0, 0x0, 0x3, 0xfd,
    0x0, 0x0, 0x0, 0x0, 0x0, 0x3, 0xfd, 0x0,
    0x0, 0x0, 0x0, 0x0, 0x2, 0xca,

    /* U+0525 "ԥ" */
    0x5f, 0xff, 0xff, 0xff, 0xff, 0x0, 0x5f, 0xfc,
    0xcc, 0xcc, 0xff, 0x0, 0x5f, 0xc0, 0x0, 0x2,
    0xff, 0x0, 0x5f, 0xc0, 0x0, 0x2, 0xff, 0x0,
    0x5f, 0xc0, 0x0, 0x2, 0xff, 0x0, 0x5f, 0xc0,
    0x0, 0x2, 0xff, 0x0, 0x5f, 0xc0, 0x0, 0x2,
    0xff, 0x0, 0x5f, 0xc0, 0x0, 0x2, 0xff, 0x0,
    0x5f, 0xc0, 0x0, 0x2, 0xff, 0x0, 0x5f, 0xc0,
    0x0, 0x2, 0xff, 0x76, 0x5f, 0xc0, 0x0, 0x2,
    0xff, 0xfd, 0x0, 0x0, 0x0, 0x0, 0x3, 0xfd,
    0x0, 0x0, 0x0, 0x0, 0x3, 0xfd, 0x0, 0x0,
    0x0, 0x0, 0x3, 0xfd, 0x0, 0x0, 0x0, 0x0,
    0x3, 0xfd,

    /* U+0526 "Ԧ" */
    0x1f, 0xf1, 0x0, 0x0, 0x0, 0x0, 0x0, 0x1f,
    0xf1, 0x0, 0x0, 0x0, 0x0, 0x0, 0x1f, 0xf1,
    0x0, 0x0, 0x0, 0x0, 0x0, 0x1f, 0xf1, 0x0,
    0x0, 0x0, 0x0, 0x0, 0x1f, 0xf1, 0x0, 0x0,
    0x0, 0x0, 0x0, 0x1f, 0xf4, 0x8c, 0xef, 0xda,
    0x20, 0x0, 0x1f, 0xff, 0xff, 0xfe, 0xff, 0xf2,
    0x0, 0x1f, 0xf8, 0x30, 0x0, 0x2e, 0xf9, 0x0,
    0x1f, 0xf1, 0x0, 0x0, 0x8, 0xfb, 0x0, 0x1f,
    0xf1, 0x0, 0x0, 0x7, 0xfb, 0x0, 0x1f, 0xf1,
    0x0, 0x0, 0x7, 0xfb, 0x0, 0x1f, 0xf1, 0x0,
    0x0, 0x7, 0xfb, 0x0, 0x1f, 0xf1, 0x0, 0x0,
    0x7, 0xff, 0xfc, 0x1f, 0xf1, 0x0, 0x0, 0x7,
    0xff, 0xfc, 0x0, 0x0, 0x0, 0x0, 0x0, 0x5,
    0xfc, 0x0, 0x0, 0x0, 0x0, 0x0, 0x5, 0xfc,
    0x0, 0x0, 0x0, 0x0, 0x0, 0x5, 0xfc, 0x0,
    0x0, 0x0, 0x0, 0x0, 0x4, 0xd9,

    /* U+0527 "ԧ" */
    0x13, 0x20, 0x0, 0x0, 0x0, 0x0, 0x5f, 0xc0,
    0x0, 0x0, 0x0, 0x0, 0x5f, 0xc0, 0x0, 0x0,
    0x0, 0x0, 0x5f, 0xc0, 0x0, 0x0, 0x0, 0x0,
    0x5f, 0xc0, 0x0, 0x0, 0x0, 0x0, 0x5f, 0xb2,
    0xbf, 0xec, 0x50, 0x0, 0x5f, 0xdf, 0xec, 0xef,
    0xf5, 0x0, 0x5f, 0xf9, 0x0, 0xa, 0xfc, 0x0,
    0x5f, 0xf1, 0x0, 0x3, 0xff, 0x0, 0x5f, 0xd0,
    0x0, 0x2, 0xff, 0x0, 0x5f, 0xc0, 0x0, 0x2,
    0xff, 0x0, 0x5f, 0xc0, 0x0, 0x2, 0xff, 0x0,
    0x5f, 0xc0, 0x0, 0x2, 0xff, 0x0, 0x5f, 0xc0,
    0x0, 0x2, 0xff, 0x0, 0x5f, 0xc0, 0x0, 0x2,
    0xff, 0x76, 0x5f, 0xc0, 0x0, 0x2, 0xff, 0xfd,
    0x0, 0x0, 0x0, 0x0, 0x3, 0xfd, 0x0, 0x0,
    0x0, 0x0, 0x3, 0xfd, 0x0, 0x0, 0x0, 0x0,
    0x3, 0xfd, 0x0, 0x0, 0x0, 0x0, 0x3, 0xfd,

    /* U+0528 "Ԩ" */
    0x0, 0x3f, 0xf0, 0x0, 0x0, 0x3, 0xff, 0x0,
    0x3f, 0xf0, 0x0, 0x0, 0x3, 0xff, 0x0, 0x3f,
    0xf0, 0x0, 0x0, 0x3, 0xff, 0x0, 0x3f, 0xf0,
    0x0, 0x0, 0x3, 0xff, 0x0, 0x3f, 0xf0, 0x0,
    0x0, 0x3, 0xff, 0x0, 0x3f, 0xf0, 0x0, 0x0,
    0x3, 0xff, 0x0, 0x3f, 0xff, 0xff, 0xff, 0xff,
    0xff, 0x0, 0x3f, 0xfd, 0xdd, 0xdd, 0xde, 0xff,
    0x0, 0x3f, 0xf0, 0x0, 0x0, 0x3, 0xff, 0x0,
    0x3f, 0xf0, 0x0, 0x0, 0x3, 0xff, 0x0, 0x3f,
    0xf0, 0x0, 0x0, 0x3, 0xff, 0x0, 0x3f, 0xf0,
    0x0, 0x0, 0x3, 0xff, 0x0, 0x3f, 0xf0, 0x0,
    0x0, 0x3, 0xff, 0x0, 0x3f, 0xf0, 0x0, 0x0,
    0x3, 0xff, 0x0, 0x3f, 0xf0, 0x0, 0x0, 0x0,
    0x0, 0x0, 0x5f, 0xe0, 0x0, 0x0, 0x0, 0x0,
    0x6c, 0xff, 0xa0, 0x0, 0x0, 0x0, 0x0, 0x5f,
    0xea, 0x10, 0x0, 0x0, 0x0, 0x0,

    /* U+0529 "ԩ" */
    0x0, 0x6f, 0xb0, 0x0, 0x1, 0xff, 0x10, 0x6,
    0xfb, 0x0, 0x0, 0x1f, 0xf1, 0x0, 0x6f, 0xb0,
    0x0, 0x1, 0xff, 0x10, 0x6, 0xfb, 0x0, 0x0,
    0x1f, 0xf1, 0x0, 0x6f, 0xb0, 0x0, 0x1, 0xff,
    0x10, 0x6, 0xff, 0xff, 0xff, 0xff, 0xf1, 0x0,
    0x6f, 0xea, 0xaa, 0xaa, 0xff, 0x10, 0x6, 0xfb,
    0x0, 0x0, 0x1f, 0xf1, 0x0, 0x6f, 0xb0, 0x0,
    0x1, 0xff, 0x10, 0x6, 0xfb, 0x0, 0x0, 0x1f,
    0xf1, 0x0, 0x6f, 0xb0, 0x0, 0x1, 0xff, 0x10,
    0x6, 0xfb, 0x0, 0x0, 0x0, 0x0, 0x0, 0x6f,
    0xb0, 0x0, 0x0, 0x0, 0x0, 0x9, 0xf9, 0x0,
    0x0, 0x0, 0x0, 0xbd, 0xff, 0x40, 0x0, 0x0,
    0x0, 0xb, 0xfd, 0x70, 0x0, 0x0, 0x0, 0x0,

    /* U+052A "Ԫ" */
    0x0, 0x1, 0xff, 0xff, 0xff, 0xff, 0xc0, 0x0,
    0x2, 0xff, 0x0, 0x0, 0x6, 0xfd, 0x0, 0x0,
    0x2f, 0xfd, 0xdd, 0xde, 0xfc, 0x0, 0x0, 0x2f,
    0xf0, 0x0, 0x1, 0xff, 0x30, 0x0, 0x3, 0xfc,
    0x0, 0x0, 0x5f, 0xc0, 0x0, 0x2, 0xff, 0x0,
    0x0, 0xbf, 0x80, 0x0, 0x0, 0x4f, 0xb0, 0x0,
    0x5, 0xfc, 0x0, 0x0, 0x2f, 0xf0, 0x0, 0x6f,
    0xc0, 0x0, 0x0, 0x5, 0xfa, 0x0, 0x0, 0x5f,
    0xc0, 0x0, 0x2, 0xff, 0x0, 0x1f, 0xf2, 0x0,
    0x0, 0x0, 0x6f, 0x90, 0x0, 0x5, 0xfc, 0x0,
    0x0, 0x2f, 0xf0, 0xb, 0xf7, 0x0, 0x0, 0x0,
    0x7, 0xf8, 0x0, 0x0, 0x5f, 0xff, 0xff, 0xff,
    0xff, 0xff, 0xfd, 0x0, 0x0, 0x0, 0x0, 0x9f,
    0x70, 0x0, 0x5, 0xfe, 0xaa, 0xaa, 0xbf, 0xfa,
    0xaf, 0xf4, 0x0, 0x0, 0x0, 0xb, 0xf5, 0x0,
    0x0, 0x5f, 0xc0, 0x0, 0x2, 0xff, 0x0, 0x8f,
    0xe1, 0x0, 0x0, 0x0, 0xff, 0x10, 0x0, 0x5,
    0xfc, 0x0, 0x0, 0x2f, 0xf0, 0x0, 0xdf, 0xa0,
    0x0, 0x0, 0x6f, 0xc0, 0x0, 0x0, 0x5f, 0xc0,
    0x0, 0x2, 0xff, 0x0, 0x3, 0xff, 0x50, 0x0,
    0xe, 0xf5, 0x0, 0x0, 0x5, 0xfc, 0x0, 0x0,
    0x2f, 0xf0, 0x0, 0x8, 0xfe, 0x10, 0xae, 0xff,
    0xdd, 0xdd, 0xdd, 0xef, 0xfd, 0x90, 0x2, 0xff,
    0x0, 0x0, 0xc, 0xfa, 0xc, 0xff, 0xff, 0xff,
    0xff, 0xff, 0xff, 0xfa, 0x0, 0x2f, 0xf0, 0x0,
    0x0, 0x2f, 0xf5, 0xcf, 0x40, 0x0, 0x0, 0x0,
    0x0, 0x6f, 0xa0, 0x0, 0x0, 0x0, 0x0, 0x0,
    0x0, 0xc, 0xf4, 0x0, 0x0, 0x0, 0x0, 0x6,
    0xfa, 0x0, 0x0, 0x0, 0x0, 0x0, 0x0, 0x0,
    0xcf, 0x40, 0x0, 0x0, 0x0, 0x0, 0x6f, 0xa0,
    0x0, 0x0, 0x0, 0x0, 0x0, 0x0, 0x1, 0x10,
    0x0, 0x0, 0x0, 0x0, 0x0, 0x11, 0x0, 0x0,
    0x0, 0x0, 0x0, 0x0, 0x0,

    /* U+052B "ԫ" */
    0x0, 0x1f, 0xff, 0xff, 0xff, 0x80, 0x0, 0xc,
    0xf5, 0x0, 0x4, 0xfd, 0x0, 0x1, 0xff, 0xbb,
    0xbe, 0xf8, 0x0, 0x0, 0xcf, 0x50, 0x1, 0xef,
    0x30, 0x0, 0x2f, 0xc0, 0x0, 0x9f, 0x80, 0x0,
    0xc, 0xf5, 0x0, 0xbf, 0x70, 0x0, 0x3, 0xfb,
    0x0, 0x9, 0xf8, 0x0, 0x0, 0xcf, 0x50, 0x7f,
    0xc0, 0x0, 0x0, 0x4f, 0xa0, 0x0, 0x9f, 0xec,
    0xcc, 0xcf, 0xfd, 0xcf, 0xe1, 0x0, 0x0, 0x5,
    0xf8, 0x0, 0x9, 0xff, 0xff, 0xff, 0xff, 0xff,
    0xfe, 0x10, 0x0, 0x0, 0x7f, 0x60, 0x0, 0x9f,
    0x80, 0x0, 0xc, 0xf5, 0xb, 0xfa, 0x0, 0x0,
    0xc, 0xf3, 0x0, 0x9, 0xf8, 0x0, 0x0, 0xcf,
    0x50, 0x2f, 0xf4, 0x0, 0x3, 0xfe, 0x0, 0x0,
    0x9f, 0x80, 0x0, 0xc, 0xf5, 0x0, 0x7f, 0xe0,
    0x9, 0xef, 0xeb, 0xbb, 0xbe, 0xfd, 0xb1, 0x0,
    0xcf, 0x50, 0x0, 0xcf, 0x90, 0xdf, 0xff, 0xff,
    0xff, 0xff, 0xff, 0x20, 0xc, 0xf5, 0x0, 0x3,
    0xff, 0x3d, 0xf3, 0x0, 0x0, 0x0, 0xe, 0xf2,
    0x0, 0x0, 0x0, 0x0, 0x0, 0x0, 0xdf, 0x30,
    0x0, 0x0, 0x0, 0xef, 0x20, 0x0, 0x0, 0x0,
    0x0, 0x0, 0xa, 0xc2, 0x0, 0x0, 0x0, 0xb,
    0xc1, 0x0, 0x0, 0x0, 0x0, 0x0, 0x0,

    /* U+052C "Ԭ" */
    0x1f, 0xf0, 0x3, 0xff, 0xff, 0xff, 0x30, 0x1f,
    0xf0, 0x4, 0xfe, 0xdd, 0xff, 0x30, 0x1f, 0xf0,
    0x6, 0xf6, 0x0, 0xff, 0x30, 0x1f, 0xf0, 0x9,
    0xf4, 0x0, 0xff, 0x30, 0x1f, 0xf0, 0xd, 0xf1,
    0x0, 0xff, 0x30, 0x1f, 0xf0, 0x1f, 0xd0, 0x0,
    0xff, 0x30, 0xe, 0xf8, 0x6f, 0x90, 0x4, 0xff,
    0x30, 0x7, 0xff, 0xff, 0xdd, 0xff, 0xff, 0x30,
    0x0, 0x6d, 0xff, 0xed, 0x94, 0xff, 0x30, 0x0,
    0x7, 0xfa, 0x0, 0x0, 0xff, 0x30, 0x0, 0xe,
    0xf4, 0x0, 0x0, 0xff, 0x30, 0x0, 0x6f, 0xc0,
    0x0, 0x0, 0xff, 0x30, 0xbd, 0xff, 0xed, 0xdd,
    0xdd, 0xff, 0xeb, 0xef, 0xff, 0xff, 0xff, 0xff,
    0xff, 0xfe, 0xef, 0x30, 0x0, 0x0, 0x0, 0x3,
    0xfe, 0xef, 0x30, 0x0, 0x0, 0x0, 0x3, 0xfe,
    0xef, 0x30, 0x0, 0x0, 0x0, 0x3, 0xfe, 0xdf,
    0x30, 0x0, 0x0, 0x0, 0x3, 0xfd,

    /* U+052D "ԭ" */
    0x7f, 0x50, 0x7f, 0xff, 0xff, 0x70, 0x7f, 0x50,
    0x9f, 0xbb, 0xef, 0x70, 0x7f, 0x50, 0xaf, 0x0,
    0xaf, 0x70, 0x7f, 0x50, 0xce, 0x0, 0xaf, 0x70,
    0x5f, 0x70, 0xfc, 0x0, 0xaf, 0x70, 0x2f, 0xe6,
    0xf9, 0x29, 0xff, 0x70, 0x9, 0xff, 0xff, 0xfe,
    0xdf, 0x70, 0x0, 0x5f, 0xf8, 0x50, 0xaf, 0x70,
    0x0, 0x8f, 0x80, 0x0, 0xaf, 0x70, 0x7b, 0xff,
    0xbb, 0xbb, 0xef, 0xdb, 0xaf, 0xff, 0xff, 0xff,
    0xff, 0xff, 0xaf, 0x40, 0x0, 0x0, 0x0, 0xff,
    0xaf, 0x40, 0x0, 0x0, 0x0, 0xff, 0xaf, 0x40,
    0x0, 0x0, 0x0, 0xff, 0x8c, 0x30, 0x0, 0x0,
    0x0, 0xbc,

    /* U+052E "Ԯ" */
    0x0, 0x9, 0xff, 0xff, 0xff, 0xff, 0x40, 0x0,
    0x0, 0xaf, 0xed, 0xdd, 0xdf, 0xf4, 0x0, 0x0,
    0xb, 0xf5, 0x0, 0x0, 0xef, 0x40, 0x0, 0x0,
    0xcf, 0x40, 0x0, 0xe, 0xf4, 0x0, 0x0, 0xc,
    0xf3, 0x0, 0x0, 0xef, 0x40, 0x0, 0x0, 0xdf,
    0x20, 0x0, 0xe, 0xf4, 0x0, 0x0, 0xe, 0xf1,
    0x0, 0x0, 0xef, 0x40, 0x0, 0x0, 0xff, 0x0,
    0x0, 0xe, 0xf4, 0x0, 0x0, 0x1f, 0xf0, 0x0,
    0x0, 0xef, 0x40, 0x0, 0x2, 0xfd, 0x0, 0x0,
    0xe, 0xf4, 0x0, 0x0, 0x5f, 0xb0, 0x0, 0x0,
    0xef, 0x40, 0x0, 0x1c, 0xf8, 0x0, 0x0, 0xe,
    0xf4, 0x0, 0xef, 0xff, 0x20, 0x0, 0x0, 0xef,
    0xff, 0x2c, 0xfc, 0x40, 0x0, 0x0, 0xe, 0xff,
    0xf2, 0x0, 0x0, 0x0, 0x0, 0x0, 0x0, 0xff,
    0x20, 0x0, 0x0, 0x0, 0x0, 0x0, 0xf, 0xf2,
    0x0, 0x0, 0x0, 0x0, 0x0, 0x0, 0xff, 0x20,
    0x0, 0x0, 0x0, 0x0, 0x0, 0xb, 0xb1,

    /* U+052F "ԯ" */
    0x0, 0x5f, 0xff, 0xff, 0xff, 0x50, 0x0, 0x6f,
    0xec, 0xcc, 0xff, 0x50, 0x0, 0x7f, 0x70, 0x0,
    0xcf, 0x50, 0x0, 0x7f, 0x60, 0x0, 0xcf, 0x50,
    0x0, 0x8f, 0x50, 0x0, 0xcf, 0x50, 0x0, 0x9f,
    0x40, 0x0, 0xcf, 0x50, 0x0, 0xbf, 0x30, 0x0,
    0xcf, 0x50, 0x0, 0xdf, 0x20, 0x0, 0xcf, 0x50,
    0x2, 0xff, 0x0, 0x0, 0xcf, 0x50, 0xef, 0xfa,
    0x0, 0x0, 0xcf, 0xeb, 0xef, 0xa1, 0x0, 0x0,
    0xcf, 0xfd, 0x0, 0x0, 0x0, 0x0, 0x1, 0xfd,
    0x0, 0x0, 0x0, 0x0, 0x1, 0xfd, 0x0, 0x0,
    0x0, 0x0, 0x1, 0xfd, 0x0, 0x0, 0x0, 0x0,
    0x0, 0xa8,

    /* U+1E80 "Ẁ" */
    0x0, 0x0, 0x0, 0x4f, 0xf4, 0x0, 0x0, 0x0,
    0x0, 0x0, 0x0, 0x0, 0x0, 0x6f, 0xd0, 0x0,
    0x0, 0x0, 0x0, 0x0, 0x0, 0x0, 0x0, 0x7f,
    0x70, 0x0, 0x0, 0x0, 0x0, 0x0, 0x0, 0x0,
    0x0, 0x57, 0x0, 0x0, 0x0, 0x0, 0x0, 0x0,
    0x0, 0x0, 0x0, 0x0, 0x0, 0x0, 0x0, 0xb,
    0xf8, 0x0, 0x0, 0xd, 0xf9, 0x0, 0x0, 0xb,
    0xf8, 0x7f, 0xc0, 0x0, 0x2, 0xff, 0xe0, 0x0,
    0x0, 0xef, 0x32, 0xff, 0x0, 0x0, 0x7f, 0xff,
    0x20, 0x0, 0x3f, 0xf0, 0xe, 0xf4, 0x0, 0xb,
    0xf9, 0xf7, 0x0, 0x7, 0xfb, 0x0, 0xaf, 0x80,
    0x0, 0xfe, 0x2f, 0xc0, 0x0, 0xbf, 0x60, 0x5,
    0xfc, 0x0, 0x4f, 0xa0, 0xef, 0x10, 0xf, 0xf2,
    0x0, 0x1f, 0xf0, 0x9, 0xf5, 0x9, 0xf5, 0x3,
    0xfe, 0x0, 0x0, 0xdf, 0x40, 0xdf, 0x10, 0x5f,
    0xa0, 0x7f, 0x90, 0x0, 0x9, 0xf8, 0x2f, 0xc0,
    0x0, 0xff, 0xb, 0xf5, 0x0, 0x0, 0x4f, 0xc6,
    0xf8, 0x0, 0xb, 0xf3, 0xef, 0x10, 0x0, 0x0,
    0xff, 0xaf, 0x30, 0x0, 0x7f, 0x9f, 0xd0, 0x0,
    0x0, 0xc, 0xfe, 0xe0, 0x0, 0x2, 0xfe, 0xf8,
    0x0, 0x0, 0x0, 0x7f, 0xfa, 0x0, 0x0, 0xd,
    0xff, 0x40, 0x0, 0x0, 0x3, 0xff, 0x50, 0x0,
    0x0, 0x9f, 0xf0, 0x0, 0x0,

    /* U+1E81 "ẁ" */
    0x0, 0x0, 0x5, 0xff, 0x20, 0x0, 0x0, 0x0,
    0x0, 0x0, 0x0, 0x4f, 0xd0, 0x0, 0x0, 0x0,
    0x0, 0x0, 0x0, 0x2, 0xc8, 0x0, 0x0, 0x0,
    0x0, 0x0, 0x0, 0x0, 0x0, 0x0, 0x0, 0x0,
    0xaf, 0x70, 0x0, 0x3f, 0xf5, 0x0, 0x5, 0xfc,
    0x6f, 0xc0, 0x0, 0x8f, 0xfa, 0x0, 0x9, 0xf8,
    0x1f, 0xf0, 0x0, 0xce, 0xce, 0x0, 0xd, 0xf3,
    0xd, 0xf4, 0x1, 0xfa, 0x9f, 0x30, 0x1f, 0xf0,
    0x9, 0xf8, 0x6, 0xf6, 0x5f, 0x80, 0x6f, 0xb0,
    0x4, 0xfc, 0xa, 0xf2, 0x1f, 0xc0, 0xaf, 0x60,
    0x0, 0xff, 0xf, 0xd0, 0xc, 0xf1, 0xef, 0x20,
    0x0, 0xbf, 0x6f, 0x90, 0x8, 0xf6, 0xfd, 0x0,
    0x0, 0x7f, 0xcf, 0x40, 0x3, 0xfc, 0xf9, 0x0,
    0x0, 0x3f, 0xff, 0x0, 0x0, 0xef, 0xf5, 0x0,
    0x0, 0xe, 0xfb, 0x0, 0x0, 0xaf, 0xf0, 0x0,

    /* U+1E82 "Ẃ" */
    0x0, 0x0, 0x0, 0x0, 0x3, 0xff, 0x50, 0x0,
    0x0, 0x0, 0x0, 0x0, 0x0, 0x0, 0xcf, 0x70,
    0x0, 0x0, 0x0, 0x0, 0x0, 0x0, 0x0, 0x7f,
    0x80, 0x0, 0x0, 0x0, 0x0, 0x0, 0x0, 0x0,
    0x7, 0x50, 0x0, 0x0, 0x0, 0x0, 0x0, 0x0,
    0x0, 0x0, 0x0, 0x0, 0x0, 0x0, 0x0, 0xb,
    0xf8, 0x0, 0x0, 0xd, 0xf9, 0x0, 0x0, 0xb,
    0xf8, 0x7f, 0xc0, 0x0, 0x2, 0xff, 0xe0, 0x0,
    0x0, 0xef, 0x32, 0xff, 0x0, 0x0, 0x7f, 0xff,
    0x20, 0x0, 0x3f, 0xf0, 0xe, 0xf4, 0x0, 0xb,
    0xf9, 0xf7, 0x0, 0x7, 0xfb, 0x0, 0xaf, 0x80,
    0x0, 0xfe, 0x2f, 0xc0, 0x0, 0xbf, 0x60, 0x5,
    0xfc, 0x0, 0x4f, 0xa0, 0xef, 0x10, 0xf, 0xf2,
    0x0, 0x1f, 0xf0, 0x9, 0xf5, 0x9, 0xf5, 0x3,
    0xfe, 0x0, 0x0, 0xdf, 0x40, 0xdf, 0x10, 0x5f,
    0xa0, 0x7f, 0x90, 0x0, 0x9, 0xf8, 0x2f, 0xc0,
    0x0, 0xff, 0xb, 0xf5, 0x0, 0x0, 0x4f, 0xc6,
    0xf8, 0x0, 0xb, 0xf3, 0xef, 0x10, 0x0, 0x0,
    0xff, 0xaf, 0x30, 0x0, 0x7f, 0x9f, 0xd0, 0x0,
    0x0, 0xc, 0xfe, 0xe0, 0x0, 0x2, 0xfe, 0xf8,
    0x0, 0x0, 0x0, 0x7f, 0xfa, 0x0, 0x0, 0xd,
    0xff, 0x40, 0x0, 0x0, 0x3, 0xff, 0x50, 0x0,
    0x0, 0x9f, 0xf0, 0x0, 0x0,

    /* U+1E83 "ẃ" */
    0x0, 0x0, 0x0, 0x0, 0x7f, 0xe2, 0x0, 0x0,
    0x0, 0x0, 0x0, 0x3, 0xfd, 0x20, 0x0, 0x0,
    0x0, 0x0, 0x0, 0xb, 0xa0, 0x0, 0x0, 0x0,
    0x0, 0x0, 0x0, 0x0, 0x0, 0x0, 0x0, 0x0,
    0xaf, 0x70, 0x0, 0x3f, 0xf5, 0x0, 0x5, 0xfc,
    0x6f, 0xc0, 0x0, 0x8f, 0xfa, 0x0, 0x9, 0xf8,
    0x1f, 0xf0, 0x0, 0xce, 0xce, 0x0, 0xd, 0xf3,
    0xd, 0xf4, 0x1, 0xfa, 0x9f, 0x30, 0x1f, 0xf0,
    0x9, 0xf8, 0x6, 0xf6, 0x5f, 0x80, 0x6f, 0xb0,
    0x4, 0xfc, 0xa, 0xf2, 0x1f, 0xc0, 0xaf, 0x60,
    0x0, 0xff, 0xf, 0xd0, 0xc, 0xf1, 0xef, 0x20,
    0x0, 0xbf, 0x6f, 0x90, 0x8, 0xf6, 0xfd, 0x0,
    0x0, 0x7f, 0xcf, 0x40, 0x3, 0xfc, 0xf9, 0x0,
    0x0, 0x3f, 0xff, 0x0, 0x0, 0xef, 0xf5, 0x0,
    0x0, 0xe, 0xfb, 0x0, 0x0, 0xaf, 0xf0, 0x0,

    /* U+1E84 "Ẅ" */
    0x0, 0x0, 0x0, 0x2, 0x0, 0x2, 0x0, 0x0,
    0x0, 0x0, 0x0, 0x0, 0x8, 0xf6, 0x9, 0xf5,
    0x0, 0x0, 0x0, 0x0, 0x0, 0x0, 0x6f, 0x40,
    0x7f, 0x30, 0x0, 0x0, 0x0, 0x0, 0x0, 0x0,
    0x0, 0x0, 0x0, 0x0, 0x0, 0x0, 0x0, 0x0,
    0x0, 0x0, 0x0, 0x0, 0x0, 0x0, 0x0, 0xb,
    0xf8, 0x0, 0x0, 0xd, 0xf9, 0x0, 0x0, 0xb,
    0xf8, 0x7f, 0xc0, 0x0, 0x2, 0xff, 0xe0, 0x0,
    0x0, 0xef, 0x32, 0xff, 0x0, 0x0, 0x7f, 0xff,
    0x20, 0x0, 0x3f, 0xf0, 0xe, 0xf4, 0x0, 0xb,
    0xf9, 0xf7, 0x0, 0x7, 0xfb, 0x0, 0xaf, 0x80,
    0x0, 0xfe, 0x2f, 0xc0, 0x0, 0xbf, 0x60, 0x5,
    0xfc, 0x0, 0x4f, 0xa0, 0xef, 0x10, 0xf, 0xf2,
    0x0, 0x1f, 0xf0, 0x9, 0xf5, 0x9, 0xf5, 0x3,
    0xfe, 0x0, 0x0, 0xdf, 0x40, 0xdf, 0x10, 0x5f,
    0xa0, 0x7f, 0x90, 0x0, 0x9, 0xf8, 0x2f, 0xc0,
    0x0, 0xff, 0xb, 0xf5, 0x0, 0x0, 0x4f, 0xc6,
    0xf8, 0x0, 0xb, 0xf3, 0xef, 0x10, 0x0, 0x0,
    0xff, 0xaf, 0x30, 0x0, 0x7f, 0x9f, 0xd0, 0x0,
    0x0, 0xc, 0xfe, 0xe0, 0x0, 0x2, 0xfe, 0xf8,
    0x0, 0x0, 0x0, 0x7f, 0xfa, 0x0, 0x0, 0xd,
    0xff, 0x40, 0x0, 0x0, 0x3, 0xff, 0x50, 0x0,
    0x0, 0x9f, 0xf0, 0x0, 0x0,

    /* U+1E85 "ẅ" */
    0x0, 0x0, 0xb, 0xe1, 0xc, 0xd0, 0x0, 0x0,
    0x0, 0x0, 0xd, 0xf1, 0xe, 0xf0, 0x0, 0x0,
    0x0, 0x0, 0x0, 0x10, 0x1, 0x10, 0x0, 0x0,
    0xaf, 0x70, 0x0, 0x3f, 0xf5, 0x0, 0x5, 0xfc,
    0x6f, 0xc0, 0x0, 0x8f, 0xfa, 0x0, 0x9, 0xf8,
    0x1f, 0xf0, 0x0, 0xce, 0xce, 0x0, 0xd, 0xf3,
    0xd, 0xf4, 0x1, 0xfa, 0x9f, 0x30, 0x1f, 0xf0,
    0x9, 0xf8, 0x6, 0xf6, 0x5f, 0x80, 0x6f, 0xb0,
    0x4, 0xfc, 0xa, 0xf2, 0x1f, 0xc0, 0xaf, 0x60,
    0x0, 0xff, 0xf, 0xd0, 0xc, 0xf1, 0xef, 0x20,
    0x0, 0xbf, 0x6f, 0x90, 0x8, 0xf6, 0xfd, 0x0,
    0x0, 0x7f, 0xcf, 0x40, 0x3, 0xfc, 0xf9, 0x0,
    0x0, 0x3f, 0xff, 0x0, 0x0, 0xef, 0xf5, 0x0,
    0x0, 0xe, 0xfb, 0x0, 0x0, 0xaf, 0xf0, 0x0,

    /* U+1E9E "ẞ" */
    0x0, 0x6, 0xce, 0xfd, 0xa3, 0x0, 0x0, 0xc,
    0xff, 0xfe, 0xff, 0xf5, 0x0, 0x9, 0xfe, 0x40,
    0x0, 0x8f, 0xf1, 0x0, 0xff, 0x50, 0x0, 0x7,
    0xfd, 0x10, 0x2f, 0xf0, 0x0, 0xa, 0xfb, 0x10,
    0x3, 0xfe, 0x0, 0xb, 0xff, 0x83, 0x0, 0x3f,
    0xe0, 0x0, 0xdf, 0xff, 0xf9, 0x3, 0xfe, 0x0,
    0x0, 0x2, 0x8f, 0xf5, 0x3f, 0xe0, 0x0, 0x0,
    0x0, 0x9f, 0xb3, 0xfe, 0x0, 0x0, 0x0, 0x6,
    0xfc, 0x3f, 0xe0, 0x0, 0x0, 0x0, 0x8f, 0xb3,
    0xfe, 0x7, 0x20, 0x0, 0x3f, 0xf6, 0x3f, 0xe0,
    0xff, 0xec, 0xef, 0xfb, 0x3, 0xfe, 0x5, 0xbe,
    0xfe, 0xc7, 0x0,

    /* U+1EF2 "Ỳ" */
    0x0, 0xa, 0xfd, 0x0, 0x0, 0x0, 0x0, 0x0,
    0xcf, 0x60, 0x0, 0x0, 0x0, 0x0, 0x1d, 0xf2,
    0x0, 0x0, 0x0, 0x0, 0x0, 0x74, 0x0, 0x0,
    0x0, 0x0, 0x0, 0x0, 0x0, 0x0, 0xbf, 0x90,
    0x0, 0x0, 0xe, 0xf6, 0x3f, 0xf2, 0x0, 0x0,
    0x7f, 0xd0, 0xa, 0xfa, 0x0, 0x0, 0xef, 0x40,
    0x1, 0xff, 0x20, 0x7, 0xfb, 0x0, 0x0, 0x8f,
    0xb0, 0x1f, 0xf3, 0x0, 0x0, 0xe, 0xf3, 0x8f,
    0xa0, 0x0, 0x0, 0x7, 0xfc, 0xff, 0x10, 0x0,
    0x0, 0x0, 0xdf, 0xf8, 0x0, 0x0, 0x0, 0x0,
    0x6f, 0xf0, 0x0, 0x0, 0x0, 0x0, 0x4f, 0xe0,
    0x0, 0x0, 0x0, 0x0, 0x4f, 0xe0, 0x0, 0x0,
    0x0, 0x0, 0x4f, 0xe0, 0x0, 0x0, 0x0, 0x0,
    0x4f, 0xe0, 0x0, 0x0, 0x0, 0x0, 0x4f, 0xe0,
    0x0, 0x0,

    /* U+1EF3 "ỳ" */
    0x0, 0x3f, 0xf5, 0x0, 0x0, 0x0, 0x0, 0x2e,
    0xf2, 0x0, 0x0, 0x0, 0x0, 0x1a, 0xb0, 0x0,
    0x0, 0x0, 0x0, 0x0, 0x0, 0x0, 0xcf, 0x70,
    0x0, 0x0, 0xdf, 0x66, 0xfc, 0x0, 0x0, 0x3f,
    0xf0, 0xf, 0xf2, 0x0, 0x8, 0xfa, 0x0, 0x9f,
    0x80, 0x0, 0xef, 0x40, 0x3, 0xfd, 0x0, 0x3f,
    0xe0, 0x0, 0xd, 0xf3, 0x9, 0xf8, 0x0, 0x0,
    0x7f, 0x90, 0xef, 0x20, 0x0, 0x1, 0xfe, 0x3f,
    0xc0, 0x0, 0x0, 0xa, 0xfa, 0xf6, 0x0, 0x0,
    0x0, 0x4f, 0xff, 0x10, 0x0, 0x0, 0x0, 0xef,
    0xb0, 0x0, 0x0, 0x0, 0xd, 0xf5, 0x0, 0x0,
    0x0, 0x3, 0xfe, 0x0, 0x0, 0x0, 0x0, 0xcf,
    0x70, 0x0, 0x0, 0x8c, 0xef, 0xd0, 0x0, 0x0,
    0x9, 0xfe, 0x91, 0x0, 0x0, 0x0,

    /* U+2010 "‐" */
    0x3d, 0xdd, 0xd9, 0x4f, 0xff, 0xfb,

    /* U+2011 "‑" */
    0x3d, 0xdd, 0xd9, 0x4f, 0xff, 0xfb,

    /* U+2012 "‒" */
    0x2b, 0xbb, 0xbb, 0xbb, 0xbb, 0x73, 0xff, 0xff,
    0xff, 0xff, 0xfb,

    /* U+2013 "–" */
    0x2c, 0xcc, 0xcc, 0xcc, 0xc2, 0x3f, 0xff, 0xff,
    0xff, 0xf3,

    /* U+2014 "—" */
    0x2c, 0xcc, 0xcc, 0xcc, 0xcc, 0xcc, 0xcc, 0xcc,
    0xcc, 0xc2, 0x3f, 0xff, 0xff, 0xff, 0xff, 0xff,
    0xff, 0xff, 0xff, 0xf3,

    /* U+2015 "―" */
    0x2c, 0xcc, 0xcc, 0xcc, 0xcc, 0xcc, 0xcc, 0xcc,
    0xcc, 0xc2, 0x3f, 0xff, 0xff, 0xff, 0xff, 0xff,
    0xff, 0xff, 0xff, 0xf3,

    /* U+2016 "‖" */
    0xaf, 0x0, 0xf, 0xaa, 0xf0, 0x0, 0xfa, 0xaf,
    0x0, 0xf, 0xaa, 0xf0, 0x0, 0xfa, 0xaf, 0x0,
    0xf, 0xaa, 0xf0, 0x0, 0xfa, 0xaf, 0x0, 0xf,
    0xaa, 0xf0, 0x0, 0xfa, 0xaf, 0x0, 0xf, 0xaa,
    0xf0, 0x0, 0xfa, 0xaf, 0x0, 0xf, 0xaa, 0xf0,
    0x0, 0xfa, 0xaf, 0x0, 0xf, 0xaa, 0xf0, 0x0,
    0xfa, 0xaf, 0x0, 0xf, 0xaa, 0xf0, 0x0, 0xfa,
    0xaf, 0x0, 0xf, 0xaa, 0xf0, 0x0, 0xfa, 0xaf,
    0x0, 0xf, 0xaa, 0xf0, 0x0, 0xfa,

    /* U+2017 "‗" */
    0x0, 0x0, 0x0, 0x0, 0x0, 0xf, 0xff, 0xff,
    0xff, 0xf4, 0x3, 0x33, 0x33, 0x33, 0x30, 0x1,
    0x11, 0x11, 0x11, 0x10, 0xf, 0xff, 0xff, 0xff,
    0xf4, 0x3, 0x33, 0x33, 0x33, 0x30,

    /* U+2018 "‘" */
    0x4, 0xf6, 0xa, 0xf2, 0x1f, 0xe0, 0x6f, 0xb0,
    0x9e, 0x80,

    /* U+2019 "’" */
    0xd, 0xf6, 0xf, 0xf1, 0x3f, 0xc0, 0x7f, 0x50,
    0x9d, 0x0,

    /* U+201A "‚" */
    0x6, 0xea, 0xa, 0xf7, 0xd, 0xf2, 0x1f, 0xc0,
    0x4f, 0x50,

    /* U+201B "‛" */
    0xaf, 0x90, 0x5f, 0xc0, 0xf, 0xf0, 0x9, 0xf3,
    0x3, 0xe5,

    /* U+201C "“" */
    0x4, 0xf6, 0x4, 0xf5, 0xa, 0xf2, 0xb, 0xf1,
    0x1f, 0xe0, 0x1f, 0xe0, 0x6f, 0xb0, 0x7f, 0xa0,
    0x9e, 0x80, 0xae, 0x70,

    /* U+201D "”" */
    0xd, 0xf6, 0xe, 0xf5, 0xf, 0xf1, 0x1f, 0xf0,
    0x3f, 0xb0, 0x4f, 0xb0, 0x7f, 0x50, 0x8f, 0x40,
    0x9d, 0x0, 0xac, 0x0,

    /* U+201E "„" */
    0x6, 0xeb, 0x7, 0xea, 0xa, 0xf7, 0xb, 0xf7,
    0xd, 0xf2, 0xe, 0xf2, 0xf, 0xc0, 0x1f, 0xb0,
    0x4f, 0x50, 0x5f, 0x40,

    /* U+201F "‟" */
    0xaf, 0x90, 0xbf, 0x80, 0x5f, 0xb0, 0x6f, 0xb0,
    0xf, 0xf0, 0x1f, 0xe0, 0xa, 0xf2, 0xa, 0xf1,
    0x3, 0xe5, 0x4, 0xe4,

    /* U+2020 "†" */
    0x0, 0xf, 0xf1, 0x0, 0x0, 0xe, 0xf0, 0x0,
    0x0, 0xc, 0xd0, 0x0, 0x22, 0xa, 0xb0, 0x23,
    0xbf, 0xff, 0xff, 0xff, 0x78, 0x6b, 0xc6, 0x89,
    0x0, 0xa, 0xb0, 0x0, 0x0, 0xb, 0xc0, 0x0,
    0x0, 0xb, 0xc0, 0x0, 0x0, 0xc, 0xd0, 0x0,
    0x0, 0xd, 0xe0, 0x0, 0x0, 0xe, 0xf0, 0x0,
    0x0, 0xf, 0xf0, 0x0, 0x0, 0xf, 0xf0, 0x0,
    0x0, 0xf, 0xf1, 0x0,

    /* U+2021 "‡" */
    0x0, 0xe, 0xf2, 0x0, 0x0, 0x0, 0xcf, 0x0,
    0x0, 0x0, 0xa, 0xe0, 0x0, 0x7, 0x86, 0xbd,
    0x67, 0x90, 0xdf, 0xff, 0xff, 0xff, 0x12, 0x10,
    0x9d, 0x1, 0x20, 0x0, 0xc, 0xf0, 0x0, 0x0,
    0x0, 0xef, 0x10, 0x0, 0x0, 0xc, 0xf0, 0x0,
    0x2, 0x10, 0x9d, 0x1, 0x20, 0xdf, 0xff, 0xff,
    0xff, 0x17, 0x86, 0xbd, 0x68, 0x90, 0x0, 0xa,
    0xe0, 0x0, 0x0, 0x0, 0xcf, 0x0, 0x0, 0x0,
    0xe, 0xf2, 0x0, 0x0,

    /* U+2022 "•" */
    0x0, 0x42, 0x0, 0x2e, 0xff, 0x80, 0x8f, 0xff,
    0xf0, 0x9f, 0xff, 0xf1, 0x6f, 0xff, 0xe0, 0xa,
    0xfd, 0x40,

    /* U+2023 "‣" */
    0x40, 0x0, 0x0, 0xbe, 0x50, 0x0, 0xbf, 0xfc,
    0x30, 0xbf, 0xff, 0xf5, 0xbf, 0xfd, 0x40, 0xbe,
    0x60, 0x0, 0x51, 0x0, 0x0,

    /* U+2024 "․" */
    0x1c, 0xc1, 0x5f, 0xf5, 0x1e, 0xd1,

    /* U+2025 "‥" */
    0x4d, 0xa0, 0x0, 0xad, 0x39, 0xff, 0x0, 0x1f,
    0xf9, 0x5f, 0xb0, 0x0, 0xce, 0x40,

    /* U+2026 "…" */
    0x4d, 0xa0, 0x0, 0xbc, 0x20, 0x7, 0xd6, 0x9f,
    0xf0, 0x3, 0xff, 0x70, 0xe, 0xfc, 0x5f, 0xb0,
    0x1, 0xde, 0x20, 0x8, 0xf7,

    /* U+2027 "‧" */
    0x4d, 0xa0, 0x9f, 0xf0, 0x5f, 0xb0,

    /* U+2030 "‰" */
    0x0, 0xaf, 0xe8, 0x0, 0x0, 0xb, 0xf1, 0x0,
    0x0, 0x0, 0x0, 0x0, 0x9, 0xf9, 0xbf, 0x60,
    0x0, 0x4f, 0x80, 0x0, 0x0, 0x0, 0x0, 0x0,
    0xf, 0xc0, 0xe, 0xd0, 0x0, 0xde, 0x0, 0x0,
    0x0, 0x0, 0x0, 0x0, 0x1f, 0xa0, 0xb, 0xf0,
    0x6, 0xf6, 0x0, 0x0, 0x0, 0x0, 0x0, 0x0,
    0x1f, 0x90, 0xb, 0xf0, 0xe, 0xc0, 0x1, 0x0,
    0x0, 0x0, 0x10, 0x0, 0xf, 0xb0, 0xd, 0xe0,
    0x8f, 0x4a, 0xff, 0xb0, 0x0, 0x9f, 0xfc, 0x10,
    0xa, 0xf4, 0x6f, 0x92, 0xfa, 0x6f, 0x98, 0xf8,
    0x5, 0xfa, 0x7f, 0xa0, 0x2, 0xef, 0xfd, 0x1a,
    0xf2, 0xce, 0x0, 0xce, 0xa, 0xf0, 0xb, 0xf0,
    0x0, 0x4, 0x30, 0x3f, 0x80, 0xec, 0x0, 0xaf,
    0xd, 0xd0, 0x8, 0xf2, 0x0, 0x0, 0x0, 0xce,
    0x10, 0xfb, 0x0, 0x9f, 0x2e, 0xd0, 0x7, 0xf4,
    0x0, 0x0, 0x5, 0xf6, 0x0, 0xec, 0x0, 0xaf,
    0xc, 0xd0, 0x8, 0xf2, 0x0, 0x0, 0xe, 0xd0,
    0x0, 0xbe, 0x0, 0xce, 0x9, 0xf0, 0xa, 0xf0,
    0x0, 0x0, 0x7f, 0x40, 0x0, 0x5f, 0x87, 0xf7,
    0x3, 0xfa, 0x6f, 0x90, 0x0, 0x1, 0xfb, 0x0,
    0x0, 0x7, 0xef, 0x90, 0x0, 0x6e, 0xfa, 0x10,

    /* U+2039 "‹" */
    0x0, 0x0, 0x60, 0x0, 0xb, 0xf7, 0x0, 0x8f,
    0xb0, 0x5, 0xfd, 0x10, 0x1f, 0xf3, 0x0, 0xa,
    0xfa, 0x0, 0x0, 0xcf, 0x70, 0x0, 0x1e, 0xf4,
    0x0, 0x3, 0xb3,

    /* U+203A "›" */
    0x2, 0x40, 0x0, 0xe, 0xf3, 0x0, 0x3, 0xfe,
    0x10, 0x0, 0x6f, 0xd0, 0x0, 0xa, 0xf9, 0x0,
    0x2f, 0xf3, 0x1, 0xdf, 0x50, 0xb, 0xf7, 0x0,
    0x7, 0x90, 0x0,

    /* U+20A4 "₤" */
    0x0, 0x0, 0x8d, 0xfe, 0xc8, 0x10, 0x0, 0xbf,
    0xfc, 0xdf, 0xf1, 0x0, 0x2f, 0xf2, 0x0, 0x2,
    0x0, 0x5, 0xfc, 0x0, 0x0, 0x0, 0x1, 0x6f,
    0xc1, 0x11, 0x10, 0x4, 0xff, 0xff, 0xff, 0xfa,
    0x0, 0x14, 0x8f, 0xd4, 0x44, 0x20, 0x0, 0x27,
    0xfc, 0x22, 0x21, 0x0, 0x4f, 0xff, 0xff, 0xff,
    0xa0, 0x1, 0x59, 0xfc, 0x55, 0x53, 0x0, 0x0,
    0x8f, 0x80, 0x0, 0x0, 0x0, 0x2e, 0xe1, 0x0,
    0x0, 0x0, 0x3f, 0xfe, 0xee, 0xee, 0xee, 0xb4,
    0xff, 0xff, 0xff, 0xff, 0xfd,

    /* U+20A5 "₥" */
    0x0, 0x0, 0x0, 0x0, 0x0, 0x28, 0x10, 0x0,
    0x0, 0x0, 0x0, 0x0, 0x0, 0xa, 0xe0, 0x0,
    0x0, 0x0, 0x0, 0x0, 0x0, 0x2, 0xf7, 0x0,
    0x0, 0x5, 0xf6, 0x3b, 0xff, 0xb3, 0x9f, 0xef,
    0xe9, 0x10, 0x5f, 0xcf, 0xfd, 0xff, 0xef, 0xfe,
    0xdf, 0xfc, 0x5, 0xff, 0x90, 0x2, 0xff, 0xf6,
    0x0, 0x4f, 0xf3, 0x5f, 0xf1, 0x0, 0xa, 0xfd,
    0x0, 0x0, 0xdf, 0x55, 0xfd, 0x0, 0x0, 0x9f,
    0xa0, 0x0, 0xb, 0xf6, 0x5f, 0xc0, 0x0, 0xe,
    0xf9, 0x0, 0x0, 0xbf, 0x65, 0xfc, 0x0, 0x5,
    0xff, 0x90, 0x0, 0xb, 0xf6, 0x5f, 0xc0, 0x0,
    0xdf, 0xf9, 0x0, 0x0, 0xbf, 0x65, 0xfc, 0x0,
    0x5f, 0xdf, 0x90, 0x0, 0xb, 0xf6, 0x5f, 0xc0,
    0xc, 0xc9, 0xf9, 0x0, 0x0, 0xbf, 0x65, 0xfc,
    0x4, 0xf5, 0x9f, 0x90, 0x0, 0xb, 0xf6, 0x0,
    0x0, 0xbd, 0x0, 0x0, 0x0, 0x0, 0x0, 0x0,
    0x0, 0x3f, 0x50, 0x0, 0x0, 0x0, 0x0, 0x0,

    /* U+20A6 "₦" */
    0x5, 0xff, 0x30, 0x0, 0xfc, 0x0, 0x5, 0xff,
    0x90, 0x0, 0xfc, 0x0, 0x5, 0xfe, 0xe0, 0x0,
    0xfc, 0x0, 0x5, 0xfa, 0xf4, 0x0, 0xfc, 0x0,
    0x6, 0xf6, 0xfa, 0x11, 0xfd, 0x10, 0xcf, 0xff,
    0xff, 0xff, 0xff, 0xf3, 0x38, 0xf8, 0x7f, 0x94,
    0xfd, 0x40, 0x6, 0xf6, 0x1f, 0xb1, 0xec, 0x10,
    0xcf, 0xff, 0xff, 0xff, 0xff, 0xf3, 0x38, 0xf8,
    0x47, 0xf9, 0xfd, 0x40, 0x5, 0xf6, 0x0, 0xeb,
    0xec, 0x0, 0x5, 0xf6, 0x0, 0x9f, 0xfc, 0x0,
    0x5, 0xf6, 0x0, 0x3f, 0xfc, 0x0, 0x5, 0xf6,
    0x0, 0xd, 0xfc, 0x0,

    /* U+20A7 "₧" */
    0x7f, 0xff, 0xec, 0x60, 0x0, 0x0, 0x0, 0x7,
    0xfe, 0xde, 0xff, 0xa0, 0x0, 0x0, 0x0, 0x7f,
    0x90, 0x5, 0xff, 0x40, 0x0, 0x0, 0x7, 0xf9,
    0x0, 0xa, 0xf8, 0x5, 0xf0, 0x0, 0x7f, 0x90,
    0x0, 0x9f, 0x80, 0xaf, 0x0, 0x7, 0xf9, 0x0,
    0xc, 0xf6, 0x1e, 0xf0, 0x0, 0x7f, 0x90, 0x29,
    0xff, 0x5e, 0xff, 0xff, 0x47, 0xff, 0xff, 0xff,
    0x54, 0x9f, 0xf9, 0x92, 0x7f, 0xec, 0xb8, 0x20,
    0x0, 0xff, 0x0, 0x7, 0xf9, 0x0, 0x0, 0x0,
    0xf, 0xf0, 0x0, 0x7f, 0x90, 0x0, 0x0, 0x0,
    0xff, 0x0, 0x7, 0xf9, 0x0, 0x0, 0x0, 0xf,
    0xf0, 0x0, 0x7f, 0x90, 0x0, 0x0, 0x0, 0xcf,
    0xa8, 0x47, 0xf9, 0x0, 0x0, 0x0, 0x2, 0xcf,
    0xf6,

    /* U+20A8 "₨" */
    0x6f, 0xff, 0xfc, 0x60, 0x0, 0x0, 0x0, 0x0,
    0x6f, 0xec, 0xef, 0xf8, 0x0, 0x0, 0x0, 0x0,
    0x6f, 0xa0, 0x6, 0xff, 0x0, 0x0, 0x0, 0x0,
    0x6f, 0xa0, 0x0, 0xff, 0x20, 0x6d, 0xfd, 0x91,
    0x6f, 0xa0, 0x0, 0xff, 0x16, 0xfe, 0xbd, 0xf1,
    0x6f, 0xa0, 0x7, 0xfd, 0xb, 0xf3, 0x0, 0x10,
    0x6f, 0xed, 0xef, 0xf3, 0xb, 0xf7, 0x0, 0x0,
    0x6f, 0xff, 0xff, 0x40, 0x6, 0xff, 0xa1, 0x0,
    0x6f, 0xa0, 0x9f, 0x80, 0x0, 0x7f, 0xfe, 0x40,
    0x6f, 0xa0, 0x3f, 0xe0, 0x0, 0x2, 0xcf, 0xf2,
    0x6f, 0xa0, 0xc, 0xf6, 0x0, 0x0, 0xc, 0xf5,
    0x6f, 0xa0, 0x6, 0xfd, 0x1, 0x0, 0xa, 0xf4,
    0x6f, 0xa0, 0x0, 0xef, 0x4d, 0xb7, 0x9f, 0xe0,
    0x6f, 0xa0, 0x0, 0x9f, 0xb9, 0xef, 0xeb, 0x20,

    /* U+20A9 "₩" */
    0x8f, 0x40, 0x3, 0xff, 0x0, 0x7, 0xf5, 0x5f,
    0x70, 0x6, 0xff, 0x30, 0x9, 0xf2, 0x3f, 0x90,
    0x9, 0xdf, 0x60, 0xc, 0xf0, 0xf, 0xc0, 0xc,
    0xad, 0x90, 0xf, 0xc0, 0xd, 0xe0, 0xf, 0x8a,
    0xd0, 0x1f, 0x90, 0xa, 0xf2, 0x3f, 0x68, 0xf1,
    0x5f, 0x70, 0xcf, 0xff, 0xff, 0xff, 0xff, 0xff,
    0xf9, 0x37, 0xf9, 0xaf, 0x46, 0xf8, 0xaf, 0x52,
    0x2, 0xf8, 0xad, 0x0, 0xf8, 0xaf, 0x0, 0x0,
    0xfa, 0xdb, 0x0, 0xda, 0xcc, 0x0, 0x0, 0xcc,
    0xf8, 0x0, 0xac, 0xe9, 0x0, 0x0, 0x9f, 0xf5,
    0x0, 0x7f, 0xf7, 0x0, 0x0, 0x7f, 0xf2, 0x0,
    0x4f, 0xf4, 0x0, 0x0, 0x4f, 0xf0, 0x0, 0x2f,
    0xf2, 0x0,

    /* U+20AA "₪" */
    0x4f, 0xff, 0xff, 0xeb, 0x30, 0x0, 0xef, 0x4,
    0xfd, 0x99, 0x9c, 0xff, 0x40, 0xe, 0xf0, 0x4f,
    0xa0, 0x0, 0x7, 0xfc, 0x0, 0xef, 0x4, 0xfa,
    0x8, 0xf6, 0xe, 0xf1, 0xe, 0xf0, 0x4f, 0xa0,
    0x8f, 0x60, 0xcf, 0x20, 0xef, 0x4, 0xfa, 0x8,
    0xf6, 0xb, 0xf3, 0xe, 0xf0, 0x4f, 0xa0, 0x8f,
    0x60, 0xbf, 0x30, 0xef, 0x4, 0xfa, 0x8, 0xf6,
    0xb, 0xf3, 0xe, 0xf0, 0x4f, 0xa0, 0x8f, 0x60,
    0xbf, 0x30, 0xef, 0x4, 0xfa, 0x8, 0xf6, 0xb,
    0xf3, 0xe, 0xf0, 0x4f, 0xa0, 0x8f, 0x60, 0x34,
    0x1, 0xfe, 0x4, 0xfa, 0x8, 0xf6, 0x0, 0x0,
    0x9f, 0xa0, 0x4f, 0xa0, 0x8f, 0xc9, 0x9a, 0xdf,
    0xe1, 0x4, 0xfa, 0x8, 0xff, 0xff, 0xfe, 0x91,
    0x0,

    /* U+20AB "₫" */
    0x0, 0x0, 0x0, 0x5, 0xfc, 0x0, 0x0, 0x2,
    0x88, 0x8a, 0xfe, 0x82, 0x0, 0x4, 0xff, 0xff,
    0xff, 0xf4, 0x0, 0x0, 0x0, 0x5, 0xfc, 0x0,
    0x0, 0x8e, 0xfd, 0x75, 0xfc, 0x0, 0xc, 0xff,
    0xde, 0xfd, 0xfc, 0x0, 0x6f, 0xf4, 0x0, 0x4f,
    0xfc, 0x0, 0xbf, 0xa0, 0x0, 0x9, 0xfc, 0x0,
    0xef, 0x60, 0x0, 0x6, 0xfc, 0x0, 0xef, 0x50,
    0x0, 0x5, 0xfc, 0x0, 0xef, 0x60, 0x0, 0x5,
    0xfc, 0x0, 0xbf, 0xa0, 0x0, 0x8, 0xfc, 0x0,
    0x6f, 0xf4, 0x0, 0x2e, 0xfc, 0x0, 0xc, 0xff,
    0xdd, 0xfb, 0xfc, 0x0, 0x1, 0x9e, 0xfd, 0x61,
    0xfc, 0x0, 0x0, 0x0, 0x0, 0x0, 0x0, 0x0,
    0x0, 0x11, 0x11, 0x11, 0x11, 0x0, 0xb, 0xff,
    0xff, 0xff, 0xff, 0x10, 0x2, 0x44, 0x44, 0x44,
    0x44, 0x0,

    /* U+20AC "€" */
    0x0, 0x0, 0x2a, 0xef, 0xec, 0x60, 0x0, 0x5,
    0xff, 0xfd, 0xef, 0xd0, 0x0, 0x2f, 0xf8, 0x0,
    0x2, 0x30, 0x0, 0x9f, 0xa0, 0x0, 0x0, 0x0,
    0x2, 0xef, 0x62, 0x22, 0x10, 0x0, 0x7f, 0xff,
    0xff, 0xff, 0xb0, 0x0, 0x26, 0xff, 0x55, 0x55,
    0x30, 0x0, 0x3, 0xff, 0x11, 0x11, 0x0, 0x0,
    0x7f, 0xff, 0xff, 0xff, 0x20, 0x0, 0x24, 0xef,
    0x74, 0x44, 0x0, 0x0, 0x0, 0x9f, 0xa0, 0x0,
    0x0, 0x0, 0x0, 0x2f, 0xf9, 0x10, 0x0, 0x30,
    0x0, 0x5, 0xff, 0xfe, 0xef, 0xb0, 0x0, 0x0,
    0x3a, 0xef, 0xec, 0x50,

    /* U+20AD "₭" */
    0x2, 0xff, 0x0, 0x0, 0x6f, 0xd0, 0x2, 0xff,
    0x0, 0x3, 0xff, 0x20, 0x2, 0xff, 0x0, 0x1d,
    0xf5, 0x0, 0x2, 0xff, 0x0, 0xbf, 0x80, 0x0,
    0x2, 0xff, 0x7, 0xfb, 0x0, 0x0, 0x2, 0xff,
    0x4f, 0xd1, 0x0, 0x0, 0xbf, 0xff, 0xff, 0xff,
    0xff, 0x50, 0x59, 0xff, 0xdf, 0xf9, 0x88, 0x20,
    0x2, 0xff, 0x26, 0xfb, 0x0, 0x0, 0x2, 0xff,
    0x0, 0xcf, 0x60, 0x0, 0x2, 0xff, 0x0, 0x2f,
    0xf2, 0x0, 0x2, 0xff, 0x0, 0x8, 0xfc, 0x0,
    0x2, 0xff, 0x0, 0x0, 0xdf, 0x60, 0x2, 0xff,
    0x0, 0x0, 0x4f, 0xf2,

    /* U+20AE "₮" */
    0xaf, 0xff, 0xff, 0xff, 0xff, 0xf1, 0x8d, 0xdd,
    0xef, 0xfd, 0xdd, 0xd0, 0x0, 0x0, 0x5f, 0xc0,
    0x0, 0x0, 0x0, 0x0, 0x5f, 0xc0, 0x73, 0x0,
    0x0, 0x0, 0x5f, 0xec, 0xf5, 0x0, 0x0, 0x0,
    0x5f, 0xfc, 0x20, 0x0, 0x0, 0x4, 0xdf, 0xd0,
    0x10, 0x0, 0x0, 0x9f, 0xdf, 0xc5, 0xe7, 0x0,
    0x0, 0xb5, 0x5f, 0xff, 0x90, 0x0, 0x0, 0x0,
    0x9f, 0xe4, 0x0, 0x0, 0x0, 0x2c, 0xff, 0xc0,
    0x0, 0x0, 0x0, 0xec, 0x8f, 0xc0, 0x0, 0x0,
    0x0, 0x30, 0x5f, 0xc0, 0x0, 0x0, 0x0, 0x0,
    0x5f, 0xc0, 0x0, 0x0,

    /* U+20AF "₯" */
    0x28, 0xce, 0xfe, 0xc8, 0x10, 0x0, 0x0, 0x0,
    0x0, 0x4, 0xff, 0xec, 0xdf, 0xff, 0x60, 0x0,
    0x0, 0x0, 0x0, 0x5, 0x10, 0x0, 0x19, 0xff,
    0x40, 0x0, 0x0, 0x0, 0x0, 0x0, 0xdf, 0x20,
    0x8, 0xfd, 0x0, 0x0, 0x0, 0x0, 0x0, 0x1f,
    0xf0, 0x0, 0xf, 0xf2, 0x0, 0x0, 0x0, 0x0,
    0x5, 0xfb, 0x0, 0x0, 0xcf, 0x40, 0x0, 0x0,
    0x0, 0x0, 0x8f, 0x80, 0x0, 0xd, 0xf5, 0x0,
    0x0, 0x0, 0x0, 0xc, 0xf4, 0x0, 0x0, 0xef,
    0x30, 0x5, 0x76, 0x20, 0x0, 0xff, 0x10, 0x0,
    0x3f, 0xf0, 0x1d, 0xff, 0xff, 0x40, 0x3f, 0xd0,
    0x0, 0xa, 0xfa, 0x9, 0xf8, 0x4, 0xfc, 0x6,
    0xf9, 0x0, 0x6, 0xff, 0x20, 0xfe, 0x0, 0xf,
    0xe0, 0xaf, 0x60, 0x29, 0xff, 0x60, 0x4f, 0xa0,
    0x3, 0xfb, 0xe, 0xfd, 0xef, 0xfe, 0x40, 0x8,
    0xfe, 0x67, 0xef, 0x31, 0xff, 0xfe, 0xb6, 0x10,
    0x0, 0xbf, 0xbe, 0xfc, 0x30, 0x0, 0x0, 0x0,
    0x0, 0x0, 0xe, 0xf0, 0x0, 0x0, 0x0, 0x0,
    0x0, 0x0, 0x0, 0x2, 0xfc, 0x0, 0x0, 0x0,
    0x0, 0x0, 0x0, 0x0, 0x0, 0x5f, 0x90, 0x0,
    0x0, 0x0, 0x0, 0x0, 0x0, 0x0, 0x8, 0xf6,
    0x0, 0x0, 0x0, 0x0, 0x0, 0x0, 0x0, 0x0,
    0xcf, 0x20, 0x0, 0x0, 0x0,

    /* U+20B0 "₰" */
    0x0, 0x0, 0x3, 0xcf, 0xd5, 0x0, 0x0, 0x1,
    0xff, 0xbf, 0xf2, 0x0, 0x0, 0x6f, 0x90, 0x8f,
    0x60, 0x0, 0x7, 0xf8, 0x6, 0xf7, 0x0, 0x0,
    0x6f, 0x90, 0x8f, 0x40, 0x0, 0x2, 0xfd, 0xc,
    0xf0, 0x0, 0x0, 0xd, 0xf4, 0xf9, 0x0, 0x0,
    0x0, 0x7f, 0xff, 0x20, 0x0, 0x0, 0x0, 0xef,
    0x80, 0x0, 0x4, 0x80, 0x1e, 0xf9, 0x0, 0x0,
    0xdf, 0x29, 0xff, 0xf1, 0x0, 0x6f, 0xfc, 0xf7,
    0xaf, 0x70, 0x1e, 0xb6, 0xfd, 0x3, 0xfd, 0x8,
    0xf3, 0xc, 0x40, 0xe, 0xf2, 0x0, 0x0, 0x10,
    0x0, 0xaf, 0x60, 0x0, 0x0, 0x0, 0x7, 0xf8,
    0x0, 0x0, 0x0, 0x0, 0x9f, 0x70, 0x0, 0x0,
    0x1c, 0xbf, 0xf2, 0x0, 0x0, 0x1, 0xef, 0xc4,
    0x0,

    /* U+20B1 "₱" */
    0x3, 0xff, 0xff, 0xd9, 0x10, 0x0, 0x3, 0xfe,
    0xab, 0xef, 0xe2, 0x0, 0x3, 0xfc, 0x0, 0xb,
    0xfa, 0x0, 0xdf, 0xff, 0xff, 0xff, 0xff, 0xf4,
    0x26, 0xfd, 0x33, 0x33, 0xff, 0x30, 0xcf, 0xff,
    0xff, 0xff, 0xff, 0xf4, 0x25, 0xfd, 0x22, 0x2b,
    0xfa, 0x20, 0x3, 0xfc, 0x1, 0x7f, 0xf2, 0x0,
    0x3, 0xff, 0xff, 0xff, 0x40, 0x0, 0x3, 0xfe,
    0xa9, 0x71, 0x0, 0x0, 0x3, 0xfc, 0x0, 0x0,
    0x0, 0x0, 0x3, 0xfc, 0x0, 0x0, 0x0, 0x0,
    0x3, 0xfc, 0x0, 0x0, 0x0, 0x0, 0x3, 0xfc,
    0x0, 0x0, 0x0, 0x0,

    /* U+20B2 "₲" */
    0x0, 0x0, 0x0, 0xbb, 0x0, 0x0, 0x0, 0x0,
    0x18, 0xcf, 0xfe, 0xc9, 0x30, 0x0, 0x6f, 0xff,
    0xff, 0xff, 0xf9, 0x0, 0x5f, 0xfb, 0x4b, 0xb0,
    0x15, 0x10, 0xe, 0xfa, 0x0, 0xbb, 0x0, 0x0,
    0x6, 0xfe, 0x0, 0xb, 0xb0, 0x0, 0x0, 0xaf,
    0x90, 0x0, 0xbb, 0x0, 0x0, 0xc, 0xf7, 0x0,
    0xb, 0xfd, 0xdd, 0xd0, 0xcf, 0x70, 0x0, 0xbf,
    0xff, 0xff, 0xb, 0xf9, 0x0, 0xb, 0xb0, 0x2f,
    0xf0, 0x8f, 0xe0, 0x0, 0xbb, 0x2, 0xff, 0x2,
    0xff, 0x50, 0xb, 0xb0, 0x2f, 0xf0, 0xa, 0xff,
    0x60, 0xbb, 0x2, 0xff, 0x0, 0xc, 0xff, 0xff,
    0xec, 0xef, 0xf0, 0x0, 0x6, 0xce, 0xff, 0xfd,
    0xb7, 0x0, 0x0, 0x0, 0xb, 0xb0, 0x0, 0x0,
    0x0, 0x0, 0x0, 0x89, 0x0, 0x0, 0x0,

    /* U+20B3 "₳" */
    0x0, 0x0, 0x2f, 0xf8, 0x0, 0x0, 0x0, 0x0,
    0x8, 0xff, 0xe0, 0x0, 0x0, 0x0, 0x0, 0xef,
    0xaf, 0x40, 0x0, 0x0, 0x0, 0x4f, 0xb5, 0xfa,
    0x0, 0x0, 0x1, 0x1b, 0xf6, 0x1f, 0xf2, 0x11,
    0xc, 0xff, 0xff, 0xff, 0xff, 0xff, 0xf3, 0x34,
    0x9f, 0xc4, 0x47, 0xfd, 0x44, 0x0, 0x1b, 0xf7,
    0x11, 0x2f, 0xf2, 0x10, 0xcf, 0xff, 0xff, 0xff,
    0xff, 0xff, 0x33, 0x9f, 0xc4, 0x44, 0x47, 0xfe,
    0x40, 0xc, 0xf6, 0x0, 0x0, 0xf, 0xf2, 0x2,
    0xff, 0x10, 0x0, 0x0, 0xaf, 0x80, 0x7f, 0xb0,
    0x0, 0x0, 0x5, 0xfd, 0xd, 0xf6, 0x0, 0x0,
    0x0, 0xf, 0xf3,

    /* U+20B4 "₴" */
    0x1, 0x7b, 0xdf, 0xec, 0x70, 0x0, 0x3f, 0xff,
    0xef, 0xff, 0xb0, 0x0, 0x41, 0x0, 0x6, 0xff,
    0x0, 0x11, 0x11, 0x11, 0x3f, 0xf1, 0xcf, 0xff,
    0xff, 0xff, 0xff, 0xe3, 0x44, 0x45, 0xdf, 0xfd,
    0x43, 0x0, 0x7, 0xff, 0xfa, 0x10, 0x0, 0x1a,
    0xff, 0xd4, 0x11, 0x11, 0xcf, 0xff, 0xff, 0xff,
    0xff, 0xe3, 0xef, 0x74, 0x44, 0x44, 0x43, 0xf,
    0xf2, 0x0, 0x0, 0x0, 0x0, 0xef, 0xa1, 0x0,
    0x2, 0x70, 0x6, 0xff, 0xfe, 0xef, 0xff, 0x10,
    0x4, 0xbe, 0xfe, 0xda, 0x50,

    /* U+20B5 "₵" */
    0x0, 0x0, 0x0, 0xe8, 0x0, 0x0, 0x0, 0x3,
    0xad, 0xff, 0xeb, 0x60, 0x0, 0x8f, 0xff, 0xfe,
    0xff, 0xb0, 0x7, 0xff, 0x70, 0xe8, 0x4, 0x20,
    0x1f, 0xf6, 0x0, 0xe8, 0x0, 0x0, 0x6f, 0xe0,
    0x0, 0xe8, 0x0, 0x0, 0xaf, 0xa0, 0x0, 0xe8,
    0x0, 0x0, 0xbf, 0x80, 0x0, 0xe8, 0x0, 0x0,
    0xcf, 0x80, 0x0, 0xe8, 0x0, 0x0, 0xaf, 0xa0,
    0x0, 0xe8, 0x0, 0x0, 0x7f, 0xe0, 0x0, 0xe8,
    0x0, 0x0, 0x2f, 0xf6, 0x0, 0xe8, 0x0, 0x0,
    0xa, 0xff, 0x60, 0xe8, 0x2, 0x20, 0x0, 0xcf,
    0xff, 0xfe, 0xff, 0x70, 0x0, 0x6, 0xce, 0xff,
    0xeb, 0x30, 0x0, 0x0, 0x0, 0xe8, 0x0, 0x0,
    0x0, 0x0, 0x0, 0xb6, 0x0, 0x0,

    /* U+20B6 "₶" */
    0x0, 0x27, 0x0, 0x2, 0x60, 0x0, 0x0, 0x8,
    0xf0, 0x0, 0xaf, 0x0, 0x0, 0x0, 0xdf, 0x0,
    0xe, 0xf0, 0x0, 0x3, 0xcf, 0xff, 0xff, 0xff,
    0xff, 0xf0, 0x5a, 0xff, 0xaa, 0xbf, 0xfa, 0xaa,
    0x0, 0x1f, 0xf0, 0x3, 0xff, 0x0, 0x0, 0x1,
    0xff, 0x0, 0x3f, 0xf0, 0x0, 0x0, 0x1f, 0xf0,
    0x3, 0xff, 0x0, 0x0, 0x1, 0xff, 0x0, 0x3f,
    0xf0, 0x0, 0x0, 0x1f, 0xf0, 0x3, 0xff, 0x0,
    0x0, 0x1, 0xff, 0x0, 0x3f, 0xf0, 0x0, 0x0,
    0x1f, 0xf0, 0x2, 0xff, 0x20, 0x0, 0x1, 0xff,
    0x0, 0xd, 0xff, 0xcd, 0x30, 0x1f, 0xf0, 0x0,
    0x2b, 0xff, 0xd2,

    /* U+20B7 "₷" */
    0x0, 0x0, 0x0, 0x4b, 0xef, 0xdb, 0x61, 0x0,
    0x0, 0x7, 0xff, 0xfd, 0xff, 0xf3, 0x0, 0x0,
    0x1f, 0xf7, 0x0, 0x2, 0x60, 0x0, 0x0, 0x3f,
    0xe0, 0x0, 0x0, 0x0, 0x0, 0x0, 0x2f, 0xf1,
    0x0, 0x0, 0x0, 0x0, 0x0, 0xc, 0xfe, 0x50,
    0x0, 0x0, 0x0, 0x0, 0x1, 0xaf, 0xfe, 0x81,
    0x0, 0x0, 0x0, 0x0, 0x3, 0xaf, 0xff, 0x50,
    0x0, 0x0, 0x0, 0x0, 0x1, 0x9f, 0xf3, 0x3e,
    0xc6, 0xde, 0x6a, 0xeb, 0x8, 0xf9, 0x87, 0xdd,
    0x18, 0xf5, 0x1e, 0x45, 0xf9, 0x4e, 0xd8, 0x4,
    0xf0, 0xc, 0x6a, 0xf5, 0x6, 0xfe, 0x99, 0xf4,
    0x4d, 0xef, 0xa0, 0x0, 0xbb, 0xad, 0xff, 0xff,
    0xc5, 0x0, 0x0, 0xb7, 0x4, 0xe0, 0xc, 0x60,
    0x0, 0x0, 0x53, 0x2, 0x70, 0x6, 0x30, 0x0,

    /* U+20B8 "₸" */
    0xaf, 0xff, 0xff, 0xff, 0xff, 0xb8, 0xdd, 0xdd,
    0xdd, 0xdd, 0xd9, 0x0, 0x0, 0x0, 0x0, 0x0,
    0xa, 0xff, 0xff, 0xff, 0xff, 0xfb, 0x8d, 0xdd,
    0xef, 0xfd, 0xdd, 0x90, 0x0, 0x8, 0xfa, 0x0,
    0x0, 0x0, 0x0, 0x8f, 0xa0, 0x0, 0x0, 0x0,
    0x8, 0xfa, 0x0, 0x0, 0x0, 0x0, 0x8f, 0xa0,
    0x0, 0x0, 0x0, 0x8, 0xfa, 0x0, 0x0, 0x0,
    0x0, 0x8f, 0xa0, 0x0, 0x0, 0x0, 0x8, 0xfa,
    0x0, 0x0, 0x0, 0x0, 0x8f, 0xa0, 0x0, 0x0,
    0x0, 0x8, 0xfa, 0x0, 0x0,

    /* U+20B9 "₹" */
    0x24, 0x44, 0x44, 0x44, 0x48, 0xff, 0xff, 0xff,
    0xff, 0x1, 0x3b, 0xfc, 0x11, 0x10, 0x0, 0xd,
    0xf4, 0x0, 0x7e, 0xee, 0xff, 0xfe, 0xe3, 0x66,
    0x6d, 0xfa, 0x66, 0x0, 0x2, 0xff, 0x30, 0x4,
    0x9b, 0xff, 0x80, 0x0, 0x6f, 0xf9, 0x30, 0x0,
    0x0, 0xef, 0x50, 0x0, 0x0, 0x5, 0xfe, 0x0,
    0x0, 0x0, 0xc, 0xf8, 0x0, 0x0, 0x0, 0x3f,
    0xf2, 0x0, 0x0, 0x0, 0xaf, 0xc0, 0x0, 0x0,
    0x1, 0xff, 0x60, 0x0,

    /* U+20BA "₺" */
    0x0, 0x9f, 0x70, 0x0, 0x0, 0x0, 0x9, 0xf7,
    0x0, 0x42, 0x0, 0x0, 0x9f, 0xa9, 0xef, 0x40,
    0x0, 0x4c, 0xff, 0xc7, 0x10, 0x0, 0xaf, 0xff,
    0x70, 0x27, 0x30, 0x4, 0x19, 0xfc, 0xcf, 0xe3,
    0x0, 0x27, 0xef, 0xe9, 0x30, 0x0, 0xb, 0xed,
    0xf7, 0x0, 0x2, 0xfd, 0x20, 0x9f, 0x70, 0x0,
    0x4f, 0xb0, 0x9, 0xf7, 0x0, 0x8, 0xf8, 0x0,
    0x9f, 0x70, 0x1, 0xef, 0x20, 0x9, 0xf7, 0x3,
    0xdf, 0x90, 0x0, 0x9f, 0xee, 0xff, 0xa0, 0x0,
    0x8, 0xff, 0xea, 0x40, 0x0,

    /* U+20BB "₻" */
    0xa, 0xee, 0x80, 0x0, 0x0, 0x0, 0x0, 0x0,
    0x8d, 0x35, 0xf7, 0x0, 0x0, 0x0, 0x0, 0x0,
    0xad, 0x10, 0xeb, 0x0, 0x0, 0x0, 0x0, 0x0,
    0x5f, 0xff, 0xff, 0xff, 0xff, 0xff, 0xd7, 0x0,
    0x5, 0xac, 0xff, 0xdd, 0xdd, 0xdd, 0xff, 0xb0,
    0x0, 0x0, 0xdc, 0x0, 0x0, 0x0, 0x7, 0xf3,
    0x0, 0x0, 0xdc, 0x6, 0x50, 0x53, 0x0, 0xe5,
    0x0, 0x0, 0xcd, 0xbe, 0xfb, 0xff, 0x51, 0xf4,
    0x0, 0x0, 0xaf, 0xb1, 0x7f, 0x45, 0xff, 0xb0,
    0x0, 0x4, 0xff, 0x30, 0x1, 0x0, 0x2, 0x0,
    0x0, 0x3f, 0xbf, 0xa0, 0x0, 0x0, 0x0, 0x0,
    0x0, 0x5, 0xb, 0xf8, 0x10, 0x1, 0x20, 0x0,
    0x0, 0x0, 0x1, 0xdf, 0xfe, 0xef, 0x70, 0x0,
    0x0, 0x0, 0x0, 0x18, 0xdf, 0xfd, 0x40, 0x0,

    /* U+20BC "₼" */
    0x0, 0x0, 0x0, 0xcf, 0x40, 0x0, 0x0, 0x0,
    0x0, 0x0, 0xc, 0xf4, 0x0, 0x0, 0x0, 0x0,
    0x0, 0x0, 0xcf, 0x40, 0x0, 0x0, 0x0, 0x0,
    0x0, 0xc, 0xf4, 0x0, 0x0, 0x0, 0x0, 0x5,
    0x9b, 0xff, 0xdb, 0x82, 0x0, 0x0, 0x1c, 0xff,
    0xff, 0xff, 0xff, 0xf8, 0x0, 0xc, 0xfd, 0x50,
    0xcf, 0x42, 0x9f, 0xf5, 0x4, 0xfe, 0x10, 0xc,
    0xf4, 0x0, 0x8f, 0xd0, 0x9f, 0x80, 0x0, 0xcf,
    0x40, 0x1, 0xff, 0x1c, 0xf5, 0x0, 0xc, 0xf4,
    0x0, 0xd, 0xf4, 0xdf, 0x30, 0x0, 0xbf, 0x40,
    0x0, 0xcf, 0x5d, 0xf3, 0x0, 0x0, 0x0, 0x0,
    0xb, 0xf5, 0xdf, 0x30, 0x0, 0x0, 0x0, 0x0,
    0xbf, 0x5d, 0xf3, 0x0, 0x0, 0x0, 0x0, 0xb,
    0xf5,

    /* U+20BD "₽" */
    0x1, 0xff, 0xff, 0xfd, 0xa3, 0x0, 0x1, 0xff,
    0xcc, 0xdf, 0xff, 0x40, 0x1, 0xff, 0x10, 0x1,
    0xbf, 0xd0, 0x1, 0xff, 0x10, 0x0, 0x3f, 0xf0,
    0x1, 0xff, 0x10, 0x0, 0x3f, 0xf0, 0x1, 0xff,
    0x10, 0x2, 0xcf, 0xc0, 0xad, 0xff, 0xdd, 0xef,
    0xfe, 0x20, 0xcf, 0xff, 0xff, 0xfd, 0x81, 0x0,
    0x1, 0xff, 0x10, 0x0, 0x0, 0x0, 0x1, 0xff,
    0x10, 0x0, 0x0, 0x0, 0xcf, 0xff, 0xff, 0xf4,
    0x0, 0x0, 0x68, 0xff, 0x88, 0x82, 0x0, 0x0,
    0x1, 0xff, 0x10, 0x0, 0x0, 0x0, 0x1, 0xff,
    0x10, 0x0, 0x0, 0x0,

    /* U+20BE "₾" */
    0x0, 0x0, 0x4f, 0x16, 0xe0, 0x0, 0x0, 0x0,
    0x4, 0xbf, 0xff, 0xf8, 0x10, 0x0, 0x0, 0xaf,
    0xff, 0xac, 0xff, 0xe3, 0x0, 0x9, 0xfe, 0x8f,
    0x16, 0xe8, 0xfe, 0x10, 0x2f, 0xf4, 0x4f, 0x16,
    0xe0, 0xbf, 0x90, 0x7f, 0xd0, 0x4f, 0x16, 0xe0,
    0x4f, 0xf0, 0xaf, 0x90, 0x4f, 0x16, 0xe0, 0xf,
    0xf3, 0xbf, 0x80, 0x4f, 0x16, 0xe0, 0xe, 0xf5,
    0xaf, 0x80, 0x17, 0x2, 0x60, 0x6, 0x72, 0x7f,
    0xb0, 0x0, 0x0, 0x0, 0x0, 0x0, 0x2f, 0xf1,
    0x0, 0x0, 0x0, 0x0, 0x0, 0x9, 0xfa, 0x0,
    0x0, 0x0, 0x0, 0x0, 0x0, 0xaf, 0xa2, 0x0,
    0x0, 0x0, 0x0, 0x7, 0xaf, 0xff, 0xec, 0xcc,
    0xcc, 0x60, 0xd, 0xff, 0xff, 0xff, 0xff, 0xff,
    0x70,

    /* U+20BF "₿" */
    0x0, 0x18, 0x4, 0x60, 0x0, 0x0, 0x3f, 0x18,
    0xc0, 0x0, 0x0, 0x3f, 0x18, 0xc0, 0x0, 0x1f,
    0xff, 0xff, 0xe6, 0x0, 0x1f, 0xfd, 0xdf, 0xff,
    0xa0, 0x1f, 0xf1, 0x0, 0x7f, 0xf2, 0x1f, 0xf1,
    0x0, 0xf, 0xf4, 0x1f, 0xf1, 0x0, 0xf, 0xf3,
    0x1f, 0xf1, 0x1, 0x9f, 0xd0, 0x1f, 0xff, 0xff,
    0xfa, 0x10, 0x1f, 0xfc, 0xcd, 0xff, 0x90, 0x1f,
    0xf1, 0x0, 0x2e, 0xf6, 0x1f, 0xf1, 0x0, 0x9,
    0xfa, 0x1f, 0xf1, 0x0, 0xa, 0xfa, 0x1f, 0xf1,
    0x0, 0x3f, 0xf7, 0x1f, 0xfc, 0xce, 0xff, 0xd0,
    0x1f, 0xff, 0xff, 0xf8, 0x10, 0x0, 0x3f, 0x18,
    0xc0, 0x0, 0x0, 0x3f, 0x18, 0xc0, 0x0,

    /* U+2116 "№" */
    0x4, 0x41, 0x0, 0x0, 0x3, 0x40, 0x0, 0x0,
    0x0, 0x1, 0xff, 0xb0, 0x0, 0x0, 0xcf, 0x10,
    0x0, 0x0, 0x0, 0x1f, 0xff, 0x30, 0x0, 0xc,
    0xf1, 0x0, 0x0, 0x0, 0x1, 0xff, 0xfc, 0x0,
    0x0, 0xcf, 0x10, 0x0, 0x0, 0x0, 0x1f, 0xbc,
    0xf4, 0x0, 0xc, 0xf1, 0x0, 0x0, 0x0, 0x1,
    0xfb, 0x4f, 0xd0, 0x0, 0xcf, 0x10, 0x5, 0x86,
    0x0, 0x1f, 0xc0, 0xcf, 0x50, 0xc, 0xf1, 0xa,
    0xfd, 0xfd, 0x11, 0xfd, 0x3, 0xfd, 0x0, 0xcf,
    0x13, 0xf6, 0x1, 0xf8, 0x1f, 0xd0, 0xb, 0xf6,
    0xc, 0xf1, 0x6f, 0x20, 0xd, 0xb1, 0xfd, 0x0,
    0x2f, 0xe0, 0xcf, 0x15, 0xf2, 0x0, 0xda, 0x1f,
    0xd0, 0x0, 0xaf, 0x7b, 0xf1, 0x2f, 0x90, 0x4f,
    0x61, 0xfd, 0x0, 0x1, 0xfe, 0xbf, 0x10, 0x6f,
    0xff, 0xb0, 0x1f, 0xd0, 0x0, 0x9, 0xff, 0xf1,
    0x0, 0x14, 0x20, 0x1, 0xfd, 0x0, 0x0, 0x1f,
    0xff, 0x10, 0x88, 0x88, 0x82, 0x1f, 0xd0, 0x0,
    0x0, 0x8f, 0xf1, 0x1f, 0xff, 0xff, 0x50,

    /* U+2122 "™" */
    0x11, 0x11, 0x10, 0x11, 0x0, 0x0, 0x11, 0xdf,
    0xff, 0xf6, 0xef, 0x30, 0x2, 0xfe, 0x0, 0xd6,
    0x0, 0xee, 0x90, 0x8, 0xee, 0x0, 0xd6, 0x0,
    0xe9, 0xf0, 0xe, 0x9e, 0x0, 0xd6, 0x0, 0xe4,
    0xe5, 0x4d, 0x5e, 0x0, 0xd6, 0x0, 0xe4, 0x9b,
    0xa7, 0x5e, 0x0, 0xd6, 0x0, 0xe4, 0x3f, 0xf1,
    0x5e, 0x0, 0xd6, 0x0, 0xe4, 0xc, 0xa0, 0x5e,

    /* U+F001 "" */
    0x0, 0x0, 0x0, 0x0, 0x0, 0x0, 0x0, 0x0,
    0x0, 0x31, 0x0, 0x0, 0x0, 0x0, 0x0, 0x0,
    0x0, 0x15, 0xae, 0xfd, 0x0, 0x0, 0x0, 0x0,
    0x0, 0x2, 0x7c, 0xff, 0xff, 0xff, 0x0, 0x0,
    0x0, 0x0, 0x49, 0xef, 0xff, 0xff, 0xff, 0xff,
    0x0, 0x0, 0x4, 0xbf, 0xff, 0xff, 0xff, 0xff,
    0xff, 0xff, 0x0, 0x0, 0xf, 0xff, 0xff, 0xff,
    0xff, 0xff, 0xff, 0xff, 0x0, 0x0, 0xf, 0xff,
    0xff, 0xff, 0xff, 0xfb, 0x69, 0xff, 0x0, 0x0,
    0xf, 0xff, 0xff, 0xfe, 0x95, 0x0, 0x8, 0xff,
    0x0, 0x0, 0xf, 0xff, 0xc7, 0x30, 0x0, 0x0,
    0x8, 0xff, 0x0, 0x0, 0xf, 0xf8, 0x0, 0x0,
    0x0, 0x0, 0x8, 0xff, 0x0, 0x0, 0xf, 0xf8,
    0x0, 0x0, 0x0, 0x0, 0x8, 0xff, 0x0, 0x0,
    0xf, 0xf8, 0x0, 0x0, 0x0, 0x0, 0x8, 0xff,
    0x0, 0x0, 0xf, 0xf8, 0x0, 0x0, 0x0, 0x0,
    0x8, 0xff, 0x0, 0x0, 0xf, 0xf8, 0x0, 0x0,
    0x1, 0x7b, 0xbd, 0xff, 0x0, 0x0, 0xf, 0xf8,
    0x0, 0x0, 0x1e, 0xff, 0xff, 0xff, 0x0, 0x13,
    0x2f, 0xf8, 0x0, 0x0, 0x7f, 0xff, 0xff, 0xff,
    0x2b, 0xff, 0xff, 0xf8, 0x0, 0x0, 0x4f, 0xff,
    0xff, 0xfc, 0xdf, 0xff, 0xff, 0xf8, 0x0, 0x0,
    0x6, 0xef, 0xff, 0xa1, 0xff, 0xff, 0xff, 0xf7,
    0x0, 0x0, 0x0, 0x2, 0x20, 0x0, 0x7f, 0xff,
    0xff, 0xd1, 0x0, 0x0, 0x0, 0x0, 0x0, 0x0,
    0x2, 0x8a, 0xa6, 0x0, 0x0, 0x0, 0x0, 0x0,
    0x0, 0x0,

    /* U+F005 "" */
    0x0, 0x0, 0x0, 0x0, 0x0, 0x36, 0x0, 0x0,
    0x0, 0x0, 0x0, 0x0, 0x0, 0x0, 0x0, 0x1,
    0xff, 0x80, 0x0, 0x0, 0x0, 0x0, 0x0, 0x0,
    0x0, 0x0, 0x8, 0xff, 0xf1, 0x0, 0x0, 0x0,
    0x0, 0x0, 0x0, 0x0, 0x0, 0x1f, 0xff, 0xf8,
    0x0, 0x0, 0x0, 0x0, 0x0, 0x0, 0x0, 0x0,
    0x8f, 0xff, 0xff, 0x10, 0x0, 0x0, 0x0, 0x0,
    0x0, 0x0, 0x0, 0xff, 0xff, 0xff, 0x70, 0x0,
    0x0, 0x0, 0x0, 0x0, 0x25, 0x7b, 0xff, 0xff,
    0xff, 0xf8, 0x64, 0x10, 0x0, 0x9, 0xdf, 0xff,
    0xff, 0xff, 0xff, 0xff, 0xff, 0xff, 0xff, 0xc3,
    0x2f, 0xff, 0xff, 0xff, 0xff, 0xff, 0xff, 0xff,
    0xff, 0xff, 0xfa, 0xa, 0xff, 0xff, 0xff, 0xff,
    0xff, 0xff, 0xff, 0xff, 0xff, 0xe3, 0x0, 0x9f,
    0xff, 0xff, 0xff, 0xff, 0xff, 0xff, 0xff, 0xfe,
    0x30, 0x0, 0x9, 0xff, 0xff, 0xff, 0xff, 0xff,
    0xff, 0xff, 0xe2, 0x0, 0x0, 0x0, 0x8f, 0xff,
    0xff, 0xff, 0xff, 0xff, 0xfe, 0x20, 0x0, 0x0,
    0x0, 0xc, 0xff, 0xff, 0xff, 0xff, 0xff, 0xf4,
    0x0, 0x0, 0x0, 0x0, 0xe, 0xff, 0xff, 0xff,
    0xff, 0xff, 0xf6, 0x0, 0x0, 0x0, 0x0, 0xf,
    0xff, 0xff, 0xff, 0xff, 0xff, 0xf8, 0x0, 0x0,
    0x0, 0x0, 0x3f, 0xff, 0xff, 0xff, 0xff, 0xff,
    0xfb, 0x0, 0x0, 0x0, 0x0, 0x6f, 0xff, 0xff,
    0xfd, 0xff, 0xff, 0xfe, 0x0, 0x0, 0x0, 0x0,
    0x9f, 0xff, 0xf9, 0x10, 0x5d, 0xff, 0xff, 0x10,
    0x0, 0x0, 0x0, 0x9f, 0xfa, 0x20, 0x0, 0x0,
    0x5d, 0xff, 0x10, 0x0, 0x0, 0x0, 0x17, 0x20,
    0x0, 0x0, 0x0, 0x0, 0x54, 0x0, 0x0,

    /* U+F008 "" */
    0xc4, 0x3, 0xff, 0xff, 0xff, 0xff, 0xff, 0xff,
    0x40, 0x4c, 0xfd, 0xcd, 0xff, 0xee, 0xee, 0xee,
    0xee, 0xff, 0xdc, 0xdf, 0xfa, 0x8a, 0xfa, 0x0,
    0x0, 0x0, 0x0, 0xaf, 0xb8, 0xaf, 0xf4, 0x3,
    0xfa, 0x0, 0x0, 0x0, 0x0, 0x9f, 0x40, 0x4f,
    0xf4, 0x4, 0xfa, 0x0, 0x0, 0x0, 0x0, 0x9f,
    0x50, 0x4f, 0xff, 0xff, 0xfa, 0x0, 0x0, 0x0,
    0x0, 0x9f, 0xff, 0xff, 0xf7, 0x47, 0xfd, 0x77,
    0x77, 0x77, 0x77, 0xdf, 0x84, 0x7f, 0xf4, 0x3,
    0xff, 0xff, 0xff, 0xff, 0xff, 0xff, 0x40, 0x4f,
    0xf7, 0x47, 0xfd, 0x77, 0x77, 0x77, 0x77, 0xdf,
    0x84, 0x7f, 0xff, 0xff, 0xfa, 0x0, 0x0, 0x0,
    0x0, 0x9f, 0xff, 0xff, 0xf4, 0x4, 0xfa, 0x0,
    0x0, 0x0, 0x0, 0x9f, 0x50, 0x4f, 0xf4, 0x3,
    0xfa, 0x0, 0x0, 0x0, 0x0, 0x9f, 0x40, 0x4f,
    0xfa, 0x8a, 0xfa, 0x0, 0x0, 0x0, 0x0, 0xaf,
    0xb8, 0xaf, 0xfd, 0xcd, 0xff, 0xee, 0xee, 0xee,
    0xee, 0xff, 0xdc, 0xdf, 0xc4, 0x3, 0xff, 0xff,
    0xff, 0xff, 0xff, 0xff, 0x40, 0x4c,

    /* U+F00B "" */
    0x0, 0x0, 0x0, 0x0, 0x0, 0x0, 0x0, 0x0,
    0x0, 0x0, 0xdf, 0xff, 0xfa, 0xc, 0xff, 0xff,
    0xff, 0xff, 0xff, 0xfd, 0xff, 0xff, 0xfd, 0xe,
    0xff, 0xff, 0xff, 0xff, 0xff, 0xff, 0xff, 0xff,
    0xfd, 0xe, 0xff, 0xff, 0xff, 0xff, 0xff, 0xff,
    0xff, 0xff, 0xfd, 0xe, 0xff, 0xff, 0xff, 0xff,
    0xff, 0xff, 0xcf, 0xff, 0xf9, 0xa, 0xff, 0xff,
    0xff, 0xff, 0xff, 0xfc, 0x0, 0x0, 0x0, 0x0,
    0x0, 0x0, 0x0, 0x0, 0x0, 0x0, 0xcf, 0xff,
    0xf9, 0xb, 0xff, 0xff, 0xff, 0xff, 0xff, 0xfc,
    0xff, 0xff, 0xfd, 0xe, 0xff, 0xff, 0xff, 0xff,
    0xff, 0xff, 0xff, 0xff, 0xfd, 0xe, 0xff, 0xff,
    0xff, 0xff, 0xff, 0xff, 0xff, 0xff, 0xfd, 0xe,
    0xff, 0xff, 0xff, 0xff, 0xff, 0xff, 0xcf, 0xff,
    0xfa, 0xb, 0xff, 0xff, 0xff, 0xff, 0xff, 0xfc,
    0x0, 0x0, 0x0, 0x0, 0x0, 0x0, 0x0, 0x0,
    0x0, 0x0, 0xcf, 0xff, 0xf9, 0xa, 0xff, 0xff,
    0xff, 0xff, 0xff, 0xfb, 0xff, 0xff, 0xfd, 0xe,
    0xff, 0xff, 0xff, 0xff, 0xff, 0xff, 0xff, 0xff,
    0xfd, 0xe, 0xff, 0xff, 0xff, 0xff, 0xff, 0xff,
    0xff, 0xff, 0xfd, 0xe, 0xff, 0xff, 0xff, 0xff,
    0xff, 0xff, 0xdf, 0xff, 0xfa, 0xc, 0xff, 0xff,
    0xff, 0xff, 0xff, 0xfd, 0x0, 0x0, 0x0, 0x0,
    0x0, 0x0, 0x0, 0x0, 0x0, 0x0,

    /* U+F00C "" */
    0x0, 0x0, 0x0, 0x0, 0x0, 0x0, 0x0, 0x0,
    0x4e, 0x60, 0x0, 0x0, 0x0, 0x0, 0x0, 0x0,
    0x0, 0x4, 0xff, 0xf7, 0x0, 0x0, 0x0, 0x0,
    0x0, 0x0, 0x0, 0x4f, 0xff, 0xff, 0x0, 0x0,
    0x0, 0x0, 0x0, 0x0, 0x4, 0xff, 0xff, 0xf6,
    0x0, 0x0, 0x0, 0x0, 0x0, 0x0, 0x4f, 0xff,
    0xff, 0x60, 0x6, 0xe4, 0x0, 0x0, 0x0, 0x4,
    0xff, 0xff, 0xf6, 0x0, 0x7f, 0xff, 0x40, 0x0,
    0x0, 0x4f, 0xff, 0xff, 0x60, 0x0, 0xff, 0xff,
    0xf4, 0x0, 0x4, 0xff, 0xff, 0xf6, 0x0, 0x0,
    0x6f, 0xff, 0xff, 0x40, 0x4f, 0xff, 0xff, 0x60,
    0x0, 0x0, 0x6, 0xff, 0xff, 0xf8, 0xff, 0xff,
    0xf5, 0x0, 0x0, 0x0, 0x0, 0x5f, 0xff, 0xff,
    0xff, 0xff, 0x50, 0x0, 0x0, 0x0, 0x0, 0x5,
    0xff, 0xff, 0xff, 0xf5, 0x0, 0x0, 0x0, 0x0,
    0x0, 0x0, 0x5f, 0xff, 0xff, 0x50, 0x0, 0x0,
    0x0, 0x0, 0x0, 0x0, 0x5, 0xff, 0xf5, 0x0,
    0x0, 0x0, 0x0, 0x0, 0x0, 0x0, 0x0, 0x5e,
    0x50, 0x0, 0x0, 0x0, 0x0, 0x0,

    /* U+F00D "" */
    0x6, 0x70, 0x0, 0x0, 0x0, 0x18, 0x40, 0x8f,
    0xfb, 0x0, 0x0, 0x1, 0xdf, 0xf4, 0xff, 0xff,
    0xb0, 0x0, 0x1d, 0xff, 0xfb, 0x7f, 0xff, 0xfb,
    0x1, 0xdf, 0xff, 0xf4, 0x8, 0xff, 0xff, 0xbd,
    0xff, 0xff, 0x40, 0x0, 0x8f, 0xff, 0xff, 0xff,
    0xf4, 0x0, 0x0, 0x8, 0xff, 0xff, 0xff, 0x40,
    0x0, 0x0, 0x1, 0xef, 0xff, 0xfc, 0x0, 0x0,
    0x0, 0x1d, 0xff, 0xff, 0xff, 0xb0, 0x0, 0x1,
    0xdf, 0xff, 0xff, 0xff, 0xfb, 0x0, 0x1d, 0xff,
    0xff, 0x48, 0xff, 0xff, 0xb0, 0xcf, 0xff, 0xf4,
    0x0, 0x8f, 0xff, 0xf9, 0xdf, 0xff, 0x40, 0x0,
    0x8, 0xff, 0xf9, 0x2e, 0xf4, 0x0, 0x0, 0x0,
    0x8f, 0xc0, 0x0, 0x10, 0x0, 0x0, 0x0, 0x1,
    0x0,

    /* U+F011 "" */
    0x0, 0x0, 0x0, 0x0, 0x26, 0x50, 0x0, 0x0,
    0x0, 0x0, 0x0, 0x0, 0x0, 0x0, 0xdf, 0xf3,
    0x0, 0x0, 0x0, 0x0, 0x0, 0x0, 0x64, 0x0,
    0xdf, 0xf4, 0x0, 0x72, 0x0, 0x0, 0x0, 0xb,
    0xfe, 0x10, 0xdf, 0xf4, 0x9, 0xfe, 0x30, 0x0,
    0x0, 0xaf, 0xff, 0x50, 0xdf, 0xf4, 0xe, 0xff,
    0xe1, 0x0, 0x5, 0xff, 0xfb, 0x0, 0xdf, 0xf4,
    0x5, 0xff, 0xfb, 0x0, 0xd, 0xff, 0xb0, 0x0,
    0xdf, 0xf4, 0x0, 0x5f, 0xff, 0x40, 0x4f, 0xff,
    0x20, 0x0, 0xdf, 0xf4, 0x0, 0xb, 0xff, 0xa0,
    0x8f, 0xfb, 0x0, 0x0, 0xdf, 0xf4, 0x0, 0x4,
    0xff, 0xf0, 0xbf, 0xf7, 0x0, 0x0, 0xdf, 0xf4,
    0x0, 0x1, 0xff, 0xf1, 0xbf, 0xf6, 0x0, 0x0,
    0xdf, 0xf4, 0x0, 0x0, 0xff, 0xf2, 0xbf, 0xf7,
    0x0, 0x0, 0x8d, 0xc1, 0x0, 0x0, 0xff, 0xf1,
    0x8f, 0xfa, 0x0, 0x0, 0x0, 0x0, 0x0, 0x4,
    0xff, 0xf0, 0x4f, 0xff, 0x10, 0x0, 0x0, 0x0,
    0x0, 0xa, 0xff, 0xb0, 0xe, 0xff, 0xb0, 0x0,
    0x0, 0x0, 0x0, 0x4f, 0xff, 0x50, 0x6, 0xff,
    0xf9, 0x0, 0x0, 0x0, 0x4, 0xff, 0xfc, 0x0,
    0x0, 0xaf, 0xff, 0xd5, 0x10, 0x3, 0x9f, 0xff,
    0xf2, 0x0, 0x0, 0xb, 0xff, 0xff, 0xff, 0xff,
    0xff, 0xff, 0x40, 0x0, 0x0, 0x0, 0x8f, 0xff,
    0xff, 0xff, 0xff, 0xd2, 0x0, 0x0, 0x0, 0x0,
    0x2, 0x9e, 0xff, 0xff, 0xb6, 0x0, 0x0, 0x0,
    0x0, 0x0, 0x0, 0x0, 0x12, 0x10, 0x0, 0x0,
    0x0, 0x0,

    /* U+F013 "" */
    0x0, 0x0, 0x0, 0x0, 0x2, 0x20, 0x0, 0x0,
    0x0, 0x0, 0x0, 0x0, 0x0, 0x6, 0xff, 0xff,
    0x60, 0x0, 0x0, 0x0, 0x0, 0x0, 0x0, 0x8,
    0xff, 0xff, 0x80, 0x0, 0x0, 0x0, 0x0, 0x1,
    0x0, 0x2b, 0xff, 0xff, 0xb2, 0x0, 0x10, 0x0,
    0x0, 0x8f, 0x87, 0xff, 0xff, 0xff, 0xff, 0x79,
    0xf8, 0x0, 0x4, 0xff, 0xff, 0xff, 0xff, 0xff,
    0xff, 0xff, 0xff, 0x40, 0xc, 0xff, 0xff, 0xff,
    0xff, 0xff, 0xff, 0xff, 0xff, 0xc0, 0x2f, 0xff,
    0xff, 0xff, 0xc7, 0x7c, 0xff, 0xff, 0xff, 0xf2,
    0x7, 0xff, 0xff, 0xfa, 0x0, 0x0, 0xaf, 0xff,
    0xff, 0x70, 0x0, 0x6f, 0xff, 0xf1, 0x0, 0x0,
    0x1f, 0xff, 0xf6, 0x0, 0x0, 0x7f, 0xff, 0xe0,
    0x0, 0x0, 0xe, 0xff, 0xf7, 0x0, 0x0, 0x6f,
    0xff, 0xf1, 0x0, 0x0, 0x1f, 0xff, 0xf6, 0x0,
    0x7, 0xff, 0xff, 0xfa, 0x0, 0x0, 0xaf, 0xff,
    0xff, 0x70, 0x2f, 0xff, 0xff, 0xff, 0xc7, 0x7c,
    0xff, 0xff, 0xff, 0xf2, 0xc, 0xff, 0xff, 0xff,
    0xff, 0xff, 0xff, 0xff, 0xff, 0xc0, 0x4, 0xff,
    0xff, 0xff, 0xff, 0xff, 0xff, 0xff, 0xff, 0x40,
    0x0, 0x8f, 0x97, 0xff, 0xff, 0xff, 0xff, 0x78,
    0xf8, 0x0, 0x0, 0x1, 0x0, 0x1b, 0xff, 0xff,
    0xb1, 0x0, 0x10, 0x0, 0x0, 0x0, 0x0, 0x8,
    0xff, 0xff, 0x80, 0x0, 0x0, 0x0, 0x0, 0x0,
    0x0, 0x6, 0xff, 0xff, 0x60, 0x0, 0x0, 0x0,
    0x0, 0x0, 0x0, 0x0, 0x2, 0x20, 0x0, 0x0,
    0x0, 0x0,

    /* U+F015 "" */
    0x0, 0x0, 0x0, 0x0, 0x0, 0x46, 0x10, 0x0,
    0x67, 0x60, 0x0, 0x0, 0x0, 0x0, 0x0, 0x0,
    0x9f, 0xfe, 0x20, 0xf, 0xff, 0x0, 0x0, 0x0,
    0x0, 0x0, 0x1, 0xbf, 0xff, 0xff, 0x51, 0xff,
    0xf1, 0x0, 0x0, 0x0, 0x0, 0x2, 0xdf, 0xfc,
    0x8f, 0xff, 0x8f, 0xff, 0x10, 0x0, 0x0, 0x0,
    0x4, 0xff, 0xfa, 0x0, 0x4e, 0xff, 0xff, 0xf1,
    0x0, 0x0, 0x0, 0x7, 0xff, 0xf7, 0x8, 0xd3,
    0x2d, 0xff, 0xff, 0x10, 0x0, 0x0, 0xa, 0xff,
    0xf5, 0x1b, 0xff, 0xf5, 0xb, 0xff, 0xf4, 0x0,
    0x0, 0x1c, 0xff, 0xe2, 0x2d, 0xff, 0xff, 0xf7,
    0x8, 0xff, 0xf6, 0x0, 0x3e, 0xff, 0xc1, 0x4e,
    0xff, 0xff, 0xff, 0xfa, 0x5, 0xff, 0xf9, 0xe,
    0xff, 0x90, 0x6f, 0xff, 0xff, 0xff, 0xff, 0xfc,
    0x13, 0xef, 0xf6, 0x4f, 0x70, 0x9f, 0xff, 0xff,
    0xff, 0xff, 0xff, 0xfe, 0x31, 0xcc, 0x0, 0x0,
    0x3f, 0xff, 0xff, 0xff, 0xff, 0xff, 0xff, 0xfb,
    0x0, 0x0, 0x0, 0x4, 0xff, 0xff, 0xff, 0xff,
    0xff, 0xff, 0xff, 0xc0, 0x0, 0x0, 0x0, 0x4f,
    0xff, 0xff, 0x80, 0x1, 0xef, 0xff, 0xfc, 0x0,
    0x0, 0x0, 0x4, 0xff, 0xff, 0xf6, 0x0, 0xe,
    0xff, 0xff, 0xc0, 0x0, 0x0, 0x0, 0x4f, 0xff,
    0xff, 0x60, 0x0, 0xef, 0xff, 0xfc, 0x0, 0x0,
    0x0, 0x4, 0xff, 0xff, 0xf6, 0x0, 0xe, 0xff,
    0xff, 0xc0, 0x0, 0x0, 0x0, 0x2f, 0xff, 0xff,
    0x40, 0x0, 0xcf, 0xff, 0xfa, 0x0, 0x0, 0x0,
    0x0, 0x0, 0x0, 0x0, 0x0, 0x0, 0x0, 0x0,
    0x0, 0x0, 0x0,

    /* U+F017 "" */
    0x0, 0x0, 0x0, 0x0, 0x0, 0x0, 0x0, 0x0,
    0x0, 0x0, 0x0, 0x0, 0x1, 0x7c, 0xef, 0xfd,
    0x94, 0x0, 0x0, 0x0, 0x0, 0x0, 0x7f, 0xff,
    0xff, 0xff, 0xff, 0xc2, 0x0, 0x0, 0x0, 0xb,
    0xff, 0xff, 0xff, 0xff, 0xff, 0xfe, 0x40, 0x0,
    0x0, 0xaf, 0xff, 0xff, 0xdb, 0xbf, 0xff, 0xff,
    0xf2, 0x0, 0x6, 0xff, 0xff, 0xff, 0x60, 0xe,
    0xff, 0xff, 0xfd, 0x0, 0xe, 0xff, 0xff, 0xff,
    0x60, 0xe, 0xff, 0xff, 0xff, 0x60, 0x6f, 0xff,
    0xff, 0xff, 0x60, 0xe, 0xff, 0xff, 0xff, 0xd0,
    0xaf, 0xff, 0xff, 0xff, 0x60, 0xe, 0xff, 0xff,
    0xff, 0xf1, 0xcf, 0xff, 0xff, 0xff, 0x60, 0xe,
    0xff, 0xff, 0xff, 0xf4, 0xef, 0xff, 0xff, 0xff,
    0x60, 0xc, 0xff, 0xff, 0xff, 0xf5, 0xdf, 0xff,
    0xff, 0xff, 0x60, 0x0, 0x9f, 0xff, 0xff, 0xf4,
    0xbf, 0xff, 0xff, 0xff, 0xd3, 0x0, 0x6, 0xff,
    0xff, 0xf2, 0x7f, 0xff, 0xff, 0xff, 0xff, 0x60,
    0xa, 0xff, 0xff, 0xe0, 0x2f, 0xff, 0xff, 0xff,
    0xff, 0xfa, 0x8f, 0xff, 0xff, 0x90, 0x9, 0xff,
    0xff, 0xff, 0xff, 0xff, 0xff, 0xff, 0xff, 0x10,
    0x1, 0xdf, 0xff, 0xff, 0xff, 0xff, 0xff, 0xff,
    0xf5, 0x0, 0x0, 0x2e, 0xff, 0xff, 0xff, 0xff,
    0xff, 0xff, 0x80, 0x0, 0x0, 0x1, 0xcf, 0xff,
    0xff, 0xff, 0xff, 0xf5, 0x0, 0x0, 0x0, 0x0,
    0x5, 0xcf, 0xff, 0xff, 0xe9, 0x10, 0x0, 0x0,
    0x0, 0x0, 0x0, 0x1, 0x34, 0x42, 0x0, 0x0,
    0x0, 0x0,

    /* U+F019 "" */
    0x0, 0x0, 0x0, 0x0, 0x56, 0x65, 0x0, 0x0,
    0x0, 0x0, 0x0, 0x0, 0x0, 0x7, 0xff, 0xff,
    0x70, 0x0, 0x0, 0x0, 0x0, 0x0, 0x0, 0x8,
    0xff, 0xff, 0x80, 0x0, 0x0, 0x0, 0x0, 0x0,
    0x0, 0x8, 0xff, 0xff, 0x80, 0x0, 0x0, 0x0,
    0x0, 0x0, 0x0, 0x8, 0xff, 0xff, 0x80, 0x0,
    0x0, 0x0, 0x0, 0x0, 0x0, 0x8, 0xff, 0xff,
    0x80, 0x0, 0x0, 0x0, 0x0, 0x0, 0x0, 0x8,
    0xff, 0xff, 0x80, 0x0, 0x0, 0x0, 0x0, 0x0,
    0x0, 0x8, 0xff, 0xff, 0x80, 0x0, 0x0, 0x0,
    0x0, 0x7, 0xee, 0xef, 0xff, 0xff, 0xfe, 0xee,
    0x70, 0x0, 0x0, 0x5, 0xff, 0xff, 0xff, 0xff,
    0xff, 0xff, 0x50, 0x0, 0x0, 0x0, 0x6f, 0xff,
    0xff, 0xff, 0xff, 0xf6, 0x0, 0x0, 0x0, 0x0,
    0x5, 0xff, 0xff, 0xff, 0xff, 0x50, 0x0, 0x0,
    0x0, 0x0, 0x0, 0x5f, 0xff, 0xff, 0xf5, 0x0,
    0x0, 0x0, 0x0, 0x0, 0x0, 0x5, 0xff, 0xff,
    0x50, 0x0, 0x0, 0x0, 0x7a, 0xaa, 0xaa, 0x91,
    0x4f, 0xf4, 0x19, 0xaa, 0xaa, 0xa7, 0xff, 0xff,
    0xff, 0xfd, 0x23, 0x32, 0xdf, 0xff, 0xff, 0xff,
    0xff, 0xff, 0xff, 0xff, 0xf9, 0x9f, 0xff, 0xff,
    0xff, 0xff, 0xff, 0xff, 0xff, 0xff, 0xff, 0xff,
    0xff, 0xff, 0xff, 0xff, 0xff, 0xff, 0xff, 0xff,
    0xff, 0xff, 0xfb, 0xf, 0x48, 0xff, 0xff, 0xff,
    0xff, 0xff, 0xff, 0xff, 0xff, 0xef, 0xef, 0xff,
    0x14, 0x44, 0x44, 0x44, 0x44, 0x44, 0x44, 0x44,
    0x44, 0x41,

    /* U+F01C "" */
    0x0, 0x0, 0x3d, 0xff, 0xff, 0xff, 0xff, 0xff,
    0xf9, 0x0, 0x0, 0x0, 0x0, 0x1e, 0xff, 0xff,
    0xff, 0xff, 0xff, 0xff, 0xf8, 0x0, 0x0, 0x0,
    0xa, 0xff, 0x98, 0x88, 0x88, 0x88, 0x88, 0xdf,
    0xf3, 0x0, 0x0, 0x5, 0xff, 0xa0, 0x0, 0x0,
    0x0, 0x0, 0x2, 0xff, 0xd0, 0x0, 0x1, 0xef,
    0xe1, 0x0, 0x0, 0x0, 0x0, 0x0, 0x8, 0xff,
    0x80, 0x0, 0xaf, 0xf5, 0x0, 0x0, 0x0, 0x0,
    0x0, 0x0, 0xd, 0xff, 0x30, 0x5f, 0xfa, 0x0,
    0x0, 0x0, 0x0, 0x0, 0x0, 0x0, 0x3f, 0xfd,
    0xd, 0xff, 0x98, 0x88, 0x70, 0x0, 0x0, 0x3,
    0x88, 0x88, 0xdf, 0xf5, 0xff, 0xff, 0xff, 0xff,
    0x40, 0x0, 0x0, 0xcf, 0xff, 0xff, 0xff, 0x7f,
    0xff, 0xff, 0xff, 0xfc, 0x0, 0x0, 0x5f, 0xff,
    0xff, 0xff, 0xf8, 0xff, 0xff, 0xff, 0xff, 0xff,
    0xff, 0xff, 0xff, 0xff, 0xff, 0xff, 0x8f, 0xff,
    0xff, 0xff, 0xff, 0xff, 0xff, 0xff, 0xff, 0xff,
    0xff, 0xf8, 0xff, 0xff, 0xff, 0xff, 0xff, 0xff,
    0xff, 0xff, 0xff, 0xff, 0xff, 0x8e, 0xff, 0xff,
    0xff, 0xff, 0xff, 0xff, 0xff, 0xff, 0xff, 0xff,
    0xf6, 0x5e, 0xff, 0xff, 0xff, 0xff, 0xff, 0xff,
    0xff, 0xff, 0xff, 0xfb, 0x0,

    /* U+F021 "" */
    0x0, 0x0, 0x0, 0x0, 0x1, 0x10, 0x0, 0x0,
    0x7, 0xba, 0x0, 0x0, 0x1, 0x7c, 0xff, 0xff,
    0xb5, 0x0, 0xb, 0xff, 0x0, 0x0, 0x7f, 0xff,
    0xff, 0xff, 0xff, 0xe5, 0xb, 0xff, 0x0, 0xa,
    0xff, 0xff, 0xdb, 0xbe, 0xff, 0xff, 0x9a, 0xff,
    0x0, 0x9f, 0xff, 0xa2, 0x0, 0x0, 0x3b, 0xff,
    0xff, 0xff, 0x5, 0xff, 0xf6, 0x0, 0x0, 0x0,
    0x0, 0x5f, 0xff, 0xff, 0xd, 0xff, 0x60, 0x0,
    0x0, 0x7, 0xba, 0x9c, 0xff, 0xff, 0x3f, 0xfc,
    0x0, 0x0, 0x0, 0xc, 0xff, 0xff, 0xff, 0xff,
    0x7f, 0xf6, 0x0, 0x0, 0x0, 0xb, 0xff, 0xff,
    0xff, 0xff, 0x0, 0x0, 0x0, 0x0, 0x0, 0x0,
    0x0, 0x0, 0x0, 0x0, 0x0, 0x0, 0x0, 0x0,
    0x0, 0x0, 0x0, 0x0, 0x0, 0x0, 0x0, 0x0,
    0x0, 0x0, 0x0, 0x0, 0x0, 0x0, 0x0, 0x0,
    0xff, 0xff, 0xff, 0xff, 0xb0, 0x0, 0x0, 0x0,
    0x6f, 0xf6, 0xff, 0xff, 0xff, 0xff, 0xc0, 0x0,
    0x0, 0x0, 0xcf, 0xf3, 0xff, 0xff, 0xc9, 0xaa,
    0x70, 0x0, 0x0, 0x7, 0xff, 0xd0, 0xff, 0xff,
    0xf5, 0x0, 0x0, 0x0, 0x0, 0x6f, 0xff, 0x50,
    0xff, 0xff, 0xff, 0xb3, 0x0, 0x0, 0x3b, 0xff,
    0xf9, 0x0, 0xff, 0xa9, 0xff, 0xff, 0xeb, 0xbd,
    0xff, 0xff, 0xa0, 0x0, 0xff, 0xb0, 0x5d, 0xff,
    0xff, 0xff, 0xff, 0xf7, 0x0, 0x0, 0xff, 0xb0,
    0x0, 0x5b, 0xff, 0xff, 0xc8, 0x10, 0x0, 0x0,
    0xab, 0x70, 0x0, 0x0, 0x1, 0x10, 0x0, 0x0,
    0x0, 0x0,

    /* U+F023 "" */
    0x0, 0x0, 0x0, 0x2, 0x43, 0x0, 0x0, 0x0,
    0x0, 0x0, 0x0, 0x5, 0xdf, 0xff, 0xfa, 0x10,
    0x0, 0x0, 0x0, 0x0, 0x8f, 0xff, 0xff, 0xff,
    0xe2, 0x0, 0x0, 0x0, 0x5, 0xff, 0xff, 0xef,
    0xff, 0xfd, 0x0, 0x0, 0x0, 0xd, 0xff, 0xd2,
    0x0, 0x7f, 0xff, 0x50, 0x0, 0x0, 0x1f, 0xff,
    0x20, 0x0, 0xa, 0xff, 0x90, 0x0, 0x0, 0x2f,
    0xff, 0x0, 0x0, 0x7, 0xff, 0xa0, 0x0, 0x0,
    0x3f, 0xff, 0x0, 0x0, 0x7, 0xff, 0xb0, 0x0,
    0x0, 0x3f, 0xff, 0x0, 0x0, 0x7, 0xff, 0xb0,
    0x0, 0x4d, 0xff, 0xff, 0xff, 0xff, 0xff, 0xff,
    0xff, 0xa0, 0xef, 0xff, 0xff, 0xff, 0xff, 0xff,
    0xff, 0xff, 0xf6, 0xff, 0xff, 0xff, 0xff, 0xff,
    0xff, 0xff, 0xff, 0xf8, 0xff, 0xff, 0xff, 0xff,
    0xff, 0xff, 0xff, 0xff, 0xf8, 0xff, 0xff, 0xff,
    0xff, 0xff, 0xff, 0xff, 0xff, 0xf8, 0xff, 0xff,
    0xff, 0xff, 0xff, 0xff, 0xff, 0xff, 0xf8, 0xff,
    0xff, 0xff, 0xff, 0xff, 0xff, 0xff, 0xff, 0xf8,
    0xff, 0xff, 0xff, 0xff, 0xff, 0xff, 0xff, 0xff,
    0xf8, 0xff, 0xff, 0xff, 0xff, 0xff, 0xff, 0xff,
    0xff, 0xf8, 0xff, 0xff, 0xff, 0xff, 0xff, 0xff,
    0xff, 0xff, 0xf7, 0x9f, 0xff, 0xff, 0xff, 0xff,
    0xff, 0xff, 0xff, 0xf2, 0x3, 0x44, 0x44, 0x44,
    0x44, 0x44, 0x44, 0x44, 0x10,

    /* U+F024 "" */
    0x1, 0x30, 0x0, 0x0, 0x0, 0x0, 0x0, 0x0,
    0x0, 0x0, 0x4f, 0xfd, 0x10, 0x0, 0x0, 0x0,
    0x0, 0x0, 0x0, 0x0, 0xcf, 0xff, 0x70, 0x0,
    0x0, 0x0, 0x0, 0x0, 0x0, 0x0, 0xbf, 0xff,
    0xa9, 0xbb, 0x95, 0x10, 0x0, 0x0, 0x6, 0xb4,
    0x2f, 0xff, 0xff, 0xff, 0xff, 0xfc, 0x87, 0x8b,
    0xff, 0xfc, 0xe, 0xff, 0xff, 0xff, 0xff, 0xff,
    0xff, 0xff, 0xff, 0xfd, 0xe, 0xff, 0xff, 0xff,
    0xff, 0xff, 0xff, 0xff, 0xff, 0xfd, 0xe, 0xff,
    0xff, 0xff, 0xff, 0xff, 0xff, 0xff, 0xff, 0xfd,
    0xe, 0xff, 0xff, 0xff, 0xff, 0xff, 0xff, 0xff,
    0xff, 0xfd, 0xe, 0xff, 0xff, 0xff, 0xff, 0xff,
    0xff, 0xff, 0xff, 0xfd, 0xe, 0xff, 0xff, 0xff,
    0xff, 0xff, 0xff, 0xff, 0xff, 0xfd, 0xe, 0xff,
    0xff, 0xff, 0xff, 0xff, 0xff, 0xff, 0xff, 0xfd,
    0xe, 0xff, 0xff, 0xff, 0xff, 0xff, 0xff, 0xff,
    0xff, 0xfd, 0xe, 0xff, 0xff, 0xff, 0xff, 0xff,
    0xff, 0xff, 0xff, 0xfd, 0xe, 0xff, 0xff, 0xff,
    0xff, 0xff, 0xff, 0xff, 0xff, 0xf9, 0xe, 0xff,
    0xd8, 0x54, 0x36, 0xbf, 0xff, 0xff, 0xfe, 0x70,
    0xe, 0xf9, 0x0, 0x0, 0x0, 0x0, 0x47, 0x87,
    0x40, 0x0, 0xe, 0xf9, 0x0, 0x0, 0x0, 0x0,
    0x0, 0x0, 0x0, 0x0, 0xe, 0xf9, 0x0, 0x0,
    0x0, 0x0, 0x0, 0x0, 0x0, 0x0, 0xe, 0xf9,
    0x0, 0x0, 0x0, 0x0, 0x0, 0x0, 0x0, 0x0,
    0x7, 0xb3, 0x0, 0x0, 0x0, 0x0, 0x0, 0x0,
    0x0, 0x0,

    /* U+F026 "" */
    0x0, 0x0, 0x0, 0x0, 0x1, 0x0, 0x0, 0x0,
    0x2, 0xee, 0x0, 0x0, 0x0, 0x2e, 0xff, 0x0,
    0x0, 0x2, 0xef, 0xff, 0x47, 0x77, 0x7e, 0xff,
    0xff, 0xff, 0xff, 0xff, 0xff, 0xff, 0xff, 0xff,
    0xff, 0xff, 0xff, 0xff, 0xff, 0xff, 0xff, 0xff,
    0xff, 0xff, 0xff, 0xff, 0xff, 0xff, 0xff, 0xff,
    0xff, 0xff, 0xff, 0xff, 0xff, 0xff, 0xff, 0xdf,
    0xff, 0xff, 0xff, 0xff, 0x0, 0x0, 0x9, 0xff,
    0xff, 0x0, 0x0, 0x0, 0x9f, 0xff, 0x0, 0x0,
    0x0, 0x9, 0xff, 0x0, 0x0, 0x0, 0x0, 0x89,

    /* U+F027 "" */
    0x0, 0x0, 0x0, 0x0, 0x89, 0x0, 0x0, 0x0,
    0x0, 0x0, 0x0, 0x9f, 0xf0, 0x0, 0x0, 0x0,
    0x0, 0x0, 0x9f, 0xff, 0x0, 0x0, 0x0, 0x0,
    0x0, 0x9f, 0xff, 0xf0, 0x0, 0x0, 0xdf, 0xff,
    0xff, 0xff, 0xff, 0x0, 0x73, 0xf, 0xff, 0xff,
    0xff, 0xff, 0xf0, 0x1f, 0xf4, 0xff, 0xff, 0xff,
    0xff, 0xff, 0x0, 0x5f, 0xcf, 0xff, 0xff, 0xff,
    0xff, 0xf0, 0x0, 0xff, 0xff, 0xff, 0xff, 0xff,
    0xff, 0x0, 0x4f, 0xdf, 0xff, 0xff, 0xff, 0xff,
    0xf0, 0x1f, 0xf5, 0xff, 0xff, 0xff, 0xff, 0xff,
    0x0, 0x85, 0x4, 0x77, 0x77, 0xef, 0xff, 0xf0,
    0x0, 0x0, 0x0, 0x0, 0x2, 0xef, 0xff, 0x0,
    0x0, 0x0, 0x0, 0x0, 0x2, 0xef, 0xf0, 0x0,
    0x0, 0x0, 0x0, 0x0, 0x2, 0xee, 0x0, 0x0,
    0x0, 0x0, 0x0, 0x0, 0x1, 0x10, 0x0, 0x0,

    /* U+F028 "" */
    0x0, 0x0, 0x0, 0x0, 0x0, 0x0, 0x0, 0x0,
    0x7b, 0x20, 0x0, 0x0, 0x0, 0x0, 0x0, 0x0,
    0x10, 0x0, 0x0, 0x9, 0xfe, 0x30, 0x0, 0x0,
    0x0, 0x0, 0x2, 0xee, 0x0, 0x0, 0x0, 0x9,
    0xff, 0x20, 0x0, 0x0, 0x0, 0x2, 0xef, 0xf0,
    0x0, 0x8, 0x70, 0x8, 0xfd, 0x0, 0x0, 0x0,
    0x2, 0xef, 0xff, 0x0, 0x0, 0xef, 0xb0, 0xc,
    0xf6, 0x4, 0x77, 0x77, 0xef, 0xff, 0xf0, 0x0,
    0x2, 0xdf, 0x80, 0x3f, 0xd0, 0xff, 0xff, 0xff,
    0xff, 0xff, 0x0, 0x74, 0x1, 0xff, 0x10, 0xcf,
    0x3f, 0xff, 0xff, 0xff, 0xff, 0xf0, 0x1f, 0xf4,
    0x8, 0xf7, 0x7, 0xf6, 0xff, 0xff, 0xff, 0xff,
    0xff, 0x0, 0x5f, 0xc0, 0x3f, 0xa0, 0x4f, 0x9f,
    0xff, 0xff, 0xff, 0xff, 0xf0, 0x0, 0xff, 0x2,
    0xfb, 0x4, 0xf9, 0xff, 0xff, 0xff, 0xff, 0xff,
    0x0, 0x5f, 0xc0, 0x3f, 0xa0, 0x5f, 0x9f, 0xff,
    0xff, 0xff, 0xff, 0xf0, 0x1f, 0xf4, 0x8, 0xf7,
    0x7, 0xf6, 0xdf, 0xff, 0xff, 0xff, 0xff, 0x0,
    0x74, 0x2, 0xff, 0x10, 0xcf, 0x30, 0x0, 0x0,
    0x9f, 0xff, 0xf0, 0x0, 0x2, 0xef, 0x80, 0x3f,
    0xd0, 0x0, 0x0, 0x0, 0x9f, 0xff, 0x0, 0x0,
    0xef, 0xb0, 0xc, 0xf6, 0x0, 0x0, 0x0, 0x0,
    0x9f, 0xf0, 0x0, 0x8, 0x70, 0x8, 0xfd, 0x0,
    0x0, 0x0, 0x0, 0x0, 0x89, 0x0, 0x0, 0x0,
    0x8, 0xff, 0x20, 0x0, 0x0, 0x0, 0x0, 0x0,
    0x0, 0x0, 0x0, 0x9, 0xff, 0x30, 0x0, 0x0,
    0x0, 0x0, 0x0, 0x0, 0x0, 0x0, 0x0, 0x7b,
    0x20, 0x0, 0x0,

    /* U+F03E "" */
    0x5e, 0xff, 0xff, 0xff, 0xff, 0xff, 0xff, 0xff,
    0xff, 0xe5, 0xef, 0xff, 0xff, 0xff, 0xff, 0xff,
    0xff, 0xff, 0xff, 0xfe, 0xff, 0xf6, 0x38, 0xff,
    0xff, 0xff, 0xff, 0xff, 0xff, 0xff, 0xff, 0x60,
    0x0, 0xaf, 0xff, 0xff, 0xff, 0xff, 0xff, 0xff,
    0xff, 0x30, 0x0, 0x7f, 0xff, 0xff, 0xfb, 0xef,
    0xff, 0xff, 0xff, 0x80, 0x0, 0xcf, 0xff, 0xff,
    0x90, 0x3e, 0xff, 0xff, 0xff, 0xfa, 0x7c, 0xff,
    0xff, 0xf9, 0x0, 0x3, 0xef, 0xff, 0xff, 0xff,
    0xfc, 0xff, 0xff, 0x90, 0x0, 0x0, 0x3e, 0xff,
    0xff, 0xff, 0x90, 0x6f, 0xf9, 0x0, 0x0, 0x0,
    0x8, 0xff, 0xff, 0xf9, 0x0, 0x6, 0x90, 0x0,
    0x0, 0x0, 0x8, 0xff, 0xff, 0xb0, 0x0, 0x0,
    0x0, 0x0, 0x0, 0x0, 0x8, 0xff, 0xff, 0x80,
    0x0, 0x0, 0x0, 0x0, 0x0, 0x0, 0x8, 0xff,
    0xff, 0xc8, 0x88, 0x88, 0x88, 0x88, 0x88, 0x88,
    0x8c, 0xff, 0xef, 0xff, 0xff, 0xff, 0xff, 0xff,
    0xff, 0xff, 0xff, 0xfe, 0x5e, 0xff, 0xff, 0xff,
    0xff, 0xff, 0xff, 0xff, 0xff, 0xe5,

    /* U+F043 "" */
    0x0, 0x0, 0x0, 0x42, 0x0, 0x0, 0x0, 0x0,
    0x0, 0x3, 0xff, 0x10, 0x0, 0x0, 0x0, 0x0,
    0xa, 0xff, 0x60, 0x0, 0x0, 0x0, 0x0, 0x1f,
    0xff, 0xc0, 0x0, 0x0, 0x0, 0x0, 0x8f, 0xff,
    0xf4, 0x0, 0x0, 0x0, 0x1, 0xff, 0xff, 0xfc,
    0x0, 0x0, 0x0, 0xa, 0xff, 0xff, 0xff, 0x60,
    0x0, 0x0, 0x4f, 0xff, 0xff, 0xff, 0xf2, 0x0,
    0x1, 0xef, 0xff, 0xff, 0xff, 0xfc, 0x0, 0xb,
    0xff, 0xff, 0xff, 0xff, 0xff, 0x70, 0x3f, 0xff,
    0xff, 0xff, 0xff, 0xff, 0xf1, 0xaf, 0xff, 0xff,
    0xff, 0xff, 0xff, 0xf6, 0xef, 0xff, 0xff, 0xff,
    0xff, 0xff, 0xfa, 0xff, 0xa6, 0xff, 0xff, 0xff,
    0xff, 0xfb, 0xef, 0x91, 0xff, 0xff, 0xff, 0xff,
    0xfa, 0xbf, 0xe0, 0x9f, 0xff, 0xff, 0xff, 0xf7,
    0x5f, 0xf9, 0x7, 0xcf, 0xff, 0xff, 0xf2, 0xc,
    0xff, 0xb3, 0x9, 0xff, 0xff, 0x80, 0x1, 0xdf,
    0xff, 0xff, 0xff, 0xfa, 0x0, 0x0, 0x9, 0xff,
    0xff, 0xff, 0x70, 0x0, 0x0, 0x0, 0x15, 0x77,
    0x40, 0x0, 0x0,

    /* U+F048 "" */
    0x47, 0x60, 0x0, 0x0, 0x0, 0x16, 0x1b, 0xff,
    0x10, 0x0, 0x0, 0x2d, 0xfb, 0xbf, 0xf1, 0x0,
    0x0, 0x2e, 0xff, 0xcb, 0xff, 0x10, 0x0, 0x3e,
    0xff, 0xfc, 0xbf, 0xf1, 0x0, 0x4f, 0xff, 0xff,
    0xcb, 0xff, 0x10, 0x5f, 0xff, 0xff, 0xfc, 0xbf,
    0xf1, 0x6f, 0xff, 0xff, 0xff, 0xcb, 0xff, 0x9f,
    0xff, 0xff, 0xff, 0xfc, 0xbf, 0xff, 0xff, 0xff,
    0xff, 0xff, 0xcb, 0xff, 0xff, 0xff, 0xff, 0xff,
    0xfc, 0xbf, 0xff, 0xff, 0xff, 0xff, 0xff, 0xcb,
    0xff, 0x4e, 0xff, 0xff, 0xff, 0xfc, 0xbf, 0xf1,
    0x2d, 0xff, 0xff, 0xff, 0xcb, 0xff, 0x10, 0x1c,
    0xff, 0xff, 0xfc, 0xbf, 0xf1, 0x0, 0xc, 0xff,
    0xff, 0xcb, 0xff, 0x10, 0x0, 0xb, 0xff, 0xfc,
    0xbf, 0xf1, 0x0, 0x0, 0xa, 0xff, 0xca, 0xff,
    0x10, 0x0, 0x0, 0x8, 0xf7, 0x0, 0x0, 0x0,
    0x0, 0x0, 0x0, 0x0,

    /* U+F04B "" */
    0x6, 0x50, 0x0, 0x0, 0x0, 0x0, 0x0, 0x0,
    0x0, 0xbf, 0xfd, 0x30, 0x0, 0x0, 0x0, 0x0,
    0x0, 0x0, 0xff, 0xff, 0xfa, 0x10, 0x0, 0x0,
    0x0, 0x0, 0x0, 0xff, 0xff, 0xff, 0xf7, 0x0,
    0x0, 0x0, 0x0, 0x0, 0xff, 0xff, 0xff, 0xff,
    0xd4, 0x0, 0x0, 0x0, 0x0, 0xff, 0xff, 0xff,
    0xff, 0xff, 0xb2, 0x0, 0x0, 0x0, 0xff, 0xff,
    0xff, 0xff, 0xff, 0xff, 0x80, 0x0, 0x0, 0xff,
    0xff, 0xff, 0xff, 0xff, 0xff, 0xfe, 0x50, 0x0,
    0xff, 0xff, 0xff, 0xff, 0xff, 0xff, 0xff, 0xfb,
    0x20, 0xff, 0xff, 0xff, 0xff, 0xff, 0xff, 0xff,
    0xff, 0xf2, 0xff, 0xff, 0xff, 0xff, 0xff, 0xff,
    0xff, 0xff, 0xf6, 0xff, 0xff, 0xff, 0xff, 0xff,
    0xff, 0xff, 0xff, 0xf2, 0xff, 0xff, 0xff, 0xff,
    0xff, 0xff, 0xff, 0xfb, 0x20, 0xff, 0xff, 0xff,
    0xff, 0xff, 0xff, 0xfd, 0x50, 0x0, 0xff, 0xff,
    0xff, 0xff, 0xff, 0xff, 0x80, 0x0, 0x0, 0xff,
    0xff, 0xff, 0xff, 0xff, 0xa2, 0x0, 0x0, 0x0,
    0xff, 0xff, 0xff, 0xff, 0xd4, 0x0, 0x0, 0x0,
    0x0, 0xff, 0xff, 0xff, 0xf7, 0x0, 0x0, 0x0,
    0x0, 0x0, 0xff, 0xff, 0xfa, 0x10, 0x0, 0x0,
    0x0, 0x0, 0x0, 0xbf, 0xfd, 0x30, 0x0, 0x0,
    0x0, 0x0, 0x0, 0x0, 0x6, 0x50, 0x0, 0x0,
    0x0, 0x0, 0x0, 0x0, 0x0,

    /* U+F04C "" */
    0x6, 0x77, 0x77, 0x30, 0x0, 0x6, 0x77, 0x77,
    0x30, 0xbf, 0xff, 0xff, 0xf3, 0x0, 0xbf, 0xff,
    0xff, 0xf3, 0xff, 0xff, 0xff, 0xf7, 0x0, 0xff,
    0xff, 0xff, 0xf7, 0xff, 0xff, 0xff, 0xf8, 0x0,
    0xff, 0xff, 0xff, 0xf8, 0xff, 0xff, 0xff, 0xf8,
    0x0, 0xff, 0xff, 0xff, 0xf8, 0xff, 0xff, 0xff,
    0xf8, 0x0, 0xff, 0xff, 0xff, 0xf8, 0xff, 0xff,
    0xff, 0xf8, 0x0, 0xff, 0xff, 0xff, 0xf8, 0xff,
    0xff, 0xff, 0xf8, 0x0, 0xff, 0xff, 0xff, 0xf8,
    0xff, 0xff, 0xff, 0xf8, 0x0, 0xff, 0xff, 0xff,
    0xf8, 0xff, 0xff, 0xff, 0xf8, 0x0, 0xff, 0xff,
    0xff, 0xf8, 0xff, 0xff, 0xff, 0xf8, 0x0, 0xff,
    0xff, 0xff, 0xf8, 0xff, 0xff, 0xff, 0xf8, 0x0,
    0xff, 0xff, 0xff, 0xf8, 0xff, 0xff, 0xff, 0xf8,
    0x0, 0xff, 0xff, 0xff, 0xf8, 0xff, 0xff, 0xff,
    0xf8, 0x0, 0xff, 0xff, 0xff, 0xf8, 0xff, 0xff,
    0xff, 0xf8, 0x0, 0xff, 0xff, 0xff, 0xf8, 0xff,
    0xff, 0xff, 0xf8, 0x0, 0xff, 0xff, 0xff, 0xf8,
    0xef, 0xff, 0xff, 0xf6, 0x0, 0xef, 0xff, 0xff,
    0xf6, 0x6f, 0xff, 0xff, 0xc1, 0x0, 0x6f, 0xff,
    0xff, 0xc1, 0x0, 0x0, 0x0, 0x0, 0x0, 0x0,
    0x0, 0x0, 0x0,

    /* U+F04D "" */
    0x5, 0x77, 0x77, 0x77, 0x77, 0x77, 0x77, 0x77,
    0x30, 0xbf, 0xff, 0xff, 0xff, 0xff, 0xff, 0xff,
    0xff, 0xf3, 0xff, 0xff, 0xff, 0xff, 0xff, 0xff,
    0xff, 0xff, 0xf7, 0xff, 0xff, 0xff, 0xff, 0xff,
    0xff, 0xff, 0xff, 0xf8, 0xff, 0xff, 0xff, 0xff,
    0xff, 0xff, 0xff, 0xff, 0xf8, 0xff, 0xff, 0xff,
    0xff, 0xff, 0xff, 0xff, 0xff, 0xf8, 0xff, 0xff,
    0xff, 0xff, 0xff, 0xff, 0xff, 0xff, 0xf8, 0xff,
    0xff, 0xff, 0xff, 0xff, 0xff, 0xff, 0xff, 0xf8,
    0xff, 0xff, 0xff, 0xff, 0xff, 0xff, 0xff, 0xff,
    0xf8, 0xff, 0xff, 0xff, 0xff, 0xff, 0xff, 0xff,
    0xff, 0xf8, 0xff, 0xff, 0xff, 0xff, 0xff, 0xff,
    0xff, 0xff, 0xf8, 0xff, 0xff, 0xff, 0xff, 0xff,
    0xff, 0xff, 0xff, 0xf8, 0xff, 0xff, 0xff, 0xff,
    0xff, 0xff, 0xff, 0xff, 0xf8, 0xff, 0xff, 0xff,
    0xff, 0xff, 0xff, 0xff, 0xff, 0xf8, 0xff, 0xff,
    0xff, 0xff, 0xff, 0xff, 0xff, 0xff, 0xf8, 0xff,
    0xff, 0xff, 0xff, 0xff, 0xff, 0xff, 0xff, 0xf8,
    0xef, 0xff, 0xff, 0xff, 0xff, 0xff, 0xff, 0xff,
    0xf6, 0x6f, 0xff, 0xff, 0xff, 0xff, 0xff, 0xff,
    0xff, 0xc1, 0x0, 0x0, 0x0, 0x0, 0x0, 0x0,
    0x0, 0x0, 0x0,

    /* U+F051 "" */
    0x5, 0x20, 0x0, 0x0, 0x0, 0x57, 0x66, 0xff,
    0x40, 0x0, 0x0, 0xc, 0xff, 0x8f, 0xff, 0x60,
    0x0, 0x0, 0xdf, 0xf8, 0xff, 0xff, 0x70, 0x0,
    0xd, 0xff, 0x8f, 0xff, 0xff, 0x80, 0x0, 0xdf,
    0xf8, 0xff, 0xff, 0xff, 0x90, 0xd, 0xff, 0x8f,
    0xff, 0xff, 0xff, 0xb0, 0xdf, 0xf8, 0xff, 0xff,
    0xff, 0xff, 0xcd, 0xff, 0x8f, 0xff, 0xff, 0xff,
    0xff, 0xff, 0xf8, 0xff, 0xff, 0xff, 0xff, 0xff,
    0xff, 0x8f, 0xff, 0xff, 0xff, 0xff, 0xff, 0xf8,
    0xff, 0xff, 0xff, 0xff, 0x5d, 0xff, 0x8f, 0xff,
    0xff, 0xff, 0x40, 0xdf, 0xf8, 0xff, 0xff, 0xfe,
    0x30, 0xd, 0xff, 0x8f, 0xff, 0xfe, 0x20, 0x0,
    0xdf, 0xf8, 0xff, 0xfd, 0x20, 0x0, 0xd, 0xff,
    0x7f, 0xfd, 0x10, 0x0, 0x0, 0xdf, 0xf3, 0xfb,
    0x10, 0x0, 0x0, 0xc, 0xff, 0x0, 0x0, 0x0,
    0x0, 0x0, 0x0, 0x0,

    /* U+F052 "" */
    0x0, 0x0, 0x0, 0x0, 0x2, 0x10, 0x0, 0x0,
    0x0, 0x0, 0x0, 0x0, 0x0, 0xa, 0xff, 0x40,
    0x0, 0x0, 0x0, 0x0, 0x0, 0x0, 0xa, 0xff,
    0xff, 0x30, 0x0, 0x0, 0x0, 0x0, 0x0, 0x8,
    0xff, 0xff, 0xfe, 0x20, 0x0, 0x0, 0x0, 0x0,
    0x7, 0xff, 0xff, 0xff, 0xfe, 0x10, 0x0, 0x0,
    0x0, 0x6, 0xff, 0xff, 0xff, 0xff, 0xfd, 0x10,
    0x0, 0x0, 0x5, 0xff, 0xff, 0xff, 0xff, 0xff,
    0xfc, 0x0, 0x0, 0x4, 0xff, 0xff, 0xff, 0xff,
    0xff, 0xff, 0xfb, 0x0, 0x3, 0xff, 0xff, 0xff,
    0xff, 0xff, 0xff, 0xff, 0xfa, 0x0, 0xdf, 0xff,
    0xff, 0xff, 0xff, 0xff, 0xff, 0xff, 0xf5, 0xe,
    0xff, 0xff, 0xff, 0xff, 0xff, 0xff, 0xff, 0xff,
    0x60, 0x5f, 0xff, 0xff, 0xff, 0xff, 0xff, 0xff,
    0xff, 0xc0, 0x0, 0x0, 0x0, 0x0, 0x0, 0x0,
    0x0, 0x0, 0x0, 0x0, 0x9f, 0xff, 0xff, 0xff,
    0xff, 0xff, 0xff, 0xff, 0xe2, 0xf, 0xff, 0xff,
    0xff, 0xff, 0xff, 0xff, 0xff, 0xff, 0x70, 0xff,
    0xff, 0xff, 0xff, 0xff, 0xff, 0xff, 0xff, 0xf8,
    0xf, 0xff, 0xff, 0xff, 0xff, 0xff, 0xff, 0xff,
    0xff, 0x70, 0xbf, 0xff, 0xff, 0xff, 0xff, 0xff,
    0xff, 0xff, 0xf3, 0x0, 0x0, 0x0, 0x0, 0x0,
    0x0, 0x0, 0x0, 0x0, 0x0,

    /* U+F053 "" */
    0x0, 0x0, 0x0, 0x0, 0x0, 0x0, 0x0, 0x0,
    0x0, 0x5f, 0x80, 0x0, 0x0, 0x0, 0x5f, 0xff,
    0x40, 0x0, 0x0, 0x5f, 0xff, 0xe2, 0x0, 0x0,
    0x5f, 0xff, 0xe2, 0x0, 0x0, 0x5f, 0xff, 0xe3,
    0x0, 0x0, 0x5f, 0xff, 0xe3, 0x0, 0x0, 0x5f,
    0xff, 0xe3, 0x0, 0x0, 0x5f, 0xff, 0xe3, 0x0,
    0x0, 0xd, 0xff, 0xf5, 0x0, 0x0, 0x0, 0x4f,
    0xff, 0xe3, 0x0, 0x0, 0x0, 0x4f, 0xff, 0xe3,
    0x0, 0x0, 0x0, 0x4f, 0xff, 0xe3, 0x0, 0x0,
    0x0, 0x4f, 0xff, 0xe3, 0x0, 0x0, 0x0, 0x5f,
    0xff, 0xe3, 0x0, 0x0, 0x0, 0x5f, 0xff, 0xe2,
    0x0, 0x0, 0x0, 0x5f, 0xff, 0x40, 0x0, 0x0,
    0x0, 0x5f, 0x80, 0x0, 0x0, 0x0, 0x0, 0x0,
    0x0,

    /* U+F054 "" */
    0x0, 0x0, 0x0, 0x0, 0x0, 0x2, 0xdb, 0x0,
    0x0, 0x0, 0x0, 0xcf, 0xfc, 0x0, 0x0, 0x0,
    0x9, 0xff, 0xfc, 0x0, 0x0, 0x0, 0x9, 0xff,
    0xfc, 0x0, 0x0, 0x0, 0x9, 0xff, 0xfc, 0x0,
    0x0, 0x0, 0x9, 0xff, 0xfc, 0x0, 0x0, 0x0,
    0x9, 0xff, 0xfc, 0x0, 0x0, 0x0, 0x9, 0xff,
    0xfc, 0x0, 0x0, 0x0, 0xd, 0xff, 0xf6, 0x0,
    0x0, 0x9, 0xff, 0xfc, 0x0, 0x0, 0x9, 0xff,
    0xfc, 0x0, 0x0, 0x9, 0xff, 0xfc, 0x0, 0x0,
    0x9, 0xff, 0xfc, 0x0, 0x0, 0x9, 0xff, 0xfc,
    0x0, 0x0, 0x9, 0xff, 0xfc, 0x0, 0x0, 0x0,
    0xcf, 0xfc, 0x0, 0x0, 0x0, 0x2, 0xdb, 0x0,
    0x0, 0x0, 0x0, 0x0, 0x0, 0x0, 0x0, 0x0,
    0x0,

    /* U+F067 "" */
    0x0, 0x0, 0x0, 0x2, 0x55, 0x0, 0x0, 0x0,
    0x0, 0x0, 0x0, 0x0, 0xf, 0xff, 0x80, 0x0,
    0x0, 0x0, 0x0, 0x0, 0x0, 0x2f, 0xff, 0xa0,
    0x0, 0x0, 0x0, 0x0, 0x0, 0x0, 0x2f, 0xff,
    0xa0, 0x0, 0x0, 0x0, 0x0, 0x0, 0x0, 0x2f,
    0xff, 0xa0, 0x0, 0x0, 0x0, 0x0, 0x0, 0x0,
    0x2f, 0xff, 0xa0, 0x0, 0x0, 0x0, 0x0, 0x0,
    0x0, 0x2f, 0xff, 0xa0, 0x0, 0x0, 0x0, 0x37,
    0x77, 0x77, 0x8f, 0xff, 0xc7, 0x77, 0x77, 0x60,
    0xef, 0xff, 0xff, 0xff, 0xff, 0xff, 0xff, 0xff,
    0xf6, 0xff, 0xff, 0xff, 0xff, 0xff, 0xff, 0xff,
    0xff, 0xf8, 0xdf, 0xff, 0xff, 0xff, 0xff, 0xff,
    0xff, 0xff, 0xf5, 0x14, 0x44, 0x44, 0x5f, 0xff,
    0xb4, 0x44, 0x44, 0x30, 0x0, 0x0, 0x0, 0x2f,
    0xff, 0xa0, 0x0, 0x0, 0x0, 0x0, 0x0, 0x0,
    0x2f, 0xff, 0xa0, 0x0, 0x0, 0x0, 0x0, 0x0,
    0x0, 0x2f, 0xff, 0xa0, 0x0, 0x0, 0x0, 0x0,
    0x0, 0x0, 0x2f, 0xff, 0xa0, 0x0, 0x0, 0x0,
    0x0, 0x0, 0x0, 0x1f, 0xff, 0x90, 0x0, 0x0,
    0x0, 0x0, 0x0, 0x0, 0xd, 0xff, 0x60, 0x0,
    0x0, 0x0, 0x0, 0x0, 0x0, 0x0, 0x21, 0x0,
    0x0, 0x0, 0x0,

    /* U+F068 "" */
    0x49, 0x99, 0x99, 0x99, 0x99, 0x99, 0x99, 0x99,
    0x80, 0xff, 0xff, 0xff, 0xff, 0xff, 0xff, 0xff,
    0xff, 0xf7, 0xff, 0xff, 0xff, 0xff, 0xff, 0xff,
    0xff, 0xff, 0xf7, 0xcf, 0xff, 0xff, 0xff, 0xff,
    0xff, 0xff, 0xff, 0xf4, 0x2, 0x22, 0x22, 0x22,
    0x22, 0x22, 0x22, 0x22, 0x10,

    /* U+F06E "" */
    0x0, 0x0, 0x0, 0x6, 0xad, 0xff, 0xec, 0x83,
    0x0, 0x0, 0x0, 0x0, 0x0, 0x0, 0x8f, 0xff,
    0xff, 0xef, 0xff, 0xfc, 0x40, 0x0, 0x0, 0x0,
    0x3, 0xdf, 0xff, 0x92, 0x0, 0x5, 0xdf, 0xff,
    0x90, 0x0, 0x0, 0x4, 0xff, 0xff, 0x50, 0x2,
    0x52, 0x1, 0xcf, 0xff, 0xb0, 0x0, 0x3, 0xff,
    0xff, 0x80, 0x0, 0x7f, 0xf9, 0x1, 0xef, 0xff,
    0xb0, 0x1, 0xef, 0xff, 0xf0, 0x0, 0x8, 0xff,
    0xf7, 0x8, 0xff, 0xff, 0x80, 0xaf, 0xff, 0xfb,
    0x2, 0x25, 0xff, 0xff, 0xe0, 0x3f, 0xff, 0xff,
    0x2f, 0xff, 0xff, 0xa0, 0x7f, 0xff, 0xff, 0xff,
    0x2, 0xff, 0xff, 0xf7, 0x9f, 0xff, 0xfb, 0x5,
    0xff, 0xff, 0xff, 0xc0, 0x3f, 0xff, 0xff, 0x21,
    0xef, 0xff, 0xf0, 0xc, 0xff, 0xff, 0xf5, 0x7,
    0xff, 0xff, 0x80, 0x3, 0xff, 0xff, 0x80, 0x1a,
    0xff, 0xe5, 0x1, 0xef, 0xff, 0xb0, 0x0, 0x4,
    0xff, 0xff, 0x50, 0x0, 0x10, 0x1, 0xcf, 0xff,
    0xb0, 0x0, 0x0, 0x3, 0xdf, 0xff, 0x92, 0x0,
    0x5, 0xdf, 0xff, 0x90, 0x0, 0x0, 0x0, 0x0,
    0x7f, 0xff, 0xff, 0xef, 0xff, 0xfc, 0x40, 0x0,
    0x0, 0x0, 0x0, 0x0, 0x5, 0xad, 0xef, 0xec,
    0x83, 0x0, 0x0, 0x0, 0x0,

    /* U+F070 "" */
    0x0, 0x60, 0x0, 0x0, 0x0, 0x0, 0x0, 0x0,
    0x0, 0x0, 0x0, 0x0, 0x0, 0xb, 0xfc, 0x10,
    0x0, 0x0, 0x0, 0x0, 0x0, 0x0, 0x0, 0x0,
    0x0, 0x0, 0xc, 0xff, 0xe4, 0x0, 0x0, 0x0,
    0x0, 0x0, 0x0, 0x0, 0x0, 0x0, 0x0, 0x0,
    0x9f, 0xff, 0x70, 0x4, 0x8c, 0xef, 0xed, 0x94,
    0x0, 0x0, 0x0, 0x0, 0x0, 0x5, 0xff, 0xfb,
    0xef, 0xff, 0xfe, 0xff, 0xff, 0xe6, 0x0, 0x0,
    0x0, 0x0, 0x0, 0x2d, 0xff, 0xff, 0xc4, 0x0,
    0x4, 0xcf, 0xff, 0xb1, 0x0, 0x0, 0x0, 0x0,
    0x0, 0xbf, 0xff, 0x60, 0x3, 0x10, 0x9, 0xff,
    0xfe, 0x20, 0x0, 0x0, 0x0, 0x0, 0x7, 0xff,
    0xf9, 0x4f, 0xfa, 0x0, 0xcf, 0xff, 0xe1, 0x0,
    0x0, 0xb, 0xb0, 0x0, 0x3e, 0xff, 0xef, 0xff,
    0xa0, 0x4f, 0xff, 0xfb, 0x0, 0x0, 0x6f, 0xfd,
    0x30, 0x1, 0xcf, 0xff, 0xff, 0xf1, 0xf, 0xff,
    0xff, 0x50, 0x0, 0xbf, 0xff, 0xf6, 0x0, 0x8,
    0xff, 0xff, 0xf3, 0xe, 0xff, 0xff, 0xa0, 0x0,
    0x6f, 0xff, 0xff, 0x0, 0x0, 0x5f, 0xff, 0xf2,
    0xf, 0xff, 0xff, 0x50, 0x0, 0xc, 0xff, 0xff,
    0x40, 0x0, 0x2, 0xdf, 0xfe, 0x8f, 0xff, 0xfa,
    0x0, 0x0, 0x1, 0xef, 0xff, 0xc0, 0x0, 0x0,
    0xa, 0xff, 0xff, 0xff, 0xd1, 0x0, 0x0, 0x0,
    0x2e, 0xff, 0xf9, 0x0, 0x0, 0x0, 0x6f, 0xff,
    0xfd, 0x10, 0x0, 0x0, 0x0, 0x1, 0xcf, 0xff,
    0xc4, 0x0, 0x0, 0x3, 0xef, 0xfd, 0x20, 0x0,
    0x0, 0x0, 0x0, 0x6, 0xef, 0xff, 0xfe, 0xe3,
    0x0, 0x1b, 0xff, 0xf5, 0x0, 0x0, 0x0, 0x0,
    0x0, 0x5, 0x9d, 0xef, 0xec, 0x20, 0x0, 0x8f,
    0xff, 0x90, 0x0, 0x0, 0x0, 0x0, 0x0, 0x0,
    0x0, 0x0, 0x0, 0x0, 0x4, 0xef, 0xfb, 0x0,
    0x0, 0x0, 0x0, 0x0, 0x0, 0x0, 0x0, 0x0,
    0x0, 0x0, 0x1c, 0xfa, 0x0, 0x0, 0x0, 0x0,
    0x0, 0x0, 0x0, 0x0, 0x0, 0x0, 0x0, 0x0,
    0x60,

    /* U+F071 "" */
    0x0, 0x0, 0x0, 0x0, 0x0, 0x7, 0xa3, 0x0,
    0x0, 0x0, 0x0, 0x0, 0x0, 0x0, 0x0, 0x0,
    0x0, 0x8f, 0xfe, 0x10, 0x0, 0x0, 0x0, 0x0,
    0x0, 0x0, 0x0, 0x0, 0x2, 0xff, 0xff, 0x90,
    0x0, 0x0, 0x0, 0x0, 0x0, 0x0, 0x0, 0x0,
    0xa, 0xff, 0xff, 0xf3, 0x0, 0x0, 0x0, 0x0,
    0x0, 0x0, 0x0, 0x0, 0x4f, 0xff, 0xff, 0xfb,
    0x0, 0x0, 0x0, 0x0, 0x0, 0x0, 0x0, 0x0,
    0xcf, 0xff, 0xff, 0xff, 0x50, 0x0, 0x0, 0x0,
    0x0, 0x0, 0x0, 0x6, 0xff, 0xff, 0xff, 0xff,
    0xd0, 0x0, 0x0, 0x0, 0x0, 0x0, 0x0, 0xe,
    0xff, 0xa2, 0x24, 0xff, 0xf7, 0x0, 0x0, 0x0,
    0x0, 0x0, 0x0, 0x8f, 0xff, 0x90, 0x1, 0xff,
    0xff, 0x10, 0x0, 0x0, 0x0, 0x0, 0x2, 0xff,
    0xff, 0xa0, 0x2, 0xff, 0xff, 0x90, 0x0, 0x0,
    0x0, 0x0, 0xa, 0xff, 0xff, 0xb0, 0x3, 0xff,
    0xff, 0xf2, 0x0, 0x0, 0x0, 0x0, 0x3f, 0xff,
    0xff, 0xc0, 0x4, 0xff, 0xff, 0xfb, 0x0, 0x0,
    0x0, 0x0, 0xcf, 0xff, 0xff, 0xd0, 0x5, 0xff,
    0xff, 0xff, 0x40, 0x0, 0x0, 0x6, 0xff, 0xff,
    0xff, 0xf9, 0x9c, 0xff, 0xff, 0xff, 0xd0, 0x0,
    0x0, 0xe, 0xff, 0xff, 0xff, 0xf5, 0x2b, 0xff,
    0xff, 0xff, 0xf7, 0x0, 0x0, 0x8f, 0xff, 0xff,
    0xff, 0x90, 0x1, 0xff, 0xff, 0xff, 0xfe, 0x10,
    0x1, 0xff, 0xff, 0xff, 0xff, 0x80, 0x0, 0xff,
    0xff, 0xff, 0xff, 0x90, 0xa, 0xff, 0xff, 0xff,
    0xff, 0xf4, 0x1a, 0xff, 0xff, 0xff, 0xff, 0xf2,
    0xf, 0xff, 0xff, 0xff, 0xff, 0xff, 0xff, 0xff,
    0xff, 0xff, 0xff, 0xf7, 0xb, 0xff, 0xff, 0xff,
    0xff, 0xff, 0xff, 0xff, 0xff, 0xff, 0xff, 0xf4,
    0x1, 0x68, 0x88, 0x88, 0x88, 0x88, 0x88, 0x88,
    0x88, 0x88, 0x88, 0x40,

    /* U+F074 "" */
    0x0, 0x0, 0x0, 0x0, 0x0, 0x0, 0x0, 0x4,
    0x30, 0x0, 0x0, 0x0, 0x0, 0x0, 0x0, 0x0,
    0x0, 0xf, 0xf5, 0x0, 0x0, 0x0, 0x0, 0x0,
    0x0, 0x0, 0x0, 0xf, 0xff, 0x50, 0xef, 0xff,
    0xf6, 0x0, 0x0, 0x1, 0xcf, 0xff, 0xff, 0xf5,
    0xff, 0xff, 0xff, 0x50, 0x0, 0xc, 0xff, 0xff,
    0xff, 0xff, 0xff, 0xff, 0xff, 0xf5, 0x0, 0xbf,
    0xff, 0xff, 0xff, 0xf7, 0x22, 0x23, 0xdf, 0xf8,
    0x9, 0xff, 0xf7, 0x2f, 0xff, 0x70, 0x0, 0x0,
    0x2e, 0xb0, 0x7f, 0xff, 0x90, 0xf, 0xf7, 0x0,
    0x0, 0x0, 0x3, 0x6, 0xff, 0xfa, 0x0, 0x7,
    0x60, 0x0, 0x0, 0x0, 0x0, 0x4f, 0xff, 0xb0,
    0x0, 0x0, 0x0, 0x0, 0x0, 0x0, 0x3, 0xff,
    0xfd, 0x3, 0x0, 0x7, 0x60, 0x0, 0x0, 0x0,
    0x2e, 0xff, 0xe1, 0x3f, 0x90, 0xf, 0xf8, 0x0,
    0x22, 0x23, 0xdf, 0xfe, 0x22, 0xef, 0xf7, 0x2f,
    0xff, 0x80, 0xff, 0xff, 0xff, 0xf3, 0x0, 0xcf,
    0xff, 0xff, 0xff, 0xf7, 0xff, 0xff, 0xff, 0x50,
    0x0, 0xc, 0xff, 0xff, 0xff, 0xfe, 0xef, 0xff,
    0xf6, 0x0, 0x0, 0x1, 0xcf, 0xff, 0xff, 0xf4,
    0x0, 0x0, 0x0, 0x0, 0x0, 0x0, 0x0, 0xf,
    0xff, 0x40, 0x0, 0x0, 0x0, 0x0, 0x0, 0x0,
    0x0, 0xf, 0xf5, 0x0, 0x0, 0x0, 0x0, 0x0,
    0x0, 0x0, 0x0, 0x4, 0x30, 0x0,

    /* U+F077 "" */
    0x0, 0x0, 0x0, 0x0, 0x94, 0x0, 0x0, 0x0,
    0x0, 0x0, 0x0, 0x0, 0xc, 0xff, 0x50, 0x0,
    0x0, 0x0, 0x0, 0x0, 0x0, 0xcf, 0xff, 0xf5,
    0x0, 0x0, 0x0, 0x0, 0x0, 0xc, 0xff, 0xff,
    0xff, 0x50, 0x0, 0x0, 0x0, 0x0, 0xcf, 0xff,
    0xae, 0xff, 0xf5, 0x0, 0x0, 0x0, 0xc, 0xff,
    0xf9, 0x3, 0xef, 0xff, 0x50, 0x0, 0x0, 0xcf,
    0xff, 0x90, 0x0, 0x3e, 0xff, 0xf5, 0x0, 0xc,
    0xff, 0xf9, 0x0, 0x0, 0x3, 0xef, 0xff, 0x50,
    0xaf, 0xff, 0x90, 0x0, 0x0, 0x0, 0x3e, 0xff,
    0xf2, 0x7f, 0xf9, 0x0, 0x0, 0x0, 0x0, 0x3,
    0xef, 0xe1, 0x6, 0x70, 0x0, 0x0, 0x0, 0x0,
    0x0, 0x29, 0x20,

    /* U+F078 "" */
    0x6, 0x70, 0x0, 0x0, 0x0, 0x0, 0x0, 0x29,
    0x20, 0x7f, 0xf9, 0x0, 0x0, 0x0, 0x0, 0x2,
    0xef, 0xe1, 0x9f, 0xff, 0x90, 0x0, 0x0, 0x0,
    0x3e, 0xff, 0xf2, 0xb, 0xff, 0xf9, 0x0, 0x0,
    0x3, 0xef, 0xff, 0x50, 0x0, 0xbf, 0xff, 0x90,
    0x0, 0x3e, 0xff, 0xf5, 0x0, 0x0, 0xb, 0xff,
    0xf9, 0x3, 0xef, 0xff, 0x50, 0x0, 0x0, 0x0,
    0xbf, 0xff, 0xae, 0xff, 0xf5, 0x0, 0x0, 0x0,
    0x0, 0xb, 0xff, 0xff, 0xff, 0x50, 0x0, 0x0,
    0x0, 0x0, 0x0, 0xbf, 0xff, 0xf5, 0x0, 0x0,
    0x0, 0x0, 0x0, 0x0, 0xb, 0xff, 0x50, 0x0,
    0x0, 0x0, 0x0, 0x0, 0x0, 0x0, 0x94, 0x0,
    0x0, 0x0, 0x0,

    /* U+F079 "" */
    0x0, 0x0, 0x9c, 0x10, 0x0, 0x0, 0x0, 0x0,
    0x0, 0x0, 0x0, 0x0, 0x0, 0x0, 0xa, 0xff,
    0xd1, 0x0, 0x58, 0x88, 0x88, 0x88, 0x88, 0x81,
    0x0, 0x0, 0x0, 0xaf, 0xff, 0xfd, 0x20, 0xef,
    0xff, 0xff, 0xff, 0xff, 0xf6, 0x0, 0x0, 0xa,
    0xff, 0xff, 0xff, 0xe2, 0x4e, 0xff, 0xff, 0xff,
    0xff, 0xf6, 0x0, 0x0, 0x8f, 0xfc, 0xff, 0xcf,
    0xfd, 0x0, 0x0, 0x0, 0x0, 0x1f, 0xf6, 0x0,
    0x0, 0x7f, 0xc2, 0xff, 0x67, 0xfc, 0x0, 0x0,
    0x0, 0x0, 0x1f, 0xf6, 0x0, 0x0, 0x3, 0x1,
    0xff, 0x60, 0x30, 0x0, 0x0, 0x0, 0x0, 0x1f,
    0xf6, 0x0, 0x0, 0x0, 0x1, 0xff, 0x60, 0x0,
    0x0, 0x0, 0x0, 0x0, 0x1f, 0xf6, 0x0, 0x0,
    0x0, 0x1, 0xff, 0x60, 0x0, 0x0, 0x0, 0x0,
    0x0, 0x1f, 0xf6, 0x0, 0x0, 0x0, 0x1, 0xff,
    0x60, 0x0, 0x0, 0x0, 0x3, 0xd7, 0x1f, 0xf6,
    0x3d, 0x70, 0x0, 0x1, 0xff, 0x60, 0x0, 0x0,
    0x0, 0xa, 0xff, 0x7f, 0xf9, 0xef, 0xf0, 0x0,
    0x1, 0xff, 0xb8, 0x88, 0x88, 0x88, 0x32, 0xef,
    0xff, 0xff, 0xff, 0x60, 0x0, 0x1, 0xff, 0xff,
    0xff, 0xff, 0xff, 0xf2, 0x2e, 0xff, 0xff, 0xf6,
    0x0, 0x0, 0x0, 0xdf, 0xff, 0xff, 0xff, 0xff,
    0xe2, 0x2, 0xef, 0xff, 0x60, 0x0, 0x0, 0x0,
    0x0, 0x0, 0x0, 0x0, 0x0, 0x0, 0x0, 0x2e,
    0xf6, 0x0, 0x0, 0x0, 0x0, 0x0, 0x0, 0x0,
    0x0, 0x0, 0x0, 0x0, 0x1, 0x30, 0x0, 0x0,

    /* U+F07B "" */
    0x5e, 0xff, 0xff, 0xff, 0x90, 0x0, 0x0, 0x0,
    0x0, 0x0, 0xef, 0xff, 0xff, 0xff, 0xf9, 0x0,
    0x0, 0x0, 0x0, 0x0, 0xff, 0xff, 0xff, 0xff,
    0xff, 0xa8, 0x88, 0x88, 0x88, 0x60, 0xff, 0xff,
    0xff, 0xff, 0xff, 0xff, 0xff, 0xff, 0xff, 0xfb,
    0xff, 0xff, 0xff, 0xff, 0xff, 0xff, 0xff, 0xff,
    0xff, 0xff, 0xff, 0xff, 0xff, 0xff, 0xff, 0xff,
    0xff, 0xff, 0xff, 0xff, 0xff, 0xff, 0xff, 0xff,
    0xff, 0xff, 0xff, 0xff, 0xff, 0xff, 0xff, 0xff,
    0xff, 0xff, 0xff, 0xff, 0xff, 0xff, 0xff, 0xff,
    0xff, 0xff, 0xff, 0xff, 0xff, 0xff, 0xff, 0xff,
    0xff, 0xff, 0xff, 0xff, 0xff, 0xff, 0xff, 0xff,
    0xff, 0xff, 0xff, 0xff, 0xff, 0xff, 0xff, 0xff,
    0xff, 0xff, 0xff, 0xff, 0xff, 0xff, 0xff, 0xff,
    0xff, 0xff, 0xff, 0xff, 0xff, 0xff, 0xff, 0xff,
    0xff, 0xff, 0xff, 0xff, 0xff, 0xff, 0xff, 0xff,
    0xff, 0xff, 0xef, 0xff, 0xff, 0xff, 0xff, 0xff,
    0xff, 0xff, 0xff, 0xfe, 0x5e, 0xff, 0xff, 0xff,
    0xff, 0xff, 0xff, 0xff, 0xff, 0xe5,

    /* U+F080 "" */
    0xef, 0x60, 0x0, 0x0, 0x0, 0x0, 0x0, 0x0,
    0xdf, 0x70, 0xff, 0x80, 0x0, 0x0, 0xb, 0xb3,
    0x0, 0x0, 0xef, 0x90, 0xff, 0x80, 0x0, 0x0,
    0x1f, 0xf6, 0x0, 0x0, 0xef, 0x90, 0xff, 0x80,
    0x0, 0x0, 0x1f, 0xf6, 0x3, 0x20, 0xef, 0x90,
    0xff, 0x80, 0x0, 0x0, 0x1f, 0xf6, 0x7f, 0xf0,
    0xef, 0x90, 0xff, 0x80, 0x0, 0x0, 0x1f, 0xf6,
    0x8f, 0xf0, 0xef, 0x90, 0xff, 0x80, 0xa, 0xc4,
    0x1f, 0xf6, 0x8f, 0xf0, 0xef, 0x90, 0xff, 0x80,
    0xf, 0xf8, 0x1f, 0xf6, 0x8f, 0xf0, 0xef, 0x90,
    0xff, 0x80, 0xf, 0xf8, 0x1f, 0xf6, 0x8f, 0xf0,
    0xef, 0x90, 0xff, 0x80, 0xe, 0xf6, 0xf, 0xf5,
    0x6f, 0xe0, 0xdf, 0x70, 0xff, 0x80, 0x0, 0x0,
    0x0, 0x0, 0x0, 0x0, 0x0, 0x0, 0xff, 0x80,
    0x0, 0x0, 0x0, 0x0, 0x0, 0x0, 0x0, 0x0,
    0xff, 0xc8, 0x88, 0x88, 0x88, 0x88, 0x88, 0x88,
    0x88, 0x86, 0xff, 0xff, 0xff, 0xff, 0xff, 0xff,
    0xff, 0xff, 0xff, 0xff, 0xaf, 0xff, 0xff, 0xff,
    0xff, 0xff, 0xff, 0xff, 0xff, 0xfe,

    /* U+F084 "" */
    0x0, 0x0, 0x0, 0x0, 0x0, 0x1, 0x33, 0x20,
    0x0, 0x0, 0x0, 0x0, 0x0, 0x0, 0x3, 0xbf,
    0xff, 0xfd, 0x60, 0x0, 0x0, 0x0, 0x0, 0x0,
    0x7f, 0xff, 0xff, 0xff, 0xfb, 0x0, 0x0, 0x0,
    0x0, 0x6, 0xff, 0xff, 0xff, 0xee, 0xff, 0xa0,
    0x0, 0x0, 0x0, 0xf, 0xff, 0xff, 0xf9, 0x0,
    0x9f, 0xf4, 0x0, 0x0, 0x0, 0x6f, 0xff, 0xff,
    0xf2, 0x0, 0x2f, 0xfb, 0x0, 0x0, 0x0, 0x9f,
    0xff, 0xff, 0xf8, 0x0, 0x8f, 0xfe, 0x0, 0x0,
    0x0, 0xbf, 0xff, 0xff, 0xff, 0xdd, 0xff, 0xff,
    0x0, 0x0, 0x0, 0xaf, 0xff, 0xff, 0xff, 0xff,
    0xff, 0xfe, 0x0, 0x0, 0x0, 0x8f, 0xff, 0xff,
    0xff, 0xff, 0xff, 0xfa, 0x0, 0x0, 0x5, 0xff,
    0xff, 0xff, 0xff, 0xff, 0xff, 0xf3, 0x0, 0x0,
    0x5f, 0xff, 0xff, 0xff, 0xff, 0xff, 0xff, 0x80,
    0x0, 0x5, 0xff, 0xff, 0xff, 0xff, 0xff, 0xff,
    0xf9, 0x0, 0x0, 0x5f, 0xff, 0xff, 0xff, 0xff,
    0xff, 0xfb, 0x40, 0x0, 0x6, 0xff, 0xff, 0xff,
    0xff, 0xf6, 0x11, 0x0, 0x0, 0x0, 0x6f, 0xff,
    0xff, 0xff, 0xd6, 0x40, 0x0, 0x0, 0x0, 0x0,
    0xff, 0xff, 0xff, 0xff, 0xb0, 0x0, 0x0, 0x0,
    0x0, 0x0, 0xff, 0xff, 0xff, 0xee, 0x70, 0x0,
    0x0, 0x0, 0x0, 0x0, 0xff, 0xff, 0xff, 0x40,
    0x0, 0x0, 0x0, 0x0, 0x0, 0x0, 0xff, 0xff,
    0xff, 0x30, 0x0, 0x0, 0x0, 0x0, 0x0, 0x0,
    0x36, 0x66, 0x65, 0x0, 0x0, 0x0, 0x0, 0x0,
    0x0, 0x0,

    /* U+F08D "" */
    0x5, 0xbb, 0xbb, 0xbb, 0xbb, 0xbb, 0xb5, 0x0,
    0xbf, 0xff, 0xff, 0xff, 0xff, 0xff, 0xb0, 0xc,
    0xff, 0xff, 0xff, 0xff, 0xff, 0xfc, 0x0, 0x9f,
    0xff, 0xff, 0xff, 0xff, 0xff, 0x90, 0x0, 0x4,
    0xff, 0xff, 0xff, 0xf4, 0x0, 0x0, 0x0, 0x5f,
    0xff, 0xff, 0xff, 0x50, 0x0, 0x0, 0x6, 0xff,
    0xff, 0xff, 0xf6, 0x0, 0x0, 0x0, 0x8f, 0xff,
    0xff, 0xff, 0x80, 0x0, 0x0, 0xb, 0xff, 0xff,
    0xff, 0xfb, 0x0, 0x0, 0x2c, 0xff, 0xff, 0xff,
    0xff, 0xfc, 0x20, 0x1e, 0xff, 0xff, 0xff, 0xff,
    0xff, 0xfe, 0x19, 0xff, 0xff, 0xff, 0xff, 0xff,
    0xff, 0xfa, 0xef, 0xff, 0xff, 0xff, 0xff, 0xff,
    0xff, 0xed, 0xff, 0xff, 0xff, 0xff, 0xff, 0xff,
    0xfd, 0x0, 0x0, 0x0, 0xcf, 0xc0, 0x0, 0x0,
    0x0, 0x0, 0x0, 0xc, 0xfc, 0x0, 0x0, 0x0,
    0x0, 0x0, 0x0, 0xcf, 0xc0, 0x0, 0x0, 0x0,
    0x0, 0x0, 0xc, 0xfc, 0x0, 0x0, 0x0, 0x0,
    0x0, 0x0, 0x9f, 0x90, 0x0, 0x0, 0x0, 0x0,
    0x0, 0x1, 0xf1, 0x0, 0x0, 0x0, 0x0, 0x0,
    0x0, 0x2, 0x0, 0x0, 0x0, 0x0,

    /* U+F093 "" */
    0x0, 0x0, 0x0, 0x0, 0x3, 0x10, 0x0, 0x0,
    0x0, 0x0, 0x0, 0x0, 0x0, 0x0, 0x6f, 0xd1,
    0x0, 0x0, 0x0, 0x0, 0x0, 0x0, 0x0, 0x6,
    0xff, 0xfd, 0x10, 0x0, 0x0, 0x0, 0x0, 0x0,
    0x0, 0x6f, 0xff, 0xff, 0xd1, 0x0, 0x0, 0x0,
    0x0, 0x0, 0x6, 0xff, 0xff, 0xff, 0xfd, 0x10,
    0x0, 0x0, 0x0, 0x0, 0x6f, 0xff, 0xff, 0xff,
    0xff, 0xd1, 0x0, 0x0, 0x0, 0x6, 0xff, 0xff,
    0xff, 0xff, 0xff, 0xfd, 0x10, 0x0, 0x0, 0xd,
    0xff, 0xff, 0xff, 0xff, 0xff, 0xff, 0x60, 0x0,
    0x0, 0x0, 0x11, 0x1b, 0xff, 0xff, 0x51, 0x11,
    0x0, 0x0, 0x0, 0x0, 0x0, 0xb, 0xff, 0xff,
    0x40, 0x0, 0x0, 0x0, 0x0, 0x0, 0x0, 0xb,
    0xff, 0xff, 0x40, 0x0, 0x0, 0x0, 0x0, 0x0,
    0x0, 0xb, 0xff, 0xff, 0x40, 0x0, 0x0, 0x0,
    0x0, 0x0, 0x0, 0xb, 0xff, 0xff, 0x40, 0x0,
    0x0, 0x0, 0x0, 0x0, 0x0, 0xb, 0xff, 0xff,
    0x40, 0x0, 0x0, 0x0, 0x7a, 0xaa, 0xaa, 0x2b,
    0xff, 0xff, 0x42, 0xaa, 0xaa, 0xa7, 0xff, 0xff,
    0xff, 0x82, 0x67, 0x76, 0x8, 0xff, 0xff, 0xff,
    0xff, 0xff, 0xff, 0xfb, 0x77, 0x77, 0xbf, 0xff,
    0xff, 0xff, 0xff, 0xff, 0xff, 0xff, 0xff, 0xff,
    0xff, 0xff, 0xff, 0xff, 0xff, 0xff, 0xff, 0xff,
    0xff, 0xff, 0xfb, 0xf, 0x48, 0xff, 0xff, 0xff,
    0xff, 0xff, 0xff, 0xff, 0xff, 0xef, 0xef, 0xff,
    0x14, 0x44, 0x44, 0x44, 0x44, 0x44, 0x44, 0x44,
    0x44, 0x41,

    /* U+F095 "" */
    0x0, 0x0, 0x0, 0x0, 0x0, 0x0, 0x0, 0x4,
    0x62, 0x0, 0x0, 0x0, 0x0, 0x0, 0x0, 0x0,
    0x0, 0x1, 0xff, 0xfe, 0xb5, 0x0, 0x0, 0x0,
    0x0, 0x0, 0x0, 0x0, 0x7f, 0xff, 0xff, 0xf0,
    0x0, 0x0, 0x0, 0x0, 0x0, 0x0, 0xe, 0xff,
    0xff, 0xff, 0x0, 0x0, 0x0, 0x0, 0x0, 0x0,
    0x5, 0xff, 0xff, 0xff, 0xd0, 0x0, 0x0, 0x0,
    0x0, 0x0, 0x0, 0xbf, 0xff, 0xff, 0xfb, 0x0,
    0x0, 0x0, 0x0, 0x0, 0x0, 0x6, 0xff, 0xff,
    0xff, 0x80, 0x0, 0x0, 0x0, 0x0, 0x0, 0x0,
    0x5, 0xff, 0xff, 0xf4, 0x0, 0x0, 0x0, 0x0,
    0x0, 0x0, 0x0, 0x5, 0xff, 0xfe, 0x0, 0x0,
    0x0, 0x0, 0x0, 0x0, 0x0, 0x0, 0xbf, 0xff,
    0x90, 0x0, 0x0, 0x0, 0x0, 0x0, 0x0, 0x0,
    0x4f, 0xff, 0xf2, 0x0, 0x0, 0x0, 0x0, 0x0,
    0x0, 0x0, 0x2e, 0xff, 0xf8, 0x0, 0x0, 0x0,
    0x1, 0x30, 0x0, 0x0, 0x1d, 0xff, 0xfd, 0x0,
    0x0, 0x0, 0x29, 0xff, 0x70, 0x0, 0x3e, 0xff,
    0xff, 0x30, 0x0, 0x4, 0xbf, 0xff, 0xff, 0x40,
    0x7f, 0xff, 0xff, 0x50, 0x0, 0x0, 0xef, 0xff,
    0xff, 0xfe, 0xef, 0xff, 0xff, 0x50, 0x0, 0x0,
    0xc, 0xff, 0xff, 0xff, 0xff, 0xff, 0xfe, 0x40,
    0x0, 0x0, 0x0, 0x8f, 0xff, 0xff, 0xff, 0xff,
    0xfb, 0x10, 0x0, 0x0, 0x0, 0x4, 0xff, 0xff,
    0xff, 0xff, 0xd5, 0x0, 0x0, 0x0, 0x0, 0x0,
    0x1f, 0xff, 0xff, 0xea, 0x40, 0x0, 0x0, 0x0,
    0x0, 0x0, 0x0, 0x57, 0x64, 0x20, 0x0, 0x0,
    0x0, 0x0, 0x0, 0x0, 0x0,

    /* U+F0AC "" */
    0x0, 0x0, 0x0, 0x0, 0x0, 0x0, 0x0, 0x0,
    0x0, 0x0, 0x0, 0x0, 0x1, 0x40, 0x7f, 0xc1,
    0x23, 0x0, 0x0, 0x0, 0x0, 0x0, 0x7f, 0x44,
    0xff, 0xfa, 0xd, 0xc1, 0x0, 0x0, 0x0, 0xb,
    0xfd, 0xc, 0xff, 0xff, 0x36, 0xff, 0x40, 0x0,
    0x0, 0xbf, 0xf7, 0x2f, 0xff, 0xff, 0x91, 0xff,
    0xf3, 0x0, 0x7, 0xff, 0xf3, 0x7f, 0xff, 0xff,
    0xd0, 0xdf, 0xfe, 0x0, 0xd, 0xee, 0xe0, 0x9e,
    0xee, 0xee, 0xe0, 0x8e, 0xee, 0x60, 0x0, 0x0,
    0x0, 0x0, 0x0, 0x0, 0x0, 0x0, 0x0, 0x0,
    0xcf, 0xff, 0xc0, 0xff, 0xff, 0xff, 0xf5, 0x5f,
    0xff, 0xf3, 0xef, 0xff, 0xb0, 0xff, 0xff, 0xff,
    0xf6, 0x4f, 0xff, 0xf6, 0xff, 0xff, 0xb0, 0xff,
    0xff, 0xff, 0xf6, 0x3f, 0xff, 0xf6, 0xef, 0xff,
    0xb0, 0xff, 0xff, 0xff, 0xf6, 0x4f, 0xff, 0xf6,
    0xbf, 0xff, 0xc0, 0xff, 0xff, 0xff, 0xf5, 0x5f,
    0xff, 0xf3, 0x0, 0x0, 0x0, 0x0, 0x0, 0x0,
    0x0, 0x0, 0x0, 0x0, 0xd, 0xee, 0xe0, 0x9e,
    0xee, 0xee, 0xe0, 0x8e, 0xee, 0x60, 0x7, 0xff,
    0xf3, 0x7f, 0xff, 0xff, 0xd0, 0xcf, 0xfe, 0x0,
    0x0, 0xbf, 0xf8, 0x2f, 0xff, 0xff, 0x91, 0xff,
    0xf3, 0x0, 0x0, 0xb, 0xfd, 0xc, 0xff, 0xff,
    0x36, 0xff, 0x40, 0x0, 0x0, 0x0, 0x7f, 0x44,
    0xff, 0xfa, 0xd, 0xc2, 0x0, 0x0, 0x0, 0x0,
    0x1, 0x40, 0x7f, 0xc1, 0x23, 0x0, 0x0, 0x0,
    0x0, 0x0, 0x0, 0x0, 0x0, 0x0, 0x0, 0x0,
    0x0, 0x0,

    /* U+F0C0 "" */
    0x0, 0x0, 0x0, 0x0, 0x0, 0x0, 0x10, 0x0,
    0x0, 0x0, 0x0, 0x0, 0x0, 0x0, 0x0, 0x0,
    0x0, 0x1a, 0xff, 0xf9, 0x0, 0x0, 0x0, 0x0,
    0x0, 0x0, 0x0, 0x0, 0x0, 0xd, 0xff, 0xff,
    0xfc, 0x0, 0x0, 0x0, 0x0, 0x0, 0x4, 0x97,
    0x0, 0x8, 0xff, 0xff, 0xff, 0xf7, 0x0, 0x7,
    0x93, 0x0, 0x4, 0xff, 0xfb, 0x0, 0xcf, 0xff,
    0xff, 0xff, 0xc0, 0xc, 0xff, 0xf4, 0x0, 0xbf,
    0xff, 0xf2, 0xd, 0xff, 0xff, 0xff, 0xfd, 0x2,
    0xff, 0xff, 0xb0, 0xa, 0xff, 0xff, 0x10, 0xbf,
    0xff, 0xff, 0xff, 0xa0, 0x1f, 0xff, 0xfa, 0x0,
    0x2e, 0xff, 0x80, 0x3, 0xff, 0xff, 0xff, 0xf3,
    0x0, 0x8f, 0xfe, 0x20, 0x0, 0x14, 0x20, 0x0,
    0x6, 0xff, 0xff, 0xf5, 0x0, 0x0, 0x34, 0x10,
    0x0, 0x25, 0x66, 0x40, 0x0, 0x2, 0x79, 0x71,
    0x0, 0x0, 0x56, 0x65, 0x20, 0x6f, 0xff, 0xff,
    0x50, 0x56, 0x30, 0x0, 0x37, 0x50, 0x4f, 0xff,
    0xff, 0x5e, 0xff, 0xff, 0x45, 0xef, 0xff, 0xfd,
    0xff, 0xff, 0xe4, 0x3f, 0xff, 0xfe, 0xff, 0xff,
    0x73, 0xff, 0xff, 0xff, 0xff, 0xff, 0xff, 0xf3,
    0x6f, 0xff, 0xfd, 0xff, 0xf0, 0xbf, 0xff, 0xff,
    0xff, 0xff, 0xff, 0xff, 0xb0, 0xff, 0xfd, 0x14,
    0x44, 0xf, 0xff, 0xff, 0xff, 0xff, 0xff, 0xff,
    0xff, 0x4, 0x44, 0x10, 0x0, 0x0, 0xff, 0xff,
    0xff, 0xff, 0xff, 0xff, 0xff, 0xf0, 0x0, 0x0,
    0x0, 0x0, 0xf, 0xff, 0xff, 0xff, 0xff, 0xff,
    0xff, 0xff, 0x0, 0x0, 0x0, 0x0, 0x0, 0x6f,
    0xff, 0xff, 0xff, 0xff, 0xff, 0xff, 0x60, 0x0,
    0x0, 0x0, 0x0, 0x0, 0x0, 0x0, 0x0, 0x0,
    0x0, 0x0, 0x0, 0x0, 0x0, 0x0,

    /* U+F0C4 "" */
    0x0, 0x25, 0x40, 0x0, 0x0, 0x0, 0x0, 0x0,
    0x0, 0x9, 0xff, 0xfe, 0x30, 0x0, 0x0, 0x4,
    0xaa, 0x50, 0x7f, 0xff, 0xff, 0xe0, 0x0, 0x0,
    0x8f, 0xff, 0xf5, 0xef, 0xd3, 0x7f, 0xf6, 0x0,
    0x8, 0xff, 0xff, 0xb0, 0xff, 0x80, 0xf, 0xf7,
    0x0, 0x8f, 0xff, 0xfb, 0x0, 0xdf, 0xe7, 0xaf,
    0xf5, 0x8, 0xff, 0xff, 0xb0, 0x0, 0x5f, 0xff,
    0xff, 0xfd, 0x9f, 0xff, 0xfb, 0x0, 0x0, 0x5,
    0xef, 0xff, 0xff, 0xff, 0xff, 0xb0, 0x0, 0x0,
    0x0, 0x1, 0x5f, 0xff, 0xff, 0xfb, 0x0, 0x0,
    0x0, 0x0, 0x0, 0xb, 0xff, 0xff, 0xf2, 0x0,
    0x0, 0x0, 0x0, 0x25, 0x9f, 0xff, 0xff, 0xfd,
    0x10, 0x0, 0x0, 0x9, 0xff, 0xff, 0xff, 0xff,
    0xff, 0xd1, 0x0, 0x0, 0x7f, 0xff, 0xff, 0xfb,
    0x6f, 0xff, 0xfd, 0x10, 0x0, 0xef, 0xd3, 0x7f,
    0xf5, 0x5, 0xff, 0xff, 0xd1, 0x0, 0xff, 0x80,
    0xf, 0xf7, 0x0, 0x5f, 0xff, 0xfd, 0x10, 0xdf,
    0xe7, 0xaf, 0xf5, 0x0, 0x5, 0xff, 0xff, 0xd1,
    0x5f, 0xff, 0xff, 0xc0, 0x0, 0x0, 0x4f, 0xff,
    0xf4, 0x5, 0xef, 0xfb, 0x10, 0x0, 0x0, 0x1,
    0x66, 0x20, 0x0, 0x1, 0x0, 0x0, 0x0, 0x0,
    0x0, 0x0, 0x0,

    /* U+F0C5 "" */
    0x0, 0x0, 0x8, 0xbb, 0xbb, 0xbb, 0x50, 0x90,
    0x0, 0x0, 0x0, 0xf, 0xff, 0xff, 0xff, 0x81,
    0xfb, 0x0, 0x0, 0x0, 0xf, 0xff, 0xff, 0xff,
    0x81, 0xff, 0xb0, 0x0, 0x0, 0xf, 0xff, 0xff,
    0xff, 0x81, 0xff, 0xf8, 0x8c, 0xc9, 0xf, 0xff,
    0xff, 0xff, 0x80, 0x0, 0x0, 0xff, 0xfc, 0xf,
    0xff, 0xff, 0xff, 0xd5, 0x44, 0x43, 0xff, 0xfc,
    0xf, 0xff, 0xff, 0xff, 0xff, 0xff, 0xfa, 0xff,
    0xfc, 0xf, 0xff, 0xff, 0xff, 0xff, 0xff, 0xfa,
    0xff, 0xfc, 0xf, 0xff, 0xff, 0xff, 0xff, 0xff,
    0xfa, 0xff, 0xfc, 0xf, 0xff, 0xff, 0xff, 0xff,
    0xff, 0xfa, 0xff, 0xfc, 0xf, 0xff, 0xff, 0xff,
    0xff, 0xff, 0xfa, 0xff, 0xfc, 0xf, 0xff, 0xff,
    0xff, 0xff, 0xff, 0xfa, 0xff, 0xfc, 0xf, 0xff,
    0xff, 0xff, 0xff, 0xff, 0xfa, 0xff, 0xfc, 0xf,
    0xff, 0xff, 0xff, 0xff, 0xff, 0xfa, 0xff, 0xfc,
    0xf, 0xff, 0xff, 0xff, 0xff, 0xff, 0xfa, 0xff,
    0xfc, 0xf, 0xff, 0xff, 0xff, 0xff, 0xff, 0xfa,
    0xff, 0xfe, 0xb, 0xff, 0xff, 0xff, 0xff, 0xff,
    0xf7, 0xff, 0xff, 0x91, 0x0, 0x0, 0x0, 0x0,
    0x0, 0x0, 0xff, 0xff, 0xff, 0xff, 0xff, 0xff,
    0x80, 0x0, 0x0, 0xff, 0xff, 0xff, 0xff, 0xff,
    0xff, 0x70, 0x0, 0x0, 0x58, 0x88, 0x88, 0x88,
    0x88, 0x87, 0x10, 0x0, 0x0,

    /* U+F0C7 "" */
    0x6, 0x77, 0x77, 0x77, 0x77, 0x77, 0x60, 0x0,
    0x0, 0xbf, 0xff, 0xff, 0xff, 0xff, 0xff, 0xfd,
    0x10, 0x0, 0xff, 0xff, 0xff, 0xff, 0xff, 0xff,
    0xff, 0xc1, 0x0, 0xff, 0x90, 0x0, 0x0, 0x0,
    0x1, 0xdf, 0xfc, 0x10, 0xff, 0x80, 0x0, 0x0,
    0x0, 0x0, 0xbf, 0xff, 0xc0, 0xff, 0x80, 0x0,
    0x0, 0x0, 0x0, 0xbf, 0xff, 0xf3, 0xff, 0x80,
    0x0, 0x0, 0x0, 0x0, 0xbf, 0xff, 0xf4, 0xff,
    0x80, 0x0, 0x0, 0x0, 0x0, 0xbf, 0xff, 0xf4,
    0xff, 0xd8, 0x88, 0x88, 0x88, 0x88, 0xef, 0xff,
    0xf4, 0xff, 0xff, 0xff, 0xff, 0xff, 0xff, 0xff,
    0xff, 0xf4, 0xff, 0xff, 0xff, 0xff, 0xff, 0xff,
    0xff, 0xff, 0xf4, 0xff, 0xff, 0xff, 0xe4, 0x2,
    0xcf, 0xff, 0xff, 0xf4, 0xff, 0xff, 0xff, 0x60,
    0x0, 0x2f, 0xff, 0xff, 0xf4, 0xff, 0xff, 0xff,
    0x40, 0x0, 0xf, 0xff, 0xff, 0xf4, 0xff, 0xff,
    0xff, 0xa0, 0x0, 0x6f, 0xff, 0xff, 0xf4, 0xff,
    0xff, 0xff, 0xfc, 0x8a, 0xff, 0xff, 0xff, 0xf4,
    0xef, 0xff, 0xff, 0xff, 0xff, 0xff, 0xff, 0xff,
    0xf3, 0x6f, 0xff, 0xff, 0xff, 0xff, 0xff, 0xff,
    0xff, 0xa0, 0x0, 0x0, 0x0, 0x0, 0x0, 0x0,
    0x0, 0x0, 0x0,

    /* U+F0C9 "" */
    0x0, 0x0, 0x0, 0x0, 0x0, 0x0, 0x0, 0x0,
    0x0, 0xef, 0xff, 0xff, 0xff, 0xff, 0xff, 0xff,
    0xff, 0xf6, 0xff, 0xff, 0xff, 0xff, 0xff, 0xff,
    0xff, 0xff, 0xf8, 0xac, 0xcc, 0xcc, 0xcc, 0xcc,
    0xcc, 0xcc, 0xcc, 0xc4, 0x0, 0x0, 0x0, 0x0,
    0x0, 0x0, 0x0, 0x0, 0x0, 0x0, 0x0, 0x0,
    0x0, 0x0, 0x0, 0x0, 0x0, 0x0, 0x0, 0x0,
    0x0, 0x0, 0x0, 0x0, 0x0, 0x0, 0x0, 0xcd,
    0xdd, 0xdd, 0xdd, 0xdd, 0xdd, 0xdd, 0xdd, 0xd5,
    0xff, 0xff, 0xff, 0xff, 0xff, 0xff, 0xff, 0xff,
    0xf8, 0xdf, 0xff, 0xff, 0xff, 0xff, 0xff, 0xff,
    0xff, 0xf5, 0x0, 0x0, 0x0, 0x0, 0x0, 0x0,
    0x0, 0x0, 0x0, 0x0, 0x0, 0x0, 0x0, 0x0,
    0x0, 0x0, 0x0, 0x0, 0x0, 0x0, 0x0, 0x0,
    0x0, 0x0, 0x0, 0x0, 0x0, 0xac, 0xcc, 0xcc,
    0xcc, 0xcc, 0xcc, 0xcc, 0xcc, 0xc4, 0xff, 0xff,
    0xff, 0xff, 0xff, 0xff, 0xff, 0xff, 0xf8, 0xef,
    0xff, 0xff, 0xff, 0xff, 0xff, 0xff, 0xff, 0xf6,
    0x0, 0x0, 0x0, 0x0, 0x0, 0x0, 0x0, 0x0,
    0x0,

    /* U+F0E0 "" */
    0x5e, 0xff, 0xff, 0xff, 0xff, 0xff, 0xff, 0xff,
    0xff, 0xe5, 0xef, 0xff, 0xff, 0xff, 0xff, 0xff,
    0xff, 0xff, 0xff, 0xfe, 0xff, 0xff, 0xff, 0xff,
    0xff, 0xff, 0xff, 0xff, 0xff, 0xff, 0x7f, 0xff,
    0xff, 0xff, 0xff, 0xff, 0xff, 0xff, 0xff, 0xf7,
    0x3, 0xef, 0xff, 0xff, 0xff, 0xff, 0xff, 0xff,
    0xfe, 0x30, 0xe3, 0x1b, 0xff, 0xff, 0xff, 0xff,
    0xff, 0xff, 0xb1, 0x3e, 0xff, 0x70, 0x7f, 0xff,
    0xff, 0xff, 0xff, 0xf7, 0x7, 0xff, 0xff, 0xfb,
    0x13, 0xdf, 0xff, 0xff, 0xfd, 0x31, 0xbf, 0xff,
    0xff, 0xff, 0xe4, 0xa, 0xff, 0xff, 0xa0, 0x4e,
    0xff, 0xff, 0xff, 0xff, 0xff, 0x80, 0x5d, 0xd5,
    0x8, 0xff, 0xff, 0xff, 0xff, 0xff, 0xff, 0xfc,
    0x20, 0x2, 0xcf, 0xff, 0xff, 0xff, 0xff, 0xff,
    0xff, 0xff, 0xfd, 0xdf, 0xff, 0xff, 0xff, 0xff,
    0xff, 0xff, 0xff, 0xff, 0xff, 0xff, 0xff, 0xff,
    0xff, 0xff, 0xef, 0xff, 0xff, 0xff, 0xff, 0xff,
    0xff, 0xff, 0xff, 0xfe, 0x5e, 0xff, 0xff, 0xff,
    0xff, 0xff, 0xff, 0xff, 0xff, 0xe5,

    /* U+F0E7 "" */
    0x0, 0x14, 0x44, 0x44, 0x41, 0x0, 0x0, 0x0,
    0xbf, 0xff, 0xff, 0xfa, 0x0, 0x0, 0x0, 0xef,
    0xff, 0xff, 0xf8, 0x0, 0x0, 0x0, 0xff, 0xff,
    0xff, 0xf3, 0x0, 0x0, 0x2, 0xff, 0xff, 0xff,
    0xd0, 0x0, 0x0, 0x4, 0xff, 0xff, 0xff, 0x80,
    0x0, 0x0, 0x6, 0xff, 0xff, 0xff, 0x40, 0x0,
    0x0, 0x8, 0xff, 0xff, 0xff, 0xff, 0xff, 0xf5,
    0xa, 0xff, 0xff, 0xff, 0xff, 0xff, 0xf4, 0xd,
    0xff, 0xff, 0xff, 0xff, 0xff, 0xb0, 0xf, 0xff,
    0xff, 0xff, 0xff, 0xff, 0x20, 0xb, 0xff, 0xff,
    0xff, 0xff, 0xf9, 0x0, 0x0, 0x0, 0x0, 0x8f,
    0xff, 0xe1, 0x0, 0x0, 0x0, 0x0, 0xcf, 0xff,
    0x60, 0x0, 0x0, 0x0, 0x0, 0xff, 0xfd, 0x0,
    0x0, 0x0, 0x0, 0x3, 0xff, 0xf4, 0x0, 0x0,
    0x0, 0x0, 0x7, 0xff, 0xa0, 0x0, 0x0, 0x0,
    0x0, 0xb, 0xff, 0x20, 0x0, 0x0, 0x0, 0x0,
    0xf, 0xf8, 0x0, 0x0, 0x0, 0x0, 0x0, 0x2f,
    0xe0, 0x0, 0x0, 0x0, 0x0, 0x0, 0x9, 0x40,
    0x0, 0x0, 0x0,

    /* U+F0EA "" */
    0x0, 0x0, 0x6, 0x71, 0x0, 0x0, 0x0, 0x0,
    0x0, 0x14, 0x44, 0xbf, 0xfe, 0x44, 0x43, 0x0,
    0x0, 0x0, 0xef, 0xff, 0xf9, 0x4f, 0xff, 0xff,
    0x40, 0x0, 0x0, 0xff, 0xff, 0xf8, 0x3f, 0xff,
    0xff, 0x50, 0x0, 0x0, 0xff, 0xff, 0xff, 0xff,
    0xff, 0xff, 0x50, 0x0, 0x0, 0xff, 0xff, 0xff,
    0xa8, 0x88, 0x88, 0x20, 0x0, 0x0, 0xff, 0xff,
    0xf6, 0x0, 0x0, 0x0, 0x0, 0x0, 0x0, 0xff,
    0xff, 0xf0, 0xcf, 0xff, 0xff, 0x51, 0xe2, 0x0,
    0xff, 0xff, 0xf0, 0xef, 0xff, 0xff, 0x51, 0xfe,
    0x20, 0xff, 0xff, 0xf0, 0xef, 0xff, 0xff, 0x51,
    0xff, 0xe2, 0xff, 0xff, 0xf0, 0xef, 0xff, 0xff,
    0x50, 0xbb, 0xb7, 0xff, 0xff, 0xf0, 0xef, 0xff,
    0xff, 0x80, 0x0, 0x0, 0xff, 0xff, 0xf0, 0xef,
    0xff, 0xff, 0xff, 0xff, 0xfa, 0xff, 0xff, 0xf0,
    0xef, 0xff, 0xff, 0xff, 0xff, 0xfa, 0xff, 0xff,
    0xf0, 0xef, 0xff, 0xff, 0xff, 0xff, 0xfa, 0xff,
    0xff, 0xf0, 0xef, 0xff, 0xff, 0xff, 0xff, 0xfa,
    0xcf, 0xff, 0xf0, 0xef, 0xff, 0xff, 0xff, 0xff,
    0xfa, 0x0, 0x0, 0x0, 0xef, 0xff, 0xff, 0xff,
    0xff, 0xfa, 0x0, 0x0, 0x0, 0xef, 0xff, 0xff,
    0xff, 0xff, 0xfa, 0x0, 0x0, 0x0, 0xef, 0xff,
    0xff, 0xff, 0xff, 0xfa, 0x0, 0x0, 0x0, 0x7b,
    0xbb, 0xbb, 0xbb, 0xbb, 0xb4,

    /* U+F0F3 "" */
    0x0, 0x0, 0x0, 0x0, 0x31, 0x0, 0x0, 0x0,
    0x0, 0x0, 0x0, 0x0, 0x5, 0xfd, 0x0, 0x0,
    0x0, 0x0, 0x0, 0x0, 0x0, 0x9, 0xff, 0x10,
    0x0, 0x0, 0x0, 0x0, 0x0, 0x7, 0xef, 0xff,
    0xfb, 0x20, 0x0, 0x0, 0x0, 0x0, 0xaf, 0xff,
    0xff, 0xff, 0xf3, 0x0, 0x0, 0x0, 0x8, 0xff,
    0xff, 0xff, 0xff, 0xfe, 0x10, 0x0, 0x0, 0x1f,
    0xff, 0xff, 0xff, 0xff, 0xff, 0x80, 0x0, 0x0,
    0x5f, 0xff, 0xff, 0xff, 0xff, 0xff, 0xd0, 0x0,
    0x0, 0x7f, 0xff, 0xff, 0xff, 0xff, 0xff, 0xf0,
    0x0, 0x0, 0x8f, 0xff, 0xff, 0xff, 0xff, 0xff,
    0xf0, 0x0, 0x0, 0x9f, 0xff, 0xff, 0xff, 0xff,
    0xff, 0xf1, 0x0, 0x0, 0xdf, 0xff, 0xff, 0xff,
    0xff, 0xff, 0xf5, 0x0, 0x1, 0xff, 0xff, 0xff,
    0xff, 0xff, 0xff, 0xf9, 0x0, 0x9, 0xff, 0xff,
    0xff, 0xff, 0xff, 0xff, 0xff, 0x10, 0x5f, 0xff,
    0xff, 0xff, 0xff, 0xff, 0xff, 0xff, 0xd0, 0xef,
    0xff, 0xff, 0xff, 0xff, 0xff, 0xff, 0xff, 0xf6,
    0x9f, 0xff, 0xff, 0xff, 0xff, 0xff, 0xff, 0xff,
    0xe3, 0x0, 0x0, 0x0, 0x0, 0x0, 0x0, 0x0,
    0x0, 0x0, 0x0, 0x0, 0x0, 0xaf, 0xff, 0xf2,
    0x0, 0x0, 0x0, 0x0, 0x0, 0x0, 0x3f, 0xff,
    0xa0, 0x0, 0x0, 0x0, 0x0, 0x0, 0x0, 0x2,
    0x75, 0x0, 0x0, 0x0, 0x0,

    /* U+F11C "" */
    0x5e, 0xff, 0xff, 0xff, 0xff, 0xff, 0xff, 0xff,
    0xff, 0xff, 0xfb, 0xe, 0xff, 0xff, 0xff, 0xff,
    0xff, 0xff, 0xff, 0xff, 0xff, 0xff, 0xf6, 0xff,
    0xc8, 0x8f, 0xa8, 0xaf, 0x88, 0xbf, 0x88, 0xfb,
    0x88, 0xff, 0x8f, 0xf8, 0x0, 0xf4, 0x4, 0xf0,
    0x5, 0xe0, 0xe, 0x50, 0xf, 0xf8, 0xff, 0x80,
    0xf, 0x40, 0x4f, 0x0, 0x6f, 0x0, 0xf6, 0x0,
    0xff, 0x8f, 0xff, 0xff, 0xff, 0xff, 0xff, 0xff,
    0xff, 0xff, 0xff, 0xff, 0xf8, 0xff, 0xff, 0x94,
    0x6f, 0x64, 0x8f, 0x44, 0xbb, 0x44, 0xff, 0xff,
    0x8f, 0xff, 0xf6, 0x2, 0xf2, 0x5, 0xf0, 0x8,
    0x80, 0xe, 0xff, 0xf8, 0xff, 0xff, 0x94, 0x6f,
    0x64, 0x8f, 0x44, 0xbb, 0x44, 0xff, 0xff, 0x8f,
    0xff, 0xff, 0xff, 0xff, 0xff, 0xff, 0xff, 0xff,
    0xff, 0xff, 0xf8, 0xff, 0x80, 0xf, 0x40, 0x0,
    0x0, 0x0, 0x0, 0xf6, 0x0, 0xff, 0x8f, 0xf8,
    0x0, 0xf4, 0x0, 0x0, 0x0, 0x0, 0xe, 0x50,
    0xf, 0xf8, 0xff, 0xc8, 0x8f, 0xa8, 0x88, 0x88,
    0x88, 0x88, 0xfb, 0x88, 0xff, 0x8e, 0xff, 0xff,
    0xff, 0xff, 0xff, 0xff, 0xff, 0xff, 0xff, 0xff,
    0xf6, 0x5e, 0xff, 0xff, 0xff, 0xff, 0xff, 0xff,
    0xff, 0xff, 0xff, 0xfb, 0x0,

    /* U+F124 "" */
    0x0, 0x0, 0x0, 0x0, 0x0, 0x0, 0x0, 0x0,
    0x0, 0x56, 0x0, 0x0, 0x0, 0x0, 0x0, 0x0,
    0x0, 0x0, 0x1, 0x7e, 0xff, 0xa0, 0x0, 0x0,
    0x0, 0x0, 0x0, 0x0, 0x1, 0x8f, 0xff, 0xff,
    0xf0, 0x0, 0x0, 0x0, 0x0, 0x0, 0x2, 0xaf,
    0xff, 0xff, 0xff, 0xa0, 0x0, 0x0, 0x0, 0x0,
    0x4, 0xbf, 0xff, 0xff, 0xff, 0xff, 0x30, 0x0,
    0x0, 0x0, 0x5, 0xcf, 0xff, 0xff, 0xff, 0xff,
    0xfb, 0x0, 0x0, 0x0, 0x6, 0xdf, 0xff, 0xff,
    0xff, 0xff, 0xff, 0xf4, 0x0, 0x0, 0x18, 0xef,
    0xff, 0xff, 0xff, 0xff, 0xff, 0xff, 0xd0, 0x0,
    0x5, 0xff, 0xff, 0xff, 0xff, 0xff, 0xff, 0xff,
    0xff, 0x50, 0x0, 0xe, 0xff, 0xff, 0xff, 0xff,
    0xff, 0xff, 0xff, 0xfe, 0x0, 0x0, 0xd, 0xff,
    0xff, 0xff, 0xff, 0xff, 0xff, 0xff, 0xf7, 0x0,
    0x0, 0x2, 0xac, 0xcc, 0xcc, 0xcd, 0xff, 0xff,
    0xff, 0xf0, 0x0, 0x0, 0x0, 0x0, 0x0, 0x0,
    0x4, 0xff, 0xff, 0xff, 0x80, 0x0, 0x0, 0x0,
    0x0, 0x0, 0x0, 0x4, 0xff, 0xff, 0xff, 0x10,
    0x0, 0x0, 0x0, 0x0, 0x0, 0x0, 0x4, 0xff,
    0xff, 0xf9, 0x0, 0x0, 0x0, 0x0, 0x0, 0x0,
    0x0, 0x4, 0xff, 0xff, 0xf2, 0x0, 0x0, 0x0,
    0x0, 0x0, 0x0, 0x0, 0x4, 0xff, 0xff, 0xb0,
    0x0, 0x0, 0x0, 0x0, 0x0, 0x0, 0x0, 0x4,
    0xff, 0xff, 0x30, 0x0, 0x0, 0x0, 0x0, 0x0,
    0x0, 0x0, 0x3, 0xff, 0xfc, 0x0, 0x0, 0x0,
    0x0, 0x0, 0x0, 0x0, 0x0, 0x0, 0xef, 0xf4,
    0x0, 0x0, 0x0, 0x0, 0x0, 0x0, 0x0, 0x0,
    0x0, 0x27, 0x30, 0x0, 0x0, 0x0, 0x0,

    /* U+F14E "" */
    0x0, 0x0, 0x0, 0x0, 0x0, 0x0, 0x0, 0x0,
    0x0, 0x0, 0x0, 0x0, 0x2, 0x8d, 0xff, 0xfe,
    0xa4, 0x0, 0x0, 0x0, 0x0, 0x0, 0x9f, 0xff,
    0xff, 0xff, 0xff, 0xc2, 0x0, 0x0, 0x0, 0x1c,
    0xff, 0xff, 0xff, 0xff, 0xff, 0xff, 0x40, 0x0,
    0x0, 0xcf, 0xff, 0xff, 0xff, 0xff, 0xff, 0xff,
    0xf3, 0x0, 0x8, 0xff, 0xff, 0xff, 0xff, 0xff,
    0xfa, 0xcf, 0xfe, 0x0, 0x1f, 0xff, 0xff, 0xff,
    0xff, 0xf8, 0x10, 0x6f, 0xff, 0x70, 0x7f, 0xff,
    0xff, 0xff, 0xe7, 0x0, 0x0, 0xcf, 0xff, 0xd0,
    0xcf, 0xff, 0xff, 0xfa, 0x0, 0x0, 0x4, 0xff,
    0xff, 0xf2, 0xef, 0xff, 0xff, 0xf1, 0x19, 0x40,
    0xb, 0xff, 0xff, 0xf4, 0xff, 0xff, 0xff, 0x80,
    0x8f, 0xe0, 0x2f, 0xff, 0xff, 0xf5, 0xef, 0xff,
    0xff, 0x10, 0x2c, 0x70, 0xaf, 0xff, 0xff, 0xf4,
    0xcf, 0xff, 0xfa, 0x0, 0x0, 0x4, 0xff, 0xff,
    0xff, 0xf2, 0x8f, 0xff, 0xf2, 0x0, 0x4, 0xbf,
    0xff, 0xff, 0xff, 0xe0, 0x3f, 0xff, 0xc0, 0x5,
    0xdf, 0xff, 0xff, 0xff, 0xff, 0x90, 0xa, 0xff,
    0xf9, 0xef, 0xff, 0xff, 0xff, 0xff, 0xff, 0x10,
    0x1, 0xef, 0xff, 0xff, 0xff, 0xff, 0xff, 0xff,
    0xf5, 0x0, 0x0, 0x2e, 0xff, 0xff, 0xff, 0xff,
    0xff, 0xff, 0x70, 0x0, 0x0, 0x1, 0xcf, 0xff,
    0xff, 0xff, 0xff, 0xe5, 0x0, 0x0, 0x0, 0x0,
    0x5, 0xcf, 0xff, 0xff, 0xd8, 0x10, 0x0, 0x0,
    0x0, 0x0, 0x0, 0x0, 0x34, 0x31, 0x0, 0x0,
    0x0, 0x0,

    /* U+F15B "" */
    0x24, 0x44, 0x44, 0x44, 0x30, 0x30, 0x0, 0xf,
    0xff, 0xff, 0xff, 0xfc, 0xf, 0x60, 0x0, 0xff,
    0xff, 0xff, 0xff, 0xc0, 0xff, 0x60, 0xf, 0xff,
    0xff, 0xff, 0xfc, 0xf, 0xff, 0x60, 0xff, 0xff,
    0xff, 0xff, 0xc0, 0xff, 0xff, 0x6f, 0xff, 0xff,
    0xff, 0xfc, 0xb, 0xbb, 0xbb, 0xff, 0xff, 0xff,
    0xff, 0xe1, 0x0, 0x0, 0xf, 0xff, 0xff, 0xff,
    0xff, 0xff, 0xff, 0xff, 0xff, 0xff, 0xff, 0xff,
    0xff, 0xff, 0xff, 0xff, 0xff, 0xff, 0xff, 0xff,
    0xff, 0xff, 0xff, 0xff, 0xff, 0xff, 0xff, 0xff,
    0xff, 0xff, 0xff, 0xff, 0xff, 0xff, 0xff, 0xff,
    0xff, 0xff, 0xff, 0xff, 0xff, 0xff, 0xff, 0xff,
    0xff, 0xff, 0xff, 0xff, 0xff, 0xff, 0xff, 0xff,
    0xff, 0xff, 0xff, 0xff, 0xff, 0xff, 0xff, 0xff,
    0xff, 0xff, 0xff, 0xff, 0xff, 0xff, 0xff, 0xff,
    0xff, 0xff, 0xff, 0xff, 0xff, 0xff, 0xff, 0xff,
    0xff, 0xff, 0xff, 0xff, 0xff, 0xff, 0xff, 0xff,
    0xff, 0xff, 0xff, 0xff, 0xff, 0xff, 0xff, 0xff,
    0xff, 0xff, 0xff, 0xff, 0xff, 0xff, 0x8b, 0xbb,
    0xbb, 0xbb, 0xbb, 0xbb, 0xbb, 0x80,

    /* U+F185 "" */
    0x0, 0x0, 0x0, 0x0, 0x1, 0x10, 0x0, 0x0,
    0x0, 0x0, 0x0, 0x0, 0x0, 0x0, 0xd, 0xc0,
    0x0, 0x0, 0x0, 0x0, 0x0, 0x0, 0x0, 0x0,
    0x5f, 0xf4, 0x0, 0x0, 0x0, 0x0, 0x0, 0x17,
    0x30, 0x0, 0xdf, 0xfc, 0x0, 0x3, 0x71, 0x0,
    0x0, 0x2f, 0xfe, 0x87, 0xff, 0xff, 0x79, 0xef,
    0xf2, 0x0, 0x0, 0xc, 0xff, 0xff, 0xfc, 0xcf,
    0xff, 0xff, 0xd0, 0x0, 0x0, 0x7, 0xff, 0xf6,
    0x14, 0x41, 0x6f, 0xff, 0x70, 0x0, 0x0, 0x1,
    0xff, 0x36, 0xff, 0xff, 0x53, 0xff, 0x10, 0x0,
    0x0, 0x4c, 0xf8, 0x3f, 0xff, 0xff, 0xf3, 0x8f,
    0xc4, 0x0, 0x4c, 0xff, 0xf2, 0xaf, 0xff, 0xff,
    0xf9, 0x2f, 0xff, 0xc4, 0xef, 0xff, 0xf0, 0xbf,
    0xff, 0xff, 0xfb, 0xf, 0xff, 0xfe, 0x19, 0xff,
    0xf1, 0x9f, 0xff, 0xff, 0xf8, 0x1f, 0xff, 0x91,
    0x0, 0x19, 0xf5, 0x2f, 0xff, 0xff, 0xf1, 0x5f,
    0x91, 0x0, 0x0, 0x2, 0xfd, 0x3, 0xdf, 0xfc,
    0x30, 0xdf, 0x20, 0x0, 0x0, 0x7, 0xff, 0xb0,
    0x1, 0x10, 0xb, 0xff, 0x70, 0x0, 0x0, 0xb,
    0xff, 0xfe, 0x85, 0x58, 0xef, 0xff, 0xc0, 0x0,
    0x0, 0x1f, 0xff, 0xfd, 0xff, 0xff, 0xdf, 0xff,
    0xf1, 0x0, 0x0, 0x2e, 0xa5, 0x1, 0xff, 0xff,
    0x10, 0x5a, 0xe2, 0x0, 0x0, 0x0, 0x0, 0x0,
    0x8f, 0xf8, 0x0, 0x0, 0x0, 0x0, 0x0, 0x0,
    0x0, 0x0, 0x1f, 0xe1, 0x0, 0x0, 0x0, 0x0,
    0x0, 0x0, 0x0, 0x0, 0x6, 0x50, 0x0, 0x0,
    0x0, 0x0,

    /* U+F1EB "" */
    0x0, 0x0, 0x0, 0x0, 0x0, 0x23, 0x43, 0x20,
    0x0, 0x0, 0x0, 0x0, 0x0, 0x0, 0x0, 0x3,
    0x8c, 0xff, 0xff, 0xff, 0xfc, 0x83, 0x0, 0x0,
    0x0, 0x0, 0x0, 0x6d, 0xff, 0xff, 0xff, 0xff,
    0xff, 0xff, 0xfd, 0x60, 0x0, 0x0, 0x3, 0xdf,
    0xff, 0xff, 0xff, 0xfe, 0xff, 0xff, 0xff, 0xff,
    0xd3, 0x0, 0x8, 0xff, 0xff, 0xfb, 0x72, 0x0,
    0x0, 0x2, 0x7b, 0xff, 0xff, 0xf8, 0xa, 0xff,
    0xff, 0xa2, 0x0, 0x0, 0x0, 0x0, 0x0, 0x2,
    0xaf, 0xff, 0xfa, 0xbf, 0xfd, 0x30, 0x0, 0x0,
    0x0, 0x0, 0x0, 0x0, 0x0, 0x3d, 0xff, 0xb0,
    0xba, 0x10, 0x0, 0x5, 0x9d, 0xef, 0xed, 0x95,
    0x0, 0x0, 0x1a, 0xb0, 0x0, 0x0, 0x0, 0x6d,
    0xff, 0xff, 0xff, 0xff, 0xfd, 0x60, 0x0, 0x0,
    0x0, 0x0, 0x1, 0xbf, 0xff, 0xff, 0xff, 0xff,
    0xff, 0xff, 0xb1, 0x0, 0x0, 0x0, 0x0, 0x8f,
    0xff, 0xfa, 0x53, 0x23, 0x5a, 0xff, 0xff, 0x80,
    0x0, 0x0, 0x0, 0x0, 0xcf, 0xb1, 0x0, 0x0,
    0x0, 0x1, 0xbf, 0xc0, 0x0, 0x0, 0x0, 0x0,
    0x0, 0x40, 0x0, 0x0, 0x0, 0x0, 0x0, 0x40,
    0x0, 0x0, 0x0, 0x0, 0x0, 0x0, 0x0, 0x1,
    0x9d, 0x91, 0x0, 0x0, 0x0, 0x0, 0x0, 0x0,
    0x0, 0x0, 0x0, 0x0, 0xaf, 0xff, 0xa0, 0x0,
    0x0, 0x0, 0x0, 0x0, 0x0, 0x0, 0x0, 0x0,
    0xf, 0xff, 0xff, 0x0, 0x0, 0x0, 0x0, 0x0,
    0x0, 0x0, 0x0, 0x0, 0x0, 0xcf, 0xff, 0xc0,
    0x0, 0x0, 0x0, 0x0, 0x0, 0x0, 0x0, 0x0,
    0x0, 0x3, 0xef, 0xe3, 0x0, 0x0, 0x0, 0x0,
    0x0, 0x0, 0x0, 0x0, 0x0, 0x0, 0x0, 0x10,
    0x0, 0x0, 0x0, 0x0, 0x0, 0x0,

    /* U+F240 "" */
    0x17, 0x88, 0x88, 0x88, 0x88, 0x88, 0x88, 0x88,
    0x88, 0x88, 0x88, 0x60, 0xc, 0xff, 0xff, 0xff,
    0xff, 0xff, 0xff, 0xff, 0xff, 0xff, 0xff, 0xff,
    0x80, 0xff, 0xff, 0xff, 0xff, 0xff, 0xff, 0xff,
    0xff, 0xff, 0xff, 0xff, 0xfc, 0xf, 0xf8, 0x0,
    0x0, 0x0, 0x0, 0x0, 0x0, 0x0, 0x0, 0x0,
    0xcf, 0xfd, 0xff, 0x84, 0xff, 0xff, 0xff, 0xff,
    0xff, 0xff, 0xff, 0xff, 0xc, 0xff, 0xff, 0xf8,
    0x4f, 0xff, 0xff, 0xff, 0xff, 0xff, 0xff, 0xff,
    0xf0, 0x5b, 0xff, 0xff, 0x84, 0xff, 0xff, 0xff,
    0xff, 0xff, 0xff, 0xff, 0xff, 0x0, 0x8f, 0xff,
    0xf8, 0x4f, 0xff, 0xff, 0xff, 0xff, 0xff, 0xff,
    0xff, 0xf0, 0x8, 0xff, 0xff, 0x84, 0xff, 0xff,
    0xff, 0xff, 0xff, 0xff, 0xff, 0xff, 0xc, 0xff,
    0xff, 0xf8, 0x0, 0x0, 0x0, 0x0, 0x0, 0x0,
    0x0, 0x0, 0x0, 0xcf, 0xff, 0xff, 0xc8, 0x88,
    0x88, 0x88, 0x88, 0x88, 0x88, 0x88, 0x88, 0x8e,
    0xfd, 0x4e, 0xff, 0xff, 0xff, 0xff, 0xff, 0xff,
    0xff, 0xff, 0xff, 0xff, 0xff, 0xa0, 0x4e, 0xff,
    0xff, 0xff, 0xff, 0xff, 0xff, 0xff, 0xff, 0xff,
    0xff, 0xc2, 0x0,

    /* U+F241 "" */
    0x17, 0x88, 0x88, 0x88, 0x88, 0x88, 0x88, 0x88,
    0x88, 0x88, 0x88, 0x60, 0xc, 0xff, 0xff, 0xff,
    0xff, 0xff, 0xff, 0xff, 0xff, 0xff, 0xff, 0xff,
    0x80, 0xff, 0xff, 0xff, 0xff, 0xff, 0xff, 0xff,
    0xff, 0xff, 0xff, 0xff, 0xfc, 0xf, 0xf8, 0x0,
    0x0, 0x0, 0x0, 0x0, 0x0, 0x0, 0x0, 0x0,
    0xcf, 0xfd, 0xff, 0x81, 0xff, 0xff, 0xff, 0xff,
    0xff, 0xff, 0x60, 0x0, 0xc, 0xff, 0xff, 0xf8,
    0x1f, 0xff, 0xff, 0xff, 0xff, 0xff, 0xf6, 0x0,
    0x0, 0x5b, 0xff, 0xff, 0x81, 0xff, 0xff, 0xff,
    0xff, 0xff, 0xff, 0x60, 0x0, 0x0, 0x8f, 0xff,
    0xf8, 0x1f, 0xff, 0xff, 0xff, 0xff, 0xff, 0xf6,
    0x0, 0x0, 0x8, 0xff, 0xff, 0x81, 0xff, 0xff,
    0xff, 0xff, 0xff, 0xff, 0x60, 0x0, 0xc, 0xff,
    0xff, 0xf8, 0x0, 0x0, 0x0, 0x0, 0x0, 0x0,
    0x0, 0x0, 0x0, 0xcf, 0xff, 0xff, 0xc8, 0x88,
    0x88, 0x88, 0x88, 0x88, 0x88, 0x88, 0x88, 0x8e,
    0xfd, 0x4e, 0xff, 0xff, 0xff, 0xff, 0xff, 0xff,
    0xff, 0xff, 0xff, 0xff, 0xff, 0xa0, 0x4e, 0xff,
    0xff, 0xff, 0xff, 0xff, 0xff, 0xff, 0xff, 0xff,
    0xff, 0xc2, 0x0,

    /* U+F242 "" */
    0x17, 0x88, 0x88, 0x88, 0x88, 0x88, 0x88, 0x88,
    0x88, 0x88, 0x88, 0x60, 0xc, 0xff, 0xff, 0xff,
    0xff, 0xff, 0xff, 0xff, 0xff, 0xff, 0xff, 0xff,
    0x80, 0xff, 0xff, 0xff, 0xff, 0xff, 0xff, 0xff,
    0xff, 0xff, 0xff, 0xff, 0xfc, 0xf, 0xf8, 0x0,
    0x0, 0x0, 0x0, 0x0, 0x0, 0x0, 0x0, 0x0,
    0xcf, 0xfd, 0xff, 0x81, 0xff, 0xff, 0xff, 0xff,
    0xa0, 0x0, 0x0, 0x0, 0xc, 0xff, 0xff, 0xf8,
    0x1f, 0xff, 0xff, 0xff, 0xfa, 0x0, 0x0, 0x0,
    0x0, 0x5b, 0xff, 0xff, 0x81, 0xff, 0xff, 0xff,
    0xff, 0xa0, 0x0, 0x0, 0x0, 0x0, 0x8f, 0xff,
    0xf8, 0x1f, 0xff, 0xff, 0xff, 0xfa, 0x0, 0x0,
    0x0, 0x0, 0x8, 0xff, 0xff, 0x81, 0xff, 0xff,
    0xff, 0xff, 0xa0, 0x0, 0x0, 0x0, 0xc, 0xff,
    0xff, 0xf8, 0x0, 0x0, 0x0, 0x0, 0x0, 0x0,
    0x0, 0x0, 0x0, 0xcf, 0xff, 0xff, 0xc8, 0x88,
    0x88, 0x88, 0x88, 0x88, 0x88, 0x88, 0x88, 0x8e,
    0xfd, 0x4e, 0xff, 0xff, 0xff, 0xff, 0xff, 0xff,
    0xff, 0xff, 0xff, 0xff, 0xff, 0xa0, 0x4e, 0xff,
    0xff, 0xff, 0xff, 0xff, 0xff, 0xff, 0xff, 0xff,
    0xff, 0xc2, 0x0,

    /* U+F243 "" */
    0x17, 0x88, 0x88, 0x88, 0x88, 0x88, 0x88, 0x88,
    0x88, 0x88, 0x88, 0x60, 0xc, 0xff, 0xff, 0xff,
    0xff, 0xff, 0xff, 0xff, 0xff, 0xff, 0xff, 0xff,
    0x80, 0xff, 0xff, 0xff, 0xff, 0xff, 0xff, 0xff,
    0xff, 0xff, 0xff, 0xff, 0xfc, 0xf, 0xf8, 0x0,
    0x0, 0x0, 0x0, 0x0, 0x0, 0x0, 0x0, 0x0,
    0xcf, 0xfd, 0xff, 0x81, 0xff, 0xff, 0xe0, 0x0,
    0x0, 0x0, 0x0, 0x0, 0xc, 0xff, 0xff, 0xf8,
    0x1f, 0xff, 0xfe, 0x0, 0x0, 0x0, 0x0, 0x0,
    0x0, 0x5b, 0xff, 0xff, 0x81, 0xff, 0xff, 0xe0,
    0x0, 0x0, 0x0, 0x0, 0x0, 0x0, 0x8f, 0xff,
    0xf8, 0x1f, 0xff, 0xfe, 0x0, 0x0, 0x0, 0x0,
    0x0, 0x0, 0x8, 0xff, 0xff, 0x81, 0xff, 0xff,
    0xe0, 0x0, 0x0, 0x0, 0x0, 0x0, 0xc, 0xff,
    0xff, 0xf8, 0x0, 0x0, 0x0, 0x0, 0x0, 0x0,
    0x0, 0x0, 0x0, 0xcf, 0xff, 0xff, 0xc8, 0x88,
    0x88, 0x88, 0x88, 0x88, 0x88, 0x88, 0x88, 0x8e,
    0xfd, 0x4e, 0xff, 0xff, 0xff, 0xff, 0xff, 0xff,
    0xff, 0xff, 0xff, 0xff, 0xff, 0xa0, 0x4e, 0xff,
    0xff, 0xff, 0xff, 0xff, 0xff, 0xff, 0xff, 0xff,
    0xff, 0xc2, 0x0,

    /* U+F244 "" */
    0x17, 0x88, 0x88, 0x88, 0x88, 0x88, 0x88, 0x88,
    0x88, 0x88, 0x88, 0x60, 0xc, 0xff, 0xff, 0xff,
    0xff, 0xff, 0xff, 0xff, 0xff, 0xff, 0xff, 0xff,
    0x80, 0xff, 0xff, 0xff, 0xff, 0xff, 0xff, 0xff,
    0xff, 0xff, 0xff, 0xff, 0xfc, 0xf, 0xf8, 0x0,
    0x0, 0x0, 0x0, 0x0, 0x0, 0x0, 0x0, 0x0,
    0xcf, 0xfd, 0xff, 0x80, 0x0, 0x0, 0x0, 0x0,
    0x0, 0x0, 0x0, 0x0, 0xc, 0xff, 0xff, 0xf8,
    0x0, 0x0, 0x0, 0x0, 0x0, 0x0, 0x0, 0x0,
    0x0, 0x5b, 0xff, 0xff, 0x80, 0x0, 0x0, 0x0,
    0x0, 0x0, 0x0, 0x0, 0x0, 0x0, 0x8f, 0xff,
    0xf8, 0x0, 0x0, 0x0, 0x0, 0x0, 0x0, 0x0,
    0x0, 0x0, 0x8, 0xff, 0xff, 0x80, 0x0, 0x0,
    0x0, 0x0, 0x0, 0x0, 0x0, 0x0, 0xc, 0xff,
    0xff, 0xf8, 0x0, 0x0, 0x0, 0x0, 0x0, 0x0,
    0x0, 0x0, 0x0, 0xcf, 0xff, 0xff, 0xc8, 0x88,
    0x88, 0x88, 0x88, 0x88, 0x88, 0x88, 0x88, 0x8e,
    0xfd, 0x4e, 0xff, 0xff, 0xff, 0xff, 0xff, 0xff,
    0xff, 0xff, 0xff, 0xff, 0xff, 0xa0, 0x4e, 0xff,
    0xff, 0xff, 0xff, 0xff, 0xff, 0xff, 0xff, 0xff,
    0xff, 0xc2, 0x0,

    /* U+F279 "" */
    0x0, 0x0, 0x0, 0x1, 0x0, 0x0, 0x0, 0x0,
    0x0, 0x0, 0x2, 0x0, 0x0, 0x28, 0xe4, 0x8e,
    0x93, 0x0, 0x0, 0x0, 0x0, 0x5c, 0xf4, 0x5,
    0xbf, 0xff, 0x48, 0xff, 0xfe, 0x93, 0x0, 0x6,
    0xdf, 0xff, 0x5c, 0xff, 0xff, 0xf4, 0x8f, 0xff,
    0xff, 0xfe, 0xd, 0xff, 0xff, 0xf5, 0xff, 0xff,
    0xff, 0x48, 0xff, 0xff, 0xff, 0xf0, 0xef, 0xff,
    0xff, 0x5f, 0xff, 0xff, 0xf4, 0x8f, 0xff, 0xff,
    0xff, 0xe, 0xff, 0xff, 0xf5, 0xff, 0xff, 0xff,
    0x48, 0xff, 0xff, 0xff, 0xf0, 0xef, 0xff, 0xff,
    0x5f, 0xff, 0xff, 0xf4, 0x8f, 0xff, 0xff, 0xff,
    0xe, 0xff, 0xff, 0xf5, 0xff, 0xff, 0xff, 0x48,
    0xff, 0xff, 0xff, 0xf0, 0xef, 0xff, 0xff, 0x5f,
    0xff, 0xff, 0xf4, 0x8f, 0xff, 0xff, 0xff, 0xe,
    0xff, 0xff, 0xf5, 0xff, 0xff, 0xff, 0x48, 0xff,
    0xff, 0xff, 0xf0, 0xef, 0xff, 0xff, 0x5f, 0xff,
    0xff, 0xf4, 0x8f, 0xff, 0xff, 0xff, 0xe, 0xff,
    0xff, 0xf5, 0xff, 0xff, 0xff, 0x48, 0xff, 0xff,
    0xff, 0xf0, 0xef, 0xff, 0xff, 0x5f, 0xff, 0xff,
    0xf4, 0x8f, 0xff, 0xff, 0xff, 0xe, 0xff, 0xff,
    0xf5, 0xff, 0xff, 0xff, 0x48, 0xff, 0xff, 0xff,
    0xf0, 0xef, 0xff, 0xff, 0x5f, 0xff, 0xff, 0xf3,
    0x6f, 0xff, 0xff, 0xff, 0xe, 0xff, 0xff, 0xf2,
    0xff, 0xff, 0x81, 0x0, 0x16, 0xcf, 0xff, 0xf0,
    0xef, 0xfd, 0x71, 0xf, 0xe7, 0x10, 0x0, 0x0,
    0x0, 0x16, 0xcf, 0xe, 0xa4, 0x0, 0x0, 0x20,
    0x0, 0x0, 0x0, 0x0, 0x0, 0x0, 0x10, 0x10,
    0x0, 0x0, 0x0,

    /* U+F287 "" */
    0x0, 0x0, 0x0, 0x0, 0x0, 0x0, 0x0, 0x10,
    0x0, 0x0, 0x0, 0x0, 0x0, 0x0, 0x0, 0x0,
    0x0, 0x0, 0x0, 0xc, 0xfe, 0x20, 0x0, 0x0,
    0x0, 0x0, 0x0, 0x0, 0x0, 0x0, 0x0, 0x7c,
    0xdf, 0xff, 0x90, 0x0, 0x0, 0x0, 0x0, 0x0,
    0x0, 0x0, 0x0, 0x9, 0xfb, 0xbf, 0xff, 0x90,
    0x0, 0x0, 0x0, 0x0, 0x0, 0x0, 0x0, 0x0,
    0x2f, 0x70, 0xa, 0xfc, 0x10, 0x0, 0x0, 0x0,
    0x0, 0x0, 0x32, 0x0, 0x0, 0x9e, 0x0, 0x0,
    0x0, 0x0, 0x0, 0x0, 0x0, 0x0, 0x2d, 0xff,
    0x90, 0x1, 0xf6, 0x0, 0x0, 0x0, 0x0, 0x0,
    0x1c, 0x30, 0x0, 0xcf, 0xff, 0xf6, 0x3c, 0xf3,
    0x33, 0x33, 0x33, 0x33, 0x33, 0x5f, 0xf9, 0x10,
    0xff, 0xff, 0xff, 0xff, 0xff, 0xff, 0xff, 0xff,
    0xff, 0xff, 0xff, 0xff, 0xd0, 0xcf, 0xff, 0xf6,
    0x33, 0x34, 0xed, 0x33, 0x33, 0x33, 0x33, 0x5f,
    0xfa, 0x10, 0x2d, 0xff, 0x90, 0x0, 0x0, 0x5f,
    0x30, 0x0, 0x0, 0x0, 0x1c, 0x30, 0x0, 0x0,
    0x32, 0x0, 0x0, 0x0, 0xd, 0xa0, 0x0, 0x0,
    0x0, 0x0, 0x0, 0x0, 0x0, 0x0, 0x0, 0x0,
    0x0, 0x6, 0xf3, 0xa, 0xff, 0xf7, 0x0, 0x0,
    0x0, 0x0, 0x0, 0x0, 0x0, 0x0, 0x0, 0xce,
    0xae, 0xff, 0xf8, 0x0, 0x0, 0x0, 0x0, 0x0,
    0x0, 0x0, 0x0, 0x0, 0x8, 0xbe, 0xff, 0xf8,
    0x0, 0x0, 0x0, 0x0, 0x0, 0x0, 0x0, 0x0,
    0x0, 0x0, 0xa, 0xff, 0xf7, 0x0, 0x0, 0x0,
    0x0, 0x0, 0x0, 0x0, 0x0, 0x0, 0x0, 0x1,
    0x22, 0x20, 0x0, 0x0, 0x0,

    /* U+F293 "" */
    0x0, 0x0, 0x0, 0x34, 0x31, 0x0, 0x0, 0x0,
    0x0, 0x3, 0xbf, 0xff, 0xff, 0xe7, 0x0, 0x0,
    0x0, 0x6f, 0xff, 0xfa, 0xff, 0xff, 0xb0, 0x0,
    0x4, 0xff, 0xff, 0xf1, 0x9f, 0xff, 0xf8, 0x0,
    0xd, 0xff, 0xff, 0xf1, 0xa, 0xff, 0xff, 0x10,
    0x3f, 0xff, 0xff, 0xf1, 0x0, 0xbf, 0xff, 0x60,
    0x7f, 0xfd, 0x8f, 0xf1, 0x66, 0xc, 0xff, 0xa0,
    0xaf, 0xf8, 0x7, 0xf1, 0x6f, 0x13, 0xff, 0xd0,
    0xcf, 0xff, 0x70, 0x61, 0x53, 0x1e, 0xff, 0xf0,
    0xdf, 0xff, 0xf7, 0x0, 0x1, 0xdf, 0xff, 0xf0,
    0xef, 0xff, 0xff, 0x60, 0xc, 0xff, 0xff, 0xf0,
    0xef, 0xff, 0xff, 0x30, 0x7, 0xff, 0xff, 0xf0,
    0xdf, 0xff, 0xf3, 0x0, 0x10, 0x8f, 0xff, 0xf0,
    0xcf, 0xff, 0x30, 0xb1, 0x67, 0x9, 0xff, 0xf0,
    0x9f, 0xf6, 0xb, 0xf2, 0x6e, 0x2, 0xff, 0xd0,
    0x6f, 0xff, 0xcf, 0xf2, 0x52, 0x2e, 0xff, 0xa0,
    0x1f, 0xff, 0xff, 0xf2, 0x2, 0xef, 0xff, 0x50,
    0x9, 0xff, 0xff, 0xf2, 0x2e, 0xff, 0xfe, 0x0,
    0x0, 0xdf, 0xff, 0xf4, 0xef, 0xff, 0xf5, 0x0,
    0x0, 0x1a, 0xff, 0xff, 0xff, 0xff, 0x60, 0x0,
    0x0, 0x0, 0x27, 0xab, 0xb9, 0x50, 0x0, 0x0,

    /* U+F2ED "" */
    0x0, 0x0, 0x2, 0xab, 0xbb, 0xb7, 0x0, 0x0,
    0x0, 0x57, 0x77, 0x7c, 0xff, 0xff, 0xff, 0x77,
    0x77, 0x72, 0xff, 0xff, 0xff, 0xff, 0xff, 0xff,
    0xff, 0xff, 0xf7, 0xef, 0xff, 0xff, 0xff, 0xff,
    0xff, 0xff, 0xff, 0xf6, 0x0, 0x0, 0x0, 0x0,
    0x0, 0x0, 0x0, 0x0, 0x0, 0x6, 0x88, 0x88,
    0x88, 0x88, 0x88, 0x88, 0x88, 0x20, 0xc, 0xff,
    0xff, 0xff, 0xff, 0xff, 0xff, 0xff, 0x40, 0xc,
    0xff, 0xff, 0xff, 0xff, 0xff, 0xff, 0xff, 0x40,
    0xc, 0xff, 0x77, 0xff, 0x3b, 0xfe, 0x1e, 0xff,
    0x40, 0xc, 0xff, 0x66, 0xff, 0x2a, 0xfe, 0xe,
    0xff, 0x40, 0xc, 0xff, 0x66, 0xff, 0x2a, 0xfe,
    0xe, 0xff, 0x40, 0xc, 0xff, 0x66, 0xff, 0x2a,
    0xfe, 0xe, 0xff, 0x40, 0xc, 0xff, 0x66, 0xff,
    0x2a, 0xfe, 0xe, 0xff, 0x40, 0xc, 0xff, 0x66,
    0xff, 0x2a, 0xfe, 0xe, 0xff, 0x40, 0xc, 0xff,
    0x66, 0xff, 0x2a, 0xfe, 0xe, 0xff, 0x40, 0xc,
    0xff, 0x66, 0xff, 0x2a, 0xfe, 0xe, 0xff, 0x40,
    0xc, 0xff, 0x66, 0xff, 0x2a, 0xfe, 0xe, 0xff,
    0x40, 0xc, 0xff, 0x77, 0xff, 0x3b, 0xfe, 0x1e,
    0xff, 0x40, 0xb, 0xff, 0xff, 0xff, 0xff, 0xff,
    0xff, 0xff, 0x30, 0x7, 0xff, 0xff, 0xff, 0xff,
    0xff, 0xff, 0xfe, 0x0, 0x0, 0x57, 0x88, 0x88,
    0x88, 0x88, 0x88, 0x72, 0x0,

    /* U+F2F2 "" */
    0x0, 0x0, 0x0, 0x58, 0x88, 0x85, 0x0, 0x0,
    0x0, 0x0, 0x0, 0x0, 0xdf, 0xff, 0xfc, 0x0,
    0x0, 0x0, 0x0, 0x0, 0x0, 0xcf, 0xff, 0xfb,
    0x0, 0x0, 0x0, 0x0, 0x0, 0x0, 0x4, 0xff,
    0x30, 0x0, 0x0, 0x0, 0x0, 0x0, 0x0, 0x5b,
    0xff, 0xa5, 0x0, 0x0, 0x0, 0x0, 0x0, 0x6e,
    0xff, 0xff, 0xff, 0xe5, 0x5f, 0x50, 0x0, 0x9,
    0xff, 0xff, 0xff, 0xff, 0xff, 0xff, 0xe0, 0x0,
    0x8f, 0xff, 0xfe, 0x66, 0xef, 0xff, 0xff, 0x30,
    0x3, 0xff, 0xff, 0xfb, 0x0, 0xcf, 0xff, 0xff,
    0x10, 0xa, 0xff, 0xff, 0xfb, 0x0, 0xcf, 0xff,
    0xff, 0x80, 0xe, 0xff, 0xff, 0xfb, 0x0, 0xcf,
    0xff, 0xff, 0xd0, 0x1f, 0xff, 0xff, 0xfb, 0x0,
    0xcf, 0xff, 0xff, 0xf0, 0x2f, 0xff, 0xff, 0xfb,
    0x0, 0xcf, 0xff, 0xff, 0xf0, 0xf, 0xff, 0xff,
    0xfc, 0x0, 0xdf, 0xff, 0xff, 0xf0, 0xd, 0xff,
    0xff, 0xff, 0xff, 0xff, 0xff, 0xff, 0xb0, 0x7,
    0xff, 0xff, 0xff, 0xff, 0xff, 0xff, 0xff, 0x60,
    0x0, 0xef, 0xff, 0xff, 0xff, 0xff, 0xff, 0xfd,
    0x0, 0x0, 0x3f, 0xff, 0xff, 0xff, 0xff, 0xff,
    0xe2, 0x0, 0x0, 0x3, 0xef, 0xff, 0xff, 0xff,
    0xfd, 0x20, 0x0, 0x0, 0x0, 0x18, 0xef, 0xff,
    0xfe, 0x70, 0x0, 0x0, 0x0, 0x0, 0x0, 0x2,
    0x44, 0x20, 0x0, 0x0, 0x0,

    /* U+F304 "" */
    0x0, 0x0, 0x0, 0x0, 0x0, 0x0, 0x0, 0x1,
    0x64, 0x0, 0x0, 0x0, 0x0, 0x0, 0x0, 0x0,
    0x0, 0x1, 0xdf, 0xf8, 0x0, 0x0, 0x0, 0x0,
    0x0, 0x0, 0x0, 0x1, 0xef, 0xff, 0xf8, 0x0,
    0x0, 0x0, 0x0, 0x0, 0x0, 0x0, 0x7f, 0xff,
    0xff, 0xf8, 0x0, 0x0, 0x0, 0x0, 0x0, 0x1,
    0x90, 0x8f, 0xff, 0xff, 0xf0, 0x0, 0x0, 0x0,
    0x0, 0x1, 0xef, 0xb0, 0x8f, 0xff, 0xfc, 0x0,
    0x0, 0x0, 0x0, 0x1, 0xef, 0xff, 0xb0, 0x8f,
    0xfe, 0x20, 0x0, 0x0, 0x0, 0x1, 0xef, 0xff,
    0xff, 0xb0, 0x8e, 0x10, 0x0, 0x0, 0x0, 0x1,
    0xef, 0xff, 0xff, 0xff, 0xb0, 0x10, 0x0, 0x0,
    0x0, 0x1, 0xef, 0xff, 0xff, 0xff, 0xfe, 0x10,
    0x0, 0x0, 0x0, 0x1, 0xef, 0xff, 0xff, 0xff,
    0xfe, 0x20, 0x0, 0x0, 0x0, 0x1, 0xef, 0xff,
    0xff, 0xff, 0xfe, 0x20, 0x0, 0x0, 0x0, 0x1,
    0xef, 0xff, 0xff, 0xff, 0xfe, 0x20, 0x0, 0x0,
    0x0, 0x1, 0xef, 0xff, 0xff, 0xff, 0xfe, 0x20,
    0x0, 0x0, 0x0, 0x1, 0xef, 0xff, 0xff, 0xff,
    0xfe, 0x20, 0x0, 0x0, 0x0, 0x0, 0x8f, 0xff,
    0xff, 0xff, 0xfe, 0x20, 0x0, 0x0, 0x0, 0x0,
    0xa, 0xff, 0xff, 0xff, 0xfe, 0x20, 0x0, 0x0,
    0x0, 0x0, 0x0, 0xcf, 0xff, 0xff, 0xfe, 0x20,
    0x0, 0x0, 0x0, 0x0, 0x0, 0xe, 0xff, 0xff,
    0xfe, 0x20, 0x0, 0x0, 0x0, 0x0, 0x0, 0x0,
    0xff, 0xff, 0xfe, 0x20, 0x0, 0x0, 0x0, 0x0,
    0x0, 0x0, 0x5, 0x75, 0x31, 0x0, 0x0, 0x0,
    0x0, 0x0, 0x0, 0x0, 0x0,

    /* U+F3C5 "" */
    0x0, 0x0, 0x3, 0x67, 0x63, 0x0, 0x0, 0x0,
    0x0, 0x5d, 0xff, 0xff, 0xfd, 0x50, 0x0, 0x0,
    0x9f, 0xff, 0xff, 0xff, 0xff, 0x90, 0x0, 0x7f,
    0xff, 0xff, 0xff, 0xff, 0xff, 0x70, 0x2f, 0xff,
    0xff, 0xfe, 0xff, 0xff, 0xff, 0x29, 0xff, 0xff,
    0xa1, 0x1, 0xaf, 0xff, 0xf9, 0xdf, 0xff, 0xc0,
    0x0, 0x0, 0xcf, 0xff, 0xdf, 0xff, 0xf7, 0x0,
    0x0, 0x7, 0xff, 0xff, 0xff, 0xff, 0x70, 0x0,
    0x0, 0x7f, 0xff, 0xfd, 0xff, 0xfc, 0x0, 0x0,
    0xc, 0xff, 0xfd, 0x8f, 0xff, 0xfa, 0x10, 0x1a,
    0xff, 0xff, 0x81, 0xff, 0xff, 0xff, 0xef, 0xff,
    0xff, 0xf1, 0x8, 0xff, 0xff, 0xff, 0xff, 0xff,
    0xf8, 0x0, 0xd, 0xff, 0xff, 0xff, 0xff, 0xfd,
    0x0, 0x0, 0x3f, 0xff, 0xff, 0xff, 0xff, 0x30,
    0x0, 0x0, 0x7f, 0xff, 0xff, 0xff, 0x70, 0x0,
    0x0, 0x0, 0xcf, 0xff, 0xff, 0xc0, 0x0, 0x0,
    0x0, 0x2, 0xff, 0xff, 0xf2, 0x0, 0x0, 0x0,
    0x0, 0x6, 0xff, 0xf6, 0x0, 0x0, 0x0, 0x0,
    0x0, 0xb, 0xfb, 0x0, 0x0, 0x0, 0x0, 0x0,
    0x0, 0x17, 0x10, 0x0, 0x0, 0x0,

    /* U+F4D7 "" */
    0x0, 0x0, 0x0, 0x0, 0x0, 0x0, 0x0, 0x16,
    0x74, 0x0, 0x0, 0x0, 0x0, 0x0, 0x0, 0x0,
    0x4, 0xff, 0xff, 0xb0, 0x0, 0x0, 0x0, 0x0,
    0x0, 0x0, 0x1f, 0xff, 0xff, 0xf8, 0x0, 0x0,
    0x0, 0x0, 0x0, 0x0, 0x6f, 0xf5, 0x1c, 0xfe,
    0x0, 0x0, 0x0, 0x0, 0x0, 0x0, 0x7f, 0xf1,
    0x9, 0xfe, 0x0, 0x0, 0x0, 0x0, 0x0, 0x0,
    0x2f, 0xfc, 0x9f, 0xfa, 0x0, 0x0, 0x0, 0x0,
    0x0, 0x0, 0xa, 0xff, 0xff, 0xf3, 0x0, 0x0,
    0x0, 0x0, 0x0, 0x0, 0x1, 0xff, 0xff, 0x90,
    0x0, 0x0, 0x0, 0x0, 0x0, 0x6d, 0xff, 0xff,
    0xfd, 0x0, 0x0, 0x0, 0x0, 0x0, 0x7, 0xff,
    0xff, 0xff, 0xf2, 0x0, 0x0, 0x47, 0x61, 0x0,
    0xf, 0xfe, 0x88, 0x88, 0x30, 0x0, 0xb, 0xff,
    0xff, 0x40, 0x3f, 0xf5, 0x0, 0x0, 0x0, 0x0,
    0x8f, 0xff, 0xff, 0xf1, 0x2f, 0xf9, 0x0, 0x0,
    0x0, 0x0, 0xef, 0xc1, 0x5f, 0xf6, 0xc, 0xff,
    0xff, 0xff, 0xfc, 0x30, 0xff, 0x90, 0x1f, 0xf6,
    0x2, 0xdf, 0xff, 0xff, 0xff, 0xf3, 0xaf, 0xf9,
    0xcf, 0xf2, 0x0, 0x5, 0x78, 0x88, 0x9f, 0xfc,
    0x3f, 0xff, 0xff, 0xa0, 0x0, 0x0, 0x0, 0x0,
    0x9, 0xff, 0x9, 0xff, 0xff, 0x10, 0x0, 0x0,
    0x0, 0x0, 0x1c, 0xfe, 0x0, 0xdf, 0xf6, 0x2f,
    0xff, 0xff, 0xff, 0xff, 0xff, 0xf8, 0x0, 0x2f,
    0x90, 0xdf, 0xff, 0xff, 0xff, 0xff, 0xff, 0xb0,
    0x0, 0x3, 0x3, 0x88, 0x88, 0x88, 0x88, 0x88,
    0x74, 0x0,

    /* U+F519 "" */
    0x3, 0x41, 0x0, 0x0, 0x0, 0x0, 0x0, 0x0,
    0x0, 0x0, 0x1, 0x43, 0x2, 0xff, 0x80, 0x0,
    0x0, 0x0, 0x0, 0x0, 0x0, 0x0, 0x0, 0x8f,
    0xf2, 0x8f, 0xf2, 0x0, 0x0, 0x0, 0x0, 0x0,
    0x0, 0x0, 0x0, 0x2, 0xff, 0x8c, 0xfc, 0x0,
    0x7c, 0x80, 0x0, 0x8b, 0x80, 0x0, 0x8c, 0x70,
    0xc, 0xfc, 0xef, 0x90, 0xe, 0xfa, 0x0, 0xaf,
    0xff, 0xa0, 0xa, 0xfd, 0x0, 0x9f, 0xef, 0xf8,
    0x0, 0xff, 0x80, 0xf, 0xff, 0xff, 0x0, 0x8f,
    0xf0, 0x8, 0xff, 0xff, 0x90, 0xe, 0xf9, 0x0,
    0xdf, 0xff, 0xd0, 0x9, 0xfe, 0x0, 0x9f, 0xfd,
    0xfb, 0x0, 0xbf, 0xc0, 0xb, 0xff, 0xfc, 0x0,
    0xcf, 0xb0, 0xb, 0xfd, 0x9f, 0xf0, 0x1, 0x31,
    0x2, 0xff, 0xff, 0xf2, 0x1, 0x31, 0x0, 0xff,
    0xa4, 0xff, 0x60, 0x0, 0x0, 0x9f, 0xf4, 0xff,
    0x90, 0x0, 0x0, 0x6f, 0xf5, 0xa, 0xb5, 0x0,
    0x0, 0xf, 0xfb, 0xb, 0xff, 0x0, 0x0, 0x5,
    0xba, 0x0, 0x0, 0x0, 0x0, 0x6, 0xff, 0x40,
    0x4f, 0xf7, 0x0, 0x0, 0x0, 0x0, 0x0, 0x0,
    0x0, 0x0, 0xdf, 0xd0, 0x0, 0xdf, 0xd0, 0x0,
    0x0, 0x0, 0x0, 0x0, 0x0, 0x0, 0x4f, 0xff,
    0xff, 0xff, 0xff, 0x40, 0x0, 0x0, 0x0, 0x0,
    0x0, 0x0, 0xa, 0xff, 0xff, 0xff, 0xff, 0xfb,
    0x0, 0x0, 0x0, 0x0, 0x0, 0x0, 0x1, 0xff,
    0xb8, 0x88, 0x88, 0xbf, 0xf2, 0x0, 0x0, 0x0,
    0x0, 0x0, 0x0, 0x8f, 0xf2, 0x0, 0x0, 0x2,
    0xff, 0x80, 0x0, 0x0, 0x0, 0x0, 0x0, 0xe,
    0xfb, 0x0, 0x0, 0x0, 0xb, 0xfe, 0x0, 0x0,
    0x0, 0x0, 0x0, 0x5, 0xff, 0x50, 0x0, 0x0,
    0x0, 0x5f, 0xf5, 0x0, 0x0, 0x0, 0x0, 0x0,
    0x9f, 0xe0, 0x0, 0x0, 0x0, 0x0, 0xef, 0x90,
    0x0, 0x0, 0x0, 0x0, 0x0, 0x43, 0x0, 0x0,
    0x0, 0x0, 0x3, 0x50, 0x0, 0x0, 0x0,

    /* U+F55A "" */
    0x0, 0x0, 0x0, 0x6e, 0xff, 0xff, 0xff, 0xff,
    0xff, 0xff, 0xff, 0xfb, 0x20, 0x0, 0x0, 0x8f,
    0xff, 0xff, 0xff, 0xff, 0xff, 0xff, 0xff, 0xff,
    0xfb, 0x0, 0x0, 0x8f, 0xff, 0xff, 0xff, 0xff,
    0xff, 0xff, 0xff, 0xff, 0xff, 0xf0, 0x0, 0x8f,
    0xff, 0xff, 0xff, 0x85, 0xff, 0xff, 0x58, 0xff,
    0xff, 0xff, 0x0, 0x8f, 0xff, 0xff, 0xff, 0xb0,
    0x4, 0xff, 0x40, 0xb, 0xff, 0xff, 0xf0, 0x8f,
    0xff, 0xff, 0xff, 0xff, 0x40, 0x4, 0x40, 0x4,
    0xff, 0xff, 0xff, 0x8f, 0xff, 0xff, 0xff, 0xff,
    0xff, 0x40, 0x0, 0x4, 0xff, 0xff, 0xff, 0xff,
    0xff, 0xff, 0xff, 0xff, 0xff, 0xfe, 0x10, 0x0,
    0xef, 0xff, 0xff, 0xff, 0x8f, 0xff, 0xff, 0xff,
    0xff, 0xff, 0x40, 0x0, 0x4, 0xff, 0xff, 0xff,
    0xf0, 0x8f, 0xff, 0xff, 0xff, 0xff, 0x40, 0x4,
    0x40, 0x4, 0xff, 0xff, 0xff, 0x0, 0x8f, 0xff,
    0xff, 0xff, 0xb0, 0x4, 0xff, 0x40, 0xb, 0xff,
    0xff, 0xf0, 0x0, 0x8f, 0xff, 0xff, 0xff, 0x85,
    0xff, 0xff, 0x58, 0xff, 0xff, 0xff, 0x0, 0x0,
    0x8f, 0xff, 0xff, 0xff, 0xff, 0xff, 0xff, 0xff,
    0xff, 0xff, 0xf0, 0x0, 0x0, 0x8f, 0xff, 0xff,
    0xff, 0xff, 0xff, 0xff, 0xff, 0xff, 0xfb, 0x0,
    0x0, 0x0, 0x6e, 0xff, 0xff, 0xff, 0xff, 0xff,
    0xff, 0xff, 0xfc, 0x20,

    /* U+F6A9 "" */
    0x0, 0x0, 0x0, 0x0, 0x1, 0x0, 0x0, 0x0,
    0x0, 0x0, 0x0, 0x0, 0x0, 0x0, 0x2e, 0xe0,
    0x0, 0x0, 0x0, 0x0, 0x0, 0x0, 0x0, 0x0,
    0x2e, 0xff, 0x0, 0x0, 0x0, 0x0, 0x0, 0x0,
    0x0, 0x0, 0x2e, 0xff, 0xf0, 0x0, 0x0, 0x0,
    0x0, 0x0, 0x47, 0x77, 0x7e, 0xff, 0xff, 0x0,
    0x2, 0x30, 0x0, 0x50, 0xf, 0xff, 0xff, 0xff,
    0xff, 0xf0, 0x2, 0xff, 0x40, 0xbf, 0xa0, 0xff,
    0xff, 0xff, 0xff, 0xff, 0x0, 0x4f, 0xff, 0xcf,
    0xfc, 0xf, 0xff, 0xff, 0xff, 0xff, 0xf0, 0x0,
    0x5f, 0xff, 0xfc, 0x0, 0xff, 0xff, 0xff, 0xff,
    0xff, 0x0, 0x0, 0xcf, 0xff, 0x50, 0xf, 0xff,
    0xff, 0xff, 0xff, 0xf0, 0x0, 0xbf, 0xff, 0xff,
    0x40, 0xff, 0xff, 0xff, 0xff, 0xff, 0x0, 0x6f,
    0xfc, 0x6f, 0xfe, 0xd, 0xff, 0xff, 0xff, 0xff,
    0xf0, 0x0, 0xbb, 0x0, 0x5e, 0x40, 0x0, 0x0,
    0x9, 0xff, 0xff, 0x0, 0x0, 0x0, 0x0, 0x0,
    0x0, 0x0, 0x0, 0x9, 0xff, 0xf0, 0x0, 0x0,
    0x0, 0x0, 0x0, 0x0, 0x0, 0x0, 0x9, 0xff,
    0x0, 0x0, 0x0, 0x0, 0x0, 0x0, 0x0, 0x0,
    0x0, 0x8, 0x90, 0x0, 0x0, 0x0, 0x0, 0x0,

    /* U+F7C2 "" */
    0x0, 0x0, 0x28, 0x88, 0x88, 0x88, 0x73, 0x0,
    0x0, 0x2e, 0xff, 0xff, 0xff, 0xff, 0xf6, 0x0,
    0x1d, 0xff, 0xff, 0xff, 0xff, 0xff, 0xe0, 0x1d,
    0xf6, 0xe, 0x50, 0xd6, 0x8, 0xff, 0x1d, 0xff,
    0x60, 0xe5, 0xd, 0x60, 0x8f, 0xfc, 0xff, 0xf6,
    0xe, 0x50, 0xd6, 0x8, 0xff, 0xff, 0xff, 0x60,
    0xe5, 0xd, 0x60, 0x8f, 0xff, 0xff, 0xff, 0xff,
    0xff, 0xff, 0xff, 0xff, 0xff, 0xff, 0xff, 0xff,
    0xff, 0xff, 0xff, 0xff, 0xff, 0xff, 0xff, 0xff,
    0xff, 0xff, 0xff, 0xff, 0xff, 0xff, 0xff, 0xff,
    0xff, 0xff, 0xff, 0xff, 0xff, 0xff, 0xff, 0xff,
    0xff, 0xff, 0xff, 0xff, 0xff, 0xff, 0xff, 0xff,
    0xff, 0xff, 0xff, 0xff, 0xff, 0xff, 0xff, 0xff,
    0xff, 0xff, 0xff, 0xff, 0xff, 0xff, 0xff, 0xff,
    0xff, 0xff, 0xff, 0xff, 0xff, 0xff, 0xff, 0xff,
    0xff, 0xff, 0xff, 0xff, 0xff, 0xff, 0xff, 0xff,
    0xff, 0xff, 0xff, 0xff, 0xff, 0xff, 0xff, 0xff,
    0xff, 0xff, 0xff, 0xff, 0xff, 0xff, 0xe9, 0xff,
    0xff, 0xff, 0xff, 0xff, 0xff, 0xf8, 0x7, 0xab,
    0xbb, 0xbb, 0xbb, 0xbb, 0xa6, 0x0,

    /* U+F8A2 "" */
    0x0, 0x0, 0x0, 0x0, 0x0, 0x0, 0x0, 0x0,
    0x0, 0x7, 0x0, 0x0, 0x0, 0x0, 0x0, 0x0,
    0x0, 0x0, 0x0, 0xa, 0xf1, 0x0, 0x0, 0x1,
    0x0, 0x0, 0x0, 0x0, 0x0, 0xa, 0xff, 0x10,
    0x0, 0xa, 0xf3, 0x0, 0x0, 0x0, 0x0, 0x0,
    0xff, 0xf1, 0x0, 0xb, 0xff, 0x50, 0x0, 0x0,
    0x0, 0x0, 0xf, 0xff, 0x10, 0xc, 0xff, 0xf5,
    0x0, 0x0, 0x0, 0x0, 0x0, 0xff, 0xf1, 0x1c,
    0xff, 0xff, 0xcb, 0xbb, 0xbb, 0xbb, 0xbb, 0xbf,
    0xff, 0x1c, 0xff, 0xff, 0xff, 0xff, 0xff, 0xff,
    0xff, 0xff, 0xff, 0xf1, 0x9f, 0xff, 0xff, 0xff,
    0xff, 0xff, 0xff, 0xff, 0xff, 0xff, 0x0, 0x9f,
    0xff, 0xf9, 0x66, 0x66, 0x66, 0x66, 0x66, 0x66,
    0x40, 0x0, 0x8f, 0xff, 0x50, 0x0, 0x0, 0x0,
    0x0, 0x0, 0x0, 0x0, 0x0, 0x7f, 0xf5, 0x0,
    0x0, 0x0, 0x0, 0x0, 0x0, 0x0, 0x0, 0x0,
    0x5c, 0x10, 0x0, 0x0, 0x0, 0x0, 0x0, 0x0,
    0x0
};


/*---------------------
 *  GLYPH DESCRIPTION
 *--------------------*/

static const lv_font_fmt_txt_glyph_dsc_t glyph_dsc[] = {
    {.bitmap_index = 0, .adv_w = 0, .box_w = 0, .box_h = 0, .ofs_x = 0, .ofs_y = 0} /* id = 0 reserved */,
    {.bitmap_index = 0, .adv_w = 83, .box_w = 0, .box_h = 0, .ofs_x = 0, .ofs_y = 0},
    {.bitmap_index = 0, .adv_w = 87, .box_w = 4, .box_h = 14, .ofs_x = 1, .ofs_y = 0},
    {.bitmap_index = 28, .adv_w = 137, .box_w = 7, .box_h = 6, .ofs_x = 1, .ofs_y = 8},
    {.bitmap_index = 49, .adv_w = 207, .box_w = 13, .box_h = 14, .ofs_x = 0, .ofs_y = 0},
    {.bitmap_index = 140, .adv_w = 183, .box_w = 10, .box_h = 17, .ofs_x = 1, .ofs_y = -2},
    {.bitmap_index = 225, .adv_w = 273, .box_w = 17, .box_h = 14, .ofs_x = 0, .ofs_y = 0},
    {.bitmap_index = 344, .adv_w = 236, .box_w = 15, .box_h = 14, .ofs_x = 0, .ofs_y = 0},
    {.bitmap_index = 449, .adv_w = 76, .box_w = 3, .box_h = 6, .ofs_x = 1, .ofs_y = 8},
    {.bitmap_index = 458, .adv_w = 100, .box_w = 6, .box_h = 18, .ofs_x = 0, .ofs_y = -4},
    {.bitmap_index = 512, .adv_w = 100, .box_w = 6, .box_h = 18, .ofs_x = 0, .ofs_y = -4},
    {.bitmap_index = 566, .adv_w = 175, .box_w = 11, .box_h = 10, .ofs_x = 0, .ofs_y = 5},
    {.bitmap_index = 621, .adv_w = 183, .box_w = 11, .box_h = 10, .ofs_x = 0, .ofs_y = 2},
    {.bitmap_index = 676, .adv_w = 87, .box_w = 5, .box_h = 5, .ofs_x = 0, .ofs_y = -3},
    {.bitmap_index = 689, .adv_w = 103, .box_w = 6, .box_h = 2, .ofs_x = 0, .ofs_y = 4},
    {.bitmap_index = 695, .adv_w = 87, .box_w = 4, .box_h = 3, .ofs_x = 1, .ofs_y = 0},
    {.bitmap_index = 701, .adv_w = 123, .box_w = 8, .box_h = 14, .ofs_x = 0, .ofs_y = 0},
    {.bitmap_index = 757, .adv_w = 183, .box_w = 11, .box_h = 14, .ofs_x = 0, .ofs_y = 0},
    {.bitmap_index = 834, .adv_w = 183, .box_w = 7, .box_h = 14, .ofs_x = 1, .ofs_y = 0},
    {.bitmap_index = 883, .adv_w = 183, .box_w = 11, .box_h = 14, .ofs_x = 0, .ofs_y = 0},
    {.bitmap_index = 960, .adv_w = 183, .box_w = 11, .box_h = 14, .ofs_x = 0, .ofs_y = 0},
    {.bitmap_index = 1037, .adv_w = 183, .box_w = 12, .box_h = 14, .ofs_x = 0, .ofs_y = 0},
    {.bitmap_index = 1121, .adv_w = 183, .box_w = 10, .box_h = 14, .ofs_x = 1, .ofs_y = 0},
    {.bitmap_index = 1191, .adv_w = 183, .box_w = 11, .box_h = 14, .ofs_x = 0, .ofs_y = 0},
    {.bitmap_index = 1268, .adv_w = 183, .box_w = 11, .box_h = 14, .ofs_x = 0, .ofs_y = 0},
    {.bitmap_index = 1345, .adv_w = 183, .box_w = 11, .box_h = 14, .ofs_x = 0, .ofs_y = 0},
    {.bitmap_index = 1422, .adv_w = 183, .box_w = 11, .box_h = 14, .ofs_x = 0, .ofs_y = 0},
    {.bitmap_index = 1499, .adv_w = 87, .box_w = 4, .box_h = 11, .ofs_x = 1, .ofs_y = 0},
    {.bitmap_index = 1521, .adv_w = 87, .box_w = 5, .box_h = 14, .ofs_x = 0, .ofs_y = -3},
    {.bitmap_index = 1556, .adv_w = 183, .box_w = 11, .box_h = 11, .ofs_x = 0, .ofs_y = 2},
    {.bitmap_index = 1617, .adv_w = 183, .box_w = 10, .box_h = 6, .ofs_x = 1, .ofs_y = 4},
    {.bitmap_index = 1647, .adv_w = 183, .box_w = 11, .box_h = 11, .ofs_x = 0, .ofs_y = 2},
    {.bitmap_index = 1708, .adv_w = 143, .box_w = 9, .box_h = 14, .ofs_x = 0, .ofs_y = 0},
    {.bitmap_index = 1771, .adv_w = 288, .box_w = 16, .box_h = 16, .ofs_x = 1, .ofs_y = -2},
    {.bitmap_index = 1899, .adv_w = 210, .box_w = 14, .box_h = 14, .ofs_x = 0, .ofs_y = 0},
    {.bitmap_index = 1997, .adv_w = 209, .box_w = 12, .box_h = 14, .ofs_x = 1, .ofs_y = 0},
    {.bitmap_index = 2081, .adv_w = 203, .box_w = 12, .box_h = 14, .ofs_x = 1, .ofs_y = 0},
    {.bitmap_index = 2165, .adv_w = 234, .box_w = 13, .box_h = 14, .ofs_x = 1, .ofs_y = 0},
    {.bitmap_index = 2256, .adv_w = 178, .box_w = 9, .box_h = 14, .ofs_x = 1, .ofs_y = 0},
    {.bitmap_index = 2319, .adv_w = 169, .box_w = 9, .box_h = 14, .ofs_x = 1, .ofs_y = 0},
    {.bitmap_index = 2382, .adv_w = 233, .box_w = 13, .box_h = 14, .ofs_x = 1, .ofs_y = 0},
    {.bitmap_index = 2473, .adv_w = 239, .box_w = 13, .box_h = 14, .ofs_x = 1, .ofs_y = 0},
    {.bitmap_index = 2564, .adv_w = 113, .box_w = 7, .box_h = 14, .ofs_x = 0, .ofs_y = 0},
    {.bitmap_index = 2613, .adv_w = 93, .box_w = 6, .box_h = 18, .ofs_x = -2, .ofs_y = -4},
    {.bitmap_index = 2667, .adv_w = 202, .box_w = 12, .box_h = 14, .ofs_x = 1, .ofs_y = 0},
    {.bitmap_index = 2751, .adv_w = 171, .box_w = 10, .box_h = 14, .ofs_x = 1, .ofs_y = 0},
    {.bitmap_index = 2821, .adv_w = 294, .box_w = 16, .box_h = 14, .ofs_x = 1, .ofs_y = 0},
    {.bitmap_index = 2933, .adv_w = 248, .box_w = 13, .box_h = 14, .ofs_x = 1, .ofs_y = 0},
    {.bitmap_index = 3024, .adv_w = 251, .box_w = 14, .box_h = 14, .ofs_x = 1, .ofs_y = 0},
    {.bitmap_index = 3122, .adv_w = 195, .box_w = 11, .box_h = 14, .ofs_x = 1, .ofs_y = 0},
    {.bitmap_index = 3199, .adv_w = 251, .box_w = 14, .box_h = 17, .ofs_x = 1, .ofs_y = -3},
    {.bitmap_index = 3318, .adv_w = 202, .box_w = 12, .box_h = 14, .ofs_x = 1, .ofs_y = 0},
    {.bitmap_index = 3402, .adv_w = 176, .box_w = 10, .box_h = 14, .ofs_x = 1, .ofs_y = 0},
    {.bitmap_index = 3472, .adv_w = 180, .box_w = 11, .box_h = 14, .ofs_x = 0, .ofs_y = 0},
    {.bitmap_index = 3549, .adv_w = 236, .box_w = 12, .box_h = 14, .ofs_x = 1, .ofs_y = 0},
    {.bitmap_index = 3633, .adv_w = 197, .box_w = 13, .box_h = 14, .ofs_x = 0, .ofs_y = 0},
    {.bitmap_index = 3724, .adv_w = 301, .box_w = 19, .box_h = 14, .ofs_x = 0, .ofs_y = 0},
    {.bitmap_index = 3857, .adv_w = 196, .box_w = 13, .box_h = 14, .ofs_x = 0, .ofs_y = 0},
    {.bitmap_index = 3948, .adv_w = 187, .box_w = 12, .box_h = 14, .ofs_x = 0, .ofs_y = 0},
    {.bitmap_index = 4032, .adv_w = 184, .box_w = 11, .box_h = 14, .ofs_x = 0, .ofs_y = 0},
    {.bitmap_index = 4109, .adv_w = 106, .box_w = 6, .box_h = 18, .ofs_x = 1, .ofs_y = -4},
    {.bitmap_index = 4163, .adv_w = 123, .box_w = 8, .box_h = 14, .ofs_x = 0, .ofs_y = 0},
    {.bitmap_index = 4219, .adv_w = 106, .box_w = 6, .box_h = 18, .ofs_x = 0, .ofs_y = -4},
    {.bitmap_index = 4273, .adv_w = 183, .box_w = 11, .box_h = 9, .ofs_x = 0, .ofs_y = 5},
    {.bitmap_index = 4323, .adv_w = 139, .box_w = 10, .box_h = 3, .ofs_x = -1, .ofs_y = -4},
    {.bitmap_index = 4338, .adv_w = 98, .box_w = 6, .box_h = 3, .ofs_x = 0, .ofs_y = 12},
    {.bitmap_index = 4347, .adv_w = 183, .box_w = 10, .box_h = 11, .ofs_x = 0, .ofs_y = 0},
    {.bitmap_index = 4402, .adv_w = 198, .box_w = 11, .box_h = 15, .ofs_x = 1, .ofs_y = 0},
    {.bitmap_index = 4485, .adv_w = 157, .box_w = 9, .box_h = 11, .ofs_x = 1, .ofs_y = 0},
    {.bitmap_index = 4535, .adv_w = 198, .box_w = 10, .box_h = 15, .ofs_x = 1, .ofs_y = 0},
    {.bitmap_index = 4610, .adv_w = 184, .box_w = 10, .box_h = 11, .ofs_x = 1, .ofs_y = 0},
    {.bitmap_index = 4665, .adv_w = 114, .box_w = 8, .box_h = 15, .ofs_x = 0, .ofs_y = 0},
    {.bitmap_index = 4725, .adv_w = 198, .box_w = 10, .box_h = 16, .ofs_x = 1, .ofs_y = -5},
    {.bitmap_index = 4805, .adv_w = 201, .box_w = 10, .box_h = 15, .ofs_x = 1, .ofs_y = 0},
    {.bitmap_index = 4880, .adv_w = 86, .box_w = 3, .box_h = 15, .ofs_x = 1, .ofs_y = 0},
    {.bitmap_index = 4903, .adv_w = 86, .box_w = 6, .box_h = 20, .ofs_x = -2, .ofs_y = -5},
    {.bitmap_index = 4963, .adv_w = 179, .box_w = 11, .box_h = 15, .ofs_x = 1, .ofs_y = 0},
    {.bitmap_index = 5046, .adv_w = 86, .box_w = 3, .box_h = 15, .ofs_x = 1, .ofs_y = 0},
    {.bitmap_index = 5069, .adv_w = 303, .box_w = 17, .box_h = 11, .ofs_x = 1, .ofs_y = 0},
    {.bitmap_index = 5163, .adv_w = 201, .box_w = 10, .box_h = 11, .ofs_x = 1, .ofs_y = 0},
    {.bitmap_index = 5218, .adv_w = 196, .box_w = 11, .box_h = 11, .ofs_x = 1, .ofs_y = 0},
    {.bitmap_index = 5279, .adv_w = 198, .box_w = 11, .box_h = 16, .ofs_x = 1, .ofs_y = -5},
    {.bitmap_index = 5367, .adv_w = 198, .box_w = 10, .box_h = 16, .ofs_x = 1, .ofs_y = -5},
    {.bitmap_index = 5447, .adv_w = 135, .box_w = 8, .box_h = 11, .ofs_x = 1, .ofs_y = 0},
    {.bitmap_index = 5491, .adv_w = 156, .box_w = 9, .box_h = 11, .ofs_x = 0, .ofs_y = 0},
    {.bitmap_index = 5541, .adv_w = 123, .box_w = 8, .box_h = 14, .ofs_x = 0, .ofs_y = 0},
    {.bitmap_index = 5597, .adv_w = 201, .box_w = 10, .box_h = 11, .ofs_x = 1, .ofs_y = 0},
    {.bitmap_index = 5652, .adv_w = 169, .box_w = 11, .box_h = 11, .ofs_x = 0, .ofs_y = 0},
    {.bitmap_index = 5713, .adv_w = 258, .box_w = 16, .box_h = 11, .ofs_x = 0, .ofs_y = 0},
    {.bitmap_index = 5801, .adv_w = 174, .box_w = 11, .box_h = 11, .ofs_x = 0, .ofs_y = 0},
    {.bitmap_index = 5862, .adv_w = 169, .box_w = 11, .box_h = 16, .ofs_x = 0, .ofs_y = -5},
    {.bitmap_index = 5950, .adv_w = 153, .box_w = 9, .box_h = 11, .ofs_x = 0, .ofs_y = 0},
    {.bitmap_index = 6000, .adv_w = 123, .box_w = 7, .box_h = 18, .ofs_x = 0, .ofs_y = -4},
    {.bitmap_index = 6063, .adv_w = 176, .box_w = 3, .box_h = 20, .ofs_x = 4, .ofs_y = -5},
    {.bitmap_index = 6093, .adv_w = 123, .box_w = 8, .box_h = 18, .ofs_x = 0, .ofs_y = -4},
    {.bitmap_index = 6165, .adv_w = 183, .box_w = 11, .box_h = 3, .ofs_x = 0, .ofs_y = 6},
    {.bitmap_index = 6182, .adv_w = 83, .box_w = 0, .box_h = 0, .ofs_x = 0, .ofs_y = 0},
    {.bitmap_index = 6182, .adv_w = 88, .box_w = 4, .box_h = 15, .ofs_x = 1, .ofs_y = -4},
    {.bitmap_index = 6212, .adv_w = 183, .box_w = 9, .box_h = 14, .ofs_x = 1, .ofs_y = 0},
    {.bitmap_index = 6275, .adv_w = 183, .box_w = 11, .box_h = 14, .ofs_x = 0, .ofs_y = 0},
    {.bitmap_index = 6352, .adv_w = 183, .box_w = 10, .box_h = 10, .ofs_x = 1, .ofs_y = 2},
    {.bitmap_index = 6402, .adv_w = 183, .box_w = 12, .box_h = 14, .ofs_x = 0, .ofs_y = 0},
    {.bitmap_index = 6486, .adv_w = 176, .box_w = 3, .box_h = 20, .ofs_x = 4, .ofs_y = -5},
    {.bitmap_index = 6516, .adv_w = 162, .box_w = 8, .box_h = 15, .ofs_x = 1, .ofs_y = 0},
    {.bitmap_index = 6576, .adv_w = 187, .box_w = 7, .box_h = 3, .ofs_x = 2, .ofs_y = 13},
    {.bitmap_index = 6587, .adv_w = 266, .box_w = 16, .box_h = 16, .ofs_x = 0, .ofs_y = -1},
    {.bitmap_index = 6715, .adv_w = 116, .box_w = 7, .box_h = 6, .ofs_x = 0, .ofs_y = 8},
    {.bitmap_index = 6736, .adv_w = 173, .box_w = 11, .box_h = 9, .ofs_x = 0, .ofs_y = 1},
    {.bitmap_index = 6786, .adv_w = 183, .box_w = 11, .box_h = 6, .ofs_x = 0, .ofs_y = 2},
    {.bitmap_index = 6819, .adv_w = 103, .box_w = 6, .box_h = 2, .ofs_x = 0, .ofs_y = 4},
    {.bitmap_index = 6825, .adv_w = 266, .box_w = 16, .box_h = 16, .ofs_x = 0, .ofs_y = -1},
    {.bitmap_index = 6953, .adv_w = 160, .box_w = 12, .box_h = 2, .ofs_x = -1, .ofs_y = 15},
    {.bitmap_index = 6965, .adv_w = 137, .box_w = 7, .box_h = 8, .ofs_x = 1, .ofs_y = 7},
    {.bitmap_index = 6993, .adv_w = 183, .box_w = 11, .box_h = 12, .ofs_x = 0, .ofs_y = 0},
    {.bitmap_index = 7059, .adv_w = 115, .box_w = 7, .box_h = 9, .ofs_x = 0, .ofs_y = 8},
    {.bitmap_index = 7091, .adv_w = 115, .box_w = 7, .box_h = 10, .ofs_x = 0, .ofs_y = 8},
    {.bitmap_index = 7126, .adv_w = 98, .box_w = 6, .box_h = 3, .ofs_x = 0, .ofs_y = 12},
    {.bitmap_index = 7135, .adv_w = 202, .box_w = 10, .box_h = 16, .ofs_x = 1, .ofs_y = -5},
    {.bitmap_index = 7215, .adv_w = 209, .box_w = 11, .box_h = 18, .ofs_x = 1, .ofs_y = -3},
    {.bitmap_index = 7314, .adv_w = 87, .box_w = 4, .box_h = 3, .ofs_x = 1, .ofs_y = 6},
    {.bitmap_index = 7320, .adv_w = 76, .box_w = 5, .box_h = 6, .ofs_x = 0, .ofs_y = -6},
    {.bitmap_index = 7335, .adv_w = 115, .box_w = 6, .box_h = 9, .ofs_x = 0, .ofs_y = 8},
    {.bitmap_index = 7362, .adv_w = 121, .box_w = 7, .box_h = 8, .ofs_x = 0, .ofs_y = 6},
    {.bitmap_index = 7390, .adv_w = 173, .box_w = 11, .box_h = 9, .ofs_x = 0, .ofs_y = 1},
    {.bitmap_index = 7440, .adv_w = 246, .box_w = 16, .box_h = 15, .ofs_x = 0, .ofs_y = 0},
    {.bitmap_index = 7560, .adv_w = 256, .box_w = 16, .box_h = 15, .ofs_x = 0, .ofs_y = -1},
    {.bitmap_index = 7680, .adv_w = 256, .box_w = 16, .box_h = 15, .ofs_x = 0, .ofs_y = 0},
    {.bitmap_index = 7800, .adv_w = 143, .box_w = 9, .box_h = 15, .ofs_x = 0, .ofs_y = -4},
    {.bitmap_index = 7868, .adv_w = 210, .box_w = 14, .box_h = 19, .ofs_x = 0, .ofs_y = 0},
    {.bitmap_index = 8001, .adv_w = 210, .box_w = 14, .box_h = 19, .ofs_x = 0, .ofs_y = 0},
    {.bitmap_index = 8134, .adv_w = 210, .box_w = 14, .box_h = 19, .ofs_x = 0, .ofs_y = 0},
    {.bitmap_index = 8267, .adv_w = 210, .box_w = 14, .box_h = 19, .ofs_x = 0, .ofs_y = 0},
    {.bitmap_index = 8400, .adv_w = 210, .box_w = 14, .box_h = 19, .ofs_x = 0, .ofs_y = 0},
    {.bitmap_index = 8533, .adv_w = 210, .box_w = 14, .box_h = 18, .ofs_x = 0, .ofs_y = 0},
    {.bitmap_index = 8659, .adv_w = 289, .box_w = 18, .box_h = 14, .ofs_x = -1, .ofs_y = 0},
    {.bitmap_index = 8785, .adv_w = 203, .box_w = 12, .box_h = 19, .ofs_x = 1, .ofs_y = -5},
    {.bitmap_index = 8899, .adv_w = 178, .box_w = 9, .box_h = 19, .ofs_x = 1, .ofs_y = 0},
    {.bitmap_index = 8985, .adv_w = 178, .box_w = 9, .box_h = 19, .ofs_x = 1, .ofs_y = 0},
    {.bitmap_index = 9071, .adv_w = 178, .box_w = 9, .box_h = 19, .ofs_x = 1, .ofs_y = 0},
    {.bitmap_index = 9157, .adv_w = 178, .box_w = 9, .box_h = 19, .ofs_x = 1, .ofs_y = 0},
    {.bitmap_index = 9243, .adv_w = 113, .box_w = 7, .box_h = 19, .ofs_x = 0, .ofs_y = 0},
    {.bitmap_index = 9310, .adv_w = 113, .box_w = 7, .box_h = 19, .ofs_x = 0, .ofs_y = 0},
    {.bitmap_index = 9377, .adv_w = 113, .box_w = 9, .box_h = 19, .ofs_x = -1, .ofs_y = 0},
    {.bitmap_index = 9463, .adv_w = 113, .box_w = 7, .box_h = 19, .ofs_x = 0, .ofs_y = 0},
    {.bitmap_index = 9530, .adv_w = 234, .box_w = 14, .box_h = 14, .ofs_x = 0, .ofs_y = 0},
    {.bitmap_index = 9628, .adv_w = 247, .box_w = 13, .box_h = 19, .ofs_x = 1, .ofs_y = 0},
    {.bitmap_index = 9752, .adv_w = 251, .box_w = 14, .box_h = 19, .ofs_x = 1, .ofs_y = 0},
    {.bitmap_index = 9885, .adv_w = 251, .box_w = 14, .box_h = 19, .ofs_x = 1, .ofs_y = 0},
    {.bitmap_index = 10018, .adv_w = 251, .box_w = 14, .box_h = 19, .ofs_x = 1, .ofs_y = 0},
    {.bitmap_index = 10151, .adv_w = 251, .box_w = 14, .box_h = 19, .ofs_x = 1, .ofs_y = 0},
    {.bitmap_index = 10284, .adv_w = 251, .box_w = 14, .box_h = 19, .ofs_x = 1, .ofs_y = 0},
    {.bitmap_index = 10417, .adv_w = 183, .box_w = 10, .box_h = 10, .ofs_x = 1, .ofs_y = 2},
    {.bitmap_index = 10467, .adv_w = 251, .box_w = 14, .box_h = 16, .ofs_x = 1, .ofs_y = -1},
    {.bitmap_index = 10579, .adv_w = 236, .box_w = 12, .box_h = 19, .ofs_x = 1, .ofs_y = 0},
    {.bitmap_index = 10693, .adv_w = 236, .box_w = 12, .box_h = 19, .ofs_x = 1, .ofs_y = 0},
    {.bitmap_index = 10807, .adv_w = 236, .box_w = 12, .box_h = 19, .ofs_x = 1, .ofs_y = 0},
    {.bitmap_index = 10921, .adv_w = 236, .box_w = 12, .box_h = 19, .ofs_x = 1, .ofs_y = 0},
    {.bitmap_index = 11035, .adv_w = 187, .box_w = 12, .box_h = 19, .ofs_x = 0, .ofs_y = 0},
    {.bitmap_index = 11149, .adv_w = 196, .box_w = 11, .box_h = 14, .ofs_x = 1, .ofs_y = 0},
    {.bitmap_index = 11226, .adv_w = 209, .box_w = 12, .box_h = 15, .ofs_x = 1, .ofs_y = 0},
    {.bitmap_index = 11316, .adv_w = 183, .box_w = 10, .box_h = 15, .ofs_x = 0, .ofs_y = 0},
    {.bitmap_index = 11391, .adv_w = 183, .box_w = 10, .box_h = 15, .ofs_x = 0, .ofs_y = 0},
    {.bitmap_index = 11466, .adv_w = 183, .box_w = 10, .box_h = 15, .ofs_x = 0, .ofs_y = 0},
    {.bitmap_index = 11541, .adv_w = 183, .box_w = 10, .box_h = 15, .ofs_x = 0, .ofs_y = 0},
    {.bitmap_index = 11616, .adv_w = 183, .box_w = 10, .box_h = 14, .ofs_x = 0, .ofs_y = 0},
    {.bitmap_index = 11686, .adv_w = 183, .box_w = 10, .box_h = 17, .ofs_x = 0, .ofs_y = 0},
    {.bitmap_index = 11771, .adv_w = 282, .box_w = 17, .box_h = 11, .ofs_x = 0, .ofs_y = 0},
    {.bitmap_index = 11865, .adv_w = 157, .box_w = 9, .box_h = 16, .ofs_x = 1, .ofs_y = -5},
    {.bitmap_index = 11937, .adv_w = 184, .box_w = 10, .box_h = 15, .ofs_x = 1, .ofs_y = 0},
    {.bitmap_index = 12012, .adv_w = 184, .box_w = 10, .box_h = 15, .ofs_x = 1, .ofs_y = 0},
    {.bitmap_index = 12087, .adv_w = 184, .box_w = 10, .box_h = 15, .ofs_x = 1, .ofs_y = 0},
    {.bitmap_index = 12162, .adv_w = 184, .box_w = 10, .box_h = 14, .ofs_x = 1, .ofs_y = 0},
    {.bitmap_index = 12232, .adv_w = 86, .box_w = 6, .box_h = 15, .ofs_x = -1, .ofs_y = 0},
    {.bitmap_index = 12277, .adv_w = 86, .box_w = 5, .box_h = 15, .ofs_x = 1, .ofs_y = 0},
    {.bitmap_index = 12315, .adv_w = 86, .box_w = 8, .box_h = 15, .ofs_x = -1, .ofs_y = 0},
    {.bitmap_index = 12375, .adv_w = 86, .box_w = 7, .box_h = 14, .ofs_x = -1, .ofs_y = 0},
    {.bitmap_index = 12424, .adv_w = 196, .box_w = 11, .box_h = 16, .ofs_x = 1, .ofs_y = 0},
    {.bitmap_index = 12512, .adv_w = 201, .box_w = 10, .box_h = 15, .ofs_x = 1, .ofs_y = 0},
    {.bitmap_index = 12587, .adv_w = 196, .box_w = 11, .box_h = 15, .ofs_x = 1, .ofs_y = 0},
    {.bitmap_index = 12670, .adv_w = 196, .box_w = 11, .box_h = 15, .ofs_x = 1, .ofs_y = 0},
    {.bitmap_index = 12753, .adv_w = 196, .box_w = 11, .box_h = 15, .ofs_x = 1, .ofs_y = 0},
    {.bitmap_index = 12836, .adv_w = 196, .box_w = 11, .box_h = 15, .ofs_x = 1, .ofs_y = 0},
    {.bitmap_index = 12919, .adv_w = 196, .box_w = 11, .box_h = 14, .ofs_x = 1, .ofs_y = 0},
    {.bitmap_index = 12996, .adv_w = 183, .box_w = 11, .box_h = 10, .ofs_x = 0, .ofs_y = 2},
    {.bitmap_index = 13051, .adv_w = 195, .box_w = 11, .box_h = 13, .ofs_x = 1, .ofs_y = -1},
    {.bitmap_index = 13123, .adv_w = 201, .box_w = 10, .box_h = 15, .ofs_x = 1, .ofs_y = 0},
    {.bitmap_index = 13198, .adv_w = 201, .box_w = 10, .box_h = 15, .ofs_x = 1, .ofs_y = 0},
    {.bitmap_index = 13273, .adv_w = 201, .box_w = 10, .box_h = 15, .ofs_x = 1, .ofs_y = 0},
    {.bitmap_index = 13348, .adv_w = 201, .box_w = 10, .box_h = 14, .ofs_x = 1, .ofs_y = 0},
    {.bitmap_index = 13418, .adv_w = 169, .box_w = 11, .box_h = 20, .ofs_x = 0, .ofs_y = -5},
    {.bitmap_index = 13528, .adv_w = 198, .box_w = 11, .box_h = 20, .ofs_x = 1, .ofs_y = -5},
    {.bitmap_index = 13638, .adv_w = 169, .box_w = 11, .box_h = 19, .ofs_x = 0, .ofs_y = -5},
    {.bitmap_index = 13743, .adv_w = 210, .box_w = 14, .box_h = 17, .ofs_x = 0, .ofs_y = 0},
    {.bitmap_index = 13862, .adv_w = 183, .box_w = 10, .box_h = 14, .ofs_x = 0, .ofs_y = 0},
    {.bitmap_index = 13932, .adv_w = 210, .box_w = 14, .box_h = 19, .ofs_x = 0, .ofs_y = 0},
    {.bitmap_index = 14065, .adv_w = 183, .box_w = 10, .box_h = 15, .ofs_x = 0, .ofs_y = 0},
    {.bitmap_index = 14140, .adv_w = 210, .box_w = 14, .box_h = 19, .ofs_x = 0, .ofs_y = -5},
    {.bitmap_index = 14273, .adv_w = 183, .box_w = 11, .box_h = 16, .ofs_x = 0, .ofs_y = -5},
    {.bitmap_index = 14361, .adv_w = 203, .box_w = 12, .box_h = 19, .ofs_x = 1, .ofs_y = 0},
    {.bitmap_index = 14475, .adv_w = 157, .box_w = 9, .box_h = 15, .ofs_x = 1, .ofs_y = 0},
    {.bitmap_index = 14543, .adv_w = 203, .box_w = 12, .box_h = 19, .ofs_x = 1, .ofs_y = 0},
    {.bitmap_index = 14657, .adv_w = 157, .box_w = 9, .box_h = 15, .ofs_x = 1, .ofs_y = 0},
    {.bitmap_index = 14725, .adv_w = 203, .box_w = 12, .box_h = 19, .ofs_x = 1, .ofs_y = 0},
    {.bitmap_index = 14839, .adv_w = 157, .box_w = 9, .box_h = 15, .ofs_x = 1, .ofs_y = 0},
    {.bitmap_index = 14907, .adv_w = 203, .box_w = 12, .box_h = 19, .ofs_x = 1, .ofs_y = 0},
    {.bitmap_index = 15021, .adv_w = 157, .box_w = 9, .box_h = 15, .ofs_x = 1, .ofs_y = 0},
    {.bitmap_index = 15089, .adv_w = 234, .box_w = 13, .box_h = 19, .ofs_x = 1, .ofs_y = 0},
    {.bitmap_index = 15213, .adv_w = 198, .box_w = 14, .box_h = 15, .ofs_x = 1, .ofs_y = 0},
    {.bitmap_index = 15318, .adv_w = 234, .box_w = 14, .box_h = 14, .ofs_x = 0, .ofs_y = 0},
    {.bitmap_index = 15416, .adv_w = 200, .box_w = 12, .box_h = 15, .ofs_x = 1, .ofs_y = 0},
    {.bitmap_index = 15506, .adv_w = 178, .box_w = 9, .box_h = 17, .ofs_x = 1, .ofs_y = 0},
    {.bitmap_index = 15583, .adv_w = 184, .box_w = 10, .box_h = 14, .ofs_x = 1, .ofs_y = 0},
    {.bitmap_index = 15653, .adv_w = 178, .box_w = 9, .box_h = 19, .ofs_x = 1, .ofs_y = 0},
    {.bitmap_index = 15739, .adv_w = 184, .box_w = 10, .box_h = 15, .ofs_x = 1, .ofs_y = 0},
    {.bitmap_index = 15814, .adv_w = 178, .box_w = 9, .box_h = 19, .ofs_x = 1, .ofs_y = 0},
    {.bitmap_index = 15900, .adv_w = 184, .box_w = 10, .box_h = 15, .ofs_x = 1, .ofs_y = 0},
    {.bitmap_index = 15975, .adv_w = 178, .box_w = 9, .box_h = 19, .ofs_x = 1, .ofs_y = -5},
    {.bitmap_index = 16061, .adv_w = 183, .box_w = 10, .box_h = 16, .ofs_x = 1, .ofs_y = -5},
    {.bitmap_index = 16141, .adv_w = 178, .box_w = 9, .box_h = 19, .ofs_x = 1, .ofs_y = 0},
    {.bitmap_index = 16227, .adv_w = 184, .box_w = 10, .box_h = 15, .ofs_x = 1, .ofs_y = 0},
    {.bitmap_index = 16302, .adv_w = 233, .box_w = 13, .box_h = 19, .ofs_x = 1, .ofs_y = 0},
    {.bitmap_index = 16426, .adv_w = 198, .box_w = 10, .box_h = 20, .ofs_x = 1, .ofs_y = -5},
    {.bitmap_index = 16526, .adv_w = 233, .box_w = 13, .box_h = 19, .ofs_x = 1, .ofs_y = 0},
    {.bitmap_index = 16650, .adv_w = 198, .box_w = 10, .box_h = 20, .ofs_x = 1, .ofs_y = -5},
    {.bitmap_index = 16750, .adv_w = 233, .box_w = 13, .box_h = 19, .ofs_x = 1, .ofs_y = 0},
    {.bitmap_index = 16874, .adv_w = 198, .box_w = 10, .box_h = 20, .ofs_x = 1, .ofs_y = -5},
    {.bitmap_index = 16974, .adv_w = 233, .box_w = 13, .box_h = 19, .ofs_x = 1, .ofs_y = -5},
    {.bitmap_index = 17098, .adv_w = 198, .box_w = 10, .box_h = 20, .ofs_x = 1, .ofs_y = -5},
    {.bitmap_index = 17198, .adv_w = 239, .box_w = 13, .box_h = 19, .ofs_x = 1, .ofs_y = 0},
    {.bitmap_index = 17322, .adv_w = 201, .box_w = 12, .box_h = 20, .ofs_x = -1, .ofs_y = 0},
    {.bitmap_index = 17442, .adv_w = 239, .box_w = 15, .box_h = 14, .ofs_x = 0, .ofs_y = 0},
    {.bitmap_index = 17547, .adv_w = 202, .box_w = 11, .box_h = 15, .ofs_x = 0, .ofs_y = 0},
    {.bitmap_index = 17630, .adv_w = 113, .box_w = 9, .box_h = 19, .ofs_x = -1, .ofs_y = 0},
    {.bitmap_index = 17716, .adv_w = 86, .box_w = 9, .box_h = 15, .ofs_x = -2, .ofs_y = 0},
    {.bitmap_index = 17784, .adv_w = 113, .box_w = 7, .box_h = 17, .ofs_x = 0, .ofs_y = 0},
    {.bitmap_index = 17844, .adv_w = 86, .box_w = 7, .box_h = 14, .ofs_x = -1, .ofs_y = 0},
    {.bitmap_index = 17893, .adv_w = 113, .box_w = 7, .box_h = 19, .ofs_x = 0, .ofs_y = 0},
    {.bitmap_index = 17960, .adv_w = 86, .box_w = 8, .box_h = 15, .ofs_x = -1, .ofs_y = 0},
    {.bitmap_index = 18020, .adv_w = 113, .box_w = 7, .box_h = 19, .ofs_x = 0, .ofs_y = -5},
    {.bitmap_index = 18087, .adv_w = 86, .box_w = 5, .box_h = 20, .ofs_x = 0, .ofs_y = -5},
    {.bitmap_index = 18137, .adv_w = 113, .box_w = 7, .box_h = 19, .ofs_x = 0, .ofs_y = 0},
    {.bitmap_index = 18204, .adv_w = 86, .box_w = 3, .box_h = 11, .ofs_x = 1, .ofs_y = 0},
    {.bitmap_index = 18221, .adv_w = 206, .box_w = 12, .box_h = 18, .ofs_x = 0, .ofs_y = -4},
    {.bitmap_index = 18329, .adv_w = 174, .box_w = 9, .box_h = 20, .ofs_x = 1, .ofs_y = -5},
    {.bitmap_index = 18419, .adv_w = 93, .box_w = 9, .box_h = 23, .ofs_x = -2, .ofs_y = -4},
    {.bitmap_index = 18523, .adv_w = 86, .box_w = 9, .box_h = 20, .ofs_x = -2, .ofs_y = -5},
    {.bitmap_index = 18613, .adv_w = 202, .box_w = 12, .box_h = 19, .ofs_x = 1, .ofs_y = -5},
    {.bitmap_index = 18727, .adv_w = 179, .box_w = 11, .box_h = 20, .ofs_x = 1, .ofs_y = -5},
    {.bitmap_index = 18837, .adv_w = 179, .box_w = 11, .box_h = 11, .ofs_x = 1, .ofs_y = 0},
    {.bitmap_index = 18898, .adv_w = 171, .box_w = 10, .box_h = 19, .ofs_x = 1, .ofs_y = 0},
    {.bitmap_index = 18993, .adv_w = 86, .box_w = 5, .box_h = 20, .ofs_x = 1, .ofs_y = 0},
    {.bitmap_index = 19043, .adv_w = 171, .box_w = 10, .box_h = 19, .ofs_x = 1, .ofs_y = -5},
    {.bitmap_index = 19138, .adv_w = 86, .box_w = 4, .box_h = 20, .ofs_x = 1, .ofs_y = -5},
    {.bitmap_index = 19178, .adv_w = 171, .box_w = 10, .box_h = 14, .ofs_x = 1, .ofs_y = 0},
    {.bitmap_index = 19248, .adv_w = 86, .box_w = 7, .box_h = 15, .ofs_x = 1, .ofs_y = 0},
    {.bitmap_index = 19301, .adv_w = 171, .box_w = 10, .box_h = 14, .ofs_x = 1, .ofs_y = 0},
    {.bitmap_index = 19371, .adv_w = 95, .box_w = 6, .box_h = 15, .ofs_x = 1, .ofs_y = 0},
    {.bitmap_index = 19416, .adv_w = 172, .box_w = 11, .box_h = 14, .ofs_x = 0, .ofs_y = 0},
    {.bitmap_index = 19493, .adv_w = 87, .box_w = 7, .box_h = 15, .ofs_x = -1, .ofs_y = 0},
    {.bitmap_index = 19546, .adv_w = 247, .box_w = 13, .box_h = 19, .ofs_x = 1, .ofs_y = 0},
    {.bitmap_index = 19670, .adv_w = 201, .box_w = 10, .box_h = 15, .ofs_x = 1, .ofs_y = 0},
    {.bitmap_index = 19745, .adv_w = 247, .box_w = 13, .box_h = 19, .ofs_x = 1, .ofs_y = -5},
    {.bitmap_index = 19869, .adv_w = 201, .box_w = 10, .box_h = 16, .ofs_x = 1, .ofs_y = -5},
    {.bitmap_index = 19949, .adv_w = 247, .box_w = 13, .box_h = 19, .ofs_x = 1, .ofs_y = 0},
    {.bitmap_index = 20073, .adv_w = 201, .box_w = 10, .box_h = 15, .ofs_x = 1, .ofs_y = 0},
    {.bitmap_index = 20148, .adv_w = 228, .box_w = 13, .box_h = 14, .ofs_x = 0, .ofs_y = 0},
    {.bitmap_index = 20239, .adv_w = 248, .box_w = 13, .box_h = 18, .ofs_x = 1, .ofs_y = -4},
    {.bitmap_index = 20356, .adv_w = 201, .box_w = 10, .box_h = 16, .ofs_x = 1, .ofs_y = -5},
    {.bitmap_index = 20436, .adv_w = 251, .box_w = 14, .box_h = 18, .ofs_x = 1, .ofs_y = 0},
    {.bitmap_index = 20562, .adv_w = 196, .box_w = 11, .box_h = 14, .ofs_x = 1, .ofs_y = 0},
    {.bitmap_index = 20639, .adv_w = 251, .box_w = 14, .box_h = 19, .ofs_x = 1, .ofs_y = 0},
    {.bitmap_index = 20772, .adv_w = 196, .box_w = 11, .box_h = 15, .ofs_x = 1, .ofs_y = 0},
    {.bitmap_index = 20855, .adv_w = 251, .box_w = 14, .box_h = 19, .ofs_x = 1, .ofs_y = 0},
    {.bitmap_index = 20988, .adv_w = 196, .box_w = 11, .box_h = 15, .ofs_x = 1, .ofs_y = 0},
    {.bitmap_index = 21071, .adv_w = 301, .box_w = 17, .box_h = 14, .ofs_x = 1, .ofs_y = 0},
    {.bitmap_index = 21190, .adv_w = 306, .box_w = 18, .box_h = 11, .ofs_x = 1, .ofs_y = 0},
    {.bitmap_index = 21289, .adv_w = 202, .box_w = 12, .box_h = 19, .ofs_x = 1, .ofs_y = 0},
    {.bitmap_index = 21403, .adv_w = 135, .box_w = 8, .box_h = 15, .ofs_x = 1, .ofs_y = 0},
    {.bitmap_index = 21463, .adv_w = 202, .box_w = 12, .box_h = 19, .ofs_x = 1, .ofs_y = -5},
    {.bitmap_index = 21577, .adv_w = 135, .box_w = 8, .box_h = 16, .ofs_x = 1, .ofs_y = -5},
    {.bitmap_index = 21641, .adv_w = 202, .box_w = 12, .box_h = 19, .ofs_x = 1, .ofs_y = 0},
    {.bitmap_index = 21755, .adv_w = 135, .box_w = 8, .box_h = 15, .ofs_x = 1, .ofs_y = 0},
    {.bitmap_index = 21815, .adv_w = 176, .box_w = 10, .box_h = 19, .ofs_x = 1, .ofs_y = 0},
    {.bitmap_index = 21910, .adv_w = 156, .box_w = 9, .box_h = 15, .ofs_x = 0, .ofs_y = 0},
    {.bitmap_index = 21978, .adv_w = 176, .box_w = 10, .box_h = 19, .ofs_x = 1, .ofs_y = 0},
    {.bitmap_index = 22073, .adv_w = 156, .box_w = 9, .box_h = 15, .ofs_x = 0, .ofs_y = 0},
    {.bitmap_index = 22141, .adv_w = 176, .box_w = 10, .box_h = 19, .ofs_x = 1, .ofs_y = -5},
    {.bitmap_index = 22236, .adv_w = 156, .box_w = 9, .box_h = 16, .ofs_x = 0, .ofs_y = -5},
    {.bitmap_index = 22308, .adv_w = 176, .box_w = 10, .box_h = 19, .ofs_x = 1, .ofs_y = 0},
    {.bitmap_index = 22403, .adv_w = 156, .box_w = 9, .box_h = 15, .ofs_x = 0, .ofs_y = 0},
    {.bitmap_index = 22471, .adv_w = 180, .box_w = 11, .box_h = 19, .ofs_x = 0, .ofs_y = -5},
    {.bitmap_index = 22576, .adv_w = 123, .box_w = 8, .box_h = 18, .ofs_x = 0, .ofs_y = -5},
    {.bitmap_index = 22648, .adv_w = 180, .box_w = 11, .box_h = 19, .ofs_x = 0, .ofs_y = 0},
    {.bitmap_index = 22753, .adv_w = 123, .box_w = 10, .box_h = 15, .ofs_x = 0, .ofs_y = 0},
    {.bitmap_index = 22828, .adv_w = 180, .box_w = 11, .box_h = 14, .ofs_x = 0, .ofs_y = 0},
    {.bitmap_index = 22905, .adv_w = 122, .box_w = 8, .box_h = 14, .ofs_x = 0, .ofs_y = 0},
    {.bitmap_index = 22961, .adv_w = 236, .box_w = 12, .box_h = 19, .ofs_x = 1, .ofs_y = 0},
    {.bitmap_index = 23075, .adv_w = 201, .box_w = 10, .box_h = 15, .ofs_x = 1, .ofs_y = 0},
    {.bitmap_index = 23150, .adv_w = 236, .box_w = 12, .box_h = 18, .ofs_x = 1, .ofs_y = 0},
    {.bitmap_index = 23258, .adv_w = 201, .box_w = 10, .box_h = 14, .ofs_x = 1, .ofs_y = 0},
    {.bitmap_index = 23328, .adv_w = 236, .box_w = 12, .box_h = 19, .ofs_x = 1, .ofs_y = 0},
    {.bitmap_index = 23442, .adv_w = 201, .box_w = 10, .box_h = 15, .ofs_x = 1, .ofs_y = 0},
    {.bitmap_index = 23517, .adv_w = 236, .box_w = 12, .box_h = 20, .ofs_x = 1, .ofs_y = 0},
    {.bitmap_index = 23637, .adv_w = 201, .box_w = 10, .box_h = 17, .ofs_x = 1, .ofs_y = 0},
    {.bitmap_index = 23722, .adv_w = 236, .box_w = 12, .box_h = 19, .ofs_x = 1, .ofs_y = 0},
    {.bitmap_index = 23836, .adv_w = 201, .box_w = 10, .box_h = 15, .ofs_x = 1, .ofs_y = 0},
    {.bitmap_index = 23911, .adv_w = 236, .box_w = 12, .box_h = 19, .ofs_x = 1, .ofs_y = -5},
    {.bitmap_index = 24025, .adv_w = 201, .box_w = 11, .box_h = 16, .ofs_x = 1, .ofs_y = -5},
    {.bitmap_index = 24113, .adv_w = 301, .box_w = 19, .box_h = 19, .ofs_x = 0, .ofs_y = 0},
    {.bitmap_index = 24294, .adv_w = 259, .box_w = 16, .box_h = 15, .ofs_x = 0, .ofs_y = 0},
    {.bitmap_index = 24414, .adv_w = 187, .box_w = 12, .box_h = 19, .ofs_x = 0, .ofs_y = 0},
    {.bitmap_index = 24528, .adv_w = 169, .box_w = 11, .box_h = 20, .ofs_x = 0, .ofs_y = -5},
    {.bitmap_index = 24638, .adv_w = 187, .box_w = 12, .box_h = 19, .ofs_x = 0, .ofs_y = 0},
    {.bitmap_index = 24752, .adv_w = 184, .box_w = 11, .box_h = 19, .ofs_x = 0, .ofs_y = 0},
    {.bitmap_index = 24857, .adv_w = 153, .box_w = 9, .box_h = 15, .ofs_x = 0, .ofs_y = 0},
    {.bitmap_index = 24925, .adv_w = 184, .box_w = 11, .box_h = 19, .ofs_x = 0, .ofs_y = 0},
    {.bitmap_index = 25030, .adv_w = 153, .box_w = 9, .box_h = 15, .ofs_x = 0, .ofs_y = 0},
    {.bitmap_index = 25098, .adv_w = 184, .box_w = 11, .box_h = 19, .ofs_x = 0, .ofs_y = 0},
    {.bitmap_index = 25203, .adv_w = 153, .box_w = 9, .box_h = 15, .ofs_x = 0, .ofs_y = 0},
    {.bitmap_index = 25271, .adv_w = 110, .box_w = 7, .box_h = 15, .ofs_x = 1, .ofs_y = 0},
    {.bitmap_index = 25324, .adv_w = 199, .box_w = 12, .box_h = 15, .ofs_x = 0, .ofs_y = 0},
    {.bitmap_index = 25414, .adv_w = 239, .box_w = 14, .box_h = 14, .ofs_x = 0, .ofs_y = 0},
    {.bitmap_index = 25512, .adv_w = 199, .box_w = 11, .box_h = 14, .ofs_x = 1, .ofs_y = 0},
    {.bitmap_index = 25589, .adv_w = 199, .box_w = 11, .box_h = 15, .ofs_x = 1, .ofs_y = 0},
    {.bitmap_index = 25672, .adv_w = 206, .box_w = 11, .box_h = 14, .ofs_x = 1, .ofs_y = 0},
    {.bitmap_index = 25749, .adv_w = 198, .box_w = 11, .box_h = 15, .ofs_x = 1, .ofs_y = 0},
    {.bitmap_index = 25832, .adv_w = 203, .box_w = 12, .box_h = 14, .ofs_x = 0, .ofs_y = 0},
    {.bitmap_index = 25916, .adv_w = 203, .box_w = 13, .box_h = 18, .ofs_x = 1, .ofs_y = 0},
    {.bitmap_index = 26033, .adv_w = 163, .box_w = 11, .box_h = 15, .ofs_x = 1, .ofs_y = 0},
    {.bitmap_index = 26116, .adv_w = 234, .box_w = 14, .box_h = 14, .ofs_x = 0, .ofs_y = 0},
    {.bitmap_index = 26214, .adv_w = 264, .box_w = 16, .box_h = 14, .ofs_x = 0, .ofs_y = 0},
    {.bitmap_index = 26326, .adv_w = 199, .box_w = 11, .box_h = 14, .ofs_x = 0, .ofs_y = 0},
    {.bitmap_index = 26403, .adv_w = 199, .box_w = 10, .box_h = 15, .ofs_x = 1, .ofs_y = 0},
    {.bitmap_index = 26478, .adv_w = 195, .box_w = 11, .box_h = 16, .ofs_x = 1, .ofs_y = -5},
    {.bitmap_index = 26566, .adv_w = 178, .box_w = 9, .box_h = 14, .ofs_x = 1, .ofs_y = 0},
    {.bitmap_index = 26629, .adv_w = 244, .box_w = 14, .box_h = 14, .ofs_x = 1, .ofs_y = 0},
    {.bitmap_index = 26727, .adv_w = 194, .box_w = 11, .box_h = 14, .ofs_x = 1, .ofs_y = 0},
    {.bitmap_index = 26804, .adv_w = 197, .box_w = 13, .box_h = 19, .ofs_x = -1, .ofs_y = -5},
    {.bitmap_index = 26928, .adv_w = 142, .box_w = 11, .box_h = 20, .ofs_x = -1, .ofs_y = -5},
    {.bitmap_index = 27038, .adv_w = 233, .box_w = 14, .box_h = 18, .ofs_x = 1, .ofs_y = 0},
    {.bitmap_index = 27164, .adv_w = 190, .box_w = 12, .box_h = 19, .ofs_x = 0, .ofs_y = -5},
    {.bitmap_index = 27278, .adv_w = 304, .box_w = 17, .box_h = 15, .ofs_x = 1, .ofs_y = 0},
    {.bitmap_index = 27406, .adv_w = 117, .box_w = 7, .box_h = 14, .ofs_x = 1, .ofs_y = 0},
    {.bitmap_index = 27455, .adv_w = 114, .box_w = 7, .box_h = 14, .ofs_x = 0, .ofs_y = 0},
    {.bitmap_index = 27504, .adv_w = 202, .box_w = 12, .box_h = 14, .ofs_x = 1, .ofs_y = 0},
    {.bitmap_index = 27588, .adv_w = 179, .box_w = 11, .box_h = 15, .ofs_x = 1, .ofs_y = 0},
    {.bitmap_index = 27671, .adv_w = 89, .box_w = 6, .box_h = 15, .ofs_x = 0, .ofs_y = 0},
    {.bitmap_index = 27716, .adv_w = 180, .box_w = 13, .box_h = 15, .ofs_x = -1, .ofs_y = 0},
    {.bitmap_index = 27814, .adv_w = 330, .box_w = 18, .box_h = 14, .ofs_x = 1, .ofs_y = 0},
    {.bitmap_index = 27940, .adv_w = 248, .box_w = 15, .box_h = 19, .ofs_x = -1, .ofs_y = -5},
    {.bitmap_index = 28083, .adv_w = 201, .box_w = 10, .box_h = 16, .ofs_x = 1, .ofs_y = -5},
    {.bitmap_index = 28163, .adv_w = 251, .box_w = 14, .box_h = 14, .ofs_x = 1, .ofs_y = 0},
    {.bitmap_index = 28261, .adv_w = 254, .box_w = 16, .box_h = 15, .ofs_x = 1, .ofs_y = 0},
    {.bitmap_index = 28381, .adv_w = 203, .box_w = 13, .box_h = 13, .ofs_x = 1, .ofs_y = 0},
    {.bitmap_index = 28466, .adv_w = 349, .box_w = 20, .box_h = 14, .ofs_x = 1, .ofs_y = 0},
    {.bitmap_index = 28606, .adv_w = 278, .box_w = 15, .box_h = 16, .ofs_x = 1, .ofs_y = -5},
    {.bitmap_index = 28726, .adv_w = 225, .box_w = 14, .box_h = 14, .ofs_x = 0, .ofs_y = 0},
    {.bitmap_index = 28824, .adv_w = 199, .box_w = 11, .box_h = 20, .ofs_x = 1, .ofs_y = -5},
    {.bitmap_index = 28934, .adv_w = 203, .box_w = 12, .box_h = 16, .ofs_x = 1, .ofs_y = -2},
    {.bitmap_index = 29030, .adv_w = 176, .box_w = 11, .box_h = 14, .ofs_x = 0, .ofs_y = 0},
    {.bitmap_index = 29107, .adv_w = 155, .box_w = 9, .box_h = 11, .ofs_x = 0, .ofs_y = 0},
    {.bitmap_index = 29157, .adv_w = 184, .box_w = 11, .box_h = 14, .ofs_x = 0, .ofs_y = 0},
    {.bitmap_index = 29234, .adv_w = 120, .box_w = 10, .box_h = 20, .ofs_x = -1, .ofs_y = -5},
    {.bitmap_index = 29334, .adv_w = 122, .box_w = 8, .box_h = 18, .ofs_x = 0, .ofs_y = -5},
    {.bitmap_index = 29406, .adv_w = 188, .box_w = 12, .box_h = 14, .ofs_x = 0, .ofs_y = 0},
    {.bitmap_index = 29490, .adv_w = 122, .box_w = 8, .box_h = 15, .ofs_x = 0, .ofs_y = 0},
    {.bitmap_index = 29550, .adv_w = 180, .box_w = 11, .box_h = 19, .ofs_x = 0, .ofs_y = -5},
    {.bitmap_index = 29655, .adv_w = 260, .box_w = 16, .box_h = 15, .ofs_x = 1, .ofs_y = 0},
    {.bitmap_index = 29775, .adv_w = 223, .box_w = 14, .box_h = 13, .ofs_x = 1, .ofs_y = 0},
    {.bitmap_index = 29866, .adv_w = 251, .box_w = 15, .box_h = 14, .ofs_x = 0, .ofs_y = 0},
    {.bitmap_index = 29971, .adv_w = 236, .box_w = 12, .box_h = 14, .ofs_x = 1, .ofs_y = 0},
    {.bitmap_index = 30055, .adv_w = 190, .box_w = 12, .box_h = 14, .ofs_x = 0, .ofs_y = 0},
    {.bitmap_index = 30139, .adv_w = 181, .box_w = 12, .box_h = 16, .ofs_x = 0, .ofs_y = -5},
    {.bitmap_index = 30235, .adv_w = 183, .box_w = 11, .box_h = 14, .ofs_x = 0, .ofs_y = 0},
    {.bitmap_index = 30312, .adv_w = 153, .box_w = 9, .box_h = 11, .ofs_x = 0, .ofs_y = 0},
    {.bitmap_index = 30362, .adv_w = 188, .box_w = 11, .box_h = 14, .ofs_x = 0, .ofs_y = 0},
    {.bitmap_index = 30439, .adv_w = 188, .box_w = 11, .box_h = 14, .ofs_x = 1, .ofs_y = 0},
    {.bitmap_index = 30516, .adv_w = 167, .box_w = 11, .box_h = 16, .ofs_x = 0, .ofs_y = -5},
    {.bitmap_index = 30604, .adv_w = 167, .box_w = 10, .box_h = 16, .ofs_x = 0, .ofs_y = -5},
    {.bitmap_index = 30684, .adv_w = 182, .box_w = 11, .box_h = 15, .ofs_x = 0, .ofs_y = 0},
    {.bitmap_index = 30767, .adv_w = 186, .box_w = 11, .box_h = 14, .ofs_x = 0, .ofs_y = 0},
    {.bitmap_index = 30844, .adv_w = 163, .box_w = 10, .box_h = 11, .ofs_x = 0, .ofs_y = 0},
    {.bitmap_index = 30899, .adv_w = 151, .box_w = 9, .box_h = 14, .ofs_x = 0, .ofs_y = 0},
    {.bitmap_index = 30962, .adv_w = 191, .box_w = 11, .box_h = 16, .ofs_x = 1, .ofs_y = -5},
    {.bitmap_index = 31050, .adv_w = 103, .box_w = 3, .box_h = 15, .ofs_x = 2, .ofs_y = 0},
    {.bitmap_index = 31073, .adv_w = 177, .box_w = 7, .box_h = 15, .ofs_x = 2, .ofs_y = 0},
    {.bitmap_index = 31126, .adv_w = 165, .box_w = 9, .box_h = 15, .ofs_x = 1, .ofs_y = 0},
    {.bitmap_index = 31194, .adv_w = 87, .box_w = 4, .box_h = 14, .ofs_x = 1, .ofs_y = 0},
    {.bitmap_index = 31222, .adv_w = 415, .box_w = 25, .box_h = 19, .ofs_x = 1, .ofs_y = 0},
    {.bitmap_index = 31460, .adv_w = 386, .box_w = 23, .box_h = 15, .ofs_x = 1, .ofs_y = 0},
    {.bitmap_index = 31633, .adv_w = 351, .box_w = 21, .box_h = 15, .ofs_x = 1, .ofs_y = 0},
    {.bitmap_index = 31791, .adv_w = 264, .box_w = 14, .box_h = 18, .ofs_x = 1, .ofs_y = -4},
    {.bitmap_index = 31917, .adv_w = 259, .box_w = 14, .box_h = 20, .ofs_x = 1, .ofs_y = -5},
    {.bitmap_index = 32057, .adv_w = 174, .box_w = 9, .box_h = 20, .ofs_x = 1, .ofs_y = -5},
    {.bitmap_index = 32147, .adv_w = 341, .box_w = 19, .box_h = 18, .ofs_x = 1, .ofs_y = -4},
    {.bitmap_index = 32318, .adv_w = 335, .box_w = 19, .box_h = 20, .ofs_x = 1, .ofs_y = -5},
    {.bitmap_index = 32508, .adv_w = 288, .box_w = 16, .box_h = 20, .ofs_x = 1, .ofs_y = -5},
    {.bitmap_index = 32668, .adv_w = 210, .box_w = 14, .box_h = 19, .ofs_x = 0, .ofs_y = 0},
    {.bitmap_index = 32801, .adv_w = 183, .box_w = 10, .box_h = 15, .ofs_x = 0, .ofs_y = 0},
    {.bitmap_index = 32876, .adv_w = 113, .box_w = 9, .box_h = 19, .ofs_x = -1, .ofs_y = 0},
    {.bitmap_index = 32962, .adv_w = 86, .box_w = 8, .box_h = 15, .ofs_x = -1, .ofs_y = 0},
    {.bitmap_index = 33022, .adv_w = 251, .box_w = 14, .box_h = 19, .ofs_x = 1, .ofs_y = 0},
    {.bitmap_index = 33155, .adv_w = 196, .box_w = 11, .box_h = 15, .ofs_x = 1, .ofs_y = 0},
    {.bitmap_index = 33238, .adv_w = 236, .box_w = 12, .box_h = 19, .ofs_x = 1, .ofs_y = 0},
    {.bitmap_index = 33352, .adv_w = 201, .box_w = 10, .box_h = 15, .ofs_x = 1, .ofs_y = 0},
    {.bitmap_index = 33427, .adv_w = 236, .box_w = 12, .box_h = 21, .ofs_x = 1, .ofs_y = 0},
    {.bitmap_index = 33553, .adv_w = 201, .box_w = 10, .box_h = 17, .ofs_x = 1, .ofs_y = 0},
    {.bitmap_index = 33638, .adv_w = 236, .box_w = 12, .box_h = 21, .ofs_x = 1, .ofs_y = 0},
    {.bitmap_index = 33764, .adv_w = 201, .box_w = 10, .box_h = 18, .ofs_x = 1, .ofs_y = 0},
    {.bitmap_index = 33854, .adv_w = 236, .box_w = 12, .box_h = 22, .ofs_x = 1, .ofs_y = 0},
    {.bitmap_index = 33986, .adv_w = 201, .box_w = 10, .box_h = 18, .ofs_x = 1, .ofs_y = 0},
    {.bitmap_index = 34076, .adv_w = 236, .box_w = 12, .box_h = 21, .ofs_x = 1, .ofs_y = 0},
    {.bitmap_index = 34202, .adv_w = 201, .box_w = 10, .box_h = 18, .ofs_x = 1, .ofs_y = 0},
    {.bitmap_index = 34292, .adv_w = 184, .box_w = 11, .box_h = 11, .ofs_x = 0, .ofs_y = 0},
    {.bitmap_index = 34353, .adv_w = 210, .box_w = 14, .box_h = 21, .ofs_x = 0, .ofs_y = 0},
    {.bitmap_index = 34500, .adv_w = 183, .box_w = 10, .box_h = 17, .ofs_x = 0, .ofs_y = 0},
    {.bitmap_index = 34585, .adv_w = 210, .box_w = 14, .box_h = 20, .ofs_x = 0, .ofs_y = 0},
    {.bitmap_index = 34725, .adv_w = 183, .box_w = 10, .box_h = 17, .ofs_x = 0, .ofs_y = 0},
    {.bitmap_index = 34810, .adv_w = 289, .box_w = 18, .box_h = 17, .ofs_x = -1, .ofs_y = 0},
    {.bitmap_index = 34963, .adv_w = 282, .box_w = 17, .box_h = 14, .ofs_x = 0, .ofs_y = 0},
    {.bitmap_index = 35082, .adv_w = 233, .box_w = 14, .box_h = 14, .ofs_x = 1, .ofs_y = 0},
    {.bitmap_index = 35180, .adv_w = 199, .box_w = 11, .box_h = 16, .ofs_x = 1, .ofs_y = -5},
    {.bitmap_index = 35268, .adv_w = 233, .box_w = 13, .box_h = 19, .ofs_x = 1, .ofs_y = 0},
    {.bitmap_index = 35392, .adv_w = 198, .box_w = 10, .box_h = 20, .ofs_x = 1, .ofs_y = -5},
    {.bitmap_index = 35492, .adv_w = 202, .box_w = 12, .box_h = 19, .ofs_x = 1, .ofs_y = 0},
    {.bitmap_index = 35606, .adv_w = 179, .box_w = 13, .box_h = 20, .ofs_x = -1, .ofs_y = 0},
    {.bitmap_index = 35736, .adv_w = 251, .box_w = 14, .box_h = 19, .ofs_x = 1, .ofs_y = -5},
    {.bitmap_index = 35869, .adv_w = 196, .box_w = 11, .box_h = 16, .ofs_x = 1, .ofs_y = -5},
    {.bitmap_index = 35957, .adv_w = 251, .box_w = 14, .box_h = 22, .ofs_x = 1, .ofs_y = -5},
    {.bitmap_index = 36111, .adv_w = 196, .box_w = 11, .box_h = 18, .ofs_x = 1, .ofs_y = -5},
    {.bitmap_index = 36210, .adv_w = 188, .box_w = 11, .box_h = 19, .ofs_x = 0, .ofs_y = 0},
    {.bitmap_index = 36315, .adv_w = 167, .box_w = 10, .box_h = 20, .ofs_x = 0, .ofs_y = -5},
    {.bitmap_index = 36415, .adv_w = 86, .box_w = 9, .box_h = 20, .ofs_x = -2, .ofs_y = -5},
    {.bitmap_index = 36505, .adv_w = 415, .box_w = 25, .box_h = 14, .ofs_x = 1, .ofs_y = 0},
    {.bitmap_index = 36680, .adv_w = 386, .box_w = 23, .box_h = 14, .ofs_x = 1, .ofs_y = 0},
    {.bitmap_index = 36841, .adv_w = 351, .box_w = 21, .box_h = 15, .ofs_x = 1, .ofs_y = 0},
    {.bitmap_index = 36999, .adv_w = 233, .box_w = 13, .box_h = 19, .ofs_x = 1, .ofs_y = 0},
    {.bitmap_index = 37123, .adv_w = 198, .box_w = 10, .box_h = 20, .ofs_x = 1, .ofs_y = -5},
    {.bitmap_index = 37223, .adv_w = 310, .box_w = 17, .box_h = 14, .ofs_x = 1, .ofs_y = 0},
    {.bitmap_index = 37342, .adv_w = 213, .box_w = 12, .box_h = 19, .ofs_x = 1, .ofs_y = -5},
    {.bitmap_index = 37456, .adv_w = 247, .box_w = 13, .box_h = 19, .ofs_x = 1, .ofs_y = 0},
    {.bitmap_index = 37580, .adv_w = 201, .box_w = 10, .box_h = 15, .ofs_x = 1, .ofs_y = 0},
    {.bitmap_index = 37655, .adv_w = 210, .box_w = 14, .box_h = 19, .ofs_x = 0, .ofs_y = 0},
    {.bitmap_index = 37788, .adv_w = 183, .box_w = 10, .box_h = 19, .ofs_x = 0, .ofs_y = 0},
    {.bitmap_index = 37883, .adv_w = 289, .box_w = 18, .box_h = 19, .ofs_x = -1, .ofs_y = 0},
    {.bitmap_index = 38054, .adv_w = 282, .box_w = 17, .box_h = 15, .ofs_x = 0, .ofs_y = 0},
    {.bitmap_index = 38182, .adv_w = 251, .box_w = 14, .box_h = 20, .ofs_x = 1, .ofs_y = -1},
    {.bitmap_index = 38322, .adv_w = 195, .box_w = 11, .box_h = 16, .ofs_x = 1, .ofs_y = -1},
    {.bitmap_index = 38410, .adv_w = 210, .box_w = 14, .box_h = 19, .ofs_x = 0, .ofs_y = 0},
    {.bitmap_index = 38543, .adv_w = 183, .box_w = 10, .box_h = 15, .ofs_x = 0, .ofs_y = 0},
    {.bitmap_index = 38618, .adv_w = 210, .box_w = 14, .box_h = 19, .ofs_x = 0, .ofs_y = 0},
    {.bitmap_index = 38751, .adv_w = 183, .box_w = 10, .box_h = 15, .ofs_x = 0, .ofs_y = 0},
    {.bitmap_index = 38826, .adv_w = 178, .box_w = 9, .box_h = 19, .ofs_x = 1, .ofs_y = 0},
    {.bitmap_index = 38912, .adv_w = 184, .box_w = 10, .box_h = 15, .ofs_x = 1, .ofs_y = 0},
    {.bitmap_index = 38987, .adv_w = 178, .box_w = 9, .box_h = 19, .ofs_x = 1, .ofs_y = 0},
    {.bitmap_index = 39073, .adv_w = 184, .box_w = 10, .box_h = 15, .ofs_x = 1, .ofs_y = 0},
    {.bitmap_index = 39148, .adv_w = 113, .box_w = 9, .box_h = 19, .ofs_x = -2, .ofs_y = 0},
    {.bitmap_index = 39234, .adv_w = 86, .box_w = 8, .box_h = 15, .ofs_x = -2, .ofs_y = 0},
    {.bitmap_index = 39294, .adv_w = 113, .box_w = 7, .box_h = 19, .ofs_x = 0, .ofs_y = 0},
    {.bitmap_index = 39361, .adv_w = 86, .box_w = 8, .box_h = 15, .ofs_x = -1, .ofs_y = 0},
    {.bitmap_index = 39421, .adv_w = 251, .box_w = 14, .box_h = 19, .ofs_x = 1, .ofs_y = 0},
    {.bitmap_index = 39554, .adv_w = 196, .box_w = 11, .box_h = 15, .ofs_x = 1, .ofs_y = 0},
    {.bitmap_index = 39637, .adv_w = 251, .box_w = 14, .box_h = 19, .ofs_x = 1, .ofs_y = 0},
    {.bitmap_index = 39770, .adv_w = 196, .box_w = 11, .box_h = 15, .ofs_x = 1, .ofs_y = 0},
    {.bitmap_index = 39853, .adv_w = 202, .box_w = 12, .box_h = 19, .ofs_x = 1, .ofs_y = 0},
    {.bitmap_index = 39967, .adv_w = 135, .box_w = 9, .box_h = 15, .ofs_x = 0, .ofs_y = 0},
    {.bitmap_index = 40035, .adv_w = 202, .box_w = 12, .box_h = 19, .ofs_x = 1, .ofs_y = 0},
    {.bitmap_index = 40149, .adv_w = 135, .box_w = 8, .box_h = 15, .ofs_x = 1, .ofs_y = 0},
    {.bitmap_index = 40209, .adv_w = 236, .box_w = 12, .box_h = 19, .ofs_x = 1, .ofs_y = 0},
    {.bitmap_index = 40323, .adv_w = 201, .box_w = 10, .box_h = 15, .ofs_x = 1, .ofs_y = 0},
    {.bitmap_index = 40398, .adv_w = 236, .box_w = 12, .box_h = 19, .ofs_x = 1, .ofs_y = 0},
    {.bitmap_index = 40512, .adv_w = 201, .box_w = 10, .box_h = 15, .ofs_x = 1, .ofs_y = 0},
    {.bitmap_index = 40587, .adv_w = 176, .box_w = 10, .box_h = 19, .ofs_x = 1, .ofs_y = -5},
    {.bitmap_index = 40682, .adv_w = 156, .box_w = 9, .box_h = 16, .ofs_x = 0, .ofs_y = -5},
    {.bitmap_index = 40754, .adv_w = 180, .box_w = 11, .box_h = 19, .ofs_x = 0, .ofs_y = -5},
    {.bitmap_index = 40859, .adv_w = 123, .box_w = 8, .box_h = 18, .ofs_x = 0, .ofs_y = -5},
    {.bitmap_index = 40931, .adv_w = 189, .box_w = 11, .box_h = 19, .ofs_x = 0, .ofs_y = -5},
    {.bitmap_index = 41036, .adv_w = 160, .box_w = 10, .box_h = 16, .ofs_x = 0, .ofs_y = -5},
    {.bitmap_index = 41116, .adv_w = 239, .box_w = 13, .box_h = 19, .ofs_x = 1, .ofs_y = 0},
    {.bitmap_index = 41240, .adv_w = 201, .box_w = 12, .box_h = 20, .ofs_x = -1, .ofs_y = 0},
    {.bitmap_index = 41360, .adv_w = 239, .box_w = 13, .box_h = 19, .ofs_x = 1, .ofs_y = -5},
    {.bitmap_index = 41484, .adv_w = 277, .box_w = 17, .box_h = 18, .ofs_x = 1, .ofs_y = -3},
    {.bitmap_index = 41637, .adv_w = 223, .box_w = 12, .box_h = 14, .ofs_x = 1, .ofs_y = 0},
    {.bitmap_index = 41721, .adv_w = 194, .box_w = 12, .box_h = 15, .ofs_x = 0, .ofs_y = 0},
    {.bitmap_index = 41811, .adv_w = 184, .box_w = 11, .box_h = 18, .ofs_x = 0, .ofs_y = -4},
    {.bitmap_index = 41910, .adv_w = 152, .box_w = 9, .box_h = 15, .ofs_x = 0, .ofs_y = -4},
    {.bitmap_index = 41978, .adv_w = 210, .box_w = 14, .box_h = 19, .ofs_x = 0, .ofs_y = 0},
    {.bitmap_index = 42111, .adv_w = 183, .box_w = 10, .box_h = 15, .ofs_x = 0, .ofs_y = 0},
    {.bitmap_index = 42186, .adv_w = 178, .box_w = 9, .box_h = 19, .ofs_x = 1, .ofs_y = -5},
    {.bitmap_index = 42272, .adv_w = 184, .box_w = 10, .box_h = 16, .ofs_x = 1, .ofs_y = -5},
    {.bitmap_index = 42352, .adv_w = 251, .box_w = 14, .box_h = 21, .ofs_x = 1, .ofs_y = 0},
    {.bitmap_index = 42499, .adv_w = 196, .box_w = 11, .box_h = 17, .ofs_x = 1, .ofs_y = 0},
    {.bitmap_index = 42593, .adv_w = 251, .box_w = 14, .box_h = 21, .ofs_x = 1, .ofs_y = 0},
    {.bitmap_index = 42740, .adv_w = 196, .box_w = 11, .box_h = 17, .ofs_x = 1, .ofs_y = 0},
    {.bitmap_index = 42834, .adv_w = 251, .box_w = 14, .box_h = 19, .ofs_x = 1, .ofs_y = 0},
    {.bitmap_index = 42967, .adv_w = 196, .box_w = 11, .box_h = 15, .ofs_x = 1, .ofs_y = 0},
    {.bitmap_index = 43050, .adv_w = 251, .box_w = 14, .box_h = 21, .ofs_x = 1, .ofs_y = 0},
    {.bitmap_index = 43197, .adv_w = 196, .box_w = 11, .box_h = 17, .ofs_x = 1, .ofs_y = 0},
    {.bitmap_index = 43291, .adv_w = 187, .box_w = 12, .box_h = 17, .ofs_x = 0, .ofs_y = 0},
    {.bitmap_index = 43393, .adv_w = 169, .box_w = 11, .box_h = 19, .ofs_x = 0, .ofs_y = -5},
    {.bitmap_index = 43498, .adv_w = 127, .box_w = 8, .box_h = 16, .ofs_x = 0, .ofs_y = -1},
    {.bitmap_index = 43562, .adv_w = 241, .box_w = 14, .box_h = 12, .ofs_x = 1, .ofs_y = -1},
    {.bitmap_index = 43646, .adv_w = 130, .box_w = 9, .box_h = 15, .ofs_x = 0, .ofs_y = -1},
    {.bitmap_index = 43714, .adv_w = 86, .box_w = 6, .box_h = 16, .ofs_x = -2, .ofs_y = -5},
    {.bitmap_index = 43762, .adv_w = 310, .box_w = 18, .box_h = 15, .ofs_x = 1, .ofs_y = 0},
    {.bitmap_index = 43897, .adv_w = 310, .box_w = 18, .box_h = 16, .ofs_x = 1, .ofs_y = -5},
    {.bitmap_index = 44041, .adv_w = 210, .box_w = 14, .box_h = 17, .ofs_x = 0, .ofs_y = -2},
    {.bitmap_index = 44160, .adv_w = 203, .box_w = 12, .box_h = 17, .ofs_x = 1, .ofs_y = -2},
    {.bitmap_index = 44262, .adv_w = 156, .box_w = 9, .box_h = 19, .ofs_x = 1, .ofs_y = -4},
    {.bitmap_index = 44348, .adv_w = 172, .box_w = 11, .box_h = 14, .ofs_x = 0, .ofs_y = 0},
    {.bitmap_index = 44425, .adv_w = 181, .box_w = 11, .box_h = 17, .ofs_x = 0, .ofs_y = -2},
    {.bitmap_index = 44519, .adv_w = 155, .box_w = 9, .box_h = 16, .ofs_x = 0, .ofs_y = -5},
    {.bitmap_index = 44591, .adv_w = 152, .box_w = 10, .box_h = 16, .ofs_x = 0, .ofs_y = -5},
    {.bitmap_index = 44671, .adv_w = 147, .box_w = 9, .box_h = 14, .ofs_x = 0, .ofs_y = 0},
    {.bitmap_index = 44734, .adv_w = 145, .box_w = 9, .box_h = 11, .ofs_x = 0, .ofs_y = 0},
    {.bitmap_index = 44784, .adv_w = 209, .box_w = 13, .box_h = 14, .ofs_x = 0, .ofs_y = 0},
    {.bitmap_index = 44875, .adv_w = 236, .box_w = 15, .box_h = 14, .ofs_x = 0, .ofs_y = 0},
    {.bitmap_index = 44980, .adv_w = 200, .box_w = 13, .box_h = 14, .ofs_x = 0, .ofs_y = 0},
    {.bitmap_index = 45071, .adv_w = 178, .box_w = 9, .box_h = 17, .ofs_x = 1, .ofs_y = -2},
    {.bitmap_index = 45148, .adv_w = 183, .box_w = 10, .box_h = 13, .ofs_x = 1, .ofs_y = -1},
    {.bitmap_index = 45213, .adv_w = 93, .box_w = 8, .box_h = 18, .ofs_x = -2, .ofs_y = -4},
    {.bitmap_index = 45285, .adv_w = 87, .box_w = 8, .box_h = 20, .ofs_x = -2, .ofs_y = -5},
    {.bitmap_index = 45365, .adv_w = 247, .box_w = 15, .box_h = 19, .ofs_x = 1, .ofs_y = -5},
    {.bitmap_index = 45508, .adv_w = 199, .box_w = 12, .box_h = 16, .ofs_x = 1, .ofs_y = -5},
    {.bitmap_index = 45604, .adv_w = 203, .box_w = 13, .box_h = 14, .ofs_x = 0, .ofs_y = 0},
    {.bitmap_index = 45695, .adv_w = 135, .box_w = 9, .box_h = 12, .ofs_x = 0, .ofs_y = 0},
    {.bitmap_index = 45749, .adv_w = 187, .box_w = 12, .box_h = 14, .ofs_x = 0, .ofs_y = 0},
    {.bitmap_index = 45833, .adv_w = 169, .box_w = 11, .box_h = 16, .ofs_x = 0, .ofs_y = -5},
    {.bitmap_index = 45921, .adv_w = 146, .box_w = 8, .box_h = 14, .ofs_x = 1, .ofs_y = 0},
    {.bitmap_index = 45977, .adv_w = 124, .box_w = 7, .box_h = 11, .ofs_x = 1, .ofs_y = 0},
    {.bitmap_index = 46016, .adv_w = 221, .box_w = 12, .box_h = 14, .ofs_x = 1, .ofs_y = 0},
    {.bitmap_index = 46100, .adv_w = 213, .box_w = 11, .box_h = 15, .ofs_x = 1, .ofs_y = 0},
    {.bitmap_index = 46183, .adv_w = 61, .box_w = 5, .box_h = 4, .ofs_x = 0, .ofs_y = 11},
    {.bitmap_index = 46193, .adv_w = 61, .box_w = 5, .box_h = 4, .ofs_x = -1, .ofs_y = -3},
    {.bitmap_index = 46203, .adv_w = 251, .box_w = 13, .box_h = 14, .ofs_x = 1, .ofs_y = 0},
    {.bitmap_index = 46294, .adv_w = 213, .box_w = 11, .box_h = 11, .ofs_x = 1, .ofs_y = 0},
    {.bitmap_index = 46355, .adv_w = 82, .box_w = 4, .box_h = 5, .ofs_x = 1, .ofs_y = -6},
    {.bitmap_index = 46365, .adv_w = 156, .box_w = 9, .box_h = 11, .ofs_x = 0, .ofs_y = 0},
    {.bitmap_index = 46415, .adv_w = 157, .box_w = 9, .box_h = 11, .ofs_x = 1, .ofs_y = 0},
    {.bitmap_index = 46465, .adv_w = 156, .box_w = 9, .box_h = 11, .ofs_x = 0, .ofs_y = 0},
    {.bitmap_index = 46515, .adv_w = 87, .box_w = 5, .box_h = 14, .ofs_x = 0, .ofs_y = -3},
    {.bitmap_index = 46550, .adv_w = 93, .box_w = 6, .box_h = 18, .ofs_x = -2, .ofs_y = -4},
    {.bitmap_index = 46604, .adv_w = 80, .box_w = 5, .box_h = 4, .ofs_x = 0, .ofs_y = 12},
    {.bitmap_index = 46614, .adv_w = 221, .box_w = 9, .box_h = 4, .ofs_x = 2, .ofs_y = 12},
    {.bitmap_index = 46632, .adv_w = 235, .box_w = 15, .box_h = 14, .ofs_x = 0, .ofs_y = 0},
    {.bitmap_index = 46737, .adv_w = 87, .box_w = 4, .box_h = 3, .ofs_x = 1, .ofs_y = 8},
    {.bitmap_index = 46743, .adv_w = 236, .box_w = 14, .box_h = 14, .ofs_x = 0, .ofs_y = 0},
    {.bitmap_index = 46841, .adv_w = 298, .box_w = 17, .box_h = 14, .ofs_x = 0, .ofs_y = 0},
    {.bitmap_index = 46960, .adv_w = 179, .box_w = 11, .box_h = 14, .ofs_x = 0, .ofs_y = 0},
    {.bitmap_index = 47037, .adv_w = 293, .box_w = 18, .box_h = 14, .ofs_x = 0, .ofs_y = 0},
    {.bitmap_index = 47163, .adv_w = 260, .box_w = 17, .box_h = 14, .ofs_x = 0, .ofs_y = 0},
    {.bitmap_index = 47282, .adv_w = 278, .box_w = 17, .box_h = 14, .ofs_x = 0, .ofs_y = 0},
    {.bitmap_index = 47401, .adv_w = 113, .box_w = 9, .box_h = 15, .ofs_x = -1, .ofs_y = 0},
    {.bitmap_index = 47469, .adv_w = 210, .box_w = 14, .box_h = 14, .ofs_x = 0, .ofs_y = 0},
    {.bitmap_index = 47567, .adv_w = 209, .box_w = 12, .box_h = 14, .ofs_x = 1, .ofs_y = 0},
    {.bitmap_index = 47651, .adv_w = 163, .box_w = 9, .box_h = 14, .ofs_x = 1, .ofs_y = 0},
    {.bitmap_index = 47714, .adv_w = 207, .box_w = 13, .box_h = 14, .ofs_x = 0, .ofs_y = 0},
    {.bitmap_index = 47805, .adv_w = 178, .box_w = 9, .box_h = 14, .ofs_x = 1, .ofs_y = 0},
    {.bitmap_index = 47868, .adv_w = 184, .box_w = 11, .box_h = 14, .ofs_x = 0, .ofs_y = 0},
    {.bitmap_index = 47945, .adv_w = 239, .box_w = 13, .box_h = 14, .ofs_x = 1, .ofs_y = 0},
    {.bitmap_index = 48036, .adv_w = 251, .box_w = 14, .box_h = 14, .ofs_x = 1, .ofs_y = 0},
    {.bitmap_index = 48134, .adv_w = 113, .box_w = 7, .box_h = 14, .ofs_x = 0, .ofs_y = 0},
    {.bitmap_index = 48183, .adv_w = 202, .box_w = 12, .box_h = 14, .ofs_x = 1, .ofs_y = 0},
    {.bitmap_index = 48267, .adv_w = 200, .box_w = 13, .box_h = 14, .ofs_x = 0, .ofs_y = 0},
    {.bitmap_index = 48358, .adv_w = 294, .box_w = 16, .box_h = 14, .ofs_x = 1, .ofs_y = 0},
    {.bitmap_index = 48470, .adv_w = 247, .box_w = 13, .box_h = 14, .ofs_x = 1, .ofs_y = 0},
    {.bitmap_index = 48561, .adv_w = 200, .box_w = 11, .box_h = 14, .ofs_x = 1, .ofs_y = 0},
    {.bitmap_index = 48638, .adv_w = 251, .box_w = 14, .box_h = 14, .ofs_x = 1, .ofs_y = 0},
    {.bitmap_index = 48736, .adv_w = 236, .box_w = 12, .box_h = 14, .ofs_x = 1, .ofs_y = 0},
    {.bitmap_index = 48820, .adv_w = 195, .box_w = 11, .box_h = 14, .ofs_x = 1, .ofs_y = 0},
    {.bitmap_index = 48897, .adv_w = 184, .box_w = 11, .box_h = 14, .ofs_x = 0, .ofs_y = 0},
    {.bitmap_index = 48974, .adv_w = 180, .box_w = 11, .box_h = 14, .ofs_x = 0, .ofs_y = 0},
    {.bitmap_index = 49051, .adv_w = 187, .box_w = 12, .box_h = 14, .ofs_x = 0, .ofs_y = 0},
    {.bitmap_index = 49135, .adv_w = 276, .box_w = 17, .box_h = 14, .ofs_x = 0, .ofs_y = 0},
    {.bitmap_index = 49254, .adv_w = 196, .box_w = 13, .box_h = 14, .ofs_x = 0, .ofs_y = 0},
    {.bitmap_index = 49345, .adv_w = 268, .box_w = 14, .box_h = 14, .ofs_x = 1, .ofs_y = 0},
    {.bitmap_index = 49443, .adv_w = 233, .box_w = 15, .box_h = 14, .ofs_x = 0, .ofs_y = 0},
    {.bitmap_index = 49548, .adv_w = 113, .box_w = 7, .box_h = 19, .ofs_x = 0, .ofs_y = 0},
    {.bitmap_index = 49615, .adv_w = 187, .box_w = 12, .box_h = 19, .ofs_x = 0, .ofs_y = 0},
    {.bitmap_index = 49729, .adv_w = 203, .box_w = 12, .box_h = 15, .ofs_x = 1, .ofs_y = 0},
    {.bitmap_index = 49819, .adv_w = 154, .box_w = 9, .box_h = 15, .ofs_x = 0, .ofs_y = 0},
    {.bitmap_index = 49887, .adv_w = 198, .box_w = 10, .box_h = 20, .ofs_x = 1, .ofs_y = -5},
    {.bitmap_index = 49987, .adv_w = 113, .box_w = 6, .box_h = 15, .ofs_x = 1, .ofs_y = 0},
    {.bitmap_index = 50032, .adv_w = 195, .box_w = 10, .box_h = 15, .ofs_x = 1, .ofs_y = 0},
    {.bitmap_index = 50107, .adv_w = 203, .box_w = 12, .box_h = 11, .ofs_x = 1, .ofs_y = 0},
    {.bitmap_index = 50173, .adv_w = 198, .box_w = 11, .box_h = 20, .ofs_x = 1, .ofs_y = -5},
    {.bitmap_index = 50283, .adv_w = 170, .box_w = 10, .box_h = 15, .ofs_x = 0, .ofs_y = -4},
    {.bitmap_index = 50358, .adv_w = 190, .box_w = 11, .box_h = 15, .ofs_x = 0, .ofs_y = 0},
    {.bitmap_index = 50441, .adv_w = 154, .box_w = 9, .box_h = 11, .ofs_x = 0, .ofs_y = 0},
    {.bitmap_index = 50491, .adv_w = 149, .box_w = 9, .box_h = 20, .ofs_x = 1, .ofs_y = -5},
    {.bitmap_index = 50581, .adv_w = 198, .box_w = 10, .box_h = 16, .ofs_x = 1, .ofs_y = -5},
    {.bitmap_index = 50661, .adv_w = 192, .box_w = 10, .box_h = 15, .ofs_x = 1, .ofs_y = 0},
    {.bitmap_index = 50736, .adv_w = 113, .box_w = 6, .box_h = 11, .ofs_x = 1, .ofs_y = 0},
    {.bitmap_index = 50769, .adv_w = 179, .box_w = 11, .box_h = 11, .ofs_x = 1, .ofs_y = 0},
    {.bitmap_index = 50830, .adv_w = 171, .box_w = 11, .box_h = 15, .ofs_x = 0, .ofs_y = 0},
    {.bitmap_index = 50913, .adv_w = 205, .box_w = 12, .box_h = 16, .ofs_x = 1, .ofs_y = -5},
    {.bitmap_index = 51009, .adv_w = 170, .box_w = 10, .box_h = 11, .ofs_x = 0, .ofs_y = 0},
    {.bitmap_index = 51064, .adv_w = 160, .box_w = 9, .box_h = 20, .ofs_x = 1, .ofs_y = -5},
    {.bitmap_index = 51154, .adv_w = 196, .box_w = 11, .box_h = 11, .ofs_x = 1, .ofs_y = 0},
    {.bitmap_index = 51215, .adv_w = 218, .box_w = 14, .box_h = 11, .ofs_x = 0, .ofs_y = 0},
    {.bitmap_index = 51292, .adv_w = 194, .box_w = 11, .box_h = 16, .ofs_x = 1, .ofs_y = -5},
    {.bitmap_index = 51380, .adv_w = 158, .box_w = 9, .box_h = 15, .ofs_x = 1, .ofs_y = -4},
    {.bitmap_index = 51448, .adv_w = 200, .box_w = 11, .box_h = 11, .ofs_x = 1, .ofs_y = 0},
    {.bitmap_index = 51509, .adv_w = 162, .box_w = 10, .box_h = 11, .ofs_x = 0, .ofs_y = 0},
    {.bitmap_index = 51564, .adv_w = 195, .box_w = 10, .box_h = 11, .ofs_x = 1, .ofs_y = 0},
    {.bitmap_index = 51619, .adv_w = 240, .box_w = 13, .box_h = 20, .ofs_x = 1, .ofs_y = -5},
    {.bitmap_index = 51749, .adv_w = 193, .box_w = 12, .box_h = 16, .ofs_x = 0, .ofs_y = -5},
    {.bitmap_index = 51845, .adv_w = 247, .box_w = 14, .box_h = 20, .ofs_x = 1, .ofs_y = -5},
    {.bitmap_index = 51985, .adv_w = 262, .box_w = 15, .box_h = 11, .ofs_x = 1, .ofs_y = 0},
    {.bitmap_index = 52068, .adv_w = 113, .box_w = 8, .box_h = 14, .ofs_x = -1, .ofs_y = 0},
    {.bitmap_index = 52124, .adv_w = 195, .box_w = 10, .box_h = 14, .ofs_x = 1, .ofs_y = 0},
    {.bitmap_index = 52194, .adv_w = 196, .box_w = 11, .box_h = 15, .ofs_x = 1, .ofs_y = 0},
    {.bitmap_index = 52277, .adv_w = 195, .box_w = 10, .box_h = 15, .ofs_x = 1, .ofs_y = 0},
    {.bitmap_index = 52352, .adv_w = 263, .box_w = 15, .box_h = 15, .ofs_x = 1, .ofs_y = 0},
    {.bitmap_index = 52465, .adv_w = 202, .box_w = 12, .box_h = 19, .ofs_x = 1, .ofs_y = -5},
    {.bitmap_index = 52579, .adv_w = 207, .box_w = 11, .box_h = 15, .ofs_x = 1, .ofs_y = 0},
    {.bitmap_index = 52662, .adv_w = 210, .box_w = 13, .box_h = 15, .ofs_x = 0, .ofs_y = 0},
    {.bitmap_index = 52760, .adv_w = 195, .box_w = 12, .box_h = 14, .ofs_x = 0, .ofs_y = 0},
    {.bitmap_index = 52844, .adv_w = 268, .box_w = 17, .box_h = 14, .ofs_x = 0, .ofs_y = 0},
    {.bitmap_index = 52963, .adv_w = 195, .box_w = 12, .box_h = 19, .ofs_x = 0, .ofs_y = 0},
    {.bitmap_index = 53077, .adv_w = 240, .box_w = 13, .box_h = 20, .ofs_x = 1, .ofs_y = -5},
    {.bitmap_index = 53207, .adv_w = 289, .box_w = 18, .box_h = 11, .ofs_x = 0, .ofs_y = 0},
    {.bitmap_index = 53306, .adv_w = 179, .box_w = 11, .box_h = 15, .ofs_x = 1, .ofs_y = -4},
    {.bitmap_index = 53389, .adv_w = 247, .box_w = 14, .box_h = 14, .ofs_x = 1, .ofs_y = 0},
    {.bitmap_index = 53487, .adv_w = 196, .box_w = 11, .box_h = 16, .ofs_x = 1, .ofs_y = -5},
    {.bitmap_index = 53575, .adv_w = 203, .box_w = 12, .box_h = 14, .ofs_x = 1, .ofs_y = 0},
    {.bitmap_index = 53659, .adv_w = 157, .box_w = 9, .box_h = 15, .ofs_x = 1, .ofs_y = -4},
    {.bitmap_index = 53727, .adv_w = 167, .box_w = 9, .box_h = 14, .ofs_x = 1, .ofs_y = 0},
    {.bitmap_index = 53790, .adv_w = 168, .box_w = 9, .box_h = 16, .ofs_x = 1, .ofs_y = -5},
    {.bitmap_index = 53862, .adv_w = 159, .box_w = 11, .box_h = 14, .ofs_x = -1, .ofs_y = 0},
    {.bitmap_index = 53939, .adv_w = 178, .box_w = 11, .box_h = 20, .ofs_x = 0, .ofs_y = -5},
    {.bitmap_index = 54049, .adv_w = 190, .box_w = 12, .box_h = 14, .ofs_x = -1, .ofs_y = 0},
    {.bitmap_index = 54133, .adv_w = 165, .box_w = 12, .box_h = 21, .ofs_x = -2, .ofs_y = -5},
    {.bitmap_index = 54259, .adv_w = 216, .box_w = 14, .box_h = 11, .ofs_x = 0, .ofs_y = 0},
    {.bitmap_index = 54336, .adv_w = 194, .box_w = 11, .box_h = 16, .ofs_x = 1, .ofs_y = -5},
    {.bitmap_index = 54424, .adv_w = 157, .box_w = 9, .box_h = 11, .ofs_x = 1, .ofs_y = 0},
    {.bitmap_index = 54474, .adv_w = 86, .box_w = 6, .box_h = 20, .ofs_x = -2, .ofs_y = -5},
    {.bitmap_index = 54534, .adv_w = 251, .box_w = 14, .box_h = 14, .ofs_x = 1, .ofs_y = 0},
    {.bitmap_index = 54632, .adv_w = 161, .box_w = 9, .box_h = 11, .ofs_x = 1, .ofs_y = 0},
    {.bitmap_index = 54682, .adv_w = 160, .box_w = 9, .box_h = 11, .ofs_x = 0, .ofs_y = 0},
    {.bitmap_index = 54732, .adv_w = 196, .box_w = 11, .box_h = 14, .ofs_x = 1, .ofs_y = 0},
    {.bitmap_index = 54809, .adv_w = 198, .box_w = 11, .box_h = 20, .ofs_x = 1, .ofs_y = -5},
    {.bitmap_index = 54919, .adv_w = 203, .box_w = 12, .box_h = 14, .ofs_x = 1, .ofs_y = 0},
    {.bitmap_index = 55003, .adv_w = 294, .box_w = 16, .box_h = 14, .ofs_x = 1, .ofs_y = 0},
    {.bitmap_index = 55115, .adv_w = 241, .box_w = 13, .box_h = 16, .ofs_x = 1, .ofs_y = -5},
    {.bitmap_index = 55219, .adv_w = 195, .box_w = 12, .box_h = 16, .ofs_x = 0, .ofs_y = -5},
    {.bitmap_index = 55315, .adv_w = 203, .box_w = 12, .box_h = 14, .ofs_x = 0, .ofs_y = 0},
    {.bitmap_index = 55399, .adv_w = 203, .box_w = 12, .box_h = 14, .ofs_x = 1, .ofs_y = 0},
    {.bitmap_index = 55483, .adv_w = 203, .box_w = 12, .box_h = 14, .ofs_x = 0, .ofs_y = 0},
    {.bitmap_index = 55567, .adv_w = 178, .box_w = 9, .box_h = 19, .ofs_x = 1, .ofs_y = 0},
    {.bitmap_index = 55653, .adv_w = 178, .box_w = 9, .box_h = 18, .ofs_x = 1, .ofs_y = 0},
    {.bitmap_index = 55734, .adv_w = 234, .box_w = 14, .box_h = 14, .ofs_x = 0, .ofs_y = 0},
    {.bitmap_index = 55832, .adv_w = 168, .box_w = 9, .box_h = 19, .ofs_x = 1, .ofs_y = 0},
    {.bitmap_index = 55918, .adv_w = 206, .box_w = 12, .box_h = 14, .ofs_x = 1, .ofs_y = 0},
    {.bitmap_index = 56002, .adv_w = 175, .box_w = 11, .box_h = 14, .ofs_x = 0, .ofs_y = 0},
    {.bitmap_index = 56079, .adv_w = 95, .box_w = 4, .box_h = 14, .ofs_x = 1, .ofs_y = 0},
    {.bitmap_index = 56107, .adv_w = 95, .box_w = 6, .box_h = 19, .ofs_x = 0, .ofs_y = 0},
    {.bitmap_index = 56164, .adv_w = 93, .box_w = 6, .box_h = 18, .ofs_x = -2, .ofs_y = -4},
    {.bitmap_index = 56218, .adv_w = 325, .box_w = 20, .box_h = 14, .ofs_x = 0, .ofs_y = 0},
    {.bitmap_index = 56358, .adv_w = 332, .box_w = 19, .box_h = 14, .ofs_x = 1, .ofs_y = 0},
    {.bitmap_index = 56491, .adv_w = 235, .box_w = 14, .box_h = 14, .ofs_x = 0, .ofs_y = 0},
    {.bitmap_index = 56589, .adv_w = 205, .box_w = 12, .box_h = 19, .ofs_x = 1, .ofs_y = 0},
    {.bitmap_index = 56703, .adv_w = 245, .box_w = 13, .box_h = 19, .ofs_x = 1, .ofs_y = 0},
    {.bitmap_index = 56827, .adv_w = 200, .box_w = 13, .box_h = 19, .ofs_x = 0, .ofs_y = 0},
    {.bitmap_index = 56951, .adv_w = 237, .box_w = 12, .box_h = 17, .ofs_x = 1, .ofs_y = -3},
    {.bitmap_index = 57053, .adv_w = 209, .box_w = 14, .box_h = 14, .ofs_x = 0, .ofs_y = 0},
    {.bitmap_index = 57151, .adv_w = 200, .box_w = 11, .box_h = 14, .ofs_x = 1, .ofs_y = 0},
    {.bitmap_index = 57228, .adv_w = 209, .box_w = 12, .box_h = 14, .ofs_x = 1, .ofs_y = 0},
    {.bitmap_index = 57312, .adv_w = 168, .box_w = 9, .box_h = 14, .ofs_x = 1, .ofs_y = 0},
    {.bitmap_index = 57375, .adv_w = 238, .box_w = 15, .box_h = 18, .ofs_x = 0, .ofs_y = -4},
    {.bitmap_index = 57510, .adv_w = 178, .box_w = 9, .box_h = 14, .ofs_x = 1, .ofs_y = 0},
    {.bitmap_index = 57573, .adv_w = 298, .box_w = 19, .box_h = 14, .ofs_x = 0, .ofs_y = 0},
    {.bitmap_index = 57706, .adv_w = 186, .box_w = 11, .box_h = 14, .ofs_x = 0, .ofs_y = 0},
    {.bitmap_index = 57783, .adv_w = 245, .box_w = 13, .box_h = 14, .ofs_x = 1, .ofs_y = 0},
    {.bitmap_index = 57874, .adv_w = 245, .box_w = 13, .box_h = 19, .ofs_x = 1, .ofs_y = 0},
    {.bitmap_index = 57998, .adv_w = 206, .box_w = 12, .box_h = 14, .ofs_x = 1, .ofs_y = 0},
    {.bitmap_index = 58082, .adv_w = 227, .box_w = 13, .box_h = 14, .ofs_x = 0, .ofs_y = 0},
    {.bitmap_index = 58173, .adv_w = 294, .box_w = 16, .box_h = 14, .ofs_x = 1, .ofs_y = 0},
    {.bitmap_index = 58285, .adv_w = 240, .box_w = 13, .box_h = 14, .ofs_x = 1, .ofs_y = 0},
    {.bitmap_index = 58376, .adv_w = 245, .box_w = 14, .box_h = 14, .ofs_x = 1, .ofs_y = 0},
    {.bitmap_index = 58474, .adv_w = 237, .box_w = 12, .box_h = 14, .ofs_x = 1, .ofs_y = 0},
    {.bitmap_index = 58558, .adv_w = 195, .box_w = 11, .box_h = 14, .ofs_x = 1, .ofs_y = 0},
    {.bitmap_index = 58635, .adv_w = 205, .box_w = 12, .box_h = 14, .ofs_x = 1, .ofs_y = 0},
    {.bitmap_index = 58719, .adv_w = 180, .box_w = 11, .box_h = 14, .ofs_x = 0, .ofs_y = 0},
    {.bitmap_index = 58796, .adv_w = 200, .box_w = 13, .box_h = 14, .ofs_x = 0, .ofs_y = 0},
    {.bitmap_index = 58887, .adv_w = 269, .box_w = 15, .box_h = 14, .ofs_x = 1, .ofs_y = 0},
    {.bitmap_index = 58992, .adv_w = 196, .box_w = 13, .box_h = 14, .ofs_x = 0, .ofs_y = 0},
    {.bitmap_index = 59083, .adv_w = 240, .box_w = 14, .box_h = 18, .ofs_x = 1, .ofs_y = -4},
    {.bitmap_index = 59209, .adv_w = 220, .box_w = 11, .box_h = 14, .ofs_x = 1, .ofs_y = 0},
    {.bitmap_index = 59286, .adv_w = 334, .box_w = 19, .box_h = 14, .ofs_x = 1, .ofs_y = 0},
    {.bitmap_index = 59419, .adv_w = 333, .box_w = 20, .box_h = 18, .ofs_x = 1, .ofs_y = -4},
    {.bitmap_index = 59599, .adv_w = 226, .box_w = 14, .box_h = 14, .ofs_x = 0, .ofs_y = 0},
    {.bitmap_index = 59697, .adv_w = 278, .box_w = 15, .box_h = 14, .ofs_x = 1, .ofs_y = 0},
    {.bitmap_index = 59802, .adv_w = 198, .box_w = 11, .box_h = 14, .ofs_x = 1, .ofs_y = 0},
    {.bitmap_index = 59879, .adv_w = 208, .box_w = 12, .box_h = 14, .ofs_x = 0, .ofs_y = 0},
    {.bitmap_index = 59963, .adv_w = 321, .box_w = 18, .box_h = 14, .ofs_x = 1, .ofs_y = 0},
    {.bitmap_index = 60089, .adv_w = 208, .box_w = 12, .box_h = 14, .ofs_x = 0, .ofs_y = 0},
    {.bitmap_index = 60173, .adv_w = 182, .box_w = 10, .box_h = 11, .ofs_x = 0, .ofs_y = 0},
    {.bitmap_index = 60228, .adv_w = 194, .box_w = 11, .box_h = 16, .ofs_x = 1, .ofs_y = 0},
    {.bitmap_index = 60316, .adv_w = 183, .box_w = 10, .box_h = 11, .ofs_x = 1, .ofs_y = 0},
    {.bitmap_index = 60371, .adv_w = 144, .box_w = 8, .box_h = 11, .ofs_x = 1, .ofs_y = 0},
    {.bitmap_index = 60415, .adv_w = 197, .box_w = 13, .box_h = 14, .ofs_x = 0, .ofs_y = -3},
    {.bitmap_index = 60506, .adv_w = 180, .box_w = 11, .box_h = 11, .ofs_x = 0, .ofs_y = 0},
    {.bitmap_index = 60567, .adv_w = 253, .box_w = 16, .box_h = 11, .ofs_x = 0, .ofs_y = 0},
    {.bitmap_index = 60655, .adv_w = 159, .box_w = 10, .box_h = 11, .ofs_x = 0, .ofs_y = 0},
    {.bitmap_index = 60710, .adv_w = 204, .box_w = 11, .box_h = 11, .ofs_x = 1, .ofs_y = 0},
    {.bitmap_index = 60771, .adv_w = 204, .box_w = 11, .box_h = 15, .ofs_x = 1, .ofs_y = 0},
    {.bitmap_index = 60854, .adv_w = 178, .box_w = 10, .box_h = 11, .ofs_x = 1, .ofs_y = 0},
    {.bitmap_index = 60909, .adv_w = 191, .box_w = 11, .box_h = 11, .ofs_x = 0, .ofs_y = 0},
    {.bitmap_index = 60970, .adv_w = 252, .box_w = 14, .box_h = 11, .ofs_x = 1, .ofs_y = 0},
    {.bitmap_index = 61047, .adv_w = 200, .box_w = 10, .box_h = 11, .ofs_x = 1, .ofs_y = 0},
    {.bitmap_index = 61102, .adv_w = 193, .box_w = 12, .box_h = 11, .ofs_x = 0, .ofs_y = 0},
    {.bitmap_index = 61168, .adv_w = 198, .box_w = 10, .box_h = 11, .ofs_x = 1, .ofs_y = 0},
    {.bitmap_index = 61223, .adv_w = 197, .box_w = 11, .box_h = 16, .ofs_x = 1, .ofs_y = -5},
    {.bitmap_index = 61311, .adv_w = 161, .box_w = 10, .box_h = 11, .ofs_x = 0, .ofs_y = 0},
    {.bitmap_index = 61366, .adv_w = 153, .box_w = 10, .box_h = 11, .ofs_x = 0, .ofs_y = 0},
    {.bitmap_index = 61421, .adv_w = 169, .box_w = 11, .box_h = 16, .ofs_x = 0, .ofs_y = -5},
    {.bitmap_index = 61509, .adv_w = 243, .box_w = 15, .box_h = 20, .ofs_x = 0, .ofs_y = -5},
    {.bitmap_index = 61659, .adv_w = 170, .box_w = 11, .box_h = 11, .ofs_x = 0, .ofs_y = 0},
    {.bitmap_index = 61720, .adv_w = 199, .box_w = 12, .box_h = 14, .ofs_x = 1, .ofs_y = -3},
    {.bitmap_index = 61804, .adv_w = 193, .box_w = 10, .box_h = 11, .ofs_x = 1, .ofs_y = 0},
    {.bitmap_index = 61859, .adv_w = 292, .box_w = 16, .box_h = 11, .ofs_x = 1, .ofs_y = 0},
    {.bitmap_index = 61947, .adv_w = 292, .box_w = 18, .box_h = 14, .ofs_x = 1, .ofs_y = -3},
    {.bitmap_index = 62073, .adv_w = 204, .box_w = 12, .box_h = 11, .ofs_x = 0, .ofs_y = 0},
    {.bitmap_index = 62139, .adv_w = 252, .box_w = 14, .box_h = 11, .ofs_x = 1, .ofs_y = 0},
    {.bitmap_index = 62216, .adv_w = 179, .box_w = 10, .box_h = 11, .ofs_x = 1, .ofs_y = 0},
    {.bitmap_index = 62271, .adv_w = 161, .box_w = 10, .box_h = 11, .ofs_x = 0, .ofs_y = 0},
    {.bitmap_index = 62326, .adv_w = 260, .box_w = 15, .box_h = 11, .ofs_x = 1, .ofs_y = 0},
    {.bitmap_index = 62409, .adv_w = 187, .box_w = 11, .box_h = 11, .ofs_x = 0, .ofs_y = 0},
    {.bitmap_index = 62470, .adv_w = 180, .box_w = 11, .box_h = 16, .ofs_x = 0, .ofs_y = 0},
    {.bitmap_index = 62558, .adv_w = 180, .box_w = 11, .box_h = 14, .ofs_x = 0, .ofs_y = 0},
    {.bitmap_index = 62635, .adv_w = 201, .box_w = 11, .box_h = 21, .ofs_x = 0, .ofs_y = -5},
    {.bitmap_index = 62751, .adv_w = 144, .box_w = 8, .box_h = 16, .ofs_x = 1, .ofs_y = 0},
    {.bitmap_index = 62815, .adv_w = 161, .box_w = 10, .box_h = 11, .ofs_x = 0, .ofs_y = 0},
    {.bitmap_index = 62870, .adv_w = 153, .box_w = 9, .box_h = 11, .ofs_x = 0, .ofs_y = 0},
    {.bitmap_index = 62920, .adv_w = 87, .box_w = 3, .box_h = 14, .ofs_x = 1, .ofs_y = 0},
    {.bitmap_index = 62941, .adv_w = 86, .box_w = 6, .box_h = 14, .ofs_x = 0, .ofs_y = 0},
    {.bitmap_index = 62983, .adv_w = 86, .box_w = 6, .box_h = 19, .ofs_x = -2, .ofs_y = -5},
    {.bitmap_index = 63040, .adv_w = 278, .box_w = 17, .box_h = 11, .ofs_x = 0, .ofs_y = 0},
    {.bitmap_index = 63134, .adv_w = 288, .box_w = 17, .box_h = 11, .ofs_x = 1, .ofs_y = 0},
    {.bitmap_index = 63228, .adv_w = 202, .box_w = 12, .box_h = 16, .ofs_x = 0, .ofs_y = 0},
    {.bitmap_index = 63324, .adv_w = 178, .box_w = 10, .box_h = 16, .ofs_x = 1, .ofs_y = 0},
    {.bitmap_index = 63404, .adv_w = 204, .box_w = 11, .box_h = 16, .ofs_x = 1, .ofs_y = 0},
    {.bitmap_index = 63492, .adv_w = 169, .box_w = 11, .box_h = 20, .ofs_x = 0, .ofs_y = -5},
    {.bitmap_index = 63602, .adv_w = 198, .box_w = 10, .box_h = 14, .ofs_x = 1, .ofs_y = -3},
    {.bitmap_index = 63672, .adv_w = 297, .box_w = 19, .box_h = 14, .ofs_x = 0, .ofs_y = 0},
    {.bitmap_index = 63805, .adv_w = 261, .box_w = 16, .box_h = 11, .ofs_x = 0, .ofs_y = 0},
    {.bitmap_index = 63893, .adv_w = 216, .box_w = 13, .box_h = 14, .ofs_x = 0, .ofs_y = 0},
    {.bitmap_index = 63984, .adv_w = 206, .box_w = 12, .box_h = 13, .ofs_x = 0, .ofs_y = 0},
    {.bitmap_index = 64062, .adv_w = 298, .box_w = 17, .box_h = 14, .ofs_x = 1, .ofs_y = 0},
    {.bitmap_index = 64181, .adv_w = 243, .box_w = 14, .box_h = 11, .ofs_x = 1, .ofs_y = 0},
    {.bitmap_index = 64258, .adv_w = 223, .box_w = 14, .box_h = 14, .ofs_x = 0, .ofs_y = 0},
    {.bitmap_index = 64356, .adv_w = 189, .box_w = 12, .box_h = 11, .ofs_x = 0, .ofs_y = 0},
    {.bitmap_index = 64422, .adv_w = 304, .box_w = 19, .box_h = 14, .ofs_x = 1, .ofs_y = 0},
    {.bitmap_index = 64555, .adv_w = 261, .box_w = 16, .box_h = 11, .ofs_x = 1, .ofs_y = 0},
    {.bitmap_index = 64643, .adv_w = 240, .box_w = 15, .box_h = 14, .ofs_x = 0, .ofs_y = 0},
    {.bitmap_index = 64748, .adv_w = 203, .box_w = 13, .box_h = 11, .ofs_x = 0, .ofs_y = 0},
    {.bitmap_index = 64820, .adv_w = 323, .box_w = 20, .box_h = 14, .ofs_x = 1, .ofs_y = 0},
    {.bitmap_index = 64960, .adv_w = 275, .box_w = 17, .box_h = 11, .ofs_x = 1, .ofs_y = 0},
    {.bitmap_index = 65054, .adv_w = 192, .box_w = 11, .box_h = 23, .ofs_x = 0, .ofs_y = -5},
    {.bitmap_index = 65181, .adv_w = 163, .box_w = 10, .box_h = 19, .ofs_x = 0, .ofs_y = -5},
    {.bitmap_index = 65276, .adv_w = 265, .box_w = 14, .box_h = 14, .ofs_x = 1, .ofs_y = 0},
    {.bitmap_index = 65374, .adv_w = 251, .box_w = 14, .box_h = 20, .ofs_x = 1, .ofs_y = -5},
    {.bitmap_index = 65514, .adv_w = 251, .box_w = 14, .box_h = 14, .ofs_x = 1, .ofs_y = 0},
    {.bitmap_index = 65612, .adv_w = 195, .box_w = 11, .box_h = 11, .ofs_x = 1, .ofs_y = 0},
    {.bitmap_index = 65673, .adv_w = 211, .box_w = 14, .box_h = 14, .ofs_x = 0, .ofs_y = 0},
    {.bitmap_index = 65771, .adv_w = 173, .box_w = 12, .box_h = 11, .ofs_x = 0, .ofs_y = 0},
    {.bitmap_index = 65837, .adv_w = 211, .box_w = 14, .box_h = 19, .ofs_x = 0, .ofs_y = 0},
    {.bitmap_index = 65970, .adv_w = 173, .box_w = 12, .box_h = 16, .ofs_x = 0, .ofs_y = 0},
    {.bitmap_index = 66066, .adv_w = 400, .box_w = 24, .box_h = 19, .ofs_x = 1, .ofs_y = -5},
    {.bitmap_index = 66294, .adv_w = 358, .box_w = 22, .box_h = 16, .ofs_x = 1, .ofs_y = -5},
    {.bitmap_index = 66470, .adv_w = 264, .box_w = 15, .box_h = 17, .ofs_x = 1, .ofs_y = -1},
    {.bitmap_index = 66598, .adv_w = 213, .box_w = 12, .box_h = 13, .ofs_x = 1, .ofs_y = -1},
    {.bitmap_index = 66676, .adv_w = 334, .box_w = 19, .box_h = 21, .ofs_x = 1, .ofs_y = 0},
    {.bitmap_index = 66876, .adv_w = 294, .box_w = 17, .box_h = 18, .ofs_x = 1, .ofs_y = 0},
    {.bitmap_index = 67029, .adv_w = 298, .box_w = 19, .box_h = 18, .ofs_x = 0, .ofs_y = 0},
    {.bitmap_index = 67200, .adv_w = 261, .box_w = 16, .box_h = 14, .ofs_x = 0, .ofs_y = 0},
    {.bitmap_index = 67312, .adv_w = 209, .box_w = 12, .box_h = 19, .ofs_x = 1, .ofs_y = -5},
    {.bitmap_index = 67426, .adv_w = 160, .box_w = 9, .box_h = 16, .ofs_x = 1, .ofs_y = -5},
    {.bitmap_index = 67498, .adv_w = 195, .box_w = 11, .box_h = 14, .ofs_x = 1, .ofs_y = -1},
    {.bitmap_index = 67575, .adv_w = 0, .box_w = 9, .box_h = 4, .ofs_x = -10, .ofs_y = 10},
    {.bitmap_index = 67593, .adv_w = 0, .box_w = 9, .box_h = 4, .ofs_x = -10, .ofs_y = 12},
    {.bitmap_index = 67611, .adv_w = 0, .box_w = 3, .box_h = 4, .ofs_x = -7, .ofs_y = 12},
    {.bitmap_index = 67617, .adv_w = 0, .box_w = 3, .box_h = 4, .ofs_x = -7, .ofs_y = 12},
    {.bitmap_index = 67623, .adv_w = 0, .box_w = 8, .box_h = 4, .ofs_x = -4, .ofs_y = 15},
    {.bitmap_index = 67639, .adv_w = 0, .box_w = 24, .box_h = 22, .ofs_x = -12, .ofs_y = -6},
    {.bitmap_index = 67903, .adv_w = 0, .box_w = 22, .box_h = 22, .ofs_x = -11, .ofs_y = -6},
    {.bitmap_index = 68145, .adv_w = 264, .box_w = 16, .box_h = 23, .ofs_x = 1, .ofs_y = -4},
    {.bitmap_index = 68329, .adv_w = 224, .box_w = 13, .box_h = 20, .ofs_x = 1, .ofs_y = -4},
    {.bitmap_index = 68459, .adv_w = 199, .box_w = 12, .box_h = 14, .ofs_x = 0, .ofs_y = 0},
    {.bitmap_index = 68543, .adv_w = 192, .box_w = 12, .box_h = 15, .ofs_x = 0, .ofs_y = 0},
    {.bitmap_index = 68633, .adv_w = 197, .box_w = 11, .box_h = 14, .ofs_x = 1, .ofs_y = 0},
    {.bitmap_index = 68710, .adv_w = 198, .box_w = 11, .box_h = 16, .ofs_x = 1, .ofs_y = -5},
    {.bitmap_index = 68798, .adv_w = 175, .box_w = 10, .box_h = 18, .ofs_x = 1, .ofs_y = 0},
    {.bitmap_index = 68888, .adv_w = 147, .box_w = 8, .box_h = 14, .ofs_x = 1, .ofs_y = 0},
    {.bitmap_index = 68944, .adv_w = 172, .box_w = 11, .box_h = 14, .ofs_x = 0, .ofs_y = 0},
    {.bitmap_index = 69021, .adv_w = 144, .box_w = 9, .box_h = 11, .ofs_x = 0, .ofs_y = 0},
    {.bitmap_index = 69071, .adv_w = 216, .box_w = 12, .box_h = 19, .ofs_x = 1, .ofs_y = -5},
    {.bitmap_index = 69185, .adv_w = 177, .box_w = 10, .box_h = 16, .ofs_x = 1, .ofs_y = -5},
    {.bitmap_index = 69265, .adv_w = 301, .box_w = 19, .box_h = 18, .ofs_x = 0, .ofs_y = -4},
    {.bitmap_index = 69436, .adv_w = 268, .box_w = 17, .box_h = 15, .ofs_x = 0, .ofs_y = -4},
    {.bitmap_index = 69564, .adv_w = 186, .box_w = 11, .box_h = 19, .ofs_x = 0, .ofs_y = -5},
    {.bitmap_index = 69669, .adv_w = 159, .box_w = 10, .box_h = 16, .ofs_x = 0, .ofs_y = -5},
    {.bitmap_index = 69749, .adv_w = 222, .box_w = 13, .box_h = 18, .ofs_x = 1, .ofs_y = -4},
    {.bitmap_index = 69866, .adv_w = 188, .box_w = 11, .box_h = 15, .ofs_x = 1, .ofs_y = -4},
    {.bitmap_index = 69949, .adv_w = 204, .box_w = 12, .box_h = 14, .ofs_x = 1, .ofs_y = 0},
    {.bitmap_index = 70033, .adv_w = 178, .box_w = 10, .box_h = 11, .ofs_x = 1, .ofs_y = 0},
    {.bitmap_index = 70088, .adv_w = 206, .box_w = 13, .box_h = 14, .ofs_x = 0, .ofs_y = 0},
    {.bitmap_index = 70179, .adv_w = 180, .box_w = 11, .box_h = 16, .ofs_x = 0, .ofs_y = 0},
    {.bitmap_index = 70267, .adv_w = 226, .box_w = 15, .box_h = 14, .ofs_x = 0, .ofs_y = 0},
    {.bitmap_index = 70372, .adv_w = 206, .box_w = 13, .box_h = 11, .ofs_x = 0, .ofs_y = 0},
    {.bitmap_index = 70444, .adv_w = 250, .box_w = 15, .box_h = 18, .ofs_x = 1, .ofs_y = -4},
    {.bitmap_index = 70579, .adv_w = 218, .box_w = 13, .box_h = 15, .ofs_x = 1, .ofs_y = -4},
    {.bitmap_index = 70677, .adv_w = 263, .box_w = 16, .box_h = 14, .ofs_x = 1, .ofs_y = 0},
    {.bitmap_index = 70789, .adv_w = 238, .box_w = 14, .box_h = 11, .ofs_x = 1, .ofs_y = 0},
    {.bitmap_index = 70866, .adv_w = 344, .box_w = 20, .box_h = 19, .ofs_x = 1, .ofs_y = -5},
    {.bitmap_index = 71056, .adv_w = 279, .box_w = 16, .box_h = 16, .ofs_x = 1, .ofs_y = -5},
    {.bitmap_index = 71184, .adv_w = 249, .box_w = 14, .box_h = 15, .ofs_x = 1, .ofs_y = -1},
    {.bitmap_index = 71289, .adv_w = 207, .box_w = 12, .box_h = 11, .ofs_x = 1, .ofs_y = 0},
    {.bitmap_index = 71355, .adv_w = 203, .box_w = 12, .box_h = 19, .ofs_x = 1, .ofs_y = -5},
    {.bitmap_index = 71469, .adv_w = 157, .box_w = 9, .box_h = 16, .ofs_x = 1, .ofs_y = -5},
    {.bitmap_index = 71541, .adv_w = 180, .box_w = 11, .box_h = 18, .ofs_x = 0, .ofs_y = -4},
    {.bitmap_index = 71640, .adv_w = 159, .box_w = 10, .box_h = 15, .ofs_x = 0, .ofs_y = -4},
    {.bitmap_index = 71715, .adv_w = 187, .box_w = 12, .box_h = 14, .ofs_x = 0, .ofs_y = 0},
    {.bitmap_index = 71799, .adv_w = 169, .box_w = 11, .box_h = 16, .ofs_x = 0, .ofs_y = -5},
    {.bitmap_index = 71887, .adv_w = 187, .box_w = 12, .box_h = 14, .ofs_x = 0, .ofs_y = 0},
    {.bitmap_index = 71971, .adv_w = 169, .box_w = 11, .box_h = 16, .ofs_x = 0, .ofs_y = -5},
    {.bitmap_index = 72059, .adv_w = 212, .box_w = 13, .box_h = 18, .ofs_x = 0, .ofs_y = -4},
    {.bitmap_index = 72176, .adv_w = 184, .box_w = 12, .box_h = 15, .ofs_x = 0, .ofs_y = -4},
    {.bitmap_index = 72266, .adv_w = 282, .box_w = 18, .box_h = 18, .ofs_x = 0, .ofs_y = -4},
    {.bitmap_index = 72428, .adv_w = 238, .box_w = 15, .box_h = 15, .ofs_x = 0, .ofs_y = -4},
    {.bitmap_index = 72541, .adv_w = 235, .box_w = 14, .box_h = 18, .ofs_x = 1, .ofs_y = -4},
    {.bitmap_index = 72667, .adv_w = 209, .box_w = 12, .box_h = 15, .ofs_x = 1, .ofs_y = -4},
    {.bitmap_index = 72757, .adv_w = 227, .box_w = 12, .box_h = 14, .ofs_x = 1, .ofs_y = 0},
    {.bitmap_index = 72841, .adv_w = 199, .box_w = 10, .box_h = 11, .ofs_x = 1, .ofs_y = 0},
    {.bitmap_index = 72896, .adv_w = 227, .box_w = 12, .box_h = 14, .ofs_x = 1, .ofs_y = 0},
    {.bitmap_index = 72980, .adv_w = 201, .box_w = 10, .box_h = 16, .ofs_x = 1, .ofs_y = 0},
    {.bitmap_index = 73060, .adv_w = 281, .box_w = 17, .box_h = 14, .ofs_x = 0, .ofs_y = 0},
    {.bitmap_index = 73179, .adv_w = 217, .box_w = 13, .box_h = 11, .ofs_x = 0, .ofs_y = 0},
    {.bitmap_index = 73251, .adv_w = 281, .box_w = 17, .box_h = 18, .ofs_x = 0, .ofs_y = -4},
    {.bitmap_index = 73404, .adv_w = 217, .box_w = 13, .box_h = 15, .ofs_x = 0, .ofs_y = -4},
    {.bitmap_index = 73502, .adv_w = 113, .box_w = 7, .box_h = 14, .ofs_x = 0, .ofs_y = 0},
    {.bitmap_index = 73551, .adv_w = 299, .box_w = 19, .box_h = 19, .ofs_x = 0, .ofs_y = 0},
    {.bitmap_index = 73732, .adv_w = 253, .box_w = 16, .box_h = 15, .ofs_x = 0, .ofs_y = 0},
    {.bitmap_index = 73852, .adv_w = 229, .box_w = 13, .box_h = 19, .ofs_x = 1, .ofs_y = -5},
    {.bitmap_index = 73976, .adv_w = 188, .box_w = 11, .box_h = 16, .ofs_x = 1, .ofs_y = -5},
    {.bitmap_index = 74064, .adv_w = 241, .box_w = 15, .box_h = 18, .ofs_x = 0, .ofs_y = -4},
    {.bitmap_index = 74199, .adv_w = 201, .box_w = 13, .box_h = 15, .ofs_x = 0, .ofs_y = -4},
    {.bitmap_index = 74297, .adv_w = 237, .box_w = 13, .box_h = 19, .ofs_x = 1, .ofs_y = -5},
    {.bitmap_index = 74421, .adv_w = 203, .box_w = 11, .box_h = 16, .ofs_x = 1, .ofs_y = -5},
    {.bitmap_index = 74509, .adv_w = 252, .box_w = 15, .box_h = 18, .ofs_x = 1, .ofs_y = -4},
    {.bitmap_index = 74644, .adv_w = 220, .box_w = 13, .box_h = 15, .ofs_x = 1, .ofs_y = -4},
    {.bitmap_index = 74742, .adv_w = 227, .box_w = 12, .box_h = 18, .ofs_x = 1, .ofs_y = -4},
    {.bitmap_index = 74850, .adv_w = 200, .box_w = 10, .box_h = 15, .ofs_x = 1, .ofs_y = -4},
    {.bitmap_index = 74925, .adv_w = 305, .box_w = 18, .box_h = 18, .ofs_x = 1, .ofs_y = -4},
    {.bitmap_index = 75087, .adv_w = 258, .box_w = 15, .box_h = 15, .ofs_x = 1, .ofs_y = -4},
    {.bitmap_index = 75200, .adv_w = 113, .box_w = 7, .box_h = 14, .ofs_x = 0, .ofs_y = 0},
    {.bitmap_index = 75249, .adv_w = 210, .box_w = 14, .box_h = 19, .ofs_x = 0, .ofs_y = 0},
    {.bitmap_index = 75382, .adv_w = 183, .box_w = 10, .box_h = 15, .ofs_x = 0, .ofs_y = 0},
    {.bitmap_index = 75457, .adv_w = 210, .box_w = 14, .box_h = 19, .ofs_x = 0, .ofs_y = 0},
    {.bitmap_index = 75590, .adv_w = 183, .box_w = 10, .box_h = 14, .ofs_x = 0, .ofs_y = 0},
    {.bitmap_index = 75660, .adv_w = 289, .box_w = 18, .box_h = 14, .ofs_x = -1, .ofs_y = 0},
    {.bitmap_index = 75786, .adv_w = 282, .box_w = 17, .box_h = 11, .ofs_x = 0, .ofs_y = 0},
    {.bitmap_index = 75880, .adv_w = 178, .box_w = 9, .box_h = 19, .ofs_x = 1, .ofs_y = 0},
    {.bitmap_index = 75966, .adv_w = 184, .box_w = 10, .box_h = 15, .ofs_x = 1, .ofs_y = 0},
    {.bitmap_index = 76041, .adv_w = 244, .box_w = 14, .box_h = 14, .ofs_x = 1, .ofs_y = 0},
    {.bitmap_index = 76139, .adv_w = 184, .box_w = 11, .box_h = 11, .ofs_x = 0, .ofs_y = 0},
    {.bitmap_index = 76200, .adv_w = 244, .box_w = 14, .box_h = 19, .ofs_x = 1, .ofs_y = 0},
    {.bitmap_index = 76333, .adv_w = 184, .box_w = 11, .box_h = 14, .ofs_x = 0, .ofs_y = 0},
    {.bitmap_index = 76410, .adv_w = 299, .box_w = 19, .box_h = 19, .ofs_x = 0, .ofs_y = 0},
    {.bitmap_index = 76591, .adv_w = 253, .box_w = 16, .box_h = 14, .ofs_x = 0, .ofs_y = 0},
    {.bitmap_index = 76703, .adv_w = 186, .box_w = 11, .box_h = 19, .ofs_x = 0, .ofs_y = 0},
    {.bitmap_index = 76808, .adv_w = 159, .box_w = 10, .box_h = 14, .ofs_x = 0, .ofs_y = 0},
    {.bitmap_index = 76878, .adv_w = 188, .box_w = 11, .box_h = 14, .ofs_x = 0, .ofs_y = 0},
    {.bitmap_index = 76955, .adv_w = 167, .box_w = 10, .box_h = 16, .ofs_x = 0, .ofs_y = -5},
    {.bitmap_index = 77035, .adv_w = 245, .box_w = 13, .box_h = 17, .ofs_x = 1, .ofs_y = 0},
    {.bitmap_index = 77146, .adv_w = 204, .box_w = 11, .box_h = 14, .ofs_x = 1, .ofs_y = 0},
    {.bitmap_index = 77223, .adv_w = 245, .box_w = 13, .box_h = 19, .ofs_x = 1, .ofs_y = 0},
    {.bitmap_index = 77347, .adv_w = 204, .box_w = 11, .box_h = 14, .ofs_x = 1, .ofs_y = 0},
    {.bitmap_index = 77424, .adv_w = 251, .box_w = 14, .box_h = 19, .ofs_x = 1, .ofs_y = 0},
    {.bitmap_index = 77557, .adv_w = 196, .box_w = 11, .box_h = 14, .ofs_x = 1, .ofs_y = 0},
    {.bitmap_index = 77634, .adv_w = 251, .box_w = 14, .box_h = 14, .ofs_x = 1, .ofs_y = 0},
    {.bitmap_index = 77732, .adv_w = 196, .box_w = 11, .box_h = 11, .ofs_x = 1, .ofs_y = 0},
    {.bitmap_index = 77793, .adv_w = 251, .box_w = 14, .box_h = 19, .ofs_x = 1, .ofs_y = 0},
    {.bitmap_index = 77926, .adv_w = 196, .box_w = 11, .box_h = 14, .ofs_x = 1, .ofs_y = 0},
    {.bitmap_index = 78003, .adv_w = 207, .box_w = 12, .box_h = 19, .ofs_x = 0, .ofs_y = 0},
    {.bitmap_index = 78117, .adv_w = 161, .box_w = 10, .box_h = 14, .ofs_x = 0, .ofs_y = 0},
    {.bitmap_index = 78187, .adv_w = 200, .box_w = 13, .box_h = 18, .ofs_x = 0, .ofs_y = 0},
    {.bitmap_index = 78304, .adv_w = 169, .box_w = 11, .box_h = 19, .ofs_x = 0, .ofs_y = -5},
    {.bitmap_index = 78409, .adv_w = 200, .box_w = 13, .box_h = 19, .ofs_x = 0, .ofs_y = 0},
    {.bitmap_index = 78533, .adv_w = 169, .box_w = 11, .box_h = 19, .ofs_x = 0, .ofs_y = -5},
    {.bitmap_index = 78638, .adv_w = 200, .box_w = 13, .box_h = 19, .ofs_x = 0, .ofs_y = 0},
    {.bitmap_index = 78762, .adv_w = 169, .box_w = 11, .box_h = 21, .ofs_x = 0, .ofs_y = -5},
    {.bitmap_index = 78878, .adv_w = 220, .box_w = 11, .box_h = 19, .ofs_x = 1, .ofs_y = 0},
    {.bitmap_index = 78983, .adv_w = 193, .box_w = 10, .box_h = 14, .ofs_x = 1, .ofs_y = 0},
    {.bitmap_index = 79053, .adv_w = 172, .box_w = 10, .box_h = 18, .ofs_x = 1, .ofs_y = -4},
    {.bitmap_index = 79143, .adv_w = 143, .box_w = 8, .box_h = 15, .ofs_x = 1, .ofs_y = -4},
    {.bitmap_index = 79203, .adv_w = 278, .box_w = 15, .box_h = 19, .ofs_x = 1, .ofs_y = 0},
    {.bitmap_index = 79346, .adv_w = 252, .box_w = 14, .box_h = 14, .ofs_x = 1, .ofs_y = 0},
    {.bitmap_index = 79444, .adv_w = 172, .box_w = 11, .box_h = 18, .ofs_x = 0, .ofs_y = -4},
    {.bitmap_index = 79543, .adv_w = 144, .box_w = 9, .box_h = 15, .ofs_x = 0, .ofs_y = -4},
    {.bitmap_index = 79611, .adv_w = 212, .box_w = 13, .box_h = 18, .ofs_x = 0, .ofs_y = -4},
    {.bitmap_index = 79728, .adv_w = 185, .box_w = 12, .box_h = 15, .ofs_x = 0, .ofs_y = -4},
    {.bitmap_index = 79818, .adv_w = 196, .box_w = 13, .box_h = 14, .ofs_x = 0, .ofs_y = 0},
    {.bitmap_index = 79909, .adv_w = 174, .box_w = 11, .box_h = 11, .ofs_x = 0, .ofs_y = 0},
    {.bitmap_index = 79970, .adv_w = 199, .box_w = 10, .box_h = 14, .ofs_x = 1, .ofs_y = 0},
    {.bitmap_index = 80040, .adv_w = 198, .box_w = 10, .box_h = 16, .ofs_x = 1, .ofs_y = 0},
    {.bitmap_index = 80120, .adv_w = 291, .box_w = 16, .box_h = 14, .ofs_x = 1, .ofs_y = 0},
    {.bitmap_index = 80232, .adv_w = 290, .box_w = 16, .box_h = 16, .ofs_x = 1, .ofs_y = 0},
    {.bitmap_index = 80360, .adv_w = 290, .box_w = 17, .box_h = 14, .ofs_x = 0, .ofs_y = 0},
    {.bitmap_index = 80479, .adv_w = 265, .box_w = 15, .box_h = 11, .ofs_x = 0, .ofs_y = 0},
    {.bitmap_index = 80562, .adv_w = 209, .box_w = 13, .box_h = 18, .ofs_x = 0, .ofs_y = -4},
    {.bitmap_index = 80679, .adv_w = 184, .box_w = 12, .box_h = 15, .ofs_x = 0, .ofs_y = -4},
    {.bitmap_index = 80769, .adv_w = 320, .box_w = 19, .box_h = 14, .ofs_x = 0, .ofs_y = 0},
    {.bitmap_index = 80902, .adv_w = 282, .box_w = 17, .box_h = 11, .ofs_x = 0, .ofs_y = 0},
    {.bitmap_index = 80996, .adv_w = 327, .box_w = 18, .box_h = 14, .ofs_x = 1, .ofs_y = 0},
    {.bitmap_index = 81122, .adv_w = 297, .box_w = 16, .box_h = 11, .ofs_x = 1, .ofs_y = 0},
    {.bitmap_index = 81210, .adv_w = 247, .box_w = 14, .box_h = 14, .ofs_x = 1, .ofs_y = 0},
    {.bitmap_index = 81308, .adv_w = 207, .box_w = 11, .box_h = 11, .ofs_x = 1, .ofs_y = 0},
    {.bitmap_index = 81369, .adv_w = 233, .box_w = 13, .box_h = 14, .ofs_x = 0, .ofs_y = 0},
    {.bitmap_index = 81460, .adv_w = 217, .box_w = 12, .box_h = 11, .ofs_x = 0, .ofs_y = 0},
    {.bitmap_index = 81526, .adv_w = 194, .box_w = 11, .box_h = 14, .ofs_x = 1, .ofs_y = 0},
    {.bitmap_index = 81603, .adv_w = 161, .box_w = 10, .box_h = 11, .ofs_x = 0, .ofs_y = 0},
    {.bitmap_index = 81658, .adv_w = 238, .box_w = 15, .box_h = 18, .ofs_x = 0, .ofs_y = -4},
    {.bitmap_index = 81793, .adv_w = 201, .box_w = 13, .box_h = 15, .ofs_x = 0, .ofs_y = -4},
    {.bitmap_index = 81891, .adv_w = 310, .box_w = 20, .box_h = 14, .ofs_x = 0, .ofs_y = 0},
    {.bitmap_index = 82031, .adv_w = 266, .box_w = 17, .box_h = 11, .ofs_x = 0, .ofs_y = 0},
    {.bitmap_index = 82125, .adv_w = 264, .box_w = 16, .box_h = 14, .ofs_x = 1, .ofs_y = 0},
    {.bitmap_index = 82237, .adv_w = 266, .box_w = 16, .box_h = 16, .ofs_x = 1, .ofs_y = -5},
    {.bitmap_index = 82365, .adv_w = 289, .box_w = 17, .box_h = 14, .ofs_x = 0, .ofs_y = 0},
    {.bitmap_index = 82484, .adv_w = 284, .box_w = 17, .box_h = 11, .ofs_x = 0, .ofs_y = 0},
    {.bitmap_index = 82578, .adv_w = 251, .box_w = 14, .box_h = 17, .ofs_x = 1, .ofs_y = -3},
    {.bitmap_index = 82697, .adv_w = 198, .box_w = 10, .box_h = 16, .ofs_x = 1, .ofs_y = -5},
    {.bitmap_index = 82777, .adv_w = 301, .box_w = 19, .box_h = 14, .ofs_x = 0, .ofs_y = 0},
    {.bitmap_index = 82910, .adv_w = 259, .box_w = 16, .box_h = 11, .ofs_x = 0, .ofs_y = 0},
    {.bitmap_index = 82998, .adv_w = 206, .box_w = 12, .box_h = 14, .ofs_x = 1, .ofs_y = 0},
    {.bitmap_index = 83082, .adv_w = 178, .box_w = 10, .box_h = 12, .ofs_x = 1, .ofs_y = 0},
    {.bitmap_index = 83142, .adv_w = 333, .box_w = 20, .box_h = 19, .ofs_x = 0, .ofs_y = -5},
    {.bitmap_index = 83332, .adv_w = 267, .box_w = 17, .box_h = 16, .ofs_x = 0, .ofs_y = -5},
    {.bitmap_index = 83468, .adv_w = 355, .box_w = 21, .box_h = 19, .ofs_x = 1, .ofs_y = -5},
    {.bitmap_index = 83668, .adv_w = 284, .box_w = 17, .box_h = 16, .ofs_x = 1, .ofs_y = -5},
    {.bitmap_index = 83804, .adv_w = 245, .box_w = 14, .box_h = 18, .ofs_x = 1, .ofs_y = -4},
    {.bitmap_index = 83930, .adv_w = 213, .box_w = 12, .box_h = 15, .ofs_x = 1, .ofs_y = -4},
    {.bitmap_index = 84020, .adv_w = 244, .box_w = 14, .box_h = 18, .ofs_x = 1, .ofs_y = -4},
    {.bitmap_index = 84146, .adv_w = 214, .box_w = 12, .box_h = 20, .ofs_x = 1, .ofs_y = -4},
    {.bitmap_index = 84266, .adv_w = 236, .box_w = 14, .box_h = 18, .ofs_x = -1, .ofs_y = -4},
    {.bitmap_index = 84392, .adv_w = 203, .box_w = 13, .box_h = 16, .ofs_x = -1, .ofs_y = -5},
    {.bitmap_index = 84496, .adv_w = 461, .box_w = 29, .box_h = 18, .ofs_x = 0, .ofs_y = -4},
    {.bitmap_index = 84757, .adv_w = 394, .box_w = 25, .box_h = 14, .ofs_x = 0, .ofs_y = -3},
    {.bitmap_index = 84932, .adv_w = 229, .box_w = 14, .box_h = 18, .ofs_x = 0, .ofs_y = -4},
    {.bitmap_index = 85058, .adv_w = 198, .box_w = 12, .box_h = 15, .ofs_x = 0, .ofs_y = -4},
    {.bitmap_index = 85148, .adv_w = 233, .box_w = 15, .box_h = 18, .ofs_x = 0, .ofs_y = -4},
    {.bitmap_index = 85283, .adv_w = 195, .box_w = 12, .box_h = 15, .ofs_x = 0, .ofs_y = -4},
    {.bitmap_index = 85373, .adv_w = 301, .box_w = 19, .box_h = 19, .ofs_x = 0, .ofs_y = 0},
    {.bitmap_index = 85554, .adv_w = 259, .box_w = 16, .box_h = 15, .ofs_x = 0, .ofs_y = 0},
    {.bitmap_index = 85674, .adv_w = 301, .box_w = 19, .box_h = 19, .ofs_x = 0, .ofs_y = 0},
    {.bitmap_index = 85855, .adv_w = 259, .box_w = 16, .box_h = 15, .ofs_x = 0, .ofs_y = 0},
    {.bitmap_index = 85975, .adv_w = 301, .box_w = 19, .box_h = 19, .ofs_x = 0, .ofs_y = 0},
    {.bitmap_index = 86156, .adv_w = 259, .box_w = 16, .box_h = 14, .ofs_x = 0, .ofs_y = 0},
    {.bitmap_index = 86268, .adv_w = 232, .box_w = 13, .box_h = 14, .ofs_x = 1, .ofs_y = 0},
    {.bitmap_index = 86359, .adv_w = 187, .box_w = 12, .box_h = 19, .ofs_x = 0, .ofs_y = 0},
    {.bitmap_index = 86473, .adv_w = 169, .box_w = 11, .box_h = 20, .ofs_x = 0, .ofs_y = -5},
    {.bitmap_index = 86583, .adv_w = 103, .box_w = 6, .box_h = 2, .ofs_x = 0, .ofs_y = 4},
    {.bitmap_index = 86589, .adv_w = 103, .box_w = 6, .box_h = 2, .ofs_x = 0, .ofs_y = 4},
    {.bitmap_index = 86595, .adv_w = 184, .box_w = 11, .box_h = 2, .ofs_x = 0, .ofs_y = 6},
    {.bitmap_index = 86606, .adv_w = 160, .box_w = 10, .box_h = 2, .ofs_x = 0, .ofs_y = 4},
    {.bitmap_index = 86616, .adv_w = 320, .box_w = 20, .box_h = 2, .ofs_x = 0, .ofs_y = 4},
    {.bitmap_index = 86636, .adv_w = 320, .box_w = 20, .box_h = 2, .ofs_x = 0, .ofs_y = 4},
    {.bitmap_index = 86656, .adv_w = 176, .box_w = 7, .box_h = 20, .ofs_x = 2, .ofs_y = -5},
    {.bitmap_index = 86726, .adv_w = 132, .box_w = 10, .box_h = 6, .ofs_x = -1, .ofs_y = -5},
    {.bitmap_index = 86756, .adv_w = 60, .box_w = 4, .box_h = 5, .ofs_x = 0, .ofs_y = 9},
    {.bitmap_index = 86766, .adv_w = 60, .box_w = 4, .box_h = 5, .ofs_x = 0, .ofs_y = 9},
    {.bitmap_index = 86776, .adv_w = 84, .box_w = 4, .box_h = 5, .ofs_x = 0, .ofs_y = -2},
    {.bitmap_index = 86786, .adv_w = 60, .box_w = 4, .box_h = 5, .ofs_x = 0, .ofs_y = 9},
    {.bitmap_index = 86796, .adv_w = 123, .box_w = 8, .box_h = 5, .ofs_x = 0, .ofs_y = 9},
    {.bitmap_index = 86816, .adv_w = 123, .box_w = 8, .box_h = 5, .ofs_x = 0, .ofs_y = 9},
    {.bitmap_index = 86836, .adv_w = 142, .box_w = 8, .box_h = 5, .ofs_x = 0, .ofs_y = -3},
    {.bitmap_index = 86856, .adv_w = 123, .box_w = 8, .box_h = 5, .ofs_x = 0, .ofs_y = 9},
    {.bitmap_index = 86876, .adv_w = 164, .box_w = 8, .box_h = 15, .ofs_x = 1, .ofs_y = 0},
    {.bitmap_index = 86936, .adv_w = 164, .box_w = 9, .box_h = 15, .ofs_x = 1, .ofs_y = 0},
    {.bitmap_index = 87004, .adv_w = 120, .box_w = 6, .box_h = 6, .ofs_x = 1, .ofs_y = 5},
    {.bitmap_index = 87022, .adv_w = 118, .box_w = 6, .box_h = 7, .ofs_x = 1, .ofs_y = 4},
    {.bitmap_index = 87043, .adv_w = 160, .box_w = 4, .box_h = 3, .ofs_x = 3, .ofs_y = 0},
    {.bitmap_index = 87049, .adv_w = 175, .box_w = 9, .box_h = 3, .ofs_x = 1, .ofs_y = 0},
    {.bitmap_index = 87063, .adv_w = 259, .box_w = 14, .box_h = 3, .ofs_x = 1, .ofs_y = 0},
    {.bitmap_index = 87084, .adv_w = 87, .box_w = 4, .box_h = 3, .ofs_x = 1, .ofs_y = 4},
    {.bitmap_index = 87090, .adv_w = 386, .box_w = 24, .box_h = 14, .ofs_x = 0, .ofs_y = 0},
    {.bitmap_index = 87258, .adv_w = 104, .box_w = 6, .box_h = 9, .ofs_x = 0, .ofs_y = 1},
    {.bitmap_index = 87285, .adv_w = 104, .box_w = 6, .box_h = 9, .ofs_x = 0, .ofs_y = 1},
    {.bitmap_index = 87312, .adv_w = 183, .box_w = 11, .box_h = 14, .ofs_x = 0, .ofs_y = 0},
    {.bitmap_index = 87389, .adv_w = 303, .box_w = 17, .box_h = 16, .ofs_x = 1, .ofs_y = -2},
    {.bitmap_index = 87525, .adv_w = 183, .box_w = 12, .box_h = 14, .ofs_x = 0, .ofs_y = 0},
    {.bitmap_index = 87609, .adv_w = 259, .box_w = 15, .box_h = 14, .ofs_x = 1, .ofs_y = 0},
    {.bitmap_index = 87714, .adv_w = 275, .box_w = 16, .box_h = 14, .ofs_x = 1, .ofs_y = 0},
    {.bitmap_index = 87826, .adv_w = 221, .box_w = 14, .box_h = 14, .ofs_x = 0, .ofs_y = 0},
    {.bitmap_index = 87924, .adv_w = 267, .box_w = 15, .box_h = 14, .ofs_x = 1, .ofs_y = 0},
    {.bitmap_index = 88029, .adv_w = 200, .box_w = 12, .box_h = 19, .ofs_x = 1, .ofs_y = -4},
    {.bitmap_index = 88143, .adv_w = 183, .box_w = 12, .box_h = 14, .ofs_x = 0, .ofs_y = 0},
    {.bitmap_index = 88227, .adv_w = 183, .box_w = 12, .box_h = 14, .ofs_x = 0, .ofs_y = 0},
    {.bitmap_index = 88311, .adv_w = 183, .box_w = 12, .box_h = 14, .ofs_x = 0, .ofs_y = 0},
    {.bitmap_index = 88395, .adv_w = 314, .box_w = 19, .box_h = 19, .ofs_x = 0, .ofs_y = -5},
    {.bitmap_index = 88576, .adv_w = 187, .box_w = 11, .box_h = 19, .ofs_x = 0, .ofs_y = -5},
    {.bitmap_index = 88681, .adv_w = 183, .box_w = 12, .box_h = 14, .ofs_x = 0, .ofs_y = 0},
    {.bitmap_index = 88765, .adv_w = 234, .box_w = 13, .box_h = 17, .ofs_x = 1, .ofs_y = -2},
    {.bitmap_index = 88876, .adv_w = 198, .box_w = 13, .box_h = 14, .ofs_x = 0, .ofs_y = 0},
    {.bitmap_index = 88967, .adv_w = 178, .box_w = 11, .box_h = 14, .ofs_x = 0, .ofs_y = 0},
    {.bitmap_index = 89044, .adv_w = 203, .box_w = 12, .box_h = 17, .ofs_x = 1, .ofs_y = -2},
    {.bitmap_index = 89146, .adv_w = 206, .box_w = 13, .box_h = 14, .ofs_x = 0, .ofs_y = 0},
    {.bitmap_index = 89237, .adv_w = 233, .box_w = 14, .box_h = 16, .ofs_x = 0, .ofs_y = -2},
    {.bitmap_index = 89349, .adv_w = 177, .box_w = 11, .box_h = 14, .ofs_x = 0, .ofs_y = 0},
    {.bitmap_index = 89426, .adv_w = 183, .box_w = 9, .box_h = 15, .ofs_x = 1, .ofs_y = 0},
    {.bitmap_index = 89494, .adv_w = 183, .box_w = 11, .box_h = 14, .ofs_x = 0, .ofs_y = 0},
    {.bitmap_index = 89571, .adv_w = 253, .box_w = 16, .box_h = 14, .ofs_x = 0, .ofs_y = 0},
    {.bitmap_index = 89683, .adv_w = 265, .box_w = 15, .box_h = 14, .ofs_x = 1, .ofs_y = 0},
    {.bitmap_index = 89788, .adv_w = 188, .box_w = 12, .box_h = 14, .ofs_x = 0, .ofs_y = 0},
    {.bitmap_index = 89872, .adv_w = 248, .box_w = 14, .box_h = 15, .ofs_x = 1, .ofs_y = 0},
    {.bitmap_index = 89977, .adv_w = 183, .box_w = 10, .box_h = 19, .ofs_x = 1, .ofs_y = -2},
    {.bitmap_index = 90072, .adv_w = 327, .box_w = 19, .box_h = 15, .ofs_x = 1, .ofs_y = 0},
    {.bitmap_index = 90215, .adv_w = 247, .box_w = 14, .box_h = 8, .ofs_x = 0, .ofs_y = 7},
    {.bitmap_index = 90271, .adv_w = 320, .box_w = 20, .box_h = 21, .ofs_x = 0, .ofs_y = -3},
    {.bitmap_index = 90481, .adv_w = 360, .box_w = 22, .box_h = 21, .ofs_x = 0, .ofs_y = -3},
    {.bitmap_index = 90712, .adv_w = 320, .box_w = 20, .box_h = 15, .ofs_x = 0, .ofs_y = 0},
    {.bitmap_index = 90862, .adv_w = 320, .box_w = 20, .box_h = 19, .ofs_x = 0, .ofs_y = -2},
    {.bitmap_index = 91052, .adv_w = 320, .box_w = 20, .box_h = 15, .ofs_x = 0, .ofs_y = 0},
    {.bitmap_index = 91202, .adv_w = 220, .box_w = 14, .box_h = 15, .ofs_x = 0, .ofs_y = 0},
    {.bitmap_index = 91307, .adv_w = 320, .box_w = 20, .box_h = 21, .ofs_x = 0, .ofs_y = -3},
    {.bitmap_index = 91517, .adv_w = 320, .box_w = 20, .box_h = 21, .ofs_x = 0, .ofs_y = -3},
    {.bitmap_index = 91727, .adv_w = 360, .box_w = 23, .box_h = 19, .ofs_x = 0, .ofs_y = -2},
    {.bitmap_index = 91946, .adv_w = 320, .box_w = 20, .box_h = 21, .ofs_x = 0, .ofs_y = -3},
    {.bitmap_index = 92156, .adv_w = 320, .box_w = 20, .box_h = 21, .ofs_x = 0, .ofs_y = -3},
    {.bitmap_index = 92366, .adv_w = 360, .box_w = 23, .box_h = 15, .ofs_x = 0, .ofs_y = 0},
    {.bitmap_index = 92539, .adv_w = 320, .box_w = 20, .box_h = 21, .ofs_x = 0, .ofs_y = -3},
    {.bitmap_index = 92749, .adv_w = 280, .box_w = 18, .box_h = 21, .ofs_x = 0, .ofs_y = -3},
    {.bitmap_index = 92938, .adv_w = 320, .box_w = 20, .box_h = 21, .ofs_x = 0, .ofs_y = -3},
    {.bitmap_index = 93148, .adv_w = 160, .box_w = 10, .box_h = 16, .ofs_x = 0, .ofs_y = 0},
    {.bitmap_index = 93228, .adv_w = 240, .box_w = 15, .box_h = 16, .ofs_x = 0, .ofs_y = -1},
    {.bitmap_index = 93348, .adv_w = 360, .box_w = 23, .box_h = 19, .ofs_x = 0, .ofs_y = -2},
    {.bitmap_index = 93567, .adv_w = 320, .box_w = 20, .box_h = 15, .ofs_x = 0, .ofs_y = 0},
    {.bitmap_index = 93717, .adv_w = 220, .box_w = 14, .box_h = 21, .ofs_x = 0, .ofs_y = -3},
    {.bitmap_index = 93864, .adv_w = 280, .box_w = 13, .box_h = 19, .ofs_x = 2, .ofs_y = -2},
    {.bitmap_index = 93988, .adv_w = 280, .box_w = 18, .box_h = 21, .ofs_x = 0, .ofs_y = -3},
    {.bitmap_index = 94177, .adv_w = 280, .box_w = 18, .box_h = 19, .ofs_x = 0, .ofs_y = -2},
    {.bitmap_index = 94348, .adv_w = 280, .box_w = 18, .box_h = 19, .ofs_x = 0, .ofs_y = -2},
    {.bitmap_index = 94519, .adv_w = 280, .box_w = 13, .box_h = 19, .ofs_x = 2, .ofs_y = -2},
    {.bitmap_index = 94643, .adv_w = 280, .box_w = 19, .box_h = 19, .ofs_x = -1, .ofs_y = -2},
    {.bitmap_index = 94824, .adv_w = 200, .box_w = 11, .box_h = 19, .ofs_x = 1, .ofs_y = -2},
    {.bitmap_index = 94929, .adv_w = 200, .box_w = 11, .box_h = 19, .ofs_x = 1, .ofs_y = -2},
    {.bitmap_index = 95034, .adv_w = 280, .box_w = 18, .box_h = 19, .ofs_x = 0, .ofs_y = -2},
    {.bitmap_index = 95205, .adv_w = 280, .box_w = 18, .box_h = 5, .ofs_x = 0, .ofs_y = 5},
    {.bitmap_index = 95250, .adv_w = 360, .box_w = 23, .box_h = 15, .ofs_x = 0, .ofs_y = 0},
    {.bitmap_index = 95423, .adv_w = 400, .box_w = 26, .box_h = 21, .ofs_x = -1, .ofs_y = -3},
    {.bitmap_index = 95696, .adv_w = 360, .box_w = 24, .box_h = 21, .ofs_x = -1, .ofs_y = -3},
    {.bitmap_index = 95948, .adv_w = 320, .box_w = 20, .box_h = 19, .ofs_x = 0, .ofs_y = -2},
    {.bitmap_index = 96138, .adv_w = 280, .box_w = 18, .box_h = 11, .ofs_x = 0, .ofs_y = 2},
    {.bitmap_index = 96237, .adv_w = 280, .box_w = 18, .box_h = 11, .ofs_x = 0, .ofs_y = 2},
    {.bitmap_index = 96336, .adv_w = 400, .box_w = 26, .box_h = 16, .ofs_x = 0, .ofs_y = -1},
    {.bitmap_index = 96544, .adv_w = 320, .box_w = 20, .box_h = 15, .ofs_x = 0, .ofs_y = 0},
    {.bitmap_index = 96694, .adv_w = 320, .box_w = 20, .box_h = 15, .ofs_x = 0, .ofs_y = 0},
    {.bitmap_index = 96844, .adv_w = 320, .box_w = 20, .box_h = 21, .ofs_x = 0, .ofs_y = -3},
    {.bitmap_index = 97054, .adv_w = 240, .box_w = 15, .box_h = 21, .ofs_x = 0, .ofs_y = -3},
    {.bitmap_index = 97212, .adv_w = 320, .box_w = 20, .box_h = 21, .ofs_x = 0, .ofs_y = -3},
    {.bitmap_index = 97422, .adv_w = 320, .box_w = 21, .box_h = 21, .ofs_x = -1, .ofs_y = -3},
    {.bitmap_index = 97643, .adv_w = 310, .box_w = 20, .box_h = 21, .ofs_x = 0, .ofs_y = -3},
    {.bitmap_index = 97853, .adv_w = 400, .box_w = 25, .box_h = 19, .ofs_x = 0, .ofs_y = -2},
    {.bitmap_index = 98091, .adv_w = 280, .box_w = 18, .box_h = 19, .ofs_x = 0, .ofs_y = -2},
    {.bitmap_index = 98262, .adv_w = 280, .box_w = 18, .box_h = 21, .ofs_x = 0, .ofs_y = -3},
    {.bitmap_index = 98451, .adv_w = 280, .box_w = 18, .box_h = 19, .ofs_x = 0, .ofs_y = -2},
    {.bitmap_index = 98622, .adv_w = 280, .box_w = 18, .box_h = 17, .ofs_x = 0, .ofs_y = -1},
    {.bitmap_index = 98775, .adv_w = 320, .box_w = 20, .box_h = 15, .ofs_x = 0, .ofs_y = 0},
    {.bitmap_index = 98925, .adv_w = 200, .box_w = 14, .box_h = 21, .ofs_x = -1, .ofs_y = -3},
    {.bitmap_index = 99072, .adv_w = 280, .box_w = 18, .box_h = 21, .ofs_x = 0, .ofs_y = -3},
    {.bitmap_index = 99261, .adv_w = 280, .box_w = 18, .box_h = 21, .ofs_x = 0, .ofs_y = -3},
    {.bitmap_index = 99450, .adv_w = 360, .box_w = 23, .box_h = 15, .ofs_x = 0, .ofs_y = 0},
    {.bitmap_index = 99623, .adv_w = 320, .box_w = 22, .box_h = 21, .ofs_x = -1, .ofs_y = -3},
    {.bitmap_index = 99854, .adv_w = 310, .box_w = 20, .box_h = 21, .ofs_x = 0, .ofs_y = -3},
    {.bitmap_index = 100064, .adv_w = 240, .box_w = 15, .box_h = 21, .ofs_x = 0, .ofs_y = -3},
    {.bitmap_index = 100222, .adv_w = 320, .box_w = 20, .box_h = 21, .ofs_x = 0, .ofs_y = -3},
    {.bitmap_index = 100432, .adv_w = 400, .box_w = 25, .box_h = 19, .ofs_x = 0, .ofs_y = -2},
    {.bitmap_index = 100670, .adv_w = 400, .box_w = 25, .box_h = 13, .ofs_x = 0, .ofs_y = 1},
    {.bitmap_index = 100833, .adv_w = 400, .box_w = 25, .box_h = 13, .ofs_x = 0, .ofs_y = 1},
    {.bitmap_index = 100996, .adv_w = 400, .box_w = 25, .box_h = 13, .ofs_x = 0, .ofs_y = 1},
    {.bitmap_index = 101159, .adv_w = 400, .box_w = 25, .box_h = 13, .ofs_x = 0, .ofs_y = 1},
    {.bitmap_index = 101322, .adv_w = 400, .box_w = 25, .box_h = 13, .ofs_x = 0, .ofs_y = 1},
    {.bitmap_index = 101485, .adv_w = 360, .box_w = 23, .box_h = 19, .ofs_x = 0, .ofs_y = -2},
    {.bitmap_index = 101704, .adv_w = 400, .box_w = 26, .box_h = 17, .ofs_x = 0, .ofs_y = -1},
    {.bitmap_index = 101925, .adv_w = 280, .box_w = 16, .box_h = 21, .ofs_x = 1, .ofs_y = -3},
    {.bitmap_index = 102093, .adv_w = 280, .box_w = 18, .box_h = 21, .ofs_x = 0, .ofs_y = -3},
    {.bitmap_index = 102282, .adv_w = 280, .box_w = 18, .box_h = 21, .ofs_x = 0, .ofs_y = -3},
    {.bitmap_index = 102471, .adv_w = 320, .box_w = 21, .box_h = 21, .ofs_x = -1, .ofs_y = -3},
    {.bitmap_index = 102692, .adv_w = 240, .box_w = 15, .box_h = 21, .ofs_x = 0, .ofs_y = -3},
    {.bitmap_index = 102850, .adv_w = 320, .box_w = 20, .box_h = 21, .ofs_x = 0, .ofs_y = -3},
    {.bitmap_index = 103060, .adv_w = 400, .box_w = 25, .box_h = 21, .ofs_x = 0, .ofs_y = -3},
    {.bitmap_index = 103323, .adv_w = 400, .box_w = 25, .box_h = 15, .ofs_x = 0, .ofs_y = 0},
    {.bitmap_index = 103511, .adv_w = 320, .box_w = 21, .box_h = 16, .ofs_x = 0, .ofs_y = 0},
    {.bitmap_index = 103679, .adv_w = 240, .box_w = 15, .box_h = 21, .ofs_x = 0, .ofs_y = -3},
    {.bitmap_index = 103837, .adv_w = 322, .box_w = 21, .box_h = 13, .ofs_x = 0, .ofs_y = 1}
};

/*---------------------
 *  CHARACTER MAPPING
 *--------------------*/

static const uint8_t glyph_id_ofs_list_3[] = {
    0, 1, 2, 3, 4, 5, 6, 7,
    0, 0, 8, 9, 10, 11, 12, 13,
    0, 0, 0, 0, 14, 15, 16, 17,
    18, 19, 20, 0, 21
};

static const uint16_t unicode_list_8[] = {
    0x0, 0x1, 0x2, 0x3, 0x4, 0x5, 0x1e, 0x72,
    0x73
};

static const uint16_t unicode_list_10[] = {
    0x0, 0x9, 0xa
};

static const uint16_t unicode_list_12[] = {
    0x0, 0xc, 0xceeb, 0xceef, 0xcef2, 0xcef5, 0xcef6, 0xcef7,
    0xcefb, 0xcefd, 0xceff, 0xcf01, 0xcf03, 0xcf06, 0xcf0b, 0xcf0d,
    0xcf0e, 0xcf10, 0xcf11, 0xcf12, 0xcf28, 0xcf2d, 0xcf32, 0xcf35,
    0xcf36, 0xcf37, 0xcf3b, 0xcf3c, 0xcf3d, 0xcf3e, 0xcf51, 0xcf52,
    0xcf58, 0xcf5a, 0xcf5b, 0xcf5e, 0xcf61, 0xcf62, 0xcf63, 0xcf65,
    0xcf6a, 0xcf6e, 0xcf77, 0xcf7d, 0xcf7f, 0xcf96, 0xcfaa, 0xcfae,
    0xcfaf, 0xcfb1, 0xcfb3, 0xcfca, 0xcfd1, 0xcfd4, 0xcfdd, 0xd006,
    0xd00e, 0xd038, 0xd045, 0xd06f, 0xd0d5, 0xd12a, 0xd12b, 0xd12c,
    0xd12d, 0xd12e, 0xd163, 0xd171, 0xd17d, 0xd1d7, 0xd1dc, 0xd1ee,
    0xd2af, 0xd3c1, 0xd403, 0xd444, 0xd593, 0xd6ac, 0xd78c
};

/*Collect the unicode lists and glyph_id offsets*/
static const lv_font_fmt_txt_cmap_t cmaps[] =
{
    {
        .range_start = 32, .range_length = 95, .glyph_id_start = 1,
        .unicode_list = NULL, .glyph_id_ofs_list = NULL, .list_length = 0, .type = LV_FONT_FMT_TXT_CMAP_FORMAT0_TINY
    },
    {
        .range_start = 160, .range_length = 176, .glyph_id_start = 96,
        .unicode_list = NULL, .glyph_id_ofs_list = NULL, .list_length = 0, .type = LV_FONT_FMT_TXT_CMAP_FORMAT0_TINY
    },
    {
        .range_start = 336, .range_length = 256, .glyph_id_start = 272,
        .unicode_list = NULL, .glyph_id_ofs_list = NULL, .list_length = 0, .type = LV_FONT_FMT_TXT_CMAP_FORMAT0_TINY
    },
    {
        .range_start = 880, .range_length = 29, .glyph_id_start = 528,
        .unicode_list = NULL, .glyph_id_ofs_list = glyph_id_ofs_list_3, .list_length = 29, .type = LV_FONT_FMT_TXT_CMAP_FORMAT0_FULL
    },
    {
        .range_start = 910, .range_length = 20, .glyph_id_start = 550,
        .unicode_list = NULL, .glyph_id_ofs_list = NULL, .list_length = 0, .type = LV_FONT_FMT_TXT_CMAP_FORMAT0_TINY
    },
    {
        .range_start = 931, .range_length = 63, .glyph_id_start = 570,
        .unicode_list = NULL, .glyph_id_ofs_list = NULL, .list_length = 0, .type = LV_FONT_FMT_TXT_CMAP_FORMAT0_TINY
    },
    {
        .range_start = 1008, .range_length = 64, .glyph_id_start = 633,
        .unicode_list = NULL, .glyph_id_ofs_list = NULL, .list_length = 0, .type = LV_FONT_FMT_TXT_CMAP_FORMAT0_TINY
    },
    {
        .range_start = 1072, .range_length = 256, .glyph_id_start = 697,
        .unicode_list = NULL, .glyph_id_ofs_list = NULL, .list_length = 0, .type = LV_FONT_FMT_TXT_CMAP_FORMAT0_TINY
    },
    {
        .range_start = 7808, .range_length = 116, .glyph_id_start = 953,
        .unicode_list = unicode_list_8, .glyph_id_ofs_list = NULL, .list_length = 9, .type = LV_FONT_FMT_TXT_CMAP_SPARSE_TINY
    },
    {
        .range_start = 8208, .range_length = 24, .glyph_id_start = 962,
        .unicode_list = NULL, .glyph_id_ofs_list = NULL, .list_length = 0, .type = LV_FONT_FMT_TXT_CMAP_FORMAT0_TINY
    },
    {
        .range_start = 8240, .range_length = 11, .glyph_id_start = 986,
        .unicode_list = unicode_list_10, .glyph_id_ofs_list = NULL, .list_length = 3, .type = LV_FONT_FMT_TXT_CMAP_SPARSE_TINY
    },
    {
        .range_start = 8356, .range_length = 28, .glyph_id_start = 989,
        .unicode_list = NULL, .glyph_id_ofs_list = NULL, .list_length = 0, .type = LV_FONT_FMT_TXT_CMAP_FORMAT0_TINY
    },
    {
        .range_start = 8470, .range_length = 55181, .glyph_id_start = 1017,
        .unicode_list = unicode_list_12, .glyph_id_ofs_list = NULL, .list_length = 79, .type = LV_FONT_FMT_TXT_CMAP_SPARSE_TINY
    }
};

/*-----------------
 *    KERNING
 *----------------*/


/*Map glyph_ids to kern left classes*/
static const uint8_t kern_left_class_mapping[] =
{
    0, 0, 0, 0, 0, 0, 0, 1,
    0, 2, 0, 0, 0, 3, 4, 3,
    0, 0, 0, 0, 0, 0, 0, 0,
    0, 0, 0, 5, 0, 0, 0, 0,
    0, 0, 6, 7, 8, 9, 10, 11,
    0, 0, 0, 0, 8, 12, 0, 0,
    9, 13, 9, 14, 0, 15, 16, 17,
    17, 8, 18, 19, 2, 0, 0, 0,
    20, 0, 21, 22, 23, 0, 22, 24,
    0, 21, 0, 0, 0, 0, 21, 21,
    22, 22, 0, 25, 0, 23, 0, 26,
    26, 27, 26, 0, 2, 0, 0, 0,
    0, 28, 0, 0, 0, 0, 0, 0,
    0, 0, 0, 29, 0, 0, 0, 0,
    0, 0, 0, 0, 0, 0, 0, 0,
    0, 0, 0, 30, 0, 0, 0, 31,
    6, 6, 6, 6, 6, 6, 10, 8,
    10, 10, 10, 10, 0, 0, 0, 0,
    9, 0, 9, 9, 9, 9, 9, 0,
    9, 16, 16, 16, 16, 18, 13, 0,
    21, 21, 21, 21, 21, 21, 22, 0,
    22, 22, 22, 22, 0, 0, 32, 32,
    22, 0, 22, 22, 22, 22, 22, 0,
    22, 0, 0, 0, 0, 26, 22, 26,
    6, 21, 6, 21, 33, 21, 8, 0,
    8, 0, 8, 0, 8, 0, 9, 34,
    9, 0, 10, 22, 10, 22, 10, 22,
    10, 22, 10, 22, 0, 0, 0, 0,
    0, 0, 0, 0, 0, 21, 0, 0,
    0, 35, 0, 32, 0, 0, 36, 0,
    0, 0, 0, 0, 0, 0, 8, 0,
    27, 12, 0, 12, 0, 12, 34, 12,
    0, 12, 0, 0, 21, 0, 21, 0,
    0, 21, 0, 21, 9, 22, 9, 22,
    9, 22, 10, 22, 0, 25, 0, 25,
    0, 25, 0, 0, 0, 0, 0, 0,
    0, 0, 15, 23, 15, 37, 15, 23,
    16, 0, 16, 0, 16, 0, 16, 0,
    16, 0, 16, 0, 17, 26, 18, 26,
    18, 19, 0, 19, 0, 19, 0, 0,
    0, 0, 0, 0, 0, 0, 0, 0,
    0, 0, 0, 0, 0, 0, 0, 0,
    0, 0, 0, 0, 0, 0, 0, 0,
    0, 0, 0, 0, 0, 0, 0, 0,
    38, 39, 0, 0, 0, 0, 0, 0,
    0, 0, 0, 0, 0, 0, 0, 40,
    41, 0, 0, 0, 0, 0, 0, 0,
    0, 0, 0, 0, 0, 0, 0, 0,
    0, 0, 0, 0, 0, 0, 0, 0,
    0, 0, 0, 0, 0, 0, 0, 0,
    0, 0, 0, 0, 0, 0, 0, 0,
    0, 0, 0, 0, 0, 0, 0, 0,
    0, 0, 0, 0, 0, 0, 0, 0,
    0, 0, 0, 0, 0, 0, 0, 0,
    0, 0, 0, 0, 0, 0, 0, 0,
    0, 0, 6, 21, 10, 22, 9, 0,
    0, 0, 0, 0, 0, 0, 0, 0,
    0, 0, 0, 32, 0, 0, 0, 0,
    0, 0, 0, 0, 0, 0, 0, 0,
    0, 0, 15, 23, 0, 0, 0, 0,
    0, 0, 0, 0, 0, 0, 0, 0,
    0, 0, 0, 0, 0, 0, 0, 0,
    0, 0, 0, 0, 0, 0, 0, 0,
    0, 0, 0, 0, 0, 0, 0, 0,
    0, 0, 0, 0, 0, 0, 0, 0,
    0, 0, 0, 0, 0, 0, 0, 0,
    0, 0, 0, 0, 0, 0, 0, 0,
    0, 0, 0, 0, 0, 0, 42, 7,
    42, 0, 0, 0, 0, 43, 44, 0,
    45, 42, 7, 46, 42, 0, 47, 0,
    43, 0, 48, 42, 0, 0, 0, 43,
    0, 0, 47, 49, 44, 43, 0, 44,
    0, 0, 44, 50, 51, 52, 45, 53,
    50, 54, 55, 56, 51, 57, 52, 58,
    45, 0, 59, 50, 55, 60, 56, 51,
    56, 0, 61, 62, 53, 56, 63, 53,
    56, 45, 53, 56, 53, 56, 48, 0,
    0, 0, 0, 0, 56, 0, 0, 0,
    0, 0, 0, 0, 0, 0, 0, 0,
    0, 0, 0, 0, 0, 0, 0, 0,
    0, 0, 0, 0, 0, 0, 0, 0,
    0, 64, 64, 65, 66, 67, 68, 0,
    0, 0, 69, 69, 65, 70, 0, 71,
    0, 72, 73, 74, 66, 75, 64, 70,
    74, 0, 0, 70, 0, 0, 0, 76,
    0, 77, 67, 66, 71, 78, 70, 75,
    0, 0, 75, 69, 0, 69, 76, 76,
    0, 79, 80, 81, 82, 83, 84, 85,
    81, 86, 86, 85, 86, 86, 86, 84,
    86, 84, 87, 82, 88, 84, 85, 83,
    86, 86, 83, 89, 86, 89, 84, 84,
    86, 84, 84, 90, 91, 87, 92, 0,
    93, 94, 89, 89, 95, 85, 86, 88,
    86, 76, 96, 97, 89, 67, 87, 72,
    98, 72, 98, 99, 0, 99, 0, 100,
    0, 0, 84, 76, 84, 71, 96, 71,
    96, 88, 88, 76, 84, 76, 84, 76,
    96, 67, 0, 0, 0, 0, 0, 0,
    0, 0, 0, 75, 83, 97, 89, 77,
    84, 101, 102, 103, 104, 0, 0, 105,
    106, 100, 81, 105, 106, 70, 85, 70,
    85, 70, 85, 75, 83, 103, 102, 0,
    0, 0, 84, 67, 87, 101, 102, 107,
    108, 107, 108, 105, 106, 75, 83, 75,
    83, 0, 0, 0, 0, 109, 110, 109,
    110, 0, 70, 85, 0, 0, 75, 83,
    0, 0, 75, 83, 0, 0, 75, 83,
    0, 72, 79, 72, 79, 64, 110, 64,
    110, 76, 84, 76, 84, 70, 85, 100,
    81, 0, 0, 0, 86, 0, 86, 76,
    84, 76, 84, 76, 84, 76, 84, 71,
    88, 71, 88, 71, 88, 0, 86, 101,
    102, 0, 86, 103, 104, 105, 106, 70,
    106, 0, 0, 111, 112, 111, 112, 75,
    83, 111, 112, 111, 112, 0, 0, 0,
    112, 0, 0, 75, 83, 0, 0, 0,
    0, 0, 0, 0, 0, 0, 0, 70,
    0, 0, 0, 0, 0, 0, 0, 0,
    0, 0, 0, 70, 85, 0, 0, 0,
    83, 17, 26, 17, 26, 17, 26, 0,
    18, 26, 0, 0, 0, 4, 4, 4,
    0, 0, 0, 0, 3, 0, 0, 0,
    3, 0, 0, 0, 0, 0, 0, 0,
    0, 0, 0, 29, 30, 0, 0, 0,
    0, 0, 0, 0, 0, 0, 0, 0,
    0, 0, 0, 0, 0, 0, 0, 0,
    0, 0, 0, 0, 0, 0, 0, 0,
    0, 0, 0, 0, 0, 0, 0, 0,
    0, 0, 0, 0, 0, 0, 0, 0,
    0, 0, 0, 0, 0, 0, 0, 0,
    0, 0, 0, 0, 0, 0, 0, 0,
    0, 0, 0, 0, 0, 0, 0, 0,
    0, 0, 0, 0, 0, 0, 0, 0,
    0, 0, 0, 0, 0, 0, 0, 0,
    0, 0, 0, 0, 0, 0, 0, 0,
    0, 0, 0, 0, 0, 0, 0, 0,
    0, 0, 0, 0, 0, 0, 0, 0
};

/*Map glyph_ids to kern right classes*/
static const uint8_t kern_right_class_mapping[] =
{
    0, 0, 1, 2, 0, 0, 0, 3,
    2, 0, 4, 0, 0, 5, 6, 5,
    0, 0, 0, 0, 0, 0, 0, 0,
    0, 0, 0, 7, 7, 0, 0, 0,
    8, 0, 9, 0, 10, 0, 0, 0,
    10, 0, 11, 12, 0, 0, 0, 0,
    10, 0, 10, 0, 0, 13, 14, 15,
    15, 16, 17, 18, 0, 0, 4, 0,
    0, 0, 19, 20, 21, 21, 21, 22,
    23, 20, 0, 24, 20, 20, 25, 25,
    21, 25, 21, 25, 26, 22, 25, 27,
    27, 27, 27, 28, 0, 0, 4, 0,
    0, 0, 0, 0, 0, 0, 0, 0,
    0, 0, 0, 29, 0, 0, 0, 0,
    0, 0, 0, 0, 0, 0, 0, 0,
    0, 0, 0, 30, 0, 0, 0, 0,
    9, 9, 9, 9, 9, 9, 31, 10,
    0, 0, 0, 0, 0, 0, 0, 0,
    0, 0, 10, 10, 10, 10, 10, 0,
    10, 14, 14, 14, 14, 17, 0, 0,
    21, 19, 19, 19, 19, 19, 19, 21,
    21, 21, 21, 21, 0, 0, 0, 0,
    0, 0, 21, 21, 21, 21, 21, 0,
    21, 25, 25, 25, 25, 27, 20, 27,
    9, 19, 9, 19, 9, 19, 10, 21,
    10, 21, 10, 21, 10, 21, 0, 21,
    0, 21, 0, 21, 0, 21, 0, 21,
    0, 21, 0, 21, 10, 23, 10, 23,
    10, 23, 10, 23, 0, 20, 0, 32,
    0, 33, 0, 0, 0, 0, 0, 0,
    0, 0, 0, 0, 0, 0, 0, 20,
    25, 0, 20, 0, 20, 0, 20, 0,
    20, 0, 0, 0, 25, 0, 25, 0,
    0, 0, 0, 25, 10, 21, 10, 21,
    10, 21, 10, 21, 0, 25, 0, 25,
    0, 0, 0, 26, 0, 0, 0, 26,
    0, 0, 13, 22, 13, 22, 13, 22,
    14, 25, 14, 25, 14, 25, 14, 25,
    14, 25, 14, 25, 15, 27, 17, 27,
    17, 18, 28, 18, 28, 18, 28, 0,
    0, 0, 0, 0, 0, 0, 0, 0,
    0, 0, 0, 0, 0, 0, 0, 0,
    0, 0, 0, 0, 0, 0, 0, 0,
    0, 0, 0, 0, 0, 0, 0, 0,
    10, 21, 0, 0, 0, 0, 0, 0,
    0, 0, 0, 0, 0, 0, 0, 14,
    25, 0, 0, 0, 0, 0, 0, 0,
    0, 0, 0, 0, 0, 0, 0, 0,
    0, 0, 0, 0, 0, 0, 0, 0,
    0, 0, 0, 0, 0, 0, 0, 0,
    0, 0, 0, 0, 0, 0, 0, 0,
    0, 0, 0, 0, 0, 0, 0, 0,
    0, 0, 0, 0, 0, 0, 0, 0,
    0, 0, 0, 0, 0, 0, 0, 0,
    0, 0, 0, 0, 0, 0, 0, 0,
    0, 0, 9, 19, 31, 19, 10, 21,
    0, 0, 0, 0, 0, 0, 0, 0,
    0, 0, 0, 0, 0, 0, 0, 0,
    0, 0, 0, 0, 0, 0, 0, 0,
    0, 26, 13, 22, 0, 0, 0, 0,
    0, 0, 0, 0, 0, 0, 0, 0,
    0, 0, 0, 0, 0, 0, 0, 0,
    0, 0, 0, 0, 0, 0, 0, 0,
    0, 0, 0, 0, 0, 0, 0, 0,
    0, 0, 0, 0, 0, 0, 0, 0,
    0, 0, 0, 0, 0, 0, 0, 0,
    0, 0, 0, 0, 0, 0, 0, 0,
    0, 0, 0, 0, 0, 0, 34, 0,
    34, 0, 0, 0, 0, 35, 36, 0,
    37, 34, 0, 0, 34, 0, 38, 0,
    35, 0, 0, 34, 0, 0, 0, 35,
    0, 0, 38, 39, 36, 35, 40, 36,
    0, 0, 36, 41, 42, 0, 37, 43,
    41, 44, 45, 41, 42, 46, 0, 47,
    37, 44, 48, 44, 45, 49, 41, 50,
    44, 41, 41, 51, 43, 41, 52, 43,
    41, 37, 43, 41, 43, 41, 0, 0,
    0, 0, 0, 0, 41, 0, 0, 0,
    0, 0, 0, 0, 0, 0, 0, 0,
    0, 0, 0, 0, 0, 0, 0, 0,
    0, 0, 0, 0, 0, 0, 0, 0,
    0, 0, 0, 53, 0, 54, 55, 0,
    0, 56, 57, 0, 53, 0, 0, 58,
    0, 59, 0, 0, 0, 60, 0, 61,
    62, 0, 0, 0, 57, 0, 0, 54,
    0, 0, 54, 53, 58, 63, 61, 0,
    64, 0, 0, 53, 0, 0, 62, 0,
    65, 66, 67, 68, 68, 69, 70, 71,
    72, 68, 68, 68, 73, 68, 68, 70,
    68, 68, 70, 74, 75, 70, 71, 68,
    76, 68, 68, 74, 68, 68, 72, 68,
    77, 70, 70, 78, 68, 70, 79, 0,
    80, 81, 73, 68, 78, 68, 68, 75,
    68, 82, 83, 84, 0, 0, 85, 59,
    69, 0, 85, 0, 0, 0, 85, 62,
    0, 64, 0, 82, 66, 86, 83, 86,
    83, 82, 66, 82, 66, 82, 66, 82,
    83, 82, 66, 0, 0, 0, 0, 0,
    0, 0, 0, 0, 85, 84, 78, 0,
    85, 0, 85, 84, 0, 0, 85, 61,
    71, 62, 72, 0, 85, 0, 85, 0,
    78, 87, 74, 0, 85, 0, 85, 0,
    85, 82, 66, 82, 66, 53, 74, 88,
    89, 88, 89, 61, 71, 87, 74, 64,
    76, 64, 76, 0, 85, 90, 91, 90,
    91, 0, 61, 71, 0, 85, 92, 69,
    0, 85, 0, 85, 64, 76, 0, 85,
    0, 59, 93, 59, 93, 59, 93, 0,
    66, 94, 93, 94, 93, 61, 71, 62,
    72, 0, 0, 0, 68, 0, 68, 82,
    66, 82, 66, 82, 66, 62, 72, 58,
    75, 58, 75, 58, 75, 64, 76, 0,
    85, 0, 68, 84, 0, 61, 71, 61,
    71, 95, 66, 95, 66, 96, 97, 96,
    97, 92, 69, 0, 85, 82, 66, 87,
    74, 0, 66, 92, 69, 0, 0, 0,
    0, 0, 0, 0, 0, 0, 0, 0,
    68, 0, 0, 0, 0, 0, 0, 0,
    0, 0, 0, 60, 69, 0, 0, 57,
    73, 15, 27, 15, 27, 15, 27, 0,
    17, 0, 0, 0, 0, 6, 6, 6,
    0, 0, 98, 2, 5, 0, 98, 2,
    5, 0, 0, 0, 0, 0, 0, 0,
    5, 0, 0, 29, 30, 0, 0, 0,
    0, 0, 0, 0, 0, 0, 0, 0,
    0, 0, 0, 0, 0, 0, 0, 0,
    0, 0, 0, 0, 0, 0, 0, 0,
    0, 0, 0, 0, 0, 0, 0, 0,
    0, 0, 0, 0, 0, 0, 0, 0,
    0, 0, 0, 0, 0, 0, 0, 0,
    0, 0, 0, 0, 0, 0, 0, 0,
    0, 0, 0, 0, 0, 0, 0, 0,
    0, 0, 0, 0, 0, 0, 0, 0,
    0, 0, 0, 0, 0, 0, 0, 0,
    0, 0, 0, 0, 0, 0, 0, 0,
    0, 0, 0, 0, 0, 0, 0, 0,
    0, 0, 0, 0, 0, 0, 0, 0
};

/*Kern values between classes*/
static const int8_t kern_class_values[] =
{
    0, 0, 0, 0, 0, 0, 0, 0,
    0, 0, 0, 0, -19, 0, -6, 0,
    -10, 0, 0, 0, 0, 0, 0, 0,
    0, 0, 0, 0, 0, 0, 0, 0,
    0, 0, 0, 0, 0, 0, 0, 0,
    0, 0, 0, 0, 0, 0, 0, 0,
    0, 0, 0, 0, 0, 0, 0, 0,
    0, 0, 0, 0, 0, 0, 0, 0,
    0, 0, 0, 0, 0, 0, 0, 0,
    0, 0, 0, 0, 0, 0, 0, 0,
    0, 0, 0, 0, 0, 0, 0, 0,
    0, 0, 0, 0, 0, 0, 0, 0,
    0, 0, 0, 0, 0, 0, 0, 0,
    0, 0, 0, 0, 0, 29, 0, 0,
    0, 0, 0, 0, 0, 0, 0, 0,
    0, 13, 0, 0, 0, 0, 0, 0,
    0, 0, 0, 0, 0, 0, 0, 0,
    0, 0, 0, 0, 0, 0, 0, 0,
    0, 0, 0, 0, 0, 0, 0, 0,
    0, 32, 0, 0, 0, 0, 0, 0,
    -10, 0, 0, 0, 0, 0, 0, 0,
    0, 0, 0, 0, 0, 0, 0, 0,
    0, 0, 19, 0, 0, 0, 0, 0,
    0, 0, 0, 0, 0, 0, 0, 0,
    0, 0, 0, 0, 0, 0, 0, 0,
    0, 0, 0, 0, 0, -16, 0, 0,
    -22, -6, -19, 0, -19, 0, 0, 0,
    0, 0, 0, 0, 0, 0, 0, 0,
    0, 0, 0, 0, 0, 0, -16, -19,
    0, 0, -22, 0, 0, 0, 0, 0,
    0, 0, 0, 0, 0, 0, 0, 0,
    -16, 0, 0, 19, 0, -6, 0, 0,
    0, 0, -13, -26, 0, 0, 0, 0,
    0, 0, 0, 0, 0, -13, 0, -19,
    0, 0, 0, 0, 0, -16, 0, 0,
    0, -19, -22, -19, 0, -19, 0, 0,
    0, 0, 0, -22, -16, 0, 0, 0,
    0, 0, 0, 0, 0, 0, 0, 0,
    0, 0, -13, 0, 0, 0, 0, 0,
    0, 0, 0, 0, 0, 0, 0, 0,
    0, 0, 0, 0, 0, 0, 0, 0,
    0, 0, 0, 0, -13, 0, 0, 0,
    0, 0, 0, 0, 0, 0, 0, 0,
    0, 0, -13, 0, 0, 0, 0, -6,
    0, 0, -3, 0, 0, 0, 0, 0,
    0, 0, 0, 0, -3, 0, 0, -6,
    0, 0, 0, 0, 0, 0, 0, 0,
    0, 0, 0, 0, -13, 0, 0, 0,
    0, 0, 0, 0, 0, 0, 0, 0,
    0, 0, 0, 0, 0, 0, 0, 0,
    0, 0, 0, 0, 0, 0, 0, 0,
    0, 0, 0, 0, 0, 0, 0, 0,
    0, 0, 0, 0, 0, 0, 0, 0,
    0, 0, 0, 0, 0, 0, 0, 0,
    0, 0, 0, 0, 0, 0, 0, 0,
    0, 0, 0, 0, -8, 0, 0, 0,
    0, 0, 0, 0, -3, 0, -3, -3,
    0, 0, 0, 0, 0, 0, 0, 0,
    0, 0, 0, -3, 0, 0, 0, 0,
    0, 0, 0, 0, 0, 0, 0, 0,
    0, 0, 0, 0, 0, 0, 0, 0,
    0, 0, 0, -22, 0, 0, 0, 0,
    0, 0, 0, -6, 0, 16, -22, 0,
    -13, 0, -19, 0, 0, 0, 0, 0,
    0, 0, 0, 0, 0, 0, 0, 0,
    0, 0, 0, 0, 0, 0, 0, 0,
    0, 0, 0, 0, 0, 0, 0, 0,
    0, 0, 0, 0, 0, 0, 0, 0,
    0, 0, 0, 0, 0, 0, 0, 0,
    0, 0, 0, 0, 0, 0, 0, 0,
    0, 0, 0, 0, 0, 0, 0, 0,
    0, 0, 0, 0, 0, 0, 0, 0,
    0, 0, 0, 0, 0, 0, 0, 0,
    0, 0, 0, 0, 0, 0, 0, 0,
    -3, 0, 0, 0, 0, 0, 0, 0,
    0, 0, 0, 0, 0, 0, 0, 0,
    0, 0, 0, 0, 0, 0, 0, 0,
    0, 0, 0, 0, 0, 0, 0, 0,
    0, 0, 0, 0, 0, 0, 0, 0,
    0, 0, 0, 0, 0, 0, 0, 0,
    0, 0, 0, 0, 0, 0, 0, 0,
    0, 0, 0, 0, 0, 0, 0, 0,
    0, 0, 0, 0, 0, 0, 0, 0,
    0, 0, 0, 0, 0, 0, 0, 0,
    0, 0, 0, 0, 0, 0, 0, 0,
    0, 0, 0, 0, 0, 0, 0, 0,
    0, 0, 0, 0, 0, 0, 0, -6,
    0, 0, 0, 0, 0, 0, 0, 0,
    0, 0, 0, 0, 0, 0, 0, 0,
    0, 0, -6, 0, 0, 0, 0, 0,
    0, 0, 0, 0, 0, 0, 0, 0,
    0, 0, 0, 0, 0, 0, 0, 0,
    0, 0, 0, 0, 0, 0, 0, 0,
    0, 0, 0, 0, 0, 0, 0, 0,
    0, 0, 0, 0, 0, 0, 0, 0,
    0, 0, 0, 0, 0, 0, 0, 0,
    0, 0, 0, 0, 0, 0, 0, 0,
    0, 0, 0, 0, 0, 0, 0, 0,
    0, 0, 0, 0, -13, 0, 0, 0,
    -6, 0, 0, 0, -10, 0, -3, -6,
    -3, -3, 0, 0, 0, 0, 0, 0,
    0, 0, 0, 0, 0, 0, 0, 0,
    0, 0, 0, 0, 0, 0, 0, 0,
    0, 0, 0, 0, 0, 0, 0, 0,
    0, 0, 0, 0, 0, 0, 0, 0,
    0, 0, 0, 0, 0, 0, 0, 0,
    0, 0, 0, 0, 0, 0, 0, 0,
    0, 0, 0, 0, 0, 0, 0, 0,
    0, 0, 0, 0, 0, 0, 0, 0,
    0, 0, 0, 0, 0, 0, 0, 0,
    0, 0, 0, 0, 0, 0, 0, 0,
    0, 0, 0, 0, 0, 19, 0, 0,
    0, 0, 0, 0, 0, 0, 0, 0,
    0, 0, 0, 0, 0, 0, 0, 0,
    0, 0, 0, 0, 0, 0, 0, 0,
    0, 0, 0, 0, 0, 0, 0, 0,
    0, 0, 0, 0, 0, 0, 0, 0,
    0, 0, 0, 0, 0, 0, 0, 0,
    0, 0, 0, 0, 0, 0, 0, 0,
    0, 0, 0, 0, 0, 0, 0, 0,
    0, 0, 0, 0, 0, 0, 0, 0,
    0, 0, 0, 0, 0, 0, 0, 0,
    0, 0, 0, 0, 0, 0, 0, 6,
    -19, 0, 0, 6, -6, 0, 0, 0,
    0, 0, 0, 0, 0, 0, 0, 0,
    0, 0, 0, 0, 0, 0, 0, 0,
    0, 0, 0, 0, 0, 0, 0, 0,
    0, 0, 0, 0, 0, 0, 0, 0,
    0, 0, 0, 0, 0, 0, 0, 0,
    0, 0, 0, 0, 0, 0, 0, 0,
    0, 0, 0, 0, 0, 0, 0, 0,
    0, 0, 0, 0, 0, 0, 0, 0,
    0, 0, 0, 0, 0, 0, 0, 0,
    0, 0, 0, 0, 0, 0, 0, 0,
    0, 0, 0, 0, 0, 0, 0, -26,
    0, 0, 0, 0, 0, 0, 0, -6,
    0, 0, -6, -3, -6, 0, -10, 0,
    0, 0, 0, 0, 0, 0, 0, 0,
    0, 0, 0, 0, 0, 0, 0, 0,
    0, 0, 0, 0, 0, 0, 0, 0,
    0, 0, 0, 0, 0, 0, 0, 0,
    0, 0, 0, 0, 0, 0, 0, 0,
    0, 0, 0, 0, 0, 0, 0, 0,
    0, 0, 0, 0, 0, 0, 0, 0,
    0, 0, 0, 0, 0, 0, 0, 0,
    0, 0, 0, 0, 0, 0, 0, 0,
    0, 0, 0, 0, 0, 0, 0, 0,
    0, 0, -3, 0, -42, 0, 0, 0,
    -16, 0, 0, 0, 0, 0, 0, -6,
    0, -3, 0, 0, 0, 0, 0, 0,
    0, 0, 0, 0, -6, 0, -10, 0,
    0, 0, 0, 0, 0, 0, 0, 0,
    0, 0, 0, 0, 0, 0, 0, 0,
    0, 0, 0, 0, 0, 0, 0, 0,
    0, 0, 0, 0, 0, 0, 0, 0,
    0, 0, 0, 0, 0, 0, 0, 0,
    0, 0, 0, 0, 0, 0, 0, 0,
    0, 0, 0, 0, 0, 0, 0, 0,
    0, 0, 0, 0, 0, 0, 0, 0,
    0, 0, 0, 0, 0, 0, 0, 0,
    0, 0, 0, 0, 0, 0, 0, 0,
    0, 0, 0, 0, 0, 0, 0, 0,
    0, 0, 0, 0, 0, 0, -3, 0,
    0, 0, 0, 0, 0, 0, 0, 0,
    0, 0, 0, 0, 0, 0, 0, 0,
    0, 0, 0, 0, 0, 0, 0, 0,
    0, 0, 0, 0, 0, 0, 0, 0,
    0, 0, 0, 0, 0, 0, 0, 0,
    0, 0, 0, 0, 0, 0, 0, 0,
    0, 0, 0, 0, 0, 0, 0, 0,
    0, 0, 0, 0, 0, 0, 0, 0,
    0, 0, 0, 0, 0, 0, -6, 0,
    -19, -13, 0, 6, -22, -6, 0, 0,
    6, 0, 0, 0, 0, 0, -26, 0,
    -22, 0, -22, 0, -16, -19, -6, -13,
    -19, -10, 0, 0, 0, 0, 0, 0,
    0, 0, 0, 0, 0, 0, 0, 0,
    0, 0, 0, 0, 0, 0, 0, 0,
    0, 0, 0, 0, 0, 0, 0, 0,
    0, 0, 0, 0, 0, 0, 0, 0,
    0, 0, 0, 0, 0, 0, 0, 0,
    0, 0, 0, 0, 0, 0, 0, 0,
    0, 0, 0, 0, 0, 0, 0, 0,
    0, 0, 0, 0, 0, 0, 0, 0,
    0, 0, -6, 0, 0, 0, -3, 0,
    0, 0, 0, 0, 0, 0, 0, 0,
    0, 0, 0, 0, 0, 0, 0, 0,
    0, 0, 0, 0, 0, 0, 0, 0,
    0, 0, 0, 0, 0, 0, 0, 0,
    0, 0, 0, 0, 0, 0, 0, 0,
    0, 0, 0, 0, 0, 0, 0, 0,
    0, 0, 0, 0, 0, 0, 0, 0,
    0, 0, 0, 0, 0, 0, 0, 0,
    0, 0, 0, 0, 0, 0, 0, 0,
    0, 0, 0, 0, 0, 0, 0, 0,
    0, 0, 0, 0, 0, 0, 0, 0,
    0, 0, 0, 0, -16, 0, 0, 6,
    -13, -3, 0, 0, 0, 0, 0, 0,
    0, 0, -6, 0, -6, 0, -3, 0,
    -3, -3, 0, 0, -10, -3, 0, 0,
    0, 0, 0, 0, 0, 0, 0, 0,
    0, 0, 0, 0, 0, 0, 0, 0,
    0, 0, 0, 0, 0, 0, 0, 0,
    0, 0, 0, 0, 0, 0, 0, 0,
    0, 0, 0, 0, 0, 0, 0, 0,
    0, 0, 0, 0, 0, 0, 0, 0,
    0, 0, 0, 0, 0, 0, 0, 0,
    0, 0, 0, 0, 0, 0, 0, 0,
    0, 0, 0, 0, -10, 0, -19, 0,
    0, 6, -19, -6, 0, 0, 0, 0,
    0, 0, 0, 0, -16, 0, -16, 0,
    -16, 0, -10, -13, 0, -6, -26, -10,
    0, 0, 0, 0, 0, 0, 0, 0,
    0, 0, 0, 0, 0, 0, 0, 0,
    0, 0, 0, 0, 0, 0, 0, 0,
    0, 0, 0, 0, 0, 0, 0, 0,
    0, 0, 0, 0, 0, 0, 0, 0,
    0, 0, 0, 0, 0, 0, 0, 0,
    0, 0, 0, 0, 0, 0, 0, 0,
    0, 0, 0, 0, 0, 0, 0, 0,
    0, 0, 0, 0, 0, 0, 0, 0,
    0, 0, 0, 0, 0, -3, 0, 0,
    0, 0, 0, 0, 0, 0, 0, 0,
    0, 0, 0, 0, 0, 0, 0, 0,
    -6, 0, 0, 0, 0, 0, 0, 0,
    0, 0, 0, 0, 0, 0, 0, 0,
    0, 0, 0, 0, 0, 0, 0, 0,
    0, 0, 0, 0, 0, 0, 0, 0,
    0, 0, 0, 0, 0, 0, 0, 0,
    0, 0, 0, 0, 0, 0, 0, 0,
    0, 0, 0, 0, 0, 0, 0, 0,
    0, 0, 0, 0, 0, 0, 0, 0,
    0, 0, 0, 0, 0, 0, 0, 0,
    0, 0, 0, 0, 0, 0, 0, 0,
    0, 30, 0, 0, 0, 0, 0, 0,
    0, 0, 0, 0, 0, 0, 0, 0,
    0, 0, 0, 0, 0, 0, 0, 0,
    0, 0, 0, 0, 0, 0, 0, 0,
    0, 0, 0, 0, 0, 0, 0, 0,
    0, 0, 0, 0, 0, 0, 0, 0,
    0, 0, 0, 0, 0, 0, 0, 0,
    0, 0, 0, 0, 0, 0, 0, 0,
    0, 0, 0, 0, 0, 0, 0, 0,
    0, 0, 0, 0, 0, 0, 0, 0,
    0, 0, 0, 0, 0, 0, 0, 0,
    0, -3, 0, 0, 0, 0, 0, 0,
    0, 0, 0, 0, 0, 0, 0, 0,
    0, 0, 0, 0, 0, 0, 0, 0,
    0, 0, 0, 0, 0, 0, 0, 0,
    0, 0, 0, 0, 0, 0, 0, 0,
    0, 0, 0, 0, 0, 0, 0, 0,
    0, 0, 0, 0, 0, 0, 0, 0,
    0, 0, 0, 0, 0, 0, 0, 0,
    0, 0, 0, 0, 0, 0, 0, 0,
    0, 0, 0, 0, 0, 0, 0, 0,
    0, 0, 0, 0, 0, 0, 0, 0,
    0, 0, 0, 0, 0, 0, 0, 0,
    0, 0, 0, -3, 0, 0, 0, 0,
    0, 0, 0, 0, 0, 0, 0, 0,
    0, 0, 0, 0, 0, 0, 0, 0,
    0, 0, 0, 0, -6, -3, 0, 0,
    0, 0, 0, 0, 0, 0, 0, 0,
    0, 0, 0, 0, 0, 0, 0, 0,
    0, 0, 0, 0, 0, 0, 0, 0,
    0, 0, 0, 0, 0, 0, 0, 0,
    0, 0, 0, 0, 0, 0, 0, 0,
    0, 0, 0, 0, 0, 0, 0, 0,
    0, 0, 0, 0, 0, 0, 0, 0,
    0, 0, 0, 0, 0, 0, 0, 0,
    0, 0, 0, 0, 0, 6, 0, 0,
    0, 0, 0, 0, 0, 0, 0, 0,
    0, 0, 0, 0, 0, 0, 0, 0,
    0, 0, 0, 0, 0, 0, 0, 0,
    0, 0, 0, 0, 0, 0, 0, 0,
    0, 0, 0, 0, 0, 0, 0, 0,
    0, 0, 0, 0, 0, 0, 0, 0,
    0, 0, 0, 0, 0, 0, 0, 0,
    0, 0, 0, 0, 0, 0, 0, 0,
    0, 0, 0, 0, 0, 0, 0, 0,
    0, 0, 0, 0, 0, 0, 0, 0,
    0, 0, 0, 0, 0, 0, 0, 0,
    0, 0, 0, 0, 0, 0, 0, 19,
    0, 13, -6, 0, 0, 0, 0, 0,
    0, 0, 0, 0, 0, 0, 0, 0,
    0, 0, 0, 0, 0, 0, 0, 0,
    0, 0, 0, 0, 0, 0, 0, 0,
    0, 0, 0, 0, 0, 0, 0, 0,
    0, 0, 0, 0, 0, 0, 0, 0,
    0, 0, 0, 0, 0, 0, 0, 0,
    0, 0, 0, 0, 0, 0, 0, 0,
    0, 0, 0, 0, 0, 0, 0, 0,
    0, 0, 0, 0, 0, 0, 0, 0,
    0, 0, 0, 0, 0, 0, 0, 0,
    0, 0, 0, 0, 0, 0, 0, 0,
    0, 13, 0, 0, -51, 0, 0, 0,
    0, 0, 0, 0, 0, 0, 0, 0,
    0, 0, -6, 0, -6, 0, -3, 0,
    0, 0, 0, 0, 0, 0, 0, 0,
    0, 0, 0, 0, 0, 0, 0, 0,
    0, 0, 0, 0, 0, 0, 0, 0,
    0, 0, 0, 0, 0, 0, 0, 0,
    0, 0, 0, 0, 0, 0, 0, 0,
    0, 0, 0, 0, 0, 0, 0, 0,
    0, 0, 0, 0, 0, 0, 0, 0,
    0, 0, 0, 0, 0, 0, 0, 0,
    0, 0, 0, 0, 0, 0, 0, 0,
    0, 0, 0, 13, 0, 0, -13, 0,
    0, 6, 0, 0, 0, 0, 0, 0,
    0, 0, 0, 0, 0, 0, 0, 0,
    0, 0, 0, 0, 0, 0, 0, 0,
    0, 0, 0, 0, 0, 0, 0, 0,
    0, 0, 0, 0, 0, 0, 0, 0,
    0, 0, 0, 0, 0, 0, 0, 0,
    0, 0, 0, 0, 0, 0, 0, 0,
    0, 0, 0, 0, 0, 0, 0, 0,
    0, 0, 0, 0, 0, 0, 0, 0,
    0, 0, 0, 0, 0, 0, 0, 0,
    0, 0, 0, 0, 0, 0, 0, 0,
    0, 0, 0, 0, 0, 0, 0, 0,
    0, 0, 0, 0, 0, 0, 0, 0,
    0, 0, 0, 0, 0, 0, 0, 0,
    -6, 0, 0, 0, 0, 0, 0, 0,
    0, 0, 0, 0, 0, 0, 0, 0,
    0, 0, 0, 0, 0, 0, 0, 0,
    0, 0, 0, 0, 0, 0, 0, 0,
    0, 0, 0, 0, 0, 0, 0, 0,
    0, 0, 0, 0, 0, 0, 0, 0,
    0, 0, 0, 0, 0, 0, 0, 0,
    0, 0, 0, 0, 0, 0, 0, 0,
    0, 0, 0, 0, 0, 0, 0, 0,
    0, 0, 0, 0, 0, 0, 0, 0,
    0, 0, 0, 0, 0, 0, 0, 0,
    0, 16, -6, 0, -3, 0, -10, 0,
    0, 0, 0, 0, 0, 0, 0, 0,
    0, 0, 0, 0, 0, 0, 0, 0,
    0, 0, 0, 0, 0, 0, 0, 0,
    0, 0, 0, 0, 0, 0, 0, 0,
    0, 0, 0, 0, 0, 0, 0, 0,
    0, 0, 0, 0, 0, 0, 0, 0,
    0, 0, 0, 0, 0, 0, 0, 0,
    0, 0, 0, 0, 0, 0, 0, 0,
    0, 0, 0, 0, 0, 0, 0, 0,
    0, 0, 0, 0, 0, 0, 0, 0,
    0, 0, 0, 0, 0, 0, 0, 0,
    0, 0, 0, 0, -10, 0, -3, 0,
    -10, 0, 0, 0, 0, 0, 0, 0,
    0, 0, 0, 0, 0, 0, 0, 0,
    0, 0, 0, -10, 0, 0, -10, 0,
    0, 0, 0, 0, 0, 0, 0, 0,
    0, 0, 0, 0, -10, 0, 0, 0,
    0, 0, -3, 0, 0, 0, 0, 0,
    0, 0, 0, 0, 0, 0, 0, 0,
    0, 0, 0, 0, 0, 0, 0, 0,
    0, 0, 0, 0, 0, 0, -3, 0,
    0, 0, 0, 0, 0, 0, 0, 0,
    0, 0, 0, 0, 0, 0, 0, 0,
    0, 0, 0, 0, 0, 0, -19, 0,
    -10, -6, -26, 0, 0, 0, 0, 0,
    0, 0, 0, 0, 0, 0, 0, 0,
    0, 0, 0, 0, 0, -26, 0, 0,
    -19, -6, 0, 0, 0, 0, 0, 0,
    0, 0, 0, 0, 0, 0, -19, 0,
    0, 0, 0, -6, 0, 0, -6, 0,
    0, -6, 0, 0, 0, 0, 0, 0,
    0, 0, 0, 0, 0, 0, 0, 0,
    0, 0, 0, 0, 0, 0, 0, 0,
    -13, 0, 0, 0, 0, 0, 0, 0,
    0, 0, 0, 0, 0, 0, 0, 0,
    0, 0, 0, 0, 0, 0, 0, 32,
    -13, 0, -10, 0, -13, 0, 0, 0,
    0, 0, 0, 0, 0, 0, 0, 0,
    0, 0, 0, 0, 0, 0, 0, 0,
    0, 0, 0, 0, 0, 0, 0, 0,
    0, 0, 0, 0, 0, 0, 0, 0,
    0, 0, 0, 0, 0, 0, 0, 0,
    0, 0, 0, 0, 0, 0, 0, 0,
    0, 0, 0, 0, 0, 0, 0, 0,
    0, 0, 0, 0, 0, 0, 0, 0,
    0, 0, 0, 0, 0, 0, 0, 0,
    0, 0, 0, 0, 0, 0, 0, 0,
    0, 16, 0, 0, 0, 0, 0, 0,
    0, 0, 0, 0, 0, 0, 0, 0,
    0, 0, 0, 0, 0, 0, 0, 0,
    0, 0, 0, 0, 0, 0, 0, 0,
    0, 0, 0, 0, 0, 0, 0, 0,
    0, 0, 0, 0, 0, 0, 0, 0,
    0, 0, 0, 0, 0, 0, 0, 0,
    0, 0, 0, 0, 0, 0, 0, 0,
    0, 0, 0, 0, 0, 0, 0, 0,
    0, 0, 0, 0, 0, 0, 0, 0,
    0, 0, 0, 0, 0, 0, 0, 0,
    0, 0, 0, 0, 0, 0, 0, 0,
    0, -22, 0, 0, 0, 0, 0, 0,
    0, -6, 0, 35, -22, 0, -13, 0,
    -19, 0, 0, 0, 0, 0, 0, 0,
    0, 0, 0, 0, 0, 0, 0, 0,
    0, 0, 0, 0, 0, 0, 0, 0,
    0, 0, 0, 0, 0, 0, 0, 0,
    0, 0, 0, 0, 0, 0, 0, 0,
    0, 0, 0, 0, 0, 0, 0, 0,
    0, 0, 0, 0, 0, 0, 0, 0,
    0, 0, 0, 0, 0, 0, 0, 0,
    0, 0, 0, 0, 0, 0, 0, 0,
    0, 0, 0, 0, 0, 0, 0, 0,
    0, 0, 22, 21, 0, 34, 0, 0,
    0, 33, 0, 0, 0, 0, 0, 0,
    0, 0, 0, 0, 0, 10, 0, 0,
    0, 0, 0, 0, 0, 0, 0, 0,
    0, 22, 0, 0, 0, 0, 0, 0,
    0, 0, 0, 0, 0, 0, 0, 0,
    0, 0, 0, 0, 0, 0, 0, 0,
    0, 0, 0, 0, 0, 0, 0, 0,
    0, 0, 0, 0, 0, 0, 0, 0,
    0, 0, 0, 0, 0, 0, 0, 0,
    0, 0, 0, 0, 0, 0, 0, 0,
    0, 0, 0, 0, 0, 0, 0, 0,
    0, 0, 0, 25, 0, 0, 0, 16,
    0, 0, 0, 0, 0, 0, 0, 0,
    0, 0, 0, 0, 0, 0, 0, 0,
    0, 0, 0, 0, 0, 0, 0, 0,
    0, 0, 0, 0, 40, 0, 0, 0,
    0, 0, 0, 0, 0, 0, 0, 0,
    0, 0, 0, 0, 0, 0, 0, 0,
    0, 0, 0, 0, 0, 0, 0, 0,
    0, 0, 0, 0, 0, 0, 0, 0,
    0, 0, 0, 0, 0, 0, 0, 0,
    0, 0, 0, 0, 0, 0, 0, 0,
    0, 0, 0, 0, 0, 0, 0, 0,
    0, 0, 0, 0, 0, 0, 0, 0,
    0, 0, 0, 0, 0, 0, 0, 0,
    0, 16, 0, 0, 0, 0, 0, 0,
    0, 0, 0, 0, 0, 0, 0, 0,
    0, 0, 0, 0, 0, 0, 0, 0,
    0, 0, 0, 0, 0, 0, 0, 0,
    0, 0, 0, 0, 0, 0, 0, 0,
    0, 0, 0, 0, 0, 0, 0, 0,
    0, 0, 0, 0, 0, 0, 0, 0,
    0, 0, 0, 0, 0, 0, 0, 0,
    0, 0, 0, 0, 0, 0, 0, 0,
    0, 0, 0, 0, 0, 0, 0, 0,
    0, 0, 0, 0, 0, 0, 0, 0,
    28, 31, 0, 43, 0, 0, 0, 38,
    0, 0, 0, 0, 0, 0, 0, 0,
    0, 0, 0, 0, 0, 0, 0, 0,
    0, 0, 0, 0, 0, 0, 0, 0,
    0, 0, 0, 0, 0, 0, 0, 0,
    0, 0, 0, 0, 0, 0, 0, 0,
    0, 0, 0, 0, 0, 0, 0, 0,
    0, 0, 0, 0, 0, 0, 0, 0,
    0, 0, 0, 0, 0, 0, 0, 0,
    0, 0, 0, 0, 0, 0, 0, 0,
    0, 0, 0, 0, 0, 0, 0, 0,
    0, 0, 0, 0, 0, 0, 0, 0,
    0, 25, 0, 0, 0, 0, 0, 0,
    0, 0, -6, 0, 6, 0, 19, 0,
    22, 16, 19, 0, 0, 0, 0, 0,
    0, 0, 0, 0, 0, 0, 0, 0,
    0, 0, 0, 0, 0, 0, 0, 0,
    0, 0, 0, 0, 0, 0, 0, 0,
    0, 0, 0, 0, 0, 0, 0, 0,
    0, 0, 0, 0, 0, 0, 0, 0,
    0, 0, 0, 0, 0, 0, 0, 0,
    0, 0, 0, 0, 0, 0, 0, 0,
    0, 0, 0, 0, 0, 0, 0, 0,
    0, 0, 0, 0, 0, 0, 0, 0,
    0, 0, 0, 0, 0, 0, 0, 0,
    0, 0, 0, 0, 0, 0, 0, 0,
    0, 0, 0, 0, 0, 0, 0, 6,
    0, 13, 0, 0, 0, 0, 16, 0,
    0, 0, 0, 0, 0, 0, 0, 0,
    0, 0, 0, 0, 0, 0, 0, 0,
    0, 0, 0, 0, 0, 0, 0, 0,
    0, 0, 0, 0, 0, 0, 0, 0,
    0, 0, 0, 0, 0, 0, 0, 0,
    0, 0, 0, 0, 0, 0, 0, 0,
    0, 0, 0, 0, 0, 0, 0, 0,
    0, 0, 0, 0, 0, 0, 0, 0,
    0, 0, 0, 0, 0, 0, 0, 0,
    0, 0, 0, 0, 0, 0, -10, -3,
    6, 0, 22, 0, 22, 16, 19, 0,
    -10, 0, -6, 0, -6, 0, 0, 0,
    0, 0, 0, 0, 0, 0, 0, 0,
    0, 0, 0, 0, 0, 0, 0, 0,
    0, 0, 0, 0, 0, 0, 0, 0,
    0, 0, 0, 0, 0, 0, 0, 0,
    0, 0, 0, 0, 0, 0, 0, 0,
    0, 0, 0, 0, 0, 0, 0, 0,
    0, 0, 0, 0, 0, 0, 0, 0,
    0, 0, 0, 0, 0, 0, 0, 0,
    0, 0, 0, 0, 0, 0, 0, 0,
    0, 0, 0, 0, 0, 0, 0, 0,
    0, 0, 0, 0, 0, 0, 0, 0,
    0, 0, 0, 6, 0, 16, 0, 0,
    0, 0, 16, 0, 0, 0, 0, 0,
    0, 0, 0, 0, 0, 0, 0, 0,
    0, 0, 0, 0, 0, 0, 0, 0,
    0, 0, 0, 0, 0, 0, 0, 0,
    0, 0, 0, 0, 0, 0, 0, 0,
    0, 0, 0, 0, 0, 0, 0, 0,
    0, 0, 0, 0, 0, 0, 0, 0,
    0, 0, 0, 0, 0, 0, 0, 0,
    0, 0, 0, 0, 0, 0, 0, 0,
    0, 0, 0, -22, 0, 0, 0, 0,
    0, 0, 0, 0, 0, 0, 0, 0,
    0, 0, 0, 0, 0, 0, 0, 0,
    0, 0, 0, 0, 0, 0, 0, 0,
    0, 0, 0, 0, -6, -19, 0, 0,
    -22, 0, 0, 0, 0, 0, 0, 0,
    0, 0, 0, 0, 0, 0, 0, 0,
    0, 0, 0, 0, 0, 0, 0, 0,
    0, 0, 0, 0, 0, 0, 0, 0,
    0, 0, 0, 0, 0, 0, 0, 0,
    0, 0, 0, 0, 0, 0, 0, 0,
    0, 0, 0, 0, 0, 0, 0, 0,
    0, 0, 0, 0, 0, 0, 0, 0,
    -13, 0, 0, 0, 0, 0, 0, 0,
    0, 0, 0, 0, 0, 0, 0, 0,
    0, 0, 0, 0, 0, 0, 0, 0,
    0, 0, 0, 0, 0, -6, 0, -3,
    0, -3, -10, -6, 0, 0, 0, 0,
    0, 0, 0, 0, 0, 0, 0, 0,
    0, 0, 0, 0, 0, 0, 0, 0,
    0, 0, 0, 0, 0, 0, 0, 0,
    0, 0, 0, 0, 0, 0, 0, 0,
    0, 0, 0, 0, 0, 0, 0, 0,
    0, 0, 0, 0, 0, 0, 0, 0,
    0, 0, 0, 0, 0, 0, 0, 0,
    0, 0, -19, 0, 0, 0, 0, 0,
    0, 0, 0, 0, 0, 0, 0, 0,
    0, 0, 0, 0, 0, 0, 0, 0,
    0, 0, -26, -10, 0, 0, 0, -19,
    -6, 0, -10, 0, 0, 0, -16, -16,
    -10, -10, 0, -16, 0, 0, -16, 0,
    0, 0, 0, 0, 0, 0, 0, 0,
    0, 0, 0, 0, 0, 0, 0, 0,
    0, 0, 0, 0, 0, 0, 0, 0,
    0, 0, 0, 0, 0, 0, 0, 0,
    0, 0, 0, 0, 0, 0, 0, 0,
    0, 0, 0, 0, 0, 0, 0, 0,
    0, 13, 0, 0, -6, 0, 0, 0,
    0, 0, 0, 0, 0, 0, 0, 0,
    0, 0, 0, 0, 0, 0, 0, 0,
    0, 0, 0, 0, 0, 0, 0, 0,
    0, 0, 0, 0, 0, 0, 0, 0,
    -6, -6, -3, 0, -6, -6, -6, 0,
    -6, -6, -6, -6, 0, 0, 0, 0,
    0, 0, 0, 0, 0, 0, 0, 0,
    0, 0, 0, 0, 0, 0, 0, 0,
    0, 0, 0, 0, 0, 0, 0, 0,
    0, 0, 0, 0, 0, 0, 0, 0,
    0, 0, 0, 0, 0, 0, 0, 0,
    0, 0, 0, 0, 0, 0, -26, -13,
    0, 0, 0, 0, 0, 0, 0, 0,
    0, 0, 0, 0, 0, 0, 0, 0,
    0, 0, 0, 0, 0, 0, -19, -10,
    0, 0, 0, -22, -6, 0, -16, 0,
    6, 0, -22, -22, -16, -16, -6, -22,
    0, -6, -22, 0, 0, -6, 0, 0,
    0, 0, 0, 0, 0, 0, 0, 0,
    0, 0, 0, 0, 0, 0, 0, 0,
    0, 0, 0, 0, 0, 0, 0, 0,
    0, 0, 0, 0, 0, 0, 0, 0,
    0, 0, 0, 0, 0, 0, 0, 0,
    0, 0, 0, 0, 0, 0, 0, 0,
    0, 0, 0, 0, 0, 0, 0, 0,
    0, 0, 0, 0, 0, 0, 0, 0,
    0, 0, 0, 0, 0, 0, 0, 0,
    -6, 0, 0, 0, 0, 0, -3, 0,
    0, 0, 0, 0, 0, 0, 0, 0,
    0, 0, 0, 0, 0, 0, 0, 0,
    0, 0, 0, 0, 0, 0, 0, 0,
    0, 0, 0, 0, 0, 0, 0, 0,
    0, 0, 0, 0, 0, 0, 0, 0,
    0, 0, 0, 0, 0, 0, 0, 0,
    0, 0, 0, 0, 0, 0, 0, 0,
    0, 0, 0, 0, 0, 0, 0, 0,
    0, 0, 0, 0, 0, 0, 0, 0,
    0, 0, 0, 0, 0, 0, 0, 0,
    0, 0, 0, 0, 0, 0, 0, 0,
    0, 0, -6, 0, 0, 0, 0, 0,
    -6, 0, 0, 0, 0, 0, 0, 0,
    0, 0, 0, 0, 0, 0, 0, 0,
    0, 0, 0, 0, 0, 0, 0, 0,
    0, 0, 0, 0, 0, 0, 0, 0,
    0, 0, 0, 0, 0, 0, 0, 0,
    0, 0, 0, 0, 0, 0, 0, 0,
    0, 0, 0, 0, 0, 0, 0, 0,
    0, 0, 0, 0, 0, 0, 0, 0,
    0, 0, 0, 0, -19, -13, 0, 0,
    0, 0, 0, 0, 0, 0, 0, 0,
    0, 0, 0, 0, 0, 0, 0, 0,
    0, 0, 0, 0, -19, -10, 0, 0,
    0, -22, -6, 0, -16, 0, 6, 0,
    -22, -22, -16, -16, -6, -22, 0, -6,
    -22, 0, 0, -6, 0, 0, 0, 0,
    0, 0, 0, 0, 0, 0, 0, 0,
    0, 0, 0, 0, 0, 0, 0, 0,
    0, 0, 0, 0, 0, 0, 0, 0,
    0, 0, 0, 0, 0, 0, 0, 0,
    0, 0, 0, 0, 0, 0, 0, 0,
    0, 0, 0, 13, 0, 0, -6, 0,
    0, 0, 0, 0, 0, 0, 0, 0,
    0, 0, 0, 0, 0, 0, 0, 0,
    0, 0, 0, 0, 0, 0, 0, 0,
    0, 0, 0, 0, 0, 0, 0, 0,
    0, 0, -3, -6, -3, 0, -2, -6,
    -3, 0, -6, -3, -3, -3, 0, 0,
    0, 0, 0, 0, 0, 0, 0, 0,
    0, 0, 0, 0, 0, 0, 0, 0,
    0, 0, 0, 0, 0, 0, 0, 0,
    0, 0, 0, 0, 0, 0, 0, 0,
    0, 0, 0, 0, 0, 0, 0, 0,
    0, 0, 0, 0, 0, 6, 0, 0,
    0, 0, 0, 0, 0, 0, 0, 0,
    0, 0, 0, 0, 0, 0, 0, 0,
    0, 0, 0, 0, 0, 0, 0, 0,
    0, 0, 0, 0, 0, 0, 0, 0,
    0, 0, 0, 0, -3, 0, 0, 0,
    0, 0, 0, 0, 0, 0, 0, 0,
    0, 0, 0, 0, 0, 0, 0, 0,
    0, 0, 0, 0, 0, 0, 0, 0,
    0, 0, 0, 0, 0, 0, 0, 0,
    0, 0, 0, 0, 0, 0, 0, 0,
    0, 0, 0, 0, 0, 0, 0, 0,
    0, 0, 0, 0, 0, 0, 0, -3,
    0, 0, 0, 0, 0, 0, 0, 0,
    0, 0, 0, 0, 0, 0, 0, 0,
    0, 0, 0, 0, 0, 0, 0, 0,
    0, 0, 0, 0, 0, 0, 0, 0,
    0, 0, 0, 0, 0, 0, 0, 0,
    0, 0, -2, 0, 0, 0, 0, -3,
    0, 0, 0, 0, 0, 0, 0, 0,
    0, 0, 0, 0, 0, 0, 0, 0,
    0, 0, 0, 0, 0, 0, 0, 0,
    0, 0, 0, 0, 0, 0, 0, 0,
    0, 0, 0, 0, 0, 0, 0, 0,
    0, 0, 0, 0, 0, 0, 0, 0,
    0, -3, 0, 0, 0, 0, 0, 0,
    0, 0, 0, 0, 0, 0, 0, 0,
    0, 0, 0, 0, 0, 0, 0, 0,
    0, 0, 0, 0, 0, 0, 0, 0,
    0, 0, 0, 0, 0, 0, 0, 0,
    0, 0, 0, 0, -6, 0, 0, -10,
    0, -3, -3, -6, 0, 0, 0, 0,
    0, 0, 0, 0, 0, 0, 0, 0,
    0, 0, 0, 0, 0, 0, 0, 0,
    0, 0, 0, 0, 0, 0, 0, 0,
    0, 0, 0, 0, 0, 0, 0, 0,
    0, 0, 0, 0, 0, 0, 0, 0,
    0, 0, 0, -3, 0, 0, 0, 0,
    0, 0, 0, 0, 0, 0, 0, 0,
    0, 0, 0, 0, 0, 0, 0, 0,
    0, 0, 0, 0, 0, 0, 0, 0,
    0, 0, 0, 0, 0, 0, 0, 0,
    0, 0, 0, 0, 0, 0, -6, 0,
    0, -6, 0, 0, 0, -6, 0, 0,
    0, 0, 0, 0, 0, 0, 0, 0,
    0, 0, 0, 0, 0, 0, 0, 0,
    0, 0, 0, 0, 0, 0, 0, 0,
    0, 0, 0, 0, 0, 0, 0, 0,
    0, 0, 0, 0, 0, 0, 0, 0,
    0, 0, 0, 0, 0, 13, 0, 0,
    -13, 0, 0, 0, 0, 0, 0, 0,
    0, 0, 0, 0, 0, 0, 0, 0,
    0, 0, 0, 0, 0, 0, 0, 0,
    0, 0, 0, 0, 0, 0, 0, 0,
    0, 0, 0, 0, -3, 0, 0, 0,
    0, 0, 0, -3, 0, 0, 0, 0,
    0, 0, 0, 0, 0, 0, 0, 0,
    0, 0, 0, 0, 0, 0, 0, 0,
    0, 0, 0, 0, 0, 0, 0, 0,
    0, 0, 0, 0, 0, 0, 0, 0,
    0, 0, 0, 0, 0, 0, 0, 0,
    0, 0, 0, 0, 0, 0, 0, -3,
    0, 0, 0, 0, 0, 0, 0, 0,
    0, 0, 0, 0, 0, 0, 0, 0,
    0, 0, 0, 0, 0, 0, 0, 0,
    0, 0, 0, 0, 0, 0, 0, 0,
    0, 0, 0, 0, 0, 0, 0, 0,
    0, 0, -6, 0, 0, -6, 0, -3,
    -3, -6, 0, 0, 0, 0, 0, 0,
    0, 0, 0, 0, 0, 0, 0, 0,
    0, 0, 0, 0, 0, 0, 0, 0,
    0, 0, 0, 0, 0, 0, 0, 0,
    0, 0, 0, 0, 0, 0, 0, 0,
    0, 0, 0, 0, 0, 0, 0, 0,
    0, 6, 0, 0, 0, 0, 0, 0,
    0, 0, 0, 0, 0, 0, 0, 0,
    0, 0, 0, 0, 0, 0, 0, 0,
    0, 0, 0, 0, 0, 0, 0, 0,
    0, 0, 0, 0, 0, 0, 0, 0,
    -8, -3, 0, 0, 0, 0, 0, 0,
    0, 0, -3, 0, 0, 0, 0, 0,
    0, 0, 0, 0, 0, 0, 0, 0,
    0, 0, 0, 0, 0, 0, 0, 0,
    0, 0, 0, 0, 0, 0, 0, 0,
    0, 0, 0, 0, 0, 0, 0, 0,
    0, 0, 0, 0, 0, 0, 0, 0,
    0, 0, 0, 0, 0, 0, 0, 0,
    0, 0, 0, 0, 0, 0, 0, 0,
    0, 0, 0, 0, 0, 0, 0, 0,
    0, 0, 0, 0, 0, 0, 0, 0,
    0, 0, 0, 0, 0, 0, 0, 0,
    0, 0, 0, -3, 0, 0, 0, 0,
    0, -6, 0, 0, 0, 0, 0, 0,
    0, 0, 0, 0, 0, 0, 0, 0,
    0, 0, 0, 0, 0, 0, 0, 0,
    0, 0, 0, 0, 0, 0, 0, 0,
    0, 0, 0, 0, 0, 0, 0, 0,
    0, 0, 0, 0, 0, 0, 0, 0,
    0, 0, 0, 0, 0, 13, 0, 0,
    -6, 0, 0, 0, 0, 0, 0, 0,
    0, 0, 0, 0, 0, 0, 0, 0,
    0, 0, 0, 0, 0, 0, 0, 0,
    0, 0, 0, 0, 0, 0, 0, 0,
    0, 0, 0, 0, -3, 0, 0, 0,
    -6, 0, -6, 0, -3, -3, -6, -16,
    0, 0, 0, 0, 0, 0, 0, 0,
    0, 0, 0, 0, 0, 0, 0, 0,
    0, 0, 0, 0, 0, 0, 0, 0,
    0, 0, 0, 0, 0, 0, 0, 0,
    0, 0, 0, 0, 0, 0, 0, 0,
    0, 0, 0, 0, 0, 0, 0, 6,
    0, 0, 0, 0, 0, 0, 0, 0,
    0, 0, 0, 0, 0, 0, 0, 0,
    0, 0, 0, 0, 0, 0, 0, 0,
    0, 0, 0, 0, 0, 0, 0, 0,
    0, 0, -3, 0, 0, 0, -3, 0,
    -6, 0, 0, 0, 0, 0, 0, 0,
    0, 0, 0, 0, 0, 0, 0, 0,
    0, 0, 0, 0, 0, 0, 0, 0,
    0, 0, 0, 0, 0, 0, 0, 0,
    0, 0, 0, 0, 0, 0, 0, 0,
    0, 0, 0, 0, 0, 0, 0, 0,
    0, 0, 0, 0, 0, 0, 0, 0,
    0, 13, 0, 0, -13, 0, 0, 0,
    0, 0, 0, 0, 0, 0, 0, 0,
    0, 0, 0, 0, 0, 0, 0, 0,
    0, 0, 0, 0, 0, 0, 0, 0,
    0, 0, 0, 0, 0, 0, 0, 0,
    -6, -6, 0, 0, 0, -6, 0, 0,
    -6, 0, 0, 0, 0, 0, 0, 0,
    0, 0, 0, 0, 0, 0, 0, 0,
    0, 0, 0, 0, 0, 0, 0, 0,
    0, 0, 0, 0, 0, 0, 0, 0,
    0, 0, 0, 0, 0, 0, 0, 0,
    0, 0, 0, 0, 0, 0, 0, 0,
    0, 0, 0, 13, 0, 0, -6, 0,
    0, 0, 0, 0, 0, 0, 0, 0,
    0, 0, 0, 0, 0, 0, 0, 0,
    0, 0, 0, 0, 0, 0, 0, 0,
    0, 0, 0, 0, 0, 0, 0, 0,
    0, 0, -6, -6, 0, 0, 0, -6,
    0, 0, -6, 0, 0, 0, 0, 0,
    0, 0, 0, 0, 0, 0, 0, 0,
    0, 0, 0, 0, 0, 0, 0, 0,
    0, 0, 0, 0, 0, 0, 0, 0,
    0, 0, 0, 0, 0, 0, 0, 0,
    0, 0, 0, 0, 0, 0, 0, 0,
    0, 0, 0, 0, 0, 13, 0, 0,
    0, 0, 0, 0, 0, 0, 0, 0,
    0, 0, 0, 0, 0, 0, 0, 0,
    0, 0, 0, 0, 0, 0, 0, 0,
    0, 0, 0, 0, 0, 0, 0, 0,
    0, 0, 0, 0, -10, -6, -3, 0,
    0, 0, 0, -11, 0, 0, 0, 0,
    0, 0, 0, 0, 0, 0, 0, 0,
    0, 0, 0, 0, 0, 0, 0, 0,
    0, 0, 0, 0, 0, 0, 0, 0,
    0, 0, 0, 0, 0, 0, 0, 0,
    0, 0, 0, 0, 0, 0, 0, 0,
    0, 0, 0, 0, 0, 0, 0, 0,
    0, 0, 0, 0, 0, 0, 0, 0,
    0, 0, 0, 0, 0, 0, 0, 0,
    0, 0, 0, 0, 0, 0, 0, 0,
    0, 0, 0, 0, 0, 0, 0, 0,
    0, 0, 0, 0, 0, 0, 0, 0,
    0, 0, 0, 0, 0, 0, 0, 0,
    0, 0, 0, 0, 0, 16, 0, 0,
    0, 0, 0, 0, 0, 0, 0, 0,
    0, 0, 0, 0, 0, 0, 0, 0,
    0, 0, 0, 0, 0, 0, 0, 0,
    0, 0, 0, 0, 0, 0, 0, 0,
    0, 0, 0, 0, 0, 0, 0, 0,
    0, -22, 0, 0, 0, 0, 0, 0,
    0, 0, 0, 0, 0, 0, 0, 0,
    0, 0, 0, 0, 0, 0, 0, 0,
    0, 0, 0, 0, 0, 0, 0, 0,
    0, 0, 0, 0, 0, 0, 0, 0,
    0, 0, 0, 0, 0, 0, 0, 0,
    0, 0, 0, 0, -16, 0, 0, 0,
    0, -6, 0, 0, 0, 0, 0, -10,
    0, 0, 0, 0, 0, 0, 0, 0,
    0, -6, -6, -6, 0, 0, 0, 0,
    0, 0, 0, -6, 0, -13, -19, -16,
    -6, 0, 0, 0, 0, 0, 0, -16,
    -10, -10, 0, 6, 0, 0, -16, -13,
    -10, 0, 0, 0, 0, 0, 0, 0,
    0, 0, 0, 0, 0, 0, 0, 0,
    0, 0, 0, 0, 0, 0, 0, -10,
    0, 0, 0, 0, 0, 0, 0, 0,
    0, 0, 0, 0, 0, 0, 0, 0,
    0, 0, 0, 0, 0, 0, 6, -6,
    0, 0, -8, 0, -22, -8, 0, 0,
    -11, 0, 0, -13, -6, -10, -13, -13,
    -3, -3, -10, -3, -5, -10, -13, 0,
    -6, 0, 0, 0, 0, 0, 0, 0,
    3, 0, 0, 0, 0, 0, 0, 0,
    0, 0, 0, 0, 0, 0, 0, 0,
    0, 0, 0, 0, 0, 0, 0, 0,
    0, 0, 0, 0, 0, 0, 0, 0,
    0, 0, 0, 0, 0, 0, 0, 0,
    -6, 0, 0, 0, 0, 0, 0, 0,
    0, 0, 0, 0, 0, 0, 0, 0,
    0, 0, 0, 0, 0, 0, 0, 0,
    0, -6, 0, 0, 0, 0, 0, 0,
    0, 0, -10, 0, 0, 0, 0, 0,
    0, 0, 0, 0, 0, 0, 0, -6,
    0, 0, 0, 0, 0, -6, 0, 0,
    0, 0, 0, 0, 0, -6, 0, 0,
    0, 0, -6, 0, -6, 0, 0, 0,
    0, 0, -6, 0, 0, 0, 0, 0,
    0, 0, 0, 0, 0, 0, 0, 0,
    0, 0, 0, 0, 0, 0, 0, 0,
    0, 0, 0, 0, 0, 0, 0, 0,
    0, 0, 0, 0, 0, 0, 0, 0,
    0, 0, 0, 0, 0, 0, 0, 0,
    0, 0, 0, 0, 0, 0, 0, 0,
    0, 0, 0, 0, -3, 0, 0, 0,
    0, 0, 0, 0, 0, 0, 0, 0,
    0, 0, 0, 0, 0, 0, 0, 0,
    0, 0, 0, 0, 0, 0, 0, 0,
    0, 0, 0, 0, 0, 0, 0, 0,
    0, -29, 0, 0, -3, 0, 0, 0,
    0, 0, 0, 0, 0, 0, 0, 0,
    0, 0, 0, 0, 0, 0, 0, 0,
    0, 0, 0, 0, 0, 0, 0, 0,
    0, 0, 0, 0, 0, 0, 0, 0,
    0, 0, 0, 0, 0, 0, 0, 0,
    0, 0, 0, 0, -19, 0, 0, 0,
    0, -6, 0, 0, 0, 0, 0, -10,
    0, 0, 0, 0, 0, 0, -6, 0,
    0, -6, -6, 0, -6, 0, 0, 0,
    0, 0, 0, 0, 0, 0, -10, 0,
    0, 0, 0, 0, 0, 0, 0, 0,
    0, -19, 0, 6, 0, 0, 0, -3,
    -3, 0, 0, 0, 0, 0, 0, 0,
    0, 0, 0, 0, 0, 0, 0, 0,
    0, 0, 0, 0, 0, 0, -6, 0,
    0, 0, 0, 0, 0, 0, 0, 0,
    0, 0, 0, 0, 0, 0, 0, 0,
    0, 0, 0, 0, 0, 0, 0, -6,
    0, 0, 0, 0, 0, 0, 0, 0,
    -13, -3, 0, -3, -6, 0, 0, -6,
    0, 0, 0, -3, -3, -6, 0, 0,
    0, 0, 0, -6, 0, 0, 0, 0,
    0, 0, 0, -16, 0, 0, 0, 0,
    -6, 0, -6, 0, 0, 6, 0, 0,
    -22, -6, -3, 0, 0, 0, 0, 0,
    0, 0, 0, 0, 0, 0, 0, 0,
    0, 0, 0, 0, 0, 0, 0, 0,
    -16, -6, 0, 0, 0, 0, 0, 0,
    0, 0, 0, 0, 0, 0, 0, 0,
    0, 0, 0, 0, 0, 0, 0, 0,
    0, -13, -6, 0, -28, 0, -38, -33,
    0, 0, -10, 0, -10, -16, -13, -3,
    -31, -20, -10, -6, -16, 0, 0, -6,
    -16, 16, -10, 0, 0, -3, 0, 0,
    0, 0, 0, 0, 0, -6, -10, -16,
    0, 0, -22, 0, 0, 0, 0, -22,
    0, 0, 0, 0, 0, 0, 0, 0,
    0, 0, 0, 0, 0, 0, 0, 0,
    0, 0, 0, 0, 0, 0, 0, 0,
    0, 0, 0, -3, 0, 0, 0, 0,
    0, 0, 0, 0, 0, 0, 0, 0,
    0, 0, 0, 0, 0, 0, 0, 0,
    0, 0, -22, -6, 0, 16, 0, -8,
    0, 0, 0, 0, -11, -19, 0, 0,
    0, 0, 0, -3, 0, 0, 0, -10,
    -6, -10, 0, 0, 0, 0, 0, 0,
    0, -6, 0, -13, -16, -19, 0, -16,
    0, 0, 0, -3, 0, -22, -10, -13,
    0, 0, 0, 0, 0, 0, 0, 0,
    0, 0, 0, 0, 0, 0, 0, 0,
    0, 0, 0, 0, 0, 0, 0, 0,
    0, 0, 0, 0, 0, 0, 0, 0,
    0, 0, 0, 0, 0, 0, 0, 0,
    0, 0, 0, 0, 0, 0, 0, 0,
    0, 0, 0, 0, 0, 0, 0, 0,
    0, 0, 0, 0, 0, 0, 0, 0,
    0, 0, 0, 0, 0, 0, -3, 0,
    0, 0, -3, 0, 0, 0, 0, 0,
    0, 0, 0, 0, 0, 0, 0, 0,
    0, 0, 0, 0, 0, 0, 0, 0,
    0, 0, 0, 0, 0, -6, 0, 0,
    0, 0, 0, 0, 0, 0, 0, 0,
    0, 0, 0, 0, 0, 0, 0, 0,
    0, 0, 0, 0, 0, 0, 0, 0,
    0, 0, 0, 0, 0, 0, 0, 0,
    0, 0, 0, 0, 0, 0, 0, 0,
    0, 0, 0, 0, 0, 0, 0, 0,
    0, 0, 0, 0, 0, 0, 0, 0,
    0, 0, 0, 0, 0, 0, 0, 0,
    -3, 0, 0, 0, 0, -5, -3, 0,
    0, 0, 0, 0, 0, 0, 0, 0,
    0, 0, 0, 0, 0, 0, 0, 0,
    0, 0, 0, 0, 0, 0, 0, 0,
    10, 0, 0, 0, 0, 0, 0, 0,
    0, 0, 0, 0, 0, 0, 0, 0,
    0, 0, 0, 0, 0, 0, 0, 0,
    0, 0, 0, 0, 0, 0, 0, 0,
    0, 0, 0, 0, 0, 0, 0, 0,
    0, 0, 0, 0, 0, 0, 0, 0,
    0, 0, 0, 29, 10, 0, 0, 13,
    0, 0, -3, -8, 0, 0, 0, 0,
    10, 0, 0, 0, 10, -3, 10, -6,
    0, 0, 0, 0, 22, 0, 0, 0,
    0, 0, 0, 0, 0, 0, 0, 0,
    0, 0, 0, 0, -6, 0, 0, 0,
    0, 0, -13, 0, 0, 0, 0, 0,
    0, 0, 0, 0, 0, 0, 0, 0,
    0, 0, 0, 0, 0, 0, 0, 0,
    0, 0, 0, 0, 0, 0, 0, 0,
    0, 0, 0, 0, 0, 0, 0, 0,
    0, 0, 0, 0, 0, 0, 0, 0,
    0, 0, -6, 0, 0, 0, -3, -13,
    -6, -3, -6, -3, 0, 0, 0, 0,
    0, 0, -3, 0, -5, 0, -3, 0,
    0, 0, -3, 0, 0, 0, 0, 0,
    0, 0, 0, -3, -3, -3, 0, 0,
    0, -6, 0, 0, 0, -6, 0, 0,
    0, 0, 0, 0, -42, -3, -3, 0,
    0, 0, 0, 0, 0, 0, 0, 0,
    0, 0, 0, 0, 0, 0, 0, 0,
    0, 0, 0, 0, -6, -3, 0, 0,
    0, 0, 0, 0, 0, 0, 0, 0,
    0, 0, 0, 0, 0, 0, 0, 0,
    0, 0, 0, 0, 0, 0, 0, 0,
    -19, -6, -16, -19, -6, 0, -3, 0,
    0, -8, 0, 0, -16, -3, 0, 0,
    -13, 0, 0, 0, -3, 0, 0, 0,
    0, 0, 0, 0, 0, 0, 0, 0,
    0, 0, 0, -19, 0, 0, -13, 0,
    0, 0, 0, -3, 0, -8, -13, 0,
    -3, 0, 0, 0, 0, 0, 0, 0,
    0, 0, 0, 0, 0, 0, 0, 0,
    0, 0, 0, 0, 0, 0, 0, 0,
    0, 0, 0, 0, 0, 0, 0, 0,
    0, 0, 0, 0, 0, 0, 0, 0,
    0, 0, 0, 0, 0, 0, -11, 0,
    -3, 0, -7, -10, -11, -10, -13, -10,
    0, 0, -3, 0, 0, 0, -8, 0,
    -5, 0, -5, 0, 0, 0, -3, 0,
    0, 0, 0, 0, 0, 0, 0, 0,
    -6, 0, 0, 0, 0, 0, 0, 0,
    0, 0, 0, 0, 0, -3, 0, 0,
    0, 0, 0, 0, 0, 0, 0, 0,
    0, 0, 0, 0, 0, 0, 0, 0,
    0, 0, 0, 0, 0, 0, 0, 0,
    0, 0, 0, 0, 0, 0, 0, 0,
    0, 0, 0, 0, 0, 0, 0, 0,
    0, 0, 0, 0, 0, 0, 0, 0,
    -13, 0, 0, 0, 0, -12, 0, 0,
    0, 0, 0, 0, 0, 0, 0, 0,
    0, 0, -6, 0, 0, -3, -3, 0,
    0, 0, 0, 0, 0, 0, 0, 0,
    0, 0, 0, 0, 0, 0, 0, 0,
    0, 0, 0, 0, 0, 0, 0, -1,
    0, 0, 0, 0, 0, 0, 0, 0,
    0, 0, 0, 0, 0, 0, 0, 0,
    0, 0, 0, 0, 0, 0, 0, 0,
    0, 0, 0, 0, 0, 0, 0, 0,
    0, 0, 0, 0, 0, 0, 0, 0,
    0, 0, 0, 0, 0, 0, 0, 0,
    0, 0, -6, 0, 0, 0, 0, -12,
    -3, 0, -3, 0, 0, 0, -6, 0,
    0, 0, -3, 0, -6, 0, 0, -3,
    -10, -3, -3, 0, 0, 0, 0, 0,
    0, 0, 0, 0, 0, 0, 0, 0,
    0, 0, 0, 0, 0, 0, -3, 0,
    0, 0, 0, -3, 0, 0, 0, 0,
    0, 0, 0, 0, 0, 0, 0, 0,
    0, 0, 0, 0, 0, 0, 0, 0,
    0, 0, 0, 0, 0, 0, 0, 0,
    0, 0, 0, 0, 0, 0, 0, 0,
    0, 0, 0, 0, 0, 0, 0, 0,
    0, 0, 0, 0, -10, 0, 0, 0,
    0, -3, 0, 0, -3, 0, 0, 0,
    -3, 0, 0, 0, 0, 0, -6, 0,
    0, -3, -3, 0, 0, 0, 0, 0,
    0, 0, 0, 0, 0, 0, 0, 0,
    0, 0, 0, 0, 0, 0, 0, 0,
    0, 0, 0, 10, 0, 0, -13, -6,
    0, 0, 0, 0, 0, 0, 0, 0,
    0, 0, 0, 0, 0, 0, 0, 0,
    0, 0, 0, 0, 0, 0, 0, 0,
    0, 0, 0, 0, 0, 0, 0, 0,
    0, 0, 0, 0, 0, 0, 0, 0,
    0, 0, 0, 0, 0, 0, 0, 0,
    0, 0, -6, 0, -10, -10, -3, 0,
    0, 0, 0, 0, 0, 0, -13, -3,
    0, 0, -10, 0, 0, 0, 0, 0,
    0, 0, 0, 0, 0, 0, 0, 0,
    0, 0, 0, 0, 0, 0, 0, 0,
    0, 0, 0, 13, 0, -3, 0, 0,
    6, 0, 0, 0, 0, 0, 0, 0,
    0, 0, 0, 0, 0, 0, 0, 0,
    0, 0, 0, 0, 0, 0, 0, 0,
    0, 0, 0, 0, 0, 0, 0, 0,
    0, 0, 0, 0, 0, 0, 0, 0,
    0, 0, 0, 0, 0, 0, 0, 0,
    -10, 0, 0, 32, 6, 0, 0, 10,
    0, 0, 0, -5, 0, 0, 0, 0,
    6, 0, 0, 0, 8, -5, 0, -10,
    0, 0, 0, 0, 19, 0, 0, 0,
    0, 0, 0, 0, 0, 0, 0, 0,
    0, 0, 0, 0, 0, 0, 0, -1,
    0, 0, 0, 0, 0, 0, 0, 0,
    0, 0, 0, 0, 0, 0, 0, 0,
    0, 0, 0, 0, 0, 0, 0, 0,
    0, 0, 0, 0, 0, 0, 0, 0,
    0, 0, 0, 0, 0, 0, 0, 0,
    0, 0, 0, 0, 0, 0, 0, 0,
    0, 0, -13, 0, 0, 0, 0, -12,
    -3, 0, -6, 0, 0, 0, -6, 0,
    0, 0, -3, 0, -6, 0, 0, -3,
    -10, -3, -3, 0, 0, 0, 0, 0,
    0, 0, 0, 0, 0, 0, 0, 0,
    0, 0, 0, 0, 0, 0, -3, 0,
    0, 0, 0, 0, 0, -3, 0, 0,
    0, 0, 0, 0, 0, 0, 0, 0,
    0, 0, 0, 0, 0, 0, 0, 0,
    0, 0, 0, 0, 0, 0, 0, 0,
    0, 0, 0, 0, 0, 0, 0, 0,
    0, 0, 0, 0, 0, 0, 0, 0,
    0, 0, 0, 0, -3, -5, 0, 0,
    0, -3, 0, 0, 0, 0, -5, -3,
    0, -6, 0, 0, 0, -6, 0, 0,
    0, 0, 0, -6, -3, 0, 0, 0,
    0, 0, 0, 0, 0, 0, 0, 0,
    0, 0, -6, 0, 0, 0, 0, 0,
    0, 10, 0, 0, 0, 0, 0, 0,
    0, 0, 0, 0, 0, 0, 0, 0,
    0, 0, 0, 0, 0, 0, 0, 0,
    0, 0, 0, 0, 0, 0, 0, 0,
    0, 0, 0, 0, 0, 0, 0, 0,
    0, 0, 0, 0, 0, 0, 0, 0,
    0, 0, 0, 0, 0, 0, -10, 0,
    0, 0, 0, 0, 0, 0, 0, 0,
    0, 0, 0, 0, 0, 0, 0, 0,
    0, 0, 0, 0, 0, 0, 0, -1,
    0, 0, 0, 0, 0, 0, 0, 0,
    0, 0, 0, 0, 0, 0, 0, 0,
    0, 0, 0, 0, 0, 6, 0, 0,
    0, 0, 0, 0, 0, 0, 0, 0,
    0, 0, 0, 0, 0, 0, 0, 0,
    0, 0, 0, 0, 0, 0, 0, 0,
    0, 0, 0, 0, 0, 0, 0, 0,
    0, 0, 0, 0, 0, 0, 0, 0,
    0, 0, 0, 0, 0, 0, 0, 0,
    -6, 0, 0, 0, 0, 0, 0, 0,
    0, 0, 0, 0, 0, 0, 0, 0,
    0, -3, 0, 0, 0, 0, 0, 0,
    -3, 0, 0, 0, 0, 0, 0, 0,
    0, 0, 0, 0, 0, 0, 0, 0,
    0, 0, 0, 0, 0, 0, 0, 6,
    0, 0, -13, 0, 0, 0, 0, 0,
    0, 0, 0, 0, 0, 0, 0, 0,
    0, 0, 0, 0, 0, 0, 0, 0,
    0, 0, 0, 0, 0, 0, 0, 0,
    0, 0, 0, 0, 0, 0, 0, 0,
    0, 0, 0, 0, 0, 0, 0, 0,
    0, 0, 0, 0, 0, 0, -6, 0,
    -6, -10, -3, 0, 0, 0, 0, -3,
    0, 0, -16, -10, 0, 0, -16, 0,
    0, 0, -10, 0, 0, 0, 0, 0,
    0, 0, 0, 0, 0, 0, 0, 0,
    0, 0, 0, 0, 0, 0, 0, 13,
    0, -26, 0, 0, 0, 0, -3, 0,
    0, 0, 0, 0, 0, 0, 0, 0,
    0, 0, 0, 0, 0, 0, 0, 0,
    0, 0, 0, 0, 0, 0, 0, 0,
    0, 0, 0, 0, 0, 0, 0, 0,
    0, 0, 0, 0, 0, 0, 0, 0,
    0, 0, 0, 0, -19, 0, 0, 0,
    0, -6, -3, 0, -3, 0, -3, -22,
    -6, 0, 0, 0, 0, 0, -6, 0,
    0, -19, -14, -13, -6, 0, 0, 0,
    0, 0, -6, 0, 0, 0, 0, 0,
    -10, 0, -6, 0, 0, 0, 0, 0,
    -16, -10, 0, -3, 0, 0, 0, 0,
    0, 0, 0, 0, 0, 0, 0, 0,
    0, 0, 0, 0, 0, 0, 0, 0,
    0, 0, 0, 0, 0, 0, 0, 0,
    0, 0, 0, 0, 0, 0, 0, 0,
    0, 0, 0, 0, 0, 0, 0, 0,
    0, 0, 0, 0, 0, 0, -13, 0,
    0, 13, 0, 0, 0, 0, 0, 0,
    0, 0, 0, 0, 0, 0, 0, 0,
    0, 0, 0, -10, -16, 0, 0, 0,
    0, 0, 6, 0, 0, 0, 0, 0,
    0, 0, 0, 0, 0, 0, 0, 0,
    0, 0, -6, 0, 0, 10, 0, 0,
    -13, -6, 0, 0, 0, 0, 0, 0,
    0, 0, 0, 0, 0, 0, 0, 0,
    0, 0, 0, 0, 0, 0, 0, 0,
    0, 0, 0, 0, 0, 0, 0, 0,
    0, 0, 0, 0, 0, 0, 0, 0,
    0, 0, 0, 0, 0, 0, 0, 0,
    0, 0, 0, 0, -6, 2, -10, -10,
    -3, 0, 0, 0, 0, 0, 0, 0,
    -13, -3, 0, 0, -10, 0, 0, 0,
    0, 2, 0, 2, 0, 0, 0, 0,
    0, 0, 0, 0, 0, 0, 0, 0,
    0, 0, 0, 0, 0, 13, 0, 0,
    0, 0, 0, 0, 0, 0, 0, 0,
    0, 0, 0, 0, 0, 0, 0, 0,
    0, 0, 0, 0, 0, 0, 0, 0,
    0, 0, 0, 0, 0, 0, 0, 0,
    0, 0, 0, 0, 0, 0, 0, 0,
    0, 0, 0, 0, 0, 0, 0, 0,
    0, 0, -6, 0, 0, 0, 0, -10,
    0, 0, 0, 0, 0, 0, -3, 0,
    0, 0, 0, 0, 0, 0, 0, 0,
    0, 0, -6, 0, 0, 0, 0, 0,
    0, 0, 0, 0, 0, 0, 0, 0,
    0, 0, 0, 0, 0, 0, 0, 0,
    0, 10, 0, 0, 0, 0, 0, 0,
    0, 0, 0, 0, 0, 0, 0, 0,
    0, 0, 0, 0, 0, 0, 0, 0,
    0, 0, 0, 0, 0, 0, 0, 0,
    0, 0, 0, 0, 0, 0, 0, 0,
    0, 0, 0, 0, 0, 0, 0, 0,
    0, 0, 0, 0, 6, 0, 0, 0,
    0, 0, 0, 0, 0, 0, 0, 0,
    0, 0, 0, 0, 0, 0, 0, 0,
    0, 0, 0, 0, 0, 11, 0, 4,
    0, 0, 0, 0, 0, 0, 0, 0,
    0, 0, 0, 0, 0, 0, 0, 0,
    0, 0, 0, 0, 0, 0, 0, 0,
    0, 0, 0, 0, 0, 0, 0, 0,
    0, 0, 0, 0, 0, 0, 0, 0,
    0, 0, 0, 0, 0, 0, 0, 0,
    0, 0, 0, 0, 0, 0, 0, 0,
    0, 0, 0, 0, 0, 0, 0, 0,
    0, 0, 0, 0, 0, 0, 0, 0,
    0, 10, 0, 0, 0, 0, 0, 0,
    0, 0, 0, 0, 0, 0, 0, 0,
    0, 0, 0, 0, 0, 0, 0, 0,
    0, 0, 6, 0, 0, 0, 0, 0,
    0, 0, 0, 0, 0, 0, 0, 0,
    0, 0, 0, 0, 0, -3, 0, 0,
    0, 0, 0, 0, 0, 0, 0, 0,
    0, 0, 0, 0, 0, 0, 0, 0,
    0, 0, 0, 0, 0, 0, 0, 0,
    0, 0, 0, 0, 0, 0, 0, 0,
    0, 0, 0, 0, 0, 0, 0, 0,
    0, 0, 0, 0, 0, 0, 0, 0,
    -13, 0, 0, 13, 0, 0, 0, 0,
    0, 0, 0, 0, 0, 0, 0, 0,
    0, 0, 0, 0, 0, -10, -16, 0,
    0, 0, 0, 0, 0, 0, 0, 0,
    0, 0, 0, 0, 0, 0, 0, 0,
    0, 0, 0, 0, -6, 0, 0, 0,
    0, 0, -13, 0, 0, 0, 0, 0,
    0, 0, 0, 0, 0, 0, 0, 0,
    0, 0, 0, 0, 0, 0, 0, 0,
    0, 0, 0, 0, 0, 0, 0, 0,
    0, 0, 0, 0, 0, 0, 0, 0,
    0, 0, 0, 0, 0, 0, 0, 0,
    0, 0, 0, 0, 0, 0, 0, 0,
    0, 0, 0, 0, 0, 0, 0, 0,
    0, 0, -6, 0, 0, 0, 0, 0,
    0, 0, 0, 0, 0, 0, 0, 0,
    0, 0, 0, 0, 0, 0, 0, 0,
    0, 0, 0, 0, 0, 0, 0, 0,
    0, -13, 0, 0, 0, 0, 0, 0,
    0, 0, 0, 0, 0, 0, 0, 0,
    0, 0, 0, 0, 0, 0, 0, 0,
    0, 0, 0, 0, 0, 0, 0, 0,
    0, 0, 0, 0, 0, 0, 0, 0,
    0, 0, 0, 0, 0, 0, 0, 0,
    0, 0, 0, 0, -13, 0, 0, 0,
    0, 0, 0, 0, 0, 0, 0, -13,
    0, 0, 0, 0, 0, 0, 0, 0,
    0, -6, 0, 0, 0, 0, 0, 0,
    0, 0, 0, 0, 0, -10, -6, -10,
    0, 0, 0, 0, 0, 0, 0, -16,
    0, 0, 0, -22, 0, 0, 0, 0,
    0, 0, 0, 0, 0, 0, 0, 0,
    0, 0, 0, 0, 0, 0, 0, 0,
    0, 0, 0, 0, 0, 0, 0, 0,
    0, 0, 0, 0, 0, 0, 0, 0,
    0, 0, 0, 0, 0, 0, 0, 0,
    0, 0, 0, 0, 0, 0, 0, 0,
    0, 0, 0, 0, 0, 0, 0, 0,
    0, 0, 0, -6, 0, 0, 0, 0,
    0, 0, 0, -16, -10, -10, 0, 0,
    0, 0, 0, 0, -6, 0, 0, 0,
    0, 0, -6, 0, -6, 0, 0, 0,
    0, 0, -19, 0, 0, 0, 0, 0,
    0, 0, 0, 0, 0, 0, 0, 0,
    0, 0, 0, 0, 0, 0, 0, 0,
    0, 0, 0, 0, 0, 0, 0, 0,
    0, 0, 0, 0, 0, 0, 0, 0,
    0, 0, 0, 0, 0, 0, 0, 0,
    0, 0, 0, 0, 0, 0, 0, 0,
    0, 0, 0, 0, 0, 0, 0, 0,
    0, 0, 0, 0, 0, 0, 0, 0,
    0, 0, 0, 0, 0, 0, 0, 0,
    0, 0, 0, 0, 0, 0, 0, 0,
    0, 0, 0, 0, 0, 0, 0, 0,
    0, 0, 0, -3, 0, 0, 0, 0,
    0, 0, -13, 0, 0, 0, 0, 0,
    0, 0, 0, 0, 0, 0, 0, 0,
    0, 0, 0, 0, 0, 0, 0, 0,
    0, 0, 0, 0, 0, 0, 0, 0,
    0, 0, 0, 0, 0, 0, 0, 0,
    0, 0, 0, 0, 0, 0, 0, 0,
    0, 0, 0, 0, 0, 0, 0, 0,
    0, 0, 0, 0, 0, 0, 0, 0,
    0, 0, 0, 0, 0, 0, 0, 0,
    0, 0, 0, 0, 0, 0, 0, 0,
    0, 0, 0, -3, 0, -3, 0, 0,
    0, 0, 0, 0, 0, -6, 0, 0,
    0, 0, 0, 0, -19, -13, 0, 0,
    0, 0, 0, 0, 0, 0, 0, 0,
    0, 0, 0, 0, 0, 0, 0, 0,
    0, 0, 0, 0, -19, -10, 0, 0,
    0, 0, 0, 0, 0, 0, 0, 0,
    0, 0, 0, 0, 0, 0, 0, 0,
    0, 0, 0, 0, 6, -6, 0, 0,
    -13, 0, -22, -16, 0, 0, -11, 0,
    0, -22, 0, 0, -19, 0, -6, -6,
    0, -13, -13, -16, 0, 0, 0, 0,
    0, -6, -6, 0, -16, 0, 0, 0,
    -13, -16, -22, -16, -26, 0, -22, 0,
    -16, 0, 0, 0, 0, 0, -16, -6,
    0, 0, 0, 0, 0, 0, 0, 0,
    0, 0, 0, 0, 0, 0, 0, 0,
    0, 0, 0, 0, 0, 0, 0, 0,
    0, 0, 0, 0, 0, 0, 0, 0,
    0, 0, 0, 0, 0, 0, 0, 0,
    0, 0, 0, 0, 0, 0, 0, 0,
    0, 0, 0, 0, -10, 0, 0, 0,
    0, 0, 0, -3, 0, 0, -13, -3,
    0, 0, -10, 0, 0, 0, 0, 0,
    0, 0, 0, 0, 0, 0, 0, 0,
    0, 0, 0, 0, 0, 0, 0, 0,
    0, 0, 0, 0, 0, 0, 0, 0,
    -16, -6, 0, 0, 0, 0, 0, 0,
    0, 0, 0, 0, 0, 0, 0, 0,
    0, 0, 0, 0, 0, 0, 0, 0,
    0, 0, 0, 0, 0, 0, 0, 0,
    0, 0, 0, 0, 0, 0, 0, 0,
    0, 0, 0, 0, 0, 0, 0, 0,
    6, 0, 0, 0, 0, 0, -19, 0,
    0, 0, 0, 0, 0, -13, 0, 0,
    -16, 0, -6, -6, 0, 0, 0, -16,
    0, 6, 0, 0, 0, -6, 0, 0,
    -10, 0, 6, 0, 0, -6, -10, -13,
    0, 0, -16, 0, -6, 0, 0, 0,
    0, 0, -10, 0, 0, 0, 0, 0,
    0, 0, 0, 0, 0, 0, 0, 0,
    0, 0, 0, 0, 0, 0, 0, 0,
    0, 0, 0, 0, 0, 0, 0, 0,
    0, 0, 0, 0, 0, 0, 0, 0,
    0, 0, 0, 0, 0, 0, 0, 0,
    0, 0, 0, 0, 0, 0, 0, 0,
    0, 0, 0, 0, 0, 0, 0, -6,
    0, 0, -10, 0, 0, 0, 0, 0,
    0, 0, 0, 0, 0, 0, 0, 0,
    0, 0, 0, 0, 0, 0, 0, 0,
    0, 0, 0, 0, 0, 0, 0, 0,
    0, 0, 0, 0, 0, 0, 0, 0,
    0, 0, 0, 0, 0, 0, 0, 0,
    0, 0, 0, 0, 0, 0, 0, 0,
    0, 0, 0, 0, 0, 0, 0, 0,
    0, 0, 0, 0, 0, 0, 0, 0,
    0, 0, 0, 0, 0, 0, 0, 0,
    0, 0, 0, 0, 0, 0, 0, 0,
    0, 0, 0, 0, 0, 0, 0, 0,
    0, 0, 0, 0, 0, 0, 0, 0,
    0, -6, 0, -16, 0, 0, 0, 0,
    0, -6, 0, 0, 0, 0, 0, 0,
    0, -16, -6, 0, 0, 0, 0, 0,
    -6, 0, 0, 0, 0, 0, 0, 0,
    0, 0, 0, 0, 0, 0, 0, 0,
    0, 0, 0, 0, 0, 0, 0, 0,
    0, 0, 0, 0, 0, 0, 0, 0,
    0, 0, 0, 0, 0, 0, 0, 0,
    0, 0, 0, 0, 0, 0, 0, 0,
    0, 0, 0, 0, 0, 0, 0, 0,
    0, 0, 0, 0, 0, 0, 0, 0,
    0, 0, 0, -3, 0, 0, 0, 0,
    0, 0, 0, 0, 0, -3, 0, 0,
    0, 0, 0, 0, 0, 0, 0, 0,
    0, 0, 0, 0, 0, 0, 0, 0,
    0, 0, -6, 0, 0, 0, 0, 0,
    -19, 0, 0, 0, 0, 0, 0, 0,
    0, 0, 0, 0, 0, 0, 0, 0,
    0, 0, 0, 0, 0, 0, 0, 0,
    0, 0, 0, 0, 0, 0, 0, 0,
    0, 0, 0, 0, 0, 0, 0, 0,
    0, 0, 0, 0, 0, 0, 0, 0,
    0, 0, 0, 0, 0, 0, -19, 0,
    0, 0, 0, 0, 0, -16, 0, 0,
    -16, 0, 0, 0, 0, 0, 0, -13,
    0, 6, 0, 0, 0, -6, 0, 0,
    -10, 0, 0, 0, 0, 0, -13, -13,
    -13, -3, -13, 0, -6, 0, 0, 0,
    0, 0, -13, 0, 0, 0, 0, 0,
    0, 0, 0, 0, 0, 0, 0, 0,
    0, 0, 0, 0, 0, 0, 0, 0,
    0, 0, 0, 0, 0, 0, 0, 0,
    0, 0, 0, 0, 0, 0, 0, 0,
    0, 0, 0, 0, 0, 0, 0, 0,
    0, 0, 0, 0, 0, 0, 0, 0,
    0, 0, 0, 0, 0, 0, 0, 0,
    0, 0, -3, 0, 0, 0, 0, 0,
    0, 0, 0, 0, 0, 0, 0, 0,
    0, 0, 0, 0, 0, 0, 0, 0,
    0, 0, 0, 0, 0, 0, 0, 0,
    0, 0, 0, 0, 0, 0, 0, 0,
    0, 0, 0, 0, 0, 0, 0, 0,
    0, 0, 0, 0, 0, 0, 0, 0,
    0, 0, 0, 0, 0, 0, 0, 0,
    0, 0, 0, 0, 0, 0, 0, 0,
    0, 0, 0, 0, 0, 0, 0, 0,
    0, 0, 0, 0, -6, 0, 0, 0,
    0, 0, 0, 0, 0, 0, 0, 0,
    0, 0, 0, 0, 0, 0, 0, 0,
    0, 0, 0, 0, 0, 0, 0, 0,
    0, 0, 0, 0, 0, -3, 0, -3,
    0, 0, 0, 0, 0, 0, 0, -3,
    0, 0, 0, -3, 0, 0, 0, 0,
    0, 0, 0, 0, 0, 0, 0, 0,
    0, 0, 0, 0, 0, 0, 0, 0,
    0, 0, 0, 0, 0, 0, 0, 0,
    0, 0, 0, 0, 0, 0, 0, 0,
    0, 0, 0, 0, 0, 0, 0, 0,
    0, 0, 0, 0, 0, 0, 0, 0,
    0, 0, 0, 0, 0, 0, 0, 0,
    0, 0, 0, 0, 0, 0, 0, 0,
    -6, 0, 0, 0, -3, 0, 0, 0,
    0, 0, 0, 0, 0, 0, 0, 0,
    0, 0, 0, 0, 0, 0, 0, 0,
    0, 0, 0, 0, 0, -16, 0, 0,
    0, 0, 0, 0, 0, 0, 0, 0,
    0, 0, 0, 0, 0, 0, 0, 0,
    0, 0, 0, 0, 0, 0, 0, 0,
    0, 0, 0, 0, 0, 0, 0, 0,
    0, 0, 0, 0, 0, 0, 0, 0,
    0, 0, 0, 0, 0, 0, 0, 0,
    -22, 0, 0, 0, 0, -10, -10, 0,
    -10, 0, 0, -10, 0, 0, 0, 0,
    0, 0, -6, 0, 0, -10, 0, -6,
    0, 0, 0, 0, 0, 0, 0, 0,
    0, -10, -13, -13, 0, 0, 0, 0,
    0, 0, 0, -10, -6, 0, 0, -16,
    0, 0, 0, 0, 0, 0, 0, 0,
    0, 0, 0, 0, 0, 0, 0, 0,
    0, 0, 0, 0, 0, 0, 0, 0,
    0, 0, 0, 0, 0, 0, 0, 0,
    0, 0, 0, 0, 0, 0, 0, 0,
    0, 0, 0, 0, 0, 0, 0, 0,
    0, 0, 0, 0, 0, 0, 0, 0,
    0, 0, 0, 0, 0, 0, 0, 0,
    0, 0, 0, 0, -6, 0, 0, -10,
    -6, -6, 0, 0, 0, 0, 0, 0,
    0, 0, 0, 0, 0, 0, 0, 0,
    0, 0, 0, 0, 0, 0, -16, 0
};


/*Collect the kern class' data in one place*/
static const lv_font_fmt_txt_kern_classes_t kern_classes =
{
    .class_pair_values   = kern_class_values,
    .left_class_mapping  = kern_left_class_mapping,
    .right_class_mapping = kern_right_class_mapping,
    .left_class_cnt      = 112,
    .right_class_cnt     = 98,
};

/*--------------------
 *  ALL CUSTOM DATA
 *--------------------*/

#if LVGL_VERSION_MAJOR == 8
/*Store all the custom data of the font*/
static  lv_font_fmt_txt_glyph_cache_t cache;
#endif

#if LVGL_VERSION_MAJOR >= 8
static const lv_font_fmt_txt_dsc_t font_dsc = {
#else
static lv_font_fmt_txt_dsc_t font_dsc = {
#endif
    .glyph_bitmap = glyph_bitmap,
    .glyph_dsc = glyph_dsc,
    .cmaps = cmaps,
    .kern_dsc = &kern_classes,
    .kern_scale = 16,
    .cmap_num = 13,
    .bpp = 4,
    .kern_classes = 1,
    .bitmap_format = 0,
#if LVGL_VERSION_MAJOR == 8
    .cache = &cache
#endif
};



/*-----------------
 *  PUBLIC FONT
 *----------------*/

/*Initialize a public general font descriptor*/
#if LVGL_VERSION_MAJOR >= 8
const lv_font_t ui_font_20 = {
#else
lv_font_t ui_font_20 = {
#endif
    .get_glyph_dsc = lv_font_get_glyph_dsc_fmt_txt,    /*Function pointer to get glyph's data*/
    .get_glyph_bitmap = lv_font_get_bitmap_fmt_txt,    /*Function pointer to get glyph's bitmap*/
    .line_height = 28,          /*The maximum line height required by the font*/
    .base_line = 6,             /*Baseline measured from the bottom of the line*/
#if !(LVGL_VERSION_MAJOR == 6 && LVGL_VERSION_MINOR == 0)
    .subpx = LV_FONT_SUBPX_NONE,
#endif
#if LV_VERSION_CHECK(7, 4, 0) || LVGL_VERSION_MAJOR >= 8
    .underline_position = -2,
    .underline_thickness = 1,
#endif
    .dsc = &font_dsc,          /*The custom font data. Will be accessed by `get_glyph_bitmap/dsc` */
#if LV_VERSION_CHECK(8, 2, 0) || LVGL_VERSION_MAJOR >= 9
    .fallback = &ui_emoji_20,
#endif
    .user_data = NULL,
};



#endif /*#if UI_FONT_20*/

