/*******************************************************************************
 * Size: 14 px
 * Bpp: 4
 * Opts: --bpp 4 --size 14 --no-compress --force-fast-kern-format --font /var/folders/1d/dgkmygls6x5gsb16pbn2mwlr0000gn/T//meshcore-ui-fonts/NotoSans-Medium.ttf -r 0x20-0x7E,0xA0-0x24F,0x370-0x3FF,0x400-0x52F,0x1E80-0x1E85,0x1E9E,0x1EF2-0x1EF3,0x2010-0x2027,0x2030,0x2039-0x203A,0x20A4-0x20BF,0x2116,0x2122 --font /var/folders/1d/dgkmygls6x5gsb16pbn2mwlr0000gn/T//meshcore-ui-fonts/fa.woff -r 61581,63145,61572,62679,61568,62745,61463,62194,61612,61445,62073,61632,61774,61476,62405,61441,61448,61451,61452,61453,61457,61459,61461,61465,61468,61473,61478,61479,61480,61502,61507,61512,61515,61516,61517,61521,61522,61523,61524,61543,61544,61550,61552,61553,61556,61559,61560,61561,61563,61587,61589,61636,61637,61639,61641,61664,61671,61674,61683,61724,61732,61787,61931,62016,62017,62018,62019,62020,62087,62099,62212,62189,62810,63426,63650 --format lvgl --lv-include lvgl.h --lv-font-name ui_font_14 -o /Users/jakub/Documents/MeshCore/MeshCore/examples/companion_radio/ui-lvgl/fonts/ui_font_14.c
 ******************************************************************************/

#ifdef LV_LVGL_H_INCLUDE_SIMPLE
#include "lvgl.h"
#else
#include "lvgl.h"
#endif

#ifndef UI_FONT_14
#define UI_FONT_14 1
#endif

#if UI_FONT_14

/*-----------------
 *    BITMAPS
 *----------------*/

/*Store the image of the glyphs*/
static LV_ATTRIBUTE_LARGE_CONST const uint8_t glyph_bitmap[] = {
    /* U+0020 " " */

    /* U+0021 "!" */
    0xf, 0xc0, 0xeb, 0xd, 0xa0, 0xc9, 0xc, 0x90,
    0xb8, 0xa, 0x70, 0x32, 0xe, 0xb0, 0xda,

    /* U+0022 "\"" */
    0x1f, 0x66, 0xf1, 0xf, 0x44, 0xf0, 0xe, 0x33,
    0xe0, 0xa, 0x22, 0xa0,

    /* U+0023 "#" */
    0x0, 0xa, 0x70, 0xb6, 0x0, 0x0, 0xd4, 0xd,
    0x30, 0x0, 0xf, 0x10, 0xf0, 0x2, 0xff, 0xff,
    0xff, 0xfa, 0x2, 0x8c, 0x29, 0xb2, 0x10, 0x9,
    0x80, 0xa7, 0x0, 0xaf, 0xff, 0xff, 0xff, 0x31,
    0x2f, 0x33, 0xf3, 0x20, 0x2, 0xe0, 0x4e, 0x0,
    0x0, 0x5b, 0x7, 0xb0, 0x0,

    /* U+0024 "$" */
    0x0, 0x7, 0x70, 0x0, 0x1, 0x9d, 0xda, 0x60,
    0xe, 0xdc, 0xba, 0xa0, 0x2f, 0x47, 0x70, 0x0,
    0xf, 0xca, 0x70, 0x0, 0x3, 0xdf, 0xe7, 0x0,
    0x0, 0x8, 0xdf, 0xd0, 0x0, 0x7, 0x74, 0xf4,
    0x26, 0x27, 0x89, 0xf1, 0x2e, 0xff, 0xfe, 0x50,
    0x0, 0x29, 0x80, 0x0, 0x0, 0x6, 0x60, 0x0,

    /* U+0025 "%" */
    0x8, 0xec, 0x20, 0x2, 0xf1, 0x0, 0x2f, 0x3a,
    0xa0, 0xb, 0x80, 0x0, 0x5d, 0x5, 0xd0, 0x4e,
    0x0, 0x0, 0x5d, 0x5, 0xd0, 0xd6, 0x0, 0x0,
    0x2f, 0x19, 0xb6, 0xd3, 0xcd, 0x50, 0x9, 0xfe,
    0x4e, 0x4b, 0x84, 0xf1, 0x0, 0x0, 0x8c, 0xf,
    0x30, 0xe4, 0x0, 0x1, 0xf3, 0xf, 0x30, 0xe4,
    0x0, 0x9, 0xa0, 0xb, 0x72, 0xf1, 0x0, 0x2f,
    0x10, 0x3, 0xde, 0x60,

    /* U+0026 "&" */
    0x0, 0x7e, 0xfc, 0x20, 0x0, 0x0, 0x4f, 0x84,
    0xeb, 0x0, 0x0, 0x5, 0xf2, 0xb, 0xb0, 0x0,
    0x0, 0xd, 0xb9, 0xe3, 0x0, 0x0, 0x0, 0x9f,
    0xf2, 0x0, 0x43, 0x0, 0xbf, 0x6e, 0xc0, 0xf,
    0x70, 0x3f, 0x60, 0x2e, 0xc8, 0xf2, 0x4, 0xf4,
    0x0, 0x2e, 0xf8, 0x0, 0xe, 0xd4, 0x48, 0xff,
    0xc0, 0x0, 0x3b, 0xff, 0xc5, 0x3e, 0xc0,

    /* U+0027 "'" */
    0x1f, 0x60, 0xf4, 0xe, 0x30, 0xa2,

    /* U+0028 "(" */
    0x0, 0xba, 0x5, 0xf1, 0xc, 0xa0, 0x1f, 0x50,
    0x4f, 0x20, 0x6f, 0x0, 0x6f, 0x0, 0x5f, 0x0,
    0x3f, 0x30, 0xf, 0x60, 0xa, 0xc0, 0x3, 0xf3,
    0x0, 0x68,

    /* U+0029 ")" */
    0x4f, 0x10, 0xb, 0xa0, 0x5, 0xf1, 0x0, 0xf6,
    0x0, 0xca, 0x0, 0xbb, 0x0, 0xac, 0x0, 0xbb,
    0x0, 0xd9, 0x1, 0xf5, 0x6, 0xf0, 0xd, 0x80,
    0x3a, 0x0,

    /* U+002A "*" */
    0x0, 0xe, 0x80, 0x0, 0x0, 0xc, 0x60, 0x0,
    0x5c, 0x8c, 0x99, 0xe0, 0x38, 0xaf, 0xe9, 0x80,
    0x0, 0x9b, 0xf4, 0x0, 0x4, 0xf3, 0x9e, 0x10,
    0x0, 0x60, 0x25, 0x0,

    /* U+002B "+" */
    0x0, 0x0, 0x0, 0x0, 0x0, 0x9, 0x90, 0x0,
    0x0, 0x9, 0x90, 0x0, 0x0, 0x9, 0x90, 0x0,
    0x5f, 0xff, 0xff, 0xf4, 0x2, 0x2a, 0xa2, 0x20,
    0x0, 0x9, 0x90, 0x0, 0x0, 0x9, 0x90, 0x0,

    /* U+002C "," */
    0x7, 0x60, 0xf8, 0x2f, 0x35, 0xc0,

    /* U+002D "-" */
    0x1, 0x11, 0x7f, 0xff, 0x24, 0x44,

    /* U+002E "." */
    0x0, 0x0, 0xeb, 0xd, 0xa0,

    /* U+002F "/" */
    0x0, 0x5, 0xf1, 0x0, 0xb, 0xb0, 0x0, 0x1f,
    0x50, 0x0, 0x7e, 0x0, 0x0, 0xd9, 0x0, 0x3,
    0xf3, 0x0, 0x9, 0xd0, 0x0, 0xe, 0x70, 0x0,
    0x5f, 0x10, 0x0, 0xbb, 0x0, 0x0,

    /* U+0030 "0" */
    0x1, 0xae, 0xf9, 0x0, 0xa, 0xf6, 0x7f, 0x90,
    0x1f, 0x70, 0x8, 0xf0, 0x4f, 0x30, 0x3, 0xf4,
    0x5f, 0x20, 0x2, 0xf5, 0x5f, 0x20, 0x2, 0xf5,
    0x4f, 0x30, 0x3, 0xf4, 0x1f, 0x70, 0x7, 0xf1,
    0xa, 0xf6, 0x7f, 0xa0, 0x0, 0xaf, 0xea, 0x0,

    /* U+0031 "1" */
    0x0, 0xaf, 0x32, 0xce, 0xf3, 0x9a, 0x4f, 0x30,
    0x4, 0xf3, 0x0, 0x4f, 0x30, 0x4, 0xf3, 0x0,
    0x4f, 0x30, 0x4, 0xf3, 0x0, 0x4f, 0x30, 0x4,
    0xf3,

    /* U+0032 "2" */
    0x3, 0xcf, 0xea, 0x10, 0x1e, 0xa6, 0x7f, 0xa0,
    0x1, 0x0, 0x9, 0xf0, 0x0, 0x0, 0xa, 0xd0,
    0x0, 0x0, 0x3f, 0x60, 0x0, 0x2, 0xea, 0x0,
    0x0, 0x2e, 0xa0, 0x0, 0x2, 0xea, 0x0, 0x0,
    0x2e, 0xe6, 0x66, 0x62, 0x5f, 0xff, 0xff, 0xf5,

    /* U+0033 "3" */
    0x6, 0xdf, 0xea, 0x10, 0x1c, 0x85, 0x6e, 0xc0,
    0x0, 0x0, 0x9, 0xe0, 0x0, 0x1, 0x4e, 0x80,
    0x0, 0xef, 0xf9, 0x0, 0x0, 0x34, 0x6e, 0xb0,
    0x0, 0x0, 0x5, 0xf3, 0x0, 0x0, 0x6, 0xf3,
    0x59, 0x64, 0x7f, 0xd0, 0x3b, 0xef, 0xe9, 0x10,

    /* U+0034 "4" */
    0x0, 0x0, 0x7f, 0x50, 0x0, 0x4, 0xef, 0x50,
    0x0, 0x1e, 0x5f, 0x50, 0x0, 0xc8, 0x1f, 0x50,
    0x8, 0xc0, 0x1f, 0x50, 0x5e, 0x21, 0x2f, 0x60,
    0xbf, 0xff, 0xff, 0xfb, 0x24, 0x44, 0x5f, 0x82,
    0x0, 0x0, 0x1f, 0x50, 0x0, 0x0, 0x1f, 0x50,

    /* U+0035 "5" */
    0xa, 0xff, 0xff, 0x90, 0xb, 0xc6, 0x66, 0x30,
    0xd, 0x90, 0x0, 0x0, 0xe, 0xff, 0xfa, 0x10,
    0x4, 0x54, 0x7f, 0xc0, 0x0, 0x0, 0x7, 0xf2,
    0x0, 0x0, 0x4, 0xf3, 0x0, 0x0, 0x8, 0xf0,
    0x2c, 0x65, 0x8f, 0x90, 0x1a, 0xef, 0xd7, 0x0,

    /* U+0036 "6" */
    0x0, 0x2a, 0xef, 0x90, 0x2, 0xfb, 0x54, 0x30,
    0xb, 0xa0, 0x0, 0x0, 0x1f, 0x7d, 0xfc, 0x30,
    0x3f, 0xe5, 0x4c, 0xe0, 0x4f, 0x50, 0x3, 0xf4,
    0x3f, 0x40, 0x1, 0xf5, 0x1f, 0x80, 0x4, 0xf3,
    0x9, 0xf7, 0x5d, 0xd0, 0x0, 0x8e, 0xeb, 0x10,

    /* U+0037 "7" */
    0x7f, 0xff, 0xff, 0xf6, 0x26, 0x66, 0x69, 0xf3,
    0x0, 0x0, 0xb, 0xc0, 0x0, 0x0, 0x3f, 0x50,
    0x0, 0x0, 0xad, 0x0, 0x0, 0x1, 0xf6, 0x0,
    0x0, 0x9, 0xe0, 0x0, 0x0, 0x1f, 0x80, 0x0,
    0x0, 0x7f, 0x10, 0x0, 0x0, 0xea, 0x0, 0x0,

    /* U+0038 "8" */
    0x2, 0xbf, 0xfb, 0x20, 0xd, 0xd4, 0x4d, 0xd0,
    0xf, 0x60, 0x7, 0xf0, 0xb, 0xd2, 0x2d, 0xa0,
    0x0, 0xbf, 0xf9, 0x0, 0x6, 0xf8, 0xaf, 0x50,
    0x2f, 0x50, 0x6, 0xf2, 0x5f, 0x10, 0x2, 0xf5,
    0x1f, 0xb4, 0x4b, 0xf1, 0x4, 0xcf, 0xfc, 0x30,

    /* U+0039 "9" */
    0x2, 0xbe, 0xe9, 0x0, 0xd, 0xd5, 0x6f, 0xa0,
    0x4f, 0x30, 0x6, 0xf1, 0x5f, 0x20, 0x3, 0xf4,
    0x2f, 0x91, 0x2b, 0xf5, 0x6, 0xff, 0xf7, 0xf4,
    0x0, 0x2, 0x5, 0xf1, 0x0, 0x0, 0xc, 0xc0,
    0x3, 0x45, 0xbf, 0x30, 0x9, 0xfe, 0xb3, 0x0,

    /* U+003A ":" */
    0xd, 0xa0, 0xeb, 0x0, 0x0, 0x0, 0x0, 0x0,
    0x0, 0xe, 0xb0, 0xda,

    /* U+003B ";" */
    0xd, 0x90, 0xeb, 0x0, 0x0, 0x0, 0x0, 0x0,
    0x0, 0x8, 0x60, 0xf7, 0x3f, 0x27, 0xb0,

    /* U+003C "<" */
    0x0, 0x0, 0x0, 0x84, 0x0, 0x0, 0x7e, 0xc2,
    0x0, 0x6e, 0xc4, 0x0, 0x2e, 0xc3, 0x0, 0x0,
    0x2b, 0xf9, 0x20, 0x0, 0x0, 0x2a, 0xfb, 0x40,
    0x0, 0x0, 0x18, 0xf5, 0x0, 0x0, 0x0, 0x11,

    /* U+003D "=" */
    0x4f, 0xff, 0xff, 0xf4, 0x3, 0x33, 0x33, 0x30,
    0x0, 0x0, 0x0, 0x0, 0x4f, 0xff, 0xff, 0xf4,
    0x3, 0x33, 0x33, 0x30,

    /* U+003E ">" */
    0x48, 0x0, 0x0, 0x0, 0x2c, 0xe7, 0x0, 0x0,
    0x0, 0x4c, 0xe6, 0x0, 0x0, 0x0, 0x4c, 0xe2,
    0x0, 0x2, 0x9f, 0xb2, 0x4, 0xbf, 0xa2, 0x0,
    0x5f, 0x81, 0x0, 0x0, 0x11, 0x0, 0x0, 0x0,

    /* U+003F "?" */
    0x5c, 0xee, 0xb1, 0x79, 0x66, 0xeb, 0x0, 0x0,
    0x8d, 0x0, 0x1, 0xd8, 0x0, 0x2e, 0xa0, 0x0,
    0xc9, 0x0, 0x0, 0xd2, 0x0, 0x0, 0x0, 0x0,
    0x3, 0xf7, 0x0, 0x2, 0xe6, 0x0,

    /* U+0040 "@" */
    0x0, 0x2, 0x9e, 0xfe, 0xb4, 0x0, 0x0, 0x6f,
    0x83, 0x12, 0x6e, 0x80, 0x3, 0xf3, 0x3c, 0xfe,
    0x92, 0xe4, 0xc, 0x80, 0xe8, 0x18, 0xc0, 0x8a,
    0x1f, 0x25, 0xe0, 0x7, 0xb0, 0x5c, 0x3f, 0x6,
    0xc0, 0x9, 0xa0, 0x6b, 0x2f, 0x3, 0xf1, 0x1e,
    0xc0, 0xc6, 0xf, 0x20, 0x9f, 0xe4, 0xcf, 0xb0,
    0xb, 0xa0, 0x0, 0x0, 0x0, 0x0, 0x1, 0xea,
    0x20, 0x1, 0x61, 0x0, 0x0, 0x19, 0xef, 0xff,
    0xb1, 0x0, 0x0, 0x0, 0x1, 0x10, 0x0, 0x0,

    /* U+0041 "A" */
    0x0, 0x6, 0xf8, 0x0, 0x0, 0x0, 0xc, 0xee,
    0x0, 0x0, 0x0, 0x2f, 0x6f, 0x40, 0x0, 0x0,
    0x8e, 0xc, 0xa0, 0x0, 0x0, 0xe9, 0x7, 0xf1,
    0x0, 0x4, 0xf5, 0x13, 0xf7, 0x0, 0xa, 0xff,
    0xff, 0xfd, 0x0, 0x1f, 0xa4, 0x44, 0x8f, 0x30,
    0x6f, 0x20, 0x0, 0x1f, 0x90, 0xcc, 0x0, 0x0,
    0xa, 0xe0,

    /* U+0042 "B" */
    0xbf, 0xff, 0xea, 0x20, 0xbe, 0x45, 0x7e, 0xe0,
    0xbd, 0x0, 0x8, 0xf0, 0xbd, 0x0, 0x2c, 0xc0,
    0xbf, 0xff, 0xfc, 0x10, 0xbd, 0x33, 0x5d, 0xd0,
    0xbd, 0x0, 0x4, 0xf5, 0xbd, 0x0, 0x5, 0xf5,
    0xbe, 0x44, 0x6e, 0xe1, 0xbf, 0xff, 0xeb, 0x20,

    /* U+0043 "C" */
    0x0, 0x18, 0xdf, 0xeb, 0x20, 0x1d, 0xf9, 0x67,
    0xb1, 0x9, 0xf3, 0x0, 0x0, 0x0, 0xfa, 0x0,
    0x0, 0x0, 0x1f, 0x70, 0x0, 0x0, 0x2, 0xf7,
    0x0, 0x0, 0x0, 0xf, 0xa0, 0x0, 0x0, 0x0,
    0xbf, 0x20, 0x0, 0x0, 0x2, 0xef, 0x86, 0x69,
    0x0, 0x2, 0xae, 0xfe, 0xb0,

    /* U+0044 "D" */
    0xbf, 0xff, 0xea, 0x20, 0xb, 0xe5, 0x58, 0xef,
    0x40, 0xbd, 0x0, 0x1, 0xee, 0xb, 0xd0, 0x0,
    0x6, 0xf3, 0xbd, 0x0, 0x0, 0x4f, 0x5b, 0xd0,
    0x0, 0x4, 0xf5, 0xbd, 0x0, 0x0, 0x7f, 0x3b,
    0xd0, 0x0, 0x1e, 0xd0, 0xbe, 0x56, 0x9f, 0xf3,
    0xb, 0xff, 0xfd, 0x92, 0x0,

    /* U+0045 "E" */
    0xaf, 0xff, 0xff, 0xae, 0x55, 0x55, 0xad, 0x0,
    0x0, 0xad, 0x11, 0x10, 0xaf, 0xff, 0xfb, 0xae,
    0x44, 0x42, 0xad, 0x0, 0x0, 0xad, 0x0, 0x0,
    0xae, 0x55, 0x55, 0xaf, 0xff, 0xff,

    /* U+0046 "F" */
    0xaf, 0xff, 0xff, 0xae, 0x55, 0x55, 0xad, 0x0,
    0x0, 0xad, 0x11, 0x10, 0xaf, 0xff, 0xfb, 0xad,
    0x44, 0x42, 0xad, 0x0, 0x0, 0xad, 0x0, 0x0,
    0xad, 0x0, 0x0, 0xad, 0x0, 0x0,

    /* U+0047 "G" */
    0x0, 0x7, 0xcf, 0xfd, 0x80, 0x0, 0xcf, 0xa7,
    0x68, 0x70, 0x9, 0xf5, 0x0, 0x0, 0x0, 0xf,
    0xb0, 0x0, 0x11, 0x10, 0x1f, 0x70, 0x8, 0xff,
    0xf1, 0x2f, 0x70, 0x2, 0x48, 0xf1, 0xf, 0xa0,
    0x0, 0x6, 0xf1, 0xa, 0xf2, 0x0, 0x6, 0xf1,
    0x2, 0xef, 0x85, 0x6b, 0xf1, 0x0, 0x19, 0xef,
    0xfd, 0x90,

    /* U+0048 "H" */
    0xad, 0x0, 0x0, 0x6f, 0x2a, 0xd0, 0x0, 0x6,
    0xf2, 0xad, 0x0, 0x0, 0x6f, 0x2a, 0xd1, 0x11,
    0x17, 0xf2, 0xaf, 0xff, 0xff, 0xff, 0x2a, 0xe4,
    0x44, 0x48, 0xf2, 0xad, 0x0, 0x0, 0x6f, 0x2a,
    0xd0, 0x0, 0x6, 0xf2, 0xad, 0x0, 0x0, 0x6f,
    0x2a, 0xd0, 0x0, 0x6, 0xf2,

    /* U+0049 "I" */
    0x7f, 0xff, 0x60, 0x5f, 0x50, 0x4, 0xf3, 0x0,
    0x4f, 0x30, 0x4, 0xf3, 0x0, 0x4f, 0x30, 0x4,
    0xf3, 0x0, 0x4f, 0x30, 0x5, 0xf5, 0x7, 0xff,
    0xf6,

    /* U+004A "J" */
    0x0, 0xb, 0xc0, 0x0, 0xbc, 0x0, 0xb, 0xc0,
    0x0, 0xbc, 0x0, 0xb, 0xc0, 0x0, 0xbc, 0x0,
    0xb, 0xc0, 0x0, 0xbc, 0x0, 0xb, 0xc0, 0x0,
    0xbc, 0x0, 0xc, 0xb0, 0x14, 0xf8, 0x1f, 0xfd,
    0x10, 0x33, 0x0,

    /* U+004B "K" */
    0xad, 0x0, 0x6, 0xf4, 0xad, 0x0, 0x4f, 0x60,
    0xad, 0x3, 0xf8, 0x0, 0xad, 0x1e, 0xa0, 0x0,
    0xae, 0xdf, 0x10, 0x0, 0xaf, 0xbf, 0xb0, 0x0,
    0xad, 0x6, 0xf6, 0x0, 0xad, 0x0, 0xaf, 0x20,
    0xad, 0x0, 0x1e, 0xc0, 0xad, 0x0, 0x4, 0xf7,

    /* U+004C "L" */
    0xbd, 0x0, 0x0, 0xb, 0xd0, 0x0, 0x0, 0xbd,
    0x0, 0x0, 0xb, 0xd0, 0x0, 0x0, 0xbd, 0x0,
    0x0, 0xb, 0xd0, 0x0, 0x0, 0xbd, 0x0, 0x0,
    0xb, 0xd0, 0x0, 0x0, 0xbe, 0x66, 0x66, 0xb,
    0xff, 0xff, 0xf1,

    /* U+004D "M" */
    0xaf, 0xa0, 0x0, 0x0, 0xdf, 0x8a, 0xff, 0x0,
    0x0, 0x3f, 0xf8, 0xab, 0xf6, 0x0, 0x9, 0xbe,
    0x8a, 0xba, 0xb0, 0x0, 0xe5, 0xf8, 0xab, 0x4f,
    0x10, 0x4f, 0xf, 0x8a, 0xb0, 0xe7, 0xa, 0xa0,
    0xf8, 0xab, 0x9, 0xc1, 0xf4, 0xf, 0x8a, 0xb0,
    0x3f, 0x9e, 0x0, 0xf8, 0xab, 0x0, 0xdf, 0x80,
    0xf, 0x8a, 0xb0, 0x7, 0xf2, 0x0, 0xf8,

    /* U+004E "N" */
    0xaf, 0x70, 0x0, 0xd, 0x8a, 0xff, 0x10, 0x0,
    0xd8, 0xab, 0xea, 0x0, 0xd, 0x8a, 0xa5, 0xf4,
    0x0, 0xd8, 0xab, 0xb, 0xd0, 0xd, 0x8a, 0xb0,
    0x2f, 0x70, 0xd8, 0xab, 0x0, 0x7f, 0x1d, 0x8a,
    0xb0, 0x0, 0xda, 0xd8, 0xab, 0x0, 0x3, 0xff,
    0x8a, 0xb0, 0x0, 0x9, 0xf8,

    /* U+004F "O" */
    0x0, 0x29, 0xef, 0xe9, 0x10, 0x0, 0x2e, 0xf8,
    0x68, 0xfe, 0x10, 0xb, 0xf2, 0x0, 0x2, 0xfa,
    0x0, 0xfa, 0x0, 0x0, 0xa, 0xf0, 0x2f, 0x70,
    0x0, 0x0, 0x8f, 0x12, 0xf7, 0x0, 0x0, 0x8,
    0xf1, 0xf, 0xa0, 0x0, 0x0, 0xaf, 0x0, 0xbf,
    0x20, 0x0, 0x2f, 0xa0, 0x2, 0xee, 0x86, 0x8e,
    0xe1, 0x0, 0x2, 0xae, 0xfe, 0x91, 0x0,

    /* U+0050 "P" */
    0xbf, 0xff, 0xd7, 0xb, 0xe5, 0x6b, 0xf7, 0xbd,
    0x0, 0xd, 0xcb, 0xd0, 0x0, 0xcc, 0xbd, 0x12,
    0x7f, 0x7b, 0xff, 0xff, 0x90, 0xbd, 0x33, 0x10,
    0xb, 0xd0, 0x0, 0x0, 0xbd, 0x0, 0x0, 0xb,
    0xd0, 0x0, 0x0,

    /* U+0051 "Q" */
    0x0, 0x29, 0xef, 0xe9, 0x10, 0x0, 0x2e, 0xf8,
    0x68, 0xfe, 0x10, 0xb, 0xf2, 0x0, 0x2, 0xfa,
    0x0, 0xfa, 0x0, 0x0, 0xa, 0xf0, 0x2f, 0x70,
    0x0, 0x0, 0x8f, 0x12, 0xf7, 0x0, 0x0, 0x8,
    0xf1, 0xf, 0xa0, 0x0, 0x0, 0xaf, 0x0, 0xbf,
    0x20, 0x0, 0x2f, 0xa0, 0x2, 0xee, 0x86, 0x8e,
    0xe1, 0x0, 0x2, 0xae, 0xff, 0xb1, 0x0, 0x0,
    0x0, 0x0, 0xce, 0x20, 0x0, 0x0, 0x0, 0x2,
    0xed, 0x10, 0x0, 0x0, 0x0, 0x4, 0x84, 0x0,

    /* U+0052 "R" */
    0xbf, 0xff, 0xd7, 0x0, 0xbe, 0x55, 0xaf, 0x70,
    0xbd, 0x0, 0xc, 0xc0, 0xbd, 0x0, 0xc, 0xd0,
    0xbd, 0x1, 0x6f, 0x70, 0xbf, 0xff, 0xf7, 0x0,
    0xbd, 0x36, 0xf6, 0x0, 0xbd, 0x0, 0xaf, 0x10,
    0xbd, 0x0, 0x1e, 0xb0, 0xbd, 0x0, 0x6, 0xf5,

    /* U+0053 "S" */
    0x2, 0xbe, 0xfc, 0x70, 0xe, 0xe6, 0x69, 0x70,
    0x2f, 0x60, 0x0, 0x0, 0xf, 0xb0, 0x0, 0x0,
    0x4, 0xfe, 0x81, 0x0, 0x0, 0x17, 0xef, 0x40,
    0x0, 0x0, 0xb, 0xe0, 0x0, 0x0, 0x8, 0xf0,
    0x4a, 0x75, 0x7f, 0xb0, 0x2b, 0xef, 0xe9, 0x0,

    /* U+0054 "T" */
    0xdf, 0xff, 0xff, 0xfb, 0x45, 0x5e, 0xc5, 0x53,
    0x0, 0xd, 0xb0, 0x0, 0x0, 0xd, 0xb0, 0x0,
    0x0, 0xd, 0xb0, 0x0, 0x0, 0xd, 0xb0, 0x0,
    0x0, 0xd, 0xb0, 0x0, 0x0, 0xd, 0xb0, 0x0,
    0x0, 0xd, 0xb0, 0x0, 0x0, 0xd, 0xb0, 0x0,

    /* U+0055 "U" */
    0xcc, 0x0, 0x0, 0x6f, 0x1c, 0xc0, 0x0, 0x6,
    0xf1, 0xcc, 0x0, 0x0, 0x6f, 0x1c, 0xc0, 0x0,
    0x6, 0xf1, 0xcc, 0x0, 0x0, 0x6f, 0x1c, 0xc0,
    0x0, 0x6, 0xf1, 0xbc, 0x0, 0x0, 0x7f, 0x18,
    0xf1, 0x0, 0xb, 0xe0, 0x2f, 0xd6, 0x6a, 0xf7,
    0x0, 0x2b, 0xef, 0xd6, 0x0,

    /* U+0056 "V" */
    0xdb, 0x0, 0x0, 0x2f, 0x67, 0xf1, 0x0, 0x7,
    0xf1, 0x2f, 0x60, 0x0, 0xcb, 0x0, 0xcb, 0x0,
    0x2f, 0x50, 0x6, 0xf1, 0x7, 0xf0, 0x0, 0x1f,
    0x60, 0xda, 0x0, 0x0, 0xbc, 0x2f, 0x50, 0x0,
    0x5, 0xf8, 0xe0, 0x0, 0x0, 0xf, 0xf9, 0x0,
    0x0, 0x0, 0xaf, 0x40, 0x0,

    /* U+0057 "W" */
    0xcc, 0x0, 0x5, 0xf7, 0x0, 0x9, 0xe0, 0x7f,
    0x0, 0xa, 0xfb, 0x0, 0xd, 0xa0, 0x3f, 0x40,
    0xe, 0xbf, 0x0, 0x1f, 0x60, 0xf, 0x80, 0x3f,
    0x3f, 0x50, 0x5f, 0x20, 0xb, 0xc0, 0x7e, 0xc,
    0x90, 0x9d, 0x0, 0x7, 0xf0, 0xc9, 0x7, 0xe0,
    0xd9, 0x0, 0x2, 0xf4, 0xf5, 0x3, 0xf4, 0xf5,
    0x0, 0x0, 0xeb, 0xf1, 0x0, 0xeb, 0xf1, 0x0,
    0x0, 0xaf, 0xc0, 0x0, 0x9f, 0xd0, 0x0, 0x0,
    0x6f, 0x70, 0x0, 0x5f, 0x80, 0x0,

    /* U+0058 "X" */
    0x6f, 0x40, 0x0, 0xbe, 0x0, 0xcd, 0x0, 0x5f,
    0x40, 0x2, 0xf7, 0xe, 0xa0, 0x0, 0x7, 0xfa,
    0xe1, 0x0, 0x0, 0xd, 0xf6, 0x0, 0x0, 0x1,
    0xff, 0x90, 0x0, 0x0, 0xbd, 0x6f, 0x30, 0x0,
    0x5f, 0x30, 0xcd, 0x0, 0x1e, 0x90, 0x2, 0xf8,
    0x9, 0xe1, 0x0, 0x8, 0xf3,

    /* U+0059 "Y" */
    0xbe, 0x0, 0x0, 0xbd, 0x3, 0xf6, 0x0, 0x3f,
    0x50, 0xa, 0xe0, 0xb, 0xc0, 0x0, 0x2f, 0x63,
    0xf4, 0x0, 0x0, 0x9d, 0xbb, 0x0, 0x0, 0x1,
    0xff, 0x30, 0x0, 0x0, 0xb, 0xd0, 0x0, 0x0,
    0x0, 0xbd, 0x0, 0x0, 0x0, 0xb, 0xd0, 0x0,
    0x0, 0x0, 0xbd, 0x0, 0x0,

    /* U+005A "Z" */
    0x6f, 0xff, 0xff, 0xf6, 0x25, 0x55, 0x5c, 0xf2,
    0x0, 0x0, 0x3f, 0x70, 0x0, 0x0, 0xdc, 0x0,
    0x0, 0x8, 0xf2, 0x0, 0x0, 0x3f, 0x60, 0x0,
    0x0, 0xdb, 0x0, 0x0, 0x9, 0xf2, 0x0, 0x0,
    0x4f, 0xb5, 0x55, 0x53, 0x8f, 0xff, 0xff, 0xf8,

    /* U+005B "[" */
    0xef, 0xf4, 0xe8, 0x30, 0xe7, 0x0, 0xe7, 0x0,
    0xe7, 0x0, 0xe7, 0x0, 0xe7, 0x0, 0xe7, 0x0,
    0xe7, 0x0, 0xe7, 0x0, 0xe7, 0x0, 0xe7, 0x0,
    0xef, 0xf4, 0x22, 0x20,

    /* U+005C "\\" */
    0xbb, 0x0, 0x0, 0x5f, 0x10, 0x0, 0xe, 0x70,
    0x0, 0x9, 0xd0, 0x0, 0x3, 0xf3, 0x0, 0x0,
    0xd9, 0x0, 0x0, 0x7f, 0x0, 0x0, 0x1f, 0x50,
    0x0, 0xb, 0xb0, 0x0, 0x5, 0xf1,

    /* U+005D "]" */
    0xaf, 0xf8, 0x13, 0xd8, 0x0, 0xd8, 0x0, 0xd8,
    0x0, 0xd8, 0x0, 0xd8, 0x0, 0xd8, 0x0, 0xd8,
    0x0, 0xd8, 0x0, 0xd8, 0x0, 0xd8, 0x0, 0xd8,
    0xaf, 0xf8, 0x12, 0x21,

    /* U+005E "^" */
    0x0, 0x5, 0x20, 0x0, 0x0, 0x1f, 0xb0, 0x0,
    0x0, 0x7b, 0xe3, 0x0, 0x0, 0xe3, 0x7c, 0x0,
    0x6, 0xc0, 0xe, 0x40, 0xd, 0x50, 0x7, 0xc0,
    0x4e, 0x0, 0x0, 0xe4,

    /* U+005F "_" */
    0xf, 0xff, 0xff, 0xf1,

    /* U+0060 "`" */
    0x28, 0x30, 0xb, 0xd0, 0x0, 0xc7,

    /* U+0061 "a" */
    0x3, 0xbe, 0xfb, 0x20, 0x38, 0x44, 0xeb, 0x0,
    0x0, 0x9, 0xe0, 0x4b, 0xef, 0xfe, 0x2f, 0xa1,
    0x8, 0xe5, 0xf3, 0x0, 0xbe, 0x3f, 0x81, 0x6f,
    0xe0, 0x7e, 0xfa, 0x5e,

    /* U+0062 "b" */
    0xda, 0x0, 0x0, 0xd, 0xa0, 0x0, 0x0, 0xd9,
    0x0, 0x0, 0xd, 0x99, 0xfe, 0x70, 0xdf, 0x95,
    0x9f, 0x5d, 0xd0, 0x0, 0xdb, 0xda, 0x0, 0xa,
    0xed, 0xa0, 0x0, 0xad, 0xdd, 0x0, 0xd, 0xbd,
    0xf9, 0x59, 0xf5, 0xd6, 0xaf, 0xe7, 0x0,

    /* U+0063 "c" */
    0x0, 0x8e, 0xfd, 0x30, 0x9f, 0x85, 0x81, 0x1f,
    0x80, 0x0, 0x3, 0xf5, 0x0, 0x0, 0x3f, 0x50,
    0x0, 0x1, 0xf8, 0x0, 0x0, 0xa, 0xf8, 0x58,
    0x30, 0x9, 0xef, 0xc2,

    /* U+0064 "d" */
    0x0, 0x0, 0x0, 0xf8, 0x0, 0x0, 0x0, 0xf8,
    0x0, 0x0, 0x0, 0xf8, 0x1, 0xaf, 0xe5, 0xe8,
    0xa, 0xf7, 0x5c, 0xf8, 0x1f, 0x80, 0x2, 0xf8,
    0x3f, 0x50, 0x0, 0xf8, 0x3f, 0x40, 0x0, 0xe8,
    0x1f, 0x80, 0x1, 0xf8, 0xb, 0xf6, 0x5c, 0xf8,
    0x1, 0xaf, 0xe5, 0xb8,

    /* U+0065 "e" */
    0x0, 0x8e, 0xeb, 0x20, 0x9, 0xe5, 0x4c, 0xd0,
    0x1f, 0x60, 0x3, 0xf3, 0x3f, 0xff, 0xff, 0xf5,
    0x3f, 0x72, 0x22, 0x20, 0x1f, 0x90, 0x0, 0x0,
    0x9, 0xf8, 0x45, 0x90, 0x0, 0x8e, 0xfe, 0xa0,

    /* U+0066 "f" */
    0x0, 0x9e, 0xf6, 0x5, 0xf7, 0x41, 0x7, 0xf0,
    0x0, 0x8f, 0xff, 0xd0, 0x29, 0xf3, 0x20, 0x8,
    0xf0, 0x0, 0x8, 0xf0, 0x0, 0x8, 0xf0, 0x0,
    0x8, 0xf0, 0x0, 0x8, 0xf0, 0x0, 0x8, 0xf0,
    0x0,

    /* U+0067 "g" */
    0x1, 0xaf, 0xe6, 0xc8, 0xa, 0xf7, 0x5c, 0xf8,
    0x1f, 0x80, 0x2, 0xf8, 0x3f, 0x50, 0x0, 0xf8,
    0x3f, 0x40, 0x0, 0xe8, 0x1f, 0x70, 0x1, 0xf8,
    0xa, 0xf6, 0x5b, 0xf8, 0x1, 0xbf, 0xe6, 0xe8,
    0x0, 0x0, 0x1, 0xf6, 0x7, 0x64, 0x5c, 0xf2,
    0x7, 0xdf, 0xfc, 0x40,

    /* U+0068 "h" */
    0xda, 0x0, 0x0, 0xd, 0xa0, 0x0, 0x0, 0xd9,
    0x0, 0x0, 0xd, 0xa9, 0xfe, 0x90, 0xdf, 0xa5,
    0x8f, 0x6d, 0xd0, 0x0, 0xda, 0xda, 0x0, 0xc,
    0xbd, 0xa0, 0x0, 0xcb, 0xda, 0x0, 0xc, 0xbd,
    0xa0, 0x0, 0xcb, 0xda, 0x0, 0xc, 0xb0,

    /* U+0069 "i" */
    0xc9, 0x86, 0x0, 0xda, 0xda, 0xda, 0xda, 0xda,
    0xda, 0xda, 0xda,

    /* U+006A "j" */
    0x0, 0xc9, 0x0, 0x86, 0x0, 0x0, 0x0, 0xda,
    0x0, 0xda, 0x0, 0xda, 0x0, 0xda, 0x0, 0xda,
    0x0, 0xda, 0x0, 0xda, 0x0, 0xda, 0x0, 0xd9,
    0x36, 0xf7, 0xaf, 0xb1,

    /* U+006B "k" */
    0xda, 0x0, 0x0, 0xd, 0xa0, 0x0, 0x0, 0xda,
    0x0, 0x0, 0xd, 0xa0, 0x9, 0xe2, 0xda, 0x7,
    0xf3, 0xd, 0x95, 0xf5, 0x0, 0xdc, 0xfb, 0x0,
    0xd, 0xfb, 0xf4, 0x0, 0xda, 0xb, 0xe1, 0xd,
    0xa0, 0x1f, 0xa0, 0xda, 0x0, 0x5f, 0x60,

    /* U+006C "l" */
    0xda, 0xda, 0xda, 0xda, 0xda, 0xda, 0xda, 0xda,
    0xda, 0xda, 0xda,

    /* U+006D "m" */
    0xd7, 0xaf, 0xe7, 0x2c, 0xfd, 0x40, 0xdf, 0x95,
    0xbf, 0xe7, 0x5d, 0xe0, 0xdd, 0x0, 0x2f, 0x90,
    0x6, 0xf1, 0xda, 0x0, 0x1f, 0x60, 0x5, 0xf2,
    0xda, 0x0, 0x1f, 0x60, 0x5, 0xf2, 0xda, 0x0,
    0x1f, 0x60, 0x5, 0xf2, 0xda, 0x0, 0x1f, 0x60,
    0x5, 0xf2, 0xda, 0x0, 0x1f, 0x60, 0x5, 0xf2,

    /* U+006E "n" */
    0xd7, 0x9f, 0xe9, 0xd, 0xfa, 0x58, 0xf6, 0xdd,
    0x0, 0xd, 0xad, 0xa0, 0x0, 0xcb, 0xda, 0x0,
    0xc, 0xbd, 0xa0, 0x0, 0xcb, 0xda, 0x0, 0xc,
    0xbd, 0xa0, 0x0, 0xcb,

    /* U+006F "o" */
    0x0, 0x8e, 0xfc, 0x30, 0x9, 0xf7, 0x5b, 0xf2,
    0xf, 0x80, 0x0, 0xf9, 0x3f, 0x50, 0x0, 0xcc,
    0x3f, 0x50, 0x0, 0xcc, 0xf, 0x80, 0x0, 0xf9,
    0x9, 0xf7, 0x4b, 0xf2, 0x0, 0x8e, 0xfc, 0x40,

    /* U+0070 "p" */
    0xd7, 0x9f, 0xe8, 0xd, 0xf9, 0x5a, 0xf5, 0xdd,
    0x0, 0xd, 0xbd, 0xa0, 0x0, 0xae, 0xda, 0x0,
    0xa, 0xdd, 0xd0, 0x0, 0xdb, 0xdf, 0x95, 0xaf,
    0x5d, 0x99, 0xfe, 0x70, 0xd9, 0x0, 0x0, 0xd,
    0xa0, 0x0, 0x0, 0xda, 0x0, 0x0, 0x0,

    /* U+0071 "q" */
    0x1, 0xaf, 0xe5, 0xc8, 0xa, 0xf6, 0x5c, 0xf8,
    0x1f, 0x80, 0x2, 0xf8, 0x3f, 0x50, 0x0, 0xf8,
    0x3f, 0x40, 0x0, 0xe8, 0x1f, 0x80, 0x1, 0xf8,
    0xb, 0xf6, 0x5b, 0xf8, 0x1, 0xaf, 0xe5, 0xe8,
    0x0, 0x0, 0x0, 0xf8, 0x0, 0x0, 0x0, 0xf8,
    0x0, 0x0, 0x0, 0xf8,

    /* U+0072 "r" */
    0xd6, 0x7e, 0xad, 0xdd, 0x74, 0xde, 0x10, 0xd,
    0xa0, 0x0, 0xda, 0x0, 0xd, 0xa0, 0x0, 0xda,
    0x0, 0xd, 0xa0, 0x0,

    /* U+0073 "s" */
    0x6, 0xdf, 0xe9, 0x2, 0xf8, 0x35, 0x70, 0x3f,
    0x60, 0x0, 0x0, 0x9f, 0xd5, 0x0, 0x0, 0x3a,
    0xfb, 0x0, 0x0, 0x6, 0xf2, 0x38, 0x43, 0xaf,
    0x2, 0xcf, 0xfc, 0x40,

    /* U+0074 "t" */
    0x4, 0xc0, 0x0, 0x9, 0xc0, 0x0, 0x8f, 0xff,
    0xf0, 0x2c, 0xd3, 0x20, 0xb, 0xc0, 0x0, 0xb,
    0xc0, 0x0, 0xb, 0xc0, 0x0, 0xb, 0xc0, 0x0,
    0x9, 0xf5, 0x50, 0x1, 0xcf, 0xd0,

    /* U+0075 "u" */
    0xf9, 0x0, 0xd, 0xaf, 0x90, 0x0, 0xda, 0xf9,
    0x0, 0xd, 0xaf, 0x90, 0x0, 0xda, 0xf9, 0x0,
    0xe, 0xae, 0xa0, 0x1, 0xfa, 0xaf, 0x43, 0xaf,
    0xa1, 0xbf, 0xd8, 0xaa,

    /* U+0076 "v" */
    0xdb, 0x0, 0x5, 0xf3, 0x7f, 0x10, 0xb, 0xd0,
    0x1f, 0x60, 0xf, 0x70, 0xc, 0xb0, 0x5f, 0x10,
    0x6, 0xf1, 0xbc, 0x0, 0x1, 0xf6, 0xf6, 0x0,
    0x0, 0xae, 0xf1, 0x0, 0x0, 0x5f, 0xa0, 0x0,

    /* U+0077 "w" */
    0xbc, 0x0, 0x4f, 0x90, 0x7, 0xf0, 0x7f, 0x0,
    0x9e, 0xd0, 0xb, 0xb0, 0x3f, 0x40, 0xd7, 0xf2,
    0xf, 0x70, 0xe, 0x82, 0xf2, 0xe6, 0x3f, 0x30,
    0xa, 0xb6, 0xe0, 0x9a, 0x7f, 0x0, 0x6, 0xea,
    0x90, 0x5e, 0xab, 0x0, 0x2, 0xfe, 0x50, 0x1f,
    0xf6, 0x0, 0x0, 0xef, 0x0, 0xc, 0xf2, 0x0,

    /* U+0078 "x" */
    0x5f, 0x50, 0xb, 0xe0, 0xb, 0xe0, 0x5f, 0x40,
    0x1, 0xf9, 0xea, 0x0, 0x0, 0x6f, 0xe1, 0x0,
    0x0, 0x7f, 0xf2, 0x0, 0x2, 0xf7, 0xdc, 0x0,
    0xc, 0xc0, 0x3f, 0x60, 0x7f, 0x30, 0x9, 0xf1,

    /* U+0079 "y" */
    0xcc, 0x0, 0x5, 0xf3, 0x6f, 0x20, 0xb, 0xd0,
    0xf, 0x70, 0x1f, 0x70, 0x9, 0xd0, 0x6f, 0x10,
    0x3, 0xf3, 0xbb, 0x0, 0x0, 0xc9, 0xf5, 0x0,
    0x0, 0x6f, 0xe0, 0x0, 0x0, 0x1f, 0x90, 0x0,
    0x0, 0x5f, 0x30, 0x0, 0x35, 0xeb, 0x0, 0x0,
    0xbf, 0xb1, 0x0, 0x0,

    /* U+007A "z" */
    0x4f, 0xff, 0xff, 0x0, 0x33, 0x3e, 0xc0, 0x0,
    0x7, 0xf2, 0x0, 0x2, 0xf7, 0x0, 0x0, 0xcc,
    0x0, 0x0, 0x7f, 0x20, 0x0, 0x2f, 0x93, 0x33,
    0x7, 0xff, 0xff, 0xf2,

    /* U+007B "{" */
    0x0, 0x2c, 0xd0, 0xc, 0xd4, 0x0, 0xe7, 0x0,
    0xf, 0x70, 0x0, 0xf6, 0x0, 0x5f, 0x40, 0xaf,
    0x70, 0x2, 0x8f, 0x30, 0x0, 0xf6, 0x0, 0xf,
    0x70, 0x0, 0xe7, 0x0, 0xd, 0xb0, 0x0, 0x5e,
    0xe0, 0x0, 0x2,

    /* U+007C "|" */
    0xb7, 0xb7, 0xb7, 0xb7, 0xb7, 0xb7, 0xb7, 0xb7,
    0xb7, 0xb7, 0xb7, 0xb7, 0xb7, 0xb7,

    /* U+007D "}" */
    0x8d, 0x60, 0x0, 0x29, 0xf2, 0x0, 0x1, 0xf4,
    0x0, 0x1, 0xf5, 0x0, 0x0, 0xf5, 0x0, 0x0,
    0xea, 0x10, 0x0, 0x3e, 0xf0, 0x0, 0xdb, 0x40,
    0x0, 0xf5, 0x0, 0x1, 0xf5, 0x0, 0x5, 0xf4,
    0x0, 0x8f, 0xb0, 0x0, 0x11, 0x0, 0x0,

    /* U+007E "~" */
    0x1b, 0xfc, 0x50, 0x44, 0x57, 0x38, 0xef, 0xe2,
    0x0, 0x0, 0x2, 0x0,

    /* U+00A0 " " */

    /* U+00A1 "¡" */
    0xd, 0xa0, 0xeb, 0x0, 0x0, 0xa7, 0xb, 0x80,
    0xc8, 0xc, 0x90, 0xda, 0xe, 0xb0, 0xfb, 0x4,
    0x30,

    /* U+00A2 "¢" */
    0x0, 0xf, 0x0, 0x6, 0xef, 0xf9, 0x5f, 0xa4,
    0x54, 0xae, 0x0, 0x0, 0xcb, 0x0, 0x0, 0xbd,
    0x0, 0x0, 0x7f, 0x71, 0x23, 0xa, 0xff, 0xfa,
    0x0, 0x1f, 0x20, 0x0, 0xf, 0x0,

    /* U+00A3 "£" */
    0x0, 0x3c, 0xfe, 0xa1, 0x0, 0xfc, 0x45, 0x80,
    0x2, 0xf5, 0x0, 0x0, 0x3, 0xf4, 0x0, 0x0,
    0x7f, 0xff, 0xff, 0x0, 0x15, 0xf6, 0x22, 0x0,
    0x3, 0xf4, 0x0, 0x0, 0x5, 0xf2, 0x0, 0x0,
    0x3e, 0xc6, 0x66, 0x63, 0x8f, 0xff, 0xff, 0xf9,

    /* U+00A4 "¤" */
    0x3, 0x0, 0x0, 0x30, 0xe, 0xbe, 0xeb, 0xe0,
    0x6, 0xe3, 0x4e, 0x60, 0xa, 0x70, 0x7, 0xa0,
    0xa, 0x60, 0x6, 0xa0, 0x7, 0xd1, 0x1d, 0x60,
    0xd, 0xdf, 0xfd, 0xc0, 0x5, 0x1, 0x10, 0x50,

    /* U+00A5 "¥" */
    0x9e, 0x0, 0x0, 0xe8, 0x1f, 0x60, 0x6, 0xf1,
    0x8, 0xd0, 0xe, 0x70, 0x0, 0xe5, 0x6e, 0x0,
    0x0, 0x6c, 0xd6, 0x0, 0xa, 0xef, 0xfe, 0xa0,
    0x1, 0x1b, 0xb1, 0x10, 0xa, 0xef, 0xfe, 0xa0,
    0x1, 0x1b, 0xb1, 0x10, 0x0, 0xb, 0xb0, 0x0,

    /* U+00A6 "¦" */
    0xb7, 0xb7, 0xb7, 0xb7, 0xb7, 0x74, 0x0, 0x0,
    0x74, 0xb7, 0xb7, 0xb7, 0xb7, 0xb7,

    /* U+00A7 "§" */
    0x4, 0xdf, 0xea, 0x0, 0xf7, 0x13, 0x60, 0xe,
    0xa1, 0x0, 0x0, 0x5f, 0xf9, 0x10, 0xe, 0x63,
    0xbd, 0x0, 0xf3, 0x1, 0xf2, 0x9, 0xe7, 0x7e,
    0x0, 0x5, 0xcf, 0x80, 0x0, 0x0, 0x6f, 0x12,
    0x62, 0x17, 0xf1, 0x1c, 0xff, 0xc4, 0x0,

    /* U+00A8 "¨" */
    0x6, 0x20, 0x70, 0xd, 0x52, 0xe1,

    /* U+00A9 "©" */
    0x0, 0x5, 0xbd, 0xc9, 0x20, 0x0, 0xa, 0x92,
    0x0, 0x4d, 0x40, 0x7, 0x80, 0x7e, 0xe8, 0x1d,
    0x20, 0xd0, 0x4e, 0x21, 0x20, 0x59, 0x3a, 0xa,
    0x80, 0x0, 0x0, 0xd4, 0x80, 0xb6, 0x0, 0x0,
    0xd, 0x3a, 0xa, 0x70, 0x0, 0x0, 0xd0, 0xd0,
    0x4d, 0x20, 0x20, 0x49, 0x8, 0x80, 0x7e, 0xe6,
    0x1d, 0x20, 0xb, 0xa2, 0x0, 0x4d, 0x50, 0x0,
    0x5, 0xbd, 0xda, 0x20, 0x0,

    /* U+00AA "ª" */
    0x1b, 0xdc, 0x22, 0xcb, 0xd6, 0x88, 0xb, 0x73,
    0xdb, 0xa7,

    /* U+00AB "«" */
    0x0, 0x7a, 0x6, 0xa0, 0x4, 0xf5, 0x4f, 0x50,
    0x1e, 0x92, 0xe8, 0x0, 0x3f, 0x63, 0xf6, 0x0,
    0x6, 0xf3, 0x6f, 0x30, 0x0, 0xac, 0xa, 0xb0,
    0x0, 0x0, 0x0, 0x0,

    /* U+00AC "¬" */
    0x5f, 0xff, 0xff, 0xf5, 0x2, 0x22, 0x22, 0xd5,
    0x0, 0x0, 0x0, 0xd5, 0x0, 0x0, 0x0, 0x83,

    /* U+00AD "­" */
    0x1, 0x11, 0x7f, 0xff, 0x24, 0x44,

    /* U+00AE "®" */
    0x0, 0x5, 0xbd, 0xc9, 0x20, 0x0, 0xa, 0x92,
    0x0, 0x4d, 0x40, 0x7, 0x81, 0xff, 0xd4, 0x1d,
    0x20, 0xd0, 0x1f, 0x5, 0xd0, 0x59, 0x3a, 0x1,
    0xf0, 0x6c, 0x0, 0xd4, 0x80, 0x1f, 0xef, 0x20,
    0xd, 0x3a, 0x1, 0xf0, 0xd4, 0x0, 0xd0, 0xd0,
    0x1f, 0x5, 0xc0, 0x49, 0x8, 0x81, 0x90, 0x9,
    0x3d, 0x20, 0xb, 0xa2, 0x0, 0x4d, 0x50, 0x0,
    0x5, 0xbd, 0xda, 0x20, 0x0,

    /* U+00AF "¯" */
    0xf, 0xff, 0xff, 0xff, 0x0, 0x22, 0x22, 0x22,
    0x20,

    /* U+00B0 "°" */
    0x5, 0xee, 0x50, 0x1e, 0x22, 0xe1, 0x3c, 0x0,
    0xc3, 0x1e, 0x11, 0xe1, 0x7, 0xff, 0x60, 0x0,
    0x0, 0x0,

    /* U+00B1 "±" */
    0x0, 0x9, 0x90, 0x0, 0x0, 0x9, 0x90, 0x0,
    0x0, 0x9, 0x90, 0x0, 0x5f, 0xff, 0xff, 0xf5,
    0x3, 0x3a, 0xa3, 0x30, 0x0, 0x9, 0x90, 0x0,
    0x0, 0x9, 0x90, 0x0, 0x3, 0x33, 0x33, 0x30,
    0x5f, 0xff, 0xff, 0xf5,

    /* U+00B2 "²" */
    0x3c, 0xfb, 0x2, 0x41, 0xe5, 0x0, 0x1e, 0x20,
    0x1d, 0x50, 0x2d, 0x61, 0xa, 0xff, 0xf7,

    /* U+00B3 "³" */
    0x4c, 0xeb, 0x3, 0x31, 0xd5, 0x0, 0x1d, 0x40,
    0xaf, 0xc0, 0x0, 0xb, 0x74, 0x10, 0xb8, 0x8e,
    0xfb, 0x10,

    /* U+00B4 "´" */
    0x1, 0x84, 0x9, 0xe1, 0x3e, 0x20,

    /* U+00B5 "µ" */
    0xda, 0x0, 0xc, 0xbd, 0xa0, 0x0, 0xcb, 0xda,
    0x0, 0xc, 0xbd, 0xa0, 0x0, 0xcb, 0xda, 0x0,
    0xd, 0xbd, 0xa0, 0x0, 0xfb, 0xdf, 0x43, 0xaf,
    0xbd, 0xde, 0xf9, 0x9b, 0xd9, 0x0, 0x0, 0xd,
    0xa0, 0x0, 0x0, 0xda, 0x0, 0x0, 0x0,

    /* U+00B6 "¶" */
    0x2, 0xbf, 0xff, 0xfc, 0xd, 0xff, 0xf8, 0x2c,
    0x2f, 0xff, 0xf8, 0x2c, 0x3f, 0xff, 0xf8, 0x2c,
    0x2f, 0xff, 0xf8, 0x2c, 0xf, 0xff, 0xf8, 0x2c,
    0x6, 0xff, 0xf8, 0x2c, 0x0, 0x13, 0x88, 0x2c,
    0x0, 0x0, 0x68, 0x2c, 0x0, 0x0, 0x68, 0x2c,
    0x0, 0x0, 0x68, 0x2c, 0x0, 0x0, 0x68, 0x2c,
    0x0, 0x0, 0x67, 0x2b,

    /* U+00B7 "·" */
    0x0, 0x0, 0xeb, 0xd, 0xa0,

    /* U+00B8 "¸" */
    0x7, 0x0, 0x1d, 0x70, 0x3, 0xf0, 0xbe, 0x80,

    /* U+00B9 "¹" */
    0x0, 0x32, 0x9, 0xf8, 0x4a, 0xa8, 0x0, 0xa8,
    0x0, 0xa8, 0x0, 0xa8, 0x0, 0xa8,

    /* U+00BA "º" */
    0xa, 0xec, 0x26, 0xa0, 0x6b, 0x87, 0x2, 0xd5,
    0xb0, 0x6b, 0x9, 0xdb, 0x20,

    /* U+00BB "»" */
    0x2c, 0x13, 0xc1, 0x0, 0xc, 0xc0, 0xcc, 0x0,
    0x1, 0xe9, 0x1e, 0x90, 0x0, 0xcc, 0xd, 0xc0,
    0x9, 0xe1, 0xae, 0x10, 0x3f, 0x33, 0xf3, 0x0,
    0x1, 0x0, 0x10, 0x0,

    /* U+00BC "¼" */
    0x0, 0x31, 0x0, 0x0, 0x30, 0x0, 0xaf, 0x60,
    0x0, 0x99, 0x0, 0x48, 0xc6, 0x0, 0x3e, 0x10,
    0x0, 0xc, 0x60, 0xc, 0x70, 0x0, 0x0, 0xc6,
    0x5, 0xd0, 0x23, 0x0, 0xc, 0x60, 0xe4, 0xd,
    0xc0, 0x0, 0xc6, 0x8b, 0x7, 0xdc, 0x0, 0x0,
    0x1f, 0x22, 0xd7, 0xc0, 0x0, 0xa, 0x80, 0xb4,
    0x6c, 0x0, 0x3, 0xe1, 0x1f, 0xff, 0xf9, 0x0,
    0xc6, 0x0, 0x0, 0x6c, 0x0,

    /* U+00BD "½" */
    0x0, 0x31, 0x0, 0x2, 0x20, 0x0, 0xaf, 0x40,
    0x0, 0xd5, 0x0, 0x79, 0xd4, 0x0, 0x7c, 0x0,
    0x0, 0xd, 0x40, 0x1e, 0x30, 0x0, 0x0, 0xe4,
    0x9, 0x90, 0x0, 0x0, 0xe, 0x43, 0xe3, 0xbe,
    0xc2, 0x0, 0xe4, 0xc7, 0x4, 0xb, 0x80, 0x0,
    0x5d, 0x0, 0x0, 0xd5, 0x0, 0xd, 0x50, 0x0,
    0xa9, 0x0, 0x7, 0xb0, 0x0, 0xa9, 0x0, 0x1,
    0xf2, 0x0, 0x6f, 0xff, 0x90, 0x1, 0x0, 0x0,
    0x22, 0x21,

    /* U+00BE "¾" */
    0x4c, 0xeb, 0x0, 0x0, 0xd5, 0x0, 0x24, 0x1d,
    0x50, 0x6, 0xd0, 0x0, 0x0, 0xd, 0x40, 0xe,
    0x40, 0x0, 0xa, 0xfb, 0x0, 0x7c, 0x0, 0x0,
    0x0, 0xb, 0x71, 0xe3, 0x4, 0x0, 0x31, 0xb,
    0x88, 0xa0, 0x7f, 0x30, 0x6e, 0xeb, 0x3f, 0x21,
    0xcf, 0x30, 0x0, 0x0, 0xa9, 0xb, 0x4f, 0x30,
    0x0, 0x2, 0xf1, 0x4a, 0xf, 0x30, 0x0, 0xb,
    0x80, 0xaf, 0xff, 0xf1, 0x0, 0x4e, 0x0, 0x0,
    0xf, 0x30,

    /* U+00BF "¿" */
    0x0, 0x3e, 0x60, 0x0, 0x3, 0xf7, 0x0, 0x0,
    0x0, 0x0, 0x0, 0x0, 0xc3, 0x0, 0x0, 0x5f,
    0x10, 0x0, 0x5f, 0x60, 0x0, 0x4f, 0x50, 0x0,
    0x9, 0xc0, 0x0, 0x0, 0x8e, 0x31, 0x46, 0x1,
    0xdf, 0xff, 0xb0, 0x0, 0x23, 0x10, 0x0,

    /* U+00C0 "À" */
    0x0, 0x17, 0x40, 0x0, 0x0, 0x0, 0x7, 0xf2,
    0x0, 0x0, 0x0, 0x0, 0x45, 0x0, 0x0, 0x0,
    0x0, 0x0, 0x0, 0x0, 0x0, 0x6, 0xf8, 0x0,
    0x0, 0x0, 0xc, 0xee, 0x0, 0x0, 0x0, 0x2f,
    0x6f, 0x40, 0x0, 0x0, 0x8e, 0xc, 0xa0, 0x0,
    0x0, 0xe9, 0x7, 0xf1, 0x0, 0x4, 0xf5, 0x13,
    0xf7, 0x0, 0xa, 0xff, 0xff, 0xfd, 0x0, 0x1f,
    0xa4, 0x44, 0x8f, 0x30, 0x6f, 0x20, 0x0, 0x1f,
    0x90, 0xcc, 0x0, 0x0, 0xa, 0xe0,

    /* U+00C1 "Á" */
    0x0, 0x0, 0x7, 0x50, 0x0, 0x0, 0x0, 0x9d,
    0x10, 0x0, 0x0, 0x1, 0x70, 0x0, 0x0, 0x0,
    0x0, 0x0, 0x0, 0x0, 0x0, 0x6, 0xf8, 0x0,
    0x0, 0x0, 0xc, 0xee, 0x0, 0x0, 0x0, 0x2f,
    0x6f, 0x40, 0x0, 0x0, 0x8e, 0xc, 0xa0, 0x0,
    0x0, 0xe9, 0x7, 0xf1, 0x0, 0x4, 0xf5, 0x13,
    0xf7, 0x0, 0xa, 0xff, 0xff, 0xfd, 0x0, 0x1f,
    0xa4, 0x44, 0x8f, 0x30, 0x6f, 0x20, 0x0, 0x1f,
    0x90, 0xcc, 0x0, 0x0, 0xa, 0xe0,

    /* U+00C2 "Â" */
    0x0, 0x3, 0x84, 0x0, 0x0, 0x0, 0x2e, 0x9e,
    0x30, 0x0, 0x0, 0x63, 0x2, 0x70, 0x0, 0x0,
    0x0, 0x0, 0x0, 0x0, 0x0, 0x6, 0xf8, 0x0,
    0x0, 0x0, 0xc, 0xee, 0x0, 0x0, 0x0, 0x2f,
    0x6f, 0x40, 0x0, 0x0, 0x8e, 0xc, 0xa0, 0x0,
    0x0, 0xe9, 0x7, 0xf1, 0x0, 0x4, 0xf5, 0x13,
    0xf7, 0x0, 0xa, 0xff, 0xff, 0xfd, 0x0, 0x1f,
    0xa4, 0x44, 0x8f, 0x30, 0x6f, 0x20, 0x0, 0x1f,
    0x90, 0xcc, 0x0, 0x0, 0xa, 0xe0,

    /* U+00C3 "Ã" */
    0x0, 0x9f, 0xff, 0xd1, 0x0, 0x0, 0x22, 0x22,
    0x0, 0x0, 0x0, 0x0, 0x0, 0x0, 0x0, 0x0,
    0x6, 0xf8, 0x0, 0x0, 0x0, 0xc, 0xee, 0x0,
    0x0, 0x0, 0x2f, 0x6f, 0x40, 0x0, 0x0, 0x8e,
    0xc, 0xa0, 0x0, 0x0, 0xe9, 0x7, 0xf1, 0x0,
    0x4, 0xf5, 0x13, 0xf7, 0x0, 0xa, 0xff, 0xff,
    0xfd, 0x0, 0x1f, 0xa4, 0x44, 0x8f, 0x30, 0x6f,
    0x20, 0x0, 0x1f, 0x90, 0xcc, 0x0, 0x0, 0xa,
    0xe0,

    /* U+00C4 "Ä" */
    0x0, 0x6c, 0xa, 0x80, 0x0, 0x0, 0x26, 0x5,
    0x30, 0x0, 0x0, 0x0, 0x0, 0x0, 0x0, 0x0,
    0x6, 0xf8, 0x0, 0x0, 0x0, 0xc, 0xee, 0x0,
    0x0, 0x0, 0x2f, 0x6f, 0x40, 0x0, 0x0, 0x8e,
    0xc, 0xa0, 0x0, 0x0, 0xe9, 0x7, 0xf1, 0x0,
    0x4, 0xf5, 0x13, 0xf7, 0x0, 0xa, 0xff, 0xff,
    0xfd, 0x0, 0x1f, 0xa4, 0x44, 0x8f, 0x30, 0x6f,
    0x20, 0x0, 0x1f, 0x90, 0xcc, 0x0, 0x0, 0xa,
    0xe0,

    /* U+00C5 "Å" */
    0x0, 0x6, 0xd7, 0x0, 0x0, 0x0, 0xd, 0xd,
    0x10, 0x0, 0x0, 0xd, 0x1d, 0x10, 0x0, 0x0,
    0xb, 0xff, 0x0, 0x0, 0x0, 0xc, 0xee, 0x0,
    0x0, 0x0, 0x2f, 0x6f, 0x40, 0x0, 0x0, 0x8f,
    0xc, 0xa0, 0x0, 0x0, 0xe9, 0x7, 0xf1, 0x0,
    0x4, 0xf5, 0x13, 0xf7, 0x0, 0xa, 0xff, 0xff,
    0xfd, 0x0, 0x1f, 0xa4, 0x44, 0x8f, 0x30, 0x6f,
    0x20, 0x0, 0x1f, 0x90, 0xcc, 0x0, 0x0, 0xa,
    0xe0,

    /* U+00C6 "Æ" */
    0x0, 0x0, 0x9, 0xff, 0xff, 0xff, 0xc0, 0x0,
    0x1, 0xf9, 0xce, 0x55, 0x54, 0x0, 0x0, 0x8f,
    0xa, 0xe0, 0x0, 0x0, 0x0, 0xe, 0x80, 0xae,
    0x11, 0x10, 0x0, 0x7, 0xf1, 0xa, 0xff, 0xff,
    0x80, 0x0, 0xeb, 0x11, 0xae, 0x44, 0x42, 0x0,
    0x6f, 0xff, 0xff, 0xe0, 0x0, 0x0, 0xd, 0xc4,
    0x44, 0xbe, 0x0, 0x0, 0x5, 0xf4, 0x0, 0xa,
    0xe5, 0x55, 0x40, 0xcc, 0x0, 0x0, 0xaf, 0xff,
    0xfc,

    /* U+00C7 "Ç" */
    0x0, 0x18, 0xdf, 0xeb, 0x20, 0x1d, 0xf9, 0x67,
    0xb1, 0x9, 0xf3, 0x0, 0x0, 0x0, 0xfa, 0x0,
    0x0, 0x0, 0x1f, 0x70, 0x0, 0x0, 0x2, 0xf7,
    0x0, 0x0, 0x0, 0xf, 0xa0, 0x0, 0x0, 0x0,
    0xbf, 0x20, 0x0, 0x0, 0x2, 0xef, 0x86, 0x69,
    0x0, 0x2, 0xae, 0xfe, 0xb0, 0x0, 0x0, 0x7b,
    0x10, 0x0, 0x0, 0x0, 0xa9, 0x0, 0x0, 0x3,
    0xed, 0x40, 0x0,

    /* U+00C8 "È" */
    0x5, 0x70, 0x0, 0x1, 0xca, 0x0, 0x0, 0x7,
    0x20, 0x0, 0x0, 0x0, 0xaf, 0xff, 0xff, 0xae,
    0x55, 0x55, 0xad, 0x0, 0x0, 0xad, 0x11, 0x10,
    0xaf, 0xff, 0xfb, 0xae, 0x44, 0x42, 0xad, 0x0,
    0x0, 0xad, 0x0, 0x0, 0xae, 0x55, 0x55, 0xaf,
    0xff, 0xff,

    /* U+00C9 "É" */
    0x0, 0x3, 0x82, 0x0, 0x1e, 0x80, 0x0, 0x44,
    0x0, 0x0, 0x0, 0x0, 0xaf, 0xff, 0xff, 0xae,
    0x55, 0x55, 0xad, 0x0, 0x0, 0xad, 0x11, 0x10,
    0xaf, 0xff, 0xfb, 0xae, 0x44, 0x42, 0xad, 0x0,
    0x0, 0xad, 0x0, 0x0, 0xae, 0x55, 0x55, 0xaf,
    0xff, 0xff,

    /* U+00CA "Ê" */
    0x0, 0x57, 0x10, 0x6, 0xea, 0xc0, 0x17, 0x10,
    0x54, 0x0, 0x0, 0x0, 0xaf, 0xff, 0xff, 0xae,
    0x55, 0x55, 0xad, 0x0, 0x0, 0xad, 0x11, 0x10,
    0xaf, 0xff, 0xfb, 0xae, 0x44, 0x42, 0xad, 0x0,
    0x0, 0xad, 0x0, 0x0, 0xae, 0x55, 0x55, 0xaf,
    0xff, 0xff,

    /* U+00CB "Ë" */
    0xb, 0x70, 0xe3, 0x5, 0x30, 0x71, 0x0, 0x0,
    0x0, 0xaf, 0xff, 0xff, 0xae, 0x55, 0x55, 0xad,
    0x0, 0x0, 0xad, 0x11, 0x10, 0xaf, 0xff, 0xfb,
    0xae, 0x44, 0x42, 0xad, 0x0, 0x0, 0xad, 0x0,
    0x0, 0xae, 0x55, 0x55, 0xaf, 0xff, 0xff,

    /* U+00CC "Ì" */
    0x38, 0x20, 0x0, 0xad, 0x0, 0x0, 0x53, 0x0,
    0x0, 0x0, 0x7f, 0xff, 0x60, 0x5f, 0x50, 0x4,
    0xf3, 0x0, 0x4f, 0x30, 0x4, 0xf3, 0x0, 0x4f,
    0x30, 0x4, 0xf3, 0x0, 0x4f, 0x30, 0x5, 0xf5,
    0x7, 0xff, 0xf6,

    /* U+00CD "Í" */
    0x0, 0x18, 0x40, 0xc, 0xb0, 0x2, 0x60, 0x0,
    0x0, 0x0, 0x7f, 0xff, 0x60, 0x5f, 0x50, 0x4,
    0xf3, 0x0, 0x4f, 0x30, 0x4, 0xf3, 0x0, 0x4f,
    0x30, 0x4, 0xf3, 0x0, 0x4f, 0x30, 0x5, 0xf5,
    0x7, 0xff, 0xf6,

    /* U+00CE "Î" */
    0x0, 0x38, 0x30, 0x3, 0xe9, 0xe2, 0x7, 0x20,
    0x36, 0x0, 0x0, 0x0, 0x7, 0xff, 0xf6, 0x0,
    0x5f, 0x50, 0x0, 0x4f, 0x30, 0x0, 0x4f, 0x30,
    0x0, 0x4f, 0x30, 0x0, 0x4f, 0x30, 0x0, 0x4f,
    0x30, 0x0, 0x4f, 0x30, 0x0, 0x5f, 0x50, 0x7,
    0xff, 0xf6,

    /* U+00CF "Ï" */
    0x7a, 0xb, 0x73, 0x50, 0x53, 0x0, 0x0, 0x7,
    0xff, 0xf6, 0x5, 0xf5, 0x0, 0x4f, 0x30, 0x4,
    0xf3, 0x0, 0x4f, 0x30, 0x4, 0xf3, 0x0, 0x4f,
    0x30, 0x4, 0xf3, 0x0, 0x5f, 0x50, 0x7f, 0xff,
    0x60,

    /* U+00D0 "Ð" */
    0x9, 0xff, 0xfe, 0xa2, 0x0, 0x9, 0xe5, 0x58,
    0xef, 0x40, 0x9, 0xe0, 0x0, 0x1e, 0xe0, 0xa,
    0xe1, 0x10, 0x6, 0xf3, 0xaf, 0xff, 0xf3, 0x4,
    0xf5, 0x2b, 0xe4, 0x40, 0x4, 0xf5, 0x9, 0xe0,
    0x0, 0x7, 0xf3, 0x9, 0xe0, 0x0, 0x1e, 0xd0,
    0x9, 0xf5, 0x69, 0xff, 0x30, 0x9, 0xff, 0xfd,
    0x92, 0x0,

    /* U+00D1 "Ñ" */
    0x0, 0xbf, 0xff, 0xc0, 0x0, 0x2, 0x22, 0x20,
    0x0, 0x0, 0x0, 0x0, 0x0, 0xa, 0xf7, 0x0,
    0x0, 0xd8, 0xaf, 0xf1, 0x0, 0xd, 0x8a, 0xbe,
    0xa0, 0x0, 0xd8, 0xaa, 0x5f, 0x40, 0xd, 0x8a,
    0xb0, 0xbd, 0x0, 0xd8, 0xab, 0x2, 0xf7, 0xd,
    0x8a, 0xb0, 0x7, 0xf1, 0xd8, 0xab, 0x0, 0xd,
    0xad, 0x8a, 0xb0, 0x0, 0x3f, 0xf8, 0xab, 0x0,
    0x0, 0x9f, 0x80,

    /* U+00D2 "Ò" */
    0x0, 0x3, 0xf9, 0x0, 0x0, 0x0, 0x0, 0x5,
    0xf3, 0x0, 0x0, 0x0, 0x0, 0x4, 0x50, 0x0,
    0x0, 0x0, 0x0, 0x0, 0x0, 0x0, 0x0, 0x29,
    0xef, 0xe9, 0x10, 0x0, 0x2e, 0xf8, 0x68, 0xfe,
    0x10, 0xb, 0xf2, 0x0, 0x2, 0xfa, 0x0, 0xfa,
    0x0, 0x0, 0xa, 0xf0, 0x2f, 0x70, 0x0, 0x0,
    0x8f, 0x12, 0xf7, 0x0, 0x0, 0x8, 0xf1, 0xf,
    0xa0, 0x0, 0x0, 0xaf, 0x0, 0xbf, 0x20, 0x0,
    0x2f, 0xa0, 0x2, 0xee, 0x86, 0x8e, 0xe1, 0x0,
    0x2, 0xae, 0xfe, 0x91, 0x0,

    /* U+00D3 "Ó" */
    0x0, 0x0, 0x3, 0xf8, 0x0, 0x0, 0x0, 0x0,
    0xca, 0x0, 0x0, 0x0, 0x0, 0x26, 0x0, 0x0,
    0x0, 0x0, 0x0, 0x0, 0x0, 0x0, 0x0, 0x29,
    0xef, 0xe9, 0x10, 0x0, 0x2e, 0xf8, 0x68, 0xfe,
    0x10, 0xb, 0xf2, 0x0, 0x2, 0xfa, 0x0, 0xfa,
    0x0, 0x0, 0xa, 0xf0, 0x2f, 0x70, 0x0, 0x0,
    0x8f, 0x12, 0xf7, 0x0, 0x0, 0x8, 0xf1, 0xf,
    0xa0, 0x0, 0x0, 0xaf, 0x0, 0xbf, 0x20, 0x0,
    0x2f, 0xa0, 0x2, 0xee, 0x86, 0x8e, 0xe1, 0x0,
    0x2, 0xae, 0xfe, 0x91, 0x0,

    /* U+00D4 "Ô" */
    0x0, 0x0, 0x9f, 0x80, 0x0, 0x0, 0x0, 0x5e,
    0x6f, 0x40, 0x0, 0x0, 0x7, 0x20, 0x27, 0x0,
    0x0, 0x0, 0x0, 0x0, 0x0, 0x0, 0x0, 0x29,
    0xef, 0xe9, 0x10, 0x0, 0x2e, 0xf8, 0x68, 0xfe,
    0x10, 0xb, 0xf2, 0x0, 0x2, 0xfa, 0x0, 0xfa,
    0x0, 0x0, 0xa, 0xf0, 0x2f, 0x70, 0x0, 0x0,
    0x8f, 0x12, 0xf7, 0x0, 0x0, 0x8, 0xf1, 0xf,
    0xa0, 0x0, 0x0, 0xaf, 0x0, 0xbf, 0x20, 0x0,
    0x2f, 0xa0, 0x2, 0xee, 0x86, 0x8e, 0xe1, 0x0,
    0x2, 0xae, 0xfe, 0x91, 0x0,

    /* U+00D5 "Õ" */
    0x0, 0xa, 0xff, 0xfd, 0x0, 0x0, 0x0, 0x22,
    0x22, 0x0, 0x0, 0x0, 0x0, 0x0, 0x0, 0x0,
    0x0, 0x2, 0x9e, 0xfe, 0x91, 0x0, 0x2, 0xef,
    0x86, 0x8f, 0xe1, 0x0, 0xbf, 0x20, 0x0, 0x2f,
    0xa0, 0xf, 0xa0, 0x0, 0x0, 0xaf, 0x2, 0xf7,
    0x0, 0x0, 0x8, 0xf1, 0x2f, 0x70, 0x0, 0x0,
    0x8f, 0x10, 0xfa, 0x0, 0x0, 0xa, 0xf0, 0xb,
    0xf2, 0x0, 0x2, 0xfa, 0x0, 0x2e, 0xe8, 0x68,
    0xee, 0x10, 0x0, 0x2a, 0xef, 0xe9, 0x10, 0x0,

    /* U+00D6 "Ö" */
    0x0, 0x3, 0x50, 0x53, 0x0, 0x0, 0x0, 0x7b,
    0xb, 0x70, 0x0, 0x0, 0x0, 0x0, 0x0, 0x0,
    0x0, 0x0, 0x0, 0x0, 0x0, 0x0, 0x0, 0x29,
    0xef, 0xe9, 0x10, 0x0, 0x2e, 0xf8, 0x68, 0xfe,
    0x10, 0xb, 0xf2, 0x0, 0x2, 0xfa, 0x0, 0xfa,
    0x0, 0x0, 0xa, 0xf0, 0x2f, 0x70, 0x0, 0x0,
    0x8f, 0x12, 0xf7, 0x0, 0x0, 0x8, 0xf1, 0xf,
    0xa0, 0x0, 0x0, 0xaf, 0x0, 0xbf, 0x20, 0x0,
    0x2f, 0xa0, 0x2, 0xee, 0x86, 0x8e, 0xe1, 0x0,
    0x2, 0xae, 0xfe, 0x91, 0x0,

    /* U+00D7 "×" */
    0x1, 0x0, 0x0, 0x10, 0xd, 0x80, 0x8, 0xd0,
    0x3, 0xf7, 0x8e, 0x20, 0x0, 0x3f, 0xf3, 0x0,
    0x0, 0x7f, 0xf6, 0x0, 0x6, 0xf4, 0x4f, 0x50,
    0xc, 0x40, 0x4, 0xb0, 0x0, 0x0, 0x0, 0x0,

    /* U+00D8 "Ø" */
    0x0, 0x0, 0x0, 0x0, 0x10, 0x0, 0x2, 0x9e,
    0xfd, 0x9e, 0x40, 0x2, 0xef, 0x86, 0x8f, 0xf1,
    0x0, 0xbf, 0x20, 0x5, 0xef, 0x90, 0xf, 0xa0,
    0x2, 0xf4, 0xaf, 0x2, 0xf7, 0x0, 0xc8, 0x8,
    0xf1, 0x2f, 0x70, 0x9c, 0x0, 0x8f, 0x10, 0xfa,
    0x4e, 0x10, 0xa, 0xf0, 0xa, 0xfe, 0x50, 0x2,
    0xfa, 0x0, 0x2f, 0xf7, 0x68, 0xee, 0x10, 0x5,
    0xe9, 0xef, 0xe9, 0x10, 0x0, 0x2, 0x0, 0x0,
    0x0, 0x0,

    /* U+00D9 "Ù" */
    0x0, 0x9f, 0x20, 0x0, 0x0, 0x0, 0xbb, 0x0,
    0x0, 0x0, 0x0, 0x71, 0x0, 0x0, 0x0, 0x0,
    0x0, 0x0, 0xcc, 0x0, 0x0, 0x6f, 0x1c, 0xc0,
    0x0, 0x6, 0xf1, 0xcc, 0x0, 0x0, 0x6f, 0x1c,
    0xc0, 0x0, 0x6, 0xf1, 0xcc, 0x0, 0x0, 0x6f,
    0x1c, 0xc0, 0x0, 0x6, 0xf1, 0xbc, 0x0, 0x0,
    0x7f, 0x18, 0xf1, 0x0, 0xb, 0xe0, 0x2f, 0xd6,
    0x6a, 0xf7, 0x0, 0x2b, 0xef, 0xd6, 0x0,

    /* U+00DA "Ú" */
    0x0, 0x0, 0xaf, 0x20, 0x0, 0x0, 0x4f, 0x40,
    0x0, 0x0, 0x5, 0x30, 0x0, 0x0, 0x0, 0x0,
    0x0, 0x0, 0xcc, 0x0, 0x0, 0x6f, 0x1c, 0xc0,
    0x0, 0x6, 0xf1, 0xcc, 0x0, 0x0, 0x6f, 0x1c,
    0xc0, 0x0, 0x6, 0xf1, 0xcc, 0x0, 0x0, 0x6f,
    0x1c, 0xc0, 0x0, 0x6, 0xf1, 0xbc, 0x0, 0x0,
    0x7f, 0x18, 0xf1, 0x0, 0xb, 0xe0, 0x2f, 0xd6,
    0x6a, 0xf7, 0x0, 0x2b, 0xef, 0xd6, 0x0,

    /* U+00DB "Û" */
    0x0, 0xe, 0xf3, 0x0, 0x0, 0xa, 0xb8, 0xd1,
    0x0, 0x2, 0x70, 0x5, 0x40, 0x0, 0x0, 0x0,
    0x0, 0x0, 0xcc, 0x0, 0x0, 0x6f, 0x1c, 0xc0,
    0x0, 0x6, 0xf1, 0xcc, 0x0, 0x0, 0x6f, 0x1c,
    0xc0, 0x0, 0x6, 0xf1, 0xcc, 0x0, 0x0, 0x6f,
    0x1c, 0xc0, 0x0, 0x6, 0xf1, 0xbc, 0x0, 0x0,
    0x7f, 0x18, 0xf1, 0x0, 0xb, 0xe0, 0x2f, 0xd6,
    0x6a, 0xf7, 0x0, 0x2b, 0xef, 0xd6, 0x0,

    /* U+00DC "Ü" */
    0x0, 0x62, 0x7, 0x0, 0x0, 0xc, 0x61, 0xe2,
    0x0, 0x0, 0x0, 0x0, 0x0, 0x0, 0x0, 0x0,
    0x0, 0x0, 0xcc, 0x0, 0x0, 0x6f, 0x1c, 0xc0,
    0x0, 0x6, 0xf1, 0xcc, 0x0, 0x0, 0x6f, 0x1c,
    0xc0, 0x0, 0x6, 0xf1, 0xcc, 0x0, 0x0, 0x6f,
    0x1c, 0xc0, 0x0, 0x6, 0xf1, 0xbc, 0x0, 0x0,
    0x7f, 0x18, 0xf1, 0x0, 0xb, 0xe0, 0x2f, 0xd6,
    0x6a, 0xf7, 0x0, 0x2b, 0xef, 0xd6, 0x0,

    /* U+00DD "Ý" */
    0x0, 0x0, 0x48, 0x10, 0x0, 0x0, 0x2e, 0x70,
    0x0, 0x0, 0x5, 0x40, 0x0, 0x0, 0x0, 0x0,
    0x0, 0x0, 0xbe, 0x0, 0x0, 0xbd, 0x3, 0xf6,
    0x0, 0x3f, 0x50, 0xa, 0xe0, 0xb, 0xc0, 0x0,
    0x2f, 0x63, 0xf4, 0x0, 0x0, 0x9d, 0xbb, 0x0,
    0x0, 0x1, 0xff, 0x30, 0x0, 0x0, 0xb, 0xd0,
    0x0, 0x0, 0x0, 0xbd, 0x0, 0x0, 0x0, 0xb,
    0xd0, 0x0, 0x0, 0x0, 0xbd, 0x0, 0x0,

    /* U+00DE "Þ" */
    0xad, 0x10, 0x0, 0xa, 0xff, 0xfe, 0x70, 0xae,
    0x45, 0xaf, 0x5a, 0xd0, 0x0, 0xdb, 0xad, 0x0,
    0xb, 0xda, 0xd0, 0x0, 0xdb, 0xad, 0x12, 0x8f,
    0x6a, 0xff, 0xff, 0x80, 0xae, 0x33, 0x0, 0xa,
    0xd0, 0x0, 0x0,

    /* U+00DF "ß" */
    0x9, 0xef, 0xd8, 0x0, 0x9f, 0x74, 0x7f, 0x70,
    0xda, 0x0, 0xf, 0x80, 0xda, 0x0, 0xae, 0x20,
    0xda, 0x8, 0xe2, 0x0, 0xda, 0xb, 0xe1, 0x0,
    0xda, 0x2, 0xee, 0x40, 0xda, 0x0, 0x1a, 0xf3,
    0xda, 0x0, 0x0, 0xf8, 0xda, 0x26, 0x36, 0xf5,
    0xda, 0x2c, 0xfe, 0x90,

    /* U+00E0 "à" */
    0x0, 0x9f, 0x20, 0x0, 0x0, 0x9c, 0x0, 0x0,
    0x0, 0x20, 0x0, 0x3b, 0xef, 0xb2, 0x3, 0x84,
    0x4e, 0xb0, 0x0, 0x0, 0x9e, 0x4, 0xbe, 0xff,
    0xe2, 0xfa, 0x10, 0x8e, 0x5f, 0x30, 0xb, 0xe3,
    0xf8, 0x16, 0xfe, 0x7, 0xef, 0xa5, 0xe0,

    /* U+00E1 "á" */
    0x0, 0x0, 0xbe, 0x10, 0x0, 0x7d, 0x10, 0x0,
    0x2, 0x0, 0x0, 0x3b, 0xef, 0xb2, 0x3, 0x84,
    0x4e, 0xb0, 0x0, 0x0, 0x9e, 0x4, 0xbe, 0xff,
    0xe2, 0xfa, 0x10, 0x8e, 0x5f, 0x30, 0xb, 0xe3,
    0xf8, 0x16, 0xfe, 0x7, 0xef, 0xa5, 0xe0,

    /* U+00E2 "â" */
    0x0, 0x2f, 0xf2, 0x0, 0x1d, 0x67, 0xd1, 0x1,
    0x20, 0x2, 0x10, 0x3b, 0xef, 0xb2, 0x3, 0x84,
    0x4e, 0xb0, 0x0, 0x0, 0x9e, 0x4, 0xbe, 0xff,
    0xe2, 0xfa, 0x10, 0x8e, 0x5f, 0x30, 0xb, 0xe3,
    0xf8, 0x16, 0xfe, 0x7, 0xef, 0xa5, 0xe0,

    /* U+00E3 "ã" */
    0x1, 0xdd, 0x44, 0x90, 0x78, 0x5e, 0xf3, 0x1,
    0x0, 0x0, 0x0, 0x3b, 0xef, 0xb2, 0x3, 0x84,
    0x4e, 0xb0, 0x0, 0x0, 0x9e, 0x4, 0xbe, 0xff,
    0xe2, 0xfa, 0x10, 0x8e, 0x5f, 0x30, 0xb, 0xe3,
    0xf8, 0x16, 0xfe, 0x7, 0xef, 0xa5, 0xe0,

    /* U+00E4 "ä" */
    0x0, 0xe4, 0x3e, 0x0, 0x7, 0x11, 0x70, 0x3,
    0xbe, 0xfb, 0x20, 0x38, 0x44, 0xeb, 0x0, 0x0,
    0x9, 0xe0, 0x4b, 0xef, 0xfe, 0x2f, 0xa1, 0x8,
    0xe5, 0xf3, 0x0, 0xbe, 0x3f, 0x81, 0x6f, 0xe0,
    0x7e, 0xfa, 0x5e,

    /* U+00E5 "å" */
    0x0, 0x2c, 0xc2, 0x0, 0x8, 0x56, 0x80, 0x0,
    0x2c, 0xc3, 0x0, 0x0, 0x0, 0x0, 0x3, 0xbe,
    0xfb, 0x20, 0x38, 0x44, 0xeb, 0x0, 0x0, 0x9,
    0xe0, 0x4b, 0xef, 0xfe, 0x2f, 0xa1, 0x8, 0xe5,
    0xf3, 0x0, 0xbe, 0x3f, 0x81, 0x6f, 0xe0, 0x7e,
    0xfa, 0x5e,

    /* U+00E6 "æ" */
    0x4, 0xce, 0xf9, 0x3c, 0xfd, 0x50, 0x4, 0x74,
    0x5f, 0xf9, 0x39, 0xf3, 0x0, 0x0, 0xb, 0xe0,
    0x0, 0xe8, 0x4, 0xbe, 0xff, 0xff, 0xff, 0xfa,
    0x2f, 0xb3, 0x2c, 0xd2, 0x22, 0x21, 0x5f, 0x30,
    0xd, 0xf1, 0x0, 0x0, 0x3f, 0x94, 0xad, 0xec,
    0x55, 0x83, 0x7, 0xef, 0xa1, 0x2b, 0xff, 0xb2,

    /* U+00E7 "ç" */
    0x0, 0x8e, 0xfd, 0x30, 0x9f, 0x85, 0x81, 0x1f,
    0x80, 0x0, 0x3, 0xf5, 0x0, 0x0, 0x3f, 0x50,
    0x0, 0x1, 0xf8, 0x0, 0x0, 0xa, 0xf8, 0x58,
    0x30, 0x9, 0xff, 0xc2, 0x0, 0xa, 0x80, 0x0,
    0x0, 0xd, 0x60, 0x0, 0x6f, 0xc2, 0x0,

    /* U+00E8 "è" */
    0x0, 0x8f, 0x20, 0x0, 0x0, 0x8, 0xd0, 0x0,
    0x0, 0x0, 0x21, 0x0, 0x0, 0x8e, 0xeb, 0x20,
    0x9, 0xe5, 0x4c, 0xd0, 0x1f, 0x60, 0x3, 0xf3,
    0x3f, 0xff, 0xff, 0xf5, 0x3f, 0x72, 0x22, 0x20,
    0x1f, 0x90, 0x0, 0x0, 0x9, 0xf8, 0x45, 0x90,
    0x0, 0x8e, 0xfe, 0xa0,

    /* U+00E9 "é" */
    0x0, 0x0, 0xbe, 0x10, 0x0, 0x6, 0xd2, 0x0,
    0x0, 0x2, 0x10, 0x0, 0x0, 0x8e, 0xeb, 0x20,
    0x9, 0xe5, 0x4c, 0xd0, 0x1f, 0x60, 0x3, 0xf3,
    0x3f, 0xff, 0xff, 0xf5, 0x3f, 0x72, 0x22, 0x20,
    0x1f, 0x90, 0x0, 0x0, 0x9, 0xf8, 0x45, 0x90,
    0x0, 0x8e, 0xfe, 0xa0,

    /* U+00EA "ê" */
    0x0, 0x2f, 0xf2, 0x0, 0x1, 0xd7, 0x6d, 0x10,
    0x1, 0x20, 0x2, 0x10, 0x0, 0x8e, 0xeb, 0x20,
    0x9, 0xe5, 0x4c, 0xd0, 0x1f, 0x60, 0x3, 0xf3,
    0x3f, 0xff, 0xff, 0xf5, 0x3f, 0x72, 0x22, 0x20,
    0x1f, 0x90, 0x0, 0x0, 0x9, 0xf8, 0x45, 0x90,
    0x0, 0x8e, 0xfe, 0xa0,

    /* U+00EB "ë" */
    0x0, 0xd4, 0x2e, 0x10, 0x0, 0x71, 0x17, 0x0,
    0x0, 0x8e, 0xeb, 0x20, 0x9, 0xe5, 0x4c, 0xd0,
    0x1f, 0x60, 0x3, 0xf3, 0x3f, 0xff, 0xff, 0xf5,
    0x3f, 0x72, 0x22, 0x20, 0x1f, 0x90, 0x0, 0x0,
    0x9, 0xf8, 0x45, 0x90, 0x0, 0x8e, 0xfe, 0xa0,

    /* U+00EC "ì" */
    0xa, 0xe1, 0x0, 0x9, 0xb0, 0x0, 0x1, 0x0,
    0xd, 0xa0, 0x0, 0xda, 0x0, 0xd, 0xa0, 0x0,
    0xda, 0x0, 0xd, 0xa0, 0x0, 0xda, 0x0, 0xd,
    0xa0, 0x0, 0xda, 0x0,

    /* U+00ED "í" */
    0xd, 0xc0, 0x9b, 0x0, 0x10, 0x0, 0xda, 0x0,
    0xda, 0x0, 0xda, 0x0, 0xda, 0x0, 0xda, 0x0,
    0xda, 0x0, 0xda, 0x0, 0xda, 0x0,

    /* U+00EE "î" */
    0x4, 0xfe, 0x10, 0x3e, 0x47, 0xd1, 0x10, 0x0,
    0x10, 0x0, 0xda, 0x0, 0x0, 0xda, 0x0, 0x0,
    0xda, 0x0, 0x0, 0xda, 0x0, 0x0, 0xda, 0x0,
    0x0, 0xda, 0x0, 0x0, 0xda, 0x0, 0x0, 0xda,
    0x0,

    /* U+00EF "ï" */
    0x1e, 0x25, 0xd0, 0x7, 0x2, 0x60, 0x0, 0xda,
    0x0, 0x0, 0xda, 0x0, 0x0, 0xda, 0x0, 0x0,
    0xda, 0x0, 0x0, 0xda, 0x0, 0x0, 0xda, 0x0,
    0x0, 0xda, 0x0, 0x0, 0xda, 0x0,

    /* U+00F0 "ð" */
    0x0, 0x0, 0x0, 0x0, 0x0, 0x4e, 0x69, 0xc0,
    0x0, 0xa, 0xfe, 0x10, 0x0, 0x7d, 0x6f, 0x70,
    0x0, 0x0, 0x7, 0xf1, 0x1, 0xae, 0xea, 0xf7,
    0xb, 0xe5, 0x49, 0xfb, 0x1f, 0x60, 0x0, 0xdc,
    0x3f, 0x40, 0x0, 0xbb, 0x1f, 0x70, 0x0, 0xe9,
    0xb, 0xe6, 0x4a, 0xf2, 0x0, 0x9e, 0xfc, 0x40,

    /* U+00F1 "ñ" */
    0x8, 0xe8, 0xd, 0x1, 0xd3, 0xcf, 0x80, 0x1,
    0x0, 0x10, 0xd, 0x79, 0xfe, 0x90, 0xdf, 0xa5,
    0x8f, 0x6d, 0xd0, 0x0, 0xda, 0xda, 0x0, 0xc,
    0xbd, 0xa0, 0x0, 0xcb, 0xda, 0x0, 0xc, 0xbd,
    0xa0, 0x0, 0xcb, 0xda, 0x0, 0xc, 0xb0,

    /* U+00F2 "ò" */
    0x0, 0x5f, 0x60, 0x0, 0x0, 0x5, 0xe2, 0x0,
    0x0, 0x0, 0x21, 0x0, 0x0, 0x8e, 0xfc, 0x30,
    0x9, 0xf7, 0x5b, 0xf2, 0xf, 0x80, 0x0, 0xf9,
    0x3f, 0x50, 0x0, 0xcc, 0x3f, 0x50, 0x0, 0xcc,
    0xf, 0x80, 0x0, 0xf9, 0x9, 0xf7, 0x4b, 0xf2,
    0x0, 0x8e, 0xfc, 0x40,

    /* U+00F3 "ó" */
    0x0, 0x0, 0x7f, 0x40, 0x0, 0x2, 0xe4, 0x0,
    0x0, 0x1, 0x10, 0x0, 0x0, 0x8e, 0xfc, 0x30,
    0x9, 0xf7, 0x5b, 0xf2, 0xf, 0x80, 0x0, 0xf9,
    0x3f, 0x50, 0x0, 0xcc, 0x3f, 0x50, 0x0, 0xcc,
    0xf, 0x80, 0x0, 0xf9, 0x9, 0xf7, 0x4b, 0xf2,
    0x0, 0x8e, 0xfc, 0x40,

    /* U+00F4 "ô" */
    0x0, 0xd, 0xf6, 0x0, 0x0, 0xaa, 0x4e, 0x40,
    0x0, 0x30, 0x1, 0x20, 0x0, 0x8e, 0xfc, 0x30,
    0x9, 0xf7, 0x5b, 0xf2, 0xf, 0x80, 0x0, 0xf9,
    0x3f, 0x50, 0x0, 0xcc, 0x3f, 0x50, 0x0, 0xcc,
    0xf, 0x80, 0x0, 0xf9, 0x9, 0xf7, 0x4b, 0xf2,
    0x0, 0x8e, 0xfc, 0x40,

    /* U+00F5 "õ" */
    0x0, 0xae, 0x61, 0xd0, 0x3, 0xb4, 0xdf, 0x60,
    0x0, 0x10, 0x1, 0x0, 0x0, 0x8e, 0xfc, 0x30,
    0x9, 0xf7, 0x5b, 0xf2, 0xf, 0x80, 0x0, 0xf9,
    0x3f, 0x50, 0x0, 0xcc, 0x3f, 0x50, 0x0, 0xcc,
    0xf, 0x80, 0x0, 0xf9, 0x9, 0xf7, 0x4b, 0xf2,
    0x0, 0x8e, 0xfc, 0x40,

    /* U+00F6 "ö" */
    0x0, 0xa8, 0xe, 0x40, 0x0, 0x53, 0x7, 0x10,
    0x0, 0x8e, 0xfc, 0x30, 0x9, 0xf7, 0x5b, 0xf2,
    0xf, 0x80, 0x0, 0xf9, 0x3f, 0x50, 0x0, 0xcc,
    0x3f, 0x50, 0x0, 0xcc, 0xf, 0x80, 0x0, 0xf9,
    0x9, 0xf7, 0x4b, 0xf2, 0x0, 0x8e, 0xfc, 0x40,

    /* U+00F7 "÷" */
    0x0, 0x9, 0x80, 0x0, 0x0, 0xa, 0xa0, 0x0,
    0x0, 0x0, 0x0, 0x0, 0x5f, 0xff, 0xff, 0xf5,
    0x2, 0x22, 0x22, 0x20, 0x0, 0x9, 0x80, 0x0,
    0x0, 0xa, 0xa0, 0x0,

    /* U+00F8 "ø" */
    0x0, 0x0, 0x0, 0x10, 0x0, 0x9e, 0xfc, 0xe3,
    0x9, 0xf7, 0x5e, 0xf1, 0xf, 0x80, 0x5e, 0xf8,
    0x3f, 0x41, 0xe4, 0xcb, 0x3f, 0x4b, 0x90, 0xcb,
    0xf, 0xdd, 0x0, 0xf9, 0x8, 0xfa, 0x5b, 0xf2,
    0xa, 0xce, 0xfc, 0x40, 0x1, 0x0, 0x0, 0x0,

    /* U+00F9 "ù" */
    0x3, 0xf8, 0x0, 0x0, 0x3, 0xe4, 0x0, 0x0,
    0x0, 0x10, 0xf, 0x90, 0x0, 0xda, 0xf9, 0x0,
    0xd, 0xaf, 0x90, 0x0, 0xda, 0xf9, 0x0, 0xd,
    0xaf, 0x90, 0x0, 0xea, 0xea, 0x0, 0x1f, 0xaa,
    0xf4, 0x3a, 0xfa, 0x1b, 0xfd, 0x8a, 0xa0,

    /* U+00FA "ú" */
    0x0, 0x6, 0xf5, 0x0, 0x2, 0xe5, 0x0, 0x0,
    0x1, 0x0, 0xf, 0x90, 0x0, 0xda, 0xf9, 0x0,
    0xd, 0xaf, 0x90, 0x0, 0xda, 0xf9, 0x0, 0xd,
    0xaf, 0x90, 0x0, 0xea, 0xea, 0x0, 0x1f, 0xaa,
    0xf4, 0x3a, 0xfa, 0x1b, 0xfd, 0x8a, 0xa0,

    /* U+00FB "û" */
    0x0, 0xbf, 0x80, 0x0, 0xaa, 0x3d, 0x60, 0x1,
    0x0, 0x1, 0xf, 0x90, 0x0, 0xda, 0xf9, 0x0,
    0xd, 0xaf, 0x90, 0x0, 0xda, 0xf9, 0x0, 0xd,
    0xaf, 0x90, 0x0, 0xea, 0xea, 0x0, 0x1f, 0xaa,
    0xf4, 0x3a, 0xfa, 0x1b, 0xfd, 0x8a, 0xa0,

    /* U+00FC "ü" */
    0x8, 0x90, 0xc5, 0x0, 0x44, 0x6, 0x20, 0xf9,
    0x0, 0xd, 0xaf, 0x90, 0x0, 0xda, 0xf9, 0x0,
    0xd, 0xaf, 0x90, 0x0, 0xda, 0xf9, 0x0, 0xe,
    0xae, 0xa0, 0x1, 0xfa, 0xaf, 0x43, 0xaf, 0xa1,
    0xbf, 0xd8, 0xaa,

    /* U+00FD "ý" */
    0x0, 0x1, 0xfa, 0x0, 0x0, 0xc, 0x90, 0x0,
    0x0, 0x1, 0x0, 0x0, 0xcc, 0x0, 0x5, 0xf3,
    0x6f, 0x20, 0xb, 0xd0, 0xf, 0x70, 0x1f, 0x70,
    0x9, 0xd0, 0x6f, 0x10, 0x3, 0xf3, 0xbb, 0x0,
    0x0, 0xc9, 0xf5, 0x0, 0x0, 0x6f, 0xe0, 0x0,
    0x0, 0x1f, 0x90, 0x0, 0x0, 0x5f, 0x30, 0x0,
    0x35, 0xeb, 0x0, 0x0, 0xbf, 0xb1, 0x0, 0x0,

    /* U+00FE "þ" */
    0xda, 0x0, 0x0, 0xd, 0xa0, 0x0, 0x0, 0xda,
    0x0, 0x0, 0xd, 0xa9, 0xfe, 0x70, 0xdf, 0x95,
    0x9f, 0x5d, 0xd0, 0x0, 0xdb, 0xda, 0x0, 0xa,
    0xed, 0xa0, 0x0, 0xad, 0xdd, 0x0, 0xd, 0xbd,
    0xfa, 0x59, 0xf5, 0xda, 0x9f, 0xe7, 0xd, 0x90,
    0x0, 0x0, 0xda, 0x0, 0x0, 0xd, 0xa0, 0x0,
    0x0,

    /* U+00FF "ÿ" */
    0x4, 0xd0, 0x8a, 0x0, 0x1, 0x70, 0x35, 0x0,
    0xcc, 0x0, 0x5, 0xf3, 0x6f, 0x20, 0xb, 0xd0,
    0xf, 0x70, 0x1f, 0x70, 0x9, 0xd0, 0x6f, 0x10,
    0x3, 0xf3, 0xbb, 0x0, 0x0, 0xc9, 0xf5, 0x0,
    0x0, 0x6f, 0xe0, 0x0, 0x0, 0x1f, 0x90, 0x0,
    0x0, 0x5f, 0x30, 0x0, 0x35, 0xeb, 0x0, 0x0,
    0xbf, 0xb1, 0x0, 0x0,

    /* U+0100 "Ā" */
    0x0, 0x9f, 0xff, 0xb0, 0x0, 0x0, 0x12, 0x22,
    0x10, 0x0, 0x0, 0x0, 0x0, 0x0, 0x0, 0x0,
    0x6, 0xf8, 0x0, 0x0, 0x0, 0xc, 0xee, 0x0,
    0x0, 0x0, 0x2f, 0x6f, 0x40, 0x0, 0x0, 0x8e,
    0xc, 0xa0, 0x0, 0x0, 0xe9, 0x7, 0xf1, 0x0,
    0x4, 0xf5, 0x13, 0xf7, 0x0, 0xa, 0xff, 0xff,
    0xfd, 0x0, 0x1f, 0xa4, 0x44, 0x8f, 0x30, 0x6f,
    0x20, 0x0, 0x1f, 0x90, 0xcc, 0x0, 0x0, 0xa,
    0xe0,

    /* U+0101 "ā" */
    0x2, 0xff, 0xff, 0x20, 0x2, 0x22, 0x20, 0x3,
    0xbe, 0xfb, 0x20, 0x38, 0x44, 0xeb, 0x0, 0x0,
    0x9, 0xe0, 0x4b, 0xef, 0xfe, 0x2f, 0xa1, 0x8,
    0xe5, 0xf3, 0x0, 0xbe, 0x3f, 0x81, 0x6f, 0xe0,
    0x7e, 0xfa, 0x5e,

    /* U+0102 "Ă" */
    0x0, 0x53, 0x2, 0x60, 0x0, 0x0, 0x4f, 0xff,
    0x60, 0x0, 0x0, 0x0, 0x20, 0x0, 0x0, 0x0,
    0x0, 0x0, 0x0, 0x0, 0x0, 0x6, 0xf8, 0x0,
    0x0, 0x0, 0xc, 0xee, 0x0, 0x0, 0x0, 0x2f,
    0x6f, 0x40, 0x0, 0x0, 0x8e, 0xc, 0xa0, 0x0,
    0x0, 0xe9, 0x7, 0xf1, 0x0, 0x4, 0xf5, 0x13,
    0xf7, 0x0, 0xa, 0xff, 0xff, 0xfd, 0x0, 0x1f,
    0xa4, 0x44, 0x8f, 0x30, 0x6f, 0x20, 0x0, 0x1f,
    0x90, 0xcc, 0x0, 0x0, 0xa, 0xe0,

    /* U+0103 "ă" */
    0x2, 0xc1, 0x1b, 0x40, 0xa, 0xff, 0xa0, 0x0,
    0x1, 0x10, 0x0, 0x3b, 0xef, 0xb2, 0x3, 0x84,
    0x4e, 0xb0, 0x0, 0x0, 0x9e, 0x4, 0xbe, 0xff,
    0xe2, 0xfa, 0x10, 0x8e, 0x5f, 0x30, 0xb, 0xe3,
    0xf8, 0x16, 0xfe, 0x7, 0xef, 0xa5, 0xe0,

    /* U+0104 "Ą" */
    0x0, 0x6, 0xf8, 0x0, 0x0, 0x0, 0xc, 0xce,
    0x0, 0x0, 0x0, 0x2f, 0x2e, 0x40, 0x0, 0x0,
    0x8b, 0x8, 0xa0, 0x0, 0x0, 0xe5, 0x13, 0xf1,
    0x0, 0x4, 0xff, 0xff, 0xf7, 0x0, 0xa, 0xa4,
    0x44, 0x9d, 0x0, 0x1f, 0x40, 0x0, 0x2f, 0x30,
    0x6f, 0x0, 0x0, 0xd, 0x90, 0xcb, 0x0, 0x0,
    0xa, 0xf0, 0x0, 0x0, 0x0, 0xc, 0x40, 0x0,
    0x0, 0x0, 0x4e, 0x0, 0x0, 0x0, 0x0, 0x1d,
    0xf1,

    /* U+0105 "ą" */
    0x3, 0xbe, 0xfb, 0x20, 0x3, 0x84, 0x4e, 0xb0,
    0x0, 0x0, 0x9, 0xe0, 0x4, 0xbe, 0xff, 0xe0,
    0x2f, 0xa1, 0x8, 0xe0, 0x5f, 0x30, 0xb, 0xe0,
    0x3f, 0x81, 0x6f, 0xe0, 0x7, 0xef, 0xa5, 0xf0,
    0x0, 0x0, 0xa, 0x60, 0x0, 0x0, 0x2f, 0x0,
    0x0, 0x0, 0xc, 0xf2,

    /* U+0106 "Ć" */
    0x0, 0x0, 0x6, 0xf4, 0x0, 0x0, 0x1, 0xe6,
    0x0, 0x0, 0x0, 0x45, 0x0, 0x0, 0x0, 0x0,
    0x0, 0x0, 0x0, 0x18, 0xdf, 0xeb, 0x20, 0x1d,
    0xf9, 0x67, 0xb1, 0x9, 0xf3, 0x0, 0x0, 0x0,
    0xfa, 0x0, 0x0, 0x0, 0x1f, 0x70, 0x0, 0x0,
    0x2, 0xf7, 0x0, 0x0, 0x0, 0xf, 0xa0, 0x0,
    0x0, 0x0, 0xbf, 0x20, 0x0, 0x0, 0x2, 0xef,
    0x86, 0x69, 0x0, 0x2, 0xae, 0xfe, 0xb0,

    /* U+0107 "ć" */
    0x0, 0x0, 0xcd, 0x10, 0x0, 0x7d, 0x10, 0x0,
    0x2, 0x0, 0x0, 0x8, 0xef, 0xd3, 0x9, 0xf8,
    0x58, 0x11, 0xf8, 0x0, 0x0, 0x3f, 0x50, 0x0,
    0x3, 0xf5, 0x0, 0x0, 0x1f, 0x80, 0x0, 0x0,
    0xaf, 0x85, 0x83, 0x0, 0x9e, 0xfc, 0x20,

    /* U+0108 "Ĉ" */
    0x0, 0x0, 0xcf, 0x50, 0x0, 0x0, 0x8d, 0x7e,
    0x20, 0x0, 0x17, 0x10, 0x45, 0x0, 0x0, 0x0,
    0x0, 0x0, 0x0, 0x18, 0xdf, 0xeb, 0x20, 0x1d,
    0xf9, 0x67, 0xb1, 0x9, 0xf3, 0x0, 0x0, 0x0,
    0xfa, 0x0, 0x0, 0x0, 0x1f, 0x70, 0x0, 0x0,
    0x2, 0xf7, 0x0, 0x0, 0x0, 0xf, 0xa0, 0x0,
    0x0, 0x0, 0xbf, 0x20, 0x0, 0x0, 0x2, 0xef,
    0x86, 0x69, 0x0, 0x2, 0xae, 0xfe, 0xb0,

    /* U+0109 "ĉ" */
    0x0, 0x2f, 0xf2, 0x0, 0x1d, 0x77, 0xd1, 0x1,
    0x20, 0x2, 0x10, 0x8, 0xef, 0xd3, 0x9, 0xf8,
    0x58, 0x11, 0xf8, 0x0, 0x0, 0x3f, 0x50, 0x0,
    0x3, 0xf5, 0x0, 0x0, 0x1f, 0x80, 0x0, 0x0,
    0xaf, 0x85, 0x83, 0x0, 0x9e, 0xfc, 0x20,

    /* U+010A "Ċ" */
    0x0, 0x0, 0x4a, 0x0, 0x0, 0x0, 0x6, 0xe0,
    0x0, 0x0, 0x0, 0x0, 0x0, 0x0, 0x0, 0x0,
    0x0, 0x0, 0x0, 0x18, 0xdf, 0xeb, 0x20, 0x1d,
    0xf9, 0x67, 0xb1, 0x9, 0xf3, 0x0, 0x0, 0x0,
    0xfa, 0x0, 0x0, 0x0, 0x1f, 0x70, 0x0, 0x0,
    0x2, 0xf7, 0x0, 0x0, 0x0, 0xf, 0xa0, 0x0,
    0x0, 0x0, 0xbf, 0x20, 0x0, 0x0, 0x2, 0xef,
    0x86, 0x69, 0x0, 0x2, 0xae, 0xfe, 0xb0,

    /* U+010B "ċ" */
    0x0, 0xa, 0xb0, 0x0, 0x0, 0x77, 0x0, 0x0,
    0x0, 0x0, 0x0, 0x8, 0xef, 0xd3, 0x9, 0xf8,
    0x58, 0x11, 0xf8, 0x0, 0x0, 0x3f, 0x50, 0x0,
    0x3, 0xf5, 0x0, 0x0, 0x1f, 0x80, 0x0, 0x0,
    0xaf, 0x85, 0x83, 0x0, 0x9e, 0xfc, 0x20,

    /* U+010C "Č" */
    0x0, 0x1d, 0x60, 0xb9, 0x0, 0x0, 0x3f, 0xdc,
    0x0, 0x0, 0x0, 0x58, 0x20, 0x0, 0x0, 0x0,
    0x0, 0x0, 0x0, 0x18, 0xdf, 0xeb, 0x20, 0x1d,
    0xf9, 0x67, 0xb1, 0x9, 0xf3, 0x0, 0x0, 0x0,
    0xfa, 0x0, 0x0, 0x0, 0x1f, 0x70, 0x0, 0x0,
    0x2, 0xf7, 0x0, 0x0, 0x0, 0xf, 0xa0, 0x0,
    0x0, 0x0, 0xbf, 0x20, 0x0, 0x0, 0x2, 0xef,
    0x86, 0x69, 0x0, 0x2, 0xae, 0xfe, 0xb0,

    /* U+010D "č" */
    0x3, 0xd3, 0x3d, 0x40, 0x5, 0xff, 0x60, 0x0,
    0x2, 0x30, 0x0, 0x8, 0xef, 0xd3, 0x9, 0xf8,
    0x58, 0x11, 0xf8, 0x0, 0x0, 0x3f, 0x50, 0x0,
    0x3, 0xf5, 0x0, 0x0, 0x1f, 0x80, 0x0, 0x0,
    0xaf, 0x85, 0x83, 0x0, 0x9e, 0xfc, 0x20,

    /* U+010E "Ď" */
    0x2, 0x70, 0x5, 0x40, 0x0, 0x9, 0xdb, 0xb0,
    0x0, 0x0, 0x7, 0x70, 0x0, 0x0, 0x0, 0x0,
    0x0, 0x0, 0xbf, 0xff, 0xea, 0x20, 0xb, 0xe5,
    0x58, 0xef, 0x40, 0xbd, 0x0, 0x1, 0xee, 0xb,
    0xd0, 0x0, 0x6, 0xf3, 0xbd, 0x0, 0x0, 0x4f,
    0x5b, 0xd0, 0x0, 0x4, 0xf5, 0xbd, 0x0, 0x0,
    0x7f, 0x3b, 0xd0, 0x0, 0x1e, 0xd0, 0xbe, 0x56,
    0x9f, 0xf3, 0xb, 0xff, 0xfd, 0x92, 0x0,

    /* U+010F "ď" */
    0x0, 0x0, 0x0, 0xf8, 0x8d, 0x0, 0x0, 0x0,
    0xf8, 0xb6, 0x0, 0x0, 0x0, 0xf8, 0x40, 0x1,
    0xaf, 0xe5, 0xe8, 0x0, 0xa, 0xf7, 0x5c, 0xf8,
    0x0, 0x1f, 0x80, 0x2, 0xf8, 0x0, 0x3f, 0x50,
    0x0, 0xf8, 0x0, 0x3f, 0x40, 0x0, 0xe8, 0x0,
    0x1f, 0x80, 0x1, 0xf8, 0x0, 0xb, 0xf6, 0x5c,
    0xf8, 0x0, 0x1, 0xaf, 0xe5, 0xb8, 0x0,

    /* U+0110 "Đ" */
    0x9, 0xff, 0xfe, 0xa2, 0x0, 0x9, 0xe5, 0x58,
    0xef, 0x40, 0x9, 0xe0, 0x0, 0x1e, 0xe0, 0xa,
    0xe1, 0x10, 0x6, 0xf3, 0xaf, 0xff, 0xf3, 0x4,
    0xf5, 0x2b, 0xe4, 0x40, 0x4, 0xf5, 0x9, 0xe0,
    0x0, 0x7, 0xf3, 0x9, 0xe0, 0x0, 0x1e, 0xd0,
    0x9, 0xf5, 0x69, 0xff, 0x30, 0x9, 0xff, 0xfd,
    0x92, 0x0,

    /* U+0111 "đ" */
    0x0, 0x0, 0x0, 0xf8, 0x0, 0x0, 0xaf, 0xff,
    0xf8, 0x0, 0x1, 0x22, 0xf9, 0x10, 0x1a, 0xee,
    0x5e, 0x80, 0xb, 0xf7, 0x5c, 0xf8, 0x1, 0xf9,
    0x0, 0x2f, 0x80, 0x3f, 0x60, 0x0, 0xf8, 0x3,
    0xf5, 0x0, 0xe, 0x80, 0x1f, 0x90, 0x1, 0xf8,
    0x0, 0xbf, 0x75, 0xbf, 0x80, 0x1, 0xaf, 0xe4,
    0xc8, 0x0,

    /* U+0112 "Ē" */
    0xe, 0xff, 0xf6, 0x2, 0x22, 0x21, 0x0, 0x0,
    0x0, 0xaf, 0xff, 0xff, 0xae, 0x55, 0x55, 0xad,
    0x0, 0x0, 0xad, 0x11, 0x10, 0xaf, 0xff, 0xfb,
    0xae, 0x44, 0x42, 0xad, 0x0, 0x0, 0xad, 0x0,
    0x0, 0xae, 0x55, 0x55, 0xaf, 0xff, 0xff,

    /* U+0113 "ē" */
    0x1, 0xff, 0xff, 0x20, 0x0, 0x22, 0x22, 0x0,
    0x0, 0x8e, 0xeb, 0x20, 0x9, 0xe5, 0x4c, 0xd0,
    0x1f, 0x60, 0x3, 0xf3, 0x3f, 0xff, 0xff, 0xf5,
    0x3f, 0x72, 0x22, 0x20, 0x1f, 0x90, 0x0, 0x0,
    0x9, 0xf8, 0x45, 0x90, 0x0, 0x8e, 0xfe, 0xa0,

    /* U+0114 "Ĕ" */
    0x7, 0x10, 0x44, 0x8, 0xff, 0xe2, 0x0, 0x12,
    0x0, 0x0, 0x0, 0x0, 0xaf, 0xff, 0xff, 0xae,
    0x55, 0x55, 0xad, 0x0, 0x0, 0xad, 0x11, 0x10,
    0xaf, 0xff, 0xfb, 0xae, 0x44, 0x42, 0xad, 0x0,
    0x0, 0xad, 0x0, 0x0, 0xae, 0x55, 0x55, 0xaf,
    0xff, 0xff,

    /* U+0115 "ĕ" */
    0x2, 0xd1, 0x1b, 0x40, 0x0, 0x9f, 0xfa, 0x0,
    0x0, 0x1, 0x10, 0x0, 0x0, 0x8e, 0xeb, 0x20,
    0x9, 0xe5, 0x4c, 0xd0, 0x1f, 0x60, 0x3, 0xf3,
    0x3f, 0xff, 0xff, 0xf5, 0x3f, 0x72, 0x22, 0x20,
    0x1f, 0x90, 0x0, 0x0, 0x9, 0xf8, 0x45, 0x90,
    0x0, 0x8e, 0xfe, 0xa0,

    /* U+0116 "Ė" */
    0x0, 0x6e, 0x0, 0x0, 0x4a, 0x0, 0x0, 0x0,
    0x0, 0xaf, 0xff, 0xff, 0xae, 0x55, 0x55, 0xad,
    0x0, 0x0, 0xad, 0x11, 0x10, 0xaf, 0xff, 0xfb,
    0xae, 0x44, 0x42, 0xad, 0x0, 0x0, 0xad, 0x0,
    0x0, 0xae, 0x55, 0x55, 0xaf, 0xff, 0xff,

    /* U+0117 "ė" */
    0x0, 0xa, 0xb0, 0x0, 0x0, 0x6, 0x80, 0x0,
    0x0, 0x0, 0x0, 0x0, 0x0, 0x8e, 0xeb, 0x20,
    0x9, 0xe5, 0x4c, 0xd0, 0x1f, 0x60, 0x3, 0xf3,
    0x3f, 0xff, 0xff, 0xf5, 0x3f, 0x72, 0x22, 0x20,
    0x1f, 0x90, 0x0, 0x0, 0x9, 0xf8, 0x45, 0x90,
    0x0, 0x8e, 0xfe, 0xa0,

    /* U+0118 "Ę" */
    0xaf, 0xff, 0xff, 0xae, 0x55, 0x55, 0xad, 0x0,
    0x0, 0xad, 0x11, 0x10, 0xaf, 0xff, 0xfb, 0xae,
    0x44, 0x42, 0xad, 0x0, 0x0, 0xad, 0x0, 0x0,
    0xae, 0x55, 0x55, 0xaf, 0xff, 0xff, 0x0, 0x1,
    0xc2, 0x0, 0x7, 0xb0, 0x0, 0x3, 0xed,

    /* U+0119 "ę" */
    0x0, 0x8e, 0xeb, 0x20, 0x9, 0xe5, 0x4c, 0xd0,
    0x1f, 0x60, 0x3, 0xf3, 0x3f, 0xff, 0xff, 0xf5,
    0x3f, 0x72, 0x22, 0x20, 0x1f, 0x90, 0x0, 0x0,
    0x9, 0xf8, 0x45, 0x90, 0x0, 0x8e, 0xff, 0xc0,
    0x0, 0x0, 0x2c, 0x10, 0x0, 0x0, 0x8a, 0x0,
    0x0, 0x0, 0x4e, 0xd0,

    /* U+011A "Ě" */
    0x17, 0x10, 0x45, 0x6, 0xea, 0xd1, 0x0, 0x58,
    0x20, 0x0, 0x0, 0x0, 0xaf, 0xff, 0xff, 0xae,
    0x55, 0x55, 0xad, 0x0, 0x0, 0xad, 0x11, 0x10,
    0xaf, 0xff, 0xfb, 0xae, 0x44, 0x42, 0xad, 0x0,
    0x0, 0xad, 0x0, 0x0, 0xae, 0x55, 0x55, 0xaf,
    0xff, 0xff,

    /* U+011B "ě" */
    0x3, 0xd4, 0x2d, 0x50, 0x0, 0x4f, 0xf6, 0x0,
    0x0, 0x2, 0x30, 0x0, 0x0, 0x8e, 0xeb, 0x20,
    0x9, 0xe5, 0x4c, 0xd0, 0x1f, 0x60, 0x3, 0xf3,
    0x3f, 0xff, 0xff, 0xf5, 0x3f, 0x72, 0x22, 0x20,
    0x1f, 0x90, 0x0, 0x0, 0x9, 0xf8, 0x45, 0x90,
    0x0, 0x8e, 0xfe, 0xa0,

    /* U+011C "Ĝ" */
    0x0, 0x0, 0x7f, 0xb0, 0x0, 0x0, 0x3, 0xf6,
    0xe7, 0x0, 0x0, 0x6, 0x30, 0x17, 0x0, 0x0,
    0x0, 0x0, 0x0, 0x0, 0x0, 0x7, 0xcf, 0xfd,
    0x80, 0x0, 0xcf, 0xa7, 0x68, 0x70, 0x9, 0xf5,
    0x0, 0x0, 0x0, 0xf, 0xb0, 0x0, 0x11, 0x10,
    0x1f, 0x70, 0x8, 0xff, 0xf1, 0x2f, 0x70, 0x2,
    0x48, 0xf1, 0xf, 0xa0, 0x0, 0x6, 0xf1, 0xa,
    0xf2, 0x0, 0x6, 0xf1, 0x2, 0xef, 0x85, 0x6b,
    0xf1, 0x0, 0x19, 0xef, 0xfd, 0x90,

    /* U+011D "ĝ" */
    0x0, 0x1d, 0xf5, 0x0, 0x0, 0xc9, 0x5e, 0x30,
    0x1, 0x30, 0x1, 0x20, 0x1, 0xaf, 0xe6, 0xc8,
    0xa, 0xf7, 0x5c, 0xf8, 0x1f, 0x80, 0x2, 0xf8,
    0x3f, 0x50, 0x0, 0xf8, 0x3f, 0x40, 0x0, 0xe8,
    0x1f, 0x70, 0x1, 0xf8, 0xa, 0xf6, 0x5b, 0xf8,
    0x1, 0xbf, 0xe6, 0xe8, 0x0, 0x0, 0x1, 0xf6,
    0x7, 0x64, 0x5c, 0xf2, 0x7, 0xdf, 0xfc, 0x40,

    /* U+011E "Ğ" */
    0x0, 0x4, 0x30, 0x17, 0x0, 0x0, 0x3, 0xef,
    0xf7, 0x0, 0x0, 0x0, 0x2, 0x10, 0x0, 0x0,
    0x0, 0x0, 0x0, 0x0, 0x0, 0x7, 0xcf, 0xfd,
    0x80, 0x0, 0xcf, 0xa7, 0x68, 0x70, 0x9, 0xf5,
    0x0, 0x0, 0x0, 0xf, 0xb0, 0x0, 0x11, 0x10,
    0x1f, 0x70, 0x8, 0xff, 0xf1, 0x2f, 0x70, 0x2,
    0x48, 0xf1, 0xf, 0xa0, 0x0, 0x6, 0xf1, 0xa,
    0xf2, 0x0, 0x6, 0xf1, 0x2, 0xef, 0x85, 0x6b,
    0xf1, 0x0, 0x19, 0xef, 0xfd, 0x90,

    /* U+011F "ğ" */
    0x0, 0xcf, 0xff, 0x40, 0x0, 0x1, 0x20, 0x0,
    0x0, 0x0, 0x0, 0x0, 0x1, 0xaf, 0xe6, 0xc8,
    0xa, 0xf7, 0x5c, 0xf8, 0x1f, 0x80, 0x2, 0xf8,
    0x3f, 0x50, 0x0, 0xf8, 0x3f, 0x40, 0x0, 0xe8,
    0x1f, 0x70, 0x1, 0xf8, 0xa, 0xf6, 0x5b, 0xf8,
    0x1, 0xbf, 0xe6, 0xe8, 0x0, 0x0, 0x1, 0xf6,
    0x7, 0x64, 0x5c, 0xf2, 0x7, 0xdf, 0xfc, 0x40,

    /* U+0120 "Ġ" */
    0x0, 0x0, 0xa, 0x40, 0x0, 0x0, 0x0, 0x1e,
    0x50, 0x0, 0x0, 0x0, 0x0, 0x0, 0x0, 0x0,
    0x0, 0x0, 0x0, 0x0, 0x0, 0x7, 0xcf, 0xfd,
    0x80, 0x0, 0xcf, 0xa7, 0x68, 0x70, 0x9, 0xf5,
    0x0, 0x0, 0x0, 0xf, 0xb0, 0x0, 0x11, 0x10,
    0x1f, 0x70, 0x8, 0xff, 0xf1, 0x2f, 0x70, 0x2,
    0x48, 0xf1, 0xf, 0xa0, 0x0, 0x6, 0xf1, 0xa,
    0xf2, 0x0, 0x6, 0xf1, 0x2, 0xef, 0x85, 0x6b,
    0xf1, 0x0, 0x19, 0xef, 0xfd, 0x90,

    /* U+0121 "ġ" */
    0x0, 0x7, 0xd0, 0x0, 0x0, 0x5, 0x90, 0x0,
    0x0, 0x0, 0x0, 0x0, 0x1, 0xaf, 0xe6, 0xc8,
    0xa, 0xf7, 0x5c, 0xf8, 0x1f, 0x80, 0x2, 0xf8,
    0x3f, 0x50, 0x0, 0xf8, 0x3f, 0x40, 0x0, 0xe8,
    0x1f, 0x70, 0x1, 0xf8, 0xa, 0xf6, 0x5b, 0xf8,
    0x1, 0xbf, 0xe6, 0xe8, 0x0, 0x0, 0x1, 0xf6,
    0x7, 0x64, 0x5c, 0xf2, 0x7, 0xdf, 0xfc, 0x40,

    /* U+0122 "Ģ" */
    0x0, 0x7, 0xcf, 0xfd, 0x80, 0x0, 0xcf, 0xa7,
    0x68, 0x70, 0x9, 0xf5, 0x0, 0x0, 0x0, 0xf,
    0xb0, 0x0, 0x11, 0x10, 0x1f, 0x70, 0x8, 0xff,
    0xf1, 0x2f, 0x70, 0x2, 0x48, 0xf1, 0xf, 0xa0,
    0x0, 0x6, 0xf1, 0xa, 0xf2, 0x0, 0x6, 0xf1,
    0x2, 0xef, 0x85, 0x6b, 0xf1, 0x0, 0x19, 0xef,
    0xfd, 0x90, 0x0, 0x0, 0x4, 0x20, 0x0, 0x0,
    0x0, 0xf, 0x40, 0x0, 0x0, 0x0, 0x4b, 0x0,
    0x0,

    /* U+0123 "ģ" */
    0x0, 0x0, 0xd2, 0x0, 0x0, 0x6, 0xd0, 0x0,
    0x0, 0x3, 0x30, 0x0, 0x1, 0xaf, 0xe6, 0xc8,
    0xa, 0xf7, 0x5c, 0xf8, 0x1f, 0x80, 0x2, 0xf8,
    0x3f, 0x50, 0x0, 0xf8, 0x3f, 0x40, 0x0, 0xe8,
    0x1f, 0x70, 0x1, 0xf8, 0xa, 0xf6, 0x5b, 0xf8,
    0x1, 0xbf, 0xe6, 0xe8, 0x0, 0x0, 0x1, 0xf6,
    0x7, 0x64, 0x5c, 0xf2, 0x7, 0xdf, 0xfc, 0x40,

    /* U+0124 "Ĥ" */
    0x0, 0x5, 0x71, 0x0, 0x0, 0x6, 0xea, 0xc0,
    0x0, 0x1, 0x71, 0x5, 0x40, 0x0, 0x0, 0x0,
    0x0, 0x0, 0xad, 0x0, 0x0, 0x6f, 0x2a, 0xd0,
    0x0, 0x6, 0xf2, 0xad, 0x0, 0x0, 0x6f, 0x2a,
    0xd1, 0x11, 0x17, 0xf2, 0xaf, 0xff, 0xff, 0xff,
    0x2a, 0xe4, 0x44, 0x48, 0xf2, 0xad, 0x0, 0x0,
    0x6f, 0x2a, 0xd0, 0x0, 0x6, 0xf2, 0xad, 0x0,
    0x0, 0x6f, 0x2a, 0xd0, 0x0, 0x6, 0xf2,

    /* U+0125 "ĥ" */
    0x0, 0x76, 0x0, 0x0, 0x0, 0x8e, 0xf5, 0x0,
    0x0, 0x5d, 0x24, 0xe2, 0x0, 0x0, 0x0, 0x0,
    0x0, 0x0, 0x0, 0xda, 0x0, 0x0, 0x0, 0xd,
    0xa0, 0x0, 0x0, 0x0, 0xd9, 0x0, 0x0, 0x0,
    0xd, 0xa9, 0xfe, 0x90, 0x0, 0xdf, 0xa5, 0x8f,
    0x60, 0xd, 0xd0, 0x0, 0xda, 0x0, 0xda, 0x0,
    0xc, 0xb0, 0xd, 0xa0, 0x0, 0xcb, 0x0, 0xda,
    0x0, 0xc, 0xb0, 0xd, 0xa0, 0x0, 0xcb, 0x0,
    0xda, 0x0, 0xc, 0xb0,

    /* U+0126 "Ħ" */
    0xa, 0xd0, 0x0, 0x6, 0xf2, 0xf, 0xff, 0xff,
    0xff, 0xff, 0xf7, 0x2b, 0xd2, 0x22, 0x27, 0xf4,
    0x10, 0xad, 0x11, 0x11, 0x7f, 0x20, 0xa, 0xff,
    0xff, 0xff, 0xf2, 0x0, 0xae, 0x44, 0x44, 0x8f,
    0x20, 0xa, 0xd0, 0x0, 0x6, 0xf2, 0x0, 0xad,
    0x0, 0x0, 0x6f, 0x20, 0xa, 0xd0, 0x0, 0x6,
    0xf2, 0x0, 0xad, 0x0, 0x0, 0x6f, 0x20,

    /* U+0127 "ħ" */
    0xd, 0xa0, 0x0, 0x0, 0xdf, 0xff, 0xf5, 0x0,
    0x2d, 0xb2, 0x20, 0x0, 0xd, 0xa9, 0xfe, 0x90,
    0xd, 0xfa, 0x58, 0xf6, 0xd, 0xe0, 0x0, 0xda,
    0xd, 0xb0, 0x0, 0xcb, 0xd, 0xa0, 0x0, 0xcb,
    0xd, 0xa0, 0x0, 0xcb, 0xd, 0xa0, 0x0, 0xcb,
    0xd, 0xa0, 0x0, 0xcb,

    /* U+0128 "Ĩ" */
    0xc, 0xff, 0xfb, 0x0, 0x22, 0x22, 0x0, 0x0,
    0x0, 0x0, 0x0, 0x7f, 0xff, 0x60, 0x0, 0x5f,
    0x50, 0x0, 0x4, 0xf3, 0x0, 0x0, 0x4f, 0x30,
    0x0, 0x4, 0xf3, 0x0, 0x0, 0x4f, 0x30, 0x0,
    0x4, 0xf3, 0x0, 0x0, 0x4f, 0x30, 0x0, 0x5,
    0xf5, 0x0, 0x7, 0xff, 0xf6, 0x0,

    /* U+0129 "ĩ" */
    0x2e, 0xc2, 0x67, 0x96, 0x7f, 0xe1, 0x10, 0x0,
    0x0, 0x0, 0xda, 0x0, 0x0, 0xda, 0x0, 0x0,
    0xda, 0x0, 0x0, 0xda, 0x0, 0x0, 0xda, 0x0,
    0x0, 0xda, 0x0, 0x0, 0xda, 0x0, 0x0, 0xda,
    0x0,

    /* U+012A "Ī" */
    0xaf, 0xff, 0x91, 0x22, 0x21, 0x0, 0x0, 0x7,
    0xff, 0xf6, 0x5, 0xf5, 0x0, 0x4f, 0x30, 0x4,
    0xf3, 0x0, 0x4f, 0x30, 0x4, 0xf3, 0x0, 0x4f,
    0x30, 0x4, 0xf3, 0x0, 0x5f, 0x50, 0x7f, 0xff,
    0x60,

    /* U+012B "ī" */
    0x4f, 0xff, 0xf0, 0x2, 0x22, 0x20, 0x0, 0xda,
    0x0, 0x0, 0xda, 0x0, 0x0, 0xda, 0x0, 0x0,
    0xda, 0x0, 0x0, 0xda, 0x0, 0x0, 0xda, 0x0,
    0x0, 0xda, 0x0, 0x0, 0xda, 0x0,

    /* U+012C "Ĭ" */
    0x52, 0x2, 0x65, 0xff, 0xf5, 0x0, 0x20, 0x0,
    0x0, 0x0, 0x7f, 0xff, 0x60, 0x5f, 0x50, 0x4,
    0xf3, 0x0, 0x4f, 0x30, 0x4, 0xf3, 0x0, 0x4f,
    0x30, 0x4, 0xf3, 0x0, 0x4f, 0x30, 0x5, 0xf5,
    0x7, 0xff, 0xf6,

    /* U+012D "ĭ" */
    0x4a, 0x1, 0xd2, 0xb, 0xff, 0x80, 0x0, 0x21,
    0x0, 0x0, 0xda, 0x0, 0x0, 0xda, 0x0, 0x0,
    0xda, 0x0, 0x0, 0xda, 0x0, 0x0, 0xda, 0x0,
    0x0, 0xda, 0x0, 0x0, 0xda, 0x0, 0x0, 0xda,
    0x0,

    /* U+012E "Į" */
    0x7f, 0xff, 0x60, 0x5f, 0x50, 0x4, 0xf3, 0x0,
    0x4f, 0x30, 0x4, 0xf3, 0x0, 0x4f, 0x30, 0x4,
    0xf3, 0x0, 0x4f, 0x30, 0x5, 0xf5, 0x7, 0xff,
    0xf6, 0x0, 0x78, 0x0, 0xf, 0x20, 0x0, 0xbf,
    0x50,

    /* U+012F "į" */
    0xc, 0x90, 0x86, 0x0, 0x0, 0xda, 0xd, 0xa0,
    0xda, 0xd, 0xa0, 0xda, 0xd, 0xa0, 0xda, 0xf,
    0xa1, 0xc2, 0x8a, 0x4, 0xed,

    /* U+0130 "İ" */
    0x3, 0xe3, 0x0, 0x2b, 0x10, 0x0, 0x0, 0x7,
    0xff, 0xf6, 0x5, 0xf5, 0x0, 0x4f, 0x30, 0x4,
    0xf3, 0x0, 0x4f, 0x30, 0x4, 0xf3, 0x0, 0x4f,
    0x30, 0x4, 0xf3, 0x0, 0x5f, 0x50, 0x7f, 0xff,
    0x60,

    /* U+0131 "ı" */
    0xda, 0xda, 0xda, 0xda, 0xda, 0xda, 0xda, 0xda,

    /* U+0132 "Ĳ" */
    0x7f, 0xff, 0x60, 0xbc, 0x5, 0xf5, 0x0, 0xbc,
    0x4, 0xf3, 0x0, 0xbc, 0x4, 0xf3, 0x0, 0xbc,
    0x4, 0xf3, 0x0, 0xbc, 0x4, 0xf3, 0x0, 0xbc,
    0x4, 0xf3, 0x0, 0xbc, 0x4, 0xf3, 0x0, 0xbc,
    0x5, 0xf5, 0x0, 0xbc, 0x7f, 0xff, 0x60, 0xbc,
    0x0, 0x0, 0x0, 0xcb, 0x0, 0x0, 0x24, 0xf8,
    0x0, 0x1, 0xff, 0xd1, 0x0, 0x0, 0x33, 0x0,

    /* U+0133 "ĳ" */
    0xc9, 0x1, 0xe6, 0x86, 0x0, 0xa3, 0x0, 0x0,
    0x0, 0xda, 0x0, 0xf7, 0xda, 0x0, 0xf7, 0xda,
    0x0, 0xf7, 0xda, 0x0, 0xf7, 0xda, 0x0, 0xf7,
    0xda, 0x0, 0xf7, 0xda, 0x0, 0xf7, 0xda, 0x0,
    0xf7, 0x0, 0x0, 0xf6, 0x0, 0x48, 0xf4, 0x0,
    0xef, 0x90,

    /* U+0134 "Ĵ" */
    0x0, 0x7, 0x70, 0x0, 0x6, 0xee, 0x60, 0x3,
    0xe3, 0x3e, 0x30, 0x0, 0x0, 0x0, 0x0, 0xb,
    0xc0, 0x0, 0x0, 0xbc, 0x0, 0x0, 0xb, 0xc0,
    0x0, 0x0, 0xbc, 0x0, 0x0, 0xb, 0xc0, 0x0,
    0x0, 0xbc, 0x0, 0x0, 0xb, 0xc0, 0x0, 0x0,
    0xbc, 0x0, 0x0, 0xb, 0xc0, 0x0, 0x0, 0xbc,
    0x0, 0x0, 0xc, 0xb0, 0x0, 0x14, 0xf8, 0x0,
    0x1f, 0xfd, 0x10, 0x0, 0x33, 0x0, 0x0,

    /* U+0135 "ĵ" */
    0x4, 0xfe, 0x10, 0x3e, 0x47, 0xd1, 0x10, 0x0,
    0x10, 0x0, 0xda, 0x0, 0x0, 0xda, 0x0, 0x0,
    0xda, 0x0, 0x0, 0xda, 0x0, 0x0, 0xda, 0x0,
    0x0, 0xda, 0x0, 0x0, 0xda, 0x0, 0x0, 0xda,
    0x0, 0x0, 0xd9, 0x0, 0x36, 0xf7, 0x0, 0xaf,
    0xb1, 0x0,

    /* U+0136 "Ķ" */
    0xad, 0x0, 0x6, 0xf4, 0xad, 0x0, 0x4f, 0x60,
    0xad, 0x3, 0xf8, 0x0, 0xad, 0x1e, 0xa0, 0x0,
    0xae, 0xdf, 0x10, 0x0, 0xaf, 0xbf, 0xb0, 0x0,
    0xad, 0x6, 0xf6, 0x0, 0xad, 0x0, 0xaf, 0x20,
    0xad, 0x0, 0x1e, 0xc0, 0xad, 0x0, 0x4, 0xf7,
    0x0, 0x4, 0x30, 0x0, 0x0, 0xe, 0x60, 0x0,
    0x0, 0x2d, 0x0, 0x0,

    /* U+0137 "ķ" */
    0xda, 0x0, 0x0, 0xd, 0xa0, 0x0, 0x0, 0xda,
    0x0, 0x0, 0xd, 0xa0, 0x9, 0xe2, 0xda, 0x7,
    0xf3, 0xd, 0x95, 0xf5, 0x0, 0xdc, 0xfb, 0x0,
    0xd, 0xfb, 0xf4, 0x0, 0xda, 0xb, 0xe1, 0xd,
    0xa0, 0x1f, 0xa0, 0xda, 0x0, 0x5f, 0x60, 0x2,
    0x40, 0x0, 0x0, 0xa9, 0x0, 0x0, 0xe, 0x20,
    0x0,

    /* U+0138 "ĸ" */
    0xdb, 0x0, 0x9f, 0x2d, 0xb0, 0x6f, 0x50, 0xda,
    0x3f, 0x80, 0xd, 0xbe, 0xd0, 0x0, 0xdf, 0xdf,
    0x40, 0xd, 0xb0, 0xbe, 0x10, 0xdb, 0x1, 0xea,
    0xd, 0xb0, 0x5, 0xf6,

    /* U+0139 "Ĺ" */
    0x4, 0x71, 0x0, 0x2, 0xf6, 0x0, 0x0, 0x53,
    0x0, 0x0, 0x0, 0x0, 0x0, 0x0, 0xbd, 0x0,
    0x0, 0xb, 0xd0, 0x0, 0x0, 0xbd, 0x0, 0x0,
    0xb, 0xd0, 0x0, 0x0, 0xbd, 0x0, 0x0, 0xb,
    0xd0, 0x0, 0x0, 0xbd, 0x0, 0x0, 0xb, 0xd0,
    0x0, 0x0, 0xbe, 0x66, 0x66, 0xb, 0xff, 0xff,
    0xf1,

    /* U+013A "ĺ" */
    0x5, 0x70, 0x2f, 0x70, 0xb8, 0x0, 0x0, 0x0,
    0xda, 0x0, 0xda, 0x0, 0xda, 0x0, 0xda, 0x0,
    0xda, 0x0, 0xda, 0x0, 0xda, 0x0, 0xda, 0x0,
    0xda, 0x0, 0xda, 0x0, 0xda, 0x0,

    /* U+013B "Ļ" */
    0xbd, 0x0, 0x0, 0xb, 0xd0, 0x0, 0x0, 0xbd,
    0x0, 0x0, 0xb, 0xd0, 0x0, 0x0, 0xbd, 0x0,
    0x0, 0xb, 0xd0, 0x0, 0x0, 0xbd, 0x0, 0x0,
    0xb, 0xd0, 0x0, 0x0, 0xbe, 0x66, 0x66, 0xb,
    0xff, 0xff, 0xf1, 0x0, 0x15, 0x0, 0x0, 0x6,
    0xe0, 0x0, 0x0, 0xa6, 0x0, 0x0,

    /* U+013C "ļ" */
    0xd, 0xa0, 0xda, 0xd, 0xa0, 0xda, 0xd, 0xa0,
    0xda, 0xd, 0xa0, 0xda, 0xd, 0xa0, 0xda, 0xd,
    0xa0, 0x34, 0xb, 0x90, 0xe1,

    /* U+013D "Ľ" */
    0xbd, 0x0, 0x5f, 0x1b, 0xd0, 0x8, 0x90, 0xbd,
    0x0, 0x31, 0xb, 0xd0, 0x0, 0x0, 0xbd, 0x0,
    0x0, 0xb, 0xd0, 0x0, 0x0, 0xbd, 0x0, 0x0,
    0xb, 0xd0, 0x0, 0x0, 0xbe, 0x66, 0x66, 0xb,
    0xff, 0xff, 0xf1,

    /* U+013E "ľ" */
    0xda, 0x6f, 0xd, 0xa9, 0x80, 0xda, 0x31, 0xd,
    0xa0, 0x0, 0xda, 0x0, 0xd, 0xa0, 0x0, 0xda,
    0x0, 0xd, 0xa0, 0x0, 0xda, 0x0, 0xd, 0xa0,
    0x0, 0xda, 0x0, 0x0,

    /* U+013F "Ŀ" */
    0xbd, 0x0, 0x0, 0xb, 0xd0, 0x0, 0x0, 0xbd,
    0x0, 0x0, 0xb, 0xd0, 0x0, 0x0, 0xbd, 0x3,
    0xe3, 0xb, 0xd0, 0x1a, 0x20, 0xbd, 0x0, 0x0,
    0xb, 0xd0, 0x0, 0x0, 0xbe, 0x66, 0x66, 0xb,
    0xff, 0xff, 0xf1,

    /* U+0140 "ŀ" */
    0xda, 0x0, 0xda, 0x0, 0xda, 0x0, 0xda, 0x0,
    0xda, 0x87, 0xda, 0xa9, 0xda, 0x0, 0xda, 0x0,
    0xda, 0x0, 0xda, 0x0, 0xda, 0x0,

    /* U+0141 "Ł" */
    0xa, 0xd0, 0x0, 0x0, 0xa, 0xd0, 0x0, 0x0,
    0xa, 0xd0, 0x0, 0x0, 0xa, 0xd2, 0x60, 0x0,
    0xa, 0xff, 0xa0, 0x0, 0x4e, 0xe4, 0x0, 0x0,
    0x7e, 0xd0, 0x0, 0x0, 0xa, 0xd0, 0x0, 0x0,
    0xa, 0xe5, 0x55, 0x50, 0xa, 0xff, 0xff, 0xf1,

    /* U+0142 "ł" */
    0x0, 0xe9, 0x0, 0xe, 0x90, 0x0, 0xe9, 0x0,
    0xe, 0x90, 0x0, 0xec, 0x60, 0xe, 0xf7, 0xd,
    0xf9, 0x0, 0x4e, 0x90, 0x0, 0xe9, 0x0, 0xe,
    0x90, 0x0, 0xe9, 0x0,

    /* U+0143 "Ń" */
    0x0, 0x0, 0x18, 0x40, 0x0, 0x0, 0xb, 0xb0,
    0x0, 0x0, 0x2, 0x60, 0x0, 0x0, 0x0, 0x0,
    0x0, 0x0, 0xaf, 0x70, 0x0, 0xd, 0x8a, 0xff,
    0x10, 0x0, 0xd8, 0xab, 0xea, 0x0, 0xd, 0x8a,
    0xa5, 0xf4, 0x0, 0xd8, 0xab, 0xb, 0xd0, 0xd,
    0x8a, 0xb0, 0x2f, 0x70, 0xd8, 0xab, 0x0, 0x7f,
    0x1d, 0x8a, 0xb0, 0x0, 0xda, 0xd8, 0xab, 0x0,
    0x3, 0xff, 0x8a, 0xb0, 0x0, 0x9, 0xf8,

    /* U+0144 "ń" */
    0x0, 0x6, 0xf5, 0x0, 0x2, 0xe5, 0x0, 0x0,
    0x12, 0x0, 0xd, 0x79, 0xfe, 0x90, 0xdf, 0xa5,
    0x8f, 0x6d, 0xd0, 0x0, 0xda, 0xda, 0x0, 0xc,
    0xbd, 0xa0, 0x0, 0xcb, 0xda, 0x0, 0xc, 0xbd,
    0xa0, 0x0, 0xcb, 0xda, 0x0, 0xc, 0xb0,

    /* U+0145 "Ņ" */
    0xaf, 0x70, 0x0, 0xd, 0x8a, 0xff, 0x10, 0x0,
    0xd8, 0xab, 0xea, 0x0, 0xd, 0x8a, 0xa5, 0xf4,
    0x0, 0xd8, 0xab, 0xb, 0xd0, 0xd, 0x8a, 0xb0,
    0x2f, 0x70, 0xd8, 0xab, 0x0, 0x7f, 0x1d, 0x8a,
    0xb0, 0x0, 0xda, 0xd8, 0xab, 0x0, 0x3, 0xff,
    0x8a, 0xb0, 0x0, 0x9, 0xf8, 0x0, 0x0, 0x51,
    0x0, 0x0, 0x0, 0x3f, 0x10, 0x0, 0x0, 0x7,
    0x90, 0x0, 0x0,

    /* U+0146 "ņ" */
    0xd7, 0x9f, 0xe9, 0xd, 0xfa, 0x58, 0xf6, 0xdd,
    0x0, 0xd, 0xad, 0xa0, 0x0, 0xcb, 0xda, 0x0,
    0xc, 0xbd, 0xa0, 0x0, 0xcb, 0xda, 0x0, 0xc,
    0xbd, 0xa0, 0x0, 0xcb, 0x0, 0x5, 0x10, 0x0,
    0x3, 0xf1, 0x0, 0x0, 0x78, 0x0, 0x0,

    /* U+0147 "Ň" */
    0x0, 0x72, 0x3, 0x60, 0x0, 0x4, 0xe9, 0xe3,
    0x0, 0x0, 0x4, 0x83, 0x0, 0x0, 0x0, 0x0,
    0x0, 0x0, 0xaf, 0x70, 0x0, 0xd, 0x8a, 0xff,
    0x10, 0x0, 0xd8, 0xab, 0xea, 0x0, 0xd, 0x8a,
    0xa5, 0xf4, 0x0, 0xd8, 0xab, 0xb, 0xd0, 0xd,
    0x8a, 0xb0, 0x2f, 0x70, 0xd8, 0xab, 0x0, 0x7f,
    0x1d, 0x8a, 0xb0, 0x0, 0xda, 0xd8, 0xab, 0x0,
    0x3, 0xff, 0x8a, 0xb0, 0x0, 0x9, 0xf8,

    /* U+0148 "ň" */
    0xc, 0x80, 0xaa, 0x0, 0x1d, 0xeb, 0x0, 0x0,
    0x13, 0x10, 0xd, 0x79, 0xfe, 0x90, 0xdf, 0xa5,
    0x8f, 0x6d, 0xd0, 0x0, 0xda, 0xda, 0x0, 0xc,
    0xbd, 0xa0, 0x0, 0xcb, 0xda, 0x0, 0xc, 0xbd,
    0xa0, 0x0, 0xcb, 0xda, 0x0, 0xc, 0xb0,

    /* U+0149 "ŉ" */
    0x6f, 0x20, 0x0, 0x0, 0x8, 0xe0, 0x0, 0x0,
    0x0, 0xc8, 0xa9, 0x5d, 0xfb, 0x1a, 0x2a, 0xdf,
    0xcd, 0xfa, 0x0, 0xaf, 0x40, 0xc, 0xd0, 0xa,
    0xe0, 0x0, 0x9e, 0x0, 0xad, 0x0, 0x9, 0xe0,
    0xa, 0xd0, 0x0, 0x9e, 0x0, 0xad, 0x0, 0x9,
    0xe0, 0xa, 0xd0, 0x0, 0x9e,

    /* U+014A "Ŋ" */
    0xaf, 0x70, 0x0, 0xd, 0x8a, 0xff, 0x20, 0x0,
    0xd8, 0xab, 0xed, 0x0, 0xd, 0x8a, 0xa4, 0xf8,
    0x0, 0xd8, 0xab, 0x9, 0xf3, 0xd, 0x8a, 0xb0,
    0xd, 0xd0, 0xd8, 0xab, 0x0, 0x3f, 0x8d, 0x8a,
    0xb0, 0x0, 0x8f, 0xe8, 0xab, 0x0, 0x0, 0xdf,
    0x8a, 0xb0, 0x0, 0x3, 0xf8, 0x0, 0x0, 0x0,
    0xe, 0x70, 0x0, 0x1, 0x16, 0xf5, 0x0, 0x0,
    0x6f, 0xfa, 0x0, 0x0, 0x0, 0x32, 0x0,

    /* U+014B "ŋ" */
    0xd7, 0xae, 0xe9, 0xd, 0xf8, 0x36, 0xf7, 0xdd,
    0x0, 0xd, 0xad, 0xa0, 0x0, 0xcb, 0xda, 0x0,
    0xc, 0xbd, 0xa0, 0x0, 0xcb, 0xda, 0x0, 0xc,
    0xbd, 0xa0, 0x0, 0xcb, 0x0, 0x0, 0xc, 0xb0,
    0x0, 0x25, 0xf9, 0x0, 0x7, 0xfc, 0x10,

    /* U+014C "Ō" */
    0x0, 0xa, 0xff, 0xf9, 0x0, 0x0, 0x0, 0x12,
    0x22, 0x10, 0x0, 0x0, 0x0, 0x0, 0x0, 0x0,
    0x0, 0x2, 0x9e, 0xfe, 0x91, 0x0, 0x2, 0xef,
    0x86, 0x8f, 0xe1, 0x0, 0xbf, 0x20, 0x0, 0x2f,
    0xa0, 0xf, 0xa0, 0x0, 0x0, 0xaf, 0x2, 0xf7,
    0x0, 0x0, 0x8, 0xf1, 0x2f, 0x70, 0x0, 0x0,
    0x8f, 0x10, 0xfa, 0x0, 0x0, 0xa, 0xf0, 0xb,
    0xf2, 0x0, 0x2, 0xfa, 0x0, 0x2e, 0xe8, 0x68,
    0xee, 0x10, 0x0, 0x2a, 0xef, 0xe9, 0x10, 0x0,

    /* U+014D "ō" */
    0x0, 0xdf, 0xff, 0x60, 0x0, 0x22, 0x22, 0x10,
    0x0, 0x8e, 0xfc, 0x30, 0x9, 0xf7, 0x5b, 0xf2,
    0xf, 0x80, 0x0, 0xf9, 0x3f, 0x50, 0x0, 0xcc,
    0x3f, 0x50, 0x0, 0xcc, 0xf, 0x80, 0x0, 0xf9,
    0x9, 0xf7, 0x4b, 0xf2, 0x0, 0x8e, 0xfc, 0x40,

    /* U+014E "Ŏ" */
    0x0, 0x5, 0x20, 0x26, 0x0, 0x0, 0x0, 0x5f,
    0xff, 0x50, 0x0, 0x0, 0x0, 0x2, 0x0, 0x0,
    0x0, 0x0, 0x0, 0x0, 0x0, 0x0, 0x0, 0x29,
    0xef, 0xe9, 0x10, 0x0, 0x2e, 0xf8, 0x68, 0xfe,
    0x10, 0xb, 0xf2, 0x0, 0x2, 0xfa, 0x0, 0xfa,
    0x0, 0x0, 0xa, 0xf0, 0x2f, 0x70, 0x0, 0x0,
    0x8f, 0x12, 0xf7, 0x0, 0x0, 0x8, 0xf1, 0xf,
    0xa0, 0x0, 0x0, 0xaf, 0x0, 0xbf, 0x20, 0x0,
    0x2f, 0xa0, 0x2, 0xee, 0x86, 0x8e, 0xe1, 0x0,
    0x2, 0xae, 0xfe, 0x91, 0x0,

    /* U+014F "ŏ" */
    0x0, 0xd2, 0x8, 0x80, 0x0, 0x6f, 0xfd, 0x10,
    0x0, 0x1, 0x20, 0x0, 0x0, 0x8e, 0xfc, 0x30,
    0x9, 0xf7, 0x5b, 0xf2, 0xf, 0x80, 0x0, 0xf9,
    0x3f, 0x50, 0x0, 0xcc, 0x3f, 0x50, 0x0, 0xcc,
    0xf, 0x80, 0x0, 0xf9, 0x9, 0xf7, 0x4b, 0xf2,
    0x0, 0x8e, 0xfc, 0x40,

    /* U+0150 "Ő" */
    0x0, 0x3, 0xf5, 0xad, 0x0, 0x0, 0x0, 0xc7,
    0x4e, 0x10, 0x0, 0x0, 0x14, 0x3, 0x10, 0x0,
    0x0, 0x0, 0x0, 0x0, 0x0, 0x0, 0x0, 0x29,
    0xef, 0xe9, 0x10, 0x0, 0x2e, 0xf8, 0x68, 0xfe,
    0x10, 0xb, 0xf2, 0x0, 0x2, 0xfa, 0x0, 0xfa,
    0x0, 0x0, 0xa, 0xf0, 0x2f, 0x70, 0x0, 0x0,
    0x8f, 0x12, 0xf7, 0x0, 0x0, 0x8, 0xf1, 0xf,
    0xa0, 0x0, 0x0, 0xaf, 0x0, 0xbf, 0x20, 0x0,
    0x2f, 0xa0, 0x2, 0xee, 0x86, 0x8e, 0xe1, 0x0,
    0x2, 0xae, 0xfe, 0x91, 0x0,

    /* U+0151 "ő" */
    0x0, 0x7f, 0x2e, 0xa0, 0x1, 0xe4, 0x7c, 0x0,
    0x2, 0x20, 0x40, 0x0, 0x0, 0x8e, 0xfc, 0x30,
    0x9, 0xf7, 0x5b, 0xf2, 0xf, 0x80, 0x0, 0xf9,
    0x3f, 0x50, 0x0, 0xcc, 0x3f, 0x50, 0x0, 0xcc,
    0xf, 0x80, 0x0, 0xf9, 0x9, 0xf7, 0x4b, 0xf2,
    0x0, 0x8e, 0xfc, 0x40,

    /* U+0152 "Œ" */
    0x0, 0x2a, 0xef, 0xff, 0xff, 0xff, 0x50, 0x2f,
    0xfa, 0x89, 0xfb, 0x88, 0x82, 0xb, 0xf3, 0x0,
    0x2f, 0x60, 0x0, 0x0, 0xfa, 0x0, 0x2, 0xf6,
    0x11, 0x10, 0x1f, 0x70, 0x0, 0x2f, 0xff, 0xff,
    0x11, 0xf7, 0x0, 0x2, 0xf8, 0x44, 0x40, 0xf,
    0x90, 0x0, 0x2f, 0x60, 0x0, 0x0, 0xbf, 0x20,
    0x2, 0xf6, 0x0, 0x0, 0x2, 0xfe, 0x86, 0x7f,
    0x95, 0x55, 0x10, 0x2, 0xae, 0xff, 0xff, 0xff,
    0xf5,

    /* U+0153 "œ" */
    0x0, 0x9e, 0xfb, 0x24, 0xdf, 0xd4, 0x0, 0x9e,
    0x54, 0xbe, 0xf8, 0x38, 0xf3, 0x1f, 0x70, 0x1,
    0xfd, 0x0, 0xe, 0x83, 0xf4, 0x0, 0xe, 0xff,
    0xff, 0xfa, 0x3f, 0x40, 0x0, 0xec, 0x22, 0x22,
    0x11, 0xf7, 0x0, 0x1f, 0xe0, 0x0, 0x0, 0x9,
    0xf6, 0x5c, 0xee, 0xb5, 0x58, 0x30, 0x8, 0xef,
    0xb2, 0x3c, 0xff, 0xc2,

    /* U+0154 "Ŕ" */
    0x0, 0x1, 0x84, 0x0, 0x0, 0xb, 0xb1, 0x0,
    0x0, 0x26, 0x0, 0x0, 0x0, 0x0, 0x0, 0x0,
    0xbf, 0xff, 0xd7, 0x0, 0xbe, 0x55, 0xaf, 0x70,
    0xbd, 0x0, 0xc, 0xc0, 0xbd, 0x0, 0xc, 0xd0,
    0xbd, 0x1, 0x6f, 0x70, 0xbf, 0xff, 0xf7, 0x0,
    0xbd, 0x36, 0xf6, 0x0, 0xbd, 0x0, 0xaf, 0x10,
    0xbd, 0x0, 0x1e, 0xb0, 0xbd, 0x0, 0x6, 0xf5,

    /* U+0155 "ŕ" */
    0x0, 0x5f, 0x50, 0x1e, 0x50, 0x1, 0x20, 0xd,
    0x67, 0xea, 0xdd, 0xd7, 0x4d, 0xe1, 0x0, 0xda,
    0x0, 0xd, 0xa0, 0x0, 0xda, 0x0, 0xd, 0xa0,
    0x0, 0xda, 0x0, 0x0,

    /* U+0156 "Ŗ" */
    0xbf, 0xff, 0xd8, 0x0, 0xbe, 0x55, 0x8f, 0x90,
    0xbd, 0x0, 0xb, 0xd0, 0xbd, 0x1, 0x4f, 0x90,
    0xbf, 0xff, 0xf8, 0x0, 0xbd, 0x36, 0xf4, 0x0,
    0xbd, 0x0, 0xcd, 0x0, 0xbd, 0x0, 0x4f, 0x50,
    0xbd, 0x0, 0xc, 0xe0, 0xbd, 0x0, 0x4, 0xf6,
    0x0, 0x4, 0x30, 0x0, 0x0, 0xf, 0x50, 0x0,
    0x0, 0x3c, 0x0, 0x0,

    /* U+0157 "ŗ" */
    0xd, 0x67, 0xea, 0xd, 0xdd, 0x74, 0xd, 0xe1,
    0x0, 0xd, 0xa0, 0x0, 0xd, 0xa0, 0x0, 0xd,
    0xa0, 0x0, 0xd, 0xa0, 0x0, 0xd, 0xa0, 0x0,
    0x3, 0x40, 0x0, 0xb, 0x80, 0x0, 0xe, 0x10,
    0x0,

    /* U+0158 "Ř" */
    0x7, 0x20, 0x37, 0x0, 0x4, 0xe9, 0xe3, 0x0,
    0x0, 0x48, 0x30, 0x0, 0x0, 0x0, 0x0, 0x0,
    0xbf, 0xff, 0xd7, 0x0, 0xbe, 0x55, 0xaf, 0x70,
    0xbd, 0x0, 0xc, 0xc0, 0xbd, 0x0, 0xc, 0xd0,
    0xbd, 0x1, 0x6f, 0x70, 0xbf, 0xff, 0xf7, 0x0,
    0xbd, 0x36, 0xf6, 0x0, 0xbd, 0x0, 0xaf, 0x10,
    0xbd, 0x0, 0x1e, 0xb0, 0xbd, 0x0, 0x6, 0xf5,

    /* U+0159 "ř" */
    0xc, 0x80, 0xaa, 0x1, 0xde, 0xb0, 0x0, 0x13,
    0x10, 0xd, 0x67, 0xea, 0xd, 0xdd, 0x74, 0xd,
    0xe1, 0x0, 0xd, 0xa0, 0x0, 0xd, 0xa0, 0x0,
    0xd, 0xa0, 0x0, 0xd, 0xa0, 0x0, 0xd, 0xa0,
    0x0,

    /* U+015A "Ś" */
    0x0, 0x0, 0xdd, 0x0, 0x0, 0x7, 0xe2, 0x0,
    0x0, 0x7, 0x20, 0x0, 0x0, 0x0, 0x0, 0x0,
    0x2, 0xbe, 0xfc, 0x70, 0xe, 0xe6, 0x69, 0x70,
    0x2f, 0x60, 0x0, 0x0, 0xf, 0xb0, 0x0, 0x0,
    0x4, 0xfe, 0x81, 0x0, 0x0, 0x17, 0xef, 0x40,
    0x0, 0x0, 0xb, 0xe0, 0x0, 0x0, 0x8, 0xf0,
    0x4a, 0x75, 0x7f, 0xb0, 0x2b, 0xef, 0xe9, 0x0,

    /* U+015B "ś" */
    0x0, 0x5, 0xf5, 0x0, 0x1, 0xe5, 0x0, 0x0,
    0x12, 0x0, 0x0, 0x6d, 0xfe, 0x90, 0x2f, 0x83,
    0x57, 0x3, 0xf6, 0x0, 0x0, 0x9, 0xfd, 0x50,
    0x0, 0x3, 0xaf, 0xb0, 0x0, 0x0, 0x6f, 0x23,
    0x84, 0x3a, 0xf0, 0x2c, 0xff, 0xc4, 0x0,

    /* U+015C "Ŝ" */
    0x0, 0x2f, 0xe1, 0x0, 0x0, 0xd9, 0xab, 0x0,
    0x3, 0x60, 0x6, 0x30, 0x0, 0x0, 0x0, 0x0,
    0x2, 0xbe, 0xfc, 0x70, 0xe, 0xe6, 0x69, 0x70,
    0x2f, 0x60, 0x0, 0x0, 0xf, 0xb0, 0x0, 0x0,
    0x4, 0xfe, 0x81, 0x0, 0x0, 0x17, 0xef, 0x40,
    0x0, 0x0, 0xb, 0xe0, 0x0, 0x0, 0x8, 0xf0,
    0x4a, 0x75, 0x7f, 0xb0, 0x2b, 0xef, 0xe9, 0x0,

    /* U+015D "ŝ" */
    0x0, 0xbf, 0x70, 0x0, 0x9c, 0x4e, 0x50, 0x3,
    0x0, 0x3, 0x0, 0x6d, 0xfe, 0x90, 0x2f, 0x83,
    0x57, 0x3, 0xf6, 0x0, 0x0, 0x9, 0xfd, 0x50,
    0x0, 0x3, 0xaf, 0xb0, 0x0, 0x0, 0x6f, 0x23,
    0x84, 0x3a, 0xf0, 0x2c, 0xff, 0xc4, 0x0,

    /* U+015E "Ş" */
    0x2, 0xbe, 0xfc, 0x70, 0xe, 0xe6, 0x69, 0x70,
    0x2f, 0x60, 0x0, 0x0, 0xf, 0xb0, 0x0, 0x0,
    0x4, 0xfe, 0x81, 0x0, 0x0, 0x17, 0xef, 0x40,
    0x0, 0x0, 0xb, 0xe0, 0x0, 0x0, 0x8, 0xf0,
    0x4a, 0x75, 0x7f, 0xb0, 0x2b, 0xef, 0xe9, 0x0,
    0x0, 0x1e, 0x30, 0x0, 0x0, 0x4, 0xf0, 0x0,
    0x0, 0xbe, 0x90, 0x0,

    /* U+015F "ş" */
    0x6, 0xdf, 0xe9, 0x2, 0xf8, 0x35, 0x70, 0x3f,
    0x60, 0x0, 0x0, 0x9f, 0xd5, 0x0, 0x0, 0x3a,
    0xfb, 0x0, 0x0, 0x6, 0xf2, 0x38, 0x43, 0xaf,
    0x2, 0xcf, 0xfc, 0x40, 0x0, 0x4d, 0x10, 0x0,
    0x0, 0x8c, 0x0, 0x0, 0xee, 0x60, 0x0,

    /* U+0160 "Š" */
    0x4, 0xe2, 0x3e, 0x40, 0x0, 0x7e, 0xe7, 0x0,
    0x0, 0x7, 0x70, 0x0, 0x0, 0x0, 0x0, 0x0,
    0x2, 0xbe, 0xfc, 0x70, 0xe, 0xe6, 0x69, 0x70,
    0x2f, 0x60, 0x0, 0x0, 0xf, 0xb0, 0x0, 0x0,
    0x4, 0xfe, 0x81, 0x0, 0x0, 0x17, 0xef, 0x40,
    0x0, 0x0, 0xb, 0xe0, 0x0, 0x0, 0x8, 0xf0,
    0x4a, 0x75, 0x7f, 0xb0, 0x2b, 0xef, 0xe9, 0x0,

    /* U+0161 "š" */
    0xc, 0x80, 0xaa, 0x0, 0x1d, 0xeb, 0x0, 0x0,
    0x13, 0x10, 0x0, 0x6d, 0xfe, 0x90, 0x2f, 0x83,
    0x57, 0x3, 0xf6, 0x0, 0x0, 0x9, 0xfd, 0x50,
    0x0, 0x3, 0xaf, 0xb0, 0x0, 0x0, 0x6f, 0x23,
    0x84, 0x3a, 0xf0, 0x2c, 0xff, 0xc4, 0x0,

    /* U+0162 "Ţ" */
    0xdf, 0xff, 0xff, 0xfb, 0x45, 0x5e, 0xc5, 0x53,
    0x0, 0xd, 0xb0, 0x0, 0x0, 0xd, 0xb0, 0x0,
    0x0, 0xd, 0xb0, 0x0, 0x0, 0xd, 0xb0, 0x0,
    0x0, 0xd, 0xb0, 0x0, 0x0, 0xd, 0xb0, 0x0,
    0x0, 0xd, 0xb0, 0x0, 0x0, 0xd, 0xb0, 0x0,
    0x0, 0xb, 0x70, 0x0, 0x0, 0x1, 0xe4, 0x0,
    0x0, 0x7f, 0xc1, 0x0,

    /* U+0163 "ţ" */
    0x4, 0xc0, 0x0, 0x9, 0xc0, 0x0, 0x8f, 0xff,
    0xf0, 0x2c, 0xd3, 0x20, 0xb, 0xc0, 0x0, 0xb,
    0xc0, 0x0, 0xb, 0xc0, 0x0, 0xb, 0xc0, 0x0,
    0x9, 0xf5, 0x50, 0x1, 0xcf, 0xd0, 0x0, 0x6c,
    0x10, 0x0, 0x9, 0xa0, 0x2, 0xee, 0x50,

    /* U+0164 "Ť" */
    0x3, 0x60, 0x6, 0x30, 0x0, 0xab, 0xca, 0x0,
    0x0, 0x7, 0x70, 0x0, 0x0, 0x0, 0x0, 0x0,
    0xdf, 0xff, 0xff, 0xfb, 0x45, 0x5e, 0xc5, 0x53,
    0x0, 0xd, 0xb0, 0x0, 0x0, 0xd, 0xb0, 0x0,
    0x0, 0xd, 0xb0, 0x0, 0x0, 0xd, 0xb0, 0x0,
    0x0, 0xd, 0xb0, 0x0, 0x0, 0xd, 0xb0, 0x0,
    0x0, 0xd, 0xb0, 0x0, 0x0, 0xd, 0xb0, 0x0,

    /* U+0165 "ť" */
    0x0, 0x0, 0x8, 0xd0, 0x16, 0x0, 0xb6, 0x7,
    0xc0, 0x4, 0x8, 0xff, 0xff, 0x0, 0x2c, 0xd3,
    0x20, 0x0, 0xbc, 0x0, 0x0, 0xb, 0xc0, 0x0,
    0x0, 0xbc, 0x0, 0x0, 0xb, 0xc0, 0x0, 0x0,
    0x9f, 0x55, 0x0, 0x1, 0xcf, 0xd0, 0x0,

    /* U+0166 "Ŧ" */
    0xdf, 0xff, 0xff, 0xfb, 0x46, 0x6e, 0xc6, 0x64,
    0x0, 0xd, 0xb0, 0x0, 0x0, 0xd, 0xb0, 0x0,
    0xc, 0xff, 0xff, 0xa0, 0x2, 0x3e, 0xc3, 0x20,
    0x0, 0xd, 0xb0, 0x0, 0x0, 0xd, 0xb0, 0x0,
    0x0, 0xd, 0xb0, 0x0, 0x0, 0xd, 0xb0, 0x0,

    /* U+0167 "ŧ" */
    0x4, 0xc0, 0x0, 0x9, 0xc0, 0x0, 0x8f, 0xff,
    0xf0, 0x2c, 0xd3, 0x20, 0xb, 0xc0, 0x0, 0x9f,
    0xff, 0xb0, 0x1b, 0xc2, 0x10, 0xb, 0xc0, 0x0,
    0x9, 0xf5, 0x50, 0x2, 0xcf, 0xd0,

    /* U+0168 "Ũ" */
    0x3, 0xdf, 0xff, 0x70, 0x0, 0x12, 0x22, 0x10,
    0x0, 0x0, 0x0, 0x0, 0x0, 0xc, 0xc0, 0x0,
    0x6, 0xf1, 0xcc, 0x0, 0x0, 0x6f, 0x1c, 0xc0,
    0x0, 0x6, 0xf1, 0xcc, 0x0, 0x0, 0x6f, 0x1c,
    0xc0, 0x0, 0x6, 0xf1, 0xcc, 0x0, 0x0, 0x6f,
    0x1b, 0xc0, 0x0, 0x7, 0xf1, 0x8f, 0x10, 0x0,
    0xbe, 0x2, 0xfd, 0x66, 0xaf, 0x70, 0x2, 0xbe,
    0xfd, 0x60, 0x0,

    /* U+0169 "ũ" */
    0x8, 0xe8, 0xd, 0x1, 0xd3, 0xcf, 0x80, 0x1,
    0x0, 0x10, 0xf, 0x90, 0x0, 0xda, 0xf9, 0x0,
    0xd, 0xaf, 0x90, 0x0, 0xda, 0xf9, 0x0, 0xd,
    0xaf, 0x90, 0x0, 0xea, 0xea, 0x0, 0x1f, 0xaa,
    0xf4, 0x3a, 0xfa, 0x1b, 0xfd, 0x8a, 0xa0,

    /* U+016A "Ū" */
    0x0, 0xff, 0xff, 0x40, 0x0, 0x2, 0x22, 0x20,
    0x0, 0x0, 0x0, 0x0, 0x0, 0xc, 0xc0, 0x0,
    0x6, 0xf1, 0xcc, 0x0, 0x0, 0x6f, 0x1c, 0xc0,
    0x0, 0x6, 0xf1, 0xcc, 0x0, 0x0, 0x6f, 0x1c,
    0xc0, 0x0, 0x6, 0xf1, 0xcc, 0x0, 0x0, 0x6f,
    0x1b, 0xc0, 0x0, 0x7, 0xf1, 0x8f, 0x10, 0x0,
    0xbe, 0x2, 0xfd, 0x66, 0xaf, 0x70, 0x2, 0xbe,
    0xfd, 0x60, 0x0,

    /* U+016B "ū" */
    0xc, 0xff, 0xf8, 0x0, 0x22, 0x22, 0x10, 0xf9,
    0x0, 0xd, 0xaf, 0x90, 0x0, 0xda, 0xf9, 0x0,
    0xd, 0xaf, 0x90, 0x0, 0xda, 0xf9, 0x0, 0xe,
    0xae, 0xa0, 0x1, 0xfa, 0xaf, 0x43, 0xaf, 0xa1,
    0xbf, 0xd8, 0xaa,

    /* U+016C "Ŭ" */
    0x0, 0x70, 0x4, 0x30, 0x0, 0xa, 0xff, 0xd1,
    0x0, 0x0, 0x1, 0x20, 0x0, 0x0, 0x0, 0x0,
    0x0, 0x0, 0xcc, 0x0, 0x0, 0x6f, 0x1c, 0xc0,
    0x0, 0x6, 0xf1, 0xcc, 0x0, 0x0, 0x6f, 0x1c,
    0xc0, 0x0, 0x6, 0xf1, 0xcc, 0x0, 0x0, 0x6f,
    0x1c, 0xc0, 0x0, 0x6, 0xf1, 0xbc, 0x0, 0x0,
    0x7f, 0x18, 0xf1, 0x0, 0xb, 0xe0, 0x2f, 0xd6,
    0x6a, 0xf7, 0x0, 0x2b, 0xef, 0xd6, 0x0,

    /* U+016D "ŭ" */
    0xc, 0x30, 0x6a, 0x0, 0x4f, 0xfe, 0x20, 0x0,
    0x2, 0x0, 0xf, 0x90, 0x0, 0xda, 0xf9, 0x0,
    0xd, 0xaf, 0x90, 0x0, 0xda, 0xf9, 0x0, 0xd,
    0xaf, 0x90, 0x0, 0xea, 0xea, 0x0, 0x1f, 0xaa,
    0xf4, 0x3a, 0xfa, 0x1b, 0xfd, 0x8a, 0xa0,

    /* U+016E "Ů" */
    0x0, 0xb, 0xc2, 0x0, 0x0, 0x6, 0x84, 0xa0,
    0x0, 0x0, 0x67, 0x4a, 0x0, 0x0, 0x1, 0xbc,
    0x20, 0x0, 0x0, 0x0, 0x0, 0x0, 0xc, 0xc0,
    0x0, 0x6, 0xf1, 0xcc, 0x0, 0x0, 0x6f, 0x1c,
    0xc0, 0x0, 0x6, 0xf1, 0xcc, 0x0, 0x0, 0x6f,
    0x1c, 0xc0, 0x0, 0x6, 0xf1, 0xcc, 0x0, 0x0,
    0x6f, 0x1b, 0xc0, 0x0, 0x7, 0xf1, 0x8f, 0x10,
    0x0, 0xbe, 0x2, 0xfd, 0x66, 0xaf, 0x70, 0x2,
    0xbe, 0xfd, 0x60, 0x0,

    /* U+016F "ů" */
    0x0, 0xac, 0x70, 0x0, 0x2b, 0xe, 0x0, 0x0,
    0xac, 0x70, 0x0, 0x0, 0x0, 0x0, 0xf9, 0x0,
    0xd, 0xaf, 0x90, 0x0, 0xda, 0xf9, 0x0, 0xd,
    0xaf, 0x90, 0x0, 0xda, 0xf9, 0x0, 0xe, 0xae,
    0xa0, 0x1, 0xfa, 0xaf, 0x43, 0xaf, 0xa1, 0xbf,
    0xd8, 0xaa,

    /* U+0170 "Ű" */
    0x0, 0x9e, 0x2e, 0x80, 0x0, 0x2e, 0x39, 0xa0,
    0x0, 0x2, 0x20, 0x40, 0x0, 0x0, 0x0, 0x0,
    0x0, 0x0, 0xcc, 0x0, 0x0, 0x6f, 0x1c, 0xc0,
    0x0, 0x6, 0xf1, 0xcc, 0x0, 0x0, 0x6f, 0x1c,
    0xc0, 0x0, 0x6, 0xf1, 0xcc, 0x0, 0x0, 0x6f,
    0x1c, 0xc0, 0x0, 0x6, 0xf1, 0xbc, 0x0, 0x0,
    0x7f, 0x18, 0xf1, 0x0, 0xb, 0xe0, 0x2f, 0xd6,
    0x6a, 0xf7, 0x0, 0x2b, 0xef, 0xd6, 0x0,

    /* U+0171 "ű" */
    0x5, 0xf3, 0xcb, 0x0, 0xd5, 0x5d, 0x10, 0x13,
    0x3, 0x10, 0xf, 0x90, 0x0, 0xda, 0xf9, 0x0,
    0xd, 0xaf, 0x90, 0x0, 0xda, 0xf9, 0x0, 0xd,
    0xaf, 0x90, 0x0, 0xea, 0xea, 0x0, 0x1f, 0xaa,
    0xf4, 0x3a, 0xfa, 0x1b, 0xfd, 0x8a, 0xa0,

    /* U+0172 "Ų" */
    0xcc, 0x0, 0x0, 0x6f, 0x1c, 0xc0, 0x0, 0x6,
    0xf1, 0xcc, 0x0, 0x0, 0x6f, 0x1c, 0xc0, 0x0,
    0x6, 0xf1, 0xcc, 0x0, 0x0, 0x6f, 0x1c, 0xc0,
    0x0, 0x6, 0xf1, 0xbc, 0x0, 0x0, 0x7f, 0x18,
    0xf1, 0x0, 0xb, 0xe0, 0x2f, 0xd6, 0x6a, 0xf6,
    0x0, 0x2b, 0xef, 0xf8, 0x0, 0x0, 0x0, 0x3d,
    0x0, 0x0, 0x0, 0x7, 0xb0, 0x0, 0x0, 0x0,
    0x3e, 0xd0, 0x0,

    /* U+0173 "ų" */
    0xf9, 0x0, 0xd, 0xaf, 0x90, 0x0, 0xda, 0xf9,
    0x0, 0xd, 0xaf, 0x90, 0x0, 0xda, 0xf9, 0x0,
    0xe, 0xae, 0xa0, 0x1, 0xfa, 0xaf, 0x43, 0xaf,
    0xa1, 0xbf, 0xd8, 0xca, 0x0, 0x0, 0x3c, 0x0,
    0x0, 0xa, 0x80, 0x0, 0x0, 0x6f, 0xa0,

    /* U+0174 "Ŵ" */
    0x0, 0x0, 0x3, 0x84, 0x0, 0x0, 0x0, 0x0,
    0x0, 0x2e, 0x9e, 0x30, 0x0, 0x0, 0x0, 0x0,
    0x63, 0x2, 0x70, 0x0, 0x0, 0x0, 0x0, 0x0,
    0x0, 0x0, 0x0, 0x0, 0xcc, 0x0, 0x5, 0xf7,
    0x0, 0x9, 0xe0, 0x7f, 0x0, 0xa, 0xfb, 0x0,
    0xd, 0xa0, 0x3f, 0x40, 0xe, 0xbf, 0x0, 0x1f,
    0x60, 0xf, 0x80, 0x3f, 0x3f, 0x50, 0x5f, 0x20,
    0xb, 0xc0, 0x7e, 0xc, 0x90, 0x9d, 0x0, 0x7,
    0xf0, 0xc9, 0x7, 0xe0, 0xd9, 0x0, 0x2, 0xf4,
    0xf5, 0x3, 0xf4, 0xf5, 0x0, 0x0, 0xeb, 0xf1,
    0x0, 0xeb, 0xf1, 0x0, 0x0, 0xaf, 0xc0, 0x0,
    0x9f, 0xd0, 0x0, 0x0, 0x6f, 0x70, 0x0, 0x5f,
    0x80, 0x0,

    /* U+0175 "ŵ" */
    0x0, 0x0, 0x7f, 0xc0, 0x0, 0x0, 0x0, 0x6,
    0xd3, 0xaa, 0x0, 0x0, 0x0, 0x1, 0x0, 0x1,
    0x0, 0x0, 0xbc, 0x0, 0x4f, 0x90, 0x7, 0xf0,
    0x7f, 0x0, 0x9e, 0xd0, 0xb, 0xb0, 0x3f, 0x40,
    0xd7, 0xf2, 0xf, 0x70, 0xe, 0x82, 0xf2, 0xe6,
    0x3f, 0x30, 0xa, 0xb6, 0xe0, 0x9a, 0x7f, 0x0,
    0x6, 0xea, 0x90, 0x5e, 0xab, 0x0, 0x2, 0xfe,
    0x50, 0x1f, 0xf6, 0x0, 0x0, 0xef, 0x0, 0xc,
    0xf2, 0x0,

    /* U+0176 "Ŷ" */
    0x0, 0x7, 0x70, 0x0, 0x0, 0x8, 0xdb, 0xa0,
    0x0, 0x2, 0x70, 0x6, 0x30, 0x0, 0x0, 0x0,
    0x0, 0x0, 0xbe, 0x0, 0x0, 0xbd, 0x3, 0xf6,
    0x0, 0x3f, 0x50, 0xa, 0xe0, 0xb, 0xc0, 0x0,
    0x2f, 0x63, 0xf4, 0x0, 0x0, 0x9d, 0xbb, 0x0,
    0x0, 0x1, 0xff, 0x30, 0x0, 0x0, 0xb, 0xd0,
    0x0, 0x0, 0x0, 0xbd, 0x0, 0x0, 0x0, 0xb,
    0xd0, 0x0, 0x0, 0x0, 0xbd, 0x0, 0x0,

    /* U+0177 "ŷ" */
    0x0, 0x7f, 0xc0, 0x0, 0x5, 0xd3, 0xab, 0x0,
    0x1, 0x0, 0x1, 0x0, 0xcc, 0x0, 0x5, 0xf3,
    0x6f, 0x20, 0xb, 0xd0, 0xf, 0x70, 0x1f, 0x70,
    0x9, 0xd0, 0x6f, 0x10, 0x3, 0xf3, 0xbb, 0x0,
    0x0, 0xc9, 0xf5, 0x0, 0x0, 0x6f, 0xe0, 0x0,
    0x0, 0x1f, 0x90, 0x0, 0x0, 0x5f, 0x30, 0x0,
    0x35, 0xeb, 0x0, 0x0, 0xbf, 0xb1, 0x0, 0x0,

    /* U+0178 "Ÿ" */
    0x0, 0xd5, 0x2e, 0x10, 0x0, 0x6, 0x20, 0x70,
    0x0, 0x0, 0x0, 0x0, 0x0, 0xb, 0xe0, 0x0,
    0xb, 0xd0, 0x3f, 0x60, 0x3, 0xf5, 0x0, 0xae,
    0x0, 0xbc, 0x0, 0x2, 0xf6, 0x3f, 0x40, 0x0,
    0x9, 0xdb, 0xb0, 0x0, 0x0, 0x1f, 0xf3, 0x0,
    0x0, 0x0, 0xbd, 0x0, 0x0, 0x0, 0xb, 0xd0,
    0x0, 0x0, 0x0, 0xbd, 0x0, 0x0, 0x0, 0xb,
    0xd0, 0x0, 0x0,

    /* U+0179 "Ź" */
    0x0, 0x0, 0x57, 0x10, 0x0, 0x3, 0xf6, 0x0,
    0x0, 0x6, 0x30, 0x0, 0x0, 0x0, 0x0, 0x0,
    0x6f, 0xff, 0xff, 0xf6, 0x25, 0x55, 0x5c, 0xf2,
    0x0, 0x0, 0x3f, 0x70, 0x0, 0x0, 0xdc, 0x0,
    0x0, 0x8, 0xf2, 0x0, 0x0, 0x3f, 0x60, 0x0,
    0x0, 0xdb, 0x0, 0x0, 0x9, 0xf2, 0x0, 0x0,
    0x4f, 0xb5, 0x55, 0x53, 0x8f, 0xff, 0xff, 0xf8,

    /* U+017A "ź" */
    0x0, 0x6, 0xf4, 0x0, 0x2, 0xe4, 0x0, 0x0,
    0x11, 0x0, 0x4, 0xff, 0xff, 0xf0, 0x3, 0x33,
    0xec, 0x0, 0x0, 0x7f, 0x20, 0x0, 0x2f, 0x70,
    0x0, 0xc, 0xc0, 0x0, 0x7, 0xf2, 0x0, 0x2,
    0xf9, 0x33, 0x30, 0x7f, 0xff, 0xff, 0x20,

    /* U+017B "Ż" */
    0x0, 0x9, 0xc0, 0x0, 0x0, 0x6, 0x80, 0x0,
    0x0, 0x0, 0x0, 0x0, 0x6f, 0xff, 0xff, 0xf6,
    0x25, 0x55, 0x5c, 0xf2, 0x0, 0x0, 0x3f, 0x70,
    0x0, 0x0, 0xdc, 0x0, 0x0, 0x8, 0xf2, 0x0,
    0x0, 0x3f, 0x60, 0x0, 0x0, 0xdb, 0x0, 0x0,
    0x9, 0xf2, 0x0, 0x0, 0x4f, 0xb5, 0x55, 0x53,
    0x8f, 0xff, 0xff, 0xf8,

    /* U+017C "ż" */
    0x0, 0x5e, 0x10, 0x0, 0x3, 0xa0, 0x0, 0x0,
    0x0, 0x0, 0x4, 0xff, 0xff, 0xf0, 0x3, 0x33,
    0xec, 0x0, 0x0, 0x7f, 0x20, 0x0, 0x2f, 0x70,
    0x0, 0xc, 0xc0, 0x0, 0x7, 0xf2, 0x0, 0x2,
    0xf9, 0x33, 0x30, 0x7f, 0xff, 0xff, 0x20,

    /* U+017D "Ž" */
    0x2, 0x60, 0x6, 0x40, 0x0, 0x9c, 0xbb, 0x0,
    0x0, 0x7, 0x70, 0x0, 0x0, 0x0, 0x0, 0x0,
    0x6f, 0xff, 0xff, 0xf6, 0x25, 0x55, 0x5c, 0xf2,
    0x0, 0x0, 0x3f, 0x70, 0x0, 0x0, 0xdc, 0x0,
    0x0, 0x8, 0xf2, 0x0, 0x0, 0x3f, 0x60, 0x0,
    0x0, 0xdb, 0x0, 0x0, 0x9, 0xf2, 0x0, 0x0,
    0x4f, 0xb5, 0x55, 0x53, 0x8f, 0xff, 0xff, 0xf8,

    /* U+017E "ž" */
    0xc, 0x81, 0xb9, 0x0, 0x1d, 0xfa, 0x0, 0x0,
    0x2, 0x0, 0x4, 0xff, 0xff, 0xf0, 0x3, 0x33,
    0xec, 0x0, 0x0, 0x7f, 0x20, 0x0, 0x2f, 0x70,
    0x0, 0xc, 0xc0, 0x0, 0x7, 0xf2, 0x0, 0x2,
    0xf9, 0x33, 0x30, 0x7f, 0xff, 0xff, 0x20,

    /* U+017F "ſ" */
    0x1b, 0xfe, 0x1a, 0xe5, 0x50, 0xda, 0x0, 0xd,
    0xa0, 0x0, 0xda, 0x0, 0xd, 0xa0, 0x0, 0xda,
    0x0, 0xd, 0xa0, 0x0, 0xda, 0x0, 0xd, 0xa0,
    0x0, 0xda, 0x0, 0x0,

    /* U+0180 "ƀ" */
    0xd, 0xa0, 0x0, 0x0, 0xdf, 0xff, 0xf6, 0x0,
    0x2d, 0xb2, 0x20, 0x0, 0xd, 0xa9, 0xfe, 0x70,
    0xd, 0xfa, 0x59, 0xf6, 0xd, 0xd0, 0x0, 0xdc,
    0xd, 0xb0, 0x0, 0x9f, 0xd, 0xb0, 0x0, 0xae,
    0xd, 0xe0, 0x0, 0xdc, 0xd, 0xfa, 0x59, 0xf6,
    0xd, 0x69, 0xfe, 0x70,

    /* U+0181 "Ɓ" */
    0x5e, 0xff, 0xff, 0xec, 0x50, 0xdb, 0x9f, 0x65,
    0x6c, 0xf3, 0x84, 0x6f, 0x20, 0x3, 0xf5, 0x0,
    0x6f, 0x21, 0x29, 0xf1, 0x0, 0x6f, 0xff, 0xfe,
    0x40, 0x0, 0x6f, 0x54, 0x5b, 0xf3, 0x0, 0x6f,
    0x20, 0x0, 0xfa, 0x0, 0x6f, 0x20, 0x0, 0xfa,
    0x0, 0x6f, 0x65, 0x6b, 0xf5, 0x0, 0x6f, 0xff,
    0xfc, 0x50,

    /* U+0182 "Ƃ" */
    0xaf, 0xff, 0xff, 0x60, 0xae, 0x55, 0x55, 0x20,
    0xad, 0x0, 0x0, 0x0, 0xad, 0x10, 0x0, 0x0,
    0xaf, 0xff, 0xe9, 0x10, 0xae, 0x44, 0x7f, 0xa0,
    0xad, 0x0, 0x9, 0xf0, 0xad, 0x0, 0xa, 0xe0,
    0xae, 0x55, 0x9f, 0x90, 0xaf, 0xff, 0xe9, 0x0,

    /* U+0183 "ƃ" */
    0xdf, 0xff, 0xff, 0x3d, 0xb4, 0x44, 0x40, 0xda,
    0x0, 0x0, 0xd, 0xa9, 0xfe, 0x70, 0xdf, 0xa5,
    0x9f, 0x6d, 0xd0, 0x0, 0xdc, 0xdb, 0x0, 0x9,
    0xfd, 0xb0, 0x0, 0xae, 0xde, 0x0, 0xd, 0xcd,
    0xfa, 0x59, 0xf6, 0xd6, 0x9f, 0xe7, 0x0,

    /* U+0184 "Ƅ" */
    0xcc, 0x0, 0x0, 0x0, 0xcc, 0x0, 0x0, 0x0,
    0xcc, 0x0, 0x0, 0x0, 0xcc, 0x11, 0x0, 0x0,
    0xcf, 0xff, 0xfb, 0x20, 0xcd, 0x44, 0x6e, 0xe0,
    0xcc, 0x0, 0x5, 0xf4, 0xbd, 0x0, 0x5, 0xf3,
    0x6f, 0xa6, 0x7e, 0xd0, 0x7, 0xdf, 0xeb, 0x20,

    /* U+0185 "ƅ" */
    0xea, 0x0, 0x0, 0xe, 0xa0, 0x0, 0x0, 0xe9,
    0x0, 0x0, 0xe, 0x99, 0xfe, 0x70, 0xef, 0x95,
    0x9f, 0x5e, 0xd0, 0x0, 0xdb, 0xea, 0x0, 0xa,
    0xed, 0xa0, 0x0, 0xae, 0xae, 0x0, 0xd, 0xc3,
    0xfa, 0x59, 0xf5, 0x4, 0xcf, 0xd5, 0x0,

    /* U+0186 "Ɔ" */
    0x3b, 0xef, 0xe9, 0x10, 0x2, 0xb7, 0x69, 0xfe,
    0x10, 0x0, 0x0, 0x4, 0xf9, 0x0, 0x0, 0x0,
    0xc, 0xe0, 0x0, 0x0, 0x0, 0x9f, 0x0, 0x0,
    0x0, 0x9, 0xf0, 0x0, 0x0, 0x0, 0xcd, 0x0,
    0x0, 0x0, 0x5f, 0x80, 0x19, 0x66, 0x9f, 0xd0,
    0x1, 0xbe, 0xfd, 0x80, 0x0,

    /* U+0187 "Ƈ" */
    0x0, 0x0, 0x0, 0x0, 0x0, 0x0, 0x0, 0x0,
    0x3, 0xeb, 0x0, 0x0, 0x0, 0xb, 0xa4, 0x0,
    0x0, 0x0, 0xd, 0x60, 0x0, 0x18, 0xdf, 0xef,
    0x50, 0x1, 0xdf, 0x96, 0x8c, 0x0, 0x9, 0xf4,
    0x0, 0x0, 0x0, 0xf, 0xb0, 0x0, 0x0, 0x0,
    0x1f, 0x80, 0x0, 0x0, 0x0, 0x1f, 0x70, 0x0,
    0x0, 0x0, 0xf, 0xa0, 0x0, 0x0, 0x0, 0xa,
    0xf3, 0x0, 0x0, 0x0, 0x2, 0xef, 0x86, 0x7a,
    0x0, 0x0, 0x2a, 0xef, 0xeb, 0x0,

    /* U+0188 "ƈ" */
    0x0, 0x0, 0x5, 0xeb, 0x0, 0x0, 0xc, 0xb4,
    0x0, 0x0, 0xd, 0x60, 0x0, 0x8e, 0xff, 0x50,
    0xa, 0xf8, 0x69, 0x0, 0x1f, 0x80, 0x0, 0x0,
    0x3f, 0x50, 0x0, 0x0, 0x3f, 0x50, 0x0, 0x0,
    0x1f, 0x80, 0x0, 0x0, 0xa, 0xf7, 0x58, 0x30,
    0x0, 0x9e, 0xfd, 0x20,

    /* U+0189 "Ɖ" */
    0x9, 0xff, 0xfe, 0xa2, 0x0, 0x9, 0xe5, 0x58,
    0xef, 0x40, 0x9, 0xe0, 0x0, 0x1e, 0xe0, 0xa,
    0xe1, 0x10, 0x6, 0xf3, 0xaf, 0xff, 0xf3, 0x4,
    0xf5, 0x2b, 0xe4, 0x40, 0x4, 0xf5, 0x9, 0xe0,
    0x0, 0x7, 0xf3, 0x9, 0xe0, 0x0, 0x1e, 0xd0,
    0x9, 0xf5, 0x69, 0xff, 0x30, 0x9, 0xff, 0xfd,
    0x92, 0x0,

    /* U+018A "Ɗ" */
    0x4e, 0xff, 0xff, 0xeb, 0x50, 0xc, 0xc9, 0xf6,
    0x57, 0xcf, 0x80, 0x95, 0x6f, 0x20, 0x0, 0xaf,
    0x30, 0x6, 0xf2, 0x0, 0x1, 0xf8, 0x0, 0x6f,
    0x20, 0x0, 0xf, 0xa0, 0x6, 0xf2, 0x0, 0x0,
    0xfa, 0x0, 0x6f, 0x20, 0x0, 0x2f, 0x80, 0x6,
    0xf2, 0x0, 0xb, 0xf2, 0x0, 0x6f, 0x65, 0x8d,
    0xf7, 0x0, 0x6, 0xff, 0xfe, 0xb4, 0x0,

    /* U+018B "Ƌ" */
    0xa, 0xff, 0xff, 0xf6, 0x3, 0x55, 0x57, 0xf6,
    0x0, 0x0, 0x2, 0xf6, 0x0, 0x0, 0x3, 0xf6,
    0x1, 0xaf, 0xff, 0xf6, 0xd, 0xe7, 0x45, 0xf6,
    0x3f, 0x50, 0x2, 0xf6, 0x3f, 0x50, 0x2, 0xf6,
    0xe, 0xe7, 0x56, 0xf6, 0x2, 0xbe, 0xff, 0xf6,

    /* U+018C "ƌ" */
    0x8, 0xff, 0xff, 0xf8, 0x2, 0x44, 0x44, 0xf8,
    0x0, 0x0, 0x0, 0xf8, 0x1, 0xaf, 0xe5, 0xe8,
    0xa, 0xf7, 0x5c, 0xf8, 0x1f, 0x80, 0x2, 0xf8,
    0x3f, 0x50, 0x0, 0xf8, 0x3f, 0x40, 0x0, 0xf8,
    0x1f, 0x80, 0x1, 0xf8, 0xb, 0xf6, 0x5c, 0xf8,
    0x1, 0xaf, 0xe5, 0xc8,

    /* U+018D "ƍ" */
    0x0, 0x7d, 0xfd, 0x60, 0x8, 0xf8, 0x49, 0xf6,
    0xe, 0x90, 0x0, 0xcd, 0xf, 0x70, 0x0, 0x9e,
    0xe, 0xa0, 0x0, 0xcb, 0x6, 0xf6, 0x8, 0xf3,
    0x0, 0x6f, 0xfd, 0x30, 0x0, 0x2, 0xbf, 0x40,
    0x0, 0x0, 0xc, 0xb0, 0x7, 0xa5, 0x5e, 0x90,
    0x3, 0xbf, 0xfa, 0x10,

    /* U+018E "Ǝ" */
    0x2f, 0xff, 0xff, 0x70, 0x55, 0x55, 0xf7, 0x0,
    0x0, 0xf, 0x70, 0x1, 0x11, 0xf7, 0xe, 0xff,
    0xff, 0x70, 0x34, 0x44, 0xf7, 0x0, 0x0, 0xf,
    0x70, 0x0, 0x0, 0xf7, 0x5, 0x55, 0x6f, 0x72,
    0xff, 0xff, 0xf7,

    /* U+018F "Ə" */
    0x2, 0xae, 0xff, 0xc6, 0x0, 0x6, 0xa8, 0x66,
    0xaf, 0x90, 0x0, 0x0, 0x0, 0x4, 0xf4, 0x1,
    0x11, 0x11, 0x11, 0xe9, 0x1f, 0xff, 0xff, 0xff,
    0xfc, 0xf, 0xa4, 0x44, 0x44, 0xec, 0xd, 0xa0,
    0x0, 0x0, 0xfa, 0x9, 0xf1, 0x0, 0x8, 0xf5,
    0x1, 0xed, 0x76, 0xaf, 0xb0, 0x0, 0x2a, 0xef,
    0xd7, 0x0,

    /* U+0190 "Ɛ" */
    0x0, 0x9e, 0xfe, 0x92, 0x9, 0xf7, 0x46, 0xb8,
    0xc, 0xb0, 0x0, 0x0, 0x7, 0xf6, 0x10, 0x0,
    0x0, 0x7f, 0xff, 0xa0, 0xa, 0xf8, 0x43, 0x20,
    0x2f, 0x60, 0x0, 0x0, 0x3f, 0x60, 0x0, 0x0,
    0xd, 0xf7, 0x45, 0x8b, 0x1, 0xae, 0xfe, 0xc7,

    /* U+0191 "Ƒ" */
    0x0, 0x2, 0xff, 0xff, 0xf3, 0x0, 0x2, 0xf9,
    0x55, 0x51, 0x0, 0x2, 0xf6, 0x11, 0x10, 0x0,
    0x2, 0xff, 0xff, 0xe0, 0x0, 0x2, 0xf8, 0x44,
    0x30, 0x0, 0x2, 0xf5, 0x0, 0x0, 0x0, 0x2,
    0xf5, 0x0, 0x0, 0x0, 0x2, 0xf5, 0x0, 0x0,
    0x0, 0x2, 0xf5, 0x0, 0x0, 0x1, 0x2, 0xf5,
    0x0, 0x0, 0x3f, 0x22, 0xf4, 0x0, 0x0, 0x1f,
    0x99, 0xf1, 0x0, 0x0, 0x7, 0xee, 0x60, 0x0,
    0x0,

    /* U+0192 "ƒ" */
    0x0, 0x0, 0x6e, 0xf9, 0x0, 0x1, 0xfa, 0x43,
    0x0, 0x3, 0xf3, 0x0, 0x0, 0x5e, 0xff, 0xf1,
    0x0, 0x16, 0xf5, 0x30, 0x0, 0x4, 0xf3, 0x0,
    0x0, 0x4, 0xf3, 0x0, 0x0, 0x4, 0xf3, 0x0,
    0x0, 0x4, 0xf3, 0x0, 0x0, 0x4, 0xf3, 0x0,
    0x0, 0x4, 0xf3, 0x0, 0xa, 0x14, 0xf3, 0x0,
    0xf, 0x89, 0xf1, 0x0, 0x6, 0xee, 0x60, 0x0,

    /* U+0193 "Ɠ" */
    0x0, 0x0, 0x0, 0x0, 0x0, 0x0, 0x0, 0x0,
    0x0, 0x8, 0xf6, 0x0, 0x0, 0x0, 0x1, 0xf6,
    0x20, 0x0, 0x0, 0x0, 0x3f, 0x0, 0x0, 0x7,
    0xcf, 0xfe, 0xf0, 0x0, 0xc, 0xfa, 0x76, 0x87,
    0x0, 0x9, 0xf5, 0x0, 0x0, 0x0, 0x0, 0xfb,
    0x0, 0x1, 0x11, 0x0, 0x1f, 0x80, 0x7, 0xff,
    0xf2, 0x2, 0xf7, 0x0, 0x14, 0x8f, 0x20, 0xf,
    0xa0, 0x0, 0x6, 0xf2, 0x0, 0xaf, 0x30, 0x0,
    0x6f, 0x20, 0x2, 0xef, 0x96, 0x6b, 0xf2, 0x0,
    0x1, 0x9e, 0xff, 0xd9, 0x0,

    /* U+0194 "Ɣ" */
    0xcc, 0x0, 0x0, 0x7f, 0x16, 0xf2, 0x0, 0xd,
    0xb0, 0xf, 0x80, 0x4, 0xf4, 0x0, 0x9e, 0x0,
    0xad, 0x0, 0x2, 0xf5, 0x1f, 0x70, 0x0, 0xc,
    0xb7, 0xf1, 0x0, 0x0, 0x5f, 0xd9, 0x0, 0x0,
    0x0, 0xef, 0x30, 0x0, 0x0, 0xd, 0xf1, 0x0,
    0x0, 0x3, 0xfd, 0x70, 0x0, 0x0, 0x8b, 0x7b,
    0x0, 0x0, 0x8, 0xc9, 0xc0, 0x0, 0x0, 0x2d,
    0xe4, 0x0, 0x0,

    /* U+0195 "ƕ" */
    0xda, 0x0, 0x0, 0x0, 0x0, 0x0, 0xda, 0x0,
    0x0, 0x0, 0x0, 0x0, 0xda, 0x0, 0x0, 0x0,
    0x0, 0x0, 0xda, 0x9f, 0xe7, 0x0, 0x5, 0xf3,
    0xdf, 0x95, 0xbf, 0x20, 0x5, 0xf3, 0xdd, 0x0,
    0x2f, 0x60, 0x5, 0xf3, 0xdb, 0x0, 0x1f, 0x60,
    0x5, 0xf3, 0xda, 0x0, 0x1f, 0x60, 0x5, 0xf2,
    0xda, 0x0, 0xf, 0x80, 0x7, 0xf1, 0xda, 0x0,
    0xc, 0xe6, 0x5e, 0xd0, 0xda, 0x0, 0x2, 0xbe,
    0xfb, 0x20,

    /* U+0196 "Ɩ" */
    0xcc, 0x0, 0xcc, 0x0, 0xcc, 0x0, 0xcc, 0x0,
    0xcc, 0x0, 0xcc, 0x0, 0xcc, 0x0, 0xbc, 0x0,
    0xaf, 0x76, 0x2c, 0xfd,

    /* U+0197 "Ɨ" */
    0x6f, 0xff, 0x60, 0x5f, 0x40, 0x4, 0xf4, 0x0,
    0x5f, 0x40, 0x8f, 0xff, 0x82, 0x7f, 0x72, 0x4,
    0xf4, 0x0, 0x4f, 0x40, 0x6, 0xf6, 0x7, 0xff,
    0xf6,

    /* U+0198 "Ƙ" */
    0xad, 0x0, 0x6, 0xf9, 0xad, 0x0, 0x5f, 0x83,
    0xad, 0x2, 0xf8, 0x0, 0xad, 0x1d, 0xb0, 0x0,
    0xad, 0xbf, 0x10, 0x0, 0xaf, 0xcf, 0xa0, 0x0,
    0xae, 0x6, 0xf5, 0x0, 0xad, 0x0, 0xaf, 0x20,
    0xad, 0x0, 0x1e, 0xc0, 0xad, 0x0, 0x4, 0xf7,

    /* U+0199 "ƙ" */
    0x4e, 0xe0, 0x0, 0xc, 0xd5, 0x0, 0x0, 0xda,
    0x0, 0x0, 0xd, 0xa0, 0xa, 0xe2, 0xda, 0x8,
    0xf3, 0xd, 0xa6, 0xf5, 0x0, 0xdc, 0xfb, 0x0,
    0xd, 0xfb, 0xf4, 0x0, 0xda, 0xc, 0xe1, 0xd,
    0xa0, 0x2f, 0xa0, 0xda, 0x0, 0x6f, 0x60,

    /* U+019A "ƚ" */
    0xc, 0xb0, 0xc, 0xb0, 0xc, 0xb0, 0xc, 0xb0,
    0xc, 0xb0, 0xcf, 0xfb, 0x2d, 0xb1, 0xc, 0xb0,
    0xc, 0xb0, 0xc, 0xb0, 0xc, 0xb0,

    /* U+019B "ƛ" */
    0x4, 0xfd, 0x30, 0x0, 0x0, 0x15, 0xde, 0xd7,
    0x0, 0x0, 0xad, 0xf7, 0x0, 0x0, 0x0, 0xe,
    0xb0, 0x0, 0x0, 0x4, 0xff, 0x10, 0x0, 0x0,
    0xbb, 0xf6, 0x0, 0x0, 0x2f, 0x5b, 0xc0, 0x0,
    0x8, 0xe0, 0x5f, 0x20, 0x0, 0xe8, 0x0, 0xf7,
    0x0, 0x6f, 0x20, 0xa, 0xe4, 0xd, 0xb0, 0x0,
    0x2e, 0xd0,

    /* U+019C "Ɯ" */
    0xcc, 0x0, 0x9, 0xe0, 0x0, 0x6f, 0x1c, 0xc0,
    0x0, 0x9e, 0x0, 0x6, 0xf1, 0xcc, 0x0, 0x9,
    0xe0, 0x0, 0x6f, 0x1c, 0xc0, 0x0, 0x9e, 0x0,
    0x6, 0xf1, 0xcc, 0x0, 0x9, 0xe0, 0x0, 0x6f,
    0x1c, 0xc0, 0x0, 0x9e, 0x0, 0x6, 0xf1, 0xcc,
    0x0, 0xa, 0xe0, 0x0, 0x7f, 0x1b, 0xd0, 0x0,
    0xdf, 0x0, 0xb, 0xf1, 0x7f, 0x95, 0xad, 0xfa,
    0x59, 0xef, 0x10, 0xae, 0xfa, 0x18, 0xef, 0xa3,
    0xf1,

    /* U+019D "Ɲ" */
    0x0, 0xaf, 0x70, 0x0, 0xd, 0x80, 0xa, 0xff,
    0x10, 0x0, 0xd8, 0x0, 0xab, 0xea, 0x0, 0xd,
    0x80, 0xa, 0xa5, 0xf4, 0x0, 0xd8, 0x0, 0xab,
    0xb, 0xd0, 0xd, 0x80, 0xa, 0xb0, 0x2f, 0x70,
    0xd8, 0x0, 0xab, 0x0, 0x7f, 0x1d, 0x80, 0xa,
    0xb0, 0x0, 0xda, 0xd8, 0x0, 0xab, 0x0, 0x3,
    0xff, 0x80, 0xa, 0xb0, 0x0, 0x9, 0xf8, 0x0,
    0xab, 0x0, 0x0, 0x0, 0x1, 0x6e, 0x90, 0x0,
    0x0, 0x0, 0x2f, 0xd2, 0x0, 0x0, 0x0, 0x0,

    /* U+019E "ƞ" */
    0xd7, 0xae, 0xe8, 0xd, 0xf8, 0x37, 0xf5, 0xdd,
    0x0, 0xf, 0x8d, 0xa0, 0x0, 0xe9, 0xda, 0x0,
    0xe, 0x9d, 0xa0, 0x0, 0xe9, 0xda, 0x0, 0xe,
    0x9d, 0xa0, 0x0, 0xe9, 0x0, 0x0, 0xe, 0x90,
    0x0, 0x0, 0xe9, 0x0, 0x0, 0xe, 0x90,

    /* U+019F "Ɵ" */
    0x0, 0x29, 0xef, 0xe9, 0x10, 0x0, 0x2e, 0xe7,
    0x57, 0xee, 0x10, 0xb, 0xe1, 0x0, 0x1, 0xea,
    0x0, 0xf8, 0x0, 0x0, 0x9, 0xf0, 0x2f, 0xff,
    0xff, 0xff, 0xff, 0x12, 0xf9, 0x33, 0x33, 0x39,
    0xf1, 0xf, 0xa0, 0x0, 0x0, 0xaf, 0x0, 0xbf,
    0x20, 0x0, 0x2f, 0xa0, 0x2, 0xee, 0x85, 0x8f,
    0xe1, 0x0, 0x2, 0xae, 0xfe, 0x91, 0x0,

    /* U+01A0 "Ơ" */
    0x0, 0x0, 0x0, 0x0, 0x3, 0xf6, 0x0, 0x29,
    0xef, 0xe9, 0x15, 0xf1, 0x2, 0xee, 0x86, 0x8f,
    0xed, 0x90, 0xb, 0xf2, 0x0, 0x2, 0xfb, 0x0,
    0xf, 0xa0, 0x0, 0x0, 0xbf, 0x0, 0x2f, 0x70,
    0x0, 0x0, 0x8f, 0x10, 0x2f, 0x70, 0x0, 0x0,
    0x8f, 0x10, 0xf, 0xa0, 0x0, 0x0, 0xaf, 0x0,
    0xb, 0xf2, 0x0, 0x2, 0xfa, 0x0, 0x2, 0xee,
    0x86, 0x8e, 0xe1, 0x0, 0x0, 0x2a, 0xef, 0xe9,
    0x10, 0x0,

    /* U+01A1 "ơ" */
    0x0, 0x0, 0x0, 0x6, 0xf3, 0x0, 0x8e, 0xfc,
    0x3a, 0xd0, 0x9, 0xf7, 0x5b, 0xfd, 0x20, 0xf,
    0x80, 0x0, 0xf9, 0x0, 0x3f, 0x50, 0x0, 0xcc,
    0x0, 0x3f, 0x50, 0x0, 0xcc, 0x0, 0xf, 0x80,
    0x0, 0xf9, 0x0, 0x9, 0xf7, 0x5b, 0xf2, 0x0,
    0x0, 0x8e, 0xfc, 0x40, 0x0,

    /* U+01A2 "Ƣ" */
    0x0, 0x2a, 0xef, 0xd7, 0x8, 0xef, 0xb2, 0x0,
    0x2f, 0xe8, 0x6a, 0xfe, 0xc6, 0x7f, 0xb0, 0xb,
    0xf2, 0x0, 0x7, 0xf3, 0x0, 0x9f, 0x0, 0xfa,
    0x0, 0x0, 0x1f, 0x90, 0x8, 0xf0, 0x1f, 0x80,
    0x0, 0x0, 0xeb, 0x0, 0x8f, 0x1, 0xf8, 0x0,
    0x0, 0xe, 0xb0, 0x8, 0xf0, 0xf, 0xa0, 0x0,
    0x1, 0xf9, 0x0, 0x8f, 0x0, 0xbf, 0x20, 0x0,
    0x7f, 0x40, 0x8, 0xf0, 0x2, 0xfe, 0x76, 0x9f,
    0xb0, 0x0, 0x8f, 0x0, 0x2, 0xae, 0xfd, 0x70,
    0x0, 0x8, 0xf0,

    /* U+01A3 "ƣ" */
    0x0, 0x9e, 0xfb, 0x2b, 0xfd, 0x40, 0x9, 0xf6,
    0x5d, 0xf8, 0x5d, 0xd0, 0xf, 0x70, 0x4, 0xf4,
    0x7, 0xf0, 0x3f, 0x40, 0x1, 0xf6, 0x6, 0xf1,
    0x3f, 0x40, 0x1, 0xf6, 0x6, 0xf1, 0x1f, 0x70,
    0x4, 0xf3, 0x6, 0xf1, 0xa, 0xf6, 0x5d, 0xc0,
    0x6, 0xf1, 0x0, 0x9e, 0xfb, 0x10, 0x6, 0xf1,
    0x0, 0x0, 0x0, 0x0, 0x6, 0xf1, 0x0, 0x0,
    0x0, 0x0, 0x6, 0xf1, 0x0, 0x0, 0x0, 0x0,
    0x6, 0xf1,

    /* U+01A4 "Ƥ" */
    0x4e, 0xff, 0xff, 0xea, 0x10, 0xcc, 0x9f, 0x65,
    0x8f, 0xb0, 0x95, 0x6f, 0x20, 0x8, 0xf1, 0x0,
    0x6f, 0x20, 0x7, 0xf1, 0x0, 0x6f, 0x31, 0x5e,
    0xc0, 0x0, 0x6f, 0xff, 0xfc, 0x20, 0x0, 0x6f,
    0x53, 0x20, 0x0, 0x0, 0x6f, 0x20, 0x0, 0x0,
    0x0, 0x6f, 0x20, 0x0, 0x0, 0x0, 0x6f, 0x20,
    0x0, 0x0,

    /* U+01A5 "ƥ" */
    0x4e, 0xe0, 0x0, 0xc, 0xd5, 0x0, 0x0, 0xda,
    0x0, 0x0, 0xd, 0xa9, 0xfe, 0x70, 0xdf, 0x95,
    0x9f, 0x6d, 0xd0, 0x0, 0xdc, 0xdb, 0x0, 0xa,
    0xed, 0xb0, 0x0, 0xae, 0xde, 0x0, 0xd, 0xcd,
    0xfa, 0x59, 0xf6, 0xda, 0x9f, 0xe7, 0xd, 0xa0,
    0x0, 0x0, 0xda, 0x0, 0x0, 0xd, 0xa0, 0x0,
    0x0,

    /* U+01A6 "Ʀ" */
    0xad, 0x10, 0x0, 0x0, 0xaf, 0xff, 0xe8, 0x0,
    0xae, 0x45, 0x9f, 0x80, 0xad, 0x0, 0xc, 0xc0,
    0xad, 0x0, 0xc, 0xd0, 0xad, 0x11, 0x6f, 0x70,
    0xaf, 0xff, 0xf7, 0x0, 0xae, 0x46, 0xf5, 0x0,
    0xad, 0x0, 0xbe, 0x0, 0xad, 0x0, 0x2f, 0x80,
    0x0, 0x0, 0x9, 0xf2, 0x0, 0x0, 0x1, 0x84,

    /* U+01A7 "Ƨ" */
    0x6, 0xdf, 0xea, 0x10, 0x7, 0x96, 0x7f, 0xc0,
    0x0, 0x0, 0x9, 0xf0, 0x0, 0x0, 0x1d, 0xd0,
    0x0, 0x29, 0xfe, 0x30, 0x8, 0xfd, 0x60, 0x0,
    0x3f, 0x80, 0x0, 0x0, 0x4f, 0x30, 0x0, 0x0,
    0x1e, 0xd6, 0x68, 0xc0, 0x3, 0xbe, 0xfd, 0x90,

    /* U+01A8 "ƨ" */
    0xa, 0xef, 0xd4, 0x0, 0x75, 0x4a, 0xf0, 0x0,
    0x0, 0x9f, 0x10, 0x7, 0xef, 0x60, 0x1d, 0xf8,
    0x10, 0x5, 0xf3, 0x0, 0x0, 0x3f, 0x83, 0x59,
    0x0, 0x6d, 0xfe, 0xb0,

    /* U+01A9 "Ʃ" */
    0x6f, 0xff, 0xff, 0xf6, 0x2f, 0xd5, 0x55, 0x52,
    0x5, 0xf7, 0x0, 0x0, 0x0, 0x7f, 0x50, 0x0,
    0x0, 0x9, 0xf2, 0x0, 0x0, 0xd, 0xb0, 0x0,
    0x0, 0xad, 0x10, 0x0, 0x8, 0xf2, 0x0, 0x0,
    0x4f, 0xa5, 0x55, 0x53, 0x8f, 0xff, 0xff, 0xf8,

    /* U+01AA "ƪ" */
    0x9, 0xfd, 0x20, 0x0, 0xf4, 0xda, 0x0, 0xb,
    0xff, 0xb0, 0x0, 0x1, 0xcb, 0x0, 0x0, 0xc,
    0xb0, 0x0, 0x0, 0xcb, 0x0, 0x0, 0xc, 0xb0,
    0x0, 0x0, 0xcb, 0x0, 0x0, 0xc, 0xb0, 0x0,
    0x0, 0xcb, 0x0, 0x0, 0xc, 0xb0, 0x0, 0x0,
    0xcb, 0x0, 0x0, 0xa, 0xf5, 0x50, 0x0, 0x2c,
    0xfd,

    /* U+01AB "ƫ" */
    0x4, 0xc0, 0x0, 0x9, 0xc0, 0x0, 0x8f, 0xff,
    0xf0, 0x2c, 0xd3, 0x30, 0xb, 0xc0, 0x0, 0xb,
    0xc0, 0x0, 0xb, 0xc0, 0x0, 0xb, 0xd0, 0x0,
    0x9, 0xf6, 0x50, 0x1, 0xcf, 0xf0, 0x0, 0x4,
    0xf0, 0x0, 0x39, 0xf0, 0x0, 0x9f, 0x70,

    /* U+01AC "Ƭ" */
    0x4d, 0xff, 0xff, 0xff, 0xc, 0xc5, 0xaf, 0x65,
    0x50, 0xa5, 0x7, 0xf0, 0x0, 0x0, 0x0, 0x7f,
    0x0, 0x0, 0x0, 0x7, 0xf0, 0x0, 0x0, 0x0,
    0x7f, 0x0, 0x0, 0x0, 0x7, 0xf0, 0x0, 0x0,
    0x0, 0x7f, 0x0, 0x0, 0x0, 0x7, 0xf0, 0x0,
    0x0, 0x0, 0x7f, 0x0, 0x0,

    /* U+01AD "ƭ" */
    0x2, 0xcf, 0x90, 0x9, 0xf6, 0x40, 0xb, 0xc0,
    0x0, 0x8f, 0xff, 0xf0, 0x2c, 0xd3, 0x30, 0xb,
    0xc0, 0x0, 0xb, 0xc0, 0x0, 0xb, 0xc0, 0x0,
    0xb, 0xd0, 0x0, 0x9, 0xf6, 0x50, 0x1, 0xcf,
    0xd0,

    /* U+01AE "Ʈ" */
    0xdf, 0xff, 0xff, 0xfb, 0x45, 0x5e, 0xc5, 0x53,
    0x0, 0xd, 0xb0, 0x0, 0x0, 0xd, 0xb0, 0x0,
    0x0, 0xd, 0xb0, 0x0, 0x0, 0xd, 0xb0, 0x0,
    0x0, 0xd, 0xb0, 0x0, 0x0, 0xd, 0xb0, 0x0,
    0x0, 0xd, 0xb0, 0x0, 0x0, 0xd, 0xb0, 0x0,
    0x0, 0xd, 0xb0, 0x0, 0x0, 0xb, 0xe6, 0x10,
    0x0, 0x3, 0xdf, 0x20,

    /* U+01AF "Ư" */
    0x0, 0x0, 0x0, 0x0, 0xe, 0xac, 0xc0, 0x0,
    0x6, 0xf3, 0xf5, 0xcc, 0x0, 0x0, 0x6f, 0xea,
    0xc, 0xc0, 0x0, 0x6, 0xf3, 0x0, 0xcc, 0x0,
    0x0, 0x6f, 0x10, 0xc, 0xc0, 0x0, 0x6, 0xf1,
    0x0, 0xcc, 0x0, 0x0, 0x6f, 0x10, 0xb, 0xc0,
    0x0, 0x7, 0xf1, 0x0, 0x8f, 0x10, 0x0, 0xbe,
    0x0, 0x1, 0xfd, 0x66, 0xaf, 0x70, 0x0, 0x2,
    0xbe, 0xfd, 0x60, 0x0, 0x0,

    /* U+01B0 "ư" */
    0x0, 0x0, 0x0, 0x7, 0xf2, 0xf9, 0x0, 0xd,
    0xbc, 0xc0, 0xf9, 0x0, 0xd, 0xfb, 0x20, 0xf9,
    0x0, 0xd, 0xa0, 0x0, 0xf9, 0x0, 0xd, 0xa0,
    0x0, 0xf9, 0x0, 0xe, 0xa0, 0x0, 0xea, 0x0,
    0x1f, 0xa0, 0x0, 0xaf, 0x43, 0xaf, 0xa0, 0x0,
    0x1b, 0xfe, 0x8a, 0xa0, 0x0,

    /* U+01B1 "Ʊ" */
    0x8f, 0xff, 0xa0, 0xaf, 0xff, 0x73, 0x69, 0xf5,
    0x6, 0xf9, 0x62, 0x2, 0xf6, 0x0, 0x6, 0xf2,
    0x0, 0xbc, 0x0, 0x0, 0xd, 0xa0, 0xf, 0x80,
    0x0, 0x0, 0x9f, 0x2, 0xf7, 0x0, 0x0, 0x8,
    0xf1, 0x1f, 0x90, 0x0, 0x0, 0xaf, 0x0, 0xce,
    0x10, 0x0, 0x1f, 0xc0, 0x3, 0xfe, 0x86, 0x8e,
    0xf3, 0x0, 0x2, 0xae, 0xfe, 0xa2, 0x0,

    /* U+01B2 "Ʋ" */
    0xdb, 0x0, 0x3f, 0xf7, 0xd, 0xb0, 0x1, 0x4b,
    0xf0, 0xdb, 0x0, 0x0, 0x6f, 0xd, 0xb0, 0x0,
    0x8, 0xe0, 0xdb, 0x0, 0x0, 0xbc, 0xd, 0xb0,
    0x0, 0xf, 0x70, 0xcb, 0x0, 0x6, 0xf2, 0xb,
    0xc0, 0x1, 0xe9, 0x0, 0x7f, 0x76, 0xed, 0x0,
    0x0, 0xaf, 0xe9, 0x10, 0x0,

    /* U+01B3 "Ƴ" */
    0xbe, 0x0, 0x0, 0xbf, 0x33, 0xf6, 0x0, 0x6f,
    0x40, 0xa, 0xe0, 0xd, 0x90, 0x0, 0x2f, 0x75,
    0xf2, 0x0, 0x0, 0x9e, 0xda, 0x0, 0x0, 0x1,
    0xff, 0x20, 0x0, 0x0, 0xb, 0xd0, 0x0, 0x0,
    0x0, 0xbd, 0x0, 0x0, 0x0, 0xb, 0xd0, 0x0,
    0x0, 0x0, 0xbd, 0x0, 0x0,

    /* U+01B4 "ƴ" */
    0xcd, 0x0, 0x2, 0xec, 0x5f, 0x30, 0xa, 0xe4,
    0xe, 0x90, 0xf, 0x80, 0x8, 0xe0, 0x5f, 0x20,
    0x2, 0xf4, 0xbc, 0x0, 0x0, 0xca, 0xf6, 0x0,
    0x0, 0x5f, 0xf1, 0x0, 0x0, 0xf, 0xa0, 0x0,
    0x0, 0x4f, 0x40, 0x0, 0x35, 0xec, 0x0, 0x0,
    0xaf, 0xb1, 0x0, 0x0,

    /* U+01B5 "Ƶ" */
    0x6f, 0xff, 0xff, 0xf6, 0x26, 0x66, 0x6c, 0xf2,
    0x0, 0x0, 0x4f, 0x60, 0x0, 0x2, 0xea, 0x0,
    0xf, 0xff, 0xff, 0xd0, 0x3, 0x9f, 0x63, 0x30,
    0x1, 0xea, 0x0, 0x0, 0xa, 0xe1, 0x0, 0x0,
    0x4f, 0xb6, 0x66, 0x63, 0x8f, 0xff, 0xff, 0xf8,

    /* U+01B6 "ƶ" */
    0x4f, 0xff, 0xff, 0x0, 0x33, 0x3e, 0xb0, 0x0,
    0x9, 0xe1, 0x3, 0xff, 0xff, 0xe0, 0x3, 0xfa,
    0x22, 0x0, 0x9e, 0x10, 0x0, 0x3f, 0x93, 0x33,
    0x7, 0xff, 0xff, 0xf2,

    /* U+01B7 "Ʒ" */
    0x4f, 0xff, 0xff, 0xf1, 0x15, 0x55, 0x8f, 0xa0,
    0x0, 0x4, 0xf8, 0x0, 0x0, 0x6f, 0x60, 0x0,
    0x0, 0xff, 0xeb, 0x30, 0x0, 0x23, 0x5d, 0xf2,
    0x0, 0x0, 0x2, 0xf6, 0x0, 0x0, 0x3, 0xf6,
    0x79, 0x64, 0x6e, 0xe1, 0x4c, 0xef, 0xea, 0x20,

    /* U+01B8 "Ƹ" */
    0xd, 0xff, 0xff, 0xf7, 0x7, 0xfa, 0x55, 0x52,
    0x0, 0x7f, 0x40, 0x0, 0x0, 0x7, 0xf4, 0x0,
    0x1, 0xae, 0xfd, 0x0, 0xd, 0xe6, 0x32, 0x0,
    0x3f, 0x50, 0x0, 0x0, 0x3f, 0x60, 0x0, 0x0,
    0xd, 0xf7, 0x55, 0x89, 0x1, 0x9e, 0xff, 0xd6,

    /* U+01B9 "ƹ" */
    0x2f, 0xff, 0xff, 0xd0, 0xb, 0xe5, 0x44, 0x30,
    0x0, 0xcb, 0x0, 0x0, 0x0, 0x1d, 0xb0, 0x0,
    0x0, 0x5b, 0xf8, 0x0, 0xa, 0xfa, 0x84, 0x0,
    0x4f, 0x50, 0x0, 0x0, 0x7f, 0x0, 0x0, 0x0,
    0x6f, 0x30, 0x0, 0x0, 0x1e, 0xe6, 0x56, 0xb0,
    0x2, 0xae, 0xfe, 0xa0,

    /* U+01BA "ƺ" */
    0x7f, 0xff, 0xff, 0x32, 0x44, 0x7f, 0xa0, 0x0,
    0x6f, 0x60, 0x0, 0x3f, 0xfd, 0x70, 0x0, 0x23,
    0x8f, 0x50, 0x0, 0x0, 0xf8, 0x0, 0x1, 0x5f,
    0x60, 0xbf, 0xff, 0xa0, 0x6f, 0x43, 0x10, 0x6,
    0xf5, 0x46, 0x70, 0x9, 0xef, 0xd7, 0x0,

    /* U+01BB "ƻ" */
    0x4, 0xcf, 0xd6, 0x0, 0x1f, 0x95, 0xaf, 0x40,
    0x1, 0x0, 0xf, 0x80, 0x0, 0x0, 0xf, 0x70,
    0x0, 0x0, 0x6f, 0x20, 0xf, 0xff, 0xff, 0xf4,
    0x2, 0x2c, 0xe3, 0x20, 0x0, 0x8f, 0x30, 0x0,
    0x5, 0xf5, 0x0, 0x0, 0x3f, 0xb3, 0x33, 0x31,
    0x6f, 0xff, 0xff, 0xf5,

    /* U+01BC "Ƽ" */
    0x8f, 0xff, 0xff, 0xf1, 0x38, 0xf8, 0x66, 0x60,
    0x3, 0xf5, 0x0, 0x0, 0x3, 0xff, 0xfb, 0x20,
    0x0, 0x33, 0x6e, 0xd0, 0x0, 0x0, 0x5, 0xf5,
    0x0, 0x0, 0x2, 0xf6, 0x0, 0x0, 0x6, 0xf4,
    0x7a, 0x65, 0x8f, 0xc0, 0x4c, 0xef, 0xe9, 0x10,

    /* U+01BD "ƽ" */
    0x6f, 0xff, 0xff, 0x21, 0x7f, 0x44, 0x40, 0x5,
    0xf0, 0x0, 0x0, 0x5f, 0xfd, 0x70, 0x0, 0x33,
    0x8f, 0x50, 0x0, 0x0, 0xf7, 0x67, 0x44, 0x9f,
    0x34, 0xdf, 0xfc, 0x50,

    /* U+01BE "ƾ" */
    0x0, 0xb5, 0x0, 0x0, 0xf, 0x50, 0x0, 0x3e,
    0xff, 0xf7, 0x1, 0x4f, 0x73, 0x10, 0x1, 0xf5,
    0x0, 0x0, 0xd, 0xe5, 0x0, 0x0, 0x1a, 0xf9,
    0x0, 0x0, 0x8, 0xf0, 0x57, 0x44, 0xcc, 0x4,
    0xdf, 0xfb, 0x20,

    /* U+01BF "ƿ" */
    0xd7, 0x9f, 0xe7, 0xd, 0xf9, 0x5a, 0xf4, 0xdd,
    0x0, 0xe, 0x9d, 0xa0, 0x0, 0xdb, 0xda, 0x0,
    0xf, 0x8d, 0xa0, 0xa, 0xf2, 0xdb, 0x6c, 0xf7,
    0xd, 0xfe, 0xb3, 0x0, 0xda, 0x0, 0x0, 0xd,
    0xa0, 0x0, 0x0, 0xda, 0x0, 0x0, 0x0,

    /* U+01C0 "ǀ" */
    0x5e, 0x5e, 0x5e, 0x5e, 0x5e, 0x5e, 0x5e, 0x5e,
    0x5e, 0x5e, 0x5e,

    /* U+01C1 "ǁ" */
    0x5e, 0x1, 0xf1, 0x5e, 0x1, 0xf1, 0x5e, 0x1,
    0xf1, 0x5e, 0x1, 0xf1, 0x5e, 0x1, 0xf1, 0x5e,
    0x1, 0xf1, 0x5e, 0x1, 0xf1, 0x5e, 0x1, 0xf1,
    0x5e, 0x1, 0xf1, 0x5e, 0x1, 0xf1, 0x5e, 0x1,
    0xf1,

    /* U+01C2 "ǂ" */
    0x0, 0xf, 0x30, 0x0, 0x0, 0xf3, 0x0, 0x0,
    0xf, 0x30, 0x2, 0xff, 0xff, 0xf5, 0x2, 0x2f,
    0x52, 0x0, 0x0, 0xf3, 0x0, 0x2f, 0xff, 0xff,
    0x50, 0x22, 0xf5, 0x21, 0x0, 0xf, 0x30, 0x0,
    0x0, 0xf3, 0x0, 0x0, 0xf, 0x30, 0x0,

    /* U+01C3 "ǃ" */
    0xf, 0xc0, 0xeb, 0xd, 0xa0, 0xc9, 0xc, 0x90,
    0xb8, 0xa, 0x70, 0x32, 0xe, 0xb0, 0xda,

    /* U+01C4 "Ǆ" */
    0x0, 0x0, 0x0, 0x0, 0x0, 0x17, 0x0, 0x54,
    0x0, 0x0, 0x0, 0x0, 0x0, 0x0, 0x7d, 0xac,
    0x10, 0x0, 0x0, 0x0, 0x0, 0x0, 0x0, 0x68,
    0x10, 0x0, 0x0, 0x0, 0x0, 0x0, 0x0, 0x0,
    0x0, 0x0, 0xbf, 0xff, 0xea, 0x20, 0x4, 0xff,
    0xff, 0xff, 0x8b, 0xe5, 0x58, 0xef, 0x40, 0x15,
    0x55, 0x5a, 0xf4, 0xbd, 0x0, 0x1, 0xee, 0x0,
    0x0, 0x2, 0xf9, 0xb, 0xd0, 0x0, 0x6, 0xf3,
    0x0, 0x0, 0xbe, 0x0, 0xbd, 0x0, 0x0, 0x4f,
    0x50, 0x0, 0x7f, 0x40, 0xb, 0xd0, 0x0, 0x4,
    0xf5, 0x0, 0x2f, 0x90, 0x0, 0xbd, 0x0, 0x0,
    0x7f, 0x30, 0xc, 0xd0, 0x0, 0xb, 0xd0, 0x0,
    0x1e, 0xd0, 0x7, 0xf3, 0x0, 0x0, 0xbe, 0x56,
    0x9f, 0xf3, 0x2, 0xfc, 0x55, 0x55, 0x3b, 0xff,
    0xfd, 0x92, 0x0, 0x6f, 0xff, 0xff, 0xfa,

    /* U+01C5 "ǅ" */
    0x0, 0x0, 0x0, 0x0, 0x0, 0xa9, 0x6, 0xd0,
    0xbf, 0xff, 0xea, 0x20, 0x0, 0xd, 0xbe, 0x20,
    0xbe, 0x55, 0x8e, 0xf4, 0x0, 0x2, 0x74, 0x0,
    0xbd, 0x0, 0x1, 0xee, 0x0, 0xff, 0xff, 0xf4,
    0xbd, 0x0, 0x0, 0x6f, 0x30, 0x33, 0x3b, 0xe1,
    0xbd, 0x0, 0x0, 0x4f, 0x50, 0x0, 0x3f, 0x50,
    0xbd, 0x0, 0x0, 0x4f, 0x50, 0x0, 0xda, 0x0,
    0xbd, 0x0, 0x0, 0x7f, 0x30, 0x9, 0xe0, 0x0,
    0xbd, 0x0, 0x1, 0xed, 0x0, 0x4f, 0x40, 0x0,
    0xbe, 0x56, 0x9f, 0xf3, 0x0, 0xdc, 0x55, 0x52,
    0xbf, 0xff, 0xd9, 0x20, 0x4, 0xff, 0xff, 0xf6,

    /* U+01C6 "ǆ" */
    0x0, 0x0, 0x0, 0xf8, 0x2, 0xd4, 0x3d, 0x40,
    0x0, 0x0, 0xf, 0x80, 0x4, 0xff, 0x50, 0x0,
    0x0, 0x0, 0xf8, 0x0, 0x2, 0x20, 0x0, 0x1a,
    0xfe, 0x5e, 0x80, 0x9f, 0xff, 0xfb, 0xa, 0xf7,
    0x5c, 0xf8, 0x2, 0x44, 0x6f, 0x81, 0xf8, 0x0,
    0x2f, 0x80, 0x0, 0xc, 0xd0, 0x3f, 0x50, 0x0,
    0xf8, 0x0, 0x7, 0xf2, 0x3, 0xf4, 0x0, 0xe,
    0x80, 0x2, 0xf7, 0x0, 0x1f, 0x80, 0x1, 0xf8,
    0x0, 0xdc, 0x0, 0x0, 0xbf, 0x65, 0xcf, 0x80,
    0x8f, 0x64, 0x43, 0x1, 0xaf, 0xe5, 0xb8, 0xd,
    0xff, 0xff, 0xd0,

    /* U+01C7 "Ǉ" */
    0xbd, 0x0, 0x0, 0x3, 0xf4, 0xbd, 0x0, 0x0,
    0x3, 0xf4, 0xbd, 0x0, 0x0, 0x3, 0xf4, 0xbd,
    0x0, 0x0, 0x3, 0xf4, 0xbd, 0x0, 0x0, 0x3,
    0xf4, 0xbd, 0x0, 0x0, 0x3, 0xf4, 0xbd, 0x0,
    0x0, 0x3, 0xf4, 0xbd, 0x0, 0x0, 0x3, 0xf4,
    0xbe, 0x66, 0x66, 0x3, 0xf4, 0xbf, 0xff, 0xff,
    0x13, 0xf4, 0x0, 0x0, 0x0, 0x3, 0xf3, 0x0,
    0x0, 0x1, 0x1a, 0xf1, 0x0, 0x0, 0x9, 0xff,
    0x70, 0x0, 0x0, 0x1, 0x31, 0x0,

    /* U+01C8 "ǈ" */
    0x0, 0x0, 0x0, 0x4, 0xe2, 0xbd, 0x0, 0x0,
    0x2, 0xb0, 0xbd, 0x0, 0x0, 0x0, 0x0, 0xbd,
    0x0, 0x0, 0x5, 0xf2, 0xbd, 0x0, 0x0, 0x5,
    0xf2, 0xbd, 0x0, 0x0, 0x5, 0xf2, 0xbd, 0x0,
    0x0, 0x5, 0xf2, 0xbd, 0x0, 0x0, 0x5, 0xf2,
    0xbd, 0x0, 0x0, 0x5, 0xf2, 0xbe, 0x66, 0x66,
    0x5, 0xf2, 0xbf, 0xff, 0xff, 0x15, 0xf2, 0x0,
    0x0, 0x0, 0x5, 0xf2, 0x0, 0x0, 0x1, 0x4b,
    0xf0, 0x0, 0x0, 0x3, 0xfe, 0x60,

    /* U+01C9 "ǉ" */
    0xda, 0x0, 0xe5, 0xda, 0x0, 0xe6, 0xda, 0x0,
    0x0, 0xda, 0x0, 0xf7, 0xda, 0x0, 0xf7, 0xda,
    0x0, 0xf7, 0xda, 0x0, 0xf7, 0xda, 0x0, 0xf7,
    0xda, 0x0, 0xf7, 0xda, 0x0, 0xf7, 0xda, 0x0,
    0xf7, 0x0, 0x0, 0xf6, 0x0, 0x48, 0xf4, 0x0,
    0xef, 0x90,

    /* U+01CA "Ǌ" */
    0xaf, 0x70, 0x0, 0xd, 0x80, 0xd, 0xaa, 0xff,
    0x10, 0x0, 0xd8, 0x0, 0xda, 0xab, 0xea, 0x0,
    0xd, 0x80, 0xd, 0xaa, 0xa5, 0xf4, 0x0, 0xd8,
    0x0, 0xda, 0xab, 0xb, 0xd0, 0xd, 0x80, 0xd,
    0xaa, 0xb0, 0x2f, 0x70, 0xd8, 0x0, 0xda, 0xab,
    0x0, 0x7f, 0x1d, 0x80, 0xd, 0xaa, 0xb0, 0x0,
    0xda, 0xd8, 0x0, 0xda, 0xab, 0x0, 0x3, 0xff,
    0x80, 0xd, 0xaa, 0xb0, 0x0, 0x9, 0xf8, 0x0,
    0xda, 0x0, 0x0, 0x0, 0x0, 0x0, 0xe, 0x90,
    0x0, 0x0, 0x0, 0x0, 0x15, 0xf6, 0x0, 0x0,
    0x0, 0x0, 0x3f, 0xfc, 0x0, 0x0, 0x0, 0x0,
    0x0, 0x32, 0x0,

    /* U+01CB "ǋ" */
    0x0, 0x0, 0x0, 0x0, 0x0, 0xe, 0x7a, 0xf7,
    0x0, 0x0, 0xd8, 0x0, 0xa4, 0xae, 0xf1, 0x0,
    0xd, 0x80, 0x0, 0xa, 0xab, 0xa0, 0x0, 0xd8,
    0x0, 0xf8, 0xaa, 0x2f, 0x40, 0xd, 0x80, 0xf,
    0x8a, 0xb0, 0x8d, 0x0, 0xd8, 0x0, 0xf8, 0xab,
    0x0, 0xe7, 0xd, 0x80, 0xf, 0x8a, 0xb0, 0x5,
    0xf1, 0xd8, 0x0, 0xf8, 0xab, 0x0, 0xc, 0xad,
    0x80, 0xf, 0x8a, 0xb0, 0x0, 0x3f, 0xf8, 0x0,
    0xf8, 0xab, 0x0, 0x0, 0x9f, 0x80, 0xf, 0x80,
    0x0, 0x0, 0x0, 0x0, 0x0, 0xf7, 0x0, 0x0,
    0x0, 0x0, 0x4, 0x7f, 0x50, 0x0, 0x0, 0x0,
    0x0, 0xdf, 0xa0,

    /* U+01CC "ǌ" */
    0x0, 0x0, 0x0, 0x0, 0xe, 0x60, 0x0, 0x0,
    0x0, 0x0, 0xa4, 0x0, 0x0, 0x0, 0x0, 0x0,
    0xd, 0x79, 0xfe, 0x90, 0x0, 0xf7, 0xdf, 0xa5,
    0x8f, 0x60, 0xf, 0x7d, 0xd0, 0x0, 0xda, 0x0,
    0xf7, 0xda, 0x0, 0xc, 0xb0, 0xf, 0x7d, 0xa0,
    0x0, 0xcb, 0x0, 0xf7, 0xda, 0x0, 0xc, 0xb0,
    0xf, 0x7d, 0xa0, 0x0, 0xcb, 0x0, 0xf7, 0xda,
    0x0, 0xc, 0xb0, 0xf, 0x70, 0x0, 0x0, 0x0,
    0x0, 0xf7, 0x0, 0x0, 0x0, 0x4, 0x8f, 0x40,
    0x0, 0x0, 0x0, 0xdf, 0xa0,

    /* U+01CD "Ǎ" */
    0x0, 0x63, 0x2, 0x70, 0x0, 0x0, 0x2e, 0x9e,
    0x40, 0x0, 0x0, 0x3, 0x84, 0x0, 0x0, 0x0,
    0x0, 0x0, 0x0, 0x0, 0x0, 0x6, 0xf8, 0x0,
    0x0, 0x0, 0xc, 0xee, 0x0, 0x0, 0x0, 0x2f,
    0x6f, 0x40, 0x0, 0x0, 0x8e, 0xc, 0xa0, 0x0,
    0x0, 0xe9, 0x7, 0xf1, 0x0, 0x4, 0xf5, 0x13,
    0xf7, 0x0, 0xa, 0xff, 0xff, 0xfd, 0x0, 0x1f,
    0xa4, 0x44, 0x8f, 0x30, 0x6f, 0x20, 0x0, 0x1f,
    0x90, 0xcc, 0x0, 0x0, 0xa, 0xe0,

    /* U+01CE "ǎ" */
    0x3, 0xd4, 0x3d, 0x40, 0x4, 0xff, 0x60, 0x0,
    0x2, 0x20, 0x0, 0x3b, 0xef, 0xb2, 0x3, 0x84,
    0x4e, 0xb0, 0x0, 0x0, 0x9e, 0x4, 0xbe, 0xff,
    0xe2, 0xfa, 0x10, 0x8e, 0x5f, 0x30, 0xb, 0xe3,
    0xf8, 0x16, 0xfe, 0x7, 0xef, 0xa5, 0xe0,

    /* U+01CF "Ǐ" */
    0x7, 0x20, 0x37, 0x0, 0x3e, 0x9e, 0x30, 0x0,
    0x48, 0x30, 0x0, 0x0, 0x0, 0x0, 0x7, 0xff,
    0xf6, 0x0, 0x5, 0xf5, 0x0, 0x0, 0x4f, 0x30,
    0x0, 0x4, 0xf3, 0x0, 0x0, 0x4f, 0x30, 0x0,
    0x4, 0xf3, 0x0, 0x0, 0x4f, 0x30, 0x0, 0x4,
    0xf3, 0x0, 0x0, 0x5f, 0x50, 0x0, 0x7f, 0xff,
    0x60,

    /* U+01D0 "ǐ" */
    0x4d, 0x34, 0xd3, 0x5, 0xff, 0x30, 0x0, 0x11,
    0x0, 0x0, 0xda, 0x0, 0x0, 0xda, 0x0, 0x0,
    0xda, 0x0, 0x0, 0xda, 0x0, 0x0, 0xda, 0x0,
    0x0, 0xda, 0x0, 0x0, 0xda, 0x0, 0x0, 0xda,
    0x0,

    /* U+01D1 "Ǒ" */
    0x0, 0xb, 0x90, 0x8c, 0x0, 0x0, 0x0, 0x1e,
    0xde, 0x10, 0x0, 0x0, 0x0, 0x38, 0x30, 0x0,
    0x0, 0x0, 0x0, 0x0, 0x0, 0x0, 0x0, 0x29,
    0xef, 0xe9, 0x10, 0x0, 0x2e, 0xf8, 0x68, 0xfe,
    0x10, 0xb, 0xf2, 0x0, 0x2, 0xfa, 0x0, 0xfa,
    0x0, 0x0, 0xa, 0xf0, 0x2f, 0x70, 0x0, 0x0,
    0x8f, 0x12, 0xf7, 0x0, 0x0, 0x8, 0xf1, 0xf,
    0xa0, 0x0, 0x0, 0xaf, 0x0, 0xbf, 0x20, 0x0,
    0x2f, 0xa0, 0x2, 0xee, 0x86, 0x8e, 0xe1, 0x0,
    0x2, 0xae, 0xfe, 0x91, 0x0,

    /* U+01D2 "ǒ" */
    0x0, 0xd7, 0x1b, 0x80, 0x0, 0x1e, 0xea, 0x0,
    0x0, 0x1, 0x30, 0x0, 0x0, 0x8e, 0xfc, 0x30,
    0x9, 0xf7, 0x5b, 0xf2, 0xf, 0x80, 0x0, 0xf9,
    0x3f, 0x50, 0x0, 0xcc, 0x3f, 0x50, 0x0, 0xcc,
    0xf, 0x80, 0x0, 0xf9, 0x9, 0xf7, 0x4b, 0xf2,
    0x0, 0x8e, 0xfc, 0x40,

    /* U+01D3 "Ǔ" */
    0x2, 0xe4, 0x1c, 0x70, 0x0, 0x5, 0xfd, 0xa0,
    0x0, 0x0, 0x6, 0x71, 0x0, 0x0, 0x0, 0x0,
    0x0, 0x0, 0xcc, 0x0, 0x0, 0x6f, 0x1c, 0xc0,
    0x0, 0x6, 0xf1, 0xcc, 0x0, 0x0, 0x6f, 0x1c,
    0xc0, 0x0, 0x6, 0xf1, 0xcc, 0x0, 0x0, 0x6f,
    0x1c, 0xc0, 0x0, 0x6, 0xf1, 0xbc, 0x0, 0x0,
    0x7f, 0x18, 0xf1, 0x0, 0xb, 0xe0, 0x2f, 0xd6,
    0x6a, 0xf7, 0x0, 0x2b, 0xef, 0xd6, 0x0,

    /* U+01D4 "ǔ" */
    0xb, 0x91, 0xaa, 0x0, 0xd, 0xfb, 0x0, 0x0,
    0x2, 0x0, 0xf, 0x90, 0x0, 0xda, 0xf9, 0x0,
    0xd, 0xaf, 0x90, 0x0, 0xda, 0xf9, 0x0, 0xd,
    0xaf, 0x90, 0x0, 0xea, 0xea, 0x0, 0x1f, 0xaa,
    0xf4, 0x3a, 0xfa, 0x1b, 0xfd, 0x8a, 0xa0,

    /* U+01D5 "Ǖ" */
    0x0, 0xff, 0xff, 0x50, 0x0, 0x2, 0x22, 0x20,
    0x0, 0x0, 0xb6, 0x1e, 0x10, 0x0, 0x5, 0x20,
    0x60, 0x0, 0x0, 0x0, 0x0, 0x0, 0xc, 0xc0,
    0x0, 0x6, 0xf1, 0xcc, 0x0, 0x0, 0x6f, 0x1c,
    0xc0, 0x0, 0x6, 0xf1, 0xcc, 0x0, 0x0, 0x6f,
    0x1c, 0xc0, 0x0, 0x6, 0xf1, 0xcc, 0x0, 0x0,
    0x6f, 0x1b, 0xc0, 0x0, 0x7, 0xf1, 0x8f, 0x10,
    0x0, 0xbe, 0x2, 0xfd, 0x66, 0xaf, 0x70, 0x2,
    0xbe, 0xfd, 0x60, 0x0,

    /* U+01D6 "ǖ" */
    0xb, 0xff, 0xf8, 0x0, 0x12, 0x22, 0x10, 0x8,
    0x90, 0xd4, 0x0, 0x34, 0x6, 0x10, 0xf9, 0x0,
    0xd, 0xaf, 0x90, 0x0, 0xda, 0xf9, 0x0, 0xd,
    0xaf, 0x90, 0x0, 0xda, 0xf9, 0x0, 0xe, 0xae,
    0xa0, 0x1, 0xfa, 0xaf, 0x43, 0xaf, 0xa1, 0xbf,
    0xd8, 0xaa,

    /* U+01D7 "Ǘ" */
    0x0, 0x0, 0x38, 0x20, 0x0, 0x0, 0x1e, 0x90,
    0x0, 0x0, 0x4, 0x50, 0x0, 0x0, 0xb, 0x61,
    0xe1, 0x0, 0x0, 0x52, 0x6, 0x0, 0x0, 0x0,
    0x0, 0x0, 0x0, 0xcc, 0x0, 0x0, 0x6f, 0x1c,
    0xc0, 0x0, 0x6, 0xf1, 0xcc, 0x0, 0x0, 0x6f,
    0x1c, 0xc0, 0x0, 0x6, 0xf1, 0xcc, 0x0, 0x0,
    0x6f, 0x1c, 0xc0, 0x0, 0x6, 0xf1, 0xbc, 0x0,
    0x0, 0x7f, 0x18, 0xf1, 0x0, 0xb, 0xe0, 0x2f,
    0xd6, 0x6a, 0xf7, 0x0, 0x2b, 0xef, 0xd6, 0x0,

    /* U+01D8 "ǘ" */
    0x0, 0x2, 0x84, 0x0, 0x0, 0xbb, 0x0, 0x0,
    0x26, 0x0, 0x0, 0x89, 0xd, 0x40, 0x3, 0x40,
    0x61, 0xf, 0x90, 0x0, 0xda, 0xf9, 0x0, 0xd,
    0xaf, 0x90, 0x0, 0xda, 0xf9, 0x0, 0xd, 0xaf,
    0x90, 0x0, 0xea, 0xea, 0x0, 0x1f, 0xaa, 0xf4,
    0x3a, 0xfa, 0x1b, 0xfd, 0x8a, 0xa0,

    /* U+01D9 "Ǚ" */
    0x1, 0x70, 0x5, 0x30, 0x0, 0x6, 0xdb, 0xb0,
    0x0, 0x0, 0x6, 0x70, 0x0, 0x0, 0xb, 0x61,
    0xe1, 0x0, 0x0, 0x52, 0x6, 0x0, 0x0, 0x0,
    0x0, 0x0, 0x0, 0xcc, 0x0, 0x0, 0x6f, 0x1c,
    0xc0, 0x0, 0x6, 0xf1, 0xcc, 0x0, 0x0, 0x6f,
    0x1c, 0xc0, 0x0, 0x6, 0xf1, 0xcc, 0x0, 0x0,
    0x6f, 0x1c, 0xc0, 0x0, 0x6, 0xf1, 0xbc, 0x0,
    0x0, 0x7f, 0x18, 0xf1, 0x0, 0xb, 0xe0, 0x2f,
    0xd6, 0x6a, 0xf7, 0x0, 0x2b, 0xef, 0xd6, 0x0,

    /* U+01DA "ǚ" */
    0xc, 0x70, 0xb8, 0x0, 0x1e, 0xeb, 0x0, 0x0,
    0x48, 0x20, 0x0, 0x89, 0xd, 0x40, 0x3, 0x40,
    0x61, 0xf, 0x90, 0x0, 0xda, 0xf9, 0x0, 0xd,
    0xaf, 0x90, 0x0, 0xda, 0xf9, 0x0, 0xd, 0xaf,
    0x90, 0x0, 0xea, 0xea, 0x0, 0x1f, 0xaa, 0xf4,
    0x3a, 0xfa, 0x1b, 0xfd, 0x8a, 0xa0,

    /* U+01DB "Ǜ" */
    0x0, 0x76, 0x0, 0x0, 0x0, 0x4, 0xf5, 0x0,
    0x0, 0x0, 0x2, 0x70, 0x0, 0x0, 0xb, 0x61,
    0xe1, 0x0, 0x0, 0x52, 0x6, 0x0, 0x0, 0x0,
    0x0, 0x0, 0x0, 0xcc, 0x0, 0x0, 0x6f, 0x1c,
    0xc0, 0x0, 0x6, 0xf1, 0xcc, 0x0, 0x0, 0x6f,
    0x1c, 0xc0, 0x0, 0x6, 0xf1, 0xcc, 0x0, 0x0,
    0x6f, 0x1c, 0xc0, 0x0, 0x6, 0xf1, 0xbc, 0x0,
    0x0, 0x7f, 0x18, 0xf1, 0x0, 0xb, 0xe0, 0x2f,
    0xd6, 0x6a, 0xf7, 0x0, 0x2b, 0xef, 0xd6, 0x0,

    /* U+01DC "ǜ" */
    0x5, 0x70, 0x0, 0x0, 0x2d, 0x80, 0x0, 0x0,
    0x17, 0x0, 0x0, 0x89, 0xd, 0x40, 0x3, 0x40,
    0x61, 0xf, 0x90, 0x0, 0xda, 0xf9, 0x0, 0xd,
    0xaf, 0x90, 0x0, 0xda, 0xf9, 0x0, 0xd, 0xaf,
    0x90, 0x0, 0xea, 0xea, 0x0, 0x1f, 0xaa, 0xf4,
    0x3a, 0xfa, 0x1b, 0xfd, 0x8a, 0xa0,

    /* U+01DD "ǝ" */
    0x9, 0xef, 0xe8, 0x0, 0xa, 0x64, 0x8f, 0x90,
    0x0, 0x0, 0x9, 0xf1, 0x0, 0x0, 0x5, 0xf4,
    0x4f, 0xff, 0xff, 0xf3, 0x3f, 0x62, 0x27, 0xf1,
    0xd, 0xc4, 0x4e, 0xa0, 0x2, 0xbe, 0xe9, 0x0,

    /* U+01DE "Ǟ" */
    0x0, 0x9f, 0xff, 0xb0, 0x0, 0x0, 0x12, 0x22,
    0x10, 0x0, 0x0, 0x5c, 0xa, 0x70, 0x0, 0x0,
    0x25, 0x4, 0x30, 0x0, 0x0, 0x0, 0x0, 0x0,
    0x0, 0x0, 0x6, 0xf8, 0x0, 0x0, 0x0, 0xc,
    0xee, 0x0, 0x0, 0x0, 0x2f, 0x6f, 0x40, 0x0,
    0x0, 0x8e, 0xc, 0xa0, 0x0, 0x0, 0xe9, 0x7,
    0xf1, 0x0, 0x4, 0xf5, 0x13, 0xf7, 0x0, 0xa,
    0xff, 0xff, 0xfd, 0x0, 0x1f, 0xa4, 0x44, 0x8f,
    0x30, 0x6f, 0x20, 0x0, 0x1f, 0x90, 0xcc, 0x0,
    0x0, 0xa, 0xe0,

    /* U+01DF "ǟ" */
    0x2, 0xff, 0xff, 0x20, 0x2, 0x22, 0x20, 0x0,
    0xd4, 0x4d, 0x0, 0x6, 0x11, 0x60, 0x3, 0xbe,
    0xfb, 0x20, 0x38, 0x44, 0xeb, 0x0, 0x0, 0x9,
    0xe0, 0x4b, 0xef, 0xfe, 0x2f, 0xa1, 0x8, 0xe5,
    0xf3, 0x0, 0xbe, 0x3f, 0x81, 0x6f, 0xe0, 0x7e,
    0xfa, 0x5e,

    /* U+01E0 "Ǡ" */
    0x0, 0x9f, 0xff, 0xa0, 0x0, 0x0, 0x12, 0x22,
    0x10, 0x0, 0x0, 0x1, 0xe3, 0x0, 0x0, 0x0,
    0x0, 0x91, 0x0, 0x0, 0x0, 0x0, 0x0, 0x0,
    0x0, 0x0, 0x6, 0xf8, 0x0, 0x0, 0x0, 0xc,
    0xee, 0x0, 0x0, 0x0, 0x2f, 0x6f, 0x40, 0x0,
    0x0, 0x8e, 0xc, 0xa0, 0x0, 0x0, 0xe9, 0x7,
    0xf1, 0x0, 0x4, 0xf5, 0x13, 0xf7, 0x0, 0xa,
    0xff, 0xff, 0xfd, 0x0, 0x1f, 0xa4, 0x44, 0x8f,
    0x30, 0x6f, 0x20, 0x0, 0x1f, 0x90, 0xcc, 0x0,
    0x0, 0xa, 0xe0,

    /* U+01E1 "ǡ" */
    0x2, 0xff, 0xff, 0x20, 0x2, 0x22, 0x20, 0x0,
    0x9, 0x90, 0x0, 0x0, 0x55, 0x0, 0x3, 0xbe,
    0xfb, 0x20, 0x38, 0x44, 0xeb, 0x0, 0x0, 0x9,
    0xe0, 0x4b, 0xef, 0xfe, 0x2f, 0xa1, 0x8, 0xe5,
    0xf3, 0x0, 0xbe, 0x3f, 0x81, 0x6f, 0xe0, 0x7e,
    0xfa, 0x5e,

    /* U+01E2 "Ǣ" */
    0x0, 0x0, 0x3, 0xff, 0xff, 0x10, 0x0, 0x0,
    0x0, 0x2, 0x22, 0x20, 0x0, 0x0, 0x0, 0x0,
    0x0, 0x0, 0x0, 0x0, 0x0, 0x0, 0x9f, 0xff,
    0xff, 0xfc, 0x0, 0x0, 0x1f, 0x9c, 0xe5, 0x55,
    0x40, 0x0, 0x8, 0xf0, 0xae, 0x0, 0x0, 0x0,
    0x0, 0xe8, 0xa, 0xe1, 0x11, 0x0, 0x0, 0x7f,
    0x10, 0xaf, 0xff, 0xf8, 0x0, 0xe, 0xb1, 0x1a,
    0xe4, 0x44, 0x20, 0x6, 0xff, 0xff, 0xfe, 0x0,
    0x0, 0x0, 0xdc, 0x44, 0x4b, 0xe0, 0x0, 0x0,
    0x5f, 0x40, 0x0, 0xae, 0x55, 0x54, 0xc, 0xc0,
    0x0, 0xa, 0xff, 0xff, 0xc0,

    /* U+01E3 "ǣ" */
    0x0, 0x0, 0xef, 0xff, 0x60, 0x0, 0x0, 0x0,
    0x22, 0x22, 0x10, 0x0, 0x4, 0xce, 0xf9, 0x3c,
    0xfd, 0x50, 0x4, 0x74, 0x5f, 0xf9, 0x39, 0xf3,
    0x0, 0x0, 0xb, 0xe0, 0x0, 0xe8, 0x4, 0xbe,
    0xff, 0xff, 0xff, 0xfa, 0x2f, 0xb3, 0x2c, 0xd2,
    0x22, 0x21, 0x5f, 0x30, 0xd, 0xf1, 0x0, 0x0,
    0x3f, 0x94, 0xad, 0xec, 0x55, 0x83, 0x7, 0xef,
    0xa1, 0x2b, 0xff, 0xb2,

    /* U+01E4 "Ǥ" */
    0x0, 0x7, 0xcf, 0xfd, 0x80, 0x0, 0xc, 0xfa,
    0x66, 0x87, 0x0, 0x8, 0xf4, 0x0, 0x0, 0x0,
    0x0, 0xea, 0x0, 0x1, 0x11, 0x0, 0x1f, 0x70,
    0x8, 0xff, 0xf1, 0x2, 0xf7, 0x0, 0x24, 0x8f,
    0x10, 0xf, 0xa0, 0x5, 0xff, 0xff, 0x0, 0xbf,
    0x20, 0x2, 0x7f, 0x30, 0x2, 0xee, 0x75, 0x5b,
    0xf1, 0x0, 0x2, 0x9e, 0xff, 0xd9, 0x0,

    /* U+01E5 "ǥ" */
    0x1, 0xaf, 0xe6, 0xc8, 0x0, 0xaf, 0x75, 0xdf,
    0x80, 0x1f, 0x80, 0x2, 0xf8, 0x3, 0xf5, 0x0,
    0xf, 0x80, 0x3f, 0x40, 0x0, 0xe8, 0x1, 0xf7,
    0x0, 0x1f, 0x80, 0xb, 0xf6, 0x4b, 0xf8, 0x0,
    0x1b, 0xfe, 0x6f, 0x80, 0x0, 0x5, 0xff, 0xff,
    0x40, 0x65, 0x56, 0xbf, 0x50, 0x7, 0xdf, 0xfc,
    0x50, 0x0,

    /* U+01E6 "Ǧ" */
    0x0, 0x9, 0xa0, 0x7d, 0x0, 0x0, 0x0, 0xdd,
    0xf2, 0x0, 0x0, 0x0, 0x28, 0x40, 0x0, 0x0,
    0x0, 0x0, 0x0, 0x0, 0x0, 0x7, 0xcf, 0xfd,
    0x80, 0x0, 0xcf, 0xa7, 0x68, 0x70, 0x9, 0xf5,
    0x0, 0x0, 0x0, 0xf, 0xb0, 0x0, 0x11, 0x10,
    0x1f, 0x70, 0x8, 0xff, 0xf1, 0x2f, 0x70, 0x2,
    0x48, 0xf1, 0xf, 0xa0, 0x0, 0x6, 0xf1, 0xa,
    0xf2, 0x0, 0x6, 0xf1, 0x2, 0xef, 0x85, 0x6b,
    0xf1, 0x0, 0x19, 0xef, 0xfd, 0x90,

    /* U+01E7 "ǧ" */
    0x1, 0xd6, 0x1c, 0x70, 0x0, 0x2f, 0xe9, 0x0,
    0x0, 0x2, 0x30, 0x0, 0x1, 0xaf, 0xe6, 0xc8,
    0xa, 0xf7, 0x5c, 0xf8, 0x1f, 0x80, 0x2, 0xf8,
    0x3f, 0x50, 0x0, 0xf8, 0x3f, 0x40, 0x0, 0xe8,
    0x1f, 0x70, 0x1, 0xf8, 0xa, 0xf6, 0x5b, 0xf8,
    0x1, 0xbf, 0xe6, 0xe8, 0x0, 0x0, 0x1, 0xf6,
    0x7, 0x64, 0x5c, 0xf2, 0x7, 0xdf, 0xfc, 0x40,

    /* U+01E8 "Ǩ" */
    0x4, 0x50, 0x7, 0x20, 0x0, 0xca, 0xd8, 0x0,
    0x0, 0x17, 0x60, 0x0, 0x0, 0x0, 0x0, 0x0,
    0xad, 0x0, 0x6, 0xf4, 0xad, 0x0, 0x4f, 0x60,
    0xad, 0x3, 0xf8, 0x0, 0xad, 0x1e, 0xa0, 0x0,
    0xae, 0xdf, 0x10, 0x0, 0xaf, 0xbf, 0xb0, 0x0,
    0xad, 0x6, 0xf6, 0x0, 0xad, 0x0, 0xaf, 0x20,
    0xad, 0x0, 0x1e, 0xc0, 0xad, 0x0, 0x4, 0xf7,

    /* U+01E9 "ǩ" */
    0x45, 0x0, 0x63, 0x0, 0x1, 0xd8, 0xac, 0x0,
    0x0, 0x3, 0xff, 0x10, 0x0, 0x0, 0x0, 0x0,
    0x0, 0x0, 0x0, 0xda, 0x0, 0x0, 0x0, 0xd,
    0xa0, 0x0, 0x0, 0x0, 0xda, 0x0, 0x0, 0x0,
    0xd, 0xa0, 0x9, 0xe2, 0x0, 0xda, 0x7, 0xf3,
    0x0, 0xd, 0x95, 0xf5, 0x0, 0x0, 0xdc, 0xfb,
    0x0, 0x0, 0xd, 0xfb, 0xf4, 0x0, 0x0, 0xda,
    0xb, 0xe1, 0x0, 0xd, 0xa0, 0x1f, 0xa0, 0x0,
    0xda, 0x0, 0x5f, 0x60,

    /* U+01EA "Ǫ" */
    0x0, 0x29, 0xef, 0xe9, 0x10, 0x0, 0x2e, 0xf8,
    0x68, 0xfe, 0x10, 0xb, 0xf2, 0x0, 0x2, 0xfa,
    0x0, 0xfa, 0x0, 0x0, 0xa, 0xf0, 0x2f, 0x70,
    0x0, 0x0, 0x8f, 0x12, 0xf7, 0x0, 0x0, 0x8,
    0xf1, 0xf, 0xa0, 0x0, 0x0, 0xaf, 0x0, 0xbf,
    0x20, 0x0, 0x2f, 0xa0, 0x2, 0xee, 0x86, 0x8e,
    0xe1, 0x0, 0x2, 0xae, 0xff, 0x91, 0x0, 0x0,
    0x0, 0x3c, 0x0, 0x0, 0x0, 0x0, 0x9, 0x90,
    0x0, 0x0, 0x0, 0x0, 0x5f, 0xb0, 0x0, 0x0,

    /* U+01EB "ǫ" */
    0x0, 0x8e, 0xfc, 0x30, 0x9, 0xf7, 0x5b, 0xf2,
    0xf, 0x80, 0x0, 0xf9, 0x3f, 0x50, 0x0, 0xcc,
    0x3f, 0x50, 0x0, 0xcc, 0xf, 0x80, 0x0, 0xf9,
    0x9, 0xf7, 0x4b, 0xf2, 0x0, 0x8e, 0xfd, 0x40,
    0x0, 0x6, 0xa0, 0x0, 0x0, 0xd, 0x60, 0x0,
    0x0, 0x7, 0xf8, 0x0,

    /* U+01EC "Ǭ" */
    0x0, 0xa, 0xff, 0xfa, 0x0, 0x0, 0x0, 0x12,
    0x22, 0x10, 0x0, 0x0, 0x0, 0x0, 0x0, 0x0,
    0x0, 0x2, 0x9e, 0xfe, 0x91, 0x0, 0x2, 0xef,
    0x86, 0x8f, 0xe1, 0x0, 0xbf, 0x20, 0x0, 0x2f,
    0xa0, 0xf, 0xa0, 0x0, 0x0, 0xaf, 0x2, 0xf7,
    0x0, 0x0, 0x8, 0xf1, 0x2f, 0x70, 0x0, 0x0,
    0x8f, 0x10, 0xfa, 0x0, 0x0, 0xa, 0xf0, 0xb,
    0xf2, 0x0, 0x2, 0xfa, 0x0, 0x2e, 0xe8, 0x68,
    0xee, 0x10, 0x0, 0x2a, 0xef, 0xf9, 0x10, 0x0,
    0x0, 0x2, 0xd1, 0x0, 0x0, 0x0, 0x0, 0x7b,
    0x0, 0x0, 0x0, 0x0, 0x3, 0xee, 0x0, 0x0,

    /* U+01ED "ǭ" */
    0x0, 0xdf, 0xff, 0x60, 0x0, 0x22, 0x22, 0x10,
    0x0, 0x8e, 0xfc, 0x30, 0x9, 0xf7, 0x5b, 0xf2,
    0xf, 0x80, 0x0, 0xf9, 0x3f, 0x50, 0x0, 0xcc,
    0x3f, 0x50, 0x0, 0xcc, 0xf, 0x80, 0x0, 0xf9,
    0x9, 0xf7, 0x4b, 0xf2, 0x0, 0x8e, 0xfd, 0x40,
    0x0, 0x5, 0xa0, 0x0, 0x0, 0xc, 0x60, 0x0,
    0x0, 0x7, 0xf8, 0x0,

    /* U+01EE "Ǯ" */
    0x5, 0xd2, 0x4e, 0x30, 0x0, 0x9e, 0xf6, 0x0,
    0x0, 0x7, 0x60, 0x0, 0x0, 0x0, 0x0, 0x0,
    0x4f, 0xff, 0xff, 0xf1, 0x15, 0x55, 0x8f, 0xa0,
    0x0, 0x4, 0xf8, 0x0, 0x0, 0x6f, 0x60, 0x0,
    0x0, 0xff, 0xeb, 0x30, 0x0, 0x23, 0x5d, 0xf2,
    0x0, 0x0, 0x2, 0xf6, 0x0, 0x0, 0x3, 0xf6,
    0x79, 0x64, 0x6e, 0xe1, 0x4c, 0xef, 0xea, 0x20,

    /* U+01EF "ǯ" */
    0xb, 0x91, 0xab, 0x0, 0xc, 0xfc, 0x0, 0x0,
    0x2, 0x0, 0x8, 0xff, 0xff, 0xf7, 0x24, 0x44,
    0xbe, 0x20, 0x0, 0x7f, 0x30, 0x0, 0x6f, 0x30,
    0x0, 0x3f, 0xd6, 0x0, 0x2, 0x79, 0xed, 0x10,
    0x0, 0x1, 0xe9, 0x0, 0x0, 0xb, 0xc0, 0x0,
    0x0, 0xea, 0x87, 0x55, 0xbf, 0x37, 0xdf, 0xfc,
    0x40,

    /* U+01F0 "ǰ" */
    0x4d, 0x34, 0xd3, 0x5, 0xff, 0x30, 0x0, 0x11,
    0x0, 0x0, 0xda, 0x0, 0x0, 0xda, 0x0, 0x0,
    0xda, 0x0, 0x0, 0xda, 0x0, 0x0, 0xda, 0x0,
    0x0, 0xda, 0x0, 0x0, 0xda, 0x0, 0x0, 0xda,
    0x0, 0x0, 0xd9, 0x0, 0x36, 0xf7, 0x0, 0xaf,
    0xb1, 0x0,

    /* U+01F1 "Ǳ" */
    0xbf, 0xff, 0xea, 0x20, 0x4, 0xff, 0xff, 0xff,
    0x8b, 0xe5, 0x58, 0xef, 0x40, 0x15, 0x55, 0x5a,
    0xf4, 0xbd, 0x0, 0x1, 0xee, 0x0, 0x0, 0x2,
    0xf9, 0xb, 0xd0, 0x0, 0x6, 0xf3, 0x0, 0x0,
    0xbe, 0x0, 0xbd, 0x0, 0x0, 0x4f, 0x50, 0x0,
    0x7f, 0x40, 0xb, 0xd0, 0x0, 0x4, 0xf5, 0x0,
    0x2f, 0x90, 0x0, 0xbd, 0x0, 0x0, 0x7f, 0x30,
    0xc, 0xd0, 0x0, 0xb, 0xd0, 0x0, 0x1e, 0xd0,
    0x7, 0xf3, 0x0, 0x0, 0xbe, 0x56, 0x9f, 0xf3,
    0x2, 0xfc, 0x55, 0x55, 0x3b, 0xff, 0xfd, 0x92,
    0x0, 0x6f, 0xff, 0xff, 0xfa,

    /* U+01F2 "ǲ" */
    0xbf, 0xff, 0xea, 0x20, 0x0, 0x0, 0x0, 0x0,
    0xbe, 0x55, 0x8e, 0xf4, 0x0, 0x0, 0x0, 0x0,
    0xbd, 0x0, 0x1, 0xee, 0x0, 0xff, 0xff, 0xf4,
    0xbd, 0x0, 0x0, 0x6f, 0x30, 0x33, 0x3b, 0xe1,
    0xbd, 0x0, 0x0, 0x4f, 0x50, 0x0, 0x3f, 0x50,
    0xbd, 0x0, 0x0, 0x4f, 0x50, 0x0, 0xda, 0x0,
    0xbd, 0x0, 0x0, 0x7f, 0x30, 0x9, 0xe0, 0x0,
    0xbd, 0x0, 0x1, 0xed, 0x0, 0x4f, 0x40, 0x0,
    0xbe, 0x56, 0x9f, 0xf3, 0x0, 0xdc, 0x55, 0x52,
    0xbf, 0xff, 0xd9, 0x20, 0x4, 0xff, 0xff, 0xf6,

    /* U+01F3 "ǳ" */
    0x0, 0x0, 0x0, 0xf8, 0x0, 0x0, 0x0, 0x0,
    0x0, 0x0, 0xf, 0x80, 0x0, 0x0, 0x0, 0x0,
    0x0, 0x0, 0xf8, 0x0, 0x0, 0x0, 0x0, 0x1a,
    0xfe, 0x5e, 0x80, 0x9f, 0xff, 0xfb, 0xa, 0xf7,
    0x5c, 0xf8, 0x2, 0x44, 0x6f, 0x81, 0xf8, 0x0,
    0x2f, 0x80, 0x0, 0xc, 0xd0, 0x3f, 0x50, 0x0,
    0xf8, 0x0, 0x7, 0xf2, 0x3, 0xf4, 0x0, 0xe,
    0x80, 0x2, 0xf7, 0x0, 0x1f, 0x80, 0x1, 0xf8,
    0x0, 0xdc, 0x0, 0x0, 0xbf, 0x65, 0xcf, 0x80,
    0x8f, 0x64, 0x43, 0x1, 0xaf, 0xe5, 0xb8, 0xd,
    0xff, 0xff, 0xd0,

    /* U+01F4 "Ǵ" */
    0x0, 0x0, 0x2, 0xf9, 0x0, 0x0, 0x0, 0xc,
    0xa0, 0x0, 0x0, 0x0, 0x17, 0x0, 0x0, 0x0,
    0x0, 0x0, 0x0, 0x0, 0x0, 0x7, 0xcf, 0xfd,
    0x80, 0x0, 0xcf, 0xa7, 0x68, 0x70, 0x9, 0xf5,
    0x0, 0x0, 0x0, 0xf, 0xb0, 0x0, 0x11, 0x10,
    0x1f, 0x70, 0x8, 0xff, 0xf1, 0x2f, 0x70, 0x2,
    0x48, 0xf1, 0xf, 0xa0, 0x0, 0x6, 0xf1, 0xa,
    0xf2, 0x0, 0x6, 0xf1, 0x2, 0xef, 0x85, 0x6b,
    0xf1, 0x0, 0x19, 0xef, 0xfd, 0x90,

    /* U+01F5 "ǵ" */
    0x0, 0x0, 0x8f, 0x30, 0x0, 0x4, 0xe3, 0x0,
    0x0, 0x2, 0x10, 0x0, 0x1, 0xaf, 0xe6, 0xc8,
    0xa, 0xf7, 0x5c, 0xf8, 0x1f, 0x80, 0x2, 0xf8,
    0x3f, 0x50, 0x0, 0xf8, 0x3f, 0x40, 0x0, 0xe8,
    0x1f, 0x70, 0x1, 0xf8, 0xa, 0xf6, 0x5b, 0xf8,
    0x1, 0xbf, 0xe6, 0xe8, 0x0, 0x0, 0x1, 0xf6,
    0x7, 0x64, 0x5c, 0xf2, 0x7, 0xdf, 0xfc, 0x40,

    /* U+01F6 "Ƕ" */
    0xad, 0x0, 0x4, 0xf4, 0x0, 0x0, 0xad, 0x0,
    0x4, 0xf4, 0x0, 0x0, 0xad, 0x0, 0x4, 0xf4,
    0x2, 0xf5, 0xad, 0x11, 0x15, 0xf4, 0x2, 0xf5,
    0xaf, 0xff, 0xff, 0xf4, 0x2, 0xf5, 0xae, 0x44,
    0x47, 0xf4, 0x2, 0xf5, 0xad, 0x0, 0x4, 0xf4,
    0x2, 0xf5, 0xad, 0x0, 0x3, 0xf4, 0x3, 0xf4,
    0xad, 0x0, 0x1, 0xfc, 0x5b, 0xf1, 0xad, 0x0,
    0x0, 0x4d, 0xfd, 0x40,

    /* U+01F7 "Ƿ" */
    0xa9, 0x3c, 0xfd, 0x50, 0xad, 0xd7, 0x6d, 0xf2,
    0xaf, 0x40, 0x2, 0xf7, 0xae, 0x0, 0x0, 0xf8,
    0xad, 0x0, 0x1, 0xf6, 0xad, 0x0, 0x7, 0xf1,
    0xad, 0x0, 0x3f, 0x90, 0xad, 0x5, 0xfb, 0x0,
    0xae, 0xcf, 0x80, 0x0, 0xaf, 0x92, 0x0, 0x0,
    0xad, 0x0, 0x0, 0x0, 0xad, 0x0, 0x0, 0x0,
    0xad, 0x0, 0x0, 0x0,

    /* U+01F8 "Ǹ" */
    0x0, 0x28, 0x30, 0x0, 0x0, 0x0, 0x9e, 0x10,
    0x0, 0x0, 0x0, 0x54, 0x0, 0x0, 0x0, 0x0,
    0x0, 0x0, 0xaf, 0x70, 0x0, 0xd, 0x8a, 0xff,
    0x10, 0x0, 0xd8, 0xab, 0xea, 0x0, 0xd, 0x8a,
    0xa5, 0xf4, 0x0, 0xd8, 0xab, 0xb, 0xd0, 0xd,
    0x8a, 0xb0, 0x2f, 0x70, 0xd8, 0xab, 0x0, 0x7f,
    0x1d, 0x8a, 0xb0, 0x0, 0xda, 0xd8, 0xab, 0x0,
    0x3, 0xff, 0x8a, 0xb0, 0x0, 0x9, 0xf8,

    /* U+01F9 "ǹ" */
    0x3, 0xf8, 0x0, 0x0, 0x4, 0xe3, 0x0, 0x0,
    0x1, 0x20, 0xd, 0x79, 0xfe, 0x90, 0xdf, 0xa5,
    0x8f, 0x6d, 0xd0, 0x0, 0xda, 0xda, 0x0, 0xc,
    0xbd, 0xa0, 0x0, 0xcb, 0xda, 0x0, 0xc, 0xbd,
    0xa0, 0x0, 0xcb, 0xda, 0x0, 0xc, 0xb0,

    /* U+01FA "Ǻ" */
    0x0, 0x0, 0x4f, 0x60, 0x0, 0x0, 0x0, 0xd6,
    0x0, 0x0, 0x0, 0x7, 0xd9, 0x0, 0x0, 0x0,
    0xd, 0xc, 0x20, 0x0, 0x0, 0xb, 0x9d, 0x0,
    0x0, 0x0, 0xa, 0xed, 0x0, 0x0, 0x0, 0x1f,
    0x6f, 0x30, 0x0, 0x0, 0x7e, 0xc, 0xa0, 0x0,
    0x0, 0xd9, 0x6, 0xf1, 0x0, 0x3, 0xf4, 0x12,
    0xf6, 0x0, 0xa, 0xff, 0xff, 0xfc, 0x0, 0xf,
    0x94, 0x44, 0x8f, 0x30, 0x6f, 0x20, 0x0, 0xf,
    0x90, 0xcc, 0x0, 0x0, 0x9, 0xf0,

    /* U+01FB "ǻ" */
    0x0, 0x1, 0xeb, 0x10, 0x0, 0x55, 0x0, 0x0,
    0x2c, 0xc3, 0x0, 0x7, 0x75, 0xa0, 0x0, 0x2c,
    0xc3, 0x0, 0x0, 0x0, 0x0, 0x3, 0xbe, 0xfb,
    0x20, 0x38, 0x44, 0xeb, 0x0, 0x0, 0x9, 0xe0,
    0x4c, 0xef, 0xfe, 0x2f, 0xa1, 0x8, 0xe5, 0xf3,
    0x0, 0xbe, 0x3f, 0x71, 0x6f, 0xe0, 0x7e, 0xfa,
    0x5e,

    /* U+01FC "Ǽ" */
    0x0, 0x0, 0x0, 0x0, 0x67, 0x0, 0x0, 0x0,
    0x0, 0x0, 0x5f, 0x40, 0x0, 0x0, 0x0, 0x0,
    0x7, 0x20, 0x0, 0x0, 0x0, 0x0, 0x0, 0x0,
    0x0, 0x0, 0x0, 0x0, 0x9, 0xff, 0xff, 0xff,
    0xc0, 0x0, 0x1, 0xf9, 0xce, 0x55, 0x54, 0x0,
    0x0, 0x8f, 0xa, 0xe0, 0x0, 0x0, 0x0, 0xe,
    0x80, 0xae, 0x11, 0x10, 0x0, 0x7, 0xf1, 0xa,
    0xff, 0xff, 0x80, 0x0, 0xeb, 0x11, 0xae, 0x44,
    0x42, 0x0, 0x6f, 0xff, 0xff, 0xe0, 0x0, 0x0,
    0xd, 0xc4, 0x44, 0xbe, 0x0, 0x0, 0x5, 0xf4,
    0x0, 0xa, 0xe5, 0x55, 0x40, 0xcc, 0x0, 0x0,
    0xaf, 0xff, 0xfc,

    /* U+01FD "ǽ" */
    0x0, 0x0, 0x0, 0x9f, 0x20, 0x0, 0x0, 0x0,
    0x4, 0xe3, 0x0, 0x0, 0x0, 0x0, 0x2, 0x10,
    0x0, 0x0, 0x4, 0xce, 0xf9, 0x3c, 0xfd, 0x50,
    0x4, 0x74, 0x5f, 0xf9, 0x39, 0xf3, 0x0, 0x0,
    0xb, 0xe0, 0x0, 0xe8, 0x4, 0xbe, 0xff, 0xff,
    0xff, 0xfa, 0x2f, 0xb3, 0x2c, 0xd2, 0x22, 0x21,
    0x5f, 0x30, 0xd, 0xf1, 0x0, 0x0, 0x3f, 0x94,
    0xad, 0xec, 0x55, 0x83, 0x7, 0xef, 0xa1, 0x2b,
    0xff, 0xb2,

    /* U+01FE "Ǿ" */
    0x0, 0x0, 0x3, 0xf8, 0x0, 0x0, 0x0, 0x0,
    0xca, 0x0, 0x0, 0x0, 0x0, 0x27, 0x0, 0x0,
    0x0, 0x0, 0x0, 0x0, 0x4, 0x0, 0x0, 0x29,
    0xef, 0xd9, 0xe4, 0x0, 0x2e, 0xf8, 0x68, 0xff,
    0x10, 0xb, 0xf2, 0x0, 0x5e, 0xf9, 0x0, 0xfa,
    0x0, 0x2f, 0x4a, 0xf0, 0x2f, 0x70, 0xc, 0x80,
    0x8f, 0x12, 0xf7, 0x9, 0xc0, 0x8, 0xf1, 0xf,
    0xa4, 0xe1, 0x0, 0xaf, 0x0, 0xaf, 0xe5, 0x0,
    0x2f, 0xa0, 0x2, 0xff, 0x76, 0x8e, 0xe1, 0x0,
    0x5e, 0x9e, 0xfe, 0x91, 0x0, 0x0, 0x20, 0x0,
    0x0, 0x0, 0x0,

    /* U+01FF "ǿ" */
    0x0, 0x0, 0x9f, 0x30, 0x0, 0x4, 0xe3, 0x0,
    0x0, 0x2, 0x10, 0x10, 0x0, 0x9e, 0xfc, 0xe3,
    0x9, 0xf7, 0x5e, 0xf1, 0xf, 0x80, 0x5e, 0xf8,
    0x3f, 0x41, 0xe4, 0xcb, 0x3f, 0x4b, 0x90, 0xcb,
    0xf, 0xdd, 0x0, 0xf9, 0x8, 0xfa, 0x5b, 0xf2,
    0xa, 0xce, 0xfc, 0x40, 0x1, 0x0, 0x0, 0x0,

    /* U+0200 "Ȁ" */
    0x7, 0xf2, 0xe9, 0x0, 0x0, 0x0, 0xa9, 0x2e,
    0x20, 0x0, 0x0, 0x4, 0x2, 0x20, 0x0, 0x0,
    0x0, 0x0, 0x0, 0x0, 0x0, 0x6, 0xf8, 0x0,
    0x0, 0x0, 0xc, 0xee, 0x0, 0x0, 0x0, 0x2f,
    0x6f, 0x40, 0x0, 0x0, 0x8e, 0xc, 0xa0, 0x0,
    0x0, 0xe9, 0x7, 0xf1, 0x0, 0x4, 0xf5, 0x13,
    0xf7, 0x0, 0xa, 0xff, 0xff, 0xfd, 0x0, 0x1f,
    0xa4, 0x44, 0x8f, 0x30, 0x6f, 0x20, 0x0, 0x1f,
    0x90, 0xcc, 0x0, 0x0, 0xa, 0xe0,

    /* U+0201 "ȁ" */
    0x1e, 0x77, 0xf1, 0x0, 0x4e, 0x1a, 0x90, 0x0,
    0x22, 0x4, 0x0, 0x3b, 0xef, 0xb2, 0x3, 0x84,
    0x4e, 0xb0, 0x0, 0x0, 0x9e, 0x4, 0xbe, 0xff,
    0xe2, 0xfa, 0x10, 0x8e, 0x5f, 0x30, 0xb, 0xe3,
    0xf8, 0x16, 0xfe, 0x7, 0xef, 0xa5, 0xe0,

    /* U+0202 "Ȃ" */
    0x0, 0x1b, 0xfd, 0x30, 0x0, 0x0, 0x98, 0x36,
    0xb0, 0x0, 0x0, 0x10, 0x0, 0x10, 0x0, 0x0,
    0x6, 0xf8, 0x0, 0x0, 0x0, 0xc, 0xee, 0x0,
    0x0, 0x0, 0x2f, 0x6f, 0x40, 0x0, 0x0, 0x8e,
    0xc, 0xa0, 0x0, 0x0, 0xe9, 0x7, 0xf1, 0x0,
    0x4, 0xf5, 0x13, 0xf7, 0x0, 0xa, 0xff, 0xff,
    0xfd, 0x0, 0x1f, 0xa4, 0x44, 0x8f, 0x30, 0x6f,
    0x20, 0x0, 0x1f, 0x90, 0xcc, 0x0, 0x0, 0xa,
    0xe0,

    /* U+0203 "ȃ" */
    0x0, 0x6e, 0xe8, 0x0, 0x2d, 0x43, 0xc3, 0x0,
    0x10, 0x1, 0x0, 0x3b, 0xef, 0xb2, 0x3, 0x84,
    0x4e, 0xb0, 0x0, 0x0, 0x9e, 0x4, 0xbe, 0xff,
    0xe2, 0xfa, 0x10, 0x8e, 0x5f, 0x30, 0xb, 0xe3,
    0xf8, 0x16, 0xfe, 0x7, 0xef, 0xa5, 0xe0,

    /* U+0204 "Ȅ" */
    0xc, 0xb4, 0xf4, 0x0, 0x1e, 0x47, 0xc0, 0x0,
    0x13, 0x4, 0x10, 0x0, 0x0, 0x0, 0xa, 0xff,
    0xff, 0xf0, 0xae, 0x55, 0x55, 0xa, 0xd0, 0x0,
    0x0, 0xad, 0x11, 0x10, 0xa, 0xff, 0xff, 0xb0,
    0xae, 0x44, 0x42, 0xa, 0xd0, 0x0, 0x0, 0xad,
    0x0, 0x0, 0xa, 0xe5, 0x55, 0x50, 0xaf, 0xff,
    0xff,

    /* U+0205 "ȅ" */
    0x1e, 0x87, 0xf1, 0x0, 0x3, 0xe2, 0x99, 0x0,
    0x0, 0x22, 0x4, 0x0, 0x0, 0x8e, 0xeb, 0x20,
    0x9, 0xe5, 0x4c, 0xd0, 0x1f, 0x60, 0x3, 0xf3,
    0x3f, 0xff, 0xff, 0xf5, 0x3f, 0x72, 0x22, 0x20,
    0x1f, 0x90, 0x0, 0x0, 0x9, 0xf8, 0x45, 0x90,
    0x0, 0x8e, 0xfe, 0xa0,

    /* U+0206 "Ȇ" */
    0x4, 0xdf, 0xb0, 0xe, 0x53, 0xa7, 0x0, 0x0,
    0x0, 0xaf, 0xff, 0xff, 0xae, 0x55, 0x55, 0xad,
    0x0, 0x0, 0xad, 0x11, 0x10, 0xaf, 0xff, 0xfb,
    0xae, 0x44, 0x42, 0xad, 0x0, 0x0, 0xad, 0x0,
    0x0, 0xae, 0x55, 0x55, 0xaf, 0xff, 0xff,

    /* U+0207 "ȇ" */
    0x0, 0x6e, 0xe8, 0x0, 0x2, 0xd4, 0x3c, 0x30,
    0x0, 0x10, 0x1, 0x0, 0x0, 0x8e, 0xeb, 0x20,
    0x9, 0xe5, 0x4c, 0xd0, 0x1f, 0x60, 0x3, 0xf3,
    0x3f, 0xff, 0xff, 0xf5, 0x3f, 0x72, 0x22, 0x20,
    0x1f, 0x90, 0x0, 0x0, 0x9, 0xf8, 0x45, 0x90,
    0x0, 0x8e, 0xfe, 0xa0,

    /* U+0208 "Ȉ" */
    0x8e, 0x2e, 0x80, 0xb, 0x83, 0xe1, 0x0, 0x40,
    0x22, 0x0, 0x0, 0x0, 0x7, 0xff, 0xf6, 0x0,
    0x5f, 0x50, 0x0, 0x4f, 0x30, 0x0, 0x4f, 0x30,
    0x0, 0x4f, 0x30, 0x0, 0x4f, 0x30, 0x0, 0x4f,
    0x30, 0x0, 0x4f, 0x30, 0x0, 0x5f, 0x50, 0x7,
    0xff, 0xf6,

    /* U+0209 "ȉ" */
    0x2f, 0x69, 0xe0, 0x5, 0xd1, 0xc7, 0x0, 0x31,
    0x4, 0x0, 0xd, 0xa0, 0x0, 0xd, 0xa0, 0x0,
    0xd, 0xa0, 0x0, 0xd, 0xa0, 0x0, 0xd, 0xa0,
    0x0, 0xd, 0xa0, 0x0, 0xd, 0xa0, 0x0, 0xd,
    0xa0,

    /* U+020A "Ȋ" */
    0x2c, 0xfc, 0x2b, 0x73, 0x7a, 0x0, 0x0, 0x7,
    0xff, 0xf6, 0x5, 0xf5, 0x0, 0x4f, 0x30, 0x4,
    0xf3, 0x0, 0x4f, 0x30, 0x4, 0xf3, 0x0, 0x4f,
    0x30, 0x4, 0xf3, 0x0, 0x5f, 0x50, 0x7f, 0xff,
    0x60,

    /* U+020B "ȋ" */
    0x8, 0xee, 0x60, 0x4c, 0x34, 0xd1, 0x0, 0x0,
    0x0, 0x0, 0xda, 0x0, 0x0, 0xda, 0x0, 0x0,
    0xda, 0x0, 0x0, 0xda, 0x0, 0x0, 0xda, 0x0,
    0x0, 0xda, 0x0, 0x0, 0xda, 0x0, 0x0, 0xda,
    0x0,

    /* U+020C "Ȍ" */
    0x0, 0x8e, 0x2e, 0x80, 0x0, 0x0, 0x0, 0xb8,
    0x3e, 0x10, 0x0, 0x0, 0x0, 0x40, 0x22, 0x0,
    0x0, 0x0, 0x0, 0x0, 0x0, 0x0, 0x0, 0x29,
    0xef, 0xe9, 0x10, 0x0, 0x2e, 0xf8, 0x68, 0xfe,
    0x10, 0xb, 0xf2, 0x0, 0x2, 0xfa, 0x0, 0xfa,
    0x0, 0x0, 0xa, 0xf0, 0x2f, 0x70, 0x0, 0x0,
    0x8f, 0x12, 0xf7, 0x0, 0x0, 0x8, 0xf1, 0xf,
    0xa0, 0x0, 0x0, 0xaf, 0x0, 0xbf, 0x20, 0x0,
    0x2f, 0xa0, 0x2, 0xee, 0x86, 0x8e, 0xe1, 0x0,
    0x2, 0xae, 0xfe, 0x91, 0x0,

    /* U+020D "ȍ" */
    0xc, 0xc3, 0xf4, 0x0, 0x1, 0xd4, 0x6d, 0x0,
    0x0, 0x13, 0x3, 0x10, 0x0, 0x8e, 0xfc, 0x30,
    0x9, 0xf7, 0x5b, 0xf2, 0xf, 0x80, 0x0, 0xf9,
    0x3f, 0x50, 0x0, 0xcc, 0x3f, 0x50, 0x0, 0xcc,
    0xf, 0x80, 0x0, 0xf9, 0x9, 0xf7, 0x4b, 0xf2,
    0x0, 0x8e, 0xfc, 0x40,

    /* U+020E "Ȏ" */
    0x0, 0x1, 0xbf, 0xb1, 0x0, 0x0, 0x0, 0x89,
    0x38, 0x80, 0x0, 0x0, 0x8, 0x10, 0x18, 0x0,
    0x0, 0x0, 0x0, 0x0, 0x0, 0x0, 0x0, 0x29,
    0xef, 0xe9, 0x10, 0x0, 0x2e, 0xf8, 0x68, 0xfe,
    0x10, 0xb, 0xf2, 0x0, 0x2, 0xfa, 0x0, 0xfa,
    0x0, 0x0, 0xa, 0xf0, 0x2f, 0x70, 0x0, 0x0,
    0x8f, 0x12, 0xf7, 0x0, 0x0, 0x8, 0xf1, 0xf,
    0xa0, 0x0, 0x0, 0xaf, 0x0, 0xbf, 0x20, 0x0,
    0x2f, 0xa0, 0x2, 0xee, 0x86, 0x8e, 0xe1, 0x0,
    0x2, 0xae, 0xfe, 0x91, 0x0,

    /* U+020F "ȏ" */
    0x0, 0x3d, 0xfb, 0x0, 0x0, 0xd5, 0x39, 0x70,
    0x0, 0x10, 0x0, 0x10, 0x0, 0x8e, 0xfc, 0x30,
    0x9, 0xf7, 0x5b, 0xf2, 0xf, 0x80, 0x0, 0xf9,
    0x3f, 0x50, 0x0, 0xcc, 0x3f, 0x50, 0x0, 0xcc,
    0xf, 0x80, 0x0, 0xf9, 0x9, 0xf7, 0x4b, 0xf2,
    0x0, 0x8e, 0xfc, 0x40,

    /* U+0210 "Ȑ" */
    0x9d, 0x2f, 0x70, 0x0, 0xc, 0x74, 0xe1, 0x0,
    0x0, 0x40, 0x31, 0x0, 0x0, 0x0, 0x0, 0x0,
    0xbf, 0xff, 0xd7, 0x0, 0xbe, 0x55, 0xaf, 0x70,
    0xbd, 0x0, 0xc, 0xc0, 0xbd, 0x0, 0xc, 0xd0,
    0xbd, 0x1, 0x6f, 0x70, 0xbf, 0xff, 0xf7, 0x0,
    0xbd, 0x36, 0xf6, 0x0, 0xbd, 0x0, 0xaf, 0x10,
    0xbd, 0x0, 0x1e, 0xb0, 0xbd, 0x0, 0x6, 0xf5,

    /* U+0211 "ȑ" */
    0xad, 0x2f, 0x60, 0xc, 0x65, 0xe0, 0x0, 0x40,
    0x31, 0xd, 0x67, 0xea, 0xd, 0xdd, 0x74, 0xd,
    0xe1, 0x0, 0xd, 0xa0, 0x0, 0xd, 0xa0, 0x0,
    0xd, 0xa0, 0x0, 0xd, 0xa0, 0x0, 0xd, 0xa0,
    0x0,

    /* U+0212 "Ȓ" */
    0x2, 0xcf, 0xc1, 0x0, 0xc, 0x63, 0x89, 0x0,
    0x0, 0x0, 0x0, 0x0, 0xbf, 0xff, 0xd7, 0x0,
    0xbe, 0x55, 0xaf, 0x70, 0xbd, 0x0, 0xc, 0xc0,
    0xbd, 0x0, 0xc, 0xd0, 0xbd, 0x1, 0x6f, 0x70,
    0xbf, 0xff, 0xf7, 0x0, 0xbd, 0x36, 0xf6, 0x0,
    0xbd, 0x0, 0xaf, 0x10, 0xbd, 0x0, 0x1e, 0xb0,
    0xbd, 0x0, 0x6, 0xf5,

    /* U+0213 "ȓ" */
    0x2c, 0xfb, 0x1c, 0x63, 0x89, 0x10, 0x0, 0x1d,
    0x67, 0xea, 0xdd, 0xd7, 0x4d, 0xe1, 0x0, 0xda,
    0x0, 0xd, 0xa0, 0x0, 0xda, 0x0, 0xd, 0xa0,
    0x0, 0xda, 0x0, 0x0,

    /* U+0214 "Ȕ" */
    0xd, 0xa5, 0xf3, 0x0, 0x0, 0x2e, 0x38, 0xb0,
    0x0, 0x0, 0x23, 0x4, 0x0, 0x0, 0x0, 0x0,
    0x0, 0x0, 0xcc, 0x0, 0x0, 0x6f, 0x1c, 0xc0,
    0x0, 0x6, 0xf1, 0xcc, 0x0, 0x0, 0x6f, 0x1c,
    0xc0, 0x0, 0x6, 0xf1, 0xcc, 0x0, 0x0, 0x6f,
    0x1c, 0xc0, 0x0, 0x6, 0xf1, 0xbc, 0x0, 0x0,
    0x7f, 0x18, 0xf1, 0x0, 0xb, 0xe0, 0x2f, 0xd6,
    0x6a, 0xf7, 0x0, 0x2b, 0xef, 0xd6, 0x0,

    /* U+0215 "ȕ" */
    0xad, 0x2f, 0x60, 0x0, 0xc6, 0x5e, 0x0, 0x0,
    0x40, 0x31, 0xf, 0x90, 0x0, 0xda, 0xf9, 0x0,
    0xd, 0xaf, 0x90, 0x0, 0xda, 0xf9, 0x0, 0xd,
    0xaf, 0x90, 0x0, 0xea, 0xea, 0x0, 0x1f, 0xaa,
    0xf4, 0x3a, 0xfa, 0x1b, 0xfd, 0x8a, 0xa0,

    /* U+0216 "Ȗ" */
    0x0, 0x3d, 0xf9, 0x0, 0x0, 0xd, 0x64, 0xc4,
    0x0, 0x0, 0x60, 0x3, 0x30, 0x0, 0x0, 0x0,
    0x0, 0x0, 0xcc, 0x0, 0x0, 0x6f, 0x1c, 0xc0,
    0x0, 0x6, 0xf1, 0xcc, 0x0, 0x0, 0x6f, 0x1c,
    0xc0, 0x0, 0x6, 0xf1, 0xcc, 0x0, 0x0, 0x6f,
    0x1c, 0xc0, 0x0, 0x6, 0xf1, 0xbc, 0x0, 0x0,
    0x7f, 0x18, 0xf1, 0x0, 0xb, 0xe0, 0x2f, 0xd6,
    0x6a, 0xf7, 0x0, 0x2b, 0xef, 0xd6, 0x0,

    /* U+0217 "ȗ" */
    0x3, 0xcf, 0xc1, 0x0, 0xc6, 0x38, 0x90, 0x0,
    0x0, 0x0, 0xf, 0x90, 0x0, 0xda, 0xf9, 0x0,
    0xd, 0xaf, 0x90, 0x0, 0xda, 0xf9, 0x0, 0xd,
    0xaf, 0x90, 0x0, 0xea, 0xea, 0x0, 0x1f, 0xaa,
    0xf4, 0x3a, 0xfa, 0x1b, 0xfd, 0x8a, 0xa0,

    /* U+0218 "Ș" */
    0x2, 0xbe, 0xfc, 0x70, 0xe, 0xe6, 0x69, 0x70,
    0x2f, 0x60, 0x0, 0x0, 0xf, 0xb0, 0x0, 0x0,
    0x4, 0xfe, 0x81, 0x0, 0x0, 0x17, 0xef, 0x40,
    0x0, 0x0, 0xb, 0xe0, 0x0, 0x0, 0x8, 0xf0,
    0x4a, 0x75, 0x7f, 0xb0, 0x2b, 0xef, 0xe9, 0x0,
    0x0, 0x4, 0x30, 0x0, 0x0, 0xf, 0x50, 0x0,
    0x0, 0x3c, 0x0, 0x0,

    /* U+0219 "ș" */
    0x6, 0xdf, 0xe9, 0x2, 0xf8, 0x35, 0x70, 0x3f,
    0x60, 0x0, 0x0, 0x9f, 0xd5, 0x0, 0x0, 0x3a,
    0xfb, 0x0, 0x0, 0x6, 0xf2, 0x38, 0x43, 0xaf,
    0x2, 0xcf, 0xfc, 0x40, 0x0, 0x5, 0x10, 0x0,
    0x3, 0xf1, 0x0, 0x0, 0x78, 0x0, 0x0,

    /* U+021A "Ț" */
    0xdf, 0xff, 0xff, 0xfb, 0x45, 0x5e, 0xc5, 0x53,
    0x0, 0xd, 0xb0, 0x0, 0x0, 0xd, 0xb0, 0x0,
    0x0, 0xd, 0xb0, 0x0, 0x0, 0xd, 0xb0, 0x0,
    0x0, 0xd, 0xb0, 0x0, 0x0, 0xd, 0xb0, 0x0,
    0x0, 0xd, 0xb0, 0x0, 0x0, 0xd, 0xb0, 0x0,
    0x0, 0x2, 0x40, 0x0, 0x0, 0xa, 0xa0, 0x0,
    0x0, 0xe, 0x20, 0x0,

    /* U+021B "ț" */
    0x4, 0xc0, 0x0, 0x9, 0xc0, 0x0, 0x8f, 0xff,
    0xf0, 0x2c, 0xd3, 0x20, 0xb, 0xc0, 0x0, 0xb,
    0xc0, 0x0, 0xb, 0xc0, 0x0, 0xb, 0xc0, 0x0,
    0x9, 0xf5, 0x50, 0x1, 0xcf, 0xd0, 0x0, 0x15,
    0x0, 0x0, 0x7c, 0x0, 0x0, 0xc4, 0x0,

    /* U+021C "Ȝ" */
    0x7, 0xcf, 0xfc, 0x30, 0x3f, 0x95, 0x5d, 0xf1,
    0x0, 0x0, 0x4, 0xf4, 0x0, 0x0, 0x7, 0xf2,
    0x0, 0x4, 0xaf, 0x70, 0x0, 0xdf, 0xdf, 0x60,
    0x0, 0x20, 0x7, 0xf3, 0x0, 0x0, 0x0, 0xf7,
    0x0, 0x0, 0x2, 0xf7, 0x0, 0x0, 0x9, 0xf3,
    0x0, 0x3, 0xbf, 0x80, 0x28, 0xdf, 0xd5, 0x0,
    0x6e, 0xa4, 0x0, 0x0, 0x0, 0x0, 0x0, 0x0,

    /* U+021D "ȝ" */
    0x2a, 0xef, 0xc3, 0x1, 0xa5, 0x4c, 0xe0, 0x0,
    0x0, 0x6f, 0x10, 0x0, 0x1c, 0xd0, 0x1, 0x9e,
    0xf3, 0x0, 0x2a, 0x5d, 0xd0, 0x0, 0x0, 0x3f,
    0x40, 0x0, 0x3, 0xf4, 0x0, 0x0, 0xbe, 0x0,
    0x17, 0xef, 0x40, 0x9f, 0xe9, 0x10, 0x4, 0x30,
    0x0, 0x0,

    /* U+021E "Ȟ" */
    0x1, 0x71, 0x4, 0x50, 0x0, 0x6, 0xea, 0xd1,
    0x0, 0x0, 0x5, 0x82, 0x0, 0x0, 0x0, 0x0,
    0x0, 0x0, 0xad, 0x0, 0x0, 0x6f, 0x2a, 0xd0,
    0x0, 0x6, 0xf2, 0xad, 0x0, 0x0, 0x6f, 0x2a,
    0xd1, 0x11, 0x17, 0xf2, 0xaf, 0xff, 0xff, 0xff,
    0x2a, 0xe4, 0x44, 0x48, 0xf2, 0xad, 0x0, 0x0,
    0x6f, 0x2a, 0xd0, 0x0, 0x6, 0xf2, 0xad, 0x0,
    0x0, 0x6f, 0x2a, 0xd0, 0x0, 0x6, 0xf2,

    /* U+021F "ȟ" */
    0x45, 0x0, 0x63, 0x0, 0x1, 0xd8, 0xac, 0x0,
    0x0, 0x3, 0xff, 0x10, 0x0, 0x0, 0x0, 0x0,
    0x0, 0x0, 0x0, 0xda, 0x0, 0x0, 0x0, 0xd,
    0xa0, 0x0, 0x0, 0x0, 0xd9, 0x0, 0x0, 0x0,
    0xd, 0xa9, 0xfe, 0x90, 0x0, 0xdf, 0xa5, 0x8f,
    0x60, 0xd, 0xd0, 0x0, 0xda, 0x0, 0xda, 0x0,
    0xc, 0xb0, 0xd, 0xa0, 0x0, 0xcb, 0x0, 0xda,
    0x0, 0xc, 0xb0, 0xd, 0xa0, 0x0, 0xcb, 0x0,
    0xda, 0x0, 0xc, 0xb0,

    /* U+0220 "Ƞ" */
    0xa9, 0x3b, 0xfe, 0x91, 0xa, 0xee, 0x86, 0x8f,
    0xb0, 0xaf, 0x40, 0x0, 0x8f, 0x1a, 0xf0, 0x0,
    0x5, 0xf3, 0xad, 0x0, 0x0, 0x4f, 0x3a, 0xd0,
    0x0, 0x4, 0xf3, 0xad, 0x0, 0x0, 0x4f, 0x3a,
    0xd0, 0x0, 0x4, 0xf3, 0xad, 0x0, 0x0, 0x4f,
    0x3a, 0xd0, 0x0, 0x4, 0xf3, 0x0, 0x0, 0x0,
    0x4f, 0x30, 0x0, 0x0, 0x4, 0xf3, 0x0, 0x0,
    0x0, 0x4f, 0x30,

    /* U+0221 "ȡ" */
    0x0, 0x0, 0x0, 0xf8, 0x0, 0x0, 0x0, 0x0,
    0x0, 0xf, 0x80, 0x0, 0x0, 0x0, 0x0, 0x0,
    0xf8, 0x0, 0x0, 0x0, 0x1a, 0xfe, 0x5e, 0x80,
    0x0, 0x0, 0xa, 0xf7, 0x5c, 0xf8, 0x0, 0x0,
    0x1, 0xf8, 0x0, 0x2f, 0x80, 0x0, 0x0, 0x3f,
    0x50, 0x0, 0xf8, 0x0, 0x0, 0x3, 0xf4, 0x0,
    0xf, 0x80, 0x0, 0x0, 0x1f, 0x80, 0x1, 0xf8,
    0x7d, 0xe8, 0x0, 0xbf, 0x65, 0xce, 0xfe, 0x8b,
    0xf0, 0x1, 0xae, 0xe9, 0xf, 0xef, 0xd5, 0x0,
    0x0, 0x0, 0x1, 0xf2, 0x0, 0x0, 0x0, 0x0,
    0x0, 0x19, 0x0, 0x0, 0x0,

    /* U+0222 "Ȣ" */
    0xb, 0xd0, 0x0, 0x1f, 0x70, 0xae, 0x0, 0x2,
    0xf6, 0x5, 0xf8, 0x22, 0xbf, 0x20, 0x9, 0xff,
    0xff, 0x50, 0x8, 0xf9, 0x55, 0xbf, 0x41, 0xf9,
    0x0, 0x0, 0xdc, 0x2f, 0x70, 0x0, 0xb, 0xf0,
    0xfa, 0x0, 0x0, 0xed, 0x8, 0xfa, 0x67, 0xcf,
    0x50, 0x6, 0xdf, 0xeb, 0x40,

    /* U+0223 "ȣ" */
    0xd, 0xa0, 0x2, 0xf5, 0xd, 0xa0, 0x2, 0xf5,
    0xc, 0xb0, 0x4, 0xf4, 0x8, 0xf4, 0x1a, 0xf1,
    0x1, 0xdf, 0xff, 0x50, 0xb, 0xe6, 0x4a, 0xf2,
    0x2f, 0x60, 0x0, 0xea, 0x4f, 0x30, 0x0, 0xcc,
    0x3f, 0x60, 0x0, 0xea, 0xc, 0xe6, 0x5b, 0xf3,
    0x1, 0x9e, 0xfc, 0x40,

    /* U+0224 "Ȥ" */
    0x6f, 0xff, 0xff, 0xf6, 0x25, 0x55, 0x5c, 0xf2,
    0x0, 0x0, 0x3f, 0x70, 0x0, 0x0, 0xdc, 0x0,
    0x0, 0x8, 0xf2, 0x0, 0x0, 0x3f, 0x60, 0x0,
    0x0, 0xdb, 0x0, 0x0, 0x9, 0xf2, 0x0, 0x0,
    0x4f, 0xb5, 0x55, 0x53, 0x8f, 0xff, 0xff, 0xf9,
    0x0, 0x0, 0x0, 0xd9, 0x0, 0x0, 0x1, 0xe8,
    0x0, 0x0, 0x4f, 0xf2, 0x0, 0x0, 0x3, 0x10,

    /* U+0225 "ȥ" */
    0x4f, 0xff, 0xff, 0x0, 0x33, 0x3e, 0xc0, 0x0,
    0x7, 0xf2, 0x0, 0x2, 0xf7, 0x0, 0x0, 0xcc,
    0x0, 0x0, 0x7f, 0x20, 0x0, 0x2f, 0x93, 0x33,
    0x7, 0xff, 0xff, 0xf2, 0x0, 0x0, 0x2f, 0x20,
    0x0, 0x5, 0xf1, 0x0, 0x8, 0xfb, 0x0, 0x0,
    0x2, 0x0,

    /* U+0226 "Ȧ" */
    0x0, 0x2, 0xe4, 0x0, 0x0, 0x0, 0x1, 0xb3,
    0x0, 0x0, 0x0, 0x0, 0x0, 0x0, 0x0, 0x0,
    0x6, 0xf8, 0x0, 0x0, 0x0, 0xc, 0xee, 0x0,
    0x0, 0x0, 0x2f, 0x6f, 0x40, 0x0, 0x0, 0x8e,
    0xc, 0xa0, 0x0, 0x0, 0xe9, 0x7, 0xf1, 0x0,
    0x4, 0xf5, 0x13, 0xf7, 0x0, 0xa, 0xff, 0xff,
    0xfd, 0x0, 0x1f, 0xa4, 0x44, 0x8f, 0x30, 0x6f,
    0x20, 0x0, 0x1f, 0x90, 0xcc, 0x0, 0x0, 0xa,
    0xe0,

    /* U+0227 "ȧ" */
    0x0, 0xa, 0xb0, 0x0, 0x0, 0x77, 0x0, 0x0,
    0x0, 0x0, 0x0, 0x3b, 0xef, 0xb2, 0x3, 0x84,
    0x4e, 0xb0, 0x0, 0x0, 0x9e, 0x4, 0xbe, 0xff,
    0xe2, 0xfa, 0x10, 0x8e, 0x5f, 0x30, 0xb, 0xe3,
    0xf8, 0x16, 0xfe, 0x7, 0xef, 0xa5, 0xe0,

    /* U+0228 "Ȩ" */
    0xaf, 0xff, 0xff, 0xae, 0x55, 0x55, 0xad, 0x11,
    0x10, 0xaf, 0xff, 0xfb, 0xae, 0x44, 0x42, 0xad,
    0x0, 0x0, 0xad, 0x0, 0x0, 0xad, 0x0, 0x0,
    0xae, 0x55, 0x55, 0xaf, 0xff, 0xff, 0x0, 0x4d,
    0x10, 0x0, 0x8, 0xc0, 0x0, 0xee, 0x60,

    /* U+0229 "ȩ" */
    0x0, 0x8e, 0xeb, 0x20, 0x9, 0xe5, 0x4c, 0xd0,
    0x1f, 0x60, 0x3, 0xf3, 0x3f, 0xff, 0xff, 0xf5,
    0x3f, 0x72, 0x22, 0x20, 0x1f, 0x90, 0x0, 0x0,
    0x9, 0xf8, 0x45, 0x90, 0x0, 0x8e, 0xfe, 0xa0,
    0x0, 0x6, 0xc1, 0x0, 0x0, 0x0, 0x9a, 0x0,
    0x0, 0x2e, 0xe5, 0x0,

    /* U+022A "Ȫ" */
    0x0, 0xa, 0xff, 0xf9, 0x0, 0x0, 0x0, 0x12,
    0x22, 0x10, 0x0, 0x0, 0x6, 0xb0, 0xb6, 0x0,
    0x0, 0x0, 0x25, 0x5, 0x20, 0x0, 0x0, 0x0,
    0x0, 0x0, 0x0, 0x0, 0x2, 0x9e, 0xfe, 0x91,
    0x0, 0x2, 0xef, 0x86, 0x8f, 0xe1, 0x0, 0xbf,
    0x20, 0x0, 0x2f, 0xa0, 0xf, 0xa0, 0x0, 0x0,
    0xaf, 0x2, 0xf7, 0x0, 0x0, 0x8, 0xf1, 0x2f,
    0x70, 0x0, 0x0, 0x8f, 0x10, 0xfa, 0x0, 0x0,
    0xa, 0xf0, 0xb, 0xf2, 0x0, 0x2, 0xfa, 0x0,
    0x2e, 0xe8, 0x68, 0xee, 0x10, 0x0, 0x2a, 0xef,
    0xe9, 0x10, 0x0,

    /* U+022B "ȫ" */
    0x0, 0xdf, 0xff, 0x60, 0x0, 0x22, 0x22, 0x10,
    0x0, 0xa8, 0xe, 0x30, 0x0, 0x43, 0x7, 0x10,
    0x0, 0x8e, 0xfc, 0x30, 0x9, 0xf7, 0x5b, 0xf2,
    0xf, 0x80, 0x0, 0xf9, 0x3f, 0x50, 0x0, 0xcc,
    0x3f, 0x50, 0x0, 0xcc, 0xf, 0x80, 0x0, 0xf9,
    0x9, 0xf7, 0x4b, 0xf2, 0x0, 0x8e, 0xfc, 0x40,

    /* U+022C "Ȭ" */
    0x0, 0xa, 0xff, 0xf9, 0x0, 0x0, 0x0, 0x12,
    0x22, 0x10, 0x0, 0x0, 0x9, 0xff, 0xf8, 0x0,
    0x0, 0x0, 0x0, 0x0, 0x0, 0x0, 0x0, 0x0,
    0x0, 0x0, 0x0, 0x0, 0x2, 0x9e, 0xfe, 0x91,
    0x0, 0x2, 0xef, 0x86, 0x8f, 0xe1, 0x0, 0xbf,
    0x20, 0x0, 0x2f, 0xa0, 0xf, 0xa0, 0x0, 0x0,
    0xaf, 0x2, 0xf7, 0x0, 0x0, 0x8, 0xf1, 0x2f,
    0x70, 0x0, 0x0, 0x8f, 0x10, 0xfa, 0x0, 0x0,
    0xa, 0xf0, 0xb, 0xf2, 0x0, 0x2, 0xfa, 0x0,
    0x2e, 0xe8, 0x68, 0xee, 0x10, 0x0, 0x2a, 0xef,
    0xe9, 0x10, 0x0,

    /* U+022D "ȭ" */
    0x0, 0xdf, 0xff, 0x60, 0x0, 0x22, 0x22, 0x10,
    0x0, 0xcf, 0xfe, 0x50, 0x0, 0x0, 0x0, 0x0,
    0x0, 0x8e, 0xfc, 0x30, 0x9, 0xf7, 0x5b, 0xf2,
    0xf, 0x80, 0x0, 0xf9, 0x3f, 0x50, 0x0, 0xcc,
    0x3f, 0x50, 0x0, 0xcc, 0xf, 0x80, 0x0, 0xf9,
    0x9, 0xf7, 0x4b, 0xf2, 0x0, 0x8e, 0xfc, 0x40,

    /* U+022E "Ȯ" */
    0x0, 0x0, 0x2b, 0x20, 0x0, 0x0, 0x0, 0x3,
    0xe3, 0x0, 0x0, 0x0, 0x0, 0x0, 0x0, 0x0,
    0x0, 0x0, 0x0, 0x0, 0x0, 0x0, 0x0, 0x29,
    0xef, 0xe9, 0x10, 0x0, 0x2e, 0xf8, 0x68, 0xfe,
    0x10, 0xb, 0xf2, 0x0, 0x2, 0xfa, 0x0, 0xfa,
    0x0, 0x0, 0xa, 0xf0, 0x2f, 0x70, 0x0, 0x0,
    0x8f, 0x12, 0xf7, 0x0, 0x0, 0x8, 0xf1, 0xf,
    0xa0, 0x0, 0x0, 0xaf, 0x0, 0xbf, 0x20, 0x0,
    0x2f, 0xa0, 0x2, 0xee, 0x86, 0x8e, 0xe1, 0x0,
    0x2, 0xae, 0xfe, 0x91, 0x0,

    /* U+022F "ȯ" */
    0x0, 0x6, 0xe1, 0x0, 0x0, 0x4, 0xa0, 0x0,
    0x0, 0x0, 0x0, 0x0, 0x0, 0x8e, 0xfc, 0x30,
    0x9, 0xf7, 0x5b, 0xf2, 0xf, 0x80, 0x0, 0xf9,
    0x3f, 0x50, 0x0, 0xcc, 0x3f, 0x50, 0x0, 0xcc,
    0xf, 0x80, 0x0, 0xf9, 0x9, 0xf7, 0x4b, 0xf2,
    0x0, 0x8e, 0xfc, 0x40,

    /* U+0230 "Ȱ" */
    0x0, 0xa, 0xff, 0xf9, 0x0, 0x0, 0x0, 0x12,
    0x22, 0x10, 0x0, 0x0, 0x0, 0x2e, 0x20, 0x0,
    0x0, 0x0, 0x1, 0x91, 0x0, 0x0, 0x0, 0x0,
    0x0, 0x0, 0x0, 0x0, 0x2, 0x9e, 0xfe, 0x91,
    0x0, 0x2, 0xef, 0x86, 0x8f, 0xe1, 0x0, 0xbf,
    0x20, 0x0, 0x2f, 0xa0, 0xf, 0xa0, 0x0, 0x0,
    0xaf, 0x2, 0xf7, 0x0, 0x0, 0x8, 0xf1, 0x2f,
    0x70, 0x0, 0x0, 0x8f, 0x10, 0xfa, 0x0, 0x0,
    0xa, 0xf0, 0xb, 0xf2, 0x0, 0x2, 0xfa, 0x0,
    0x2e, 0xe8, 0x68, 0xee, 0x10, 0x0, 0x2a, 0xef,
    0xe9, 0x10, 0x0,

    /* U+0231 "ȱ" */
    0x0, 0xdf, 0xff, 0x60, 0x0, 0x22, 0x22, 0x10,
    0x0, 0x5, 0xd0, 0x0, 0x0, 0x3, 0x80, 0x0,
    0x0, 0x8e, 0xfc, 0x30, 0x9, 0xf7, 0x5b, 0xf2,
    0xf, 0x80, 0x0, 0xf9, 0x3f, 0x50, 0x0, 0xcc,
    0x3f, 0x50, 0x0, 0xcc, 0xf, 0x80, 0x0, 0xf9,
    0x9, 0xf7, 0x4b, 0xf2, 0x0, 0x8e, 0xfc, 0x40,

    /* U+0232 "Ȳ" */
    0x0, 0xff, 0xff, 0x30, 0x0, 0x2, 0x22, 0x20,
    0x0, 0x0, 0x0, 0x0, 0x0, 0xb, 0xe0, 0x0,
    0xb, 0xd0, 0x3f, 0x60, 0x3, 0xf5, 0x0, 0xae,
    0x0, 0xbc, 0x0, 0x2, 0xf6, 0x3f, 0x40, 0x0,
    0x9, 0xdb, 0xb0, 0x0, 0x0, 0x1f, 0xf3, 0x0,
    0x0, 0x0, 0xbd, 0x0, 0x0, 0x0, 0xb, 0xd0,
    0x0, 0x0, 0x0, 0xbd, 0x0, 0x0, 0x0, 0xb,
    0xd0, 0x0, 0x0,

    /* U+0233 "ȳ" */
    0x7, 0xff, 0xfd, 0x0, 0x1, 0x22, 0x22, 0x0,
    0x0, 0x0, 0x0, 0x0, 0xcc, 0x0, 0x5, 0xf3,
    0x6f, 0x20, 0xb, 0xd0, 0xf, 0x70, 0x1f, 0x70,
    0x9, 0xd0, 0x6f, 0x10, 0x3, 0xf3, 0xbb, 0x0,
    0x0, 0xc9, 0xf5, 0x0, 0x0, 0x6f, 0xe0, 0x0,
    0x0, 0x1f, 0x90, 0x0, 0x0, 0x5f, 0x30, 0x0,
    0x35, 0xeb, 0x0, 0x0, 0xbf, 0xb1, 0x0, 0x0,

    /* U+0234 "ȴ" */
    0xd, 0xa0, 0x0, 0xd, 0xa0, 0x0, 0xd, 0xa0,
    0x0, 0xd, 0xa0, 0x0, 0xd, 0xa0, 0x0, 0xd,
    0xa0, 0x0, 0xd, 0xa0, 0x0, 0xd, 0xee, 0xb0,
    0xd, 0xd3, 0xe5, 0x2f, 0xe2, 0xe5, 0x9a, 0xcf,
    0xb0, 0x11, 0x0, 0x0,

    /* U+0235 "ȵ" */
    0xd8, 0xae, 0xe9, 0x0, 0x0, 0xdf, 0x83, 0x7f,
    0x60, 0x0, 0xdd, 0x0, 0xe, 0x90, 0x0, 0xdb,
    0x0, 0xd, 0xa0, 0x0, 0xda, 0x0, 0xd, 0xee,
    0xb0, 0xda, 0x0, 0xd, 0xc3, 0xe6, 0xda, 0x0,
    0x2f, 0xd0, 0xe6, 0xda, 0x0, 0x9b, 0xcf, 0xb0,
    0x0, 0x0, 0x22, 0x0, 0x0,

    /* U+0236 "ȶ" */
    0x4, 0xc0, 0x0, 0x9, 0xc0, 0x0, 0x8f, 0xff,
    0xf0, 0x2c, 0xd3, 0x30, 0xb, 0xc0, 0x0, 0xb,
    0xc0, 0x0, 0xb, 0xfe, 0xc1, 0xa, 0xe3, 0xd8,
    0x1f, 0xf3, 0xc8, 0x7b, 0xbf, 0xc1, 0x1, 0x0,
    0x0,

    /* U+0237 "ȷ" */
    0x0, 0xda, 0x0, 0xda, 0x0, 0xda, 0x0, 0xda,
    0x0, 0xda, 0x0, 0xda, 0x0, 0xda, 0x0, 0xda,
    0x0, 0xd9, 0x36, 0xf7, 0xaf, 0xb1,

    /* U+0238 "ȸ" */
    0x0, 0x0, 0x0, 0xf8, 0x0, 0x0, 0x0, 0x0,
    0x0, 0xf, 0x80, 0x0, 0x0, 0x0, 0x0, 0x0,
    0xf8, 0x0, 0x0, 0x0, 0x1b, 0xfe, 0x5e, 0x8a,
    0xfe, 0x60, 0xa, 0xf6, 0x5c, 0xff, 0x85, 0xaf,
    0x41, 0xf8, 0x0, 0x2f, 0xb0, 0x0, 0xea, 0x3f,
    0x50, 0x0, 0xf9, 0x0, 0xc, 0xc3, 0xf5, 0x0,
    0xf, 0x90, 0x0, 0xcd, 0x1f, 0x80, 0x3, 0xfc,
    0x0, 0xe, 0xa0, 0xaf, 0x75, 0xdb, 0xf9, 0x5a,
    0xf4, 0x0, 0x9e, 0xfa, 0x4, 0xdf, 0xc4, 0x0,

    /* U+0239 "ȹ" */
    0x0, 0x9e, 0xfa, 0x14, 0xdf, 0xd5, 0x0, 0x9f,
    0x75, 0xdc, 0xf9, 0x5b, 0xf3, 0x1f, 0x80, 0x3,
    0xfc, 0x0, 0xe, 0xa3, 0xf5, 0x0, 0xf, 0x90,
    0x0, 0xcc, 0x3f, 0x40, 0x0, 0xf9, 0x0, 0xc,
    0xc1, 0xf8, 0x0, 0x2f, 0xc0, 0x0, 0xea, 0xb,
    0xf6, 0x5c, 0xff, 0x85, 0xbf, 0x40, 0x1a, 0xfe,
    0x5e, 0x8a, 0xfd, 0x60, 0x0, 0x0, 0x0, 0xf8,
    0x0, 0x0, 0x0, 0x0, 0x0, 0xf, 0x80, 0x0,
    0x0, 0x0, 0x0, 0x0, 0xf8, 0x0, 0x0, 0x0,

    /* U+023A "Ⱥ" */
    0x0, 0x0, 0x0, 0xf1, 0x0, 0x0, 0x6, 0xfc,
    0xc0, 0x0, 0x0, 0xc, 0xef, 0x70, 0x0, 0x0,
    0x2f, 0x6f, 0x50, 0x0, 0x0, 0x8e, 0x4f, 0xb0,
    0x0, 0x0, 0xe9, 0x9d, 0xf1, 0x0, 0x4, 0xf5,
    0xe5, 0xf7, 0x0, 0xa, 0xff, 0xff, 0xfd, 0x0,
    0x1f, 0xac, 0x94, 0x8f, 0x30, 0x6f, 0x3f, 0x10,
    0x1f, 0x90, 0xcc, 0x5b, 0x0, 0xa, 0xe0, 0x0,
    0xb5, 0x0, 0x0, 0x0,

    /* U+023B "Ȼ" */
    0x0, 0x0, 0x0, 0x4c, 0x0, 0x1, 0x8d, 0xff,
    0xd2, 0x1, 0xdf, 0x96, 0xfc, 0x10, 0x9f, 0x30,
    0x3d, 0x0, 0xf, 0xa0, 0x9, 0x70, 0x1, 0xf7,
    0x0, 0xe2, 0x0, 0x1f, 0x70, 0x5c, 0x0, 0x0,
    0xfa, 0xa, 0x60, 0x0, 0xa, 0xf3, 0xf0, 0x0,
    0x0, 0x2e, 0xfd, 0x56, 0x90, 0x0, 0x1e, 0xef,
    0xeb, 0x0, 0x1, 0xf0, 0x0, 0x0,

    /* U+023C "ȼ" */
    0x0, 0x0, 0x5, 0xb0, 0x0, 0x0, 0xb5, 0x0,
    0x0, 0x1e, 0x0, 0x8, 0xef, 0xf3, 0x9, 0xf8,
    0xea, 0x11, 0xf8, 0x1e, 0x0, 0x3f, 0x57, 0x90,
    0x3, 0xf5, 0xd4, 0x0, 0x1f, 0xbe, 0x0, 0x0,
    0xaf, 0xc5, 0x83, 0x0, 0xfe, 0xfc, 0x20, 0x3e,
    0x0, 0x0, 0x8, 0x80, 0x0, 0x0, 0xd3, 0x0,
    0x0,

    /* U+023D "Ƚ" */
    0xb, 0xd0, 0x0, 0x0, 0xb, 0xd0, 0x0, 0x0,
    0xb, 0xd0, 0x0, 0x0, 0xb, 0xd0, 0x0, 0x0,
    0xcf, 0xff, 0xf0, 0x0, 0x2c, 0xd3, 0x30, 0x0,
    0xb, 0xd0, 0x0, 0x0, 0xb, 0xd0, 0x0, 0x0,
    0xb, 0xe6, 0x66, 0x60, 0xb, 0xff, 0xff, 0xf1,

    /* U+023E "Ⱦ" */
    0x0, 0x0, 0x0, 0xa6, 0xdf, 0xff, 0xff, 0xfb,
    0x45, 0x5e, 0xcb, 0xa3, 0x0, 0xd, 0xbe, 0x10,
    0x0, 0xd, 0xf9, 0x0, 0x0, 0xd, 0xf1, 0x0,
    0x0, 0xd, 0xb0, 0x0, 0x0, 0xe, 0xb0, 0x0,
    0x0, 0x6f, 0xb0, 0x0, 0x0, 0xdf, 0xb0, 0x0,
    0x6, 0xad, 0xb0, 0x0, 0xd, 0x30, 0x0, 0x0,

    /* U+023F "ȿ" */
    0x6, 0xdf, 0xe9, 0x2, 0xf8, 0x36, 0x70, 0x3f,
    0x60, 0x0, 0x0, 0x9f, 0xc5, 0x0, 0x0, 0x3a,
    0xfb, 0x0, 0x0, 0x7, 0xf2, 0x37, 0x33, 0xaf,
    0x2, 0xdf, 0xfd, 0x40, 0x0, 0xda, 0x0, 0x0,
    0x5, 0xf7, 0x40, 0x0, 0x9, 0xff, 0x10,

    /* U+0240 "ɀ" */
    0x4f, 0xff, 0xff, 0x0, 0x33, 0x3e, 0xc0, 0x0,
    0x7, 0xf2, 0x0, 0x2, 0xf6, 0x0, 0x0, 0xdc,
    0x0, 0x0, 0x8f, 0x20, 0x0, 0x3f, 0x70, 0x0,
    0x8, 0xff, 0x60, 0x0, 0x0, 0xaf, 0x10, 0x0,
    0x1, 0xfb, 0x52, 0x0, 0x5, 0xef, 0x70,

    /* U+0241 "Ɂ" */
    0x6c, 0xfe, 0x90, 0xa9, 0x68, 0xfa, 0x0, 0x0,
    0xbe, 0x0, 0x0, 0xcd, 0x0, 0x7, 0xf6, 0x2,
    0xcf, 0x80, 0x4, 0xf5, 0x0, 0x4, 0xf4, 0x0,
    0x4, 0xf4, 0x0, 0x4, 0xf4, 0x0,

    /* U+0242 "ɂ" */
    0x5c, 0xfe, 0x80, 0x89, 0x58, 0xf7, 0x0, 0x0,
    0xcc, 0x0, 0x0, 0xdb, 0x0, 0x5, 0xf6, 0x1,
    0x8f, 0xb0, 0x4, 0xf8, 0x0, 0x4, 0xf3, 0x0,

    /* U+0243 "Ƀ" */
    0xb, 0xff, 0xfe, 0xa2, 0x0, 0xbe, 0x45, 0x7e,
    0xe0, 0xb, 0xd0, 0x0, 0x8f, 0x0, 0xbd, 0x0,
    0x2c, 0xc0, 0xb, 0xff, 0xff, 0xc1, 0x0, 0xbd,
    0x33, 0x5d, 0xd0, 0xcf, 0xff, 0xc0, 0x4f, 0x52,
    0xcd, 0x32, 0x5, 0xf5, 0xb, 0xe4, 0x46, 0xee,
    0x10, 0xbf, 0xff, 0xeb, 0x20,

    /* U+0244 "Ʉ" */
    0xc, 0xc0, 0x0, 0x6, 0xf1, 0x0, 0xcc, 0x0,
    0x0, 0x6f, 0x10, 0xc, 0xc0, 0x0, 0x6, 0xf1,
    0x0, 0xcc, 0x11, 0x11, 0x7f, 0x20, 0xef, 0xff,
    0xff, 0xff, 0xff, 0x33, 0xdd, 0x44, 0x44, 0x8f,
    0x50, 0xb, 0xc0, 0x0, 0x6, 0xf1, 0x0, 0x9f,
    0x10, 0x0, 0xae, 0x0, 0x2, 0xfd, 0x66, 0xaf,
    0x70, 0x0, 0x3, 0xbe, 0xfd, 0x60, 0x0,

    /* U+0245 "Ʌ" */
    0x0, 0x9, 0xf5, 0x0, 0x0, 0x0, 0xee, 0xb0,
    0x0, 0x0, 0x4f, 0x6f, 0x10, 0x0, 0xa, 0xc0,
    0xf6, 0x0, 0x0, 0xf6, 0xa, 0xc0, 0x0, 0x6f,
    0x10, 0x5f, 0x20, 0xb, 0xc0, 0x0, 0xf8, 0x1,
    0xf6, 0x0, 0xa, 0xd0, 0x7f, 0x10, 0x0, 0x5f,
    0x3d, 0xb0, 0x0, 0x0, 0xf9,

    /* U+0246 "Ɇ" */
    0x0, 0x0, 0x97, 0xaf, 0xff, 0xff, 0xae, 0x56,
    0xf5, 0xad, 0x5, 0xb0, 0xad, 0x1a, 0x70, 0xaf,
    0xff, 0xfb, 0xae, 0x5e, 0x42, 0xad, 0x5a, 0x0,
    0xad, 0x96, 0x0, 0xae, 0xe8, 0x55, 0xaf, 0xff,
    0xff, 0x5, 0xb0, 0x0, 0x0, 0x0, 0x0,

    /* U+0247 "ɇ" */
    0x0, 0x0, 0x0, 0x10, 0x0, 0x8e, 0xfb, 0xe2,
    0x9, 0xe5, 0x4f, 0xd0, 0x1f, 0x60, 0x8d, 0xf3,
    0x3f, 0xff, 0xff, 0xf5, 0x3f, 0x8f, 0x62, 0x20,
    0xf, 0xeb, 0x0, 0x0, 0x9, 0xf9, 0x45, 0x90,
    0xd, 0xae, 0xfe, 0xa0, 0x3, 0x0, 0x0, 0x0,

    /* U+0248 "Ɉ" */
    0x0, 0xb, 0xc0, 0x0, 0xb, 0xc0, 0x0, 0xb,
    0xc0, 0x0, 0xb, 0xc0, 0x0, 0x1b, 0xd1, 0x0,
    0xef, 0xff, 0x0, 0x3c, 0xd4, 0x0, 0xb, 0xc0,
    0x0, 0xb, 0xc0, 0x0, 0xb, 0xc0, 0x0, 0xb,
    0xc0, 0x2, 0x4f, 0x90, 0x1f, 0xfd, 0x10, 0x3,
    0x30, 0x0,

    /* U+0249 "ɉ" */
    0x0, 0xc9, 0x0, 0x8, 0x60, 0x0, 0x0, 0x0,
    0xd, 0xa0, 0x0, 0xda, 0x0, 0xd, 0xa0, 0xe,
    0xff, 0xb0, 0x2d, 0xb1, 0x0, 0xda, 0x0, 0xd,
    0xa0, 0x0, 0xda, 0x0, 0xd, 0xa0, 0x46, 0xf8,
    0xb, 0xfb, 0x10,

    /* U+024A "Ɋ" */
    0x0, 0x3b, 0xff, 0xa2, 0xe7, 0x0, 0x2f, 0xe7,
    0x69, 0xef, 0x70, 0xb, 0xf2, 0x0, 0x6, 0xf7,
    0x0, 0xfa, 0x0, 0x0, 0x2f, 0x70, 0x1f, 0x70,
    0x0, 0x1, 0xf7, 0x1, 0xf7, 0x0, 0x0, 0x1f,
    0x70, 0xf, 0xa0, 0x0, 0x2, 0xf7, 0x0, 0xbf,
    0x10, 0x0, 0x7f, 0x70, 0x2, 0xfe, 0x76, 0x9e,
    0xf7, 0x0, 0x3, 0xbf, 0xfb, 0x3f, 0x70, 0x0,
    0x0, 0x0, 0x0, 0xf7, 0x0, 0x0, 0x0, 0x0,
    0xf, 0xc6, 0x0, 0x0, 0x0, 0x0, 0x6e, 0xe0,

    /* U+024B "ɋ" */
    0x1, 0xaf, 0xe5, 0xc8, 0x0, 0xaf, 0x75, 0xcf,
    0x80, 0x1f, 0x80, 0x2, 0xf8, 0x3, 0xf5, 0x0,
    0xf, 0x80, 0x3f, 0x40, 0x0, 0xe8, 0x1, 0xf8,
    0x0, 0x1f, 0x80, 0xb, 0xf6, 0x5c, 0xf8, 0x0,
    0x1a, 0xfe, 0x5f, 0x80, 0x0, 0x0, 0x0, 0xf8,
    0x0, 0x0, 0x0, 0xd, 0xc4, 0x0, 0x0, 0x0,
    0x5e, 0xd0,

    /* U+024C "Ɍ" */
    0xb, 0xff, 0xfd, 0x70, 0x0, 0xbe, 0x55, 0xaf,
    0x70, 0xb, 0xd0, 0x0, 0xcc, 0x0, 0xbd, 0x0,
    0xc, 0xd0, 0xb, 0xd1, 0x16, 0xf7, 0xd, 0xff,
    0xff, 0xf7, 0x0, 0x3c, 0xd4, 0x6f, 0x60, 0x0,
    0xbd, 0x0, 0xae, 0x10, 0xb, 0xd0, 0x1, 0xeb,
    0x0, 0xbd, 0x0, 0x6, 0xf5,

    /* U+024D "ɍ" */
    0x0, 0x0, 0x0, 0xd, 0x67, 0xfa, 0xd, 0xeb,
    0x53, 0xd, 0xd0, 0x0, 0xef, 0xff, 0x50, 0x2e,
    0xb2, 0x0, 0xd, 0xa0, 0x0, 0xd, 0xa0, 0x0,
    0xd, 0xa0, 0x0,

    /* U+024E "Ɏ" */
    0x9e, 0x20, 0x1, 0xdb, 0xe, 0xff, 0xff, 0xff,
    0xf1, 0x36, 0xf7, 0x5f, 0x83, 0x0, 0xd, 0xc9,
    0xe0, 0x0, 0x0, 0x5f, 0xf7, 0x0, 0x0, 0x0,
    0xdf, 0x0, 0x0, 0x0, 0xb, 0xd0, 0x0, 0x0,
    0x0, 0xbd, 0x0, 0x0, 0x0, 0xb, 0xd0, 0x0,
    0x0, 0x0, 0xbd, 0x0, 0x0,

    /* U+024F "ɏ" */
    0xbc, 0x0, 0x6, 0xf2, 0x4f, 0x40, 0xd, 0xb0,
    0xdf, 0xff, 0xff, 0xf4, 0x28, 0xf3, 0xae, 0x20,
    0x1, 0xf5, 0xd9, 0x0, 0x0, 0xbc, 0xf3, 0x0,
    0x0, 0x5f, 0xd0, 0x0, 0x0, 0x1f, 0x80, 0x0,
    0x0, 0x6f, 0x20, 0x0, 0x35, 0xea, 0x0, 0x0,
    0xbf, 0xb1, 0x0, 0x0,

    /* U+0370 "Ͱ" */
    0xbd, 0x0, 0xb, 0xd0, 0x0, 0xbd, 0x0, 0xb,
    0xd1, 0x10, 0xbf, 0xff, 0xcb, 0xd4, 0x43, 0xbd,
    0x0, 0xb, 0xd0, 0x0, 0xbd, 0x0, 0xb, 0xd0,
    0x0,

    /* U+0371 "ͱ" */
    0xda, 0x0, 0xd, 0xa0, 0x0, 0xda, 0x0, 0xd,
    0xff, 0xf1, 0xdb, 0x33, 0xd, 0xa0, 0x0, 0xda,
    0x0, 0xd, 0xa0, 0x0,

    /* U+0372 "Ͳ" */
    0x2f, 0xff, 0xff, 0xff, 0xd2, 0xf6, 0x5f, 0xb5,
    0xad, 0x2f, 0x10, 0xe9, 0x7, 0xd2, 0xf1, 0xe,
    0x90, 0x7d, 0x1a, 0x10, 0xe9, 0x4, 0x80, 0x0,
    0xe, 0x90, 0x0, 0x0, 0x0, 0xe9, 0x0, 0x0,
    0x0, 0xe, 0x90, 0x0, 0x0, 0x0, 0xe9, 0x0,
    0x0, 0x0, 0xe, 0x90, 0x0,

    /* U+0373 "ͳ" */
    0xdf, 0xff, 0xff, 0xf2, 0xd9, 0x4f, 0x85, 0xf2,
    0xd7, 0x1f, 0x61, 0xf2, 0x73, 0x1f, 0x60, 0x81,
    0x0, 0x1f, 0x60, 0x0, 0x0, 0x1f, 0x60, 0x0,
    0x0, 0x1f, 0x60, 0x0, 0x0, 0x1f, 0x60, 0x0,
    0x0, 0x1f, 0x60, 0x0, 0x0, 0x1f, 0x60, 0x0,
    0x0, 0x1f, 0x60, 0x0,

    /* U+0374 "ʹ" */
    0xe, 0xc2, 0xf3, 0x49, 0x0,

    /* U+0375 "͵" */
    0x1, 0xb0, 0x9, 0xd0, 0x1f, 0x90,

    /* U+0376 "Ͷ" */
    0xab, 0x0, 0x0, 0x6f, 0xaa, 0xb0, 0x0, 0x1e,
    0xea, 0xab, 0x0, 0xa, 0xba, 0xaa, 0xb0, 0x4,
    0xf2, 0xba, 0xab, 0x0, 0xd7, 0xb, 0xaa, 0xb0,
    0x8d, 0x0, 0xba, 0xab, 0x2f, 0x40, 0xb, 0xaa,
    0xab, 0xa0, 0x0, 0xba, 0xae, 0xe1, 0x0, 0xb,
    0xaa, 0xf6, 0x0, 0x0, 0xba,

    /* U+0377 "ͷ" */
    0xd9, 0x0, 0xe, 0xf2, 0xd9, 0x0, 0x9f, 0xf2,
    0xd9, 0x3, 0xf9, 0xf2, 0xd9, 0xc, 0xb3, 0xf2,
    0xd9, 0x7f, 0x24, 0xf2, 0xd9, 0xf8, 0x4, 0xf2,
    0xdf, 0xd0, 0x4, 0xf2, 0xdf, 0x40, 0x4, 0xf2,

    /* U+037A "ͺ" */
    0x52, 0xd, 0x60, 0xaf, 0x30, 0x10,

    /* U+037B "ͻ" */
    0x4d, 0xfe, 0x80, 0x2, 0x75, 0x9f, 0x80, 0x0,
    0x0, 0xbe, 0x0, 0x0, 0x7, 0xf1, 0x0, 0x0,
    0x8f, 0x0, 0x0, 0xb, 0xe0, 0x57, 0x59, 0xf6,
    0x4, 0xdf, 0xd6, 0x0,

    /* U+037C "ͼ" */
    0x0, 0x8e, 0xfd, 0x30, 0x9f, 0x85, 0x81, 0x1f,
    0x80, 0x0, 0x3, 0xf5, 0x4e, 0x20, 0x3f, 0x52,
    0xb1, 0x1, 0xf8, 0x0, 0x0, 0xa, 0xf8, 0x58,
    0x30, 0x9, 0xef, 0xc2,

    /* U+037D "ͽ" */
    0x4d, 0xfe, 0x80, 0x2, 0x85, 0x9f, 0x80, 0x0,
    0x0, 0xbe, 0x0, 0x4e, 0x27, 0xf1, 0x2, 0xb1,
    0x8f, 0x0, 0x0, 0xb, 0xe0, 0x57, 0x59, 0xf6,
    0x4, 0xdf, 0xd6, 0x0,

    /* U+037E ";" */
    0xd, 0x90, 0xeb, 0x0, 0x0, 0x0, 0x0, 0x0,
    0x0, 0x8, 0x60, 0xf7, 0x3f, 0x27, 0xb0,

    /* U+037F "Ϳ" */
    0x0, 0xb, 0xc0, 0x0, 0xbc, 0x0, 0xb, 0xc0,
    0x0, 0xbc, 0x0, 0xb, 0xc0, 0x0, 0xbc, 0x0,
    0xb, 0xc0, 0x0, 0xbc, 0x0, 0xb, 0xc0, 0x0,
    0xbc, 0x0, 0xc, 0xb0, 0x14, 0xf8, 0x1f, 0xfd,
    0x10, 0x33, 0x0,

    /* U+0384 "΄" */
    0x6, 0x61, 0xf7, 0x5d, 0x0,

    /* U+0385 "΅" */
    0x0, 0x57, 0x0, 0xc5, 0xda, 0xb7, 0x63, 0xf2,
    0x53,

    /* U+0386 "Ά" */
    0x5f, 0x50, 0x4f, 0xa0, 0x0, 0x9, 0xb0, 0xa,
    0xef, 0x10, 0x0, 0x72, 0x1, 0xf7, 0xf6, 0x0,
    0x0, 0x0, 0x6f, 0x1b, 0xc0, 0x0, 0x0, 0xc,
    0xb0, 0x5f, 0x20, 0x0, 0x2, 0xf6, 0x12, 0xf8,
    0x0, 0x0, 0x9f, 0xff, 0xff, 0xe0, 0x0, 0xe,
    0xb4, 0x44, 0x7f, 0x50, 0x5, 0xf4, 0x0, 0x0,
    0xeb, 0x0, 0xbe, 0x0, 0x0, 0x8, 0xf1,

    /* U+0387 "·" */
    0xd, 0xa0, 0xeb, 0x0, 0x0,

    /* U+0388 "Έ" */
    0x5f, 0x42, 0xff, 0xff, 0xf8, 0xab, 0x2, 0xf9,
    0x55, 0x52, 0x61, 0x2, 0xf6, 0x0, 0x0, 0x0,
    0x2, 0xf6, 0x11, 0x10, 0x0, 0x2, 0xff, 0xff,
    0xf4, 0x0, 0x2, 0xf8, 0x44, 0x41, 0x0, 0x2,
    0xf6, 0x0, 0x0, 0x0, 0x2, 0xf6, 0x0, 0x0,
    0x0, 0x2, 0xf9, 0x55, 0x52, 0x0, 0x2, 0xff,
    0xff, 0xf8,

    /* U+0389 "Ή" */
    0x5f, 0x42, 0xf6, 0x0, 0x0, 0xda, 0xab, 0x2,
    0xf6, 0x0, 0x0, 0xda, 0x61, 0x2, 0xf6, 0x0,
    0x0, 0xda, 0x0, 0x2, 0xf7, 0x11, 0x11, 0xda,
    0x0, 0x2, 0xff, 0xff, 0xff, 0xfa, 0x0, 0x2,
    0xf8, 0x44, 0x44, 0xea, 0x0, 0x2, 0xf6, 0x0,
    0x0, 0xda, 0x0, 0x2, 0xf6, 0x0, 0x0, 0xda,
    0x0, 0x2, 0xf6, 0x0, 0x0, 0xda, 0x0, 0x2,
    0xf6, 0x0, 0x0, 0xda,

    /* U+038A "Ί" */
    0x5f, 0x4a, 0xff, 0xf3, 0xab, 0x0, 0x9f, 0x20,
    0x61, 0x0, 0x7f, 0x0, 0x0, 0x0, 0x7f, 0x0,
    0x0, 0x0, 0x7f, 0x0, 0x0, 0x0, 0x7f, 0x0,
    0x0, 0x0, 0x7f, 0x0, 0x0, 0x0, 0x7f, 0x0,
    0x0, 0x0, 0x8f, 0x10, 0x0, 0x9, 0xff, 0xf3,

    /* U+038C "Ό" */
    0x5f, 0x60, 0x3a, 0xef, 0xd8, 0x0, 0x9c, 0x3,
    0xfe, 0x86, 0x9f, 0xd0, 0x83, 0xd, 0xe1, 0x0,
    0x4, 0xf7, 0x0, 0x2f, 0x80, 0x0, 0x0, 0xdd,
    0x0, 0x4f, 0x50, 0x0, 0x0, 0xaf, 0x0, 0x4f,
    0x50, 0x0, 0x0, 0xaf, 0x0, 0x2f, 0x80, 0x0,
    0x0, 0xdd, 0x0, 0xd, 0xe1, 0x0, 0x4, 0xf7,
    0x0, 0x4, 0xfd, 0x76, 0x9f, 0xd0, 0x0, 0x0,
    0x3b, 0xef, 0xd8, 0x0,

    /* U+038E "Ύ" */
    0x5f, 0x48, 0xf2, 0x0, 0x7, 0xf2, 0xab, 0x0,
    0xea, 0x0, 0xe, 0x90, 0x61, 0x0, 0x7f, 0x20,
    0x7f, 0x10, 0x0, 0x0, 0xe, 0xa0, 0xe8, 0x0,
    0x0, 0x0, 0x6, 0xf9, 0xe0, 0x0, 0x0, 0x0,
    0x0, 0xdf, 0x70, 0x0, 0x0, 0x0, 0x0, 0x7f,
    0x10, 0x0, 0x0, 0x0, 0x0, 0x7f, 0x10, 0x0,
    0x0, 0x0, 0x0, 0x7f, 0x10, 0x0, 0x0, 0x0,
    0x0, 0x7f, 0x10, 0x0,

    /* U+038F "Ώ" */
    0x5f, 0x60, 0x4c, 0xef, 0xc6, 0x0, 0x9c, 0x7,
    0xfc, 0x66, 0xbf, 0x90, 0x83, 0x1f, 0xa0, 0x0,
    0x8, 0xf4, 0x0, 0x6f, 0x30, 0x0, 0x0, 0xf9,
    0x0, 0x8f, 0x0, 0x0, 0x0, 0xeb, 0x0, 0x7f,
    0x10, 0x0, 0x0, 0xf9, 0x0, 0x2f, 0x50, 0x0,
    0x3, 0xf4, 0x0, 0x9, 0xd1, 0x0, 0xc, 0xb0,
    0x0, 0x35, 0xed, 0x10, 0xce, 0x64, 0x0, 0xaf,
    0xff, 0x31, 0xff, 0xfc,

    /* U+0390 "ΐ" */
    0x0, 0xf, 0xa0, 0x2, 0xe5, 0xf3, 0xe3, 0x7,
    0x35, 0x7, 0x10, 0xd, 0xa0, 0x0, 0x0, 0xda,
    0x0, 0x0, 0xd, 0xa0, 0x0, 0x0, 0xda, 0x0,
    0x0, 0xd, 0xa0, 0x0, 0x0, 0xda, 0x0, 0x0,
    0xb, 0xe5, 0x30, 0x0, 0x2d, 0xf8, 0x0,

    /* U+0391 "Α" */
    0x0, 0x6, 0xf8, 0x0, 0x0, 0x0, 0xc, 0xee,
    0x0, 0x0, 0x0, 0x2f, 0x6f, 0x40, 0x0, 0x0,
    0x8e, 0xc, 0xa0, 0x0, 0x0, 0xe9, 0x7, 0xf1,
    0x0, 0x4, 0xf5, 0x13, 0xf7, 0x0, 0xa, 0xff,
    0xff, 0xfd, 0x0, 0x1f, 0xa4, 0x44, 0x8f, 0x30,
    0x6f, 0x20, 0x0, 0x1f, 0x90, 0xcc, 0x0, 0x0,
    0xa, 0xe0,

    /* U+0392 "Β" */
    0xbf, 0xff, 0xea, 0x20, 0xbe, 0x45, 0x7e, 0xe0,
    0xbd, 0x0, 0x8, 0xf0, 0xbd, 0x0, 0x2c, 0xc0,
    0xbf, 0xff, 0xfc, 0x10, 0xbd, 0x33, 0x5d, 0xd0,
    0xbd, 0x0, 0x4, 0xf5, 0xbd, 0x0, 0x5, 0xf5,
    0xbe, 0x44, 0x6e, 0xe1, 0xbf, 0xff, 0xeb, 0x20,

    /* U+0393 "Γ" */
    0xaf, 0xff, 0xfa, 0xae, 0x55, 0x53, 0xad, 0x0,
    0x0, 0xad, 0x0, 0x0, 0xad, 0x0, 0x0, 0xad,
    0x0, 0x0, 0xad, 0x0, 0x0, 0xad, 0x0, 0x0,
    0xad, 0x0, 0x0, 0xad, 0x0, 0x0,

    /* U+0394 "Δ" */
    0x0, 0x7, 0xf8, 0x0, 0x0, 0x0, 0xde, 0xe0,
    0x0, 0x0, 0x3f, 0x4f, 0x40, 0x0, 0xa, 0xc0,
    0xbb, 0x0, 0x1, 0xf6, 0x5, 0xf1, 0x0, 0x6f,
    0x10, 0xf, 0x70, 0xd, 0xa0, 0x0, 0x9e, 0x3,
    0xf4, 0x0, 0x3, 0xf4, 0x9f, 0x66, 0x66, 0x6f,
    0xad, 0xff, 0xff, 0xff, 0xfe,

    /* U+0395 "Ε" */
    0xaf, 0xff, 0xff, 0xae, 0x55, 0x55, 0xad, 0x0,
    0x0, 0xad, 0x11, 0x10, 0xaf, 0xff, 0xfb, 0xae,
    0x44, 0x42, 0xad, 0x0, 0x0, 0xad, 0x0, 0x0,
    0xae, 0x55, 0x55, 0xaf, 0xff, 0xff,

    /* U+0396 "Ζ" */
    0x6f, 0xff, 0xff, 0xf6, 0x25, 0x55, 0x5c, 0xf2,
    0x0, 0x0, 0x3f, 0x70, 0x0, 0x0, 0xdc, 0x0,
    0x0, 0x8, 0xf2, 0x0, 0x0, 0x3f, 0x60, 0x0,
    0x0, 0xdb, 0x0, 0x0, 0x9, 0xf2, 0x0, 0x0,
    0x4f, 0xb5, 0x55, 0x53, 0x8f, 0xff, 0xff, 0xf8,

    /* U+0397 "Η" */
    0xad, 0x0, 0x0, 0x6f, 0x2a, 0xd0, 0x0, 0x6,
    0xf2, 0xad, 0x0, 0x0, 0x6f, 0x2a, 0xd1, 0x11,
    0x17, 0xf2, 0xaf, 0xff, 0xff, 0xff, 0x2a, 0xe4,
    0x44, 0x48, 0xf2, 0xad, 0x0, 0x0, 0x6f, 0x2a,
    0xd0, 0x0, 0x6, 0xf2, 0xad, 0x0, 0x0, 0x6f,
    0x2a, 0xd0, 0x0, 0x6, 0xf2,

    /* U+0398 "Θ" */
    0x0, 0x29, 0xef, 0xe9, 0x10, 0x0, 0x2e, 0xf8,
    0x68, 0xfe, 0x10, 0xb, 0xf2, 0x0, 0x2, 0xfa,
    0x0, 0xfa, 0x0, 0x0, 0xa, 0xf0, 0x2f, 0x78,
    0xff, 0xf7, 0x8f, 0x12, 0xf7, 0x13, 0x33, 0x18,
    0xf1, 0xf, 0xa0, 0x0, 0x0, 0xaf, 0x0, 0xbf,
    0x20, 0x0, 0x2f, 0xa0, 0x2, 0xee, 0x86, 0x8e,
    0xe1, 0x0, 0x2, 0xae, 0xfe, 0x91, 0x0,

    /* U+0399 "Ι" */
    0x7f, 0xff, 0x60, 0x5f, 0x50, 0x4, 0xf3, 0x0,
    0x4f, 0x30, 0x4, 0xf3, 0x0, 0x4f, 0x30, 0x4,
    0xf3, 0x0, 0x4f, 0x30, 0x5, 0xf5, 0x7, 0xff,
    0xf6,

    /* U+039A "Κ" */
    0xad, 0x0, 0x6, 0xf4, 0xad, 0x0, 0x4f, 0x60,
    0xad, 0x3, 0xf8, 0x0, 0xad, 0x1e, 0xa0, 0x0,
    0xae, 0xdf, 0x10, 0x0, 0xaf, 0xbf, 0xb0, 0x0,
    0xad, 0x6, 0xf6, 0x0, 0xad, 0x0, 0xaf, 0x20,
    0xad, 0x0, 0x1e, 0xc0, 0xad, 0x0, 0x4, 0xf7,

    /* U+039B "Λ" */
    0x0, 0x9, 0xf5, 0x0, 0x0, 0x0, 0xee, 0xb0,
    0x0, 0x0, 0x4f, 0x6f, 0x10, 0x0, 0xa, 0xc0,
    0xf6, 0x0, 0x0, 0xf6, 0xa, 0xc0, 0x0, 0x6f,
    0x10, 0x5f, 0x20, 0xb, 0xc0, 0x0, 0xf8, 0x1,
    0xf6, 0x0, 0xa, 0xd0, 0x7f, 0x10, 0x0, 0x5f,
    0x3d, 0xb0, 0x0, 0x0, 0xf9,

    /* U+039C "Μ" */
    0xaf, 0xa0, 0x0, 0x0, 0xdf, 0x8a, 0xff, 0x0,
    0x0, 0x3f, 0xf8, 0xab, 0xf6, 0x0, 0x9, 0xbe,
    0x8a, 0xba, 0xb0, 0x0, 0xe5, 0xf8, 0xab, 0x4f,
    0x10, 0x4f, 0xf, 0x8a, 0xb0, 0xe7, 0xa, 0xa0,
    0xf8, 0xab, 0x9, 0xc1, 0xf4, 0xf, 0x8a, 0xb0,
    0x3f, 0x9e, 0x0, 0xf8, 0xab, 0x0, 0xdf, 0x80,
    0xf, 0x8a, 0xb0, 0x7, 0xf2, 0x0, 0xf8,

    /* U+039D "Ν" */
    0xaf, 0x70, 0x0, 0xd, 0x8a, 0xff, 0x10, 0x0,
    0xd8, 0xab, 0xea, 0x0, 0xd, 0x8a, 0xa5, 0xf4,
    0x0, 0xd8, 0xab, 0xb, 0xd0, 0xd, 0x8a, 0xb0,
    0x2f, 0x70, 0xd8, 0xab, 0x0, 0x7f, 0x1d, 0x8a,
    0xb0, 0x0, 0xda, 0xd8, 0xab, 0x0, 0x3, 0xff,
    0x8a, 0xb0, 0x0, 0x9, 0xf8,

    /* U+039E "Ξ" */
    0xe, 0xff, 0xff, 0xfa, 0x5, 0x66, 0x66, 0x63,
    0x0, 0x0, 0x0, 0x0, 0x0, 0x11, 0x11, 0x10,
    0x5, 0xff, 0xff, 0xf1, 0x1, 0x44, 0x44, 0x40,
    0x0, 0x0, 0x0, 0x0, 0x0, 0x0, 0x0, 0x0,
    0x6, 0x66, 0x66, 0x65, 0x2f, 0xff, 0xff, 0xfe,

    /* U+039F "Ο" */
    0x0, 0x29, 0xef, 0xe9, 0x10, 0x0, 0x2e, 0xf8,
    0x68, 0xfe, 0x10, 0xb, 0xf2, 0x0, 0x2, 0xfa,
    0x0, 0xfa, 0x0, 0x0, 0xa, 0xf0, 0x2f, 0x70,
    0x0, 0x0, 0x8f, 0x12, 0xf7, 0x0, 0x0, 0x8,
    0xf1, 0xf, 0xa0, 0x0, 0x0, 0xaf, 0x0, 0xbf,
    0x20, 0x0, 0x2f, 0xa0, 0x2, 0xee, 0x86, 0x8e,
    0xe1, 0x0, 0x2, 0xae, 0xfe, 0x91, 0x0,

    /* U+03A0 "Π" */
    0xaf, 0xff, 0xff, 0xff, 0xae, 0x55, 0x55, 0xbf,
    0xad, 0x0, 0x0, 0x8f, 0xad, 0x0, 0x0, 0x8f,
    0xad, 0x0, 0x0, 0x8f, 0xad, 0x0, 0x0, 0x8f,
    0xad, 0x0, 0x0, 0x8f, 0xad, 0x0, 0x0, 0x8f,
    0xad, 0x0, 0x0, 0x8f, 0xad, 0x0, 0x0, 0x8f,

    /* U+03A1 "Ρ" */
    0xbf, 0xff, 0xd7, 0xb, 0xe5, 0x6b, 0xf7, 0xbd,
    0x0, 0xd, 0xcb, 0xd0, 0x0, 0xcc, 0xbd, 0x12,
    0x7f, 0x7b, 0xff, 0xff, 0x90, 0xbd, 0x33, 0x10,
    0xb, 0xd0, 0x0, 0x0, 0xbd, 0x0, 0x0, 0xb,
    0xd0, 0x0, 0x0,

    /* U+03A3 "Σ" */
    0x6f, 0xff, 0xff, 0xf6, 0x2f, 0xd5, 0x55, 0x52,
    0x5, 0xf7, 0x0, 0x0, 0x0, 0x7f, 0x50, 0x0,
    0x0, 0x9, 0xf2, 0x0, 0x0, 0xd, 0xb0, 0x0,
    0x0, 0xad, 0x10, 0x0, 0x8, 0xf2, 0x0, 0x0,
    0x4f, 0xa5, 0x55, 0x53, 0x8f, 0xff, 0xff, 0xf8,

    /* U+03A4 "Τ" */
    0xdf, 0xff, 0xff, 0xfb, 0x45, 0x5e, 0xc5, 0x53,
    0x0, 0xd, 0xb0, 0x0, 0x0, 0xd, 0xb0, 0x0,
    0x0, 0xd, 0xb0, 0x0, 0x0, 0xd, 0xb0, 0x0,
    0x0, 0xd, 0xb0, 0x0, 0x0, 0xd, 0xb0, 0x0,
    0x0, 0xd, 0xb0, 0x0, 0x0, 0xd, 0xb0, 0x0,

    /* U+03A5 "Υ" */
    0xbe, 0x0, 0x0, 0xbd, 0x3, 0xf6, 0x0, 0x3f,
    0x50, 0xa, 0xe0, 0xb, 0xc0, 0x0, 0x2f, 0x63,
    0xf4, 0x0, 0x0, 0x9d, 0xbb, 0x0, 0x0, 0x1,
    0xff, 0x30, 0x0, 0x0, 0xb, 0xd0, 0x0, 0x0,
    0x0, 0xbd, 0x0, 0x0, 0x0, 0xb, 0xd0, 0x0,
    0x0, 0x0, 0xbd, 0x0, 0x0,

    /* U+03A6 "Φ" */
    0x0, 0x0, 0xb, 0xc0, 0x0, 0x0, 0x0, 0x7d,
    0xff, 0xff, 0xd8, 0x0, 0xa, 0xf8, 0x4c, 0xd4,
    0x8f, 0xb0, 0x2f, 0x70, 0xb, 0xc0, 0x6, 0xf2,
    0x4f, 0x30, 0xb, 0xc0, 0x2, 0xf5, 0x2f, 0x60,
    0xb, 0xc0, 0x5, 0xf3, 0xc, 0xe5, 0x1b, 0xc1,
    0x5e, 0xc0, 0x1, 0xaf, 0xff, 0xff, 0xfa, 0x10,
    0x0, 0x0, 0x2c, 0xd2, 0x0, 0x0, 0x0, 0x0,
    0xb, 0xc0, 0x0, 0x0,

    /* U+03A7 "Χ" */
    0x6f, 0x40, 0x0, 0xbe, 0x0, 0xcd, 0x0, 0x5f,
    0x40, 0x2, 0xf7, 0xe, 0xa0, 0x0, 0x7, 0xfa,
    0xe1, 0x0, 0x0, 0xd, 0xf6, 0x0, 0x0, 0x1,
    0xff, 0x90, 0x0, 0x0, 0xbd, 0x6f, 0x30, 0x0,
    0x5f, 0x30, 0xcd, 0x0, 0x1e, 0x90, 0x2, 0xf8,
    0x9, 0xe1, 0x0, 0x8, 0xf3,

    /* U+03A8 "Ψ" */
    0xcb, 0x0, 0xd9, 0x0, 0xf7, 0xcb, 0x0, 0xd9,
    0x0, 0xf7, 0xcb, 0x0, 0xd9, 0x0, 0xf7, 0xbc,
    0x0, 0xd9, 0x0, 0xf6, 0x9e, 0x0, 0xd9, 0x3,
    0xf4, 0x3f, 0x92, 0xd9, 0x3c, 0xd0, 0x5, 0xef,
    0xff, 0xfd, 0x30, 0x0, 0x2, 0xea, 0x20, 0x0,
    0x0, 0x0, 0xd9, 0x0, 0x0, 0x0, 0x0, 0xd9,
    0x0, 0x0,

    /* U+03A9 "Ω" */
    0x0, 0x4b, 0xef, 0xc6, 0x0, 0x7, 0xfc, 0x66,
    0xaf, 0xa0, 0x1f, 0xb0, 0x0, 0x8, 0xf4, 0x6f,
    0x30, 0x0, 0x0, 0xf9, 0x8f, 0x10, 0x0, 0x0,
    0xdb, 0x7f, 0x20, 0x0, 0x0, 0xea, 0x2f, 0x60,
    0x0, 0x2, 0xf5, 0x9, 0xe1, 0x0, 0xc, 0xc0,
    0x35, 0xdd, 0x10, 0xbf, 0x64, 0xaf, 0xff, 0x30,
    0xff, 0xfd,

    /* U+03AA "Ϊ" */
    0x7a, 0xb, 0x73, 0x50, 0x53, 0x0, 0x0, 0x7,
    0xff, 0xf6, 0x5, 0xf5, 0x0, 0x4f, 0x30, 0x4,
    0xf3, 0x0, 0x4f, 0x30, 0x4, 0xf3, 0x0, 0x4f,
    0x30, 0x4, 0xf3, 0x0, 0x5f, 0x50, 0x7f, 0xff,
    0x60,

    /* U+03AB "Ϋ" */
    0x0, 0xd5, 0x2e, 0x10, 0x0, 0x6, 0x20, 0x70,
    0x0, 0x0, 0x0, 0x0, 0x0, 0xb, 0xe0, 0x0,
    0xb, 0xd0, 0x3f, 0x60, 0x3, 0xf5, 0x0, 0xae,
    0x0, 0xbc, 0x0, 0x2, 0xf6, 0x3f, 0x40, 0x0,
    0x9, 0xdb, 0xb0, 0x0, 0x0, 0x1f, 0xf3, 0x0,
    0x0, 0x0, 0xbd, 0x0, 0x0, 0x0, 0xb, 0xd0,
    0x0, 0x0, 0x0, 0xbd, 0x0, 0x0, 0x0, 0xb,
    0xd0, 0x0, 0x0,

    /* U+03AC "ά" */
    0x0, 0x0, 0xbe, 0x0, 0x0, 0x0, 0xf, 0x50,
    0x0, 0x0, 0x1, 0x60, 0x0, 0x0, 0x1b, 0xfe,
    0x5c, 0x80, 0xa, 0xf6, 0x5c, 0xf8, 0x1, 0xf8,
    0x0, 0x2f, 0x80, 0x3f, 0x50, 0x0, 0xf8, 0x3,
    0xf4, 0x0, 0xf, 0x80, 0x1f, 0x80, 0x1, 0xf8,
    0x0, 0xbf, 0x65, 0xbf, 0xb2, 0x1, 0xaf, 0xe5,
    0x6e, 0x70,

    /* U+03AD "έ" */
    0x0, 0x2, 0xf8, 0x0, 0x0, 0x6d, 0x0, 0x0,
    0x4, 0x30, 0x0, 0x5d, 0xfe, 0xb1, 0xf, 0xa3,
    0x48, 0x0, 0xf8, 0x0, 0x0, 0x4, 0xff, 0xd0,
    0x1, 0xf9, 0x32, 0x0, 0x5f, 0x20, 0x0, 0x2,
    0xfa, 0x45, 0x81, 0x5, 0xdf, 0xfb, 0x0,

    /* U+03AE "ή" */
    0x0, 0x4f, 0x50, 0x0, 0x9, 0xc0, 0x0, 0x0,
    0x52, 0x0, 0xd, 0x7a, 0xee, 0x80, 0xdf, 0x83,
    0x7f, 0x5d, 0xd0, 0x0, 0xf8, 0xda, 0x0, 0xe,
    0x9d, 0xa0, 0x0, 0xe9, 0xda, 0x0, 0xe, 0x9d,
    0xa0, 0x0, 0xe9, 0xda, 0x0, 0xe, 0x90, 0x0,
    0x0, 0xe9, 0x0, 0x0, 0xe, 0x90, 0x0, 0x0,
    0xe9,

    /* U+03AF "ί" */
    0xe, 0xb0, 0x3f, 0x20, 0x35, 0x0, 0xda, 0x0,
    0xda, 0x0, 0xda, 0x0, 0xda, 0x0, 0xda, 0x0,
    0xda, 0x0, 0xbe, 0x53, 0x2d, 0xf8,

    /* U+03B0 "ΰ" */
    0x0, 0xe, 0xc0, 0x0, 0xe5, 0xf3, 0xd4, 0x7,
    0x36, 0x6, 0x1e, 0x90, 0x4, 0xf3, 0xe9, 0x0,
    0x1f, 0x6e, 0x90, 0x0, 0xf8, 0xe9, 0x0, 0xe,
    0x9e, 0x90, 0x0, 0xf8, 0xdb, 0x0, 0x3f, 0x59,
    0xf6, 0x5d, 0xe0, 0x1a, 0xff, 0xb2, 0x0,

    /* U+03B1 "α" */
    0x1, 0xbf, 0xe5, 0xc8, 0x0, 0xaf, 0x65, 0xcf,
    0x80, 0x1f, 0x80, 0x2, 0xf8, 0x3, 0xf5, 0x0,
    0xf, 0x80, 0x3f, 0x40, 0x0, 0xf8, 0x1, 0xf8,
    0x0, 0x1f, 0x80, 0xb, 0xf6, 0x5b, 0xfb, 0x20,
    0x1a, 0xfe, 0x56, 0xe7,

    /* U+03B2 "β" */
    0x7, 0xef, 0xd6, 0x7, 0xf7, 0x4a, 0xf3, 0xcb,
    0x0, 0x1f, 0x6d, 0xa0, 0x7, 0xe1, 0xda, 0x7f,
    0xd3, 0xd, 0xa1, 0x38, 0xf3, 0xda, 0x0, 0xc,
    0xbd, 0xa0, 0x0, 0x9e, 0xda, 0x0, 0xc, 0xcd,
    0xe7, 0x49, 0xf6, 0xdd, 0xdf, 0xe7, 0xd, 0xa0,
    0x0, 0x0, 0xda, 0x0, 0x0, 0xd, 0xa0, 0x0,
    0x0,

    /* U+03B3 "γ" */
    0xda, 0x0, 0x8, 0xf7, 0xf0, 0x0, 0x9d, 0x2f,
    0x50, 0xa, 0xc0, 0xda, 0x0, 0xd9, 0x7, 0xe0,
    0x3f, 0x40, 0x2f, 0x4a, 0xd0, 0x0, 0xcc, 0xf3,
    0x0, 0x7, 0xf8, 0x0, 0x0, 0x5f, 0x20, 0x0,
    0x5, 0xf2, 0x0, 0x0, 0x5f, 0x20, 0x0,

    /* U+03B4 "δ" */
    0x0, 0x5d, 0xfe, 0x80, 0x1, 0xfa, 0x46, 0xd1,
    0x3, 0xf5, 0x0, 0x0, 0x0, 0xbf, 0x60, 0x0,
    0x0, 0x7f, 0xfc, 0x20, 0xa, 0xd3, 0x1c, 0xe1,
    0x3f, 0x40, 0x1, 0xf6, 0x5f, 0x20, 0x0, 0xe9,
    0x4f, 0x40, 0x1, 0xf7, 0xd, 0xe6, 0x5c, 0xf1,
    0x1, 0xae, 0xfb, 0x30,

    /* U+03B5 "ε" */
    0x5, 0xdf, 0xeb, 0x10, 0xfa, 0x34, 0x80, 0xf,
    0x80, 0x0, 0x0, 0x4f, 0xfd, 0x0, 0x1f, 0x93,
    0x20, 0x5, 0xf2, 0x0, 0x0, 0x2f, 0xa4, 0x58,
    0x10, 0x5d, 0xff, 0xb0,

    /* U+03B6 "ζ" */
    0xe, 0xff, 0xff, 0x80, 0x22, 0x29, 0xf2, 0x0,
    0x3, 0xf6, 0x0, 0x0, 0xda, 0x0, 0x0, 0xae,
    0x10, 0x0, 0x5f, 0x40, 0x0, 0xd, 0xb0, 0x0,
    0x2, 0xf5, 0x0, 0x0, 0x3f, 0x50, 0x0, 0x0,
    0xfd, 0x30, 0x0, 0x4, 0xef, 0xe9, 0x0, 0x0,
    0x4a, 0xf6, 0x0, 0x0, 0xf, 0x60, 0x0, 0x5,
    0xf2, 0x0, 0x0, 0x12, 0x0,

    /* U+03B7 "η" */
    0xd7, 0xae, 0xe8, 0xd, 0xf8, 0x37, 0xf5, 0xdd,
    0x0, 0xf, 0x8d, 0xa0, 0x0, 0xe9, 0xda, 0x0,
    0xe, 0x9d, 0xa0, 0x0, 0xe9, 0xda, 0x0, 0xe,
    0x9d, 0xa0, 0x0, 0xe9, 0x0, 0x0, 0xe, 0x90,
    0x0, 0x0, 0xe9, 0x0, 0x0, 0xe, 0x90,

    /* U+03B8 "θ" */
    0x0, 0x8e, 0xfb, 0x10, 0x7, 0xf7, 0x5d, 0xc0,
    0xe, 0xa0, 0x3, 0xf4, 0x1f, 0x60, 0x0, 0xf8,
    0x3f, 0x40, 0x0, 0xd9, 0x4f, 0xff, 0xff, 0xfa,
    0x3f, 0x62, 0x22, 0xe9, 0x1f, 0x50, 0x0, 0xe8,
    0xd, 0x80, 0x2, 0xf4, 0x6, 0xf6, 0x4c, 0xd0,
    0x0, 0x7e, 0xfb, 0x20,

    /* U+03B9 "ι" */
    0xda, 0x0, 0xda, 0x0, 0xda, 0x0, 0xda, 0x0,
    0xda, 0x0, 0xda, 0x0, 0xbe, 0x53, 0x2d, 0xf8,

    /* U+03BA "κ" */
    0xdb, 0x0, 0x9f, 0x2d, 0xb0, 0x6f, 0x50, 0xda,
    0x3f, 0x80, 0xd, 0xbe, 0xd0, 0x0, 0xdf, 0xdf,
    0x40, 0xd, 0xb0, 0xbe, 0x10, 0xdb, 0x1, 0xea,
    0xd, 0xb0, 0x5, 0xf6,

    /* U+03BB "λ" */
    0xef, 0xa0, 0x0, 0x0, 0x46, 0xe9, 0x0, 0x0,
    0x0, 0x7f, 0x10, 0x0, 0x0, 0x4f, 0x60, 0x0,
    0x0, 0x9f, 0xc0, 0x0, 0x0, 0xe8, 0xf2, 0x0,
    0x5, 0xf1, 0xe8, 0x0, 0xa, 0xc0, 0x9e, 0x0,
    0xf, 0x70, 0x3f, 0x40, 0x6f, 0x20, 0xe, 0xb2,
    0xbd, 0x0, 0x6, 0xf6,

    /* U+03BC "μ" */
    0xda, 0x0, 0xd, 0xa0, 0xda, 0x0, 0xd, 0xa0,
    0xda, 0x0, 0xd, 0xa0, 0xda, 0x0, 0xd, 0xa0,
    0xda, 0x0, 0xe, 0xa0, 0xdb, 0x0, 0x1f, 0xa0,
    0xdf, 0x75, 0xcf, 0xd3, 0xdc, 0xdf, 0x85, 0xe9,
    0xd9, 0x0, 0x0, 0x0, 0xda, 0x0, 0x0, 0x0,
    0xda, 0x0, 0x0, 0x0,

    /* U+03BD "ν" */
    0xda, 0x0, 0x8, 0xf8, 0xf0, 0x0, 0x9d, 0x2f,
    0x40, 0xa, 0xc0, 0xd9, 0x0, 0xd9, 0x8, 0xe0,
    0x2f, 0x40, 0x2f, 0x39, 0xd0, 0x0, 0xdc, 0xf4,
    0x0, 0x7, 0xf9, 0x0,

    /* U+03BE "ξ" */
    0xd, 0xff, 0xff, 0x80, 0x2b, 0xb5, 0x31, 0x9,
    0xd0, 0x0, 0x0, 0xca, 0x0, 0x0, 0x8, 0xf4,
    0x0, 0x0, 0xa, 0xff, 0xf5, 0x8, 0xe6, 0x32,
    0x1, 0xf6, 0x0, 0x0, 0x3f, 0x40, 0x0, 0x1,
    0xfc, 0x20, 0x0, 0x5, 0xef, 0xd7, 0x0, 0x0,
    0x5a, 0xf6, 0x0, 0x0, 0xf, 0x60, 0x0, 0x4,
    0xf2, 0x0, 0x0, 0x12, 0x0,

    /* U+03BF "ο" */
    0x0, 0x8e, 0xfc, 0x30, 0x9, 0xf7, 0x5b, 0xf2,
    0xf, 0x80, 0x0, 0xf9, 0x3f, 0x50, 0x0, 0xcc,
    0x3f, 0x50, 0x0, 0xcc, 0xf, 0x80, 0x0, 0xf9,
    0x9, 0xf7, 0x4b, 0xf2, 0x0, 0x8e, 0xfc, 0x40,

    /* U+03C0 "π" */
    0xcf, 0xff, 0xff, 0xff, 0xf3, 0x25, 0xf6, 0x33,
    0xdb, 0x30, 0x3, 0xf4, 0x0, 0xda, 0x0, 0x3,
    0xf4, 0x0, 0xda, 0x0, 0x3, 0xf4, 0x0, 0xda,
    0x0, 0x3, 0xf4, 0x0, 0xda, 0x0, 0x3, 0xf4,
    0x0, 0xcd, 0x40, 0x3, 0xf4, 0x0, 0x5e, 0xe0,

    /* U+03C1 "ρ" */
    0x0, 0x7d, 0xfc, 0x30, 0x7, 0xf7, 0x5c, 0xf1,
    0xe, 0xa0, 0x1, 0xf7, 0xf, 0x70, 0x0, 0xda,
    0x1f, 0x70, 0x0, 0xdb, 0x1f, 0x70, 0x1, 0xf8,
    0x1f, 0xd6, 0x4b, 0xf2, 0x1f, 0xbd, 0xfc, 0x30,
    0x1f, 0x60, 0x0, 0x0, 0x1f, 0x60, 0x0, 0x0,
    0x1f, 0x60, 0x0, 0x0,

    /* U+03C2 "ς" */
    0x0, 0x8e, 0xfd, 0x30, 0x9f, 0x85, 0x80, 0x1f,
    0x80, 0x0, 0x3, 0xf4, 0x0, 0x0, 0x3f, 0x50,
    0x0, 0x1, 0xf8, 0x0, 0x0, 0xa, 0xf8, 0x30,
    0x0, 0x8, 0xef, 0xc1, 0x0, 0x0, 0x5f, 0x60,
    0x0, 0x1, 0xf5, 0x0, 0x0, 0x5c, 0x0,

    /* U+03C3 "σ" */
    0x0, 0x7d, 0xff, 0xff, 0x40, 0x9f, 0x73, 0xae,
    0x30, 0x1f, 0x80, 0x2, 0xf5, 0x3, 0xf4, 0x0,
    0xe, 0x90, 0x3f, 0x40, 0x0, 0xe9, 0x1, 0xf7,
    0x0, 0x2f, 0x60, 0xa, 0xf7, 0x5c, 0xe1, 0x0,
    0x9, 0xef, 0xb2, 0x0,

    /* U+03C4 "τ" */
    0xcf, 0xff, 0xff, 0x92, 0x3c, 0xc3, 0x31, 0x0,
    0xcb, 0x0, 0x0, 0xc, 0xb0, 0x0, 0x0, 0xcb,
    0x0, 0x0, 0xc, 0xc0, 0x0, 0x0, 0x9f, 0x54,
    0x10, 0x2, 0xcf, 0xe2,

    /* U+03C5 "υ" */
    0xe9, 0x0, 0x4f, 0x3e, 0x90, 0x1, 0xf6, 0xe9,
    0x0, 0xf, 0x8e, 0x90, 0x0, 0xe9, 0xe9, 0x0,
    0xf, 0x8d, 0xb0, 0x3, 0xf5, 0x9f, 0x65, 0xde,
    0x1, 0xaf, 0xfb, 0x20,

    /* U+03C6 "φ" */
    0x0, 0x0, 0x7f, 0x0, 0x0, 0x0, 0x0, 0x7f,
    0x0, 0x0, 0x0, 0x0, 0x7f, 0x0, 0x0, 0x0,
    0x8e, 0xff, 0xea, 0x10, 0x9, 0xf7, 0x8f, 0x3c,
    0xe2, 0x1f, 0x80, 0x7f, 0x1, 0xf9, 0x3f, 0x40,
    0x7f, 0x0, 0xcc, 0x2f, 0x50, 0x7f, 0x0, 0xca,
    0xe, 0xb0, 0x7f, 0x3, 0xf6, 0x3, 0xfc, 0xbf,
    0x9f, 0xb0, 0x0, 0x17, 0xcf, 0x95, 0x0, 0x0,
    0x0, 0x7f, 0x0, 0x0, 0x0, 0x0, 0x7f, 0x0,
    0x0, 0x0, 0x0, 0x7f, 0x0, 0x0,

    /* U+03C7 "χ" */
    0xae, 0x50, 0x0, 0x7f, 0x13, 0xae, 0x10, 0xe,
    0x80, 0x1, 0xf8, 0x8, 0xe0, 0x0, 0x8, 0xe2,
    0xf5, 0x0, 0x0, 0x1f, 0xec, 0x0, 0x0, 0x0,
    0x9f, 0x40, 0x0, 0x0, 0x1e, 0xf7, 0x0, 0x0,
    0x9, 0xd9, 0xe0, 0x0, 0x3, 0xf4, 0x2f, 0x70,
    0x0, 0xda, 0x0, 0x9f, 0x51, 0x7f, 0x10, 0x1,
    0xcf, 0x50,

    /* U+03C8 "ψ" */
    0x0, 0x5, 0xf2, 0x0, 0x0, 0x0, 0x5f, 0x20,
    0x0, 0x0, 0x5, 0xf2, 0x0, 0xf, 0x80, 0x5f,
    0x20, 0xf8, 0xf8, 0x5, 0xf2, 0xc, 0xaf, 0x80,
    0x5f, 0x20, 0xac, 0xf8, 0x5, 0xf2, 0x9, 0xde,
    0x80, 0x5f, 0x20, 0xad, 0xcb, 0x5, 0xf2, 0xe,
    0xa6, 0xf9, 0x8f, 0x7c, 0xf3, 0x6, 0xdf, 0xff,
    0xc3, 0x0, 0x0, 0x5f, 0x20, 0x0, 0x0, 0x5,
    0xf2, 0x0, 0x0, 0x0, 0x5f, 0x20, 0x0,

    /* U+03C9 "ω" */
    0x3, 0xf3, 0x0, 0x0, 0xca, 0x0, 0xbb, 0x0,
    0x0, 0x4, 0xf2, 0xf, 0x70, 0x5, 0x20, 0xf,
    0x71, 0xf5, 0x0, 0xf7, 0x0, 0xd9, 0x1f, 0x50,
    0xf, 0x70, 0xd, 0x90, 0xf8, 0x0, 0xf8, 0x0,
    0xf6, 0x9, 0xe5, 0x9c, 0xe5, 0xaf, 0x10, 0xb,
    0xfd, 0x28, 0xfd, 0x50,

    /* U+03CA "ϊ" */
    0xe, 0x34, 0xe0, 0x7, 0x11, 0x70, 0x0, 0xda,
    0x0, 0x0, 0xda, 0x0, 0x0, 0xda, 0x0, 0x0,
    0xda, 0x0, 0x0, 0xda, 0x0, 0x0, 0xda, 0x0,
    0x0, 0xbe, 0x53, 0x0, 0x2d, 0xf8,

    /* U+03CB "ϋ" */
    0xd, 0x42, 0xe1, 0x0, 0x71, 0x17, 0x0, 0xe9,
    0x0, 0x4f, 0x3e, 0x90, 0x1, 0xf6, 0xe9, 0x0,
    0xf, 0x8e, 0x90, 0x0, 0xe9, 0xe9, 0x0, 0xf,
    0x8d, 0xb0, 0x3, 0xf5, 0x9f, 0x65, 0xde, 0x1,
    0xaf, 0xfb, 0x20,

    /* U+03CC "ό" */
    0x0, 0x0, 0x8f, 0x10, 0x0, 0x0, 0xd7, 0x0,
    0x0, 0x0, 0x70, 0x0, 0x0, 0x8e, 0xfc, 0x30,
    0x9, 0xf7, 0x5b, 0xf2, 0xf, 0x80, 0x0, 0xf9,
    0x3f, 0x50, 0x0, 0xcc, 0x3f, 0x50, 0x0, 0xcc,
    0xf, 0x80, 0x0, 0xf9, 0x9, 0xf7, 0x4b, 0xf2,
    0x0, 0x8e, 0xfc, 0x40,

    /* U+03CD "ύ" */
    0x0, 0xc, 0xd0, 0x0, 0x1, 0xf4, 0x0, 0x0,
    0x26, 0x0, 0xe, 0x90, 0x4, 0xf3, 0xe9, 0x0,
    0x1f, 0x6e, 0x90, 0x0, 0xf8, 0xe9, 0x0, 0xe,
    0x9e, 0x90, 0x0, 0xf8, 0xdb, 0x0, 0x3f, 0x59,
    0xf6, 0x5d, 0xe0, 0x1a, 0xff, 0xb2, 0x0,

    /* U+03CE "ώ" */
    0x0, 0x0, 0x1, 0xf8, 0x0, 0x0, 0x0, 0x0,
    0x6e, 0x0, 0x0, 0x0, 0x0, 0x4, 0x30, 0x0,
    0x0, 0x3f, 0x30, 0x0, 0xc, 0xa0, 0xb, 0xb0,
    0x0, 0x0, 0x4f, 0x20, 0xf7, 0x0, 0x52, 0x0,
    0xf7, 0x1f, 0x50, 0xf, 0x70, 0xd, 0x91, 0xf5,
    0x0, 0xf7, 0x0, 0xd9, 0xf, 0x80, 0xf, 0x80,
    0xf, 0x60, 0x9e, 0x59, 0xce, 0x5a, 0xf1, 0x0,
    0xbf, 0xd2, 0x8f, 0xd5, 0x0,

    /* U+03CF "Ϗ" */
    0xbd, 0x0, 0x7, 0xf4, 0xbd, 0x0, 0x5f, 0x60,
    0xbd, 0x3, 0xf8, 0x0, 0xbd, 0x1e, 0xa0, 0x0,
    0xbe, 0xdf, 0x10, 0x0, 0xbf, 0xbf, 0xa0, 0x0,
    0xbd, 0x6, 0xf6, 0x0, 0xbd, 0x0, 0xbf, 0x20,
    0xbd, 0x0, 0x1e, 0xc0, 0xbd, 0x0, 0x4, 0xf7,
    0x0, 0x0, 0x2, 0xfa, 0x78, 0x66, 0x8e, 0xe2,
    0x4b, 0xef, 0xea, 0x20,

    /* U+03D0 "ϐ" */
    0x0, 0x8e, 0xfc, 0x20, 0xa, 0xd4, 0x2d, 0x80,
    0x4f, 0xbf, 0xfd, 0x30, 0x9c, 0x1, 0x10, 0x0,
    0xcb, 0x8e, 0xfb, 0x20, 0xdf, 0x93, 0x4e, 0xd0,
    0xcb, 0x0, 0x5, 0xf3, 0xbc, 0x0, 0x3, 0xf4,
    0x8f, 0x0, 0x7, 0xf2, 0x2f, 0xb4, 0x6f, 0xa0,
    0x4, 0xcf, 0xe9, 0x0,

    /* U+03D1 "ϑ" */
    0x0, 0x6e, 0xfc, 0x30, 0x0, 0x1f, 0x94, 0xcf,
    0x10, 0x3, 0xf3, 0x1, 0xf8, 0x0, 0xd, 0xd4,
    0x1b, 0xc0, 0x0, 0x1a, 0xff, 0xff, 0xe9, 0xf9,
    0x0, 0x29, 0xf3, 0x29, 0xe0, 0x0, 0x7f, 0x0,
    0x8d, 0x0, 0x9, 0xd0, 0x9, 0xc0, 0x0, 0xe9,
    0x0, 0x6f, 0x65, 0xcf, 0x20, 0x0, 0xaf, 0xfb,
    0x30, 0x0,

    /* U+03D2 "ϒ" */
    0xbe, 0x0, 0x0, 0x8f, 0x53, 0xf6, 0x0, 0x3f,
    0x71, 0xa, 0xe0, 0xb, 0xc0, 0x0, 0x2f, 0x74,
    0xf4, 0x0, 0x0, 0x9e, 0xcb, 0x0, 0x0, 0x1,
    0xff, 0x30, 0x0, 0x0, 0xb, 0xd0, 0x0, 0x0,
    0x0, 0xbd, 0x0, 0x0, 0x0, 0xb, 0xd0, 0x0,
    0x0, 0x0, 0xbd, 0x0, 0x0,

    /* U+03D3 "ϓ" */
    0x5f, 0x48, 0xf1, 0x0, 0x5, 0xf8, 0xab, 0x1,
    0xf9, 0x0, 0x1f, 0xa1, 0x61, 0x0, 0x7f, 0x20,
    0x8e, 0x10, 0x0, 0x0, 0xe, 0xa1, 0xf7, 0x0,
    0x0, 0x0, 0x6, 0xfb, 0xe0, 0x0, 0x0, 0x0,
    0x0, 0xdf, 0x60, 0x0, 0x0, 0x0, 0x0, 0x7f,
    0x0, 0x0, 0x0, 0x0, 0x0, 0x7f, 0x0, 0x0,
    0x0, 0x0, 0x0, 0x7f, 0x0, 0x0, 0x0, 0x0,
    0x0, 0x7f, 0x0, 0x0,

    /* U+03D4 "ϔ" */
    0x0, 0xc5, 0x1e, 0x20, 0x0, 0x6, 0x20, 0x70,
    0x0, 0x0, 0x0, 0x0, 0x0, 0xb, 0xe0, 0x0,
    0x8, 0xf5, 0x3f, 0x60, 0x3, 0xf7, 0x10, 0xae,
    0x0, 0xbc, 0x0, 0x2, 0xf7, 0x4f, 0x40, 0x0,
    0x9, 0xec, 0xb0, 0x0, 0x0, 0x1f, 0xf3, 0x0,
    0x0, 0x0, 0xbd, 0x0, 0x0, 0x0, 0xb, 0xd0,
    0x0, 0x0, 0x0, 0xbd, 0x0, 0x0, 0x0, 0xb,
    0xd0, 0x0, 0x0,

    /* U+03D5 "ϕ" */
    0x0, 0x0, 0x7f, 0x0, 0x0, 0x0, 0x0, 0x7f,
    0x0, 0x0, 0x0, 0x0, 0x7f, 0x0, 0x0, 0x0,
    0x8e, 0xff, 0xea, 0x10, 0x9, 0xf7, 0x8f, 0x3c,
    0xe2, 0x1f, 0x80, 0x7f, 0x1, 0xf9, 0x3f, 0x40,
    0x7f, 0x0, 0xcc, 0x2f, 0x50, 0x7f, 0x0, 0xca,
    0xe, 0xb0, 0x7f, 0x3, 0xf6, 0x3, 0xfc, 0xbf,
    0x9f, 0xb0, 0x0, 0x17, 0xcf, 0x95, 0x0, 0x0,
    0x0, 0x7f, 0x0, 0x0, 0x0, 0x0, 0x7f, 0x0,
    0x0, 0x0, 0x0, 0x7f, 0x0, 0x0,

    /* U+03D6 "ϖ" */
    0xaf, 0xff, 0xff, 0xff, 0xff, 0xff, 0x52, 0x5f,
    0x74, 0x44, 0x44, 0xbd, 0x41, 0x6, 0xf0, 0x1,
    0x30, 0x6, 0xf0, 0x0, 0x7f, 0x0, 0x6f, 0x0,
    0x4f, 0x20, 0x8, 0xe0, 0x6, 0xf0, 0x4, 0xf2,
    0x0, 0x6f, 0x10, 0x7f, 0x10, 0x7f, 0x0, 0x1,
    0xfb, 0x5d, 0xca, 0x5e, 0xa0, 0x0, 0x4, 0xdf,
    0x91, 0xcf, 0xb1, 0x0,

    /* U+03D7 "ϗ" */
    0xdb, 0x0, 0x9f, 0x2d, 0xb0, 0x6f, 0x50, 0xda,
    0x3f, 0x80, 0xd, 0xbe, 0xd0, 0x0, 0xdf, 0xdf,
    0x40, 0xd, 0xb0, 0xbe, 0x10, 0xdb, 0x1, 0xea,
    0xd, 0xb0, 0x5, 0xf6, 0x0, 0x0, 0x1f, 0x94,
    0x10, 0x1a, 0xf2, 0x8f, 0xff, 0xd4, 0x0, 0x1,
    0x0, 0x0,

    /* U+03D8 "Ϙ" */
    0x0, 0x3b, 0xef, 0xe9, 0x20, 0x5, 0xfd, 0x76,
    0x8e, 0xf2, 0xe, 0xd0, 0x0, 0x2, 0xfa, 0x1f,
    0x80, 0x0, 0x0, 0xbe, 0x2f, 0x70, 0x0, 0x0,
    0xbe, 0xe, 0xc0, 0x0, 0x1, 0xeb, 0x6, 0xfb,
    0x53, 0x5d, 0xf3, 0x0, 0x6d, 0xff, 0xfc, 0x30,
    0x0, 0x0, 0x6f, 0x20, 0x0, 0x0, 0x0, 0x5f,
    0x20, 0x0,

    /* U+03D9 "ϙ" */
    0x0, 0x8d, 0xfc, 0x40, 0x9, 0xf6, 0x4b, 0xf3,
    0x1f, 0x70, 0x0, 0xea, 0x3f, 0x40, 0x0, 0xcc,
    0x2f, 0x50, 0x0, 0xcb, 0xe, 0xa0, 0x2, 0xf7,
    0x5, 0xfc, 0xae, 0xd1, 0x0, 0x2b, 0xf6, 0x0,
    0x0, 0x7, 0xf0, 0x0, 0x0, 0x7, 0xf0, 0x0,
    0x0, 0x7, 0xf0, 0x0,

    /* U+03DA "Ϛ" */
    0x0, 0x3a, 0xef, 0xeb, 0x20, 0x4f, 0xe8, 0x67,
    0xb1, 0xe, 0xd0, 0x0, 0x0, 0x1, 0xf7, 0x0,
    0x0, 0x0, 0x1f, 0x80, 0x0, 0x0, 0x0, 0xdd,
    0x0, 0x0, 0x0, 0x4, 0xfe, 0x86, 0x10, 0x0,
    0x2, 0x9d, 0xf3, 0x0, 0x0, 0x0, 0x5f, 0x30,
    0x0, 0x0, 0x5, 0xf3, 0x0,

    /* U+03DB "ϛ" */
    0x0, 0x8e, 0xfd, 0x30, 0x9f, 0x85, 0x81, 0xf,
    0x80, 0x0, 0x3, 0xf4, 0x0, 0x0, 0x3f, 0x40,
    0x0, 0x2, 0xf7, 0x0, 0x0, 0xc, 0xf6, 0x10,
    0x0, 0x1a, 0xff, 0x90, 0x0, 0x1, 0x9f, 0x30,
    0x1, 0x4, 0xf3, 0x0, 0xef, 0xf9, 0x0, 0x0,
    0x20, 0x0,

    /* U+03DC "Ϝ" */
    0xaf, 0xff, 0xfe, 0xae, 0x55, 0x54, 0xad, 0x0,
    0x0, 0xad, 0x11, 0x10, 0xaf, 0xff, 0xf9, 0xad,
    0x44, 0xd9, 0xad, 0x0, 0xd9, 0xad, 0x0, 0x32,
    0xad, 0x0, 0x0, 0xad, 0x0, 0x0,

    /* U+03DD "ϝ" */
    0xaf, 0xff, 0xff, 0xae, 0x55, 0x55, 0xad, 0x0,
    0x0, 0xad, 0x11, 0x10, 0xaf, 0xff, 0xf8, 0xad,
    0x44, 0xd8, 0xad, 0x0, 0xd8, 0xad, 0x0, 0x21,
    0xad, 0x0, 0x0, 0xad, 0x0, 0x0, 0xad, 0x0,
    0x0,

    /* U+03DE "Ϟ" */
    0xe, 0xe6, 0x0, 0x0, 0x3, 0xcd, 0x0, 0x0,
    0x0, 0xbb, 0x0, 0x0, 0x0, 0xf7, 0x11, 0x10,
    0x5, 0xff, 0xff, 0xf5, 0x2, 0x44, 0x49, 0xf1,
    0x0, 0x0, 0xb, 0xc0, 0x0, 0x0, 0xf, 0x70,
    0x0, 0x0, 0x1f, 0x93, 0x0, 0x0, 0x9, 0xf9,

    /* U+03DF "ϟ" */
    0xe, 0xf6, 0x0, 0x0, 0x3, 0xbd, 0x0, 0x0,
    0x0, 0xab, 0x0, 0x0, 0x1, 0xf6, 0x0, 0x0,
    0x6, 0xf0, 0x0, 0x0, 0xc, 0xa1, 0x47, 0xb1,
    0x3f, 0xff, 0xff, 0xe0, 0x49, 0x63, 0xd, 0x90,
    0x0, 0x0, 0x3f, 0x30, 0x0, 0x0, 0x9d, 0x0,
    0x0, 0x0, 0xe7, 0x0, 0x0, 0x3, 0xf3, 0x0,
    0x0, 0x4, 0xf7, 0x20, 0x0, 0x0, 0xbf, 0xa0,

    /* U+03E0 "Ϡ" */
    0x7, 0xdf, 0xea, 0x20, 0x0, 0xc9, 0x67, 0xef,
    0x20, 0x0, 0x2, 0xbf, 0xeb, 0x0, 0x5, 0xf9,
    0x18, 0xf1, 0x0, 0x12, 0x4, 0xdf, 0x40, 0x0,
    0x1b, 0xe9, 0xf5, 0x0, 0x0, 0x71, 0x3f, 0x50,
    0x0, 0x0, 0x5, 0xf3, 0x0, 0x0, 0x0, 0x8f,
    0x0, 0x0, 0x0, 0xe, 0xb0,

    /* U+03E1 "ϡ" */
    0x7, 0x20, 0x0, 0x0, 0x2, 0xef, 0xc2, 0x0,
    0x0, 0x0, 0x4d, 0xf5, 0x0, 0x0, 0x0, 0xa,
    0xf5, 0x0, 0x0, 0x0, 0x5f, 0xe1, 0x0, 0x3,
    0xfd, 0x8f, 0x80, 0x0, 0x13, 0x0, 0xae, 0x0,
    0x0, 0x1, 0x6c, 0xf2, 0x0, 0x6, 0xfb, 0x7f,
    0x40, 0x0, 0x11, 0x1, 0xf6, 0x0, 0x0, 0x0,
    0x1f, 0x60, 0x0, 0x0, 0x3, 0xf4, 0x0, 0x0,
    0x0, 0x6f, 0x20, 0x0, 0x0, 0xb, 0xe0, 0x0,
    0x0, 0x0, 0xf8, 0x0,

    /* U+03F0 "ϰ" */
    0xaf, 0x90, 0x0, 0x3f, 0x50, 0x26, 0xf5, 0x1,
    0xef, 0x0, 0x0, 0xd8, 0xb, 0xfb, 0x0, 0x0,
    0xc9, 0x8e, 0xe8, 0x0, 0x0, 0xec, 0xf3, 0xf7,
    0x0, 0x0, 0xff, 0x70, 0xe8, 0x0, 0x4, 0xfb,
    0x0, 0xbd, 0x41, 0xa, 0xe1, 0x0, 0x2c, 0xf3,

    /* U+03F1 "ϱ" */
    0x0, 0x7d, 0xfc, 0x30, 0x6, 0xf8, 0x5c, 0xf1,
    0xd, 0xb0, 0x1, 0xf7, 0xf, 0x80, 0x0, 0xda,
    0xf, 0x70, 0x0, 0xdb, 0xf, 0x70, 0x1, 0xf8,
    0xf, 0xe6, 0x5c, 0xf2, 0xf, 0xbd, 0xfc, 0x30,
    0xd, 0xb2, 0x0, 0x0, 0x3, 0xef, 0xff, 0x70,
    0x0, 0x1, 0x3c, 0xb0,

    /* U+03F2 "ϲ" */
    0x0, 0x8e, 0xfd, 0x30, 0x9f, 0x85, 0x81, 0x1f,
    0x80, 0x0, 0x3, 0xf5, 0x0, 0x0, 0x3f, 0x50,
    0x0, 0x1, 0xf8, 0x0, 0x0, 0xa, 0xf8, 0x58,
    0x30, 0x9, 0xef, 0xc2,

    /* U+03F3 "ϳ" */
    0x0, 0xc9, 0x0, 0x86, 0x0, 0x0, 0x0, 0xda,
    0x0, 0xda, 0x0, 0xda, 0x0, 0xda, 0x0, 0xda,
    0x0, 0xda, 0x0, 0xda, 0x0, 0xda, 0x0, 0xd9,
    0x36, 0xf7, 0xaf, 0xb1,

    /* U+03F4 "ϴ" */
    0x0, 0x29, 0xef, 0xe9, 0x10, 0x0, 0x2e, 0xe7,
    0x57, 0xee, 0x10, 0xb, 0xe1, 0x0, 0x1, 0xea,
    0x0, 0xf8, 0x0, 0x0, 0x9, 0xf0, 0x2f, 0xff,
    0xff, 0xff, 0xff, 0x12, 0xf9, 0x33, 0x33, 0x39,
    0xf1, 0xf, 0xa0, 0x0, 0x0, 0xaf, 0x0, 0xbf,
    0x20, 0x0, 0x2f, 0xa0, 0x2, 0xee, 0x85, 0x8f,
    0xe1, 0x0, 0x2, 0xae, 0xfe, 0x91, 0x0,

    /* U+03F5 "ϵ" */
    0x0, 0x8e, 0xfd, 0x50, 0x9e, 0x64, 0x62, 0x1f,
    0x60, 0x0, 0x3, 0xff, 0xff, 0xb0, 0x3f, 0x62,
    0x22, 0x1, 0xf8, 0x0, 0x0, 0xa, 0xf7, 0x47,
    0x50, 0x8, 0xef, 0xd4,

    /* U+03F6 "϶" */
    0x3d, 0xfe, 0x90, 0x1, 0x74, 0x6e, 0xa0, 0x0,
    0x0, 0x6f, 0x10, 0xbf, 0xff, 0xf3, 0x1, 0x22,
    0x7f, 0x30, 0x0, 0x9, 0xf1, 0x56, 0x48, 0xf9,
    0x5, 0xef, 0xe8, 0x0,

    /* U+03F7 "Ϸ" */
    0xad, 0x10, 0x0, 0xa, 0xff, 0xfe, 0x70, 0xae,
    0x45, 0xaf, 0x5a, 0xd0, 0x0, 0xdb, 0xad, 0x0,
    0xb, 0xda, 0xd0, 0x0, 0xdb, 0xad, 0x12, 0x8f,
    0x6a, 0xff, 0xff, 0x80, 0xae, 0x33, 0x0, 0xa,
    0xd0, 0x0, 0x0,

    /* U+03F8 "ϸ" */
    0xda, 0x0, 0x0, 0xd, 0xa0, 0x0, 0x0, 0xda,
    0x0, 0x0, 0xd, 0xa9, 0xfe, 0x70, 0xdf, 0x95,
    0x9f, 0x5d, 0xd0, 0x0, 0xdb, 0xda, 0x0, 0xa,
    0xed, 0xa0, 0x0, 0xad, 0xdd, 0x0, 0xd, 0xbd,
    0xfa, 0x59, 0xf5, 0xda, 0x9f, 0xe7, 0xd, 0x90,
    0x0, 0x0, 0xda, 0x0, 0x0, 0xd, 0xa0, 0x0,
    0x0,

    /* U+03F9 "Ϲ" */
    0x0, 0x18, 0xdf, 0xeb, 0x20, 0x1d, 0xf9, 0x67,
    0xb1, 0x9, 0xf3, 0x0, 0x0, 0x0, 0xfa, 0x0,
    0x0, 0x0, 0x1f, 0x70, 0x0, 0x0, 0x2, 0xf7,
    0x0, 0x0, 0x0, 0xf, 0xa0, 0x0, 0x0, 0x0,
    0xbf, 0x20, 0x0, 0x0, 0x2, 0xef, 0x86, 0x69,
    0x0, 0x2, 0xae, 0xfe, 0xb0,

    /* U+03FA "Ϻ" */
    0xaf, 0x90, 0x0, 0x0, 0xcf, 0x8a, 0xef, 0x30,
    0x0, 0x5f, 0xe8, 0xaa, 0xbc, 0x0, 0xe, 0x7e,
    0x8a, 0xa2, 0xf5, 0x9, 0xd0, 0xf8, 0xab, 0x8,
    0xe3, 0xf4, 0xf, 0x8a, 0xb0, 0xe, 0xfa, 0x0,
    0xf8, 0xab, 0x0, 0x4a, 0x10, 0xf, 0x8a, 0xb0,
    0x0, 0x0, 0x0, 0xf8, 0xab, 0x0, 0x0, 0x0,
    0xf, 0x8a, 0xb0, 0x0, 0x0, 0x0, 0xf8,

    /* U+03FB "ϻ" */
    0xdf, 0x50, 0x0, 0xbf, 0x6d, 0xfe, 0x0, 0x5f,
    0xf6, 0xd9, 0xe8, 0xe, 0x7f, 0x6d, 0x85, 0xfa,
    0xd0, 0xf6, 0xd9, 0xb, 0xf4, 0xf, 0x6d, 0x90,
    0x12, 0x0, 0xf6, 0xd9, 0x0, 0x0, 0xf, 0x6d,
    0x90, 0x0, 0x0, 0xf6, 0xd9, 0x0, 0x0, 0x0,
    0xd, 0x90, 0x0, 0x0, 0x0, 0xd9, 0x0, 0x0,
    0x0, 0x0,

    /* U+03FC "ϼ" */
    0x0, 0x7d, 0xfc, 0x30, 0x7, 0xf7, 0x5c, 0xf1,
    0xd, 0xa0, 0x1, 0xf7, 0xf, 0x70, 0x0, 0xda,
    0x1f, 0x70, 0x0, 0xdb, 0x1f, 0x70, 0x1, 0xf8,
    0x1f, 0xd6, 0x4b, 0xf2, 0x1f, 0xbd, 0xfc, 0x30,
    0x1f, 0x60, 0x0, 0x0, 0xff, 0xff, 0xf1, 0x0,
    0x3f, 0x82, 0x20, 0x0,

    /* U+03FD "Ͻ" */
    0x3b, 0xef, 0xe9, 0x10, 0x2, 0xb7, 0x69, 0xfe,
    0x10, 0x0, 0x0, 0x4, 0xf9, 0x0, 0x0, 0x0,
    0xc, 0xe0, 0x0, 0x0, 0x0, 0x9f, 0x0, 0x0,
    0x0, 0x9, 0xf0, 0x0, 0x0, 0x0, 0xcd, 0x0,
    0x0, 0x0, 0x5f, 0x80, 0x19, 0x66, 0x9f, 0xd0,
    0x1, 0xbe, 0xfd, 0x80, 0x0,

    /* U+03FE "Ͼ" */
    0x0, 0x18, 0xdf, 0xeb, 0x20, 0x1d, 0xf9, 0x67,
    0xb1, 0x9, 0xf3, 0x0, 0x0, 0x0, 0xfa, 0x0,
    0x0, 0x0, 0x1f, 0x70, 0x3f, 0x70, 0x2, 0xf7,
    0x2, 0xe6, 0x0, 0xf, 0xa0, 0x0, 0x0, 0x0,
    0xbf, 0x20, 0x0, 0x0, 0x2, 0xef, 0x86, 0x69,
    0x0, 0x2, 0xae, 0xfe, 0xb0,

    /* U+03FF "Ͽ" */
    0x3b, 0xef, 0xe9, 0x10, 0x2, 0xa7, 0x69, 0xfe,
    0x10, 0x0, 0x0, 0x4, 0xf9, 0x0, 0x0, 0x0,
    0xc, 0xe0, 0x0, 0x8f, 0x20, 0x9f, 0x0, 0x6,
    0xe2, 0x9, 0xf0, 0x0, 0x0, 0x0, 0xcd, 0x0,
    0x0, 0x0, 0x5f, 0x80, 0x29, 0x66, 0x9f, 0xd0,
    0x1, 0xbe, 0xfd, 0x80, 0x0,

    /* U+0400 "Ѐ" */
    0x4, 0x71, 0x0, 0x0, 0xbb, 0x0, 0x0, 0x7,
    0x10, 0x0, 0x0, 0x0, 0xbf, 0xff, 0xff, 0xbe,
    0x55, 0x55, 0xbd, 0x0, 0x0, 0xbd, 0x11, 0x10,
    0xbf, 0xff, 0xfb, 0xbd, 0x44, 0x43, 0xbd, 0x0,
    0x0, 0xbd, 0x0, 0x0, 0xbe, 0x55, 0x55, 0xbf,
    0xff, 0xff,

    /* U+0401 "Ё" */
    0x9, 0x81, 0xe2, 0x6, 0x61, 0xa1, 0x0, 0x0,
    0x0, 0xbf, 0xff, 0xff, 0xbe, 0x55, 0x55, 0xbd,
    0x0, 0x0, 0xbd, 0x11, 0x10, 0xbf, 0xff, 0xfb,
    0xbd, 0x44, 0x43, 0xbd, 0x0, 0x0, 0xbd, 0x0,
    0x0, 0xbe, 0x55, 0x55, 0xbf, 0xff, 0xff,

    /* U+0402 "Ђ" */
    0xdf, 0xff, 0xff, 0xf6, 0x0, 0x45, 0xaf, 0x65,
    0x52, 0x0, 0x0, 0x7f, 0x10, 0x0, 0x0, 0x0,
    0x6f, 0x10, 0x0, 0x0, 0x0, 0x6f, 0xdf, 0xfd,
    0x50, 0x0, 0x6f, 0x74, 0x5c, 0xf3, 0x0, 0x6f,
    0x10, 0x1, 0xf7, 0x0, 0x6f, 0x10, 0x1, 0xf7,
    0x0, 0x6f, 0x14, 0x6c, 0xf2, 0x0, 0x6f, 0x19,
    0xfd, 0x40,

    /* U+0403 "Ѓ" */
    0x0, 0x3, 0x82, 0x0, 0x1e, 0x80, 0x0, 0x35,
    0x0, 0x0, 0x0, 0x0, 0xaf, 0xff, 0xff, 0xae,
    0x55, 0x55, 0xad, 0x0, 0x0, 0xad, 0x0, 0x0,
    0xad, 0x0, 0x0, 0xad, 0x0, 0x0, 0xad, 0x0,
    0x0, 0xad, 0x0, 0x0, 0xad, 0x0, 0x0, 0xad,
    0x0, 0x0,

    /* U+0404 "Є" */
    0x0, 0x19, 0xdf, 0xea, 0x20, 0x1e, 0xe8, 0x67,
    0xb1, 0xa, 0xe1, 0x0, 0x0, 0x0, 0xf9, 0x11,
    0x11, 0x0, 0x2f, 0xff, 0xff, 0xf2, 0x2, 0xf9,
    0x44, 0x44, 0x0, 0xf, 0xa0, 0x0, 0x0, 0x0,
    0xbf, 0x30, 0x0, 0x0, 0x3, 0xff, 0x96, 0x7a,
    0x20, 0x2, 0xae, 0xfe, 0xb1,

    /* U+0405 "Ѕ" */
    0x2, 0xbe, 0xfc, 0x60, 0xe, 0xd6, 0x69, 0x70,
    0x2f, 0x50, 0x0, 0x0, 0xf, 0xb0, 0x0, 0x0,
    0x4, 0xfe, 0x81, 0x0, 0x0, 0x17, 0xef, 0x40,
    0x0, 0x0, 0xc, 0xe0, 0x0, 0x0, 0x8, 0xf0,
    0x4a, 0x75, 0x7f, 0xa0, 0x2b, 0xef, 0xd8, 0x0,

    /* U+0406 "І" */
    0xbd, 0xbd, 0xbd, 0xbd, 0xbd, 0xbd, 0xbd, 0xbd,
    0xbd, 0xbd,

    /* U+0407 "Ї" */
    0x7a, 0x8a, 0x57, 0x57, 0x0, 0x0, 0xa, 0xd0,
    0xa, 0xd0, 0xa, 0xd0, 0xa, 0xd0, 0xa, 0xd0,
    0xa, 0xd0, 0xa, 0xd0, 0xa, 0xd0, 0xa, 0xd0,
    0xa, 0xd0,

    /* U+0408 "Ј" */
    0x0, 0xb, 0xc0, 0x0, 0xbc, 0x0, 0xb, 0xc0,
    0x0, 0xbc, 0x0, 0xb, 0xc0, 0x0, 0xbc, 0x0,
    0xb, 0xc0, 0x0, 0xbc, 0x0, 0xb, 0xc0, 0x0,
    0xbc, 0x0, 0xc, 0xb0, 0x14, 0xf8, 0x1f, 0xfd,
    0x10, 0x33, 0x0,

    /* U+0409 "Љ" */
    0x0, 0x9f, 0xff, 0xff, 0x70, 0x0, 0x0, 0x0,
    0xad, 0x55, 0x6f, 0x70, 0x0, 0x0, 0x0, 0xbb,
    0x0, 0x1f, 0x70, 0x0, 0x0, 0x0, 0xca, 0x0,
    0x1f, 0xff, 0xfc, 0x30, 0x0, 0xd9, 0x0, 0x1f,
    0x94, 0x5d, 0xf1, 0x0, 0xe8, 0x0, 0x1f, 0x70,
    0x2, 0xf6, 0x0, 0xf7, 0x0, 0x1f, 0x70, 0x0,
    0xf8, 0x2, 0xf4, 0x0, 0x1f, 0x70, 0x4, 0xf6,
    0x7b, 0xf1, 0x0, 0x1f, 0xb7, 0x8e, 0xe0, 0xee,
    0x60, 0x0, 0x1f, 0xff, 0xea, 0x20,

    /* U+040A "Њ" */
    0xad, 0x0, 0x0, 0xcb, 0x0, 0x0, 0xa, 0xd0,
    0x0, 0xc, 0xb0, 0x0, 0x0, 0xad, 0x0, 0x0,
    0xcb, 0x0, 0x0, 0xa, 0xd1, 0x11, 0x1d, 0xb1,
    0x0, 0x0, 0xaf, 0xff, 0xff, 0xff, 0xff, 0xe7,
    0xa, 0xe4, 0x44, 0x4d, 0xc4, 0x59, 0xf7, 0xad,
    0x0, 0x0, 0xcb, 0x0, 0xd, 0xba, 0xd0, 0x0,
    0xc, 0xb0, 0x0, 0xdb, 0xad, 0x0, 0x0, 0xcc,
    0x56, 0xbf, 0x6a, 0xd0, 0x0, 0xc, 0xff, 0xfc,
    0x60,

    /* U+040B "Ћ" */
    0xdf, 0xff, 0xff, 0xf6, 0x0, 0x45, 0xaf, 0x65,
    0x52, 0x0, 0x0, 0x6f, 0x10, 0x0, 0x0, 0x0,
    0x6f, 0x10, 0x0, 0x0, 0x0, 0x6f, 0xdf, 0xfd,
    0x50, 0x0, 0x6f, 0x84, 0x5c, 0xf2, 0x0, 0x6f,
    0x10, 0x2, 0xf6, 0x0, 0x6f, 0x10, 0x0, 0xf7,
    0x0, 0x6f, 0x10, 0x0, 0xf7, 0x0, 0x6f, 0x10,
    0x0, 0xf7,

    /* U+040C "Ќ" */
    0x0, 0x0, 0x76, 0x0, 0x0, 0x8, 0xd1, 0x0,
    0x0, 0x7, 0x10, 0x0, 0x0, 0x0, 0x0, 0x0,
    0xad, 0x0, 0x6, 0xf4, 0xad, 0x0, 0x2f, 0x80,
    0xad, 0x0, 0xcc, 0x0, 0xad, 0x18, 0xf2, 0x0,
    0xaf, 0xff, 0x90, 0x0, 0xae, 0x4b, 0xf1, 0x0,
    0xad, 0x1, 0xfa, 0x0, 0xad, 0x0, 0x6f, 0x50,
    0xad, 0x0, 0xc, 0xe0, 0xad, 0x0, 0x2, 0xf9,

    /* U+040D "Ѝ" */
    0x0, 0x28, 0x30, 0x0, 0x0, 0x0, 0x8e, 0x10,
    0x0, 0x0, 0x0, 0x54, 0x0, 0x0, 0x0, 0x0,
    0x0, 0x0, 0xad, 0x0, 0x0, 0xaf, 0x6a, 0xd0,
    0x0, 0x3e, 0xf6, 0xad, 0x0, 0xc, 0x7f, 0x6a,
    0xd0, 0x6, 0xc1, 0xf6, 0xad, 0x0, 0xe3, 0x1f,
    0x6a, 0xd0, 0x8a, 0x2, 0xf6, 0xad, 0x2f, 0x10,
    0x2f, 0x6a, 0xcb, 0x70, 0x2, 0xf6, 0xaf, 0xe0,
    0x0, 0x2f, 0x6a, 0xf5, 0x0, 0x2, 0xf6,

    /* U+040E "Ў" */
    0x0, 0x0, 0x0, 0x0, 0x0, 0xa, 0xc0, 0x9d,
    0x0, 0x0, 0x1c, 0xfd, 0x30, 0x0, 0x0, 0x0,
    0x0, 0x0, 0xae, 0x0, 0x0, 0x1f, 0x82, 0xf7,
    0x0, 0x7, 0xf1, 0xa, 0xe0, 0x0, 0xea, 0x0,
    0x2f, 0x70, 0x5f, 0x30, 0x0, 0xae, 0xc, 0xb0,
    0x0, 0x2, 0xf9, 0xf4, 0x0, 0x0, 0x9, 0xfd,
    0x0, 0x0, 0x0, 0x6f, 0x50, 0x0, 0x7, 0x8f,
    0xc0, 0x0, 0x0, 0xdf, 0xb1, 0x0, 0x0,

    /* U+040F "Џ" */
    0xad, 0x0, 0x0, 0x7f, 0xa, 0xd0, 0x0, 0x7,
    0xf0, 0xad, 0x0, 0x0, 0x7f, 0xa, 0xd0, 0x0,
    0x7, 0xf0, 0xad, 0x0, 0x0, 0x7f, 0xa, 0xd0,
    0x0, 0x7, 0xf0, 0xad, 0x0, 0x0, 0x7f, 0xa,
    0xd0, 0x0, 0x7, 0xf0, 0xae, 0x55, 0x55, 0xaf,
    0xa, 0xff, 0xff, 0xff, 0xf0, 0x0, 0x8, 0xe0,
    0x0, 0x0, 0x0, 0x8e, 0x0, 0x0, 0x0, 0x4,
    0x70, 0x0, 0x0,

    /* U+0410 "А" */
    0x0, 0x6, 0xf8, 0x0, 0x0, 0x0, 0xc, 0xee,
    0x0, 0x0, 0x0, 0x2f, 0x6f, 0x40, 0x0, 0x0,
    0x8e, 0xc, 0xa0, 0x0, 0x0, 0xe9, 0x7, 0xf1,
    0x0, 0x4, 0xf5, 0x13, 0xf7, 0x0, 0xa, 0xff,
    0xff, 0xfd, 0x0, 0x1f, 0xa4, 0x44, 0x8f, 0x30,
    0x6f, 0x20, 0x0, 0x1f, 0x90, 0xcc, 0x0, 0x0,
    0xa, 0xe0,

    /* U+0411 "Б" */
    0xaf, 0xff, 0xff, 0x70, 0xae, 0x55, 0x55, 0x20,
    0xad, 0x0, 0x0, 0x0, 0xad, 0x10, 0x0, 0x0,
    0xaf, 0xff, 0xe9, 0x10, 0xae, 0x44, 0x7f, 0xa0,
    0xad, 0x0, 0x9, 0xf0, 0xad, 0x0, 0xa, 0xf0,
    0xae, 0x55, 0x9f, 0x90, 0xaf, 0xff, 0xd7, 0x0,

    /* U+0412 "В" */
    0xbf, 0xff, 0xea, 0x20, 0xbe, 0x45, 0x7e, 0xe0,
    0xbd, 0x0, 0x8, 0xf1, 0xbd, 0x0, 0x2c, 0xc0,
    0xbf, 0xff, 0xfc, 0x10, 0xbd, 0x33, 0x5d, 0xd0,
    0xbd, 0x0, 0x4, 0xf5, 0xbd, 0x0, 0x4, 0xf5,
    0xbe, 0x44, 0x6e, 0xe1, 0xbf, 0xff, 0xeb, 0x20,

    /* U+0413 "Г" */
    0xaf, 0xff, 0xff, 0xae, 0x55, 0x55, 0xad, 0x0,
    0x0, 0xad, 0x0, 0x0, 0xad, 0x0, 0x0, 0xad,
    0x0, 0x0, 0xad, 0x0, 0x0, 0xad, 0x0, 0x0,
    0xad, 0x0, 0x0, 0xad, 0x0, 0x0,

    /* U+0414 "Д" */
    0x0, 0x4f, 0xff, 0xff, 0xf0, 0x0, 0x5, 0xf6,
    0x55, 0xbf, 0x0, 0x0, 0x6f, 0x0, 0x8, 0xf0,
    0x0, 0x6, 0xf0, 0x0, 0x8f, 0x0, 0x0, 0x8e,
    0x0, 0x8, 0xf0, 0x0, 0x9, 0xc0, 0x0, 0x8f,
    0x0, 0x0, 0xda, 0x0, 0x8, 0xf0, 0x0, 0x3f,
    0x40, 0x0, 0x8f, 0x0, 0x4c, 0xf5, 0x55, 0x5b,
    0xf5, 0x1d, 0xff, 0xff, 0xff, 0xff, 0xf4, 0xd9,
    0x0, 0x0, 0x0, 0x3f, 0x4d, 0x90, 0x0, 0x0,
    0x3, 0xf4, 0x32, 0x0, 0x0, 0x0, 0x4, 0x10,

    /* U+0415 "Е" */
    0xbf, 0xff, 0xff, 0xbe, 0x55, 0x55, 0xbd, 0x0,
    0x0, 0xbd, 0x11, 0x10, 0xbf, 0xff, 0xfb, 0xbd,
    0x44, 0x43, 0xbd, 0x0, 0x0, 0xbd, 0x0, 0x0,
    0xbe, 0x55, 0x55, 0xbf, 0xff, 0xff,

    /* U+0416 "Ж" */
    0x5f, 0x40, 0x3, 0xf4, 0x0, 0x3f, 0x50, 0xae,
    0x10, 0x3f, 0x40, 0xe, 0xa0, 0x0, 0xea, 0x3,
    0xf4, 0xa, 0xe1, 0x0, 0x4, 0xf5, 0x4f, 0x45,
    0xf4, 0x0, 0x0, 0xb, 0xff, 0xff, 0xfc, 0x0,
    0x0, 0x2, 0xf9, 0x7f, 0x79, 0xf3, 0x0, 0x0,
    0xcd, 0x3, 0xf4, 0xd, 0xc0, 0x0, 0x6f, 0x40,
    0x3f, 0x40, 0x4f, 0x70, 0x1e, 0xa0, 0x3, 0xf4,
    0x0, 0xaf, 0x1a, 0xf1, 0x0, 0x3f, 0x40, 0x1,
    0xfa,

    /* U+0417 "З" */
    0x2a, 0xef, 0xea, 0x10, 0x1a, 0x75, 0x7f, 0xd0,
    0x0, 0x0, 0x8, 0xf0, 0x0, 0x1, 0x4e, 0xa0,
    0x3, 0xff, 0xfa, 0x0, 0x0, 0x34, 0x6e, 0xc0,
    0x0, 0x0, 0x5, 0xf4, 0x0, 0x0, 0x5, 0xf4,
    0x59, 0x65, 0x8e, 0xe0, 0x3c, 0xef, 0xd9, 0x10,

    /* U+0418 "И" */
    0xad, 0x0, 0x0, 0xaf, 0x6a, 0xd0, 0x0, 0x3e,
    0xf6, 0xad, 0x0, 0xc, 0x7f, 0x6a, 0xd0, 0x6,
    0xc1, 0xf6, 0xad, 0x0, 0xe3, 0x1f, 0x6a, 0xd0,
    0x8a, 0x2, 0xf6, 0xad, 0x2f, 0x10, 0x2f, 0x6a,
    0xcb, 0x70, 0x2, 0xf6, 0xaf, 0xe0, 0x0, 0x2f,
    0x6a, 0xf5, 0x0, 0x2, 0xf6,

    /* U+0419 "Й" */
    0x0, 0x0, 0x0, 0x0, 0x0, 0xd, 0x90, 0xc9,
    0x0, 0x0, 0x4d, 0xfc, 0x10, 0x0, 0x0, 0x0,
    0x0, 0x0, 0xad, 0x0, 0x0, 0xaf, 0x6a, 0xd0,
    0x0, 0x3e, 0xf6, 0xad, 0x0, 0xc, 0x7f, 0x6a,
    0xd0, 0x6, 0xc1, 0xf6, 0xad, 0x0, 0xe3, 0x1f,
    0x6a, 0xd0, 0x8a, 0x2, 0xf6, 0xad, 0x2f, 0x10,
    0x2f, 0x6a, 0xcb, 0x70, 0x2, 0xf6, 0xaf, 0xe0,
    0x0, 0x2f, 0x6a, 0xf5, 0x0, 0x2, 0xf6,

    /* U+041A "К" */
    0xad, 0x0, 0x6, 0xf4, 0xad, 0x0, 0x2f, 0x80,
    0xad, 0x0, 0xcc, 0x0, 0xad, 0x18, 0xf2, 0x0,
    0xaf, 0xff, 0x90, 0x0, 0xae, 0x4b, 0xf1, 0x0,
    0xad, 0x1, 0xfa, 0x0, 0xad, 0x0, 0x6f, 0x50,
    0xad, 0x0, 0xc, 0xe0, 0xad, 0x0, 0x2, 0xf9,

    /* U+041B "Л" */
    0x0, 0xaf, 0xff, 0xff, 0x90, 0xa, 0xd5, 0x55,
    0xf9, 0x0, 0xbb, 0x0, 0xe, 0x90, 0xc, 0xa0,
    0x0, 0xe9, 0x0, 0xd9, 0x0, 0xe, 0x90, 0xe,
    0x80, 0x0, 0xe9, 0x0, 0xf7, 0x0, 0xe, 0x90,
    0x2f, 0x40, 0x0, 0xe9, 0x7c, 0xf1, 0x0, 0xe,
    0x9d, 0xe6, 0x0, 0x0, 0xe9,

    /* U+041C "М" */
    0xaf, 0xa0, 0x0, 0x0, 0xdf, 0x8a, 0xff, 0x0,
    0x0, 0x3f, 0xf8, 0xab, 0xf6, 0x0, 0x9, 0xbe,
    0x8a, 0xba, 0xb0, 0x0, 0xe5, 0xf8, 0xab, 0x4f,
    0x10, 0x4f, 0xf, 0x8a, 0xb0, 0xe7, 0xa, 0xa0,
    0xf8, 0xab, 0x9, 0xc1, 0xf4, 0xf, 0x8a, 0xb0,
    0x3f, 0x9e, 0x0, 0xf8, 0xab, 0x0, 0xdf, 0x80,
    0xf, 0x8a, 0xb0, 0x7, 0xf2, 0x0, 0xf8,

    /* U+041D "Н" */
    0xad, 0x0, 0x0, 0x5f, 0x3a, 0xd0, 0x0, 0x5,
    0xf3, 0xad, 0x0, 0x0, 0x5f, 0x3a, 0xd1, 0x11,
    0x16, 0xf3, 0xaf, 0xff, 0xff, 0xff, 0x3a, 0xe4,
    0x44, 0x48, 0xf3, 0xad, 0x0, 0x0, 0x5f, 0x3a,
    0xd0, 0x0, 0x5, 0xf3, 0xad, 0x0, 0x0, 0x5f,
    0x3a, 0xd0, 0x0, 0x5, 0xf3,

    /* U+041E "О" */
    0x0, 0x2a, 0xef, 0xd8, 0x0, 0x2, 0xee, 0x86,
    0x9f, 0xc0, 0xb, 0xf2, 0x0, 0x5, 0xf7, 0xf,
    0x90, 0x0, 0x0, 0xeb, 0x2f, 0x70, 0x0, 0x0,
    0xbd, 0x2f, 0x70, 0x0, 0x0, 0xcd, 0xf, 0x90,
    0x0, 0x0, 0xeb, 0xb, 0xf2, 0x0, 0x6, 0xf6,
    0x2, 0xee, 0x86, 0x9f, 0xc0, 0x0, 0x2a, 0xef,
    0xd8, 0x0,

    /* U+041F "П" */
    0xaf, 0xff, 0xff, 0xff, 0x1a, 0xe5, 0x55, 0x5a,
    0xf1, 0xad, 0x0, 0x0, 0x7f, 0x1a, 0xd0, 0x0,
    0x7, 0xf1, 0xad, 0x0, 0x0, 0x7f, 0x1a, 0xd0,
    0x0, 0x7, 0xf1, 0xad, 0x0, 0x0, 0x7f, 0x1a,
    0xd0, 0x0, 0x7, 0xf1, 0xad, 0x0, 0x0, 0x7f,
    0x1a, 0xd0, 0x0, 0x7, 0xf1,

    /* U+0420 "Р" */
    0xbf, 0xff, 0xd7, 0xb, 0xe5, 0x6a, 0xf7, 0xbd,
    0x0, 0xd, 0xcb, 0xd0, 0x0, 0xcc, 0xbd, 0x12,
    0x7f, 0x7b, 0xff, 0xff, 0x90, 0xbd, 0x33, 0x0,
    0xb, 0xd0, 0x0, 0x0, 0xbd, 0x0, 0x0, 0xb,
    0xd0, 0x0, 0x0,

    /* U+0421 "С" */
    0x0, 0x19, 0xdf, 0xea, 0x20, 0x1e, 0xf9, 0x67,
    0xb1, 0xa, 0xf3, 0x0, 0x0, 0x0, 0xfa, 0x0,
    0x0, 0x0, 0x2f, 0x70, 0x0, 0x0, 0x2, 0xf7,
    0x0, 0x0, 0x0, 0xf, 0xa0, 0x0, 0x0, 0x0,
    0xbf, 0x20, 0x0, 0x0, 0x2, 0xff, 0x96, 0x6a,
    0x20, 0x2, 0xae, 0xfe, 0xb1,

    /* U+0422 "Т" */
    0xdf, 0xff, 0xff, 0xfb, 0x45, 0x5e, 0xc5, 0x53,
    0x0, 0xd, 0xb0, 0x0, 0x0, 0xd, 0xb0, 0x0,
    0x0, 0xd, 0xb0, 0x0, 0x0, 0xd, 0xb0, 0x0,
    0x0, 0xd, 0xb0, 0x0, 0x0, 0xd, 0xb0, 0x0,
    0x0, 0xd, 0xb0, 0x0, 0x0, 0xd, 0xb0, 0x0,

    /* U+0423 "У" */
    0xae, 0x0, 0x0, 0x1f, 0x82, 0xf7, 0x0, 0x7,
    0xf1, 0xa, 0xe0, 0x0, 0xea, 0x0, 0x2f, 0x70,
    0x5f, 0x30, 0x0, 0xae, 0xc, 0xb0, 0x0, 0x2,
    0xf9, 0xf4, 0x0, 0x0, 0x9, 0xfd, 0x0, 0x0,
    0x0, 0x6f, 0x50, 0x0, 0x7, 0x8f, 0xc0, 0x0,
    0x0, 0xdf, 0xb1, 0x0, 0x0,

    /* U+0424 "Ф" */
    0x0, 0x0, 0xd, 0xa0, 0x0, 0x0, 0x0, 0x6c,
    0xff, 0xff, 0xc5, 0x0, 0x9, 0xf8, 0x4e, 0xb5,
    0xaf, 0x60, 0x1f, 0x80, 0xd, 0xa0, 0xb, 0xe0,
    0x3f, 0x40, 0xd, 0xa0, 0x8, 0xf0, 0x2f, 0x70,
    0xd, 0xa0, 0xa, 0xe0, 0xc, 0xf6, 0x1d, 0xa2,
    0x8f, 0x80, 0x1, 0x9f, 0xff, 0xff, 0xe7, 0x0,
    0x0, 0x0, 0x2e, 0xb2, 0x0, 0x0, 0x0, 0x0,
    0xd, 0xa0, 0x0, 0x0,

    /* U+0425 "Х" */
    0x6f, 0x30, 0x0, 0xae, 0x0, 0xcd, 0x0, 0x4f,
    0x50, 0x2, 0xf7, 0xd, 0xa0, 0x0, 0x7, 0xf9,
    0xe1, 0x0, 0x0, 0xd, 0xf6, 0x0, 0x0, 0x1,
    0xff, 0x90, 0x0, 0x0, 0xbc, 0x5f, 0x40, 0x0,
    0x5f, 0x30, 0xbd, 0x0, 0x1e, 0x90, 0x2, 0xf8,
    0x9, 0xe0, 0x0, 0x8, 0xf3,

    /* U+0426 "Ц" */
    0xad, 0x0, 0x0, 0x7f, 0x0, 0xad, 0x0, 0x0,
    0x7f, 0x0, 0xad, 0x0, 0x0, 0x7f, 0x0, 0xad,
    0x0, 0x0, 0x7f, 0x0, 0xad, 0x0, 0x0, 0x7f,
    0x0, 0xad, 0x0, 0x0, 0x7f, 0x0, 0xad, 0x0,
    0x0, 0x7f, 0x0, 0xad, 0x0, 0x0, 0x7f, 0x0,
    0xae, 0x55, 0x55, 0xaf, 0x52, 0xaf, 0xff, 0xff,
    0xff, 0xf6, 0x0, 0x0, 0x0, 0x1, 0xf6, 0x0,
    0x0, 0x0, 0x1, 0xf6, 0x0, 0x0, 0x0, 0x0,
    0x41,

    /* U+0427 "Ч" */
    0xf8, 0x0, 0x3, 0xf4, 0xf8, 0x0, 0x3, 0xf4,
    0xf8, 0x0, 0x3, 0xf4, 0xe9, 0x0, 0x3, 0xf4,
    0xbe, 0x41, 0x28, 0xf4, 0x2d, 0xff, 0xfe, 0xf4,
    0x0, 0x23, 0x13, 0xf4, 0x0, 0x0, 0x3, 0xf4,
    0x0, 0x0, 0x3, 0xf4, 0x0, 0x0, 0x3, 0xf4,

    /* U+0428 "Ш" */
    0xbd, 0x0, 0x7, 0xf1, 0x0, 0x3f, 0x5b, 0xd0,
    0x0, 0x7f, 0x10, 0x3, 0xf5, 0xbd, 0x0, 0x7,
    0xf1, 0x0, 0x3f, 0x5b, 0xd0, 0x0, 0x7f, 0x10,
    0x3, 0xf5, 0xbd, 0x0, 0x7, 0xf1, 0x0, 0x3f,
    0x5b, 0xd0, 0x0, 0x7f, 0x10, 0x3, 0xf5, 0xbd,
    0x0, 0x7, 0xf1, 0x0, 0x3f, 0x5b, 0xd0, 0x0,
    0x7f, 0x10, 0x3, 0xf5, 0xbe, 0x66, 0x6a, 0xf6,
    0x66, 0x8f, 0x5b, 0xff, 0xff, 0xff, 0xff, 0xff,
    0xf5,

    /* U+0429 "Щ" */
    0xbd, 0x0, 0x9, 0xf0, 0x0, 0x7f, 0x10, 0xbd,
    0x0, 0x9, 0xf0, 0x0, 0x7f, 0x10, 0xbd, 0x0,
    0x9, 0xf0, 0x0, 0x7f, 0x10, 0xbd, 0x0, 0x9,
    0xf0, 0x0, 0x7f, 0x10, 0xbd, 0x0, 0x9, 0xf0,
    0x0, 0x7f, 0x10, 0xbd, 0x0, 0x9, 0xf0, 0x0,
    0x7f, 0x10, 0xbd, 0x0, 0x9, 0xf0, 0x0, 0x7f,
    0x10, 0xbd, 0x0, 0x9, 0xf0, 0x0, 0x7f, 0x10,
    0xbe, 0x55, 0x5b, 0xf5, 0x55, 0xaf, 0x62, 0xbf,
    0xff, 0xff, 0xff, 0xff, 0xff, 0xf7, 0x0, 0x0,
    0x0, 0x0, 0x0, 0x0, 0xf7, 0x0, 0x0, 0x0,
    0x0, 0x0, 0x0, 0xf7, 0x0, 0x0, 0x0, 0x0,
    0x0, 0x0, 0x42,

    /* U+042A "Ъ" */
    0xdf, 0xff, 0x10, 0x0, 0x0, 0x45, 0xaf, 0x10,
    0x0, 0x0, 0x0, 0x7f, 0x10, 0x0, 0x0, 0x0,
    0x7f, 0x10, 0x0, 0x0, 0x0, 0x7f, 0xff, 0xea,
    0x10, 0x0, 0x7f, 0x44, 0x6e, 0xc0, 0x0, 0x7f,
    0x10, 0x7, 0xf1, 0x0, 0x7f, 0x10, 0x8, 0xf1,
    0x0, 0x7f, 0x65, 0x8f, 0xb0, 0x0, 0x7f, 0xff,
    0xd9, 0x10,

    /* U+042B "Ы" */
    0xad, 0x0, 0x0, 0x0, 0xad, 0xad, 0x0, 0x0,
    0x0, 0xad, 0xad, 0x0, 0x0, 0x0, 0xad, 0xad,
    0x10, 0x0, 0x0, 0xad, 0xaf, 0xff, 0xe8, 0x0,
    0xad, 0xae, 0x44, 0x8f, 0x80, 0xad, 0xad, 0x0,
    0xb, 0xd0, 0xad, 0xad, 0x0, 0xb, 0xd0, 0xad,
    0xae, 0x55, 0x9f, 0x70, 0xad, 0xaf, 0xff, 0xd7,
    0x0, 0xad,

    /* U+042C "Ь" */
    0xad, 0x0, 0x0, 0xa, 0xd0, 0x0, 0x0, 0xad,
    0x0, 0x0, 0xa, 0xd1, 0x0, 0x0, 0xaf, 0xff,
    0xe8, 0xa, 0xe4, 0x48, 0xf9, 0xad, 0x0, 0xb,
    0xea, 0xd0, 0x0, 0xbd, 0xae, 0x55, 0x9f, 0x8a,
    0xff, 0xfd, 0x70,

    /* U+042D "Э" */
    0x2a, 0xef, 0xea, 0x20, 0x1, 0xb7, 0x68, 0xef,
    0x20, 0x0, 0x0, 0x1, 0xdc, 0x0, 0x1, 0x11,
    0x18, 0xf1, 0x0, 0xff, 0xff, 0xff, 0x30, 0x4,
    0x44, 0x48, 0xf3, 0x0, 0x0, 0x0, 0x9f, 0x10,
    0x0, 0x0, 0x2f, 0xb0, 0x3a, 0x66, 0x8f, 0xf2,
    0x2, 0xbe, 0xfe, 0xa2, 0x0,

    /* U+042E "Ю" */
    0xad, 0x0, 0x6, 0xdf, 0xfb, 0x30, 0xa, 0xd0,
    0x8, 0xf9, 0x45, 0xcf, 0x30, 0xad, 0x1, 0xf8,
    0x0, 0x0, 0xec, 0xa, 0xd1, 0x6f, 0x20, 0x0,
    0x8, 0xf1, 0xaf, 0xff, 0xf0, 0x0, 0x0, 0x6f,
    0x3a, 0xe4, 0x9f, 0x10, 0x0, 0x6, 0xf3, 0xad,
    0x5, 0xf3, 0x0, 0x0, 0x9f, 0x1a, 0xd0, 0x1f,
    0xa0, 0x0, 0x1e, 0xc0, 0xad, 0x0, 0x7f, 0xb6,
    0x7d, 0xf3, 0xa, 0xd0, 0x0, 0x5c, 0xff, 0xb3,
    0x0,

    /* U+042F "Я" */
    0x0, 0x7d, 0xff, 0xfc, 0x8, 0xf9, 0x55, 0xdc,
    0xe, 0xb0, 0x0, 0xbc, 0xe, 0xa0, 0x0, 0xbc,
    0x9, 0xf5, 0x11, 0xcc, 0x0, 0x9f, 0xff, 0xfc,
    0x0, 0x4f, 0x84, 0xcc, 0x0, 0xdc, 0x0, 0xbc,
    0x9, 0xf2, 0x0, 0xbc, 0x4f, 0x60, 0x0, 0xbc,

    /* U+0430 "а" */
    0x6, 0xdf, 0xea, 0x10, 0x56, 0x45, 0xe9, 0x0,
    0x0, 0xa, 0xd0, 0x4c, 0xef, 0xfd, 0x2f, 0x91,
    0xa, 0xd5, 0xf2, 0x0, 0xcd, 0x3f, 0x93, 0x8f,
    0xd0, 0x8e, 0xf9, 0x5d,

    /* U+0431 "б" */
    0x0, 0x0, 0x35, 0x81, 0x0, 0x4e, 0xff, 0xe2,
    0x4, 0xf9, 0x30, 0x0, 0xc, 0xa0, 0x0, 0x0,
    0xf, 0x7c, 0xfd, 0x50, 0x3f, 0xe7, 0x4b, 0xf3,
    0x4f, 0x80, 0x0, 0xfa, 0x4f, 0x50, 0x0, 0xcc,
    0x2f, 0x50, 0x0, 0xcc, 0xe, 0x90, 0x1, 0xf9,
    0x8, 0xf7, 0x4b, 0xf2, 0x0, 0x8e, 0xfc, 0x30,

    /* U+0432 "в" */
    0xdf, 0xff, 0xd6, 0xd, 0xb3, 0x3a, 0xf1, 0xda,
    0x0, 0x8f, 0x1d, 0xff, 0xff, 0x50, 0xda, 0x23,
    0xaf, 0x2d, 0xa0, 0x2, 0xf6, 0xdb, 0x33, 0xaf,
    0x3d, 0xff, 0xfd, 0x60,

    /* U+0433 "г" */
    0xdf, 0xff, 0xfd, 0xc4, 0x44, 0xda, 0x0, 0xd,
    0xa0, 0x0, 0xda, 0x0, 0xd, 0xa0, 0x0, 0xda,
    0x0, 0xd, 0xa0, 0x0,

    /* U+0434 "д" */
    0x0, 0xff, 0xff, 0xf5, 0x0, 0xf, 0x84, 0x5f,
    0x50, 0x0, 0xf4, 0x1, 0xf5, 0x0, 0x1f, 0x30,
    0x1f, 0x50, 0x3, 0xf2, 0x1, 0xf5, 0x0, 0x7e,
    0x0, 0x1f, 0x50, 0x3e, 0xb4, 0x45, 0xf8, 0x1e,
    0xff, 0xff, 0xff, 0xf7, 0xe8, 0x0, 0x0, 0xf,
    0x7e, 0x80, 0x0, 0x0, 0xf7, 0x0, 0x0, 0x0,
    0x0, 0x0,

    /* U+0435 "е" */
    0x0, 0x9e, 0xea, 0x10, 0xb, 0xe5, 0x4d, 0xb0,
    0x2f, 0x50, 0x5, 0xf1, 0x4f, 0xff, 0xff, 0xf3,
    0x5f, 0x62, 0x22, 0x20, 0x2f, 0x80, 0x0, 0x0,
    0xb, 0xf8, 0x46, 0x90, 0x0, 0x9e, 0xfe, 0x80,

    /* U+0436 "ж" */
    0x5f, 0x30, 0x3f, 0x40, 0x2f, 0x60, 0xad, 0x3,
    0xf4, 0xc, 0xb0, 0x1, 0xe9, 0x3f, 0x48, 0xe1,
    0x0, 0x6, 0xff, 0xff, 0xf7, 0x0, 0x0, 0xdc,
    0x5f, 0x6b, 0xd0, 0x0, 0x6f, 0x33, 0xf4, 0x2f,
    0x70, 0x1e, 0xa0, 0x3f, 0x40, 0x9f, 0x19, 0xf1,
    0x3, 0xf4, 0x1, 0xea,

    /* U+0437 "з" */
    0x3c, 0xef, 0xc4, 0x1, 0x74, 0x4b, 0xf0, 0x0,
    0x0, 0x9e, 0x0, 0x6f, 0xfe, 0x30, 0x1, 0x23,
    0xbe, 0x10, 0x0, 0x4, 0xf4, 0x57, 0x44, 0xbf,
    0x15, 0xdf, 0xfc, 0x40,

    /* U+0438 "и" */
    0xda, 0x0, 0x4f, 0xbd, 0xa0, 0xd, 0xfb, 0xda,
    0x6, 0xeb, 0xbd, 0xa0, 0xe6, 0xbb, 0xd9, 0x7d,
    0xb, 0xbd, 0xaf, 0x50, 0xbb, 0xdf, 0xc0, 0xb,
    0xbd, 0xf3, 0x0, 0xbb,

    /* U+0439 "й" */
    0x1, 0x0, 0x0, 0x0, 0xba, 0xb, 0xa0, 0x2,
    0xcf, 0xc1, 0x0, 0x0, 0x0, 0x0, 0xda, 0x0,
    0x4f, 0xbd, 0xa0, 0xd, 0xfb, 0xda, 0x6, 0xeb,
    0xbd, 0xa0, 0xe6, 0xbb, 0xd9, 0x7d, 0xb, 0xbd,
    0xaf, 0x50, 0xbb, 0xdf, 0xc0, 0xb, 0xbd, 0xf3,
    0x0, 0xbb,

    /* U+043A "к" */
    0xda, 0x0, 0x6f, 0x2d, 0xa0, 0x2f, 0x60, 0xda,
    0x1d, 0xa0, 0xd, 0xff, 0xf2, 0x0, 0xdb, 0x4f,
    0x90, 0xd, 0xa0, 0x7f, 0x30, 0xda, 0x0, 0xdc,
    0xd, 0xa0, 0x4, 0xf6,

    /* U+043B "л" */
    0x2, 0xff, 0xff, 0xf3, 0x3, 0xf6, 0x47, 0xf3,
    0x4, 0xf1, 0x4, 0xf3, 0x4, 0xf0, 0x4, 0xf3,
    0x5, 0xf0, 0x4, 0xf3, 0x7, 0xd0, 0x4, 0xf3,
    0x6d, 0xa0, 0x4, 0xf3, 0xed, 0x20, 0x4, 0xf3,

    /* U+043C "м" */
    0xdf, 0x60, 0x0, 0x5f, 0xed, 0xfc, 0x0, 0xb,
    0xfe, 0xda, 0xf2, 0x1, 0xfb, 0xed, 0x8c, 0x80,
    0x7c, 0x8e, 0xd8, 0x6e, 0xd, 0x68, 0xed, 0x81,
    0xf8, 0xf1, 0x8e, 0xd8, 0xa, 0xfa, 0x8, 0xed,
    0x80, 0x4f, 0x40, 0x8e,

    /* U+043D "н" */
    0xda, 0x0, 0xe, 0x9d, 0xa0, 0x0, 0xe9, 0xda,
    0x0, 0xe, 0x9d, 0xff, 0xff, 0xf9, 0xdb, 0x33,
    0x3e, 0x9d, 0xa0, 0x0, 0xe9, 0xda, 0x0, 0xe,
    0x9d, 0xa0, 0x0, 0xe9,

    /* U+043E "о" */
    0x0, 0x9e, 0xfc, 0x30, 0xa, 0xf6, 0x4b, 0xf2,
    0x1f, 0x70, 0x1, 0xf8, 0x4f, 0x40, 0x0, 0xdb,
    0x4f, 0x40, 0x0, 0xdb, 0x2f, 0x70, 0x1, 0xf8,
    0xa, 0xe6, 0x4b, 0xf1, 0x0, 0x9e, 0xfc, 0x30,

    /* U+043F "п" */
    0xdf, 0xff, 0xff, 0x7d, 0xb4, 0x44, 0xf7, 0xda,
    0x0, 0xf, 0x7d, 0xa0, 0x0, 0xf7, 0xda, 0x0,
    0xf, 0x7d, 0xa0, 0x0, 0xf7, 0xda, 0x0, 0xf,
    0x7d, 0xa0, 0x0, 0xf7,

    /* U+0440 "р" */
    0xd8, 0x9f, 0xe8, 0xd, 0xf7, 0x27, 0xf5, 0xdd,
    0x0, 0xc, 0xcd, 0xa0, 0x0, 0x9e, 0xdb, 0x0,
    0xa, 0xed, 0xe0, 0x0, 0xdc, 0xdf, 0xa5, 0x9f,
    0x5d, 0xa9, 0xfe, 0x80, 0xda, 0x0, 0x0, 0xd,
    0xa0, 0x0, 0x0, 0xda, 0x0, 0x0, 0x0,

    /* U+0441 "с" */
    0x0, 0x9e, 0xfd, 0x30, 0xaf, 0x85, 0x71, 0x1f,
    0x80, 0x0, 0x4, 0xf4, 0x0, 0x0, 0x4f, 0x30,
    0x0, 0x2, 0xf7, 0x0, 0x0, 0xb, 0xf8, 0x46,
    0x20, 0x9, 0xef, 0xd3,

    /* U+0442 "т" */
    0xcf, 0xff, 0xff, 0x73, 0x48, 0xf4, 0x41, 0x0,
    0x6f, 0x10, 0x0, 0x6, 0xf1, 0x0, 0x0, 0x6f,
    0x10, 0x0, 0x6, 0xf1, 0x0, 0x0, 0x6f, 0x10,
    0x0, 0x6, 0xf1, 0x0,

    /* U+0443 "у" */
    0xcc, 0x0, 0x6, 0xf2, 0x6f, 0x20, 0xb, 0xd0,
    0xf, 0x80, 0x1f, 0x70, 0x9, 0xd0, 0x6f, 0x10,
    0x3, 0xf3, 0xcb, 0x0, 0x0, 0xc9, 0xf5, 0x0,
    0x0, 0x6f, 0xe0, 0x0, 0x0, 0x1f, 0x90, 0x0,
    0x0, 0x5f, 0x20, 0x0, 0x47, 0xeb, 0x0, 0x0,
    0xbf, 0xb1, 0x0, 0x0,

    /* U+0444 "ф" */
    0x0, 0x0, 0x38, 0x0, 0x0, 0x0, 0x0, 0x6f,
    0x0, 0x0, 0x0, 0x0, 0x6f, 0x0, 0x0, 0x0,
    0x0, 0x6f, 0x0, 0x0, 0x0, 0x7d, 0xff, 0xfc,
    0x40, 0x9, 0xf7, 0x8f, 0x4b, 0xf3, 0x1f, 0x80,
    0x6f, 0x0, 0xeb, 0x4f, 0x40, 0x6f, 0x0, 0xae,
    0x4f, 0x40, 0x6f, 0x0, 0xae, 0x1f, 0x80, 0x6f,
    0x0, 0xeb, 0x9, 0xf8, 0x8f, 0x4b, 0xf3, 0x0,
    0x8d, 0xff, 0xfc, 0x40, 0x0, 0x0, 0x6f, 0x0,
    0x0, 0x0, 0x0, 0x6f, 0x0, 0x0, 0x0, 0x0,
    0x6f, 0x0, 0x0,

    /* U+0445 "х" */
    0x7f, 0x30, 0xc, 0xd0, 0xc, 0xd0, 0x6f, 0x30,
    0x2, 0xf8, 0xe9, 0x0, 0x0, 0x8f, 0xd0, 0x0,
    0x0, 0x9f, 0xe1, 0x0, 0x4, 0xf6, 0xea, 0x0,
    0xe, 0xb0, 0x4f, 0x50, 0x9f, 0x20, 0xa, 0xe1,

    /* U+0446 "ц" */
    0xda, 0x0, 0xf, 0x70, 0xda, 0x0, 0xf, 0x70,
    0xda, 0x0, 0xf, 0x70, 0xda, 0x0, 0xf, 0x70,
    0xda, 0x0, 0xf, 0x70, 0xda, 0x0, 0xf, 0x70,
    0xdb, 0x44, 0x4f, 0x92, 0xdf, 0xff, 0xff, 0xf9,
    0x0, 0x0, 0x0, 0xd9, 0x0, 0x0, 0x0, 0xd9,
    0x0, 0x0, 0x0, 0x0,

    /* U+0447 "ч" */
    0x2f, 0x50, 0x3, 0xf4, 0x2f, 0x50, 0x3, 0xf4,
    0x2f, 0x50, 0x3, 0xf4, 0xf, 0xb1, 0x16, 0xf4,
    0x6, 0xff, 0xfe, 0xf4, 0x0, 0x2, 0x23, 0xf4,
    0x0, 0x0, 0x3, 0xf4, 0x0, 0x0, 0x3, 0xf4,

    /* U+0448 "ш" */
    0xda, 0x0, 0x5f, 0x20, 0xd, 0xad, 0xa0, 0x5,
    0xf2, 0x0, 0xda, 0xda, 0x0, 0x5f, 0x20, 0xd,
    0xad, 0xa0, 0x5, 0xf2, 0x0, 0xda, 0xda, 0x0,
    0x5f, 0x20, 0xd, 0xad, 0xa0, 0x5, 0xf2, 0x0,
    0xda, 0xdb, 0x44, 0x8f, 0x54, 0x4e, 0xad, 0xff,
    0xff, 0xff, 0xff, 0xfa,

    /* U+0449 "щ" */
    0xda, 0x0, 0x6f, 0x10, 0xf, 0x80, 0xda, 0x0,
    0x6f, 0x10, 0xf, 0x80, 0xda, 0x0, 0x6f, 0x10,
    0xf, 0x80, 0xda, 0x0, 0x6f, 0x10, 0xf, 0x80,
    0xda, 0x0, 0x6f, 0x10, 0xf, 0x80, 0xda, 0x0,
    0x6f, 0x10, 0xf, 0x80, 0xdb, 0x44, 0x8f, 0x44,
    0x4f, 0xa2, 0xdf, 0xff, 0xff, 0xff, 0xff, 0xfa,
    0x0, 0x0, 0x0, 0x0, 0x0, 0xca, 0x0, 0x0,
    0x0, 0x0, 0x0, 0xca, 0x0, 0x0, 0x0, 0x0,
    0x0, 0x0,

    /* U+044A "ъ" */
    0xcf, 0xfc, 0x0, 0x0, 0x3, 0x4c, 0xc0, 0x0,
    0x0, 0x0, 0xbc, 0x0, 0x0, 0x0, 0xb, 0xff,
    0xfd, 0x50, 0x0, 0xbc, 0x34, 0xbf, 0x10, 0xb,
    0xc0, 0x4, 0xf4, 0x0, 0xbc, 0x34, 0xbf, 0x10,
    0xb, 0xff, 0xfc, 0x40,

    /* U+044B "ы" */
    0xda, 0x0, 0x0, 0xa, 0xdd, 0xa0, 0x0, 0x0,
    0xad, 0xda, 0x0, 0x0, 0xa, 0xdd, 0xff, 0xfc,
    0x30, 0xad, 0xdb, 0x34, 0xce, 0xa, 0xdd, 0xa0,
    0x6, 0xf1, 0xad, 0xdb, 0x34, 0xde, 0xa, 0xdd,
    0xff, 0xfb, 0x30, 0xad,

    /* U+044C "ь" */
    0xda, 0x0, 0x0, 0xd, 0xa0, 0x0, 0x0, 0xda,
    0x0, 0x0, 0xd, 0xff, 0xfc, 0x40, 0xdb, 0x34,
    0xcf, 0xd, 0xa0, 0x5, 0xf2, 0xdb, 0x34, 0xce,
    0xd, 0xff, 0xfc, 0x30,

    /* U+044D "э" */
    0x3d, 0xfe, 0x91, 0x1, 0x74, 0x6e, 0xb0, 0x0,
    0x0, 0x4f, 0x20, 0x9f, 0xff, 0xf5, 0x1, 0x33,
    0x5f, 0x50, 0x0, 0x7, 0xf2, 0x46, 0x47, 0xfa,
    0x4, 0xdf, 0xe9, 0x0,

    /* U+044E "ю" */
    0xda, 0x0, 0x7d, 0xfc, 0x30, 0xda, 0x7, 0xf6,
    0x29, 0xf2, 0xda, 0xd, 0xa0, 0x0, 0xf8, 0xdf,
    0xff, 0x80, 0x0, 0xdb, 0xdb, 0x3f, 0x80, 0x0,
    0xda, 0xda, 0xb, 0xb0, 0x0, 0xf8, 0xda, 0x4,
    0xf8, 0x5b, 0xf1, 0xda, 0x0, 0x6d, 0xfc, 0x40,

    /* U+044F "я" */
    0x3, 0xcf, 0xff, 0xf1, 0xe, 0xc4, 0x38, 0xf1,
    0x1f, 0x60, 0x6, 0xf1, 0xf, 0xb1, 0x6, 0xf1,
    0x5, 0xef, 0xff, 0xf1, 0x0, 0xdc, 0x38, 0xf1,
    0x8, 0xf2, 0x6, 0xf1, 0x4f, 0x60, 0x6, 0xf1,

    /* U+0450 "ѐ" */
    0x0, 0x67, 0x0, 0x0, 0x0, 0x3f, 0x60, 0x0,
    0x0, 0x4, 0xe1, 0x0, 0x0, 0x0, 0x0, 0x0,
    0x0, 0x9e, 0xea, 0x10, 0xb, 0xe5, 0x4d, 0xb0,
    0x2f, 0x50, 0x5, 0xf1, 0x4f, 0xff, 0xff, 0xf3,
    0x5f, 0x62, 0x22, 0x20, 0x2f, 0x80, 0x0, 0x0,
    0xb, 0xf8, 0x46, 0x90, 0x0, 0x9e, 0xfe, 0x80,

    /* U+0451 "ё" */
    0x0, 0xd5, 0x3e, 0x0, 0x0, 0x73, 0x19, 0x0,
    0x0, 0x9e, 0xea, 0x10, 0xb, 0xe5, 0x4d, 0xb0,
    0x2f, 0x50, 0x5, 0xf1, 0x4f, 0xff, 0xff, 0xf3,
    0x5f, 0x62, 0x22, 0x20, 0x2f, 0x80, 0x0, 0x0,
    0xb, 0xf8, 0x46, 0x90, 0x0, 0x9e, 0xfe, 0x80,

    /* U+0452 "ђ" */
    0x0, 0x0, 0x0, 0x0, 0xc, 0xb0, 0x0, 0x0,
    0xef, 0xff, 0xf3, 0x0, 0x2d, 0xb2, 0x20, 0x0,
    0xc, 0xa8, 0xee, 0x90, 0xc, 0xfb, 0x58, 0xf6,
    0xc, 0xe0, 0x0, 0xda, 0xc, 0xb0, 0x0, 0xcb,
    0xc, 0xb0, 0x0, 0xcb, 0xc, 0xb0, 0x0, 0xcb,
    0xc, 0xb0, 0x0, 0xcb, 0xc, 0xb0, 0x0, 0xcb,
    0x0, 0x0, 0x0, 0xda, 0x0, 0x0, 0x56, 0xf7,
    0x0, 0x0, 0xef, 0xa0,

    /* U+0453 "ѓ" */
    0x0, 0x2f, 0x80, 0xd, 0x60, 0x0, 0x0, 0xd,
    0xff, 0xff, 0xdc, 0x44, 0x4d, 0xa0, 0x0, 0xda,
    0x0, 0xd, 0xa0, 0x0, 0xda, 0x0, 0xd, 0xa0,
    0x0, 0xda, 0x0, 0x0,

    /* U+0454 "є" */
    0x0, 0x9e, 0xfd, 0x30, 0xae, 0x64, 0x71, 0x1f,
    0x50, 0x0, 0x4, 0xff, 0xff, 0xa0, 0x4f, 0x63,
    0x31, 0x2, 0xf8, 0x0, 0x0, 0xb, 0xf7, 0x46,
    0x20, 0x9, 0xef, 0xd3,

    /* U+0455 "ѕ" */
    0x7, 0xef, 0xe8, 0x4, 0xf6, 0x36, 0x60, 0x5f,
    0x40, 0x0, 0x0, 0xaf, 0xc4, 0x0, 0x0, 0x3b,
    0xf9, 0x0, 0x0, 0x8, 0xf0, 0x57, 0x44, 0xbe,
    0x3, 0xcf, 0xfc, 0x30,

    /* U+0456 "і" */
    0xc9, 0x86, 0xda, 0xda, 0xda, 0xda, 0xda, 0xda,
    0xda, 0xda,

    /* U+0457 "ї" */
    0x89, 0xb5, 0x56, 0x84, 0xd, 0xa0, 0xd, 0xa0,
    0xd, 0xa0, 0xd, 0xa0, 0xd, 0xa0, 0xd, 0xa0,
    0xd, 0xa0, 0xd, 0xa0,

    /* U+0458 "ј" */
    0x0, 0xc9, 0x0, 0x86, 0x0, 0xda, 0x0, 0xda,
    0x0, 0xda, 0x0, 0xda, 0x0, 0xda, 0x0, 0xda,
    0x0, 0xda, 0x0, 0xda, 0x0, 0xd9, 0x36, 0xf7,
    0xaf, 0xb1,

    /* U+0459 "љ" */
    0x1, 0xff, 0xff, 0xf1, 0x0, 0x0, 0x2, 0xf6,
    0x49, 0xf1, 0x0, 0x0, 0x3, 0xf2, 0x6, 0xf1,
    0x0, 0x0, 0x4, 0xf1, 0x6, 0xff, 0xfe, 0x80,
    0x5, 0xf0, 0x6, 0xf4, 0x38, 0xf5, 0x7, 0xe0,
    0x6, 0xf1, 0x0, 0xf8, 0x5d, 0xb0, 0x6, 0xf6,
    0x5a, 0xf4, 0xfd, 0x30, 0x6, 0xff, 0xfd, 0x70,

    /* U+045A "њ" */
    0xda, 0x0, 0xf, 0x70, 0x0, 0xd, 0xa0, 0x0,
    0xf7, 0x0, 0x0, 0xda, 0x0, 0xf, 0x80, 0x0,
    0xd, 0xff, 0xff, 0xff, 0xff, 0xb2, 0xdb, 0x33,
    0x3f, 0x93, 0x5d, 0xcd, 0xa0, 0x0, 0xf7, 0x0,
    0x9f, 0xda, 0x0, 0xf, 0x93, 0x5e, 0xbd, 0xa0,
    0x0, 0xff, 0xfe, 0xb1,

    /* U+045B "ћ" */
    0x0, 0x0, 0x0, 0x0, 0xc, 0xb0, 0x0, 0x0,
    0xef, 0xff, 0xf6, 0x0, 0x2d, 0xb2, 0x21, 0x0,
    0xc, 0xa8, 0xee, 0x90, 0xc, 0xfb, 0x58, 0xf6,
    0xc, 0xe0, 0x0, 0xda, 0xc, 0xb0, 0x0, 0xcb,
    0xc, 0xb0, 0x0, 0xcb, 0xc, 0xb0, 0x0, 0xcb,
    0xc, 0xb0, 0x0, 0xcb, 0xc, 0xb0, 0x0, 0xcb,

    /* U+045C "ќ" */
    0x0, 0x7, 0xf4, 0x0, 0x3, 0xe3, 0x0, 0x0,
    0x0, 0x0, 0xd, 0xa0, 0x6, 0xf2, 0xda, 0x2,
    0xf6, 0xd, 0xa1, 0xda, 0x0, 0xdf, 0xff, 0x20,
    0xd, 0xb4, 0xf9, 0x0, 0xda, 0x7, 0xf3, 0xd,
    0xa0, 0xd, 0xc0, 0xda, 0x0, 0x4f, 0x60,

    /* U+045D "ѝ" */
    0x3, 0xe8, 0x0, 0x0, 0x2, 0xd4, 0x0, 0x0,
    0x0, 0x0, 0xd, 0xa0, 0x4, 0xfb, 0xda, 0x0,
    0xdf, 0xbd, 0xa0, 0x6e, 0xbb, 0xda, 0xe, 0x6b,
    0xbd, 0x97, 0xd0, 0xbb, 0xda, 0xf5, 0xb, 0xbd,
    0xfc, 0x0, 0xbb, 0xdf, 0x30, 0xb, 0xb0,

    /* U+045E "ў" */
    0x0, 0x10, 0x1, 0x0, 0x5, 0xf1, 0x6f, 0x0,
    0x0, 0xae, 0xd5, 0x0, 0x0, 0x0, 0x0, 0x0,
    0xcc, 0x0, 0x6, 0xf2, 0x6f, 0x20, 0xb, 0xd0,
    0xf, 0x80, 0x1f, 0x70, 0x9, 0xd0, 0x6f, 0x10,
    0x3, 0xf3, 0xcb, 0x0, 0x0, 0xc9, 0xf5, 0x0,
    0x0, 0x6f, 0xe0, 0x0, 0x0, 0x1f, 0x90, 0x0,
    0x0, 0x5f, 0x20, 0x0, 0x47, 0xeb, 0x0, 0x0,
    0xbf, 0xb1, 0x0, 0x0,

    /* U+045F "џ" */
    0xda, 0x0, 0xf, 0x7d, 0xa0, 0x0, 0xf7, 0xda,
    0x0, 0xf, 0x7d, 0xa0, 0x0, 0xf7, 0xda, 0x0,
    0xf, 0x7d, 0xa0, 0x0, 0xf7, 0xdb, 0x44, 0x4f,
    0x7d, 0xff, 0xff, 0xf7, 0x0, 0x6f, 0x0, 0x0,
    0x6, 0xf0, 0x0,

    /* U+0460 "Ѡ" */
    0x9f, 0x0, 0x6, 0xf2, 0x0, 0xe, 0xa8, 0xf1,
    0x0, 0x5f, 0x40, 0x0, 0xf9, 0x6f, 0x30, 0x3,
    0xf6, 0x0, 0xf, 0x73, 0xf6, 0x0, 0x5f, 0x90,
    0x3, 0xf5, 0xe, 0xa0, 0xb, 0xfd, 0x0, 0x5f,
    0x20, 0x9e, 0x1, 0xfb, 0xf2, 0x9, 0xe0, 0x4,
    0xf3, 0x6e, 0x1f, 0x70, 0xe9, 0x0, 0xe, 0x9b,
    0x90, 0xae, 0x4f, 0x30, 0x0, 0x7f, 0xf4, 0x3,
    0xfe, 0xc0, 0x0, 0x0, 0xee, 0x0, 0xa, 0xf4,
    0x0,

    /* U+0461 "ѡ" */
    0xbc, 0x0, 0x3f, 0x40, 0x7, 0xf0, 0x9e, 0x0,
    0x1f, 0x60, 0x9, 0xe0, 0x7f, 0x10, 0xf, 0x80,
    0xb, 0xb0, 0x2f, 0x50, 0x1f, 0xc0, 0xf, 0x70,
    0xd, 0x90, 0x8e, 0xf1, 0x4f, 0x30, 0x8, 0xe1,
    0xf4, 0xf6, 0x9c, 0x0, 0x1, 0xfc, 0xc0, 0x9c,
    0xf5, 0x0, 0x0, 0x8f, 0x40, 0x2f, 0xc0, 0x0,

    /* U+0462 "Ѣ" */
    0x0, 0xea, 0x0, 0x0, 0xe, 0xff, 0xff, 0xf6,
    0x0, 0x33, 0xeb, 0x33, 0x10, 0x0, 0xe, 0xa1,
    0x0, 0x0, 0x0, 0xef, 0xff, 0xd6, 0x0, 0xe,
    0xb4, 0x5a, 0xf5, 0x0, 0xea, 0x0, 0xe, 0xa0,
    0xe, 0xa0, 0x0, 0xea, 0x0, 0xec, 0x56, 0xbf,
    0x40, 0xe, 0xff, 0xfd, 0x60,

    /* U+0463 "ѣ" */
    0x2, 0x81, 0x0, 0x0, 0x0, 0x4f, 0x30, 0x0,
    0x0, 0xef, 0xff, 0xfa, 0x0, 0x2, 0x6f, 0x63,
    0x20, 0x0, 0x4, 0xf3, 0x0, 0x0, 0x0, 0x4f,
    0xff, 0xfc, 0x50, 0x4, 0xf6, 0x33, 0xaf, 0x10,
    0x4f, 0x30, 0x3, 0xf4, 0x4, 0xf6, 0x33, 0xaf,
    0x10, 0x4f, 0xff, 0xfc, 0x40,

    /* U+0464 "Ѥ" */
    0xad, 0x0, 0x1, 0x8d, 0xfe, 0xc4, 0xad, 0x0,
    0x1e, 0xe6, 0x45, 0x92, 0xad, 0x0, 0xae, 0x10,
    0x0, 0x0, 0xad, 0x11, 0xfa, 0x11, 0x11, 0x0,
    0xaf, 0xff, 0xff, 0xff, 0xff, 0x10, 0xae, 0x45,
    0xfa, 0x44, 0x44, 0x0, 0xad, 0x0, 0xfb, 0x0,
    0x0, 0x0, 0xad, 0x0, 0xaf, 0x30, 0x0, 0x0,
    0xad, 0x0, 0x1e, 0xf9, 0x66, 0x92, 0xad, 0x0,
    0x1, 0x9e, 0xfe, 0xb1,

    /* U+0465 "ѥ" */
    0xda, 0x0, 0x3b, 0xef, 0xd0, 0xda, 0x1, 0xeb,
    0x33, 0x40, 0xda, 0x7, 0xf1, 0x0, 0x0, 0xdf,
    0xff, 0xff, 0xff, 0x50, 0xdb, 0x3a, 0xf3, 0x33,
    0x10, 0xda, 0x5, 0xf3, 0x0, 0x0, 0xda, 0x0,
    0xdd, 0x55, 0x90, 0xda, 0x0, 0x2b, 0xff, 0xc0,

    /* U+0466 "Ѧ" */
    0x0, 0x2, 0xfe, 0x0, 0x0, 0x0, 0x8, 0xae,
    0x40, 0x0, 0x0, 0xe, 0x59, 0xb0, 0x0, 0x0,
    0x5e, 0x13, 0xf1, 0x0, 0x0, 0xcf, 0xff, 0xf8,
    0x0, 0x2, 0xf5, 0xda, 0x8e, 0x0, 0x9, 0xd0,
    0xc9, 0x1f, 0x50, 0xf, 0x70, 0xc9, 0xb, 0xb0,
    0x6f, 0x10, 0xc9, 0x5, 0xf2, 0xcb, 0x0, 0xc9,
    0x0, 0xe8,

    /* U+0467 "ѧ" */
    0x0, 0xe, 0xf3, 0x0, 0x0, 0x5, 0xfc, 0xa0,
    0x0, 0x0, 0xcb, 0x7f, 0x10, 0x0, 0x2f, 0x61,
    0xf7, 0x0, 0x9, 0xff, 0xff, 0xd0, 0x0, 0xea,
    0x9d, 0x7f, 0x30, 0x5f, 0x38, 0xc0, 0xea, 0xc,
    0xb0, 0x8c, 0x7, 0xf1,

    /* U+0468 "Ѩ" */
    0xad, 0x0, 0x0, 0x9f, 0x70, 0x0, 0xa, 0xd0,
    0x0, 0x1f, 0x9d, 0x0, 0x0, 0xad, 0x0, 0x7,
    0xd0, 0xf4, 0x0, 0xa, 0xd1, 0x11, 0xd8, 0x1a,
    0xa0, 0x0, 0xaf, 0xff, 0xff, 0xff, 0xff, 0x10,
    0xa, 0xe4, 0x4c, 0xd7, 0xf5, 0xe7, 0x0, 0xad,
    0x1, 0xf6, 0x3f, 0x18, 0xe0, 0xa, 0xd0, 0x7f,
    0x13, 0xf1, 0x2f, 0x40, 0xad, 0xd, 0xa0, 0x3f,
    0x10, 0xcb, 0xa, 0xd3, 0xf4, 0x3, 0xf1, 0x6,
    0xf1,

    /* U+0469 "ѩ" */
    0xd8, 0x0, 0xd, 0xf5, 0x0, 0xd, 0x80, 0x4,
    0xf8, 0xc0, 0x0, 0xd8, 0x0, 0xb9, 0x1f, 0x20,
    0xd, 0xff, 0xff, 0xff, 0xf9, 0x0, 0xda, 0x3a,
    0xd8, 0xf6, 0xe0, 0xd, 0x80, 0xe8, 0x6e, 0xf,
    0x50, 0xd8, 0x4f, 0x26, 0xe0, 0xac, 0xd, 0x8a,
    0xd0, 0x6e, 0x4, 0xf2,

    /* U+046A "Ѫ" */
    0xd, 0xff, 0xff, 0xff, 0xf6, 0x0, 0x7f, 0x86,
    0x66, 0xde, 0x10, 0x0, 0xad, 0x10, 0x6f, 0x20,
    0x0, 0x0, 0xcb, 0x4f, 0x40, 0x0, 0x0, 0x3b,
    0xff, 0xe7, 0x0, 0x0, 0x3f, 0xbb, 0xf8, 0xfa,
    0x0, 0xa, 0xd0, 0x7f, 0x5, 0xf2, 0x0, 0xf8,
    0x7, 0xf0, 0xf, 0x80, 0x5f, 0x30, 0x7f, 0x0,
    0xad, 0xa, 0xe0, 0x7, 0xf0, 0x5, 0xf2,

    /* U+046B "ѫ" */
    0x1f, 0xff, 0xff, 0xff, 0x0, 0x7f, 0x43, 0x5f,
    0x50, 0x0, 0xac, 0x1d, 0x80, 0x0, 0x7, 0xff,
    0xf6, 0x0, 0x8, 0xe9, 0xf8, 0xf6, 0x0, 0xf6,
    0x3f, 0x18, 0xd0, 0x6f, 0x3, 0xf1, 0x2f, 0x3b,
    0xa0, 0x3f, 0x10, 0xc9,

    /* U+046C "Ѭ" */
    0xad, 0x3, 0xff, 0xff, 0xff, 0xff, 0x10, 0xad,
    0x0, 0xbf, 0x66, 0x67, 0xfa, 0x0, 0xad, 0x0,
    0xc, 0xa0, 0xc, 0xb0, 0x0, 0xad, 0x11, 0x12,
    0xe9, 0xac, 0x0, 0x0, 0xaf, 0xff, 0xff, 0xff,
    0xfe, 0x90, 0x0, 0xae, 0x44, 0xbf, 0x6d, 0xc6,
    0xf7, 0x0, 0xad, 0x1, 0xf7, 0xd, 0xb0, 0x9e,
    0x0, 0xad, 0x5, 0xf2, 0xd, 0xb0, 0x3f, 0x40,
    0xad, 0xa, 0xd0, 0xd, 0xb0, 0xe, 0x80, 0xad,
    0xf, 0x90, 0xd, 0xb0, 0xa, 0xd0,

    /* U+046D "ѭ" */
    0xd8, 0xe, 0xff, 0xff, 0xff, 0x1d, 0x80, 0x4f,
    0x63, 0x4f, 0x70, 0xd8, 0x0, 0x5e, 0x4d, 0x80,
    0xd, 0xff, 0xff, 0xff, 0xfa, 0x10, 0xd9, 0x2a,
    0xe5, 0xf6, 0xca, 0xd, 0x80, 0xe7, 0x1f, 0x44,
    0xf1, 0xd8, 0x4f, 0x11, 0xf4, 0xe, 0x6d, 0x89,
    0xc0, 0x1f, 0x40, 0xab,

    /* U+046E "Ѯ" */
    0x4, 0xd2, 0x1c, 0xb0, 0x0, 0x7d, 0xd7, 0x0,
    0x5, 0xbf, 0xfb, 0x20, 0x4f, 0xb7, 0x8e, 0xf1,
    0x2, 0x0, 0x3, 0xf6, 0x0, 0x0, 0x2, 0xf5,
    0x0, 0x1, 0x4c, 0xc0, 0x4, 0xff, 0xfa, 0x10,
    0x0, 0x34, 0x6c, 0xe2, 0x0, 0x0, 0x0, 0xf9,
    0x0, 0x0, 0x0, 0xf9, 0x0, 0x24, 0x5b, 0xf3,
    0x1d, 0xff, 0xfc, 0x40, 0x8f, 0x30, 0x0, 0x0,
    0x8f, 0x20, 0x0, 0x0, 0x2e, 0xff, 0xff, 0xf0,
    0x0, 0x33, 0x33, 0x50,

    /* U+046F "ѯ" */
    0xc, 0x80, 0x8e, 0x30, 0x2f, 0xcd, 0x10, 0x3f,
    0xff, 0xf9, 0x0, 0x40, 0x5, 0xf3, 0x0, 0x0,
    0x6f, 0x10, 0xf, 0xff, 0x50, 0x0, 0x23, 0x9f,
    0x30, 0x0, 0x0, 0xf7, 0x0, 0x24, 0x9f, 0x45,
    0xff, 0xfd, 0x60, 0xbb, 0x0, 0x0, 0x7, 0xff,
    0xff, 0xf1, 0x1, 0x33, 0x34, 0x0,

    /* U+0470 "Ѱ" */
    0xcb, 0x0, 0xd9, 0x0, 0xf7, 0xcb, 0x0, 0xd9,
    0x0, 0xf7, 0xcb, 0x0, 0xd9, 0x0, 0xf7, 0xbc,
    0x0, 0xd9, 0x0, 0xf6, 0x9e, 0x0, 0xd9, 0x3,
    0xf4, 0x3f, 0x92, 0xd9, 0x3c, 0xd0, 0x5, 0xef,
    0xff, 0xfd, 0x30, 0x0, 0x2, 0xea, 0x20, 0x0,
    0x0, 0x0, 0xd9, 0x0, 0x0, 0x0, 0x0, 0xd9,
    0x0, 0x0,

    /* U+0471 "ѱ" */
    0x0, 0x2, 0x81, 0x0, 0x0, 0x0, 0x5f, 0x20,
    0x0, 0x0, 0x5, 0xf2, 0x0, 0x0, 0x0, 0x5f,
    0x20, 0x0, 0xf8, 0x5, 0xf2, 0xf, 0x8f, 0x80,
    0x5f, 0x20, 0xca, 0xf8, 0x5, 0xf2, 0xa, 0xcf,
    0x80, 0x5f, 0x20, 0x9d, 0xe8, 0x5, 0xf2, 0xa,
    0xdc, 0xb0, 0x5f, 0x20, 0xea, 0x6f, 0x98, 0xf7,
    0xcf, 0x30, 0x6d, 0xff, 0xfc, 0x30, 0x0, 0x5,
    0xf2, 0x0, 0x0, 0x0, 0x5f, 0x20, 0x0, 0x0,
    0x5, 0xf2, 0x0, 0x0,

    /* U+0472 "Ѳ" */
    0x0, 0x29, 0xef, 0xe9, 0x10, 0x0, 0x2e, 0xe7,
    0x57, 0xee, 0x10, 0xb, 0xe1, 0x0, 0x1, 0xea,
    0x0, 0xf8, 0x0, 0x0, 0x9, 0xf0, 0x2f, 0xff,
    0xff, 0xff, 0xff, 0x12, 0xf9, 0x33, 0x33, 0x39,
    0xf1, 0xf, 0xa0, 0x0, 0x0, 0xaf, 0x0, 0xbf,
    0x20, 0x0, 0x2f, 0xa0, 0x2, 0xee, 0x85, 0x8f,
    0xe1, 0x0, 0x2, 0xae, 0xfe, 0x91, 0x0,

    /* U+0473 "ѳ" */
    0x0, 0x9e, 0xfc, 0x30, 0x9, 0xe6, 0x5a, 0xf2,
    0xf, 0x60, 0x0, 0xd9, 0x3f, 0xff, 0xff, 0xfc,
    0x3f, 0x73, 0x33, 0xdb, 0x1f, 0x80, 0x1, 0xf9,
    0x9, 0xf7, 0x5b, 0xf2, 0x0, 0x8e, 0xfc, 0x40,

    /* U+0474 "Ѵ" */
    0xdb, 0x0, 0x0, 0xb, 0xf7, 0x7f, 0x10, 0x0,
    0x6f, 0x52, 0x1f, 0x60, 0x0, 0xcb, 0x0, 0xc,
    0xc0, 0x2, 0xf5, 0x0, 0x6, 0xf1, 0x7, 0xf1,
    0x0, 0x1, 0xf7, 0xc, 0xb0, 0x0, 0x0, 0xbc,
    0x1f, 0x60, 0x0, 0x0, 0x5f, 0x7f, 0x10, 0x0,
    0x0, 0xf, 0xeb, 0x0, 0x0, 0x0, 0xa, 0xf6,
    0x0, 0x0,

    /* U+0475 "ѵ" */
    0xdb, 0x0, 0x3, 0xdb, 0x7f, 0x10, 0xb, 0xc3,
    0x1f, 0x50, 0x1f, 0x50, 0xc, 0xb0, 0x5f, 0x10,
    0x6, 0xf0, 0xab, 0x0, 0x1, 0xf5, 0xf6, 0x0,
    0x0, 0xbc, 0xf1, 0x0, 0x0, 0x5f, 0xc0, 0x0,

    /* U+0476 "Ѷ" */
    0x9, 0xe2, 0xf7, 0x0, 0x0, 0x0, 0xc7, 0x4e,
    0x10, 0x0, 0x0, 0x4, 0x3, 0x20, 0x0, 0x0,
    0x0, 0x0, 0x0, 0x0, 0xdb, 0x0, 0x0, 0xb,
    0xf7, 0x7f, 0x10, 0x0, 0x6f, 0x52, 0x1f, 0x60,
    0x0, 0xcb, 0x0, 0xc, 0xc0, 0x2, 0xf5, 0x0,
    0x6, 0xf1, 0x7, 0xf1, 0x0, 0x1, 0xf7, 0xc,
    0xb0, 0x0, 0x0, 0xbc, 0x1f, 0x60, 0x0, 0x0,
    0x5f, 0x7f, 0x10, 0x0, 0x0, 0xf, 0xeb, 0x0,
    0x0, 0x0, 0xa, 0xf6, 0x0, 0x0,

    /* U+0477 "ѷ" */
    0x4f, 0x4b, 0xc0, 0x0, 0x7, 0xc1, 0xd5, 0x0,
    0x0, 0x40, 0x13, 0x0, 0xdb, 0x0, 0x3, 0xdb,
    0x7f, 0x10, 0xb, 0xc3, 0x1f, 0x50, 0x1f, 0x50,
    0xc, 0xb0, 0x5f, 0x10, 0x6, 0xf0, 0xab, 0x0,
    0x1, 0xf5, 0xf6, 0x0, 0x0, 0xbc, 0xf1, 0x0,
    0x0, 0x5f, 0xc0, 0x0,

    /* U+0478 "Ѹ" */
    0x0, 0x3b, 0xef, 0xc6, 0x0, 0x0, 0x0, 0x0,
    0x0, 0x3, 0xfd, 0x76, 0xbf, 0x70, 0x0, 0x0,
    0x0, 0x0, 0xb, 0xe1, 0x0, 0xa, 0xf1, 0xbd,
    0x0, 0x4, 0xf3, 0xf, 0x90, 0x0, 0x4, 0xf5,
    0x5f, 0x30, 0xa, 0xd0, 0x1f, 0x70, 0x0, 0x2,
    0xf7, 0xe, 0x80, 0xf, 0x80, 0x1f, 0x70, 0x0,
    0x2, 0xf7, 0x9, 0xe0, 0x4f, 0x20, 0xf, 0x90,
    0x0, 0x4, 0xf5, 0x2, 0xf4, 0x9c, 0x0, 0xb,
    0xe1, 0x0, 0xa, 0xf1, 0x0, 0xc9, 0xe6, 0x0,
    0x3, 0xfd, 0x76, 0xbf, 0x70, 0x0, 0x6f, 0xf0,
    0x0, 0x0, 0x3b, 0xef, 0xc6, 0x0, 0x0, 0xf,
    0xa0, 0x0, 0x0, 0x0, 0x0, 0x0, 0x0, 0x0,
    0x3f, 0x40, 0x0, 0x0, 0x0, 0x0, 0x0, 0x0,
    0x35, 0xdc, 0x0, 0x0, 0x0, 0x0, 0x0, 0x0,
    0x0, 0xaf, 0xb1, 0x0, 0x0,

    /* U+0479 "ѹ" */
    0x0, 0x8e, 0xfc, 0x30, 0x8f, 0x10, 0x1, 0xf7,
    0x9, 0xf7, 0x5b, 0xf2, 0x2f, 0x60, 0x6, 0xf1,
    0xf, 0x80, 0x0, 0xf9, 0xc, 0xb0, 0xc, 0xb0,
    0x3f, 0x50, 0x0, 0xcc, 0x5, 0xf1, 0x1f, 0x50,
    0x3f, 0x50, 0x0, 0xcc, 0x0, 0xf7, 0x6f, 0x0,
    0xf, 0x80, 0x0, 0xf9, 0x0, 0x9c, 0xb9, 0x0,
    0x9, 0xf7, 0x4b, 0xf2, 0x0, 0x3f, 0xf3, 0x0,
    0x0, 0x8e, 0xfc, 0x40, 0x0, 0xd, 0xd0, 0x0,
    0x0, 0x0, 0x0, 0x0, 0x0, 0x1e, 0x70, 0x0,
    0x0, 0x0, 0x0, 0x0, 0x24, 0xbe, 0x10, 0x0,
    0x0, 0x0, 0x0, 0x0, 0x7f, 0xd3, 0x0, 0x0,

    /* U+047A "Ѻ" */
    0x0, 0x0, 0x3e, 0x90, 0x0, 0x0, 0x4, 0xdf,
    0xff, 0xf8, 0x0, 0x2, 0xfd, 0x5b, 0x78, 0xfa,
    0x0, 0xaf, 0x10, 0x0, 0x8, 0xf3, 0xf, 0xa0,
    0x0, 0x0, 0x1f, 0x81, 0xf7, 0x0, 0x0, 0x0,
    0xfa, 0x2f, 0x70, 0x0, 0x0, 0xf, 0xa0, 0xfa,
    0x0, 0x0, 0x1, 0xf8, 0xb, 0xf1, 0x0, 0x0,
    0x8f, 0x30, 0x2f, 0xd5, 0xb7, 0x8f, 0xa0, 0x0,
    0x3d, 0xff, 0xff, 0x80, 0x0, 0x0, 0x2, 0xe9,
    0x0, 0x0,

    /* U+047B "ѻ" */
    0x0, 0x0, 0x72, 0x0, 0x0, 0x5, 0xcf, 0xe7,
    0x0, 0x6, 0xf9, 0xea, 0xeb, 0x0, 0xe9, 0x0,
    0x4, 0xf4, 0x2f, 0x50, 0x0, 0xf, 0x83, 0xf4,
    0x0, 0x0, 0xf8, 0x1f, 0x70, 0x0, 0x2f, 0x60,
    0xae, 0x28, 0x3a, 0xf1, 0x1, 0xbf, 0xff, 0xe3,
    0x0, 0x0, 0x3e, 0x70, 0x0,

    /* U+047C "Ѽ" */
    0x0, 0x0, 0x1c, 0xef, 0xee, 0x0, 0x0, 0x0,
    0x0, 0x1, 0x8d, 0x21, 0x0, 0x0, 0x0, 0x0,
    0x0, 0x4f, 0x0, 0x0, 0x0, 0x0, 0x0, 0x0,
    0x5b, 0x0, 0x0, 0x0, 0x0, 0x0, 0x0, 0x40,
    0x0, 0x0, 0x0, 0x0, 0x4d, 0xfc, 0x30, 0x8e,
    0xfa, 0x10, 0x4, 0xfb, 0x58, 0x20, 0x76, 0x6e,
    0xd0, 0xc, 0xd0, 0x0, 0x0, 0x0, 0x4, 0xf5,
    0xf, 0x80, 0x0, 0x0, 0x0, 0x0, 0xea, 0x2f,
    0x60, 0x0, 0x0, 0x0, 0x0, 0xcb, 0x1f, 0x60,
    0x0, 0x5b, 0x0, 0x0, 0xcb, 0xf, 0x90, 0x0,
    0x7f, 0x0, 0x0, 0xf9, 0xb, 0xf1, 0x0, 0x7f,
    0x0, 0x6, 0xf5, 0x3, 0xfd, 0x77, 0xef, 0xa6,
    0x9f, 0xc0, 0x0, 0x3c, 0xfe, 0x93, 0xbf, 0xe9,
    0x10,

    /* U+047D "ѽ" */
    0x0, 0x0, 0x9e, 0xb4, 0x0, 0x0, 0x0, 0x0,
    0x1f, 0x48, 0xdf, 0x0, 0x0, 0x0, 0x0, 0x17,
    0xe0, 0x0, 0x0, 0x0, 0x0, 0x0, 0x3c, 0x0,
    0x0, 0x0, 0x0, 0x0, 0x3, 0x0, 0x0, 0x0,
    0x0, 0xa, 0xfe, 0x40, 0x7e, 0xe8, 0x0, 0xa,
    0xf6, 0x61, 0x3, 0x58, 0xf6, 0x0, 0xf8, 0x0,
    0x0, 0x0, 0xb, 0xd0, 0x2f, 0x50, 0x0, 0x20,
    0x0, 0x8f, 0x2, 0xf5, 0x0, 0x5f, 0x20, 0x8,
    0xf0, 0xf, 0x90, 0x5, 0xf2, 0x0, 0xcd, 0x0,
    0xaf, 0x75, 0xdf, 0xb5, 0x9f, 0x60, 0x0, 0x9e,
    0xf9, 0x1b, 0xfe, 0x80, 0x0,

    /* U+047E "Ѿ" */
    0x0, 0x2, 0xed, 0xed, 0xe4, 0x0, 0x0, 0x0,
    0x5, 0x5, 0x5, 0x0, 0x0, 0x0, 0x0, 0x0,
    0x0, 0x0, 0x0, 0x9, 0xf0, 0x0, 0x6f, 0x20,
    0x0, 0xea, 0x8f, 0x10, 0x5, 0xf4, 0x0, 0xf,
    0x96, 0xf3, 0x0, 0x3f, 0x60, 0x0, 0xf7, 0x3f,
    0x60, 0x5, 0xf9, 0x0, 0x3f, 0x50, 0xea, 0x0,
    0xbf, 0xd0, 0x5, 0xf2, 0x9, 0xe0, 0x1f, 0xbf,
    0x20, 0x9e, 0x0, 0x4f, 0x36, 0xe1, 0xf7, 0xe,
    0x90, 0x0, 0xe9, 0xb9, 0xa, 0xe4, 0xf3, 0x0,
    0x7, 0xff, 0x40, 0x3f, 0xec, 0x0, 0x0, 0xe,
    0xe0, 0x0, 0xaf, 0x40, 0x0,

    /* U+047F "ѿ" */
    0x0, 0x2f, 0xdf, 0xdf, 0x40, 0x0, 0x0, 0x4,
    0x5, 0x4, 0x0, 0x0, 0xbc, 0x0, 0x3f, 0x40,
    0x7, 0xf0, 0x9e, 0x0, 0x1f, 0x60, 0x9, 0xe0,
    0x7f, 0x10, 0xf, 0x80, 0xb, 0xb0, 0x2f, 0x50,
    0x1f, 0xc0, 0xf, 0x70, 0xd, 0x90, 0x8e, 0xf1,
    0x4f, 0x30, 0x8, 0xe1, 0xf4, 0xf6, 0x9c, 0x0,
    0x1, 0xfc, 0xc0, 0x9c, 0xf5, 0x0, 0x0, 0x8f,
    0x40, 0x2f, 0xc0, 0x0,

    /* U+0480 "Ҁ" */
    0x0, 0x8, 0xdf, 0xec, 0x40, 0x1d, 0xfa, 0x67,
    0xb4, 0x9, 0xf4, 0x0, 0x0, 0x0, 0xfb, 0x0,
    0x0, 0x0, 0x1f, 0x70, 0x0, 0x0, 0x2, 0xf7,
    0x0, 0x0, 0x0, 0xf, 0xa0, 0x0, 0x0, 0x0,
    0xaf, 0x20, 0x0, 0x0, 0x2, 0xef, 0x96, 0x62,
    0x0, 0x1, 0x9e, 0xff, 0x40, 0x0, 0x0, 0x4,
    0xf4, 0x0, 0x0, 0x0, 0x4f, 0x40, 0x0, 0x0,
    0x4, 0xf4, 0x0,

    /* U+0481 "ҁ" */
    0x0, 0x8e, 0xfd, 0x40, 0xaf, 0x85, 0x82, 0x1f,
    0x80, 0x0, 0x3, 0xf4, 0x0, 0x0, 0x3f, 0x40,
    0x0, 0x1, 0xf8, 0x0, 0x0, 0xb, 0xf7, 0x45,
    0x0, 0x8, 0xdf, 0xd0, 0x0, 0x0, 0xad, 0x0,
    0x0, 0xa, 0xd0, 0x0, 0x0, 0xad, 0x0,

    /* U+0482 "҂" */
    0x0, 0x0, 0x0, 0x0, 0x0, 0x0, 0x2, 0xd0,
    0x0, 0x3c, 0x3a, 0x70, 0x0, 0x5, 0xef, 0x10,
    0x0, 0x0, 0xcb, 0xe5, 0x8, 0x5, 0xc0, 0x24,
    0x9, 0xee, 0x30, 0x0, 0x0, 0x8f, 0xb2, 0x0,
    0x1, 0xe2, 0x6a, 0x0, 0x5, 0x80, 0x0, 0x0,
    0x0, 0x0, 0x0, 0x0,

    /* U+0483 "҃" */
    0x0, 0x0, 0x44, 0x5e, 0xdd, 0xe8, 0x26, 0x0,
    0x0,

    /* U+0484 "҄" */
    0x1, 0x7c, 0xe4, 0x6f, 0xb5, 0x7b, 0x0, 0x0,
    0x1,

    /* U+0485 "҅" */
    0x9b, 0xa6, 0x7,

    /* U+0486 "҆" */
    0x8c, 0x3d, 0x61,

    /* U+0487 "҇" */
    0x3d, 0xd8, 0x10, 0x9a, 0x4a, 0xf8, 0x10, 0x0,
    0x0,

    /* U+0488 "҈" */
    0x0, 0x0, 0x0, 0x5e, 0xd3, 0x0, 0x0, 0x0,
    0x0, 0x0, 0x0, 0x50, 0x14, 0x0, 0x0, 0x0,
    0x1, 0xce, 0x50, 0x0, 0x0, 0x7, 0xeb, 0x0,
    0x4, 0x20, 0x70, 0x0, 0x0, 0x7, 0x4, 0x30,
    0x0, 0x0, 0x0, 0x0, 0x0, 0x0, 0x0, 0x0,
    0x0, 0x0, 0x0, 0x0, 0x0, 0x0, 0x0, 0x0,
    0x6e, 0xb0, 0x0, 0x0, 0x0, 0x0, 0x1c, 0xe5,
    0x90, 0x55, 0x0, 0x0, 0x0, 0x0, 0x54, 0x9,
    0x0, 0x0, 0x0, 0x0, 0x0, 0x0, 0x0, 0x0,
    0x0, 0x0, 0x0, 0x0, 0x0, 0x0, 0x0, 0x0,
    0x0, 0x0, 0x0, 0x0, 0x0, 0x0, 0x0, 0x0,
    0x2, 0xce, 0x60, 0x0, 0x0, 0x8, 0xeb, 0x0,
    0x3, 0x20, 0x50, 0x0, 0x0, 0x5, 0x3, 0x20,
    0x0, 0x0, 0x0, 0x5e, 0xd3, 0x0, 0x0, 0x0,
    0x0, 0x0, 0x0, 0x40, 0x14, 0x0, 0x0, 0x0,

    /* U+0489 "҉" */
    0x0, 0x0, 0x0, 0x1, 0xc0, 0x0, 0x0, 0x0,
    0x0, 0x0, 0x0, 0x7, 0x90, 0x0, 0x0, 0x0,
    0x0, 0x39, 0x0, 0xc, 0x60, 0x0, 0x3, 0x0,
    0x0, 0xe, 0x30, 0x0, 0x0, 0x7, 0xe9, 0x0,
    0x0, 0x7, 0x90, 0x0, 0x0, 0x9, 0x40, 0x0,
    0x0, 0x0, 0x0, 0x0, 0x0, 0x0, 0x0, 0x0,
    0x0, 0x0, 0x0, 0x0, 0x0, 0x0, 0x0, 0x0,
    0x9a, 0x71, 0x0, 0x0, 0x0, 0x0, 0x2b, 0x60,
    0x6, 0xc2, 0x0, 0x0, 0x0, 0x0, 0x17, 0xa9,
    0x0, 0x0, 0x0, 0x0, 0x0, 0x0, 0x0, 0x0,
    0x0, 0x0, 0x0, 0x0, 0x0, 0x0, 0x0, 0x0,
    0x0, 0x0, 0x40, 0x0, 0x0, 0x6, 0x40, 0x0,
    0x0, 0x3d, 0xc0, 0x0, 0x0, 0x7, 0xc0, 0x0,
    0x0, 0x94, 0x0, 0x6, 0xc0, 0x0, 0xc2, 0x0,
    0x0, 0x0, 0x0, 0x9, 0x70, 0x0, 0x20, 0x0,
    0x0, 0x0, 0x0, 0xc, 0x10, 0x0, 0x0, 0x0,

    /* U+048A "Ҋ" */
    0x2, 0x80, 0x0, 0x82, 0x0, 0x0, 0x1f, 0x60,
    0x7f, 0x10, 0x0, 0x0, 0x6e, 0xfd, 0x50, 0x0,
    0x0, 0x0, 0x0, 0x0, 0x0, 0x0, 0xab, 0x0,
    0x0, 0x6f, 0xa0, 0xa, 0xb0, 0x0, 0x1f, 0xfa,
    0x0, 0xab, 0x0, 0xb, 0xeb, 0xa0, 0xa, 0xb0,
    0x5, 0xf4, 0xba, 0x0, 0xab, 0x1, 0xea, 0xb,
    0xa0, 0xa, 0xb0, 0x9e, 0x10, 0xba, 0x0, 0xab,
    0x4f, 0x50, 0xb, 0xa0, 0xa, 0xad, 0xb0, 0x0,
    0xba, 0x0, 0xaf, 0xe1, 0x0, 0xb, 0xb3, 0xa,
    0xf6, 0x0, 0x0, 0xbf, 0xf1, 0x0, 0x0, 0x0,
    0x0, 0x8d, 0x0, 0x0, 0x0, 0x0, 0xe, 0x90,
    0x0, 0x0, 0x0, 0x4, 0xf5, 0x0,

    /* U+048B "ҋ" */
    0xe, 0x80, 0x2f, 0x70, 0x0, 0x5d, 0xfe, 0x90,
    0x0, 0x0, 0x0, 0x0, 0x0, 0xd, 0x90, 0x0,
    0xef, 0x20, 0xd9, 0x0, 0x8f, 0xf2, 0xd, 0x90,
    0x2f, 0x8f, 0x20, 0xd9, 0xb, 0xb4, 0xf2, 0xd,
    0x94, 0xf2, 0x4f, 0x20, 0xd8, 0xd7, 0x4, 0xf2,
    0xd, 0xed, 0x0, 0x4f, 0x20, 0xdf, 0x40, 0x4,
    0xff, 0x80, 0x0, 0x0, 0x0, 0xf4, 0x0, 0x0,
    0x0, 0x4f, 0x10, 0x0, 0x0, 0x9, 0xd0,

    /* U+048C "Ҍ" */
    0xb, 0xd1, 0x10, 0x0, 0xa, 0xff, 0xff, 0x10,
    0x0, 0x2c, 0xe4, 0x40, 0x0, 0x0, 0xad, 0x10,
    0x0, 0x0, 0xa, 0xff, 0xfe, 0x80, 0x0, 0xae,
    0x45, 0x8f, 0x90, 0xa, 0xd0, 0x0, 0xaf, 0x0,
    0xad, 0x0, 0xa, 0xe0, 0xa, 0xe5, 0x59, 0xf8,
    0x0, 0xaf, 0xff, 0xd8, 0x0,

    /* U+048D "ҍ" */
    0xd, 0xa0, 0x0, 0x0, 0xd, 0xa0, 0x0, 0x0,
    0xdf, 0xff, 0xd0, 0x0, 0x2d, 0xb2, 0x10, 0x0,
    0xd, 0xa0, 0x0, 0x0, 0xd, 0xa0, 0x0, 0x0,
    0xd, 0xff, 0xfe, 0x90, 0xd, 0xb3, 0x36, 0xf8,
    0xd, 0xa0, 0x0, 0xca, 0xd, 0xb2, 0x26, 0xf7,
    0xd, 0xff, 0xfe, 0x80,

    /* U+048E "Ҏ" */
    0xaf, 0xff, 0xd8, 0xa, 0xe5, 0x6a, 0xf8, 0xad,
    0x0, 0xc, 0xda, 0xd0, 0x41, 0xbe, 0xad, 0x1a,
    0xcf, 0x9a, 0xff, 0xff, 0xc0, 0xae, 0x43, 0x4e,
    0x1a, 0xd0, 0x0, 0x10, 0xad, 0x0, 0x0, 0xa,
    0xd0, 0x0, 0x0,

    /* U+048F "ҏ" */
    0xd8, 0x9f, 0xe7, 0xd, 0xf7, 0x27, 0xf5, 0xdd,
    0x0, 0xc, 0xcd, 0xa0, 0x0, 0x9e, 0xdb, 0x0,
    0xa, 0xed, 0xe0, 0x79, 0xdc, 0xdf, 0xa7, 0xff,
    0x5d, 0xa9, 0xfe, 0xf1, 0xda, 0x0, 0x8, 0x3d,
    0xa0, 0x0, 0x0, 0xda, 0x0, 0x0, 0x0,

    /* U+0490 "Ґ" */
    0x0, 0x0, 0x8, 0x20, 0x0, 0x1, 0xf5, 0x0,
    0x0, 0x1f, 0x5b, 0xff, 0xff, 0xf5, 0xbe, 0x66,
    0x66, 0x1b, 0xd0, 0x0, 0x0, 0xbd, 0x0, 0x0,
    0xb, 0xd0, 0x0, 0x0, 0xbd, 0x0, 0x0, 0xb,
    0xd0, 0x0, 0x0, 0xbd, 0x0, 0x0, 0xb, 0xd0,
    0x0, 0x0, 0xbd, 0x0, 0x0, 0x0,

    /* U+0491 "ґ" */
    0x0, 0x5, 0xf0, 0x0, 0x5, 0xf0, 0xdf, 0xff,
    0xf0, 0xdb, 0x33, 0x30, 0xda, 0x0, 0x0, 0xda,
    0x0, 0x0, 0xda, 0x0, 0x0, 0xda, 0x0, 0x0,
    0xda, 0x0, 0x0, 0xda, 0x0, 0x0,

    /* U+0492 "Ғ" */
    0xa, 0xff, 0xff, 0xf3, 0xa, 0xe5, 0x55, 0x51,
    0xa, 0xd0, 0x0, 0x0, 0xb, 0xd1, 0x10, 0x0,
    0xaf, 0xff, 0xfb, 0x0, 0x2c, 0xe4, 0x42, 0x0,
    0xa, 0xd0, 0x0, 0x0, 0xa, 0xd0, 0x0, 0x0,
    0xa, 0xd0, 0x0, 0x0, 0xa, 0xd0, 0x0, 0x0,

    /* U+0493 "ғ" */
    0xe, 0xff, 0xff, 0xe, 0xb4, 0x44, 0xe, 0x90,
    0x0, 0xe, 0x90, 0x0, 0xef, 0xff, 0xe0, 0x2e,
    0xa3, 0x20, 0xe, 0x90, 0x0, 0xe, 0x90, 0x0,

    /* U+0494 "Ҕ" */
    0xaf, 0xff, 0xff, 0x40, 0xae, 0x55, 0x55, 0x10,
    0xad, 0x0, 0x0, 0x0, 0xad, 0x1, 0x0, 0x0,
    0xaf, 0xff, 0xfa, 0x10, 0xae, 0x55, 0x8f, 0xe1,
    0xad, 0x0, 0x4, 0xf8, 0xad, 0x0, 0x0, 0xcc,
    0xad, 0x0, 0x0, 0xbd, 0xad, 0x0, 0x0, 0xcc,
    0x0, 0x0, 0x2, 0xf8, 0x0, 0x76, 0x8e, 0xf1,
    0x0, 0xaf, 0xfb, 0x20,

    /* U+0495 "ҕ" */
    0xdf, 0xff, 0xf1, 0xd, 0xb4, 0x44, 0x0, 0xda,
    0x10, 0x0, 0xd, 0xff, 0xf9, 0x10, 0xdc, 0x48,
    0xfb, 0xd, 0xa0, 0x7, 0xf2, 0xda, 0x0, 0x3f,
    0x4d, 0xa0, 0x3, 0xf4, 0x0, 0x0, 0x6f, 0x20,
    0x46, 0x6e, 0xb0, 0x5, 0xef, 0xa1, 0x0,

    /* U+0496 "Җ" */
    0x7f, 0x30, 0x8, 0xe0, 0x0, 0xdc, 0x0, 0xad,
    0x10, 0x8e, 0x0, 0x9e, 0x10, 0x0, 0xdb, 0x8,
    0xe0, 0x5f, 0x30, 0x0, 0x2, 0xf7, 0x8e, 0x2f,
    0x60, 0x0, 0x0, 0x6, 0xfc, 0xed, 0xa0, 0x0,
    0x0, 0x0, 0xae, 0xae, 0xae, 0x10, 0x0, 0x0,
    0x5f, 0x48, 0xe1, 0xeb, 0x0, 0x0, 0x2f, 0x80,
    0x8e, 0x3, 0xf7, 0x0, 0xd, 0xc0, 0x8, 0xe0,
    0x7, 0xf7, 0x59, 0xe1, 0x0, 0x8e, 0x0, 0xb,
    0xfe, 0x0, 0x0, 0x0, 0x0, 0x0, 0x8, 0xe0,
    0x0, 0x0, 0x0, 0x0, 0x0, 0x8e, 0x0, 0x0,
    0x0, 0x0, 0x0, 0x8, 0xe0,

    /* U+0497 "җ" */
    0x5f, 0x40, 0x3f, 0x30, 0x3f, 0x50, 0x9, 0xe1,
    0x3f, 0x31, 0xe9, 0x0, 0x0, 0xcc, 0x3f, 0x3b,
    0xc0, 0x0, 0x0, 0x1e, 0xbf, 0xbe, 0x10, 0x0,
    0x0, 0x3f, 0x9f, 0x9f, 0x40, 0x0, 0x1, 0xe9,
    0x3f, 0x39, 0xe1, 0x0, 0xc, 0xc0, 0x3f, 0x30,
    0xcc, 0x31, 0x9e, 0x20, 0x3f, 0x30, 0x1e, 0xf8,
    0x0, 0x0, 0x0, 0x0, 0x0, 0xe8, 0x0, 0x0,
    0x0, 0x0, 0x0, 0xe8, 0x0, 0x0, 0x0, 0x0,
    0x0, 0x74,

    /* U+0498 "Ҙ" */
    0x2a, 0xef, 0xea, 0x10, 0x1a, 0x75, 0x7f, 0xd0,
    0x0, 0x0, 0x8, 0xf0, 0x0, 0x1, 0x4e, 0xa0,
    0x3, 0xff, 0xfa, 0x0, 0x0, 0x34, 0x6e, 0xc0,
    0x0, 0x0, 0x5, 0xf4, 0x0, 0x0, 0x5, 0xf4,
    0x59, 0x65, 0x7e, 0xd0, 0x4c, 0xff, 0xe9, 0x10,
    0x0, 0x6, 0xa0, 0x0, 0x0, 0x2, 0xf1, 0x0,
    0x0, 0x3f, 0xb0, 0x0,

    /* U+0499 "ҙ" */
    0x3c, 0xef, 0xc4, 0x1, 0x74, 0x4b, 0xf0, 0x0,
    0x0, 0x9e, 0x0, 0x6f, 0xfe, 0x30, 0x1, 0x23,
    0xbe, 0x10, 0x0, 0x4, 0xf4, 0x56, 0x44, 0xbf,
    0x15, 0xdf, 0xfd, 0x40, 0x0, 0x1d, 0x20, 0x0,
    0x0, 0xa8, 0x0, 0x0, 0xce, 0x30, 0x0,

    /* U+049A "Қ" */
    0xad, 0x0, 0x6, 0xf4, 0xa, 0xd0, 0x4, 0xf6,
    0x0, 0xad, 0x3, 0xf8, 0x0, 0xa, 0xd1, 0xea,
    0x0, 0x0, 0xae, 0xdc, 0x0, 0x0, 0xa, 0xda,
    0xf2, 0x0, 0x0, 0xad, 0xc, 0xe1, 0x0, 0xa,
    0xd0, 0x1e, 0xc0, 0x0, 0xad, 0x0, 0x3f, 0xb6,
    0x3a, 0xd0, 0x0, 0x5f, 0xf8, 0x0, 0x0, 0x0,
    0xf, 0x80, 0x0, 0x0, 0x0, 0xf8, 0x0, 0x0,
    0x0, 0xf, 0x80,

    /* U+049B "қ" */
    0xda, 0x0, 0xae, 0x10, 0xda, 0x6, 0xf3, 0x0,
    0xda, 0x3f, 0x60, 0x0, 0xdb, 0xea, 0x0, 0x0,
    0xdb, 0xea, 0x0, 0x0, 0xda, 0x3f, 0x60, 0x0,
    0xda, 0x5, 0xf3, 0x0, 0xda, 0x0, 0x8f, 0xf0,
    0x0, 0x0, 0x6, 0xf0, 0x0, 0x0, 0x6, 0xf0,
    0x0, 0x0, 0x6, 0xf0,

    /* U+049C "Ҝ" */
    0xbd, 0x0, 0x8, 0xf4, 0xbd, 0x59, 0x8f, 0x50,
    0xbd, 0x5e, 0xf6, 0x0, 0xbd, 0x6f, 0x80, 0x0,
    0xbe, 0xec, 0x0, 0x0, 0xbd, 0x8f, 0x40, 0x0,
    0xbd, 0x5f, 0xe2, 0x0, 0xbd, 0x5a, 0xdd, 0x0,
    0xbd, 0x1, 0x2f, 0xa0, 0xbd, 0x0, 0x5, 0xf7,

    /* U+049D "ҝ" */
    0xda, 0x0, 0x9e, 0x1d, 0xa9, 0x9f, 0x40, 0xda,
    0x9f, 0x70, 0xd, 0xac, 0xb0, 0x0, 0xdc, 0xf9,
    0x0, 0xd, 0xa9, 0xf6, 0x0, 0xda, 0x9c, 0xf5,
    0xd, 0xa5, 0x28, 0xf3,

    /* U+049E "Ҟ" */
    0xb, 0xd1, 0x0, 0x6f, 0x4b, 0xff, 0xf2, 0x2f,
    0x80, 0x2c, 0xe4, 0xc, 0xc0, 0x0, 0xad, 0x18,
    0xf2, 0x0, 0xa, 0xff, 0xf9, 0x0, 0x0, 0xae,
    0x4b, 0xf1, 0x0, 0xa, 0xd0, 0x1f, 0xa0, 0x0,
    0xad, 0x0, 0x6f, 0x50, 0xa, 0xd0, 0x0, 0xce,
    0x0, 0xad, 0x0, 0x2, 0xf9,

    /* U+049F "ҟ" */
    0x1, 0x0, 0x0, 0x0, 0xd, 0xa0, 0x0, 0x0,
    0xdf, 0xff, 0xf0, 0x0, 0x1d, 0xb2, 0x20, 0x0,
    0xd, 0xa0, 0x9, 0xe1, 0xd, 0xa0, 0x6f, 0x30,
    0xd, 0xa4, 0xf5, 0x0, 0xd, 0xce, 0x90, 0x0,
    0xd, 0xbd, 0xc0, 0x0, 0xd, 0xa2, 0xe9, 0x0,
    0xd, 0xa0, 0x4f, 0x70, 0xd, 0xa0, 0x7, 0xf4,

    /* U+04A0 "Ҡ" */
    0xff, 0xfd, 0x0, 0x6, 0xf4, 0x56, 0xcd, 0x0,
    0x4f, 0x60, 0x0, 0xad, 0x2, 0xf9, 0x0, 0x0,
    0xad, 0x1e, 0xb0, 0x0, 0x0, 0xae, 0xcd, 0x0,
    0x0, 0x0, 0xad, 0xbe, 0x20, 0x0, 0x0, 0xad,
    0xc, 0xd1, 0x0, 0x0, 0xad, 0x1, 0xec, 0x0,
    0x0, 0xad, 0x0, 0x3f, 0x90, 0x0, 0xad, 0x0,
    0x4, 0xf7,

    /* U+04A1 "ҡ" */
    0xdf, 0xff, 0x0, 0x4f, 0x43, 0x38, 0xf0, 0x2e,
    0x70, 0x0, 0x6f, 0xd, 0xa0, 0x0, 0x6, 0xfb,
    0xd0, 0x0, 0x0, 0x6f, 0x8f, 0x20, 0x0, 0x6,
    0xf0, 0xbd, 0x10, 0x0, 0x6f, 0x0, 0xdb, 0x0,
    0x6, 0xf0, 0x2, 0xe8,

    /* U+04A2 "Ң" */
    0xad, 0x0, 0x0, 0x6f, 0x20, 0xad, 0x0, 0x0,
    0x6f, 0x20, 0xad, 0x0, 0x0, 0x6f, 0x20, 0xad,
    0x11, 0x11, 0x6f, 0x20, 0xaf, 0xff, 0xff, 0xff,
    0x20, 0xae, 0x44, 0x44, 0x8f, 0x20, 0xad, 0x0,
    0x0, 0x6f, 0x20, 0xad, 0x0, 0x0, 0x6f, 0x20,
    0xad, 0x0, 0x0, 0x6f, 0x52, 0xad, 0x0, 0x0,
    0x6f, 0xf9, 0x0, 0x0, 0x0, 0x0, 0xe9, 0x0,
    0x0, 0x0, 0x0, 0xe9, 0x0, 0x0, 0x0, 0x0,
    0xe9,

    /* U+04A3 "ң" */
    0xda, 0x0, 0xa, 0xd0, 0xd, 0xa0, 0x0, 0xad,
    0x0, 0xda, 0x0, 0xa, 0xd0, 0xd, 0xff, 0xff,
    0xfd, 0x0, 0xdb, 0x33, 0x3b, 0xd0, 0xd, 0xa0,
    0x0, 0xad, 0x0, 0xda, 0x0, 0xa, 0xd0, 0xd,
    0xa0, 0x0, 0xaf, 0xf3, 0x0, 0x0, 0x0, 0x3f,
    0x30, 0x0, 0x0, 0x3, 0xf3, 0x0, 0x0, 0x0,
    0x3f, 0x30,

    /* U+04A4 "Ҥ" */
    0xad, 0x0, 0x0, 0x6f, 0xff, 0x6a, 0xd0, 0x0,
    0x6, 0xf7, 0x62, 0xad, 0x0, 0x0, 0x6f, 0x20,
    0xa, 0xd1, 0x11, 0x17, 0xf2, 0x0, 0xaf, 0xff,
    0xff, 0xff, 0x20, 0xa, 0xe4, 0x44, 0x48, 0xf2,
    0x0, 0xad, 0x0, 0x0, 0x6f, 0x20, 0xa, 0xd0,
    0x0, 0x6, 0xf2, 0x0, 0xad, 0x0, 0x0, 0x6f,
    0x20, 0xa, 0xd0, 0x0, 0x6, 0xf2, 0x0,

    /* U+04A5 "ҥ" */
    0xda, 0x0, 0xa, 0xff, 0xf4, 0xda, 0x0, 0xa,
    0xe3, 0x30, 0xda, 0x0, 0xa, 0xd0, 0x0, 0xdf,
    0xff, 0xff, 0xd0, 0x0, 0xdb, 0x33, 0x3b, 0xd0,
    0x0, 0xda, 0x0, 0xa, 0xd0, 0x0, 0xda, 0x0,
    0xa, 0xd0, 0x0, 0xda, 0x0, 0xa, 0xd0, 0x0,

    /* U+04A6 "Ҧ" */
    0xaf, 0xff, 0xff, 0xfa, 0x0, 0x0, 0x0, 0xae,
    0x66, 0x66, 0xea, 0x0, 0x0, 0x0, 0xad, 0x0,
    0x0, 0xea, 0x0, 0x0, 0x0, 0xad, 0x0, 0x0,
    0xea, 0x10, 0x0, 0x0, 0xad, 0x0, 0x0, 0xef,
    0xff, 0xe7, 0x0, 0xad, 0x0, 0x0, 0xec, 0x45,
    0xaf, 0x90, 0xad, 0x0, 0x0, 0xea, 0x0, 0x8,
    0xf2, 0xad, 0x0, 0x0, 0xea, 0x0, 0x2, 0xf6,
    0xad, 0x0, 0x0, 0xea, 0x0, 0x0, 0xf7, 0xad,
    0x0, 0x0, 0xea, 0x0, 0x2, 0xf6, 0x0, 0x0,
    0x0, 0x0, 0x0, 0x8, 0xf2, 0x0, 0x0, 0x0,
    0x2, 0x76, 0xaf, 0xa0, 0x0, 0x0, 0x0, 0x2,
    0xdf, 0xe8, 0x0,

    /* U+04A7 "ҧ" */
    0xdf, 0xff, 0xff, 0x70, 0x0, 0xd, 0xb4, 0x44,
    0xf7, 0x0, 0x0, 0xda, 0x0, 0xf, 0x70, 0x0,
    0xd, 0xa0, 0x0, 0xff, 0xfd, 0x40, 0xda, 0x0,
    0xf, 0x95, 0xbf, 0x2d, 0xa0, 0x0, 0xf7, 0x0,
    0xf8, 0xda, 0x0, 0xf, 0x70, 0xc, 0xbd, 0xa0,
    0x0, 0xf7, 0x0, 0xcb, 0x0, 0x0, 0x0, 0x0,
    0xe, 0x90, 0x0, 0x0, 0x6, 0x5a, 0xf3, 0x0,
    0x0, 0x0, 0xaf, 0xe6, 0x0,

    /* U+04A8 "Ҩ" */
    0x0, 0x3b, 0xef, 0x90, 0x0, 0x0, 0x3f, 0xe7,
    0x63, 0x0, 0x0, 0xb, 0xf1, 0x2, 0xcf, 0xc2,
    0x0, 0xf9, 0x0, 0xcd, 0x4e, 0xb0, 0x1f, 0x70,
    0xf, 0x60, 0x7f, 0x1, 0xf7, 0x1, 0xf5, 0x6,
    0xf0, 0xf, 0x90, 0xf, 0x70, 0x9d, 0x0, 0xaf,
    0x20, 0xad, 0x2f, 0x70, 0x2, 0xef, 0x88, 0xff,
    0xc1, 0x0, 0x2, 0xae, 0xfd, 0xdf, 0xf5, 0x0,
    0x0, 0x0, 0x0, 0x24, 0x10,

    /* U+04A9 "ҩ" */
    0x0, 0x9e, 0xf3, 0x0, 0x0, 0xaf, 0x67, 0xde,
    0x60, 0x1f, 0x70, 0xca, 0x6f, 0x13, 0xf4, 0xf,
    0x50, 0xf4, 0x3f, 0x40, 0xf6, 0x2f, 0x41, 0xf7,
    0xc, 0xb6, 0xe0, 0x9, 0xf7, 0x9f, 0xf8, 0x10,
    0x8, 0xef, 0xbd, 0xf8,

    /* U+04AA "Ҫ" */
    0x0, 0x18, 0xdf, 0xeb, 0x20, 0x1d, 0xf9, 0x67,
    0xb1, 0x9, 0xf3, 0x0, 0x0, 0x0, 0xfa, 0x0,
    0x0, 0x0, 0x1f, 0x70, 0x0, 0x0, 0x1, 0xf7,
    0x0, 0x0, 0x0, 0xf, 0xa0, 0x0, 0x0, 0x0,
    0xaf, 0x20, 0x0, 0x0, 0x2, 0xef, 0x86, 0x69,
    0x0, 0x2, 0x9f, 0xfe, 0xb0, 0x0, 0x0, 0x3d,
    0x0, 0x0, 0x0, 0x0, 0xd5, 0x0, 0x0, 0x0,
    0xfd, 0x10, 0x0,

    /* U+04AB "ҫ" */
    0x0, 0x8e, 0xfd, 0x30, 0x9f, 0x85, 0x81, 0x1f,
    0x80, 0x0, 0x3, 0xf5, 0x0, 0x0, 0x3f, 0x50,
    0x0, 0x1, 0xf8, 0x0, 0x0, 0x9, 0xf8, 0x58,
    0x30, 0x8, 0xef, 0xd2, 0x0, 0x3, 0xc0, 0x0,
    0x0, 0xe, 0x40, 0x0, 0xf, 0xd1, 0x0,

    /* U+04AC "Ҭ" */
    0xdf, 0xff, 0xff, 0xfb, 0x46, 0x6e, 0xc6, 0x64,
    0x0, 0xd, 0xb0, 0x0, 0x0, 0xd, 0xb0, 0x0,
    0x0, 0xd, 0xb0, 0x0, 0x0, 0xd, 0xb0, 0x0,
    0x0, 0xd, 0xb0, 0x0, 0x0, 0xd, 0xb0, 0x0,
    0x0, 0xd, 0xc3, 0x0, 0x0, 0xd, 0xff, 0x20,
    0x0, 0x0, 0x5f, 0x20, 0x0, 0x0, 0x5f, 0x20,
    0x0, 0x0, 0x5f, 0x20,

    /* U+04AD "ҭ" */
    0xbf, 0xff, 0xff, 0xa2, 0x47, 0xf6, 0x42, 0x0,
    0x4f, 0x30, 0x0, 0x4, 0xf3, 0x0, 0x0, 0x4f,
    0x30, 0x0, 0x4, 0xf3, 0x0, 0x0, 0x4f, 0x30,
    0x0, 0x4, 0xff, 0x80, 0x0, 0x0, 0xd8, 0x0,
    0x0, 0xd, 0x80, 0x0, 0x0, 0xd8, 0x0,

    /* U+04AE "Ү" */
    0xbe, 0x0, 0x0, 0xbd, 0x3, 0xf6, 0x0, 0x3f,
    0x50, 0xa, 0xe0, 0xb, 0xc0, 0x0, 0x2f, 0x63,
    0xf4, 0x0, 0x0, 0x9d, 0xbb, 0x0, 0x0, 0x1,
    0xff, 0x30, 0x0, 0x0, 0xb, 0xd0, 0x0, 0x0,
    0x0, 0xbd, 0x0, 0x0, 0x0, 0xb, 0xd0, 0x0,
    0x0, 0x0, 0xbd, 0x0, 0x0,

    /* U+04AF "ү" */
    0xcc, 0x0, 0x6, 0xf2, 0x6f, 0x20, 0xb, 0xc0,
    0x1f, 0x80, 0x1f, 0x60, 0xa, 0xd0, 0x7f, 0x0,
    0x4, 0xf3, 0xda, 0x0, 0x0, 0xda, 0xf4, 0x0,
    0x0, 0x7f, 0xd0, 0x0, 0x0, 0x1f, 0x80, 0x0,
    0x0, 0xf, 0x70, 0x0, 0x0, 0xf, 0x70, 0x0,
    0x0, 0xf, 0x70, 0x0,

    /* U+04B0 "Ұ" */
    0xbe, 0x0, 0x0, 0xcd, 0x2, 0xf8, 0x0, 0x5f,
    0x40, 0x8, 0xf1, 0xd, 0xa0, 0x0, 0xe, 0xa7,
    0xf2, 0x0, 0x0, 0x5f, 0xf7, 0x0, 0x0, 0x11,
    0xde, 0x21, 0x0, 0xc, 0xff, 0xff, 0xf0, 0x0,
    0x34, 0xce, 0x44, 0x0, 0x0, 0xb, 0xd0, 0x0,
    0x0, 0x0, 0xbd, 0x0, 0x0,

    /* U+04B1 "ұ" */
    0xcc, 0x0, 0x6, 0xf2, 0x5f, 0x20, 0xc, 0xb0,
    0xe, 0x90, 0x3f, 0x50, 0x8, 0xf0, 0x9e, 0x0,
    0x2, 0xf5, 0xe7, 0x0, 0x0, 0xbd, 0xf1, 0x0,
    0x0, 0x4f, 0xa0, 0x0, 0xf, 0xff, 0xff, 0x50,
    0x2, 0x3f, 0x82, 0x0, 0x0, 0xf, 0x70, 0x0,
    0x0, 0xf, 0x70, 0x0,

    /* U+04B2 "Ҳ" */
    0x6f, 0x30, 0x0, 0xae, 0x0, 0xc, 0xd0, 0x4,
    0xf4, 0x0, 0x2, 0xf7, 0xd, 0xa0, 0x0, 0x0,
    0x8f, 0x9e, 0x10, 0x0, 0x0, 0xd, 0xf6, 0x0,
    0x0, 0x0, 0x1f, 0xf8, 0x0, 0x0, 0x0, 0xbd,
    0x6f, 0x30, 0x0, 0x5, 0xf3, 0xc, 0xc0, 0x0,
    0x1e, 0x90, 0x2, 0xf8, 0x30, 0xae, 0x10, 0x0,
    0x8f, 0xf1, 0x0, 0x0, 0x0, 0x6, 0xf1, 0x0,
    0x0, 0x0, 0x6, 0xf1, 0x0, 0x0, 0x0, 0x6,
    0xf1,

    /* U+04B3 "ҳ" */
    0x5f, 0x50, 0xa, 0xe1, 0xb, 0xe0, 0x4f, 0x50,
    0x2, 0xf9, 0xdb, 0x0, 0x0, 0x7f, 0xf2, 0x0,
    0x0, 0x6f, 0xe1, 0x0, 0x2, 0xfa, 0xda, 0x0,
    0xc, 0xd0, 0x4f, 0x40, 0x7f, 0x40, 0x9, 0xfe,
    0x0, 0x0, 0x0, 0x8e, 0x0, 0x0, 0x0, 0x8e,
    0x0, 0x0, 0x0, 0x8e,

    /* U+04B4 "Ҵ" */
    0xdf, 0xff, 0xff, 0xf8, 0xf, 0x90, 0x4, 0x66,
    0xfa, 0x66, 0x30, 0xf9, 0x0, 0x0, 0x1f, 0x70,
    0x0, 0xf, 0x90, 0x0, 0x1, 0xf7, 0x0, 0x0,
    0xf9, 0x0, 0x0, 0x1f, 0x70, 0x0, 0xf, 0x90,
    0x0, 0x1, 0xf7, 0x0, 0x0, 0xf9, 0x0, 0x0,
    0x1f, 0x70, 0x0, 0xf, 0x90, 0x0, 0x1, 0xf7,
    0x0, 0x0, 0xf9, 0x0, 0x0, 0x1f, 0xa6, 0x66,
    0x6f, 0xb6, 0x0, 0x1, 0xff, 0xff, 0xff, 0xff,
    0xf0, 0x0, 0x0, 0x0, 0x0, 0x0, 0x6f, 0x0,
    0x0, 0x0, 0x0, 0x0, 0x6, 0xf0, 0x0, 0x0,
    0x0, 0x0, 0x0, 0x6f, 0x0,

    /* U+04B5 "ҵ" */
    0xbf, 0xff, 0xff, 0x1a, 0xd0, 0x2, 0x4c, 0xd4,
    0x40, 0xad, 0x0, 0x0, 0xac, 0x0, 0xa, 0xd0,
    0x0, 0xa, 0xc0, 0x0, 0xad, 0x0, 0x0, 0xac,
    0x0, 0xa, 0xd0, 0x0, 0xa, 0xc0, 0x0, 0xad,
    0x0, 0x0, 0xad, 0x33, 0x3b, 0xd3, 0x0, 0xa,
    0xff, 0xff, 0xff, 0xf2, 0x0, 0x0, 0x0, 0x0,
    0x3f, 0x20, 0x0, 0x0, 0x0, 0x3, 0xf2, 0x0,
    0x0, 0x0, 0x0, 0x2b, 0x20,

    /* U+04B6 "Ҷ" */
    0xf8, 0x0, 0x0, 0xf9, 0x0, 0xf8, 0x0, 0x0,
    0xf9, 0x0, 0xf8, 0x0, 0x0, 0xf9, 0x0, 0xf8,
    0x0, 0x0, 0xf9, 0x0, 0xdd, 0x31, 0x37, 0xf9,
    0x0, 0x4f, 0xff, 0xfc, 0xf9, 0x0, 0x0, 0x33,
    0x10, 0xf9, 0x0, 0x0, 0x0, 0x0, 0xf9, 0x0,
    0x0, 0x0, 0x0, 0xfa, 0x30, 0x0, 0x0, 0x0,
    0xff, 0xf0, 0x0, 0x0, 0x0, 0x7, 0xf0, 0x0,
    0x0, 0x0, 0x7, 0xf0, 0x0, 0x0, 0x0, 0x7,
    0xf0,

    /* U+04B7 "ҷ" */
    0xf, 0x70, 0x0, 0xe9, 0x0, 0xf7, 0x0, 0xe,
    0x90, 0xf, 0x70, 0x0, 0xe9, 0x0, 0xeb, 0x12,
    0x6f, 0x90, 0x5, 0xff, 0xfa, 0xe9, 0x0, 0x0,
    0x20, 0xe, 0x90, 0x0, 0x0, 0x0, 0xe9, 0x0,
    0x0, 0x0, 0xe, 0xff, 0x0, 0x0, 0x0, 0x7,
    0xf0, 0x0, 0x0, 0x0, 0x7f, 0x0, 0x0, 0x0,
    0x7, 0xe0,

    /* U+04B8 "Ҹ" */
    0xf9, 0x0, 0x0, 0xea, 0xf9, 0x0, 0x0, 0xea,
    0xf9, 0x0, 0x0, 0xea, 0xf9, 0xa, 0x40, 0xea,
    0xde, 0x3a, 0x65, 0xfa, 0x4e, 0xff, 0xfd, 0xfa,
    0x0, 0x2b, 0x50, 0xea, 0x0, 0xa, 0x40, 0xea,
    0x0, 0x9, 0x30, 0xea, 0x0, 0x0, 0x0, 0xea,

    /* U+04B9 "ҹ" */
    0xf, 0x70, 0x0, 0xf8, 0xf, 0x70, 0x0, 0xf8,
    0xf, 0x73, 0x70, 0xf8, 0xf, 0xb5, 0xa6, 0xf8,
    0x6, 0xff, 0xfb, 0xf8, 0x0, 0x16, 0x90, 0xf8,
    0x0, 0x4, 0x90, 0xf8, 0x0, 0x0, 0x0, 0xf8,

    /* U+04BA "Һ" */
    0xbd, 0x0, 0x0, 0x0, 0xbd, 0x0, 0x0, 0x0,
    0xbd, 0x0, 0x0, 0x0, 0xbe, 0xae, 0xff, 0xb1,
    0xbf, 0xa6, 0x47, 0xf9, 0xbd, 0x0, 0x0, 0xbd,
    0xbd, 0x0, 0x0, 0xae, 0xbd, 0x0, 0x0, 0xae,
    0xbd, 0x0, 0x0, 0xae, 0xbd, 0x0, 0x0, 0xae,

    /* U+04BB "һ" */
    0x10, 0x0, 0x0, 0xd, 0xa0, 0x0, 0x0, 0xda,
    0x0, 0x0, 0xd, 0x90, 0x0, 0x0, 0xda, 0x9f,
    0xe9, 0xd, 0xfa, 0x58, 0xf6, 0xdd, 0x0, 0xd,
    0xad, 0xa0, 0x0, 0xcb, 0xda, 0x0, 0xc, 0xbd,
    0xa0, 0x0, 0xcb, 0xda, 0x0, 0xc, 0xbd, 0xa0,
    0x0, 0xcb,

    /* U+04BC "Ҽ" */
    0x0, 0x0, 0x4c, 0xef, 0xc6, 0x0, 0x0, 0x6,
    0xfc, 0x76, 0xaf, 0x70, 0xaa, 0x1f, 0xa0, 0x0,
    0x9, 0xf0, 0xbb, 0x6f, 0x41, 0x11, 0x15, 0xf4,
    0x5f, 0xff, 0xff, 0xff, 0xff, 0xf5, 0x2, 0x9f,
    0x64, 0x44, 0x44, 0x41, 0x0, 0x4f, 0x50, 0x0,
    0x0, 0x0, 0x0, 0xe, 0xd0, 0x0, 0x0, 0x0,
    0x0, 0x5, 0xfd, 0x76, 0x7a, 0xb0, 0x0, 0x0,
    0x3b, 0xef, 0xeb, 0x50,

    /* U+04BD "ҽ" */
    0x0, 0x5, 0xdf, 0xd6, 0x2, 0x14, 0xf9, 0x37,
    0xf4, 0xc8, 0xad, 0x0, 0xc, 0xa7, 0xff, 0xff,
    0xff, 0xfc, 0x1, 0xcc, 0x22, 0x22, 0x20, 0x8,
    0xf0, 0x0, 0x0, 0x0, 0x1f, 0xb5, 0x47, 0x40,
    0x0, 0x3b, 0xef, 0xc3,

    /* U+04BE "Ҿ" */
    0x0, 0x0, 0x4c, 0xef, 0xc6, 0x0, 0x0, 0x7,
    0xfc, 0x76, 0xaf, 0x70, 0xaa, 0x1f, 0xa0, 0x0,
    0x9, 0xf0, 0xbb, 0x6f, 0x41, 0x11, 0x15, 0xf4,
    0x5f, 0xff, 0xff, 0xff, 0xff, 0xf5, 0x2, 0x9f,
    0x64, 0x44, 0x44, 0x41, 0x0, 0x3f, 0x50, 0x0,
    0x0, 0x0, 0x0, 0xe, 0xd0, 0x0, 0x0, 0x0,
    0x0, 0x5, 0xfd, 0x75, 0x7a, 0xb0, 0x0, 0x0,
    0x4b, 0xff, 0xfc, 0x60, 0x0, 0x0, 0x0, 0x9e,
    0x0, 0x0, 0x0, 0x0, 0x0, 0x9e, 0x0, 0x0,
    0x0, 0x0, 0x0, 0x47, 0x0, 0x0,

    /* U+04BF "ҿ" */
    0x0, 0x4, 0xcf, 0xd6, 0x2, 0x13, 0xf9, 0x37,
    0xf4, 0xc8, 0xad, 0x0, 0xc, 0xa7, 0xff, 0xff,
    0xff, 0xfc, 0x1, 0xcc, 0x22, 0x22, 0x20, 0x9,
    0xe0, 0x0, 0x0, 0x0, 0x2f, 0xb4, 0x47, 0x40,
    0x0, 0x3c, 0xff, 0xd4, 0x0, 0x0, 0xf, 0x60,
    0x0, 0x0, 0x0, 0xf6, 0x0, 0x0, 0x0, 0x8,
    0x30, 0x0,

    /* U+04C0 "Ӏ" */
    0x7f, 0xff, 0x60, 0x5f, 0x50, 0x4, 0xf3, 0x0,
    0x4f, 0x30, 0x4, 0xf3, 0x0, 0x4f, 0x30, 0x4,
    0xf3, 0x0, 0x4f, 0x30, 0x5, 0xf5, 0x7, 0xff,
    0xf6,

    /* U+04C1 "Ӂ" */
    0x0, 0x0, 0x0, 0x0, 0x0, 0x0, 0x0, 0x0,
    0xa, 0xc0, 0x9c, 0x0, 0x0, 0x0, 0x0, 0x2c,
    0xfd, 0x30, 0x0, 0x0, 0x0, 0x0, 0x0, 0x0,
    0x0, 0x0, 0x5f, 0x40, 0x3, 0xf4, 0x0, 0x3f,
    0x50, 0xae, 0x10, 0x3f, 0x40, 0xe, 0xa0, 0x0,
    0xea, 0x3, 0xf4, 0xa, 0xe1, 0x0, 0x4, 0xf5,
    0x4f, 0x45, 0xf4, 0x0, 0x0, 0xb, 0xff, 0xff,
    0xfc, 0x0, 0x0, 0x2, 0xf9, 0x7f, 0x79, 0xf3,
    0x0, 0x0, 0xcd, 0x3, 0xf4, 0xd, 0xc0, 0x0,
    0x6f, 0x40, 0x3f, 0x40, 0x4f, 0x70, 0x1e, 0xa0,
    0x3, 0xf4, 0x0, 0xaf, 0x1a, 0xf1, 0x0, 0x3f,
    0x40, 0x1, 0xfa,

    /* U+04C2 "ӂ" */
    0x0, 0x0, 0x0, 0x1, 0x0, 0x0, 0x0, 0xab,
    0xa, 0xb0, 0x0, 0x0, 0x2, 0xcf, 0xc2, 0x0,
    0x0, 0x0, 0x0, 0x0, 0x0, 0x0, 0x5f, 0x30,
    0x3f, 0x40, 0x2f, 0x60, 0xad, 0x3, 0xf4, 0xc,
    0xb0, 0x1, 0xe9, 0x3f, 0x48, 0xe1, 0x0, 0x6,
    0xff, 0xff, 0xf7, 0x0, 0x0, 0xdc, 0x5f, 0x6b,
    0xd0, 0x0, 0x6f, 0x33, 0xf4, 0x2f, 0x70, 0x1e,
    0xa0, 0x3f, 0x40, 0x9f, 0x19, 0xf1, 0x3, 0xf4,
    0x1, 0xea,

    /* U+04C3 "Ӄ" */
    0xad, 0x0, 0x8, 0xf4, 0xa, 0xd0, 0x8, 0xe3,
    0x0, 0xad, 0x8, 0xe3, 0x0, 0xa, 0xd8, 0xe2,
    0x0, 0x0, 0xaf, 0xff, 0xfc, 0x40, 0xa, 0xe4,
    0x36, 0xcf, 0x60, 0xad, 0x0, 0x0, 0xce, 0xa,
    0xd0, 0x0, 0x5, 0xf3, 0xad, 0x0, 0x0, 0x4f,
    0x4a, 0xd0, 0x0, 0x6, 0xf2, 0x0, 0x0, 0x0,
    0xce, 0x0, 0x4, 0x77, 0xcf, 0x60, 0x0, 0x6e,
    0xfd, 0x60, 0x0,

    /* U+04C4 "ӄ" */
    0xda, 0x0, 0xbd, 0x1d, 0xa0, 0xbc, 0x10, 0xda,
    0xbc, 0x0, 0xd, 0xff, 0xfd, 0x40, 0xdc, 0x35,
    0xcf, 0x2d, 0xa0, 0x1, 0xf8, 0xda, 0x0, 0xc,
    0xad, 0xa0, 0x0, 0xca, 0x0, 0x0, 0x1f, 0x80,
    0x6, 0x5b, 0xf2, 0x0, 0xdf, 0xd4, 0x0,

    /* U+04C5 "Ӆ" */
    0x0, 0xf, 0xff, 0xff, 0xb0, 0x0, 0x3, 0xf8,
    0x55, 0xdb, 0x0, 0x0, 0x5f, 0x10, 0xc, 0xb0,
    0x0, 0x7, 0xf0, 0x0, 0xcb, 0x0, 0x0, 0xad,
    0x0, 0xc, 0xb0, 0x0, 0xc, 0xa0, 0x0, 0xcb,
    0x0, 0x0, 0xf8, 0x0, 0xc, 0xb0, 0x0, 0x3f,
    0x50, 0x0, 0xcb, 0x0, 0x5c, 0xf0, 0x0, 0xc,
    0xd6, 0x1f, 0xe5, 0x0, 0x0, 0xcf, 0xf2, 0x0,
    0x0, 0x0, 0x0, 0x7e, 0x0, 0x0, 0x0, 0x0,
    0xd, 0xa0, 0x0, 0x0, 0x0, 0x3, 0xd5, 0x0,

    /* U+04C6 "ӆ" */
    0x0, 0xbf, 0xff, 0xf3, 0x0, 0xd, 0xa4, 0x7f,
    0x30, 0x0, 0xe7, 0x4, 0xf3, 0x0, 0xf, 0x50,
    0x4f, 0x30, 0x3, 0xf3, 0x4, 0xf3, 0x0, 0x7f,
    0x0, 0x4f, 0x30, 0x3e, 0xa0, 0x4, 0xf6, 0x2e,
    0xd1, 0x0, 0x4f, 0xf8, 0x0, 0x0, 0x0, 0xf,
    0x40, 0x0, 0x0, 0x4, 0xf1, 0x0, 0x0, 0x0,
    0x6a, 0x0,

    /* U+04C7 "Ӈ" */
    0xad, 0x0, 0x0, 0x6f, 0x2a, 0xd0, 0x0, 0x6,
    0xf2, 0xad, 0x11, 0x11, 0x6f, 0x2a, 0xff, 0xff,
    0xff, 0xf2, 0xae, 0x44, 0x44, 0x8f, 0x2a, 0xd0,
    0x0, 0x6, 0xf2, 0xad, 0x0, 0x0, 0x6f, 0x2a,
    0xd0, 0x0, 0x6, 0xf2, 0xad, 0x0, 0x0, 0x6f,
    0x1a, 0xd0, 0x0, 0x8, 0xf0, 0x0, 0x0, 0x0,
    0xdd, 0x0, 0x5, 0x66, 0xcf, 0x60, 0x0, 0x7e,
    0xfd, 0x60, 0x0,

    /* U+04C8 "ӈ" */
    0xda, 0x0, 0xa, 0xdd, 0xa0, 0x0, 0xad, 0xda,
    0x0, 0xa, 0xdd, 0xff, 0xff, 0xfd, 0xdb, 0x33,
    0x3b, 0xdd, 0xa0, 0x0, 0xad, 0xda, 0x0, 0xa,
    0xdd, 0xa0, 0x0, 0xad, 0x0, 0x0, 0xd, 0xb0,
    0x6, 0x59, 0xf6, 0x0, 0x8f, 0xe8, 0x0,

    /* U+04C9 "Ӊ" */
    0xad, 0x0, 0x0, 0x6f, 0x20, 0xad, 0x0, 0x0,
    0x6f, 0x20, 0xad, 0x0, 0x0, 0x6f, 0x20, 0xad,
    0x11, 0x11, 0x6f, 0x20, 0xaf, 0xff, 0xff, 0xff,
    0x20, 0xae, 0x44, 0x44, 0x8f, 0x20, 0xad, 0x0,
    0x0, 0x6f, 0x20, 0xad, 0x0, 0x0, 0x6f, 0x20,
    0xad, 0x0, 0x0, 0x6f, 0x52, 0xad, 0x0, 0x0,
    0x6f, 0xf9, 0x0, 0x0, 0x0, 0x1, 0xf5, 0x0,
    0x0, 0x0, 0x7, 0xf1, 0x0, 0x0, 0x0, 0xd,
    0xd0,

    /* U+04CA "ӊ" */
    0xda, 0x0, 0xa, 0xd0, 0xd, 0xa0, 0x0, 0xad,
    0x0, 0xda, 0x0, 0xa, 0xd0, 0xd, 0xff, 0xff,
    0xfd, 0x0, 0xdb, 0x33, 0x3b, 0xd0, 0xd, 0xa0,
    0x0, 0xad, 0x0, 0xda, 0x0, 0xa, 0xd0, 0xd,
    0xa0, 0x0, 0xaf, 0xf3, 0x0, 0x0, 0x0, 0x4f,
    0x0, 0x0, 0x0, 0x9, 0xc0, 0x0, 0x0, 0x0,
    0xd8, 0x0,

    /* U+04CB "Ӌ" */
    0xf9, 0x0, 0x0, 0xea, 0xf9, 0x0, 0x0, 0xea,
    0xf9, 0x0, 0x0, 0xea, 0xf9, 0x0, 0x0, 0xea,
    0xde, 0x31, 0x36, 0xfa, 0x4e, 0xff, 0xfc, 0xfa,
    0x0, 0x33, 0x10, 0xea, 0x0, 0x0, 0x0, 0xea,
    0x0, 0x0, 0x3, 0xea, 0x0, 0x0, 0x3f, 0xfa,
    0x0, 0x0, 0x3f, 0x30, 0x0, 0x0, 0x3f, 0x30,
    0x0, 0x0, 0x3f, 0x30,

    /* U+04CC "ӌ" */
    0xf, 0x70, 0x0, 0xe9, 0xf, 0x70, 0x0, 0xe9,
    0xf, 0x70, 0x0, 0xe9, 0xe, 0xb1, 0x26, 0xf9,
    0x5, 0xff, 0xfa, 0xe9, 0x0, 0x2, 0x0, 0xe9,
    0x0, 0x0, 0x0, 0xe9, 0x0, 0x0, 0x1f, 0xf9,
    0x0, 0x0, 0x1f, 0x40, 0x0, 0x0, 0x1f, 0x40,
    0x0, 0x0, 0x1f, 0x40,

    /* U+04CD "Ӎ" */
    0xaf, 0xa0, 0x0, 0x0, 0xdf, 0x80, 0xa, 0xff,
    0x0, 0x0, 0x2f, 0xf8, 0x0, 0xaa, 0xf5, 0x0,
    0x8, 0xbe, 0x80, 0xa, 0xaa, 0xb0, 0x0, 0xe5,
    0xf8, 0x0, 0xab, 0x4f, 0x10, 0x4f, 0xf, 0x80,
    0xa, 0xb0, 0xe7, 0xa, 0xa0, 0xf8, 0x0, 0xab,
    0x9, 0xc0, 0xf4, 0xf, 0x80, 0xa, 0xb0, 0x3f,
    0x8e, 0x0, 0xf8, 0x0, 0xab, 0x0, 0xdf, 0x80,
    0xf, 0x93, 0xa, 0xb0, 0x7, 0xf2, 0x0, 0xff,
    0xf0, 0x0, 0x0, 0x0, 0x0, 0x0, 0xab, 0x0,
    0x0, 0x0, 0x0, 0x0, 0x1f, 0x70, 0x0, 0x0,
    0x0, 0x0, 0x7, 0xf3, 0x0,

    /* U+04CE "ӎ" */
    0xdf, 0x50, 0x0, 0x7f, 0xa0, 0xd, 0xfb, 0x0,
    0xd, 0xfa, 0x0, 0xdb, 0xf1, 0x3, 0xfb, 0xa0,
    0xd, 0x8d, 0x60, 0x8b, 0xaa, 0x0, 0xd8, 0x7c,
    0xe, 0x5a, 0xa0, 0xd, 0x81, 0xf6, 0xe0, 0xaa,
    0x0, 0xd8, 0xb, 0xf9, 0xa, 0xa0, 0xd, 0x80,
    0x5f, 0x30, 0xaf, 0xf1, 0x0, 0x0, 0x0, 0x0,
    0x7d, 0x0, 0x0, 0x0, 0x0, 0xc, 0x90, 0x0,
    0x0, 0x0, 0x1, 0xf5, 0x0,

    /* U+04CF "ӏ" */
    0x7f, 0xff, 0x60, 0x5f, 0x50, 0x4, 0xf3, 0x0,
    0x4f, 0x30, 0x4, 0xf3, 0x0, 0x4f, 0x30, 0x4,
    0xf3, 0x0, 0x4f, 0x30, 0x5, 0xf5, 0x7, 0xff,
    0xf6,

    /* U+04D0 "Ӑ" */
    0x0, 0x0, 0x0, 0x0, 0x0, 0x0, 0xac, 0x9,
    0xd0, 0x0, 0x0, 0x1c, 0xfd, 0x30, 0x0, 0x0,
    0x0, 0x0, 0x0, 0x0, 0x0, 0x6, 0xf8, 0x0,
    0x0, 0x0, 0xc, 0xee, 0x0, 0x0, 0x0, 0x2f,
    0x6f, 0x40, 0x0, 0x0, 0x8e, 0xc, 0xa0, 0x0,
    0x0, 0xe9, 0x7, 0xf1, 0x0, 0x4, 0xf5, 0x13,
    0xf7, 0x0, 0xa, 0xff, 0xff, 0xfd, 0x0, 0x1f,
    0xa4, 0x44, 0x8f, 0x30, 0x6f, 0x20, 0x0, 0x1f,
    0x90, 0xcc, 0x0, 0x0, 0xa, 0xe0,

    /* U+04D1 "ӑ" */
    0x0, 0x10, 0x1, 0x0, 0xf, 0x61, 0xf5, 0x0,
    0x5e, 0xe9, 0x0, 0x0, 0x0, 0x0, 0x3, 0xbe,
    0xfb, 0x20, 0x38, 0x44, 0xeb, 0x0, 0x0, 0x9,
    0xe0, 0x4b, 0xef, 0xfe, 0x2f, 0xa1, 0x8, 0xe5,
    0xf3, 0x0, 0xbe, 0x3f, 0x81, 0x6f, 0xe0, 0x7e,
    0xfa, 0x5e,

    /* U+04D2 "Ӓ" */
    0x0, 0x6c, 0xa, 0x80, 0x0, 0x0, 0x26, 0x5,
    0x30, 0x0, 0x0, 0x0, 0x0, 0x0, 0x0, 0x0,
    0x6, 0xf8, 0x0, 0x0, 0x0, 0xc, 0xee, 0x0,
    0x0, 0x0, 0x2f, 0x6f, 0x40, 0x0, 0x0, 0x8e,
    0xc, 0xa0, 0x0, 0x0, 0xe9, 0x7, 0xf1, 0x0,
    0x4, 0xf5, 0x13, 0xf7, 0x0, 0xa, 0xff, 0xff,
    0xfd, 0x0, 0x1f, 0xa4, 0x44, 0x8f, 0x30, 0x6f,
    0x20, 0x0, 0x1f, 0x90, 0xcc, 0x0, 0x0, 0xa,
    0xe0,

    /* U+04D3 "ӓ" */
    0x0, 0xe3, 0x3e, 0x0, 0x7, 0x11, 0x70, 0x3,
    0xbe, 0xfb, 0x20, 0x38, 0x44, 0xeb, 0x0, 0x0,
    0x9, 0xe0, 0x4b, 0xef, 0xfe, 0x2f, 0xa1, 0x8,
    0xe5, 0xf3, 0x0, 0xbe, 0x3f, 0x81, 0x6f, 0xe0,
    0x7e, 0xfa, 0x5e,

    /* U+04D4 "Ӕ" */
    0x0, 0x0, 0x9, 0xff, 0xff, 0xff, 0xc0, 0x0,
    0x1, 0xf9, 0xce, 0x55, 0x54, 0x0, 0x0, 0x8f,
    0xa, 0xe0, 0x0, 0x0, 0x0, 0xe, 0x80, 0xae,
    0x11, 0x10, 0x0, 0x7, 0xf1, 0xa, 0xff, 0xff,
    0x80, 0x0, 0xeb, 0x11, 0xae, 0x44, 0x42, 0x0,
    0x6f, 0xff, 0xff, 0xe0, 0x0, 0x0, 0xd, 0xc4,
    0x44, 0xbe, 0x0, 0x0, 0x5, 0xf4, 0x0, 0xa,
    0xe5, 0x55, 0x40, 0xcc, 0x0, 0x0, 0xaf, 0xff,
    0xfc,

    /* U+04D5 "ӕ" */
    0x4, 0xce, 0xf9, 0x3c, 0xfd, 0x50, 0x4, 0x74,
    0x5f, 0xf9, 0x39, 0xf3, 0x0, 0x0, 0xb, 0xe0,
    0x0, 0xe8, 0x4, 0xbe, 0xff, 0xff, 0xff, 0xfa,
    0x2f, 0xb3, 0x2c, 0xd2, 0x22, 0x21, 0x5f, 0x30,
    0xd, 0xf1, 0x0, 0x0, 0x3f, 0x94, 0xad, 0xec,
    0x55, 0x83, 0x7, 0xef, 0xa1, 0x2b, 0xff, 0xb2,

    /* U+04D6 "Ӗ" */
    0x0, 0x0, 0x0, 0xf, 0x71, 0xe7, 0x5, 0xef,
    0xb0, 0x0, 0x0, 0x0, 0xaf, 0xff, 0xff, 0xae,
    0x55, 0x55, 0xad, 0x0, 0x0, 0xad, 0x11, 0x10,
    0xaf, 0xff, 0xfb, 0xae, 0x44, 0x42, 0xad, 0x0,
    0x0, 0xad, 0x0, 0x0, 0xae, 0x55, 0x55, 0xaf,
    0xff, 0xff,

    /* U+04D7 "ӗ" */
    0x0, 0x10, 0x1, 0x0, 0x0, 0xf6, 0x1f, 0x50,
    0x0, 0x5e, 0xe9, 0x0, 0x0, 0x0, 0x0, 0x0,
    0x0, 0x8e, 0xeb, 0x20, 0x9, 0xe5, 0x4c, 0xd0,
    0x1f, 0x60, 0x3, 0xf3, 0x3f, 0xff, 0xff, 0xf5,
    0x3f, 0x72, 0x22, 0x20, 0x1f, 0x90, 0x0, 0x0,
    0x9, 0xf8, 0x45, 0x90, 0x0, 0x8e, 0xfe, 0xa0,

    /* U+04D8 "Ә" */
    0x2, 0xae, 0xff, 0xc6, 0x0, 0x6, 0xa8, 0x66,
    0xaf, 0x90, 0x0, 0x0, 0x0, 0x4, 0xf4, 0x1,
    0x11, 0x11, 0x11, 0xe9, 0x1f, 0xff, 0xff, 0xff,
    0xfc, 0xf, 0xa4, 0x44, 0x44, 0xec, 0xd, 0xa0,
    0x0, 0x0, 0xfa, 0x9, 0xf1, 0x0, 0x8, 0xf5,
    0x1, 0xed, 0x76, 0xaf, 0xb0, 0x0, 0x2a, 0xef,
    0xd7, 0x0,

    /* U+04D9 "ә" */
    0x9, 0xef, 0xe8, 0x0, 0xa, 0x64, 0x8f, 0x90,
    0x0, 0x0, 0x9, 0xf1, 0x0, 0x0, 0x5, 0xf4,
    0x4f, 0xff, 0xff, 0xf3, 0x3f, 0x62, 0x27, 0xf1,
    0xd, 0xc4, 0x4e, 0xa0, 0x2, 0xbe, 0xe9, 0x0,

    /* U+04DA "Ӛ" */
    0x0, 0x6, 0x20, 0x70, 0x0, 0x0, 0xc, 0x51,
    0xe2, 0x0, 0x0, 0x0, 0x0, 0x0, 0x0, 0x0,
    0x0, 0x0, 0x0, 0x0, 0x2, 0xae, 0xff, 0xc6,
    0x0, 0x6, 0xa8, 0x66, 0xaf, 0x90, 0x0, 0x0,
    0x0, 0x4, 0xf4, 0x1, 0x11, 0x11, 0x11, 0xe9,
    0x1f, 0xff, 0xff, 0xff, 0xfc, 0xf, 0xa4, 0x44,
    0x44, 0xec, 0xd, 0xa0, 0x0, 0x0, 0xfa, 0x9,
    0xf1, 0x0, 0x8, 0xf5, 0x1, 0xed, 0x76, 0xaf,
    0xb0, 0x0, 0x2a, 0xef, 0xd7, 0x0,

    /* U+04DB "ӛ" */
    0x1, 0xe2, 0x5d, 0x0, 0x0, 0x70, 0x26, 0x0,
    0x9, 0xef, 0xe8, 0x0, 0xa, 0x64, 0x8f, 0x90,
    0x0, 0x0, 0x9, 0xf1, 0x0, 0x0, 0x5, 0xf4,
    0x4f, 0xff, 0xff, 0xf3, 0x3f, 0x62, 0x27, 0xf1,
    0xd, 0xc4, 0x4e, 0xa0, 0x2, 0xbe, 0xe9, 0x0,

    /* U+04DC "Ӝ" */
    0x0, 0x0, 0x7b, 0xb, 0x70, 0x0, 0x0, 0x0,
    0x3, 0x50, 0x53, 0x0, 0x0, 0x0, 0x0, 0x0,
    0x0, 0x0, 0x0, 0x5, 0xf4, 0x0, 0x3f, 0x40,
    0x3, 0xf5, 0xa, 0xe1, 0x3, 0xf4, 0x0, 0xea,
    0x0, 0xe, 0xa0, 0x3f, 0x40, 0xae, 0x10, 0x0,
    0x4f, 0x54, 0xf4, 0x5f, 0x40, 0x0, 0x0, 0xbf,
    0xff, 0xff, 0xc0, 0x0, 0x0, 0x2f, 0x97, 0xf7,
    0x9f, 0x30, 0x0, 0xc, 0xd0, 0x3f, 0x40, 0xdc,
    0x0, 0x6, 0xf4, 0x3, 0xf4, 0x4, 0xf7, 0x1,
    0xea, 0x0, 0x3f, 0x40, 0xa, 0xf1, 0xaf, 0x10,
    0x3, 0xf4, 0x0, 0x1f, 0xa0,

    /* U+04DD "ӝ" */
    0x0, 0x6, 0xb0, 0xa7, 0x0, 0x0, 0x0, 0x35,
    0x5, 0x30, 0x0, 0x5f, 0x30, 0x3f, 0x40, 0x2f,
    0x60, 0xad, 0x3, 0xf4, 0xc, 0xb0, 0x1, 0xe9,
    0x3f, 0x48, 0xe1, 0x0, 0x6, 0xff, 0xff, 0xf7,
    0x0, 0x0, 0xdc, 0x5f, 0x6b, 0xd0, 0x0, 0x6f,
    0x33, 0xf4, 0x2f, 0x70, 0x1e, 0xa0, 0x3f, 0x40,
    0x9f, 0x19, 0xf1, 0x3, 0xf4, 0x1, 0xea,

    /* U+04DE "Ӟ" */
    0x1, 0x70, 0x35, 0x0, 0x4, 0xe0, 0x7a, 0x0,
    0x0, 0x0, 0x0, 0x0, 0x0, 0x0, 0x0, 0x0,
    0x2a, 0xef, 0xea, 0x10, 0x1a, 0x75, 0x7f, 0xd0,
    0x0, 0x0, 0x8, 0xf0, 0x0, 0x1, 0x4e, 0xa0,
    0x3, 0xff, 0xfa, 0x0, 0x0, 0x34, 0x6e, 0xc0,
    0x0, 0x0, 0x5, 0xf4, 0x0, 0x0, 0x5, 0xf4,
    0x59, 0x65, 0x8e, 0xe0, 0x3c, 0xef, 0xd9, 0x10,

    /* U+04DF "ӟ" */
    0x9, 0x80, 0xd4, 0x0, 0x44, 0x7, 0x10, 0x3c,
    0xef, 0xc4, 0x1, 0x74, 0x4b, 0xf0, 0x0, 0x0,
    0x9e, 0x0, 0x6f, 0xfe, 0x30, 0x1, 0x23, 0xbe,
    0x10, 0x0, 0x4, 0xf4, 0x57, 0x44, 0xbf, 0x15,
    0xdf, 0xfc, 0x40,

    /* U+04E0 "Ӡ" */
    0x4f, 0xff, 0xff, 0xf1, 0x15, 0x55, 0x8f, 0xa0,
    0x0, 0x4, 0xf8, 0x0, 0x0, 0x6f, 0x60, 0x0,
    0x0, 0xff, 0xeb, 0x30, 0x0, 0x23, 0x5d, 0xf2,
    0x0, 0x0, 0x2, 0xf6, 0x0, 0x0, 0x3, 0xf6,
    0x79, 0x64, 0x6e, 0xe1, 0x4c, 0xef, 0xea, 0x20,

    /* U+04E1 "ӡ" */
    0x8f, 0xff, 0xff, 0x72, 0x44, 0x4b, 0xe2, 0x0,
    0x7, 0xf3, 0x0, 0x6, 0xf3, 0x0, 0x3, 0xfd,
    0x60, 0x0, 0x27, 0x9e, 0xd1, 0x0, 0x0, 0x1e,
    0x90, 0x0, 0x0, 0xbc, 0x0, 0x0, 0xe, 0xa8,
    0x75, 0x5b, 0xf3, 0x7d, 0xff, 0xc4, 0x0,

    /* U+04E2 "Ӣ" */
    0x0, 0xcf, 0xff, 0x70, 0x0, 0x2, 0x22, 0x21,
    0x0, 0x0, 0x0, 0x0, 0x0, 0xa, 0xd0, 0x0,
    0xa, 0xf6, 0xad, 0x0, 0x3, 0xef, 0x6a, 0xd0,
    0x0, 0xc7, 0xf6, 0xad, 0x0, 0x6c, 0x1f, 0x6a,
    0xd0, 0xe, 0x31, 0xf6, 0xad, 0x8, 0xa0, 0x2f,
    0x6a, 0xd2, 0xf1, 0x2, 0xf6, 0xac, 0xb7, 0x0,
    0x2f, 0x6a, 0xfe, 0x0, 0x2, 0xf6, 0xaf, 0x50,
    0x0, 0x2f, 0x60,

    /* U+04E3 "ӣ" */
    0xa, 0xff, 0xf9, 0x0, 0x12, 0x22, 0x10, 0xda,
    0x0, 0x4f, 0xbd, 0xa0, 0xd, 0xfb, 0xda, 0x6,
    0xeb, 0xbd, 0xa0, 0xe6, 0xbb, 0xd9, 0x7d, 0xb,
    0xbd, 0xaf, 0x50, 0xbb, 0xdf, 0xc0, 0xb, 0xbd,
    0xf3, 0x0, 0xbb,

    /* U+04E4 "Ӥ" */
    0x0, 0x98, 0xd, 0x40, 0x0, 0x4, 0x40, 0x62,
    0x0, 0x0, 0x0, 0x0, 0x0, 0xa, 0xd0, 0x0,
    0xa, 0xf6, 0xad, 0x0, 0x3, 0xef, 0x6a, 0xd0,
    0x0, 0xc7, 0xf6, 0xad, 0x0, 0x6c, 0x1f, 0x6a,
    0xd0, 0xe, 0x31, 0xf6, 0xad, 0x8, 0xa0, 0x2f,
    0x6a, 0xd2, 0xf1, 0x2, 0xf6, 0xac, 0xb7, 0x0,
    0x2f, 0x6a, 0xfe, 0x0, 0x2, 0xf6, 0xaf, 0x50,
    0x0, 0x2f, 0x60,

    /* U+04E5 "ӥ" */
    0x8, 0xa0, 0xc6, 0x0, 0x35, 0x6, 0x20, 0xda,
    0x0, 0x4f, 0xbd, 0xa0, 0xd, 0xfb, 0xda, 0x6,
    0xeb, 0xbd, 0xa0, 0xe6, 0xbb, 0xd9, 0x7d, 0xb,
    0xbd, 0xaf, 0x50, 0xbb, 0xdf, 0xc0, 0xb, 0xbd,
    0xf3, 0x0, 0xbb,

    /* U+04E6 "Ӧ" */
    0x0, 0x3, 0x50, 0x53, 0x0, 0x0, 0x0, 0x7b,
    0xb, 0x70, 0x0, 0x0, 0x0, 0x0, 0x0, 0x0,
    0x0, 0x0, 0x0, 0x0, 0x0, 0x0, 0x0, 0x29,
    0xef, 0xe9, 0x10, 0x0, 0x2e, 0xf8, 0x68, 0xfe,
    0x10, 0xb, 0xf2, 0x0, 0x2, 0xfa, 0x0, 0xfa,
    0x0, 0x0, 0xa, 0xf0, 0x2f, 0x70, 0x0, 0x0,
    0x8f, 0x12, 0xf7, 0x0, 0x0, 0x8, 0xf1, 0xf,
    0xa0, 0x0, 0x0, 0xaf, 0x0, 0xbf, 0x20, 0x0,
    0x2f, 0xa0, 0x2, 0xee, 0x86, 0x8e, 0xe1, 0x0,
    0x2, 0xae, 0xfe, 0x91, 0x0,

    /* U+04E7 "ӧ" */
    0x0, 0xa7, 0xe, 0x30, 0x0, 0x53, 0x7, 0x10,
    0x0, 0x8e, 0xfc, 0x30, 0x9, 0xf7, 0x5b, 0xf2,
    0xf, 0x80, 0x0, 0xf9, 0x3f, 0x50, 0x0, 0xcc,
    0x3f, 0x50, 0x0, 0xcc, 0xf, 0x80, 0x0, 0xf9,
    0x9, 0xf7, 0x4b, 0xf2, 0x0, 0x8e, 0xfc, 0x40,

    /* U+04E8 "Ө" */
    0x0, 0x29, 0xef, 0xe9, 0x10, 0x0, 0x2e, 0xe7,
    0x57, 0xee, 0x10, 0xb, 0xe1, 0x0, 0x1, 0xea,
    0x0, 0xf8, 0x0, 0x0, 0x9, 0xf0, 0x2f, 0xff,
    0xff, 0xff, 0xff, 0x12, 0xf9, 0x33, 0x33, 0x39,
    0xf1, 0xf, 0xa0, 0x0, 0x0, 0xaf, 0x0, 0xbf,
    0x20, 0x0, 0x2f, 0xa0, 0x2, 0xee, 0x85, 0x8f,
    0xe1, 0x0, 0x2, 0xae, 0xfe, 0x91, 0x0,

    /* U+04E9 "ө" */
    0x0, 0x9e, 0xfc, 0x30, 0x9, 0xe6, 0x5a, 0xf2,
    0xf, 0x60, 0x0, 0xd9, 0x3f, 0xff, 0xff, 0xfc,
    0x3f, 0x73, 0x33, 0xdb, 0x1f, 0x80, 0x1, 0xf9,
    0x9, 0xf7, 0x5b, 0xf2, 0x0, 0x8e, 0xfc, 0x40,

    /* U+04EA "Ӫ" */
    0x0, 0x7, 0xb0, 0xb7, 0x0, 0x0, 0x0, 0x35,
    0x5, 0x30, 0x0, 0x0, 0x0, 0x0, 0x0, 0x0,
    0x0, 0x2, 0x9e, 0xfe, 0x91, 0x0, 0x2, 0xee,
    0x75, 0x7e, 0xe1, 0x0, 0xbe, 0x10, 0x0, 0x1e,
    0xa0, 0xf, 0x80, 0x0, 0x0, 0x9f, 0x2, 0xff,
    0xff, 0xff, 0xff, 0xf1, 0x2f, 0x93, 0x33, 0x33,
    0x9f, 0x10, 0xfa, 0x0, 0x0, 0xa, 0xf0, 0xb,
    0xf2, 0x0, 0x2, 0xfa, 0x0, 0x2e, 0xe8, 0x58,
    0xfe, 0x10, 0x0, 0x2a, 0xef, 0xe9, 0x10, 0x0,

    /* U+04EB "ӫ" */
    0x0, 0xb7, 0xe, 0x30, 0x0, 0x53, 0x7, 0x10,
    0x0, 0x9e, 0xfc, 0x30, 0x9, 0xe6, 0x5a, 0xf2,
    0xf, 0x60, 0x0, 0xd9, 0x3f, 0xff, 0xff, 0xfc,
    0x3f, 0x73, 0x33, 0xdb, 0x1f, 0x80, 0x1, 0xf9,
    0x9, 0xf7, 0x5b, 0xf2, 0x0, 0x8e, 0xfc, 0x40,

    /* U+04EC "Ӭ" */
    0x2, 0x60, 0x44, 0x0, 0x0, 0x4d, 0x8, 0x90,
    0x0, 0x0, 0x0, 0x0, 0x0, 0x0, 0x0, 0x0,
    0x0, 0x0, 0x2a, 0xef, 0xea, 0x20, 0x1, 0xb7,
    0x68, 0xef, 0x20, 0x0, 0x0, 0x1, 0xdc, 0x0,
    0x1, 0x11, 0x18, 0xf1, 0x0, 0xff, 0xff, 0xff,
    0x30, 0x4, 0x44, 0x48, 0xf3, 0x0, 0x0, 0x0,
    0x9f, 0x10, 0x0, 0x0, 0x2f, 0xb0, 0x3a, 0x66,
    0x8f, 0xf2, 0x2, 0xbe, 0xfe, 0xa2, 0x0,

    /* U+04ED "ӭ" */
    0xd, 0x42, 0xe1, 0x0, 0x62, 0x7, 0x0, 0x3d,
    0xfe, 0x91, 0x1, 0x74, 0x6e, 0xb0, 0x0, 0x0,
    0x4f, 0x20, 0x9f, 0xff, 0xf5, 0x1, 0x33, 0x5f,
    0x50, 0x0, 0x7, 0xf2, 0x46, 0x47, 0xfa, 0x4,
    0xdf, 0xe9, 0x0,

    /* U+04EE "Ӯ" */
    0x0, 0xbf, 0xff, 0x80, 0x0, 0x2, 0x22, 0x21,
    0x0, 0x0, 0x0, 0x0, 0x0, 0xa, 0xe0, 0x0,
    0x1, 0xf8, 0x2f, 0x70, 0x0, 0x7f, 0x10, 0xae,
    0x0, 0xe, 0xa0, 0x2, 0xf7, 0x5, 0xf3, 0x0,
    0xa, 0xe0, 0xcb, 0x0, 0x0, 0x2f, 0x9f, 0x40,
    0x0, 0x0, 0x9f, 0xd0, 0x0, 0x0, 0x6, 0xf5,
    0x0, 0x0, 0x78, 0xfc, 0x0, 0x0, 0xd, 0xfb,
    0x10, 0x0, 0x0,

    /* U+04EF "ӯ" */
    0x7, 0xff, 0xfd, 0x0, 0x1, 0x22, 0x22, 0x0,
    0x0, 0x0, 0x0, 0x0, 0xcc, 0x0, 0x6, 0xf2,
    0x6f, 0x20, 0xb, 0xd0, 0xf, 0x80, 0x1f, 0x70,
    0x9, 0xd0, 0x6f, 0x10, 0x3, 0xf3, 0xcb, 0x0,
    0x0, 0xc9, 0xf5, 0x0, 0x0, 0x6f, 0xe0, 0x0,
    0x0, 0x1f, 0x90, 0x0, 0x0, 0x5f, 0x20, 0x0,
    0x47, 0xeb, 0x0, 0x0, 0xbf, 0xb1, 0x0, 0x0,

    /* U+04F0 "Ӱ" */
    0x0, 0x44, 0x6, 0x20, 0x0, 0x8, 0x90, 0xc5,
    0x0, 0x0, 0x0, 0x0, 0x0, 0x0, 0x0, 0x0,
    0x0, 0x0, 0xae, 0x0, 0x0, 0x1f, 0x82, 0xf7,
    0x0, 0x7, 0xf1, 0xa, 0xe0, 0x0, 0xea, 0x0,
    0x2f, 0x70, 0x5f, 0x30, 0x0, 0xae, 0xc, 0xb0,
    0x0, 0x2, 0xf9, 0xf4, 0x0, 0x0, 0x9, 0xfd,
    0x0, 0x0, 0x0, 0x6f, 0x50, 0x0, 0x7, 0x8f,
    0xc0, 0x0, 0x0, 0xdf, 0xb1, 0x0, 0x0,

    /* U+04F1 "ӱ" */
    0x4, 0xd0, 0x8a, 0x0, 0x1, 0x70, 0x45, 0x0,
    0xcc, 0x0, 0x6, 0xf2, 0x6f, 0x20, 0xb, 0xd0,
    0xf, 0x80, 0x1f, 0x70, 0x9, 0xd0, 0x6f, 0x10,
    0x3, 0xf3, 0xcb, 0x0, 0x0, 0xc9, 0xf5, 0x0,
    0x0, 0x6f, 0xe0, 0x0, 0x0, 0x1f, 0x90, 0x0,
    0x0, 0x5f, 0x20, 0x0, 0x47, 0xeb, 0x0, 0x0,
    0xbf, 0xb1, 0x0, 0x0,

    /* U+04F2 "Ӳ" */
    0x0, 0x3, 0xf5, 0xad, 0x0, 0x0, 0xc7, 0x3e,
    0x20, 0x0, 0x4, 0x3, 0x10, 0x0, 0x0, 0x0,
    0x0, 0x0, 0xae, 0x0, 0x0, 0x1f, 0x82, 0xf7,
    0x0, 0x7, 0xf1, 0xa, 0xe0, 0x0, 0xea, 0x0,
    0x2f, 0x70, 0x5f, 0x30, 0x0, 0xae, 0xc, 0xb0,
    0x0, 0x2, 0xf9, 0xf4, 0x0, 0x0, 0x9, 0xfd,
    0x0, 0x0, 0x0, 0x6f, 0x50, 0x0, 0x7, 0x8f,
    0xc0, 0x0, 0x0, 0xdf, 0xb1, 0x0, 0x0,

    /* U+04F3 "ӳ" */
    0x0, 0x5, 0x22, 0x50, 0x0, 0x6e, 0x2d, 0x90,
    0x1, 0xd3, 0x7a, 0x0, 0x0, 0x0, 0x0, 0x0,
    0xcc, 0x0, 0x5, 0xf3, 0x6f, 0x20, 0xb, 0xd0,
    0xf, 0x70, 0x1f, 0x70, 0x9, 0xd0, 0x6f, 0x10,
    0x3, 0xf3, 0xbb, 0x0, 0x0, 0xc9, 0xf5, 0x0,
    0x0, 0x6f, 0xe0, 0x0, 0x0, 0x1f, 0x90, 0x0,
    0x0, 0x5f, 0x30, 0x0, 0x35, 0xeb, 0x0, 0x0,
    0xbf, 0xb1, 0x0, 0x0,

    /* U+04F4 "Ӵ" */
    0x4, 0xd0, 0x89, 0x0, 0x2, 0x60, 0x44, 0x0,
    0x0, 0x0, 0x0, 0x0, 0xf8, 0x0, 0x3, 0xf4,
    0xf8, 0x0, 0x3, 0xf4, 0xf8, 0x0, 0x3, 0xf4,
    0xe9, 0x0, 0x3, 0xf4, 0xbe, 0x41, 0x28, 0xf4,
    0x2d, 0xff, 0xfe, 0xf4, 0x0, 0x23, 0x13, 0xf4,
    0x0, 0x0, 0x3, 0xf4, 0x0, 0x0, 0x3, 0xf4,
    0x0, 0x0, 0x3, 0xf4,

    /* U+04F5 "ӵ" */
    0x0, 0xd4, 0x2e, 0x10, 0x0, 0x71, 0x17, 0x0,
    0x2f, 0x50, 0x3, 0xf4, 0x2f, 0x50, 0x3, 0xf4,
    0x2f, 0x50, 0x3, 0xf4, 0xf, 0xb1, 0x16, 0xf4,
    0x6, 0xff, 0xfe, 0xf4, 0x0, 0x2, 0x23, 0xf4,
    0x0, 0x0, 0x3, 0xf4, 0x0, 0x0, 0x3, 0xf4,

    /* U+04F6 "Ӷ" */
    0xaf, 0xff, 0xff, 0x3a, 0xe5, 0x55, 0x51, 0xad,
    0x0, 0x0, 0xa, 0xd0, 0x0, 0x0, 0xad, 0x0,
    0x0, 0xa, 0xd0, 0x0, 0x0, 0xad, 0x0, 0x0,
    0xa, 0xd0, 0x0, 0x0, 0xae, 0x30, 0x0, 0xa,
    0xff, 0x40, 0x0, 0x2, 0xf4, 0x0, 0x0, 0x2f,
    0x40, 0x0, 0x2, 0xf4, 0x0, 0x0,

    /* U+04F7 "ӷ" */
    0xdf, 0xff, 0xfd, 0xb4, 0x43, 0xda, 0x0, 0xd,
    0xa0, 0x0, 0xda, 0x0, 0xd, 0xa0, 0x0, 0xda,
    0x0, 0xd, 0xff, 0x0, 0x7, 0xf0, 0x0, 0x7f,
    0x0, 0x6, 0xe0, 0x0,

    /* U+04F8 "Ӹ" */
    0x0, 0xd, 0x42, 0xe1, 0x0, 0x0, 0x7, 0x20,
    0x70, 0x0, 0x0, 0x0, 0x0, 0x0, 0x0, 0xad,
    0x0, 0x0, 0x0, 0xad, 0xad, 0x0, 0x0, 0x0,
    0xad, 0xad, 0x0, 0x0, 0x0, 0xad, 0xad, 0x10,
    0x0, 0x0, 0xad, 0xaf, 0xff, 0xe8, 0x0, 0xad,
    0xae, 0x44, 0x8f, 0x80, 0xad, 0xad, 0x0, 0xb,
    0xd0, 0xad, 0xad, 0x0, 0xb, 0xd0, 0xad, 0xae,
    0x55, 0x9f, 0x70, 0xad, 0xaf, 0xff, 0xd7, 0x0,
    0xad,

    /* U+04F9 "ӹ" */
    0x0, 0x7b, 0xb, 0x70, 0x0, 0x3, 0x50, 0x53,
    0x0, 0xda, 0x0, 0x0, 0xa, 0xdd, 0xa0, 0x0,
    0x0, 0xad, 0xda, 0x0, 0x0, 0xa, 0xdd, 0xff,
    0xfc, 0x30, 0xad, 0xdb, 0x34, 0xce, 0xa, 0xdd,
    0xa0, 0x6, 0xf1, 0xad, 0xdb, 0x34, 0xde, 0xa,
    0xdd, 0xff, 0xfb, 0x30, 0xad,

    /* U+04FA "Ӻ" */
    0xa, 0xff, 0xff, 0xf3, 0xa, 0xe5, 0x55, 0x51,
    0xa, 0xd0, 0x0, 0x0, 0xb, 0xd1, 0x10, 0x0,
    0xaf, 0xff, 0xfb, 0x0, 0x2c, 0xe4, 0x42, 0x0,
    0xa, 0xd0, 0x0, 0x0, 0xa, 0xd0, 0x0, 0x0,
    0xa, 0xe7, 0x10, 0x0, 0xa, 0xff, 0x30, 0x0,
    0x0, 0x2f, 0x30, 0x0, 0x1, 0x5f, 0x20, 0x0,
    0x9, 0xfc, 0x0, 0x0, 0x1, 0x30, 0x0, 0x0,

    /* U+04FB "ӻ" */
    0xe, 0xff, 0xff, 0xe, 0xb4, 0x44, 0xe, 0x90,
    0x0, 0xe, 0x90, 0x0, 0xef, 0xff, 0xe0, 0x2e,
    0xa3, 0x20, 0xe, 0x90, 0x0, 0xe, 0xfd, 0x0,
    0x0, 0x6d, 0x0, 0x0, 0x9d, 0x0, 0xc, 0xf7,
    0x0, 0x1, 0x20, 0x0,

    /* U+04FC "Ӽ" */
    0x6f, 0x40, 0x0, 0xbe, 0x0, 0xcd, 0x0, 0x5f,
    0x40, 0x2, 0xf7, 0xe, 0xa0, 0x0, 0x7, 0xfa,
    0xe1, 0x0, 0x0, 0xd, 0xf6, 0x0, 0x0, 0x1,
    0xff, 0x90, 0x0, 0x0, 0xbd, 0x6f, 0x30, 0x0,
    0x5f, 0x30, 0xcd, 0x0, 0x1e, 0x90, 0x2, 0xf9,
    0x59, 0xe1, 0x0, 0x8, 0xff, 0x0, 0x0, 0x0,
    0x7, 0xf0, 0x0, 0x0, 0x1, 0x9e, 0x0, 0x0,
    0x0, 0xef, 0x80, 0x0, 0x0, 0x2, 0x20,

    /* U+04FD "ӽ" */
    0x5f, 0x50, 0xb, 0xe0, 0xb, 0xe0, 0x5f, 0x40,
    0x1, 0xf9, 0xea, 0x0, 0x0, 0x6f, 0xe1, 0x0,
    0x0, 0x7f, 0xf2, 0x0, 0x2, 0xf7, 0xdc, 0x0,
    0xc, 0xc0, 0x3f, 0x72, 0x7f, 0x30, 0x9, 0xfc,
    0x0, 0x0, 0x0, 0x7c, 0x0, 0x0, 0x0, 0xab,
    0x0, 0x0, 0xd, 0xf6, 0x0, 0x0, 0x1, 0x10,

    /* U+04FE "Ӿ" */
    0x6f, 0x40, 0x0, 0xbd, 0x0, 0xbd, 0x0, 0x5f,
    0x40, 0x1, 0xf9, 0x1e, 0x80, 0x0, 0x17, 0xfc,
    0xe1, 0x0, 0x2f, 0xff, 0xff, 0xfb, 0x0, 0x47,
    0xff, 0xd4, 0x30, 0x0, 0xcc, 0x5f, 0x50, 0x0,
    0x6f, 0x30, 0xbe, 0x0, 0x1e, 0x90, 0x2, 0xf9,
    0xa, 0xe1, 0x0, 0x8, 0xf3,

    /* U+04FF "ӿ" */
    0x5f, 0x50, 0xb, 0xd0, 0x9, 0xe1, 0x6f, 0x30,
    0x0, 0xdc, 0xf7, 0x0, 0x3f, 0xff, 0xff, 0xd0,
    0x2, 0xce, 0xf7, 0x20, 0x4, 0xf5, 0xbd, 0x0,
    0xd, 0xb0, 0x2f, 0x70, 0x8f, 0x20, 0x9, 0xf2,

    /* U+0500 "Ԁ" */
    0x0, 0x0, 0x0, 0xf7, 0x0, 0x0, 0x0, 0xf7,
    0x0, 0x0, 0x0, 0xf7, 0x0, 0x0, 0x1, 0xf7,
    0x1, 0xaf, 0xff, 0xf7, 0xc, 0xf7, 0x44, 0xf7,
    0x2f, 0x70, 0x0, 0xf7, 0x1f, 0x70, 0x0, 0xf7,
    0xd, 0xf8, 0x55, 0xf7, 0x2, 0xae, 0xff, 0xf7,

    /* U+0501 "ԁ" */
    0x0, 0x0, 0x0, 0x31, 0x0, 0x0, 0x0, 0xf8,
    0x0, 0x0, 0x0, 0xf8, 0x0, 0x0, 0x0, 0xf8,
    0x1, 0xaf, 0xe5, 0xe8, 0xa, 0xf7, 0x5c, 0xf8,
    0x1f, 0x80, 0x2, 0xf8, 0x3f, 0x50, 0x0, 0xf8,
    0x3f, 0x40, 0x0, 0xe8, 0x1f, 0x80, 0x1, 0xf8,
    0xb, 0xf6, 0x5c, 0xf8, 0x1, 0xaf, 0xe5, 0xb8,

    /* U+0502 "Ԃ" */
    0x0, 0x0, 0x5, 0xf3, 0x0, 0x0, 0x0, 0x0,
    0x5, 0xf3, 0x0, 0x0, 0x0, 0x0, 0x5, 0xf3,
    0x0, 0x0, 0x0, 0x0, 0x5, 0xf3, 0x0, 0x0,
    0x1, 0x9e, 0xff, 0xf3, 0x0, 0xf7, 0xc, 0xe6,
    0x47, 0xf3, 0x0, 0xf7, 0x2f, 0x70, 0x5, 0xf3,
    0x0, 0xf7, 0x2f, 0x70, 0x6, 0xf3, 0x1, 0xf7,
    0xd, 0xe6, 0x6d, 0xfc, 0x5b, 0xf3, 0x2, 0xbf,
    0xf8, 0x3c, 0xfd, 0x60,

    /* U+0503 "ԃ" */
    0x0, 0x0, 0x2, 0xf5, 0x0, 0x0, 0x0, 0x0,
    0x2, 0xf5, 0x0, 0x0, 0x0, 0x0, 0x2, 0xf5,
    0x0, 0x0, 0x1, 0xbf, 0xd5, 0xf5, 0x0, 0x0,
    0xb, 0xf6, 0x6d, 0xf5, 0x0, 0x0, 0x1f, 0x70,
    0x5, 0xf5, 0x0, 0x0, 0x3f, 0x40, 0x2, 0xf5,
    0x0, 0xe9, 0x3f, 0x40, 0x2, 0xf5, 0x0, 0xe9,
    0x1f, 0x70, 0x5, 0xf5, 0x0, 0xf8, 0xa, 0xe6,
    0x5d, 0xfc, 0x58, 0xf5, 0x1, 0xae, 0xe8, 0x1c,
    0xfe, 0x80,

    /* U+0504 "Ԅ" */
    0x18, 0xdf, 0xe9, 0x10, 0x0, 0x0, 0x4c, 0x75,
    0x7f, 0xa0, 0x0, 0x0, 0x0, 0x0, 0xb, 0xd0,
    0x0, 0x0, 0x0, 0x1, 0x6f, 0x60, 0x0, 0x0,
    0x8, 0xff, 0xf6, 0x0, 0x0, 0xf7, 0x1, 0x34,
    0x8f, 0x80, 0x0, 0xf7, 0x0, 0x0, 0x9, 0xf0,
    0x0, 0xf7, 0x0, 0x0, 0x5, 0xf2, 0x1, 0xf6,
    0x0, 0x0, 0x2, 0xfb, 0x6b, 0xf2, 0x0, 0x0,
    0x0, 0x5d, 0xfd, 0x60,

    /* U+0505 "ԅ" */
    0x3c, 0xef, 0xc4, 0x0, 0x0, 0x1, 0x74, 0x4b,
    0xe0, 0x0, 0x0, 0x0, 0x0, 0x9d, 0x0, 0x4,
    0x10, 0x3f, 0xfe, 0x30, 0x0, 0xf7, 0x0, 0x24,
    0xce, 0x0, 0xf, 0x70, 0x0, 0x4, 0xf4, 0x1,
    0xf6, 0x0, 0x0, 0xf, 0xc5, 0xaf, 0x30, 0x0,
    0x0, 0x4d, 0xfd, 0x60,

    /* U+0506 "Ԇ" */
    0x8, 0xdf, 0xeb, 0x20, 0x4, 0xc7, 0x56, 0xde,
    0x0, 0x0, 0x0, 0x7, 0xf0, 0x0, 0x0, 0x3,
    0xd9, 0x0, 0x8, 0xff, 0xf8, 0x0, 0x0, 0x13,
    0x36, 0xeb, 0x0, 0x0, 0x0, 0x4, 0xf4, 0x0,
    0x0, 0x0, 0x2f, 0x50, 0x0, 0x0, 0x2, 0xf9,
    0x50, 0x0, 0x0, 0x2f, 0xfd, 0x0, 0x0, 0x0,
    0xa, 0xd0, 0x0, 0x0, 0x0, 0xad, 0x0, 0x0,
    0x0, 0xa, 0xd0,

    /* U+0507 "ԇ" */
    0x3c, 0xef, 0xd5, 0x0, 0x17, 0x43, 0x8f, 0x20,
    0x0, 0x0, 0x6f, 0x10, 0x2, 0xff, 0xf3, 0x0,
    0x0, 0x34, 0xae, 0x10, 0x0, 0x0, 0xf, 0x60,
    0x0, 0x0, 0xf, 0x70, 0x0, 0x0, 0xf, 0xfd,
    0x0, 0x0, 0x0, 0x9d, 0x0, 0x0, 0x0, 0x9d,
    0x0, 0x0, 0x0, 0x9c,

    /* U+0508 "Ԉ" */
    0x0, 0xf, 0xff, 0xff, 0x70, 0x0, 0x0, 0x3,
    0xf8, 0x66, 0xf7, 0x0, 0x0, 0x0, 0x5f, 0x10,
    0xf, 0x70, 0x0, 0x0, 0x7, 0xf0, 0x0, 0xf7,
    0x0, 0x0, 0x0, 0xad, 0x0, 0xf, 0x70, 0x9,
    0x90, 0xc, 0xa0, 0x0, 0xf7, 0x0, 0xbc, 0x0,
    0xf8, 0x0, 0xf, 0x70, 0xb, 0xc0, 0x3f, 0x50,
    0x0, 0xf8, 0x0, 0xcb, 0x5c, 0xf0, 0x0, 0xd,
    0xe6, 0x8f, 0x7e, 0xe5, 0x0, 0x0, 0x2b, 0xee,
    0x90,

    /* U+0509 "ԉ" */
    0x0, 0xbf, 0xff, 0xf1, 0x0, 0x0, 0x0, 0xda,
    0x49, 0xf1, 0x0, 0x0, 0x0, 0xe7, 0x6, 0xf1,
    0x0, 0x20, 0x0, 0xf5, 0x6, 0xf1, 0x3, 0xf3,
    0x3, 0xf3, 0x6, 0xf1, 0x3, 0xf3, 0x7, 0xf0,
    0x5, 0xf1, 0x4, 0xf2, 0x5e, 0xa0, 0x2, 0xfa,
    0x5c, 0xe0, 0xdd, 0x10, 0x0, 0x5d, 0xfd, 0x40,

    /* U+050A "Ԋ" */
    0xad, 0x0, 0x0, 0xad, 0x0, 0x0, 0xa, 0xd0,
    0x0, 0xa, 0xd0, 0x0, 0x0, 0xad, 0x0, 0x0,
    0xad, 0x0, 0x0, 0xa, 0xd0, 0x0, 0xa, 0xd0,
    0x0, 0x0, 0xaf, 0xff, 0xff, 0xfd, 0x0, 0x6f,
    0x1a, 0xe3, 0x33, 0x3b, 0xd0, 0x6, 0xf1, 0xad,
    0x0, 0x0, 0xad, 0x0, 0x6f, 0x1a, 0xd0, 0x0,
    0xa, 0xe0, 0x7, 0xf0, 0xad, 0x0, 0x0, 0x6f,
    0x86, 0xed, 0xa, 0xd0, 0x0, 0x0, 0x9e, 0xfb,
    0x20,

    /* U+050B "ԋ" */
    0xda, 0x0, 0xc, 0xb0, 0x0, 0xd, 0xa0, 0x0,
    0xcb, 0x0, 0x0, 0xda, 0x0, 0xc, 0xb0, 0x3,
    0x4d, 0xff, 0xff, 0xfb, 0x0, 0x9e, 0xdb, 0x33,
    0x3d, 0xb0, 0x9, 0xed, 0xa0, 0x0, 0xbc, 0x0,
    0xad, 0xda, 0x0, 0x7, 0xf7, 0x6f, 0x9d, 0xa0,
    0x0, 0x9, 0xef, 0xa1,

    /* U+050C "Ԍ" */
    0x0, 0x7, 0xdf, 0xfd, 0x80, 0x0, 0xd, 0xf9,
    0x66, 0x89, 0x0, 0x9, 0xf4, 0x0, 0x0, 0x0,
    0x0, 0xfa, 0x0, 0x1, 0x11, 0x10, 0x1f, 0x70,
    0x2, 0xff, 0xff, 0x1, 0xf7, 0x0, 0x4, 0x4b,
    0xf0, 0xf, 0xa0, 0x0, 0x0, 0xcd, 0x0, 0xaf,
    0x20, 0x0, 0x2f, 0x80, 0x1, 0xef, 0x85, 0x7e,
    0xe1, 0x0, 0x1, 0x9d, 0xfe, 0xa2, 0x0,

    /* U+050D "ԍ" */
    0x0, 0x6d, 0xff, 0xc5, 0x0, 0x7f, 0x95, 0x59,
    0x40, 0xf, 0xa0, 0x0, 0x0, 0x3, 0xf5, 0x0,
    0x0, 0x0, 0x3f, 0x40, 0x5f, 0xff, 0x51, 0xf9,
    0x1, 0x36, 0xf3, 0x9, 0xf8, 0x45, 0xdd, 0x0,
    0x7, 0xdf, 0xea, 0x20,

    /* U+050E "Ԏ" */
    0xdf, 0xff, 0xff, 0xfa, 0x4, 0x66, 0xec, 0x66,
    0x30, 0x0, 0xe, 0xa0, 0x0, 0x0, 0x0, 0xea,
    0x0, 0x0, 0x0, 0xe, 0xa0, 0x7, 0xc0, 0x0,
    0xea, 0x0, 0x8f, 0x0, 0xe, 0xa0, 0x8, 0xf0,
    0x0, 0xda, 0x0, 0x9e, 0x0, 0xa, 0xf7, 0x6f,
    0xa0, 0x0, 0x1b, 0xef, 0xa1,

    /* U+050F "ԏ" */
    0xbf, 0xff, 0xff, 0x90, 0x2, 0x37, 0xf6, 0x32,
    0x0, 0x0, 0x4f, 0x30, 0x2, 0x0, 0x4, 0xf3,
    0x1, 0xf6, 0x0, 0x4f, 0x30, 0x1f, 0x60, 0x3,
    0xf3, 0x2, 0xf5, 0x0, 0x1f, 0xb5, 0xaf, 0x20,
    0x0, 0x4d, 0xfd, 0x50,

    /* U+0510 "Ԑ" */
    0x1, 0x9e, 0xfe, 0xa2, 0xb, 0xf7, 0x57, 0xb8,
    0xe, 0x90, 0x0, 0x0, 0x8, 0xe5, 0x10, 0x0,
    0x0, 0x7f, 0xff, 0xa0, 0x9, 0xf8, 0x43, 0x20,
    0x3f, 0x60, 0x0, 0x0, 0x3f, 0x60, 0x0, 0x0,
    0xd, 0xf8, 0x56, 0x8b, 0x1, 0x9d, 0xff, 0xd7,

    /* U+0511 "ԑ" */
    0x4, 0xcf, 0xec, 0x40, 0xfa, 0x44, 0x72, 0xe,
    0x80, 0x0, 0x0, 0x4f, 0xff, 0x20, 0x1e, 0xa3,
    0x20, 0x5, 0xf1, 0x0, 0x0, 0x2f, 0xa4, 0x47,
    0x60, 0x5c, 0xff, 0xd4,

    /* U+0512 "Ԓ" */
    0x0, 0xf, 0xff, 0xff, 0xb0, 0x0, 0x2, 0xf8,
    0x55, 0xdb, 0x0, 0x0, 0x4f, 0x10, 0xc, 0xb0,
    0x0, 0x7, 0xf0, 0x0, 0xcb, 0x0, 0x0, 0x9d,
    0x0, 0xc, 0xb0, 0x0, 0xc, 0xb0, 0x0, 0xcb,
    0x0, 0x0, 0xe8, 0x0, 0xc, 0xb0, 0x0, 0x2f,
    0x50, 0x0, 0xcb, 0x0, 0x2a, 0xf1, 0x0, 0xc,
    0xd6, 0xf, 0xe6, 0x0, 0x0, 0xcf, 0xf1, 0x0,
    0x0, 0x0, 0x0, 0x4f, 0x10, 0x0, 0x0, 0x0,
    0x17, 0xf0, 0x0, 0x0, 0x0, 0xb, 0xfa, 0x0,
    0x0, 0x0, 0x0, 0x12, 0x0,

    /* U+0513 "ԓ" */
    0x0, 0xbf, 0xff, 0xf3, 0x0, 0xc, 0xa4, 0x7f,
    0x30, 0x0, 0xe7, 0x4, 0xf3, 0x0, 0xf, 0x50,
    0x4f, 0x30, 0x3, 0xf3, 0x4, 0xf3, 0x0, 0x6f,
    0x0, 0x4f, 0x30, 0x3d, 0xa0, 0x4, 0xf5, 0x1e,
    0xd2, 0x0, 0x4f, 0xf7, 0x0, 0x0, 0x0, 0xc,
    0x70, 0x0, 0x0, 0x1, 0xe6, 0x0, 0x0, 0x2,
    0xff, 0x20, 0x0, 0x0, 0x2, 0x0,

    /* U+0514 "Ԕ" */
    0x0, 0xf, 0xff, 0xf3, 0x0, 0xa, 0xe0, 0x0,
    0x3f, 0x86, 0xdd, 0x0, 0x4f, 0x40, 0x0, 0x5f,
    0x10, 0x2f, 0x70, 0xea, 0x0, 0x0, 0x7f, 0x0,
    0x7, 0xfa, 0xe1, 0x0, 0x0, 0xad, 0x0, 0x0,
    0xdf, 0x50, 0x0, 0x0, 0xcb, 0x0, 0x2, 0xff,
    0xa0, 0x0, 0x0, 0xf8, 0x0, 0xc, 0xc5, 0xf4,
    0x0, 0x3, 0xf5, 0x0, 0x6f, 0x20, 0xbd, 0x0,
    0x5b, 0xf0, 0x1, 0xe8, 0x0, 0x2f, 0x80, 0xee,
    0x50, 0xa, 0xe0, 0x0, 0x8, 0xf3,

    /* U+0515 "ԕ" */
    0x0, 0xbf, 0xff, 0x50, 0xb, 0xe1, 0x0, 0xda,
    0x4b, 0xe1, 0x5f, 0x40, 0x0, 0xe7, 0x1, 0xea,
    0xea, 0x0, 0x0, 0xf5, 0x0, 0x5f, 0xe1, 0x0,
    0x3, 0xf3, 0x0, 0x8f, 0xf2, 0x0, 0x7, 0xf0,
    0x2, 0xf7, 0xcc, 0x0, 0x4e, 0xa0, 0xc, 0xc0,
    0x3f, 0x70, 0xed, 0x10, 0x7f, 0x30, 0x8, 0xf2,

    /* U+0516 "Ԗ" */
    0xaf, 0xff, 0xd8, 0x0, 0x9e, 0x1a, 0xe5, 0x6a,
    0xf6, 0x3f, 0x50, 0xad, 0x0, 0xc, 0xbd, 0xb0,
    0xa, 0xd0, 0x0, 0xbf, 0xe1, 0x0, 0xad, 0x12,
    0x7f, 0xf6, 0x0, 0xa, 0xff, 0xff, 0x9e, 0xa0,
    0x0, 0xae, 0x43, 0x10, 0x6f, 0x40, 0xa, 0xd0,
    0x0, 0x0, 0xce, 0x0, 0xad, 0x0, 0x0, 0x2,
    0xf8, 0xa, 0xd0, 0x0, 0x0, 0x8, 0xf3,

    /* U+0517 "ԗ" */
    0xd7, 0xaf, 0xe7, 0x0, 0xbe, 0xd, 0xf7, 0x38,
    0xf6, 0x5f, 0x40, 0xdc, 0x0, 0xd, 0xce, 0xa0,
    0xd, 0xa0, 0x0, 0xaf, 0xe1, 0x0, 0xda, 0x0,
    0xa, 0xff, 0x20, 0xd, 0xd0, 0x0, 0xdc, 0xdc,
    0x0, 0xdf, 0x73, 0x8f, 0x53, 0xf6, 0xd, 0xaa,
    0xfe, 0x70, 0x9, 0xf2, 0xd9, 0x0, 0x0, 0x0,
    0x0, 0xd, 0xa0, 0x0, 0x0, 0x0, 0x0, 0xda,
    0x0, 0x0, 0x0, 0x0, 0x0,

    /* U+0518 "Ԙ" */
    0x0, 0x7d, 0xff, 0xff, 0xff, 0xfd, 0x8, 0xfa,
    0x65, 0xdd, 0x55, 0x54, 0xd, 0xc0, 0x0, 0xcb,
    0x0, 0x0, 0xd, 0xb0, 0x0, 0xcb, 0x11, 0x10,
    0x6, 0xf6, 0x11, 0xcf, 0xff, 0xf9, 0x0, 0x6f,
    0xff, 0xfc, 0x44, 0x42, 0x0, 0x8f, 0x64, 0xdb,
    0x0, 0x0, 0x3, 0xfa, 0x0, 0xcb, 0x0, 0x0,
    0xc, 0xe1, 0x0, 0xcd, 0x66, 0x64, 0x7f, 0x40,
    0x0, 0xcf, 0xff, 0xfd,

    /* U+0519 "ԙ" */
    0x6, 0xdf, 0xff, 0xbc, 0xfd, 0x60, 0x2f, 0x71,
    0x1c, 0xf7, 0x16, 0xf4, 0x5f, 0x10, 0xc, 0xd0,
    0x0, 0xd9, 0x2f, 0x80, 0xc, 0xff, 0xff, 0xfb,
    0x6, 0xff, 0xff, 0xc2, 0x22, 0x22, 0x2, 0xf8,
    0x3a, 0xe0, 0x0, 0x0, 0xc, 0xd0, 0x3, 0xfc,
    0x55, 0x73, 0x7f, 0x30, 0x0, 0x4c, 0xff, 0xc3,

    /* U+051A "Ԛ" */
    0x0, 0x29, 0xef, 0xe9, 0x10, 0x0, 0x2e, 0xf8,
    0x68, 0xfe, 0x10, 0xb, 0xf2, 0x0, 0x2, 0xfa,
    0x0, 0xfa, 0x0, 0x0, 0xa, 0xf0, 0x2f, 0x70,
    0x0, 0x0, 0x8f, 0x12, 0xf7, 0x0, 0x0, 0x8,
    0xf1, 0xf, 0xa0, 0x0, 0x0, 0xaf, 0x0, 0xbf,
    0x20, 0x0, 0x2f, 0xa0, 0x2, 0xee, 0x86, 0x8e,
    0xe1, 0x0, 0x2, 0xae, 0xff, 0xb1, 0x0, 0x0,
    0x0, 0x0, 0xce, 0x20, 0x0, 0x0, 0x0, 0x2,
    0xed, 0x10, 0x0, 0x0, 0x0, 0x4, 0x84, 0x0,

    /* U+051B "ԛ" */
    0x1, 0xaf, 0xe5, 0xc8, 0xa, 0xf6, 0x5c, 0xf8,
    0x1f, 0x80, 0x2, 0xf8, 0x3f, 0x50, 0x0, 0xf8,
    0x3f, 0x40, 0x0, 0xe8, 0x1f, 0x80, 0x1, 0xf8,
    0xb, 0xf6, 0x5b, 0xf8, 0x1, 0xaf, 0xe5, 0xe8,
    0x0, 0x0, 0x0, 0xf8, 0x0, 0x0, 0x0, 0xf8,
    0x0, 0x0, 0x0, 0xf8,

    /* U+051C "Ԝ" */
    0xcc, 0x0, 0x5, 0xf7, 0x0, 0x9, 0xe0, 0x7f,
    0x0, 0xa, 0xfb, 0x0, 0xd, 0xa0, 0x3f, 0x40,
    0xe, 0xbf, 0x0, 0x1f, 0x60, 0xf, 0x80, 0x3f,
    0x3f, 0x50, 0x5f, 0x20, 0xb, 0xc0, 0x7e, 0xc,
    0x90, 0x9d, 0x0, 0x7, 0xf0, 0xc9, 0x7, 0xe0,
    0xd9, 0x0, 0x2, 0xf4, 0xf5, 0x3, 0xf4, 0xf5,
    0x0, 0x0, 0xeb, 0xf1, 0x0, 0xeb, 0xf1, 0x0,
    0x0, 0xaf, 0xc0, 0x0, 0x9f, 0xd0, 0x0, 0x0,
    0x6f, 0x70, 0x0, 0x5f, 0x80, 0x0,

    /* U+051D "ԝ" */
    0xbc, 0x0, 0x4f, 0x90, 0x7, 0xf0, 0x7f, 0x0,
    0x9e, 0xd0, 0xb, 0xb0, 0x3f, 0x40, 0xd7, 0xf2,
    0xf, 0x70, 0xe, 0x82, 0xf2, 0xe6, 0x3f, 0x30,
    0xa, 0xb6, 0xe0, 0x9a, 0x7f, 0x0, 0x6, 0xea,
    0x90, 0x5e, 0xab, 0x0, 0x2, 0xfe, 0x50, 0x1f,
    0xf6, 0x0, 0x0, 0xef, 0x0, 0xc, 0xf2, 0x0,

    /* U+051E "Ԟ" */
    0xad, 0x7, 0x66, 0xf4, 0xad, 0x3, 0xff, 0x80,
    0xad, 0x0, 0xcf, 0x80, 0xad, 0x18, 0xf4, 0xd2,
    0xaf, 0xff, 0x90, 0x0, 0xae, 0x4b, 0xf1, 0x0,
    0xad, 0x1, 0xfa, 0x0, 0xad, 0x0, 0x6f, 0x50,
    0xad, 0x0, 0xc, 0xe0, 0xad, 0x0, 0x2, 0xf9,

    /* U+051F "ԟ" */
    0x0, 0x0, 0x0, 0xd, 0xa0, 0xc8, 0xf2, 0xda,
    0x7, 0xf7, 0xd, 0xa1, 0xdc, 0xe1, 0xdf, 0xff,
    0x22, 0xd, 0xb4, 0xf9, 0x0, 0xda, 0x7, 0xf3,
    0xd, 0xa0, 0xd, 0xc0, 0xda, 0x0, 0x4f, 0x60,

    /* U+0520 "Ԡ" */
    0x0, 0xf, 0xff, 0xff, 0x10, 0x0, 0x0, 0x0,
    0x2f, 0x85, 0x9f, 0x10, 0x0, 0x0, 0x0, 0x4f,
    0x10, 0x6f, 0x10, 0x0, 0x0, 0x0, 0x7f, 0x0,
    0x6f, 0x21, 0x0, 0x0, 0x0, 0x9d, 0x0, 0x6f,
    0xff, 0xfb, 0x20, 0x0, 0xcb, 0x0, 0x6f, 0x65,
    0x7e, 0xf2, 0x0, 0xe8, 0x0, 0x6f, 0x10, 0x2,
    0xfa, 0x2, 0xf5, 0x0, 0x6f, 0x10, 0x0, 0xae,
    0x3a, 0xf0, 0x0, 0x6f, 0x10, 0x0, 0x9f, 0xfe,
    0x50, 0x0, 0x6f, 0x10, 0x0, 0xae, 0x0, 0x0,
    0x0, 0x0, 0x0, 0x1, 0xfa, 0x0, 0x0, 0x0,
    0x0, 0x66, 0x7d, 0xf3, 0x0, 0x0, 0x0, 0x0,
    0x8f, 0xfc, 0x40,

    /* U+0521 "ԡ" */
    0x0, 0xbf, 0xff, 0xc0, 0x0, 0x0, 0x0, 0xca,
    0x4c, 0xc0, 0x0, 0x0, 0x0, 0xe7, 0xb, 0xc0,
    0x0, 0x0, 0x0, 0xf5, 0xb, 0xff, 0xe9, 0x0,
    0x3, 0xf3, 0xb, 0xd4, 0x8f, 0xa0, 0x6, 0xf0,
    0xb, 0xc0, 0x8, 0xf1, 0x2d, 0xa0, 0xb, 0xc0,
    0x4, 0xf3, 0xed, 0x20, 0xb, 0xc0, 0x4, 0xf3,
    0x0, 0x0, 0x0, 0x0, 0x7, 0xf1, 0x0, 0x0,
    0x0, 0x56, 0x7f, 0xa0, 0x0, 0x0, 0x0, 0x6e,
    0xfa, 0x10,

    /* U+0522 "Ԣ" */
    0xad, 0x0, 0x0, 0x7f, 0x10, 0x0, 0x0, 0xad,
    0x0, 0x0, 0x7f, 0x10, 0x0, 0x0, 0xad, 0x11,
    0x11, 0x7f, 0x10, 0x0, 0x0, 0xaf, 0xff, 0xff,
    0xff, 0x21, 0x0, 0x0, 0xae, 0x44, 0x44, 0x9f,
    0xff, 0xfb, 0x20, 0xad, 0x0, 0x0, 0x7f, 0x55,
    0x7e, 0xf2, 0xad, 0x0, 0x0, 0x7f, 0x10, 0x2,
    0xf9, 0xad, 0x0, 0x0, 0x7f, 0x10, 0x0, 0xbd,
    0xad, 0x0, 0x0, 0x7f, 0x10, 0x0, 0x9f, 0xad,
    0x0, 0x0, 0x7f, 0x10, 0x0, 0xbe, 0x0, 0x0,
    0x0, 0x0, 0x0, 0x1, 0xfa, 0x0, 0x0, 0x0,
    0x0, 0x66, 0x7d, 0xf2, 0x0, 0x0, 0x0, 0x0,
    0x9f, 0xfc, 0x30,

    /* U+0523 "ԣ" */
    0xda, 0x0, 0xf, 0x70, 0x0, 0xd, 0xa0, 0x0,
    0xf7, 0x0, 0x0, 0xdb, 0x22, 0x2f, 0x71, 0x0,
    0xd, 0xff, 0xff, 0xff, 0xfe, 0x60, 0xdc, 0x55,
    0x5f, 0xa6, 0xbf, 0x6d, 0xa0, 0x0, 0xf7, 0x0,
    0xdc, 0xda, 0x0, 0xf, 0x70, 0x9, 0xed, 0xa0,
    0x0, 0xf7, 0x0, 0x9e, 0x0, 0x0, 0x0, 0x0,
    0xc, 0xb0, 0x0, 0x0, 0x7, 0x59, 0xf5, 0x0,
    0x0, 0x0, 0xaf, 0xe7, 0x0,

    /* U+0524 "Ԥ" */
    0xaf, 0xff, 0xff, 0xff, 0x0, 0xae, 0x55, 0x55,
    0xbf, 0x0, 0xad, 0x0, 0x0, 0x8f, 0x0, 0xad,
    0x0, 0x0, 0x8f, 0x0, 0xad, 0x0, 0x0, 0x8f,
    0x0, 0xad, 0x0, 0x0, 0x8f, 0x0, 0xad, 0x0,
    0x0, 0x8f, 0x0, 0xad, 0x0, 0x0, 0x8f, 0x0,
    0xad, 0x0, 0x0, 0x8f, 0x31, 0xad, 0x0, 0x0,
    0x8f, 0xf6, 0x0, 0x0, 0x0, 0x0, 0xf6, 0x0,
    0x0, 0x0, 0x0, 0xf6, 0x0, 0x0, 0x0, 0x0,
    0xf6,

    /* U+0525 "ԥ" */
    0xdf, 0xff, 0xff, 0xb0, 0xdc, 0x44, 0x4d, 0xb0,
    0xda, 0x0, 0xd, 0xb0, 0xda, 0x0, 0xd, 0xb0,
    0xda, 0x0, 0xd, 0xb0, 0xda, 0x0, 0xd, 0xb0,
    0xda, 0x0, 0xd, 0xb0, 0xda, 0x0, 0xd, 0xff,
    0x0, 0x0, 0x0, 0x6f, 0x0, 0x0, 0x0, 0x6f,
    0x0, 0x0, 0x0, 0x6f,

    /* U+0526 "Ԧ" */
    0xad, 0x0, 0x0, 0x0, 0x0, 0xad, 0x0, 0x0,
    0x0, 0x0, 0xad, 0x0, 0x0, 0x0, 0x0, 0xae,
    0xae, 0xff, 0xb1, 0x0, 0xaf, 0xb6, 0x47, 0xf9,
    0x0, 0xad, 0x0, 0x0, 0xbd, 0x0, 0xad, 0x0,
    0x0, 0xae, 0x0, 0xad, 0x0, 0x0, 0xae, 0x0,
    0xad, 0x0, 0x0, 0xae, 0x31, 0xad, 0x0, 0x0,
    0xaf, 0xf5, 0x0, 0x0, 0x0, 0x2, 0xf5, 0x0,
    0x0, 0x0, 0x2, 0xf5, 0x0, 0x0, 0x0, 0x2,
    0xf5,

    /* U+0527 "ԧ" */
    0x10, 0x0, 0x0, 0x0, 0xda, 0x0, 0x0, 0x0,
    0xda, 0x0, 0x0, 0x0, 0xd9, 0x0, 0x0, 0x0,
    0xda, 0x9f, 0xe9, 0x0, 0xdf, 0xa5, 0x8f, 0x60,
    0xdd, 0x0, 0xd, 0x90, 0xda, 0x0, 0xc, 0xb0,
    0xda, 0x0, 0xc, 0xb0, 0xda, 0x0, 0xc, 0xb0,
    0xda, 0x0, 0xc, 0xb0, 0xda, 0x0, 0xc, 0xff,
    0x0, 0x0, 0x0, 0x7f, 0x0, 0x0, 0x0, 0x7f,
    0x0, 0x0, 0x0, 0x6f,

    /* U+0528 "Ԩ" */
    0x0, 0xbc, 0x0, 0x0, 0x7f, 0x10, 0xb, 0xc0,
    0x0, 0x7, 0xf1, 0x0, 0xbc, 0x0, 0x0, 0x7f,
    0x10, 0xb, 0xd1, 0x11, 0x18, 0xf1, 0x0, 0xbf,
    0xff, 0xff, 0xff, 0x10, 0xb, 0xd4, 0x44, 0x49,
    0xf1, 0x0, 0xbc, 0x0, 0x0, 0x7f, 0x10, 0xb,
    0xc0, 0x0, 0x7, 0xf1, 0x0, 0xbc, 0x0, 0x0,
    0x7f, 0x10, 0xb, 0xc0, 0x0, 0x7, 0xf1, 0x0,
    0xbc, 0x0, 0x0, 0x0, 0x0, 0x1d, 0xb0, 0x0,
    0x0, 0x0, 0x5f, 0xf4, 0x0, 0x0, 0x0, 0x0,
    0x31, 0x0, 0x0, 0x0, 0x0,

    /* U+0529 "ԩ" */
    0x0, 0xe9, 0x0, 0xb, 0xb0, 0xe, 0x90, 0x0,
    0xbb, 0x0, 0xe9, 0x0, 0xb, 0xb0, 0xe, 0xff,
    0xff, 0xfb, 0x0, 0xea, 0x33, 0x3c, 0xb0, 0xe,
    0x90, 0x0, 0xbb, 0x0, 0xe9, 0x0, 0xb, 0xb0,
    0xe, 0x90, 0x0, 0xbb, 0x0, 0xe9, 0x0, 0x0,
    0x3, 0x6f, 0x70, 0x0, 0x0, 0x8f, 0xb0, 0x0,
    0x0, 0x0,

    /* U+052A "Ԫ" */
    0x0, 0x4f, 0xff, 0xff, 0xf0, 0x0, 0x8f, 0x0,
    0x3, 0xf6, 0x0, 0x5, 0xf6, 0x55, 0xbf, 0x0,
    0x8, 0xf0, 0x0, 0xdb, 0x0, 0x0, 0x6f, 0x0,
    0x8, 0xf0, 0x0, 0x8f, 0x0, 0x9e, 0x10, 0x0,
    0x6, 0xf0, 0x0, 0x8f, 0x0, 0x8, 0xf0, 0x4f,
    0x40, 0x0, 0x0, 0x8e, 0x0, 0x8, 0xff, 0xff,
    0xff, 0xff, 0xb0, 0x0, 0x0, 0x9, 0xc0, 0x0,
    0x8f, 0x33, 0x39, 0xf3, 0x8f, 0x40, 0x0, 0x0,
    0xda, 0x0, 0x8, 0xf0, 0x0, 0x8f, 0x0, 0xdd,
    0x0, 0x0, 0x3f, 0x40, 0x0, 0x8f, 0x0, 0x8,
    0xf0, 0x3, 0xf8, 0x0, 0x4c, 0xf5, 0x55, 0x5b,
    0xf5, 0x10, 0x8f, 0x0, 0x9, 0xf2, 0xd, 0xff,
    0xff, 0xff, 0xff, 0xf4, 0x8, 0xf0, 0x0, 0x1e,
    0xc0, 0xd9, 0x0, 0x0, 0x0, 0x3f, 0x40, 0x0,
    0x0, 0x0, 0x0, 0xd, 0x90, 0x0, 0x0, 0x3,
    0xf4, 0x0, 0x0, 0x0, 0x0, 0x0, 0x32, 0x0,
    0x0, 0x0, 0x4, 0x10, 0x0, 0x0, 0x0, 0x0,
    0x0,

    /* U+052B "ԫ" */
    0x0, 0xff, 0xff, 0xf5, 0x0, 0x5f, 0x20, 0xd,
    0xa0, 0x0, 0xf8, 0x45, 0xf5, 0x0, 0x5f, 0x20,
    0xad, 0x0, 0x0, 0xf4, 0x1, 0xf6, 0x0, 0x5f,
    0x26, 0xf3, 0x0, 0x1, 0xf3, 0x1, 0xff, 0xff,
    0xff, 0xff, 0xa0, 0x0, 0x3, 0xf2, 0x1, 0xf7,
    0x33, 0x7f, 0x59, 0xf1, 0x0, 0x7, 0xe0, 0x1,
    0xf5, 0x0, 0x5f, 0x21, 0xea, 0x0, 0x3e, 0xb4,
    0x45, 0xf8, 0x10, 0x5f, 0x20, 0x6f, 0x40, 0xef,
    0xff, 0xff, 0xff, 0x70, 0x5f, 0x20, 0xc, 0xd0,
    0xe8, 0x0, 0x0, 0xf, 0x70, 0x0, 0x0, 0x0,
    0x0, 0xe8, 0x0, 0x0, 0xf, 0x70, 0x0, 0x0,
    0x0, 0x0, 0x0, 0x0, 0x0, 0x0, 0x0, 0x0,
    0x0, 0x0, 0x0,

    /* U+052C "Ԭ" */
    0x6f, 0x10, 0xff, 0xff, 0x80, 0x6f, 0x11, 0xf7,
    0x5f, 0x80, 0x6f, 0x14, 0xf1, 0xf, 0x80, 0x5f,
    0x18, 0xe0, 0xf, 0x80, 0x3f, 0x8c, 0xa2, 0x5f,
    0x80, 0x9, 0xff, 0xff, 0xcf, 0x80, 0x0, 0x8f,
    0x20, 0xf, 0x80, 0x0, 0xd9, 0x0, 0xf, 0x80,
    0x58, 0xf8, 0x55, 0x5f, 0xb3, 0xef, 0xff, 0xff,
    0xff, 0xfb, 0xe8, 0x0, 0x0, 0x0, 0xcb, 0xe8,
    0x0, 0x0, 0x0, 0xcb, 0xc7, 0x0, 0x0, 0x0,
    0xaa,

    /* U+052D "ԭ" */
    0xaa, 0xd, 0xff, 0xf5, 0xa, 0xa0, 0xf6, 0x5f,
    0x50, 0x9a, 0x1f, 0x22, 0xf5, 0x7, 0xe6, 0xf1,
    0x8f, 0x50, 0x1d, 0xff, 0xfa, 0xf5, 0x0, 0x1f,
    0x60, 0x2f, 0x50, 0x28, 0xf4, 0x35, 0xf7, 0x1c,
    0xff, 0xff, 0xff, 0xf6, 0xc9, 0x0, 0x0, 0xf,
    0x6c, 0x90, 0x0, 0x0, 0xf6, 0x96, 0x0, 0x0,
    0xb, 0x40,

    /* U+052E "Ԯ" */
    0x0, 0xaf, 0xff, 0xff, 0x90, 0x0, 0xad, 0x55,
    0x5f, 0x90, 0x0, 0xbb, 0x0, 0xe, 0x90, 0x0,
    0xca, 0x0, 0xe, 0x90, 0x0, 0xd9, 0x0, 0xe,
    0x90, 0x0, 0xe8, 0x0, 0xe, 0x90, 0x0, 0xf7,
    0x0, 0xe, 0x90, 0x2, 0xf4, 0x0, 0xe, 0x90,
    0x7c, 0xf1, 0x0, 0xe, 0xc6, 0xde, 0x60, 0x0,
    0xe, 0xfe, 0x0, 0x0, 0x0, 0x0, 0x9e, 0x0,
    0x0, 0x0, 0x0, 0x9e, 0x0, 0x0, 0x0, 0x0,
    0x6a,

    /* U+052F "ԯ" */
    0x2, 0xff, 0xff, 0xf3, 0x0, 0x3f, 0x64, 0x7f,
    0x30, 0x4, 0xf1, 0x4, 0xf3, 0x0, 0x4f, 0x0,
    0x4f, 0x30, 0x5, 0xf0, 0x4, 0xf3, 0x0, 0x7d,
    0x0, 0x4f, 0x30, 0x6d, 0xa0, 0x4, 0xf7, 0x1e,
    0xd2, 0x0, 0x4f, 0xf4, 0x0, 0x0, 0x0, 0xf,
    0x40, 0x0, 0x0, 0x0, 0xf4, 0x0, 0x0, 0x0,
    0xa, 0x30,

    /* U+1E80 "Ẁ" */
    0x0, 0x0, 0x28, 0x30, 0x0, 0x0, 0x0, 0x0,
    0x0, 0x8, 0xe1, 0x0, 0x0, 0x0, 0x0, 0x0,
    0x0, 0x44, 0x0, 0x0, 0x0, 0x0, 0x0, 0x0,
    0x0, 0x0, 0x0, 0x0, 0xcc, 0x0, 0x5, 0xf7,
    0x0, 0x9, 0xe0, 0x7f, 0x0, 0xa, 0xfb, 0x0,
    0xd, 0xa0, 0x3f, 0x40, 0xe, 0xbf, 0x0, 0x1f,
    0x60, 0xf, 0x80, 0x3f, 0x3f, 0x50, 0x5f, 0x20,
    0xb, 0xc0, 0x7e, 0xc, 0x90, 0x9d, 0x0, 0x7,
    0xf0, 0xc9, 0x7, 0xe0, 0xd9, 0x0, 0x2, 0xf4,
    0xf5, 0x3, 0xf4, 0xf5, 0x0, 0x0, 0xeb, 0xf1,
    0x0, 0xeb, 0xf1, 0x0, 0x0, 0xaf, 0xc0, 0x0,
    0x9f, 0xd0, 0x0, 0x0, 0x6f, 0x70, 0x0, 0x5f,
    0x80, 0x0,

    /* U+1E81 "ẁ" */
    0x0, 0x1, 0xdc, 0x0, 0x0, 0x0, 0x0, 0x0,
    0x1c, 0x80, 0x0, 0x0, 0x0, 0x0, 0x0, 0x10,
    0x0, 0x0, 0xbc, 0x0, 0x4f, 0x90, 0x7, 0xf0,
    0x7f, 0x0, 0x9e, 0xd0, 0xb, 0xb0, 0x3f, 0x40,
    0xd7, 0xf2, 0xf, 0x70, 0xe, 0x82, 0xf2, 0xe6,
    0x3f, 0x30, 0xa, 0xb6, 0xe0, 0x9a, 0x7f, 0x0,
    0x6, 0xea, 0x90, 0x5e, 0xab, 0x0, 0x2, 0xfe,
    0x50, 0x1f, 0xf6, 0x0, 0x0, 0xef, 0x0, 0xc,
    0xf2, 0x0,

    /* U+1E82 "Ẃ" */
    0x0, 0x0, 0x0, 0x17, 0x50, 0x0, 0x0, 0x0,
    0x0, 0x0, 0xac, 0x10, 0x0, 0x0, 0x0, 0x0,
    0x2, 0x70, 0x0, 0x0, 0x0, 0x0, 0x0, 0x0,
    0x0, 0x0, 0x0, 0x0, 0xcc, 0x0, 0x5, 0xf7,
    0x0, 0x9, 0xe0, 0x7f, 0x0, 0xa, 0xfb, 0x0,
    0xd, 0xa0, 0x3f, 0x40, 0xe, 0xbf, 0x0, 0x1f,
    0x60, 0xf, 0x80, 0x3f, 0x3f, 0x50, 0x5f, 0x20,
    0xb, 0xc0, 0x7e, 0xc, 0x90, 0x9d, 0x0, 0x7,
    0xf0, 0xc9, 0x7, 0xe0, 0xd9, 0x0, 0x2, 0xf4,
    0xf5, 0x3, 0xf4, 0xf5, 0x0, 0x0, 0xeb, 0xf1,
    0x0, 0xeb, 0xf1, 0x0, 0x0, 0xaf, 0xc0, 0x0,
    0x9f, 0xd0, 0x0, 0x0, 0x6f, 0x70, 0x0, 0x5f,
    0x80, 0x0,

    /* U+1E83 "ẃ" */
    0x0, 0x0, 0x2, 0xf9, 0x0, 0x0, 0x0, 0x0,
    0xc, 0x80, 0x0, 0x0, 0x0, 0x0, 0x1, 0x0,
    0x0, 0x0, 0xbc, 0x0, 0x4f, 0x90, 0x7, 0xf0,
    0x7f, 0x0, 0x9e, 0xd0, 0xb, 0xb0, 0x3f, 0x40,
    0xd7, 0xf2, 0xf, 0x70, 0xe, 0x82, 0xf2, 0xe6,
    0x3f, 0x30, 0xa, 0xb6, 0xe0, 0x9a, 0x7f, 0x0,
    0x6, 0xea, 0x90, 0x5e, 0xab, 0x0, 0x2, 0xfe,
    0x50, 0x1f, 0xf6, 0x0, 0x0, 0xef, 0x0, 0xc,
    0xf2, 0x0,

    /* U+1E84 "Ẅ" */
    0x0, 0x0, 0x6c, 0xa, 0x80, 0x0, 0x0, 0x0,
    0x0, 0x26, 0x4, 0x40, 0x0, 0x0, 0x0, 0x0,
    0x0, 0x0, 0x0, 0x0, 0x0, 0xcc, 0x0, 0x5,
    0xf7, 0x0, 0x9, 0xe0, 0x7f, 0x0, 0xa, 0xfb,
    0x0, 0xd, 0xa0, 0x3f, 0x40, 0xe, 0xbf, 0x0,
    0x1f, 0x60, 0xf, 0x80, 0x3f, 0x3f, 0x50, 0x5f,
    0x20, 0xb, 0xc0, 0x7e, 0xc, 0x90, 0x9d, 0x0,
    0x7, 0xf0, 0xc9, 0x7, 0xe0, 0xd9, 0x0, 0x2,
    0xf4, 0xf5, 0x3, 0xf4, 0xf5, 0x0, 0x0, 0xeb,
    0xf1, 0x0, 0xeb, 0xf1, 0x0, 0x0, 0xaf, 0xc0,
    0x0, 0x9f, 0xd0, 0x0, 0x0, 0x6f, 0x70, 0x0,
    0x5f, 0x80, 0x0,

    /* U+1E85 "ẅ" */
    0x0, 0x4, 0xd0, 0x89, 0x0, 0x0, 0x0, 0x2,
    0x60, 0x44, 0x0, 0x0, 0xbc, 0x0, 0x4f, 0x90,
    0x7, 0xf0, 0x7f, 0x0, 0x9e, 0xd0, 0xb, 0xb0,
    0x3f, 0x40, 0xd7, 0xf2, 0xf, 0x70, 0xe, 0x82,
    0xf2, 0xe6, 0x3f, 0x30, 0xa, 0xb6, 0xe0, 0x9a,
    0x7f, 0x0, 0x6, 0xea, 0x90, 0x5e, 0xab, 0x0,
    0x2, 0xfe, 0x50, 0x1f, 0xf6, 0x0, 0x0, 0xef,
    0x0, 0xc, 0xf2, 0x0,

    /* U+1E9E "ẞ" */
    0x3, 0xbe, 0xfc, 0x40, 0x2, 0xfd, 0x76, 0xcf,
    0x30, 0x9f, 0x10, 0x5, 0xf6, 0xb, 0xc0, 0x6,
    0xf6, 0x0, 0xcc, 0x0, 0xff, 0xd6, 0xc, 0xc0,
    0x2, 0x3a, 0xf5, 0xcc, 0x0, 0x0, 0xe, 0x9c,
    0xc0, 0x0, 0x0, 0xf9, 0xcc, 0x68, 0x55, 0xbf,
    0x4c, 0xc3, 0xcf, 0xfc, 0x50,

    /* U+1EF2 "Ỳ" */
    0x0, 0x57, 0x0, 0x0, 0x0, 0x1, 0xda, 0x0,
    0x0, 0x0, 0x0, 0x71, 0x0, 0x0, 0x0, 0x0,
    0x0, 0x0, 0xbe, 0x0, 0x0, 0xbd, 0x3, 0xf6,
    0x0, 0x3f, 0x50, 0xa, 0xe0, 0xb, 0xc0, 0x0,
    0x2f, 0x63, 0xf4, 0x0, 0x0, 0x9d, 0xbb, 0x0,
    0x0, 0x1, 0xff, 0x30, 0x0, 0x0, 0xb, 0xd0,
    0x0, 0x0, 0x0, 0xbd, 0x0, 0x0, 0x0, 0xb,
    0xd0, 0x0, 0x0, 0x0, 0xbd, 0x0, 0x0,

    /* U+1EF3 "ỳ" */
    0x0, 0xdd, 0x0, 0x0, 0x0, 0x1c, 0x80, 0x0,
    0x0, 0x0, 0x10, 0x0, 0xcc, 0x0, 0x5, 0xf3,
    0x6f, 0x20, 0xb, 0xd0, 0xf, 0x70, 0x1f, 0x70,
    0x9, 0xd0, 0x6f, 0x10, 0x3, 0xf3, 0xbb, 0x0,
    0x0, 0xc9, 0xf5, 0x0, 0x0, 0x6f, 0xe0, 0x0,
    0x0, 0x1f, 0x90, 0x0, 0x0, 0x5f, 0x30, 0x0,
    0x35, 0xeb, 0x0, 0x0, 0xbf, 0xb1, 0x0, 0x0,

    /* U+2010 "‐" */
    0x1, 0x11, 0x7f, 0xff, 0x24, 0x44,

    /* U+2011 "‑" */
    0x1, 0x11, 0x7f, 0xff, 0x24, 0x44,

    /* U+2012 "‒" */
    0x0, 0x0, 0x0, 0x0, 0x7f, 0xff, 0xff, 0xf7,
    0x13, 0x33, 0x33, 0x31,

    /* U+2013 "–" */
    0x0, 0x0, 0x0, 0x7, 0xff, 0xff, 0xf7, 0x13,
    0x33, 0x33, 0x10,

    /* U+2014 "—" */
    0x0, 0x0, 0x0, 0x0, 0x0, 0x0, 0x0, 0x7f,
    0xff, 0xff, 0xff, 0xff, 0xff, 0xf7, 0x13, 0x33,
    0x33, 0x33, 0x33, 0x33, 0x31,

    /* U+2015 "―" */
    0x0, 0x0, 0x0, 0x0, 0x0, 0x0, 0x0, 0x7f,
    0xff, 0xff, 0xff, 0xff, 0xff, 0xf7, 0x13, 0x33,
    0x33, 0x33, 0x33, 0x33, 0x31,

    /* U+2016 "‖" */
    0x5d, 0x1, 0xf1, 0x5d, 0x1, 0xf1, 0x5d, 0x1,
    0xf1, 0x5d, 0x1, 0xf1, 0x5d, 0x1, 0xf1, 0x5d,
    0x1, 0xf1, 0x5d, 0x1, 0xf1, 0x5d, 0x1, 0xf1,
    0x5d, 0x1, 0xf1, 0x5d, 0x1, 0xf1, 0x5d, 0x1,
    0xf1, 0x5d, 0x1, 0xf1, 0x5d, 0x1, 0xf1, 0x5d,
    0x1, 0xf1,

    /* U+2017 "‗" */
    0xf, 0xff, 0xff, 0xb0, 0x0, 0x0, 0x0, 0xf,
    0xff, 0xff, 0xb0,

    /* U+2018 "‘" */
    0xd, 0x53, 0xf1, 0x8e, 0x7, 0x70,

    /* U+2019 "’" */
    0x3f, 0x56, 0xf0, 0x9a, 0x7, 0x30,

    /* U+201A "‚" */
    0x8, 0x51, 0xf6, 0x4f, 0x17, 0xb0,

    /* U+201B "‛" */
    0xbd, 0x6, 0xf0, 0x1f, 0x30, 0x63,

    /* U+201C "“" */
    0xd, 0x51, 0xf1, 0x3f, 0x17, 0xe0, 0x8e, 0xc,
    0xb0, 0x77, 0x9, 0x50,

    /* U+201D "”" */
    0x3f, 0x57, 0xf1, 0x6f, 0xa, 0xc0, 0x9a, 0xd,
    0x60, 0x73, 0x9, 0x10,

    /* U+201E "„" */
    0x8, 0x51, 0x93, 0x1f, 0x64, 0xf3, 0x4f, 0x17,
    0xd0, 0x7b, 0xb, 0x70,

    /* U+201F "‟" */
    0xbd, 0xf, 0x90, 0x6f, 0xa, 0xc0, 0x1f, 0x34,
    0xf0, 0x6, 0x30, 0x81,

    /* U+2020 "†" */
    0x0, 0x3f, 0x30, 0x0, 0x1, 0xf1, 0x0, 0x3,
    0x1f, 0x13, 0x12, 0xff, 0xff, 0xf4, 0x1, 0xe,
    0x1, 0x0, 0x0, 0xf0, 0x0, 0x0, 0xf, 0x10,
    0x0, 0x1, 0xf2, 0x0, 0x0, 0x2f, 0x20, 0x0,
    0x2, 0xf3, 0x0, 0x0, 0x3f, 0x40, 0x0,

    /* U+2021 "‡" */
    0x0, 0x2f, 0x40, 0x0, 0x0, 0xf2, 0x0, 0x17,
    0x6e, 0x67, 0x32, 0xca, 0xfa, 0xc4, 0x0, 0xf,
    0x20, 0x0, 0x1, 0xf4, 0x0, 0x0, 0xf, 0x20,
    0x2, 0xca, 0xfa, 0xb4, 0x17, 0x6e, 0x67, 0x30,
    0x0, 0xf2, 0x0, 0x0, 0x2f, 0x40, 0x0,

    /* U+2022 "•" */
    0x6, 0xd9, 0x0, 0xff, 0xf3, 0xf, 0xff, 0x30,
    0x7f, 0xb0,

    /* U+2023 "‣" */
    0x15, 0x0, 0x1, 0xfc, 0x30, 0x1f, 0xff, 0x51,
    0xfd, 0x50, 0x18, 0x0, 0x0,

    /* U+2024 "․" */
    0x0, 0x5, 0xf5, 0x4e, 0x40,

    /* U+2025 "‥" */
    0x0, 0x0, 0x0, 0x0, 0xeb, 0x1, 0xf9, 0xd,
    0xa0, 0x1e, 0x80,

    /* U+2026 "…" */
    0x0, 0x0, 0x0, 0x0, 0x0, 0x0, 0xeb, 0x2,
    0xf7, 0x6, 0xf4, 0xd, 0xa0, 0x2e, 0x60, 0x5e,
    0x30,

    /* U+2027 "‧" */
    0x0, 0x0, 0xeb, 0xd, 0xa0,

    /* U+2030 "‰" */
    0x8, 0xec, 0x20, 0x2, 0xf1, 0x0, 0x0, 0x0,
    0x2, 0xf3, 0xaa, 0x0, 0xb8, 0x0, 0x0, 0x0,
    0x0, 0x5d, 0x5, 0xd0, 0x4e, 0x0, 0x0, 0x0,
    0x0, 0x5, 0xd0, 0x5d, 0xd, 0x60, 0x0, 0x0,
    0x0, 0x0, 0x2f, 0x19, 0xb6, 0xd3, 0xcd, 0x50,
    0x3c, 0xd5, 0x0, 0x9f, 0xe4, 0xe4, 0xb8, 0x4f,
    0x1c, 0x84, 0xf0, 0x0, 0x0, 0x8c, 0xf, 0x30,
    0xe4, 0xf3, 0xf, 0x30, 0x0, 0x1f, 0x30, 0xf3,
    0xe, 0x4f, 0x30, 0xf3, 0x0, 0x9, 0xa0, 0xb,
    0x72, 0xf1, 0xc6, 0x2f, 0x10, 0x2, 0xf1, 0x0,
    0x3d, 0xe6, 0x3, 0xde, 0x60,

    /* U+2039 "‹" */
    0x0, 0x7a, 0x0, 0x4f, 0x50, 0x1e, 0x90, 0x3,
    0xf6, 0x0, 0x6, 0xf3, 0x0, 0xa, 0xc0, 0x0,
    0x0, 0x0,

    /* U+203A "›" */
    0x2c, 0x10, 0x0, 0xcc, 0x0, 0x1, 0xe9, 0x0,
    0xc, 0xc0, 0x9, 0xe1, 0x3, 0xf3, 0x0, 0x1,
    0x0, 0x0,

    /* U+20A4 "₤" */
    0x0, 0x4c, 0xfe, 0xb1, 0x0, 0xfc, 0x55, 0x70,
    0x2, 0xf5, 0x0, 0x0, 0x7e, 0xff, 0xee, 0x0,
    0x3, 0xf6, 0x11, 0x0, 0x2, 0xf5, 0x0, 0x0,
    0x7f, 0xff, 0xff, 0x0, 0x5, 0xf4, 0x22, 0x0,
    0x3c, 0xd6, 0x66, 0x63, 0x8f, 0xff, 0xff, 0xf9,

    /* U+20A5 "₥" */
    0x0, 0x0, 0x0, 0x7, 0x10, 0x0, 0x0, 0x0,
    0x0, 0x4d, 0x0, 0x0, 0xd7, 0xaf, 0xe7, 0xbe,
    0xfd, 0x40, 0xdf, 0x95, 0xbf, 0xf7, 0x5d, 0xe0,
    0xdd, 0x0, 0x2f, 0x90, 0x6, 0xf1, 0xda, 0x0,
    0x2f, 0x60, 0x5, 0xf2, 0xda, 0x0, 0x8f, 0x60,
    0x5, 0xf2, 0xda, 0x0, 0xff, 0x60, 0x5, 0xf2,
    0xda, 0x7, 0xbf, 0x60, 0x5, 0xf2, 0xda, 0xe,
    0x4f, 0x60, 0x5, 0xf2, 0x0, 0x6b, 0x0, 0x0,
    0x0, 0x0, 0x0, 0x53, 0x0, 0x0, 0x0, 0x0,

    /* U+20A6 "₦" */
    0xd, 0xf1, 0x6, 0xd0, 0xd, 0xe7, 0x6, 0xd0,
    0xd, 0x9d, 0x6, 0xd0, 0xdf, 0xff, 0xff, 0xfd,
    0xd, 0x59, 0x95, 0xd0, 0xdf, 0xff, 0xff, 0xfd,
    0xd, 0x60, 0xe9, 0xd0, 0xd, 0x60, 0x9d, 0xd0,
    0xd, 0x60, 0x4f, 0xd0, 0xd, 0x60, 0xf, 0xd0,

    /* U+20A7 "₧" */
    0xff, 0xfd, 0x60, 0x0, 0x0, 0xfa, 0x5b, 0xf4,
    0x0, 0x0, 0xf8, 0x0, 0xea, 0xe, 0x10, 0xf8,
    0x0, 0xda, 0x2f, 0x10, 0xf8, 0x27, 0xf9, 0xef,
    0xfa, 0xff, 0xff, 0x91, 0x6f, 0x31, 0xfa, 0x30,
    0x0, 0x4f, 0x10, 0xf8, 0x0, 0x0, 0x4f, 0x10,
    0xf8, 0x0, 0x0, 0x3f, 0x41, 0xf8, 0x0, 0x0,
    0xa, 0xfc,

    /* U+20A8 "₨" */
    0xdf, 0xfd, 0x40, 0x0, 0x0, 0xd, 0xb5, 0xbf,
    0x10, 0x0, 0x0, 0xd8, 0x2, 0xf5, 0x2c, 0xfd,
    0x3d, 0x80, 0x1f, 0x5b, 0xc4, 0x91, 0xd9, 0x18,
    0xf1, 0xcb, 0x0, 0xd, 0xff, 0xf5, 0x6, 0xfc,
    0x20, 0xda, 0x6f, 0x40, 0x4, 0xef, 0x2d, 0x80,
    0xcb, 0x0, 0x1, 0xf6, 0xd8, 0x5, 0xf3, 0x51,
    0x3f, 0x5d, 0x80, 0xd, 0xbc, 0xfe, 0x90,

    /* U+20A9 "₩" */
    0xaa, 0x0, 0xfa, 0x0, 0xf4, 0x7c, 0x2, 0xed,
    0x1, 0xf1, 0x4f, 0x6, 0xaf, 0x14, 0xf0, 0x1f,
    0x29, 0x7c, 0x47, 0xc0, 0xdf, 0xff, 0xff, 0xff,
    0xf7, 0xc, 0x6e, 0x27, 0x9b, 0x60, 0x9, 0x9f,
    0x4, 0xbd, 0x40, 0x7, 0xdd, 0x2, 0xef, 0x10,
    0x4, 0xfa, 0x0, 0xff, 0x0, 0x1, 0xf8, 0x0,
    0xdc, 0x0,

    /* U+20AA "₪" */
    0xdf, 0xff, 0xe8, 0x0, 0xd8, 0xd9, 0x23, 0x6f,
    0x60, 0xd8, 0xd8, 0x2f, 0x3a, 0xb0, 0xd8, 0xd8,
    0x2f, 0x38, 0xd0, 0xd8, 0xd8, 0x2f, 0x38, 0xd0,
    0xd8, 0xd8, 0x2f, 0x38, 0xd0, 0xd8, 0xd8, 0x2f,
    0x38, 0xd0, 0xd8, 0xd8, 0x2f, 0x32, 0x30, 0xf6,
    0xd8, 0x2f, 0x52, 0x3a, 0xf2, 0xd8, 0x2f, 0xff,
    0xfc, 0x40,

    /* U+20AB "₫" */
    0x0, 0x0, 0x0, 0xf8, 0x0, 0x0, 0xaf, 0xff,
    0xf8, 0x0, 0x1, 0x22, 0xf9, 0x10, 0x1a, 0xee,
    0x5e, 0x80, 0xb, 0xf7, 0x5c, 0xf8, 0x1, 0xf9,
    0x0, 0x2f, 0x80, 0x3f, 0x60, 0x0, 0xf8, 0x3,
    0xf5, 0x0, 0xe, 0x80, 0x1f, 0x90, 0x1, 0xf8,
    0x0, 0xbf, 0x75, 0xbf, 0x80, 0x1, 0xaf, 0xe4,
    0xc8, 0x0, 0x0, 0x0, 0x0, 0x0, 0x5, 0xff,
    0xff, 0xfb, 0x0,

    /* U+20AC "€" */
    0x0, 0x19, 0xef, 0xd6, 0x0, 0xde, 0x75, 0x75,
    0x6, 0xf2, 0x0, 0x0, 0x9f, 0xfe, 0xee, 0x10,
    0x1b, 0xc1, 0x11, 0x0, 0x9f, 0xfe, 0xea, 0x0,
    0x18, 0xf2, 0x11, 0x0, 0x2, 0xf7, 0x0, 0x0,
    0x0, 0x9f, 0x95, 0x76, 0x0, 0x8, 0xef, 0xd5,

    /* U+20AD "₭" */
    0xb, 0xc0, 0x2, 0xf7, 0x0, 0xbc, 0x0, 0xda,
    0x0, 0xb, 0xc0, 0xbc, 0x0, 0x0, 0xbc, 0x8e,
    0x10, 0x0, 0xcf, 0xff, 0xff, 0xf3, 0x1, 0xbf,
    0x8f, 0x52, 0x0, 0xb, 0xc0, 0xbc, 0x0, 0x0,
    0xbc, 0x2, 0xf7, 0x0, 0xb, 0xc0, 0x8, 0xf1,
    0x0, 0xbc, 0x0, 0xe, 0xb0,

    /* U+20AE "₮" */
    0xbf, 0xff, 0xff, 0xfb, 0x45, 0x5d, 0xd5, 0x54,
    0x0, 0xb, 0xc2, 0x50, 0x0, 0xb, 0xed, 0x40,
    0x0, 0x3e, 0xd1, 0x0, 0x6, 0xdd, 0xda, 0x90,
    0x2, 0xc, 0xf7, 0x0, 0x1, 0xbf, 0xc0, 0x0,
    0x7, 0x6b, 0xc0, 0x0, 0x0, 0xb, 0xc0, 0x0,

    /* U+20AF "₯" */
    0x5c, 0xef, 0xd8, 0x10, 0x0, 0x0, 0x0, 0x48,
    0x55, 0x8f, 0xe1, 0x0, 0x0, 0x0, 0x0, 0xc8,
    0x2, 0xf9, 0x0, 0x0, 0x0, 0x1, 0xf6, 0x0,
    0xad, 0x0, 0x0, 0x0, 0x4, 0xf2, 0x0, 0x9e,
    0x0, 0x0, 0x0, 0x7, 0xf0, 0x0, 0xbd, 0x7,
    0xde, 0x70, 0xb, 0xb0, 0x1, 0xf8, 0x5f, 0x46,
    0xf2, 0xe, 0x80, 0xa, 0xf2, 0xba, 0x1, 0xf3,
    0x1f, 0x87, 0xdf, 0x50, 0xfa, 0x8, 0xe0, 0x5f,
    0xfd, 0x92, 0x2, 0xfd, 0xfd, 0x30, 0x0, 0x0,
    0x0, 0x6, 0xf0, 0x0, 0x0, 0x0, 0x0, 0x0,
    0x9, 0xc0, 0x0, 0x0, 0x0, 0x0, 0x0, 0xc,
    0x80, 0x0, 0x0,

    /* U+20B0 "₰" */
    0x0, 0x2, 0xdf, 0x90, 0x0, 0xb, 0xc5, 0xf3,
    0x0, 0xd, 0x80, 0xf4, 0x0, 0xb, 0xa2, 0xf2,
    0x0, 0x7, 0xe6, 0xc0, 0x0, 0x1, 0xff, 0x40,
    0x0, 0x30, 0xbf, 0x0, 0x7, 0xd4, 0xef, 0x50,
    0x1f, 0xcf, 0x5b, 0xc0, 0x99, 0x2b, 0x4, 0xf2,
    0x0, 0x0, 0x1, 0xf5, 0x0, 0x0, 0x46, 0xf4,
    0x0, 0x0, 0xdf, 0x90,

    /* U+20B1 "₱" */
    0xc, 0xff, 0xe9, 0x0, 0xc, 0xb4, 0x7f, 0xa0,
    0xbf, 0xfd, 0xde, 0xfb, 0xc, 0xa0, 0x6, 0xf0,
    0xbf, 0xfd, 0xde, 0xfb, 0xc, 0xa0, 0x4f, 0x80,
    0xc, 0xff, 0xfa, 0x0, 0xc, 0xb2, 0x0, 0x0,
    0xc, 0xa0, 0x0, 0x0, 0xc, 0xa0, 0x0, 0x0,

    /* U+20B2 "₲" */
    0x0, 0x0, 0xe, 0x20, 0x0, 0x0, 0x8, 0xdf,
    0xfd, 0x80, 0x1, 0xdf, 0xae, 0x79, 0x90, 0x9,
    0xf5, 0xe, 0x20, 0x0, 0xf, 0xb0, 0xe, 0x20,
    0x0, 0x1f, 0x70, 0xe, 0x31, 0x10, 0x2f, 0x70,
    0xe, 0xff, 0xf1, 0xf, 0xa0, 0xe, 0x58, 0xf1,
    0xb, 0xf2, 0xe, 0x26, 0xf1, 0x3, 0xfe, 0x7e,
    0x69, 0xf1, 0x0, 0x3b, 0xff, 0xfe, 0xa0, 0x0,
    0x0, 0xe, 0x20, 0x0, 0x0, 0x0, 0x3, 0x0,
    0x0,

    /* U+20B3 "₳" */
    0x0, 0xb, 0xf5, 0x0, 0x0, 0x2, 0xf9, 0xc0,
    0x0, 0x0, 0x9d, 0x2f, 0x30, 0xd, 0xff, 0xff,
    0xff, 0xf8, 0x3, 0xf4, 0x9, 0xe0, 0x0, 0x6f,
    0x10, 0x6f, 0x10, 0xdf, 0xff, 0xff, 0xff, 0x81,
    0xf7, 0x0, 0xd, 0xb0, 0x6f, 0x10, 0x0, 0x7f,
    0x1c, 0xb0, 0x0, 0x1, 0xf7,

    /* U+20B4 "₴" */
    0x7, 0xcf, 0xfc, 0x30, 0x7, 0x86, 0x6d, 0xe0,
    0x0, 0x0, 0x8, 0xf0, 0xdf, 0xff, 0xff, 0xf9,
    0x1, 0x8d, 0xc6, 0x0, 0xdf, 0xff, 0xff, 0xf9,
    0x4f, 0x30, 0x0, 0x0, 0x3f, 0x40, 0x0, 0x0,
    0xe, 0xe6, 0x68, 0xd0, 0x3, 0xbe, 0xfd, 0x90,

    /* U+20B5 "₵" */
    0x0, 0x0, 0xf, 0x0, 0x0, 0x1, 0x9e, 0xfe,
    0xb2, 0x1, 0xde, 0x7f, 0x5a, 0x0, 0x9f, 0x20,
    0xf0, 0x0, 0xf, 0xa0, 0xf, 0x0, 0x1, 0xf7,
    0x0, 0xf0, 0x0, 0x1f, 0x70, 0xf, 0x0, 0x0,
    0xfa, 0x0, 0xf0, 0x0, 0xb, 0xf2, 0xf, 0x0,
    0x0, 0x3f, 0xe8, 0xf6, 0x90, 0x0, 0x3b, 0xff,
    0xfc, 0x0, 0x0, 0x0, 0xf0, 0x0, 0x0, 0x0,
    0x3, 0x0, 0x0,

    /* U+20B6 "₶" */
    0x2, 0xa0, 0x9, 0x30, 0x0, 0x7d, 0x0, 0xf4,
    0x0, 0x7f, 0xff, 0xff, 0xff, 0x62, 0xbd, 0x36,
    0xf6, 0x31, 0xa, 0xd0, 0x3f, 0x40, 0x0, 0xad,
    0x3, 0xf4, 0x0, 0xa, 0xd0, 0x3f, 0x40, 0x0,
    0xad, 0x3, 0xf4, 0x0, 0xa, 0xd0, 0x1f, 0xa4,
    0x30, 0xad, 0x0, 0x7e, 0xf6,

    /* U+20B7 "₷" */
    0x0, 0x0, 0x7d, 0xfe, 0xa2, 0x0, 0x6, 0xf9,
    0x57, 0xa1, 0x0, 0xa, 0xd0, 0x0, 0x0, 0x0,
    0x8, 0xf3, 0x0, 0x0, 0x0, 0x0, 0xaf, 0xb4,
    0x0, 0x0, 0x0, 0x3, 0xaf, 0xb0, 0x5b, 0x7b,
    0x7a, 0xa4, 0xf6, 0xa8, 0x91, 0xf0, 0xa3, 0xd8,
    0x3e, 0x91, 0xd0, 0x9a, 0xf3, 0x6, 0xcd, 0xfe,
    0xfc, 0x40, 0x6, 0x60, 0xd0, 0x94, 0x0,

    /* U+20B8 "₸" */
    0xcf, 0xff, 0xff, 0xf8, 0x45, 0x55, 0x55, 0x52,
    0xcf, 0xff, 0xff, 0xf8, 0x45, 0x5e, 0xc5, 0x52,
    0x0, 0xe, 0xa0, 0x0, 0x0, 0xe, 0xa0, 0x0,
    0x0, 0xe, 0xa0, 0x0, 0x0, 0xe, 0xa0, 0x0,
    0x0, 0xe, 0xa0, 0x0, 0x0, 0xe, 0xa0, 0x0,

    /* U+20B9 "₹" */
    0xef, 0xff, 0xff, 0x1, 0xbd, 0x0, 0x9a, 0xcf,
    0xba, 0x44, 0x8f, 0x64, 0x46, 0xec, 0x0, 0xde,
    0x60, 0x0, 0x5f, 0x30, 0x0, 0xc, 0xd0, 0x0,
    0x3, 0xf7, 0x0, 0x0, 0xaf, 0x20,

    /* U+20BA "₺" */
    0x5, 0xf2, 0x0, 0x0, 0x5, 0xf4, 0x8a, 0x0,
    0x29, 0xfd, 0x72, 0x0, 0x9b, 0xf4, 0x8a, 0x0,
    0x29, 0xfd, 0x72, 0x0, 0x9b, 0xf2, 0x0, 0xd8,
    0x5, 0xf2, 0x0, 0xf6, 0x5, 0xf2, 0x7, 0xf1,
    0x5, 0xf7, 0x9f, 0x70, 0x4, 0xff, 0xc5, 0x0,

    /* U+20BB "₻" */
    0x5d, 0xe6, 0x0, 0x0, 0x0, 0xc, 0x52, 0xf0,
    0x0, 0x0, 0x0, 0x7f, 0xff, 0xff, 0xff, 0xe8,
    0x0, 0x26, 0xf5, 0x55, 0x56, 0xd7, 0x0, 0x1f,
    0x3, 0x2, 0x3, 0xb0, 0x0, 0xf8, 0xfa, 0xf7,
    0x3b, 0x0, 0xf, 0xa1, 0xc3, 0x9d, 0x40, 0xc,
    0xe8, 0x0, 0x0, 0x0, 0x0, 0x33, 0xf9, 0x66,
    0x60, 0x0, 0x0, 0x4, 0xcf, 0xf9, 0x0,

    /* U+20BC "₼" */
    0x0, 0x0, 0xf, 0x80, 0x0, 0x0, 0x0, 0x0,
    0xf8, 0x0, 0x0, 0x0, 0x0, 0xf, 0x80, 0x0,
    0x0, 0x4, 0xbe, 0xff, 0xd9, 0x10, 0x5, 0xfc,
    0x6f, 0xa8, 0xfd, 0x0, 0xdb, 0x0, 0xf8, 0x3,
    0xf6, 0x1f, 0x60, 0xf, 0x80, 0xd, 0xa2, 0xf4,
    0x0, 0xe7, 0x0, 0xbb, 0x3f, 0x40, 0x0, 0x0,
    0xb, 0xc3, 0xf4, 0x0, 0x0, 0x0, 0xbc,

    /* U+20BD "₽" */
    0xa, 0xff, 0xfd, 0x60, 0xa, 0xe5, 0x5b, 0xf5,
    0xa, 0xd0, 0x0, 0xea, 0xa, 0xd0, 0x0, 0xda,
    0xa, 0xd0, 0x28, 0xf6, 0xdf, 0xff, 0xff, 0x90,
    0x3b, 0xe3, 0x30, 0x0, 0xdf, 0xff, 0xf1, 0x0,
    0x1b, 0xd2, 0x20, 0x0, 0xa, 0xd0, 0x0, 0x0,

    /* U+20BE "₾" */
    0x0, 0x0, 0xf0, 0xf0, 0x0, 0x0, 0x2, 0x9f,
    0xff, 0x81, 0x0, 0x2, 0xed, 0xf3, 0xfd, 0xd1,
    0x0, 0xae, 0x1f, 0xf, 0x1f, 0x80, 0xf, 0x90,
    0xf0, 0xf0, 0xad, 0x1, 0xf7, 0xf, 0xf, 0x8,
    0xf0, 0xf, 0x80, 0x20, 0x20, 0x12, 0x0, 0xcb,
    0x0, 0x0, 0x0, 0x0, 0x4, 0xf4, 0x0, 0x0,
    0x0, 0x0, 0x19, 0xf9, 0x55, 0x55, 0x20, 0x7,
    0xff, 0xff, 0xff, 0xf7, 0x0,

    /* U+20BF "₿" */
    0x5, 0x97, 0x70, 0x0, 0x59, 0x77, 0x0, 0xaf,
    0xff, 0xd4, 0xa, 0xe5, 0x6d, 0xf1, 0xad, 0x0,
    0x5f, 0x3a, 0xd0, 0x1a, 0xe0, 0xaf, 0xff, 0xf4,
    0xa, 0xe3, 0x4c, 0xe2, 0xad, 0x0, 0x2f, 0x7a,
    0xd0, 0x3, 0xf7, 0xae, 0x55, 0xcf, 0x2a, 0xff,
    0xfd, 0x40, 0x5, 0x97, 0x70, 0x0, 0x24, 0x33,
    0x0,

    /* U+2116 "№" */
    0xef, 0x10, 0x1, 0xf4, 0x0, 0x0, 0xe, 0xf8,
    0x0, 0x1f, 0x40, 0x0, 0x0, 0xeb, 0xf1, 0x1,
    0xf4, 0x0, 0x0, 0xe, 0x5d, 0x90, 0x1f, 0x40,
    0x7a, 0x60, 0xe6, 0x5f, 0x21, 0xf4, 0x7b, 0x4b,
    0x7e, 0x60, 0xca, 0xf, 0x4b, 0x50, 0x5b, 0xe6,
    0x4, 0xf3, 0xf4, 0xa7, 0x7, 0xae, 0x60, 0xb,
    0xcf, 0x42, 0xdc, 0xd2, 0xe6, 0x0, 0x3f, 0xf4,
    0x1, 0x21, 0xe, 0x60, 0x0, 0xaf, 0x48, 0xff,
    0xf7,

    /* U+2122 "™" */
    0x9d, 0xeb, 0x7f, 0x10, 0x9e, 0x5, 0x80, 0x7d,
    0x60, 0xcd, 0x5, 0x80, 0x78, 0xc4, 0x7e, 0x5,
    0x80, 0x76, 0xbc, 0x1e, 0x5, 0x70, 0x66, 0x5a,
    0xd,

    /* U+F001 "" */
    0x0, 0x0, 0x0, 0x0, 0x0, 0x0, 0x0, 0x0,
    0x0, 0x0, 0x0, 0x0, 0x2, 0x7b, 0xfb, 0x0,
    0x0, 0x0, 0x4, 0x9d, 0xff, 0xff, 0xd0, 0x0,
    0x3, 0xaf, 0xff, 0xff, 0xff, 0xfd, 0x0, 0x0,
    0xaf, 0xff, 0xff, 0xff, 0xdf, 0xd0, 0x0, 0xa,
    0xff, 0xff, 0xb6, 0x10, 0xed, 0x0, 0x0, 0xaf,
    0x94, 0x0, 0x0, 0xe, 0xd0, 0x0, 0xa, 0xf1,
    0x0, 0x0, 0x0, 0xed, 0x0, 0x0, 0xaf, 0x10,
    0x0, 0x0, 0xe, 0xd0, 0x0, 0xa, 0xf1, 0x0,
    0x0, 0x45, 0xfd, 0x0, 0x0, 0xaf, 0x10, 0x1,
    0xef, 0xff, 0xd0, 0x17, 0x9d, 0xf1, 0x0, 0x5f,
    0xff, 0xfc, 0xe, 0xff, 0xff, 0x10, 0x0, 0xaf,
    0xfd, 0x31, 0xff, 0xff, 0xe0, 0x0, 0x0, 0x1,
    0x0, 0x3, 0xbd, 0xa3, 0x0, 0x0, 0x0, 0x0,
    0x0,

    /* U+F005 "" */
    0x0, 0x0, 0x0, 0x2, 0x10, 0x0, 0x0, 0x0,
    0x0, 0x0, 0x0, 0x1f, 0xc0, 0x0, 0x0, 0x0,
    0x0, 0x0, 0x0, 0x8f, 0xf4, 0x0, 0x0, 0x0,
    0x0, 0x0, 0x1, 0xff, 0xfc, 0x0, 0x0, 0x0,
    0x0, 0x0, 0x8, 0xff, 0xff, 0x50, 0x0, 0x0,
    0x19, 0xbe, 0xff, 0xff, 0xff, 0xff, 0xdb, 0x70,
    0x5f, 0xff, 0xff, 0xff, 0xff, 0xff, 0xff, 0xf1,
    0x9, 0xff, 0xff, 0xff, 0xff, 0xff, 0xff, 0x50,
    0x0, 0x8f, 0xff, 0xff, 0xff, 0xff, 0xf5, 0x0,
    0x0, 0x9, 0xff, 0xff, 0xff, 0xff, 0x50, 0x0,
    0x0, 0x6, 0xff, 0xff, 0xff, 0xff, 0x20, 0x0,
    0x0, 0x9, 0xff, 0xff, 0xff, 0xff, 0x50, 0x0,
    0x0, 0xc, 0xff, 0xfe, 0xff, 0xff, 0x80, 0x0,
    0x0, 0xe, 0xff, 0x70, 0x2a, 0xff, 0xa0, 0x0,
    0x0, 0x8, 0x81, 0x0, 0x0, 0x29, 0x50, 0x0,

    /* U+F008 "" */
    0x50, 0x18, 0x88, 0x88, 0x88, 0x84, 0x5, 0xfa,
    0xbf, 0xdd, 0xdd, 0xdd, 0xfd, 0xaf, 0xe4, 0x7f,
    0x10, 0x0, 0x0, 0xca, 0x4e, 0xe0, 0x4f, 0x10,
    0x0, 0x0, 0xc8, 0xe, 0xfe, 0xef, 0x10, 0x0,
    0x0, 0xcf, 0xef, 0xe0, 0x3f, 0xee, 0xee, 0xee,
    0xf8, 0xe, 0xf6, 0x8f, 0x76, 0x66, 0x66, 0xeb,
    0x6f, 0xf8, 0xaf, 0x10, 0x0, 0x0, 0xcc, 0x8f,
    0xe0, 0x3f, 0x10, 0x0, 0x0, 0xc8, 0xe, 0xfc,
    0xdf, 0x65, 0x55, 0x55, 0xee, 0xcf, 0xc2, 0x5f,
    0xff, 0xff, 0xff, 0xf9, 0x2c,

    /* U+F00B "" */
    0x57, 0x75, 0x5, 0x77, 0x77, 0x77, 0x75, 0xff,
    0xff, 0x1f, 0xff, 0xff, 0xff, 0xff, 0xff, 0xff,
    0x2f, 0xff, 0xff, 0xff, 0xff, 0xef, 0xff, 0xe,
    0xff, 0xff, 0xff, 0xfe, 0x1, 0x10, 0x0, 0x11,
    0x11, 0x11, 0x10, 0xef, 0xfe, 0xe, 0xff, 0xff,
    0xff, 0xfe, 0xff, 0xff, 0x2f, 0xff, 0xff, 0xff,
    0xff, 0xff, 0xff, 0x1f, 0xff, 0xff, 0xff, 0xff,
    0x68, 0x87, 0x7, 0x88, 0x88, 0x88, 0x86, 0x68,
    0x87, 0x7, 0x88, 0x88, 0x88, 0x86, 0xff, 0xff,
    0x1f, 0xff, 0xff, 0xff, 0xff, 0xff, 0xff, 0x2f,
    0xff, 0xff, 0xff, 0xff, 0xdf, 0xfd, 0xd, 0xff,
    0xff, 0xff, 0xfd,

    /* U+F00C "" */
    0x0, 0x0, 0x0, 0x0, 0x0, 0x1, 0x50, 0x0,
    0x0, 0x0, 0x0, 0x0, 0x1d, 0xf8, 0x0, 0x0,
    0x0, 0x0, 0x1, 0xdf, 0xfd, 0x0, 0x0, 0x0,
    0x0, 0x1d, 0xff, 0xe2, 0x2d, 0x60, 0x0, 0x1,
    0xdf, 0xfe, 0x20, 0xdf, 0xf6, 0x0, 0x1d, 0xff,
    0xe2, 0x0, 0x8f, 0xff, 0x61, 0xdf, 0xfe, 0x20,
    0x0, 0x8, 0xff, 0xfe, 0xff, 0xe2, 0x0, 0x0,
    0x0, 0x8f, 0xff, 0xfe, 0x20, 0x0, 0x0, 0x0,
    0x8, 0xff, 0xe2, 0x0, 0x0, 0x0, 0x0, 0x0,
    0x7d, 0x20, 0x0, 0x0, 0x0,

    /* U+F00D "" */
    0x0, 0x0, 0x0, 0x0, 0x0, 0x7f, 0x60, 0x0,
    0xb, 0xe2, 0xef, 0xf6, 0x0, 0xbf, 0xf8, 0x4f,
    0xff, 0x6b, 0xff, 0xd1, 0x4, 0xff, 0xff, 0xfd,
    0x10, 0x0, 0x5f, 0xff, 0xe1, 0x0, 0x0, 0xbf,
    0xff, 0xf6, 0x0, 0xb, 0xff, 0xdf, 0xff, 0x60,
    0xbf, 0xfd, 0x14, 0xff, 0xf5, 0xcf, 0xd1, 0x0,
    0x4f, 0xf6, 0x17, 0x10, 0x0, 0x3, 0x60,

    /* U+F011 "" */
    0x0, 0x0, 0x0, 0x11, 0x0, 0x0, 0x0, 0x0,
    0x0, 0x0, 0xff, 0x0, 0x0, 0x0, 0x0, 0x6f,
    0x21, 0xff, 0x12, 0xf7, 0x0, 0x6, 0xff, 0x61,
    0xff, 0x16, 0xff, 0x60, 0x1f, 0xf9, 0x1, 0xff,
    0x10, 0x9f, 0xf1, 0x6f, 0xe0, 0x1, 0xff, 0x10,
    0xe, 0xf6, 0xaf, 0x80, 0x1, 0xff, 0x10, 0x8,
    0xfa, 0xcf, 0x60, 0x1, 0xff, 0x10, 0x6, 0xfc,
    0xaf, 0x80, 0x0, 0xaa, 0x0, 0x8, 0xfb, 0x7f,
    0xd0, 0x0, 0x0, 0x0, 0xd, 0xf7, 0x1f, 0xf8,
    0x0, 0x0, 0x0, 0x8f, 0xf1, 0x7, 0xff, 0x91,
    0x0, 0x2a, 0xff, 0x70, 0x0, 0x9f, 0xff, 0xee,
    0xff, 0xf9, 0x0, 0x0, 0x5, 0xcf, 0xff, 0xfd,
    0x50, 0x0, 0x0, 0x0, 0x2, 0x44, 0x20, 0x0,
    0x0,

    /* U+F013 "" */
    0x0, 0x0, 0x0, 0x0, 0x0, 0x0, 0x0, 0x0,
    0x0, 0xa, 0xff, 0xa0, 0x0, 0x0, 0x0, 0x0,
    0xc, 0xff, 0xc0, 0x0, 0x0, 0x3, 0xd6, 0xdf,
    0xff, 0xfd, 0x6d, 0x30, 0xe, 0xff, 0xff, 0xff,
    0xff, 0xff, 0xe0, 0x5f, 0xff, 0xff, 0xaa, 0xff,
    0xff, 0xf5, 0x1a, 0xff, 0xf4, 0x0, 0x4f, 0xff,
    0xa1, 0x3, 0xff, 0xd0, 0x0, 0xd, 0xff, 0x30,
    0x4, 0xff, 0xf0, 0x0, 0xf, 0xff, 0x40, 0x4f,
    0xff, 0xfb, 0x22, 0xbf, 0xff, 0xf4, 0x2f, 0xff,
    0xff, 0xff, 0xff, 0xff, 0xf2, 0x9, 0xfe, 0xff,
    0xff, 0xff, 0xef, 0x90, 0x0, 0x50, 0x5e, 0xff,
    0xe5, 0x5, 0x0, 0x0, 0x0, 0xc, 0xff, 0xc0,
    0x0, 0x0, 0x0, 0x0, 0x4, 0x77, 0x40, 0x0,
    0x0,

    /* U+F015 "" */
    0x0, 0x0, 0x0, 0x3, 0x10, 0x3, 0x41, 0x0,
    0x0, 0x0, 0x0, 0x9f, 0xf5, 0xd, 0xf5, 0x0,
    0x0, 0x0, 0x1b, 0xfd, 0xff, 0x8d, 0xf5, 0x0,
    0x0, 0x2, 0xdf, 0xb1, 0x2d, 0xff, 0xf5, 0x0,
    0x0, 0x4f, 0xf8, 0x3e, 0xc2, 0xbf, 0xf5, 0x0,
    0x7, 0xff, 0x55, 0xff, 0xfe, 0x39, 0xfe, 0x40,
    0x9f, 0xe3, 0x8f, 0xff, 0xff, 0xf5, 0x6f, 0xf6,
    0xac, 0x2a, 0xff, 0xff, 0xff, 0xff, 0x73, 0xe6,
    0x0, 0x5f, 0xff, 0xff, 0xff, 0xff, 0xf1, 0x0,
    0x0, 0x6f, 0xff, 0xd7, 0x7f, 0xff, 0xf2, 0x0,
    0x0, 0x6f, 0xff, 0x90, 0xd, 0xff, 0xf2, 0x0,
    0x0, 0x6f, 0xff, 0x90, 0xd, 0xff, 0xf2, 0x0,
    0x0, 0x4f, 0xff, 0x70, 0xb, 0xff, 0xe1, 0x0,

    /* U+F017 "" */
    0x0, 0x0, 0x0, 0x0, 0x0, 0x0, 0x0, 0x0,
    0x1, 0x8d, 0xff, 0xd8, 0x10, 0x0, 0x0, 0x4f,
    0xff, 0xff, 0xff, 0xf4, 0x0, 0x4, 0xff, 0xff,
    0xaa, 0xff, 0xff, 0x40, 0xe, 0xff, 0xff, 0x0,
    0xff, 0xff, 0xe0, 0x6f, 0xff, 0xff, 0x0, 0xff,
    0xff, 0xf6, 0xaf, 0xff, 0xff, 0x0, 0xff, 0xff,
    0xfa, 0xcf, 0xff, 0xff, 0x0, 0xff, 0xff, 0xfc,
    0xbf, 0xff, 0xff, 0x10, 0x1c, 0xff, 0xfb, 0x8f,
    0xff, 0xff, 0xe3, 0x4, 0xff, 0xf8, 0x3f, 0xff,
    0xff, 0xff, 0x9e, 0xff, 0xf3, 0xa, 0xff, 0xff,
    0xff, 0xff, 0xff, 0xa0, 0x0, 0xcf, 0xff, 0xff,
    0xff, 0xfc, 0x0, 0x0, 0x8, 0xff, 0xff, 0xff,
    0x80, 0x0, 0x0, 0x0, 0x15, 0x77, 0x51, 0x0,
    0x0,

    /* U+F019 "" */
    0x0, 0x0, 0x0, 0x33, 0x0, 0x0, 0x0, 0x0,
    0x0, 0xb, 0xff, 0xb0, 0x0, 0x0, 0x0, 0x0,
    0xc, 0xff, 0xc0, 0x0, 0x0, 0x0, 0x0, 0xc,
    0xff, 0xc0, 0x0, 0x0, 0x0, 0x0, 0xc, 0xff,
    0xc0, 0x0, 0x0, 0x0, 0x0, 0xc, 0xff, 0xc0,
    0x0, 0x0, 0x0, 0x8f, 0xff, 0xff, 0xff, 0xf8,
    0x0, 0x0, 0x2e, 0xff, 0xff, 0xff, 0xe2, 0x0,
    0x0, 0x2, 0xef, 0xff, 0xfe, 0x20, 0x0, 0x0,
    0x0, 0x2d, 0xff, 0xe2, 0x0, 0x0, 0x79, 0x99,
    0x82, 0xde, 0x28, 0x99, 0x97, 0xff, 0xff, 0xfb,
    0x22, 0xbf, 0xff, 0xff, 0xff, 0xff, 0xff, 0xff,
    0xff, 0xff, 0xff, 0xff, 0xff, 0xff, 0xff, 0xfa,
    0xb3, 0xcf, 0xac, 0xcc, 0xcc, 0xcc, 0xcc, 0xcc,
    0xca,

    /* U+F01C "" */
    0x0, 0x6, 0xbb, 0xbb, 0xbb, 0xba, 0x30, 0x0,
    0x0, 0x4f, 0xff, 0xff, 0xff, 0xff, 0xe1, 0x0,
    0x0, 0xef, 0x30, 0x0, 0x0, 0x6, 0xfb, 0x0,
    0x9, 0xf8, 0x0, 0x0, 0x0, 0x0, 0xcf, 0x50,
    0x4f, 0xd0, 0x0, 0x0, 0x0, 0x0, 0x2f, 0xe1,
    0xdf, 0x84, 0x42, 0x0, 0x0, 0x34, 0x4b, 0xf9,
    0xff, 0xff, 0xfd, 0x0, 0x1, 0xff, 0xff, 0xfb,
    0xff, 0xff, 0xff, 0x98, 0x8b, 0xff, 0xff, 0xfc,
    0xff, 0xff, 0xff, 0xff, 0xff, 0xff, 0xff, 0xfc,
    0xff, 0xff, 0xff, 0xff, 0xff, 0xff, 0xff, 0xfb,
    0x9f, 0xff, 0xff, 0xff, 0xff, 0xff, 0xff, 0xf6,

    /* U+F021 "" */
    0x0, 0x0, 0x0, 0x0, 0x0, 0x0, 0x33, 0x0,
    0x1, 0x8d, 0xff, 0xc6, 0x0, 0xef, 0x0, 0x4e,
    0xff, 0xff, 0xff, 0xe4, 0xdf, 0x4, 0xff, 0xb3,
    0x0, 0x4c, 0xff, 0xff, 0xe, 0xf9, 0x0, 0x0,
    0x0, 0x8f, 0xff, 0x6f, 0xc0, 0x0, 0x1, 0xff,
    0xff, 0xff, 0x8e, 0x50, 0x0, 0x1, 0xde, 0xee,
    0xed, 0x0, 0x0, 0x0, 0x0, 0x0, 0x0, 0x0,
    0x22, 0x22, 0x22, 0x0, 0x0, 0x0, 0x21, 0xff,
    0xff, 0xff, 0x10, 0x0, 0x8, 0xf8, 0xff, 0xfb,
    0xbc, 0x10, 0x0, 0x1e, 0xf4, 0xff, 0xfc, 0x10,
    0x0, 0x1, 0xdf, 0xc0, 0xfe, 0xef, 0xe8, 0x44,
    0x8e, 0xfe, 0x10, 0xfe, 0x1a, 0xff, 0xff, 0xff,
    0xc1, 0x0, 0xfd, 0x0, 0x28, 0xbb, 0x94, 0x0,
    0x0,

    /* U+F024 "" */
    0x1, 0x0, 0x0, 0x0, 0x0, 0x0, 0x0, 0x6,
    0xfe, 0x10, 0x0, 0x0, 0x0, 0x0, 0x0, 0xaf,
    0xf6, 0x55, 0x20, 0x0, 0x0, 0x33, 0x4, 0xff,
    0xff, 0xff, 0xe9, 0x79, 0xdf, 0xf0, 0x1f, 0xff,
    0xff, 0xff, 0xff, 0xff, 0xff, 0x1, 0xff, 0xff,
    0xff, 0xff, 0xff, 0xff, 0xf0, 0x1f, 0xff, 0xff,
    0xff, 0xff, 0xff, 0xff, 0x1, 0xff, 0xff, 0xff,
    0xff, 0xff, 0xff, 0xf0, 0x1f, 0xff, 0xff, 0xff,
    0xff, 0xff, 0xff, 0x1, 0xff, 0xff, 0xff, 0xff,
    0xff, 0xff, 0xf0, 0x1f, 0xff, 0xff, 0xff, 0xff,
    0xff, 0xfd, 0x1, 0xfd, 0x52, 0x1, 0x5a, 0xde,
    0xc7, 0x0, 0x1f, 0xa0, 0x0, 0x0, 0x0, 0x0,
    0x0, 0x1, 0xfa, 0x0, 0x0, 0x0, 0x0, 0x0,
    0x0, 0xc, 0x70, 0x0, 0x0, 0x0, 0x0, 0x0,
    0x0,

    /* U+F026 "" */
    0x0, 0x0, 0x2, 0x70, 0x0, 0x2, 0xef, 0x0,
    0x2, 0xef, 0xfd, 0xff, 0xff, 0xff, 0xff, 0xff,
    0xff, 0xff, 0xff, 0xff, 0xff, 0xff, 0xff, 0xff,
    0xff, 0xff, 0xff, 0xff, 0x34, 0x47, 0xff, 0xf0,
    0x0, 0x5, 0xff, 0x0, 0x0, 0x5, 0xc0, 0x0,
    0x0, 0x0,

    /* U+F027 "" */
    0x0, 0x0, 0x2, 0x70, 0x0, 0x0, 0x0, 0x2,
    0xef, 0x0, 0x0, 0x0, 0x2, 0xef, 0xf0, 0x0,
    0xd, 0xff, 0xff, 0xff, 0x2, 0x20, 0xff, 0xff,
    0xff, 0xf0, 0x8e, 0x1f, 0xff, 0xff, 0xff, 0x0,
    0xe7, 0xff, 0xff, 0xff, 0xf0, 0x3f, 0x5f, 0xff,
    0xff, 0xff, 0x8, 0x90, 0x34, 0x47, 0xff, 0xf0,
    0x0, 0x0, 0x0, 0x5, 0xff, 0x0, 0x0, 0x0,
    0x0, 0x5, 0xc0, 0x0, 0x0, 0x0, 0x0, 0x0,
    0x0, 0x0,

    /* U+F028 "" */
    0x0, 0x0, 0x0, 0x0, 0x0, 0x7, 0x70, 0x0,
    0x0, 0x0, 0x2, 0x70, 0x0, 0x5, 0xfa, 0x0,
    0x0, 0x0, 0x2e, 0xf0, 0x0, 0x81, 0x4f, 0x60,
    0x0, 0x2, 0xef, 0xf0, 0x1, 0xdd, 0x7, 0xf0,
    0xdf, 0xff, 0xff, 0xf0, 0x32, 0x1e, 0x80, 0xf6,
    0xff, 0xff, 0xff, 0xf0, 0x8e, 0x27, 0xe0, 0xb9,
    0xff, 0xff, 0xff, 0xf0, 0xe, 0x73, 0xf1, 0x9b,
    0xff, 0xff, 0xff, 0xf0, 0x3f, 0x54, 0xf0, 0x9a,
    0xff, 0xff, 0xff, 0xf0, 0x89, 0xa, 0xc0, 0xd8,
    0x34, 0x47, 0xff, 0xf0, 0x0, 0x7f, 0x43, 0xf3,
    0x0, 0x0, 0x5f, 0xf0, 0x2, 0xf6, 0xc, 0xb0,
    0x0, 0x0, 0x5, 0xc0, 0x0, 0x0, 0xbf, 0x10,
    0x0, 0x0, 0x0, 0x0, 0x0, 0x9, 0xe3, 0x0,
    0x0, 0x0, 0x0, 0x0, 0x0, 0x2, 0x10, 0x0,

    /* U+F03E "" */
    0x37, 0x88, 0x88, 0x88, 0x88, 0x88, 0x73, 0xef,
    0xff, 0xff, 0xff, 0xff, 0xff, 0xfe, 0xfe, 0x32,
    0xdf, 0xff, 0xff, 0xff, 0xff, 0xf9, 0x0, 0x7f,
    0xff, 0xfd, 0xff, 0xff, 0xfd, 0x10, 0xcf, 0xff,
    0xa0, 0x7f, 0xff, 0xff, 0xff, 0xff, 0xfa, 0x0,
    0x7, 0xff, 0xff, 0xf3, 0x5f, 0xa0, 0x0, 0x0,
    0xcf, 0xff, 0x30, 0x3, 0x0, 0x0, 0x0, 0xcf,
    0xfc, 0x0, 0x0, 0x0, 0x0, 0x0, 0xcf, 0xff,
    0xcc, 0xcc, 0xcc, 0xcc, 0xcc, 0xff, 0xaf, 0xff,
    0xff, 0xff, 0xff, 0xff, 0xf9,

    /* U+F043 "" */
    0x0, 0x0, 0x20, 0x0, 0x0, 0x0, 0x1, 0xfa,
    0x0, 0x0, 0x0, 0x6, 0xff, 0x10, 0x0, 0x0,
    0xd, 0xff, 0x70, 0x0, 0x0, 0x6f, 0xff, 0xf1,
    0x0, 0x1, 0xef, 0xff, 0xfa, 0x0, 0xb, 0xff,
    0xff, 0xff, 0x60, 0x5f, 0xff, 0xff, 0xff, 0xe0,
    0xcf, 0xff, 0xff, 0xff, 0xf6, 0xfe, 0xbf, 0xff,
    0xff, 0xf9, 0xfd, 0x4f, 0xff, 0xff, 0xf9, 0xbf,
    0x49, 0xff, 0xff, 0xf5, 0x3f, 0xe5, 0x2e, 0xff,
    0xd0, 0x6, 0xff, 0xff, 0xfd, 0x20, 0x0, 0x28,
    0xba, 0x60, 0x0,

    /* U+F048 "" */
    0x4, 0x30, 0x0, 0x0, 0x31, 0x1f, 0xe0, 0x0,
    0x6, 0xf9, 0x1f, 0xe0, 0x0, 0x7f, 0xfa, 0x1f,
    0xe0, 0x9, 0xff, 0xfa, 0x1f, 0xe0, 0xaf, 0xff,
    0xfa, 0x1f, 0xeb, 0xff, 0xff, 0xfa, 0x1f, 0xff,
    0xff, 0xff, 0xfa, 0x1f, 0xff, 0xff, 0xff, 0xfa,
    0x1f, 0xe6, 0xff, 0xff, 0xfa, 0x1f, 0xe0, 0x5f,
    0xff, 0xfa, 0x1f, 0xe0, 0x4, 0xff, 0xfa, 0x1f,
    0xe0, 0x0, 0x3e, 0xfa, 0xf, 0xd0, 0x0, 0x2,
    0xd7, 0x0, 0x0, 0x0, 0x0, 0x0,

    /* U+F04B "" */
    0x2, 0x0, 0x0, 0x0, 0x0, 0x0, 0xc, 0xfb,
    0x20, 0x0, 0x0, 0x0, 0x0, 0xff, 0xff, 0x90,
    0x0, 0x0, 0x0, 0xf, 0xff, 0xff, 0xe6, 0x0,
    0x0, 0x0, 0xff, 0xff, 0xff, 0xfc, 0x30, 0x0,
    0xf, 0xff, 0xff, 0xff, 0xff, 0x91, 0x0, 0xff,
    0xff, 0xff, 0xff, 0xff, 0xe6, 0xf, 0xff, 0xff,
    0xff, 0xff, 0xff, 0xf2, 0xff, 0xff, 0xff, 0xff,
    0xff, 0xfd, 0xf, 0xff, 0xff, 0xff, 0xff, 0xf8,
    0x0, 0xff, 0xff, 0xff, 0xff, 0xb2, 0x0, 0xf,
    0xff, 0xff, 0xfd, 0x40, 0x0, 0x0, 0xff, 0xff,
    0xf7, 0x0, 0x0, 0x0, 0xf, 0xff, 0xa1, 0x0,
    0x0, 0x0, 0x0, 0x6a, 0x40, 0x0, 0x0, 0x0,
    0x0, 0x0,

    /* U+F04C "" */
    0x14, 0x44, 0x20, 0x1, 0x44, 0x42, 0xd, 0xff,
    0xff, 0x10, 0xdf, 0xff, 0xf1, 0xff, 0xff, 0xf3,
    0xf, 0xff, 0xff, 0x3f, 0xff, 0xff, 0x40, 0xff,
    0xff, 0xf4, 0xff, 0xff, 0xf4, 0xf, 0xff, 0xff,
    0x4f, 0xff, 0xff, 0x40, 0xff, 0xff, 0xf4, 0xff,
    0xff, 0xf4, 0xf, 0xff, 0xff, 0x4f, 0xff, 0xff,
    0x40, 0xff, 0xff, 0xf4, 0xff, 0xff, 0xf4, 0xf,
    0xff, 0xff, 0x4f, 0xff, 0xff, 0x40, 0xff, 0xff,
    0xf4, 0xff, 0xff, 0xf4, 0xf, 0xff, 0xff, 0x4f,
    0xff, 0xff, 0x30, 0xff, 0xff, 0xf3, 0x9f, 0xff,
    0xc0, 0x9, 0xff, 0xfc, 0x0,

    /* U+F04D "" */
    0x14, 0x44, 0x44, 0x44, 0x44, 0x42, 0xd, 0xff,
    0xff, 0xff, 0xff, 0xff, 0xf1, 0xff, 0xff, 0xff,
    0xff, 0xff, 0xff, 0x3f, 0xff, 0xff, 0xff, 0xff,
    0xff, 0xf4, 0xff, 0xff, 0xff, 0xff, 0xff, 0xff,
    0x4f, 0xff, 0xff, 0xff, 0xff, 0xff, 0xf4, 0xff,
    0xff, 0xff, 0xff, 0xff, 0xff, 0x4f, 0xff, 0xff,
    0xff, 0xff, 0xff, 0xf4, 0xff, 0xff, 0xff, 0xff,
    0xff, 0xff, 0x4f, 0xff, 0xff, 0xff, 0xff, 0xff,
    0xf4, 0xff, 0xff, 0xff, 0xff, 0xff, 0xff, 0x4f,
    0xff, 0xff, 0xff, 0xff, 0xff, 0xf3, 0x9f, 0xff,
    0xff, 0xff, 0xff, 0xfc, 0x0,

    /* U+F051 "" */
    0x2, 0x10, 0x0, 0x0, 0x42, 0xf, 0xe2, 0x0,
    0x3, 0xfb, 0xf, 0xfe, 0x30, 0x4, 0xfb, 0xf,
    0xff, 0xf4, 0x4, 0xfb, 0xf, 0xff, 0xff, 0x54,
    0xfb, 0xf, 0xff, 0xff, 0xfa, 0xfb, 0xf, 0xff,
    0xff, 0xff, 0xfb, 0xf, 0xff, 0xff, 0xff, 0xfb,
    0xf, 0xff, 0xff, 0xd6, 0xfb, 0xf, 0xff, 0xfd,
    0x14, 0xfb, 0xf, 0xff, 0xc1, 0x4, 0xfb, 0xf,
    0xfb, 0x0, 0x4, 0xfb, 0xc, 0xa0, 0x0, 0x3,
    0xfa, 0x0, 0x0, 0x0, 0x0, 0x0,

    /* U+F052 "" */
    0x0, 0x0, 0x0, 0x12, 0x0, 0x0, 0x0, 0x0,
    0x0, 0x3, 0xff, 0x60, 0x0, 0x0, 0x0, 0x0,
    0x2e, 0xff, 0xf5, 0x0, 0x0, 0x0, 0x1, 0xef,
    0xff, 0xff, 0x40, 0x0, 0x0, 0x1d, 0xff, 0xff,
    0xff, 0xf3, 0x0, 0x0, 0xcf, 0xff, 0xff, 0xff,
    0xfe, 0x20, 0xa, 0xff, 0xff, 0xff, 0xff, 0xff,
    0xe0, 0xe, 0xff, 0xff, 0xff, 0xff, 0xff, 0xf2,
    0x3, 0x99, 0x99, 0x99, 0x99, 0x99, 0x50, 0x5,
    0x88, 0x88, 0x88, 0x88, 0x88, 0x70, 0xf, 0xff,
    0xff, 0xff, 0xff, 0xff, 0xf3, 0xf, 0xff, 0xff,
    0xff, 0xff, 0xff, 0xf4, 0xb, 0xff, 0xff, 0xff,
    0xff, 0xff, 0xd1,

    /* U+F053 "" */
    0x0, 0x0, 0x0, 0x0, 0x0, 0x0, 0x0, 0x3f,
    0x90, 0x0, 0x0, 0x3f, 0xfc, 0x0, 0x0, 0x3f,
    0xfd, 0x10, 0x0, 0x3f, 0xfd, 0x10, 0x0, 0x3f,
    0xfd, 0x10, 0x0, 0x1f, 0xfd, 0x10, 0x0, 0x0,
    0xcf, 0xf4, 0x0, 0x0, 0x0, 0xcf, 0xf4, 0x0,
    0x0, 0x0, 0xcf, 0xf4, 0x0, 0x0, 0x0, 0xcf,
    0xf4, 0x0, 0x0, 0x0, 0xcf, 0xe0, 0x0, 0x0,
    0x0, 0xa4, 0x0,

    /* U+F054 "" */
    0x0, 0x0, 0x0, 0x0, 0x0, 0xcd, 0x10, 0x0,
    0x0, 0x1f, 0xfd, 0x10, 0x0, 0x0, 0x3f, 0xfd,
    0x10, 0x0, 0x0, 0x3f, 0xfd, 0x10, 0x0, 0x0,
    0x3f, 0xfd, 0x10, 0x0, 0x0, 0x3f, 0xfd, 0x0,
    0x0, 0x7, 0xff, 0x90, 0x0, 0x7, 0xff, 0x90,
    0x0, 0x7, 0xff, 0x90, 0x0, 0x7, 0xff, 0x90,
    0x0, 0x2, 0xff, 0x90, 0x0, 0x0, 0x7, 0x80,
    0x0, 0x0, 0x0,

    /* U+F067 "" */
    0x0, 0x0, 0x4, 0x50, 0x0, 0x0, 0x0, 0x0,
    0x2, 0xff, 0x60, 0x0, 0x0, 0x0, 0x0, 0x3f,
    0xf7, 0x0, 0x0, 0x0, 0x0, 0x3, 0xff, 0x70,
    0x0, 0x0, 0x0, 0x0, 0x3f, 0xf7, 0x0, 0x0,
    0x6, 0x99, 0x9a, 0xff, 0xc9, 0x99, 0x80, 0xff,
    0xff, 0xff, 0xff, 0xff, 0xff, 0x3d, 0xff, 0xff,
    0xff, 0xff, 0xff, 0xf2, 0x1, 0x11, 0x3f, 0xf7,
    0x11, 0x10, 0x0, 0x0, 0x3, 0xff, 0x70, 0x0,
    0x0, 0x0, 0x0, 0x3f, 0xf7, 0x0, 0x0, 0x0,
    0x0, 0x3, 0xff, 0x70, 0x0, 0x0, 0x0, 0x0,
    0xc, 0xd3, 0x0, 0x0, 0x0,

    /* U+F068 "" */
    0x69, 0x99, 0x99, 0x99, 0x99, 0x98, 0xf, 0xff,
    0xff, 0xff, 0xff, 0xff, 0xf3, 0xdf, 0xff, 0xff,
    0xff, 0xff, 0xff, 0x20, 0x0, 0x0, 0x0, 0x0,
    0x0, 0x0,

    /* U+F06E "" */
    0x0, 0x0, 0x1, 0x56, 0x64, 0x0, 0x0, 0x0,
    0x0, 0x3, 0xbf, 0xfe, 0xef, 0xf9, 0x10, 0x0,
    0x0, 0x7f, 0xfa, 0x10, 0x3, 0xdf, 0xe4, 0x0,
    0x8, 0xff, 0xa0, 0x9, 0xb4, 0x1e, 0xff, 0x50,
    0x4f, 0xff, 0x20, 0xb, 0xff, 0x26, 0xff, 0xe1,
    0xef, 0xff, 0x9, 0xcf, 0xff, 0x63, 0xff, 0xfa,
    0xbf, 0xff, 0x9, 0xff, 0xff, 0x54, 0xff, 0xf6,
    0x1e, 0xff, 0x51, 0xdf, 0xfb, 0x9, 0xff, 0xb0,
    0x3, 0xef, 0xe2, 0x4, 0x30, 0x5f, 0xfc, 0x10,
    0x0, 0x2c, 0xff, 0x95, 0x6a, 0xff, 0x90, 0x0,
    0x0, 0x0, 0x49, 0xdf, 0xfd, 0x92, 0x0, 0x0,

    /* U+F070 "" */
    0x0, 0x0, 0x0, 0x0, 0x0, 0x0, 0x0, 0x0,
    0x0, 0xcd, 0x20, 0x0, 0x0, 0x0, 0x0, 0x0,
    0x0, 0x0, 0x8f, 0xf5, 0x0, 0x14, 0x66, 0x40,
    0x0, 0x0, 0x0, 0x4, 0xef, 0xac, 0xff, 0xef,
    0xff, 0x91, 0x0, 0x0, 0x0, 0x1c, 0xff, 0xa1,
    0x0, 0x4d, 0xfe, 0x30, 0x0, 0x0, 0x0, 0x9f,
    0xf5, 0xab, 0x31, 0xef, 0xf4, 0x0, 0x7, 0xb1,
    0x5, 0xff, 0xff, 0xe1, 0x7f, 0xfe, 0x10, 0xf,
    0xfe, 0x30, 0x2d, 0xff, 0xf5, 0x4f, 0xff, 0x90,
    0xc, 0xff, 0xe0, 0x0, 0xaf, 0xf6, 0x5f, 0xff,
    0x60, 0x2, 0xff, 0xf4, 0x0, 0x6, 0xff, 0xef,
    0xfb, 0x0, 0x0, 0x4f, 0xfd, 0x10, 0x0, 0x3e,
    0xff, 0xc0, 0x0, 0x0, 0x2, 0xdf, 0xe8, 0x54,
    0x1, 0xbf, 0xe3, 0x0, 0x0, 0x0, 0x5, 0xae,
    0xff, 0x60, 0x7, 0xff, 0x60, 0x0, 0x0, 0x0,
    0x0, 0x0, 0x0, 0x0, 0x4e, 0xf6, 0x0, 0x0,
    0x0, 0x0, 0x0, 0x0, 0x0, 0x1, 0xa1,

    /* U+F071 "" */
    0x0, 0x0, 0x0, 0x0, 0x0, 0x0, 0x0, 0x0,
    0x0, 0x0, 0x0, 0x0, 0x3e, 0xd0, 0x0, 0x0,
    0x0, 0x0, 0x0, 0x0, 0xc, 0xff, 0x80, 0x0,
    0x0, 0x0, 0x0, 0x0, 0x6, 0xff, 0xff, 0x20,
    0x0, 0x0, 0x0, 0x0, 0x0, 0xef, 0xff, 0xfb,
    0x0, 0x0, 0x0, 0x0, 0x0, 0x8f, 0xfc, 0xcf,
    0xf4, 0x0, 0x0, 0x0, 0x0, 0x2f, 0xfb, 0x0,
    0xff, 0xd0, 0x0, 0x0, 0x0, 0xb, 0xff, 0xc0,
    0xf, 0xff, 0x70, 0x0, 0x0, 0x4, 0xff, 0xfd,
    0x1, 0xff, 0xff, 0x10, 0x0, 0x0, 0xdf, 0xff,
    0xe0, 0x2f, 0xff, 0xfa, 0x0, 0x0, 0x7f, 0xff,
    0xff, 0x9b, 0xff, 0xff, 0xf3, 0x0, 0x1f, 0xff,
    0xff, 0xb0, 0xe, 0xff, 0xff, 0xc0, 0xa, 0xff,
    0xff, 0xfe, 0x24, 0xff, 0xff, 0xff, 0x60, 0xff,
    0xff, 0xff, 0xff, 0xff, 0xff, 0xff, 0xfa, 0x6,
    0xcc, 0xcc, 0xcc, 0xcc, 0xcc, 0xcc, 0xcb, 0x30,

    /* U+F074 "" */
    0x0, 0x0, 0x0, 0x0, 0x0, 0x36, 0x0, 0x0,
    0x0, 0x0, 0x0, 0x0, 0x7f, 0x80, 0xdd, 0xdb,
    0x0, 0x0, 0x8d, 0xef, 0xf8, 0xff, 0xff, 0xb0,
    0x7, 0xff, 0xff, 0xfd, 0x55, 0x6f, 0xf4, 0x6f,
    0xf8, 0xaf, 0xe2, 0x0, 0x5, 0x74, 0xff, 0x90,
    0x7e, 0x20, 0x0, 0x0, 0x3f, 0xfa, 0x0, 0x0,
    0x0, 0x0, 0x2, 0xef, 0xc2, 0x50, 0x4a, 0x0,
    0x1, 0x2e, 0xfd, 0x1d, 0xf4, 0x8f, 0xb0, 0xff,
    0xff, 0xe1, 0xb, 0xff, 0xff, 0xfb, 0xff, 0xfe,
    0x20, 0x0, 0xcf, 0xff, 0xfb, 0x12, 0x21, 0x0,
    0x0, 0x2, 0x9f, 0xc0, 0x0, 0x0, 0x0, 0x0,
    0x0, 0x5b, 0x0,

    /* U+F077 "" */
    0x0, 0x0, 0x7, 0xa0, 0x0, 0x0, 0x0, 0x0,
    0x8, 0xff, 0xb0, 0x0, 0x0, 0x0, 0x8, 0xff,
    0xff, 0xb0, 0x0, 0x0, 0x8, 0xff, 0x95, 0xff,
    0xb0, 0x0, 0x8, 0xff, 0x90, 0x5, 0xff, 0xb0,
    0x7, 0xff, 0x90, 0x0, 0x5, 0xff, 0xb0, 0x9f,
    0x90, 0x0, 0x0, 0x5, 0xfd, 0x0, 0x40, 0x0,
    0x0, 0x0, 0x3, 0x10,

    /* U+F078 "" */
    0x4c, 0x20, 0x0, 0x0, 0x0, 0xb6, 0xb, 0xfe,
    0x20, 0x0, 0x0, 0xcf, 0xf0, 0x2e, 0xfe, 0x20,
    0x0, 0xcf, 0xf4, 0x0, 0x2e, 0xfe, 0x20, 0xcf,
    0xf4, 0x0, 0x0, 0x2e, 0xfe, 0xcf, 0xf4, 0x0,
    0x0, 0x0, 0x2e, 0xff, 0xf4, 0x0, 0x0, 0x0,
    0x0, 0x2e, 0xf4, 0x0, 0x0, 0x0, 0x0, 0x0,
    0x13, 0x0, 0x0, 0x0,

    /* U+F079 "" */
    0x0, 0x8, 0x30, 0x0, 0x0, 0x0, 0x0, 0x0,
    0x0, 0x0, 0xbf, 0xf3, 0x8, 0xbb, 0xbb, 0xbb,
    0x90, 0x0, 0xb, 0xff, 0xff, 0x39, 0xff, 0xff,
    0xff, 0xf1, 0x0, 0x8f, 0xcf, 0xcf, 0xf0, 0x0,
    0x0, 0xa, 0xf1, 0x0, 0x38, 0x2f, 0x94, 0x80,
    0x0, 0x0, 0xa, 0xf1, 0x0, 0x0, 0x2f, 0x90,
    0x0, 0x0, 0x0, 0xa, 0xf1, 0x0, 0x0, 0x2f,
    0x90, 0x0, 0x0, 0x3, 0xa, 0xf1, 0x30, 0x0,
    0x2f, 0x90, 0x0, 0x0, 0x1f, 0xcb, 0xf8, 0xf8,
    0x0, 0x2f, 0xeb, 0xbb, 0xbb, 0x39, 0xff, 0xff,
    0xe2, 0x0, 0x1f, 0xff, 0xff, 0xff, 0xb0, 0x9f,
    0xfd, 0x20, 0x0, 0x0, 0x0, 0x0, 0x0, 0x0,
    0x8, 0xd1, 0x0,

    /* U+F07B "" */
    0x37, 0x88, 0x87, 0x0, 0x0, 0x0, 0x0, 0xef,
    0xff, 0xff, 0xa0, 0x0, 0x0, 0x0, 0xff, 0xff,
    0xff, 0xfd, 0xcc, 0xcc, 0xb6, 0xff, 0xff, 0xff,
    0xff, 0xff, 0xff, 0xff, 0xff, 0xff, 0xff, 0xff,
    0xff, 0xff, 0xff, 0xff, 0xff, 0xff, 0xff, 0xff,
    0xff, 0xff, 0xff, 0xff, 0xff, 0xff, 0xff, 0xff,
    0xff, 0xff, 0xff, 0xff, 0xff, 0xff, 0xff, 0xff,
    0xff, 0xff, 0xff, 0xff, 0xff, 0xff, 0xff, 0xff,
    0xff, 0xff, 0xff, 0xff, 0xff, 0xff, 0xaf, 0xff,
    0xff, 0xff, 0xff, 0xff, 0xf9,

    /* U+F080 "" */
    0x86, 0x0, 0x0, 0x0, 0x0, 0x5, 0x80, 0xfc,
    0x0, 0x0, 0x98, 0x0, 0xa, 0xf1, 0xfc, 0x0,
    0x0, 0xed, 0x0, 0xa, 0xf1, 0xfc, 0x0, 0x0,
    0xed, 0x3f, 0x6a, 0xf1, 0xfc, 0x1, 0x20, 0xed,
    0x4f, 0x7a, 0xf1, 0xfc, 0xa, 0xf1, 0xed, 0x4f,
    0x7a, 0xf1, 0xfc, 0xa, 0xf1, 0xed, 0x4f, 0x7a,
    0xf1, 0xfc, 0x3, 0x60, 0x54, 0x16, 0x23, 0x60,
    0xfc, 0x0, 0x0, 0x0, 0x0, 0x0, 0x0, 0xff,
    0xcc, 0xcc, 0xcc, 0xcc, 0xcc, 0xcb, 0xcf, 0xff,
    0xff, 0xff, 0xff, 0xff, 0xff,

    /* U+F084 "" */
    0x0, 0x0, 0x0, 0x0, 0x23, 0x10, 0x0, 0x0,
    0x0, 0x0, 0x6e, 0xff, 0xfa, 0x10, 0x0, 0x0,
    0x8, 0xff, 0xff, 0xff, 0xd0, 0x0, 0x0, 0x2f,
    0xff, 0xf7, 0x7, 0xf8, 0x0, 0x0, 0x7f, 0xff,
    0xf4, 0x4, 0xfe, 0x0, 0x0, 0x9f, 0xff, 0xff,
    0xbf, 0xff, 0x0, 0x0, 0x7f, 0xff, 0xff, 0xff,
    0xfd, 0x0, 0x1, 0xdf, 0xff, 0xff, 0xff, 0xf8,
    0x0, 0x1d, 0xff, 0xff, 0xff, 0xff, 0xc0, 0x1,
    0xdf, 0xff, 0xff, 0xff, 0xf9, 0x0, 0x1d, 0xff,
    0xff, 0xfc, 0x22, 0x0, 0x0, 0xdf, 0xff, 0xff,
    0x20, 0x0, 0x0, 0x0, 0xff, 0xff, 0xdb, 0x0,
    0x0, 0x0, 0x0, 0xff, 0xff, 0x50, 0x0, 0x0,
    0x0, 0x0, 0x68, 0x88, 0x10, 0x0, 0x0, 0x0,
    0x0,

    /* U+F08D "" */
    0x0, 0x0, 0x0, 0x0, 0x0, 0x1, 0xff, 0xff,
    0xff, 0xff, 0x80, 0x1f, 0xff, 0xff, 0xff, 0xf9,
    0x0, 0x8b, 0xff, 0xff, 0xe9, 0x30, 0x0, 0x6f,
    0xff, 0xfe, 0x0, 0x0, 0x8, 0xff, 0xff, 0xf0,
    0x0, 0x0, 0xaf, 0xff, 0xff, 0x20, 0x0, 0xaf,
    0xff, 0xff, 0xfe, 0x40, 0x8f, 0xff, 0xff, 0xff,
    0xff, 0x1e, 0xff, 0xff, 0xff, 0xff, 0xf7, 0x79,
    0x99, 0xdf, 0xa9, 0x99, 0x20, 0x0, 0xa, 0xf2,
    0x0, 0x0, 0x0, 0x0, 0xaf, 0x20, 0x0, 0x0,
    0x0, 0x8, 0xf1, 0x0, 0x0, 0x0, 0x0, 0x28,
    0x0, 0x0, 0x0,

    /* U+F093 "" */
    0x0, 0x0, 0x0, 0x0, 0x0, 0x0, 0x0, 0x0,
    0x0, 0x1, 0xdd, 0x10, 0x0, 0x0, 0x0, 0x0,
    0x1d, 0xff, 0xd1, 0x0, 0x0, 0x0, 0x1, 0xdf,
    0xff, 0xfd, 0x10, 0x0, 0x0, 0x1d, 0xff, 0xff,
    0xff, 0xd1, 0x0, 0x0, 0x9f, 0xff, 0xff, 0xff,
    0xf9, 0x0, 0x0, 0x1, 0x1c, 0xff, 0xc1, 0x10,
    0x0, 0x0, 0x0, 0xc, 0xff, 0xc0, 0x0, 0x0,
    0x0, 0x0, 0xc, 0xff, 0xc0, 0x0, 0x0, 0x0,
    0x0, 0xc, 0xff, 0xc0, 0x0, 0x0, 0x79, 0x99,
    0x3b, 0xff, 0xb3, 0x99, 0x97, 0xff, 0xff, 0xb2,
    0x44, 0x2b, 0xff, 0xff, 0xff, 0xff, 0xfe, 0xdd,
    0xef, 0xff, 0xff, 0xff, 0xff, 0xff, 0xff, 0xfa,
    0xb3, 0xcf, 0xac, 0xcc, 0xcc, 0xcc, 0xcc, 0xcc,
    0xca,

    /* U+F095 "" */
    0x0, 0x0, 0x0, 0x0, 0x0, 0x2, 0x0, 0x0,
    0x0, 0x0, 0x0, 0x0, 0x4, 0xff, 0xc7, 0x0,
    0x0, 0x0, 0x0, 0x0, 0xaf, 0xff, 0xf0, 0x0,
    0x0, 0x0, 0x0, 0x1f, 0xff, 0xfd, 0x0, 0x0,
    0x0, 0x0, 0x6, 0xff, 0xff, 0xc0, 0x0, 0x0,
    0x0, 0x0, 0x8, 0xff, 0xf7, 0x0, 0x0, 0x0,
    0x0, 0x0, 0xc, 0xff, 0x30, 0x0, 0x0, 0x0,
    0x0, 0x4, 0xff, 0xc0, 0x0, 0x0, 0x0, 0x0,
    0x1, 0xef, 0xf3, 0x0, 0x0, 0x4a, 0x30, 0x2,
    0xdf, 0xf8, 0x0, 0x5, 0xdf, 0xfe, 0x15, 0xef,
    0xfb, 0x0, 0x0, 0xef, 0xff, 0xff, 0xff, 0xfa,
    0x0, 0x0, 0xb, 0xff, 0xff, 0xff, 0xf7, 0x0,
    0x0, 0x0, 0x7f, 0xff, 0xff, 0xa2, 0x0, 0x0,
    0x0, 0x2, 0xba, 0x85, 0x0, 0x0, 0x0, 0x0,
    0x0,

    /* U+F0AC "" */
    0x0, 0x0, 0x0, 0x0, 0x0, 0x0, 0x0, 0x0,
    0x2, 0x53, 0xfa, 0x16, 0x0, 0x0, 0x0, 0x7f,
    0x2d, 0xff, 0x5a, 0xd2, 0x0, 0x7, 0xfd, 0x3f,
    0xff, 0xb5, 0xfd, 0x10, 0x2f, 0xf9, 0x7f, 0xff,
    0xf1, 0xff, 0xa0, 0x12, 0x21, 0x12, 0x22, 0x20,
    0x22, 0x20, 0xdf, 0xf5, 0xcf, 0xff, 0xf4, 0xdf,
    0xf5, 0xff, 0xf4, 0xdf, 0xff, 0xf5, 0xcf, 0xf7,
    0xdf, 0xf5, 0xcf, 0xff, 0xf5, 0xcf, 0xf6, 0x35,
    0x51, 0x35, 0x55, 0x51, 0x45, 0x51, 0x3d, 0xd7,
    0x7d, 0xdd, 0xd1, 0xdd, 0xa0, 0xa, 0xfc, 0x5f,
    0xff, 0xd3, 0xff, 0x30, 0x0, 0xbf, 0x2e, 0xff,
    0x78, 0xf5, 0x0, 0x0, 0x7, 0x67, 0xfe, 0x2a,
    0x20, 0x0, 0x0, 0x0, 0x0, 0x31, 0x0, 0x0,
    0x0,

    /* U+F0C0 "" */
    0x0, 0x0, 0x0, 0x0, 0x31, 0x0, 0x0, 0x0,
    0x0, 0x0, 0x0, 0x0, 0x3e, 0xff, 0xa0, 0x0,
    0x0, 0x0, 0x1, 0x73, 0x0, 0xef, 0xff, 0xf7,
    0x0, 0x65, 0x0, 0xe, 0xff, 0x23, 0xff, 0xff,
    0xfb, 0xa, 0xff, 0x60, 0x1f, 0xff, 0x42, 0xff,
    0xff, 0xfa, 0xc, 0xff, 0x80, 0x7, 0xea, 0x0,
    0xbf, 0xff, 0xf3, 0x4, 0xed, 0x20, 0x1, 0x21,
    0x0, 0x8, 0xcb, 0x30, 0x0, 0x22, 0x0, 0x8f,
    0xff, 0x52, 0x52, 0x0, 0x54, 0x1c, 0xff, 0xe2,
    0xff, 0xf7, 0x7f, 0xff, 0xff, 0xff, 0xd2, 0xef,
    0xf7, 0xef, 0xe3, 0xff, 0xff, 0xff, 0xff, 0xfb,
    0x6f, 0xf7, 0x13, 0x27, 0xff, 0xff, 0xff, 0xff,
    0xff, 0x3, 0x30, 0x0, 0x7, 0xff, 0xff, 0xff,
    0xff, 0xff, 0x0, 0x0, 0x0, 0x2, 0xcd, 0xdd,
    0xdd, 0xdd, 0xd7, 0x0, 0x0,

    /* U+F0C4 "" */
    0x4, 0x86, 0x0, 0x0, 0x0, 0x10, 0x6, 0xff,
    0xfa, 0x0, 0x2, 0xdf, 0xd1, 0xef, 0x3c, 0xf1,
    0x1, 0xdf, 0xfa, 0xe, 0xe0, 0xaf, 0x21, 0xdf,
    0xfa, 0x0, 0x9f, 0xef, 0xf6, 0xdf, 0xfa, 0x0,
    0x0, 0x8d, 0xff, 0xff, 0xfb, 0x0, 0x0, 0x0,
    0x6, 0xff, 0xfd, 0x0, 0x0, 0x0, 0x48, 0xef,
    0xff, 0xf6, 0x0, 0x0, 0x6f, 0xff, 0xfb, 0xff,
    0xf6, 0x0, 0xe, 0xf3, 0xcf, 0x23, 0xff, 0xf6,
    0x0, 0xee, 0xa, 0xf2, 0x4, 0xff, 0xf6, 0x9,
    0xfe, 0xfc, 0x0, 0x4, 0xff, 0xf1, 0x8, 0xda,
    0x10, 0x0, 0x2, 0x62, 0x0,

    /* U+F0C5 "" */
    0x0, 0x0, 0x0, 0x0, 0x0, 0x0, 0x0, 0x0,
    0x6f, 0xff, 0xf9, 0x86, 0x0, 0x0, 0x8, 0xff,
    0xff, 0x98, 0xf6, 0x8, 0xa6, 0x8f, 0xff, 0xf9,
    0x59, 0x90, 0xff, 0xa8, 0xff, 0xff, 0xfc, 0xcc,
    0xf, 0xfa, 0x8f, 0xff, 0xff, 0xff, 0xf1, 0xff,
    0xa8, 0xff, 0xff, 0xff, 0xff, 0x1f, 0xfa, 0x8f,
    0xff, 0xff, 0xff, 0xf1, 0xff, 0xa8, 0xff, 0xff,
    0xff, 0xff, 0x1f, 0xfa, 0x8f, 0xff, 0xff, 0xff,
    0xf1, 0xff, 0xa8, 0xff, 0xff, 0xff, 0xff, 0x1f,
    0xfa, 0x7f, 0xff, 0xff, 0xff, 0xf0, 0xff, 0xe3,
    0x12, 0x22, 0x22, 0x21, 0xf, 0xff, 0xff, 0xff,
    0xf9, 0x0, 0x0, 0xac, 0xcc, 0xcc, 0xcb, 0x50,
    0x0, 0x0,

    /* U+F0C7 "" */
    0x49, 0x99, 0x99, 0x99, 0x95, 0x0, 0xe, 0xff,
    0xff, 0xff, 0xff, 0xf6, 0x0, 0xfd, 0x22, 0x22,
    0x22, 0x4f, 0xf6, 0xf, 0xc0, 0x0, 0x0, 0x1,
    0xff, 0xf3, 0xfc, 0x0, 0x0, 0x0, 0x1f, 0xff,
    0x6f, 0xc0, 0x0, 0x0, 0x2, 0xff, 0xf6, 0xff,
    0xff, 0xff, 0xff, 0xff, 0xff, 0x6f, 0xff, 0xff,
    0xdc, 0xff, 0xff, 0xf6, 0xff, 0xff, 0xb0, 0x5,
    0xff, 0xff, 0x6f, 0xff, 0xf6, 0x0, 0xf, 0xff,
    0xf6, 0xff, 0xff, 0xc0, 0x6, 0xff, 0xff, 0x6f,
    0xff, 0xff, 0xed, 0xff, 0xff, 0xf6, 0x9f, 0xff,
    0xff, 0xff, 0xff, 0xfd, 0x10,

    /* U+F0C9 "" */
    0xcd, 0xdd, 0xdd, 0xdd, 0xdd, 0xdd, 0x2f, 0xff,
    0xff, 0xff, 0xff, 0xff, 0xf3, 0x12, 0x22, 0x22,
    0x22, 0x22, 0x22, 0x0, 0x0, 0x0, 0x0, 0x0,
    0x0, 0x0, 0x0, 0x0, 0x0, 0x0, 0x0, 0x0,
    0xf, 0xff, 0xff, 0xff, 0xff, 0xff, 0xf3, 0xde,
    0xee, 0xee, 0xee, 0xee, 0xee, 0x20, 0x0, 0x0,
    0x0, 0x0, 0x0, 0x0, 0x0, 0x0, 0x0, 0x0,
    0x0, 0x0, 0xd, 0xee, 0xee, 0xee, 0xee, 0xee,
    0xe2, 0xff, 0xff, 0xff, 0xff, 0xff, 0xff, 0x30,
    0x0, 0x0, 0x0, 0x0, 0x0, 0x0,

    /* U+F0E0 "" */
    0x37, 0x88, 0x88, 0x88, 0x88, 0x88, 0x73, 0xef,
    0xff, 0xff, 0xff, 0xff, 0xff, 0xfe, 0xef, 0xff,
    0xff, 0xff, 0xff, 0xff, 0xfe, 0x1c, 0xff, 0xff,
    0xff, 0xff, 0xff, 0xc1, 0xd2, 0x8f, 0xff, 0xff,
    0xff, 0xf8, 0x2d, 0xff, 0x64, 0xef, 0xff, 0xfe,
    0x45, 0xff, 0xff, 0xfa, 0x2b, 0xff, 0xb2, 0xaf,
    0xff, 0xff, 0xff, 0xd3, 0x55, 0x3d, 0xff, 0xff,
    0xff, 0xff, 0xff, 0xbb, 0xff, 0xff, 0xff, 0xff,
    0xff, 0xff, 0xff, 0xff, 0xff, 0xff, 0xaf, 0xff,
    0xff, 0xff, 0xff, 0xff, 0xf9,

    /* U+F0E7 "" */
    0x0, 0x0, 0x0, 0x0, 0x0, 0x1, 0xff, 0xff,
    0xf0, 0x0, 0x4, 0xff, 0xff, 0xd0, 0x0, 0x6,
    0xff, 0xff, 0x80, 0x0, 0x8, 0xff, 0xff, 0x30,
    0x0, 0xa, 0xff, 0xff, 0xaa, 0xa6, 0xc, 0xff,
    0xff, 0xff, 0xf8, 0xe, 0xff, 0xff, 0xff, 0xe1,
    0xb, 0xdd, 0xdf, 0xff, 0x60, 0x0, 0x0, 0x4f,
    0xfd, 0x0, 0x0, 0x0, 0x7f, 0xf3, 0x0, 0x0,
    0x0, 0xbf, 0xa0, 0x0, 0x0, 0x0, 0xff, 0x10,
    0x0, 0x0, 0x3, 0xf8, 0x0, 0x0, 0x0, 0x3,
    0xc0, 0x0, 0x0,

    /* U+F0EA "" */
    0x0, 0x0, 0x20, 0x0, 0x0, 0x0, 0x4, 0x55,
    0xef, 0xb5, 0x52, 0x0, 0x0, 0xff, 0xfd, 0x1f,
    0xff, 0xb0, 0x0, 0xf, 0xff, 0xff, 0xff, 0xfc,
    0x0, 0x0, 0xff, 0xff, 0x53, 0x33, 0x20, 0x0,
    0xf, 0xff, 0x97, 0xff, 0xfb, 0x57, 0x0, 0xff,
    0xf8, 0xaf, 0xff, 0xc6, 0xf8, 0xf, 0xff, 0x8a,
    0xff, 0xfc, 0x4a, 0xa1, 0xff, 0xf8, 0xaf, 0xff,
    0xe3, 0x22, 0xf, 0xff, 0x8a, 0xff, 0xff, 0xff,
    0xf4, 0xff, 0xf8, 0xaf, 0xff, 0xff, 0xff, 0x4f,
    0xff, 0x8a, 0xff, 0xff, 0xff, 0xf4, 0x35, 0x52,
    0xaf, 0xff, 0xff, 0xff, 0x40, 0x0, 0xa, 0xff,
    0xff, 0xff, 0xf4, 0x0, 0x0, 0x7f, 0xff, 0xff,
    0xfe, 0x20,

    /* U+F0F3 "" */
    0x0, 0x0, 0x1, 0x10, 0x0, 0x0, 0x0, 0x0,
    0x0, 0xaf, 0x0, 0x0, 0x0, 0x0, 0x1, 0x8f,
    0xfa, 0x30, 0x0, 0x0, 0x2, 0xef, 0xff, 0xff,
    0x50, 0x0, 0x0, 0xbf, 0xff, 0xff, 0xff, 0x10,
    0x0, 0x1f, 0xff, 0xff, 0xff, 0xf5, 0x0, 0x3,
    0xff, 0xff, 0xff, 0xff, 0x70, 0x0, 0x5f, 0xff,
    0xff, 0xff, 0xf9, 0x0, 0x8, 0xff, 0xff, 0xff,
    0xff, 0xc0, 0x0, 0xdf, 0xff, 0xff, 0xff, 0xff,
    0x20, 0x9f, 0xff, 0xff, 0xff, 0xff, 0xfd, 0xe,
    0xff, 0xff, 0xff, 0xff, 0xff, 0xf2, 0x2, 0x22,
    0x22, 0x22, 0x22, 0x21, 0x0, 0x0, 0x8, 0xff,
    0xc0, 0x0, 0x0, 0x0, 0x0, 0x9, 0xa2, 0x0,
    0x0, 0x0,

    /* U+F11C "" */
    0x5b, 0xbb, 0xbb, 0xbb, 0xbb, 0xbb, 0xbb, 0xa3,
    0xff, 0xff, 0xff, 0xff, 0xff, 0xff, 0xff, 0xfb,
    0xfc, 0xc, 0x30, 0xe1, 0x1d, 0xd, 0x11, 0xfc,
    0xfc, 0xb, 0x30, 0xe0, 0x1d, 0xd, 0x10, 0xfc,
    0xff, 0xfe, 0xff, 0xef, 0xfe, 0xfe, 0xef, 0xfc,
    0xff, 0xf1, 0x5a, 0x8, 0x70, 0xa0, 0x5f, 0xfc,
    0xff, 0xf3, 0x7b, 0x29, 0x92, 0xc2, 0x7f, 0xfc,
    0xff, 0xbf, 0xcb, 0xbb, 0xbb, 0xbf, 0xcb, 0xfc,
    0xfc, 0xb, 0x20, 0x0, 0x0, 0xd, 0x0, 0xfc,
    0xff, 0xcf, 0xcc, 0xcc, 0xcc, 0xcf, 0xcc, 0xfb,
    0x9f, 0xff, 0xff, 0xff, 0xff, 0xff, 0xff, 0xf6,

    /* U+F124 "" */
    0x0, 0x0, 0x0, 0x0, 0x0, 0x0, 0x2, 0x0,
    0x0, 0x0, 0x0, 0x0, 0x0, 0x5, 0xdf, 0xb0,
    0x0, 0x0, 0x0, 0x0, 0x7, 0xef, 0xff, 0xd0,
    0x0, 0x0, 0x0, 0x18, 0xff, 0xff, 0xff, 0x70,
    0x0, 0x0, 0x29, 0xff, 0xff, 0xff, 0xff, 0x0,
    0x0, 0x3b, 0xff, 0xff, 0xff, 0xff, 0xf8, 0x0,
    0xa, 0xff, 0xff, 0xff, 0xff, 0xff, 0xf1, 0x0,
    0xf, 0xff, 0xff, 0xff, 0xff, 0xff, 0xa0, 0x0,
    0x4, 0x9a, 0xaa, 0xaf, 0xff, 0xff, 0x20, 0x0,
    0x0, 0x0, 0x0, 0xe, 0xff, 0xfb, 0x0, 0x0,
    0x0, 0x0, 0x0, 0xe, 0xff, 0xf4, 0x0, 0x0,
    0x0, 0x0, 0x0, 0xe, 0xff, 0xc0, 0x0, 0x0,
    0x0, 0x0, 0x0, 0xe, 0xff, 0x50, 0x0, 0x0,
    0x0, 0x0, 0x0, 0xd, 0xfd, 0x0, 0x0, 0x0,
    0x0, 0x0, 0x0, 0x4, 0xb3, 0x0, 0x0, 0x0,

    /* U+F14E "" */
    0x0, 0x0, 0x0, 0x0, 0x0, 0x0, 0x0, 0x0,
    0x2, 0xae, 0xff, 0xc7, 0x0, 0x0, 0x0, 0x7f,
    0xff, 0xff, 0xff, 0xd2, 0x0, 0x7, 0xff, 0xff,
    0xff, 0xff, 0xfe, 0x10, 0x2f, 0xff, 0xff, 0xff,
    0xc5, 0xdf, 0xb0, 0x9f, 0xff, 0xff, 0xb3, 0x0,
    0xef, 0xf2, 0xdf, 0xff, 0xf4, 0x0, 0x7, 0xff,
    0xf6, 0xff, 0xff, 0xb0, 0xe8, 0xe, 0xff, 0xf8,
    0xef, 0xff, 0x30, 0x73, 0x5f, 0xff, 0xf7, 0xcf,
    0xfc, 0x0, 0x6, 0xef, 0xff, 0xf5, 0x6f, 0xf6,
    0x17, 0xef, 0xff, 0xff, 0xe0, 0xd, 0xfe, 0xff,
    0xff, 0xff, 0xff, 0x60, 0x2, 0xef, 0xff, 0xff,
    0xff, 0xf9, 0x0, 0x0, 0x1a, 0xff, 0xff, 0xfe,
    0x60, 0x0, 0x0, 0x0, 0x26, 0x87, 0x40, 0x0,
    0x0,

    /* U+F15B "" */
    0x35, 0x55, 0x55, 0x2, 0x0, 0xf, 0xff, 0xff,
    0xf2, 0xf4, 0x0, 0xff, 0xff, 0xff, 0x2f, 0xf4,
    0xf, 0xff, 0xff, 0xf2, 0xff, 0xf3, 0xff, 0xff,
    0xff, 0x32, 0x22, 0x1f, 0xff, 0xff, 0xff, 0xff,
    0xf7, 0xff, 0xff, 0xff, 0xff, 0xff, 0x8f, 0xff,
    0xff, 0xff, 0xff, 0xf8, 0xff, 0xff, 0xff, 0xff,
    0xff, 0x8f, 0xff, 0xff, 0xff, 0xff, 0xf8, 0xff,
    0xff, 0xff, 0xff, 0xff, 0x8f, 0xff, 0xff, 0xff,
    0xff, 0xf8, 0xff, 0xff, 0xff, 0xff, 0xff, 0x8f,
    0xff, 0xff, 0xff, 0xff, 0xf8, 0x8a, 0xaa, 0xaa,
    0xaa, 0xaa, 0x30,

    /* U+F1EB "" */
    0x0, 0x0, 0x0, 0x24, 0x55, 0x31, 0x0, 0x0,
    0x0, 0x0, 0x3, 0xaf, 0xff, 0xff, 0xff, 0xc7,
    0x0, 0x0, 0x2, 0xbf, 0xff, 0xfe, 0xde, 0xff,
    0xff, 0xf6, 0x0, 0x5f, 0xff, 0xb5, 0x10, 0x0,
    0x3, 0x8e, 0xff, 0xb0, 0xdf, 0xd3, 0x0, 0x0,
    0x0, 0x0, 0x0, 0x8f, 0xf5, 0x18, 0x0, 0x5,
    0xae, 0xfe, 0xc8, 0x10, 0x4, 0x60, 0x0, 0x2,
    0xdf, 0xff, 0xff, 0xff, 0xf8, 0x0, 0x0, 0x0,
    0xc, 0xff, 0x95, 0x34, 0x7d, 0xff, 0x40, 0x0,
    0x0, 0x2, 0xa2, 0x0, 0x0, 0x0, 0x77, 0x0,
    0x0, 0x0, 0x0, 0x0, 0x2, 0x96, 0x0, 0x0,
    0x0, 0x0, 0x0, 0x0, 0x0, 0xd, 0xff, 0x50,
    0x0, 0x0, 0x0, 0x0, 0x0, 0x0, 0xe, 0xff,
    0x60, 0x0, 0x0, 0x0, 0x0, 0x0, 0x0, 0x5,
    0xda, 0x0, 0x0, 0x0, 0x0,

    /* U+F240 "" */
    0x5b, 0xbb, 0xbb, 0xbb, 0xbb, 0xbb, 0xbb, 0xba,
    0x20, 0xff, 0xff, 0xff, 0xff, 0xff, 0xff, 0xff,
    0xff, 0x90, 0xfc, 0x12, 0x22, 0x22, 0x22, 0x22,
    0x22, 0xf, 0xf7, 0xfc, 0x5f, 0xff, 0xff, 0xff,
    0xff, 0xff, 0x2c, 0xfa, 0xfc, 0x5f, 0xff, 0xff,
    0xff, 0xff, 0xff, 0x21, 0xfa, 0xfc, 0x5f, 0xff,
    0xff, 0xff, 0xff, 0xff, 0x27, 0xfa, 0xfc, 0x26,
    0x66, 0x66, 0x66, 0x66, 0x66, 0x1f, 0xfa, 0xfe,
    0xbb, 0xbb, 0xbb, 0xbb, 0xbb, 0xbb, 0xbf, 0xb1,
    0xaf, 0xff, 0xff, 0xff, 0xff, 0xff, 0xff, 0xff,
    0x50, 0x0, 0x0, 0x0, 0x0, 0x0, 0x0, 0x0,
    0x0, 0x0,

    /* U+F241 "" */
    0x5b, 0xbb, 0xbb, 0xbb, 0xbb, 0xbb, 0xbb, 0xba,
    0x20, 0xff, 0xff, 0xff, 0xff, 0xff, 0xff, 0xff,
    0xff, 0x90, 0xfc, 0x12, 0x22, 0x22, 0x22, 0x21,
    0x0, 0xf, 0xf7, 0xfc, 0x5f, 0xff, 0xff, 0xff,
    0xf8, 0x0, 0xc, 0xfa, 0xfc, 0x5f, 0xff, 0xff,
    0xff, 0xf8, 0x0, 0x1, 0xfa, 0xfc, 0x5f, 0xff,
    0xff, 0xff, 0xf8, 0x0, 0x7, 0xfa, 0xfc, 0x26,
    0x66, 0x66, 0x66, 0x63, 0x0, 0xf, 0xfa, 0xfe,
    0xbb, 0xbb, 0xbb, 0xbb, 0xbb, 0xbb, 0xbf, 0xb1,
    0xaf, 0xff, 0xff, 0xff, 0xff, 0xff, 0xff, 0xff,
    0x50, 0x0, 0x0, 0x0, 0x0, 0x0, 0x0, 0x0,
    0x0, 0x0,

    /* U+F242 "" */
    0x5b, 0xbb, 0xbb, 0xbb, 0xbb, 0xbb, 0xbb, 0xba,
    0x20, 0xff, 0xff, 0xff, 0xff, 0xff, 0xff, 0xff,
    0xff, 0x90, 0xfc, 0x12, 0x22, 0x22, 0x10, 0x0,
    0x0, 0xf, 0xf7, 0xfc, 0x5f, 0xff, 0xff, 0xd0,
    0x0, 0x0, 0xc, 0xfa, 0xfc, 0x5f, 0xff, 0xff,
    0xd0, 0x0, 0x0, 0x1, 0xfa, 0xfc, 0x5f, 0xff,
    0xff, 0xd0, 0x0, 0x0, 0x7, 0xfa, 0xfc, 0x26,
    0x66, 0x66, 0x50, 0x0, 0x0, 0xf, 0xfa, 0xfe,
    0xbb, 0xbb, 0xbb, 0xbb, 0xbb, 0xbb, 0xbf, 0xb1,
    0xaf, 0xff, 0xff, 0xff, 0xff, 0xff, 0xff, 0xff,
    0x50, 0x0, 0x0, 0x0, 0x0, 0x0, 0x0, 0x0,
    0x0, 0x0,

    /* U+F243 "" */
    0x5b, 0xbb, 0xbb, 0xbb, 0xbb, 0xbb, 0xbb, 0xba,
    0x20, 0xff, 0xff, 0xff, 0xff, 0xff, 0xff, 0xff,
    0xff, 0x90, 0xfc, 0x12, 0x22, 0x0, 0x0, 0x0,
    0x0, 0xf, 0xf7, 0xfc, 0x5f, 0xff, 0x30, 0x0,
    0x0, 0x0, 0xc, 0xfa, 0xfc, 0x5f, 0xff, 0x30,
    0x0, 0x0, 0x0, 0x1, 0xfa, 0xfc, 0x5f, 0xff,
    0x30, 0x0, 0x0, 0x0, 0x7, 0xfa, 0xfc, 0x26,
    0x66, 0x10, 0x0, 0x0, 0x0, 0xf, 0xfa, 0xfe,
    0xbb, 0xbb, 0xbb, 0xbb, 0xbb, 0xbb, 0xbf, 0xb1,
    0xaf, 0xff, 0xff, 0xff, 0xff, 0xff, 0xff, 0xff,
    0x50, 0x0, 0x0, 0x0, 0x0, 0x0, 0x0, 0x0,
    0x0, 0x0,

    /* U+F244 "" */
    0x5b, 0xbb, 0xbb, 0xbb, 0xbb, 0xbb, 0xbb, 0xba,
    0x20, 0xff, 0xff, 0xff, 0xff, 0xff, 0xff, 0xff,
    0xff, 0x90, 0xfc, 0x0, 0x0, 0x0, 0x0, 0x0,
    0x0, 0xf, 0xf7, 0xfc, 0x0, 0x0, 0x0, 0x0,
    0x0, 0x0, 0xc, 0xfa, 0xfc, 0x0, 0x0, 0x0,
    0x0, 0x0, 0x0, 0x1, 0xfa, 0xfc, 0x0, 0x0,
    0x0, 0x0, 0x0, 0x0, 0x7, 0xfa, 0xfc, 0x0,
    0x0, 0x0, 0x0, 0x0, 0x0, 0xf, 0xfa, 0xfe,
    0xbb, 0xbb, 0xbb, 0xbb, 0xbb, 0xbb, 0xbf, 0xb1,
    0xaf, 0xff, 0xff, 0xff, 0xff, 0xff, 0xff, 0xff,
    0x50, 0x0, 0x0, 0x0, 0x0, 0x0, 0x0, 0x0,
    0x0, 0x0,

    /* U+F279 "" */
    0x0, 0x1, 0x12, 0x0, 0x0, 0x0, 0x0, 0x4,
    0x3, 0x9f, 0x6b, 0xfa, 0x50, 0x0, 0x18, 0xee,
    0xbf, 0xff, 0x6b, 0xff, 0xff, 0x75, 0xff, 0xfe,
    0xff, 0xff, 0x6b, 0xff, 0xff, 0xa7, 0xff, 0xfe,
    0xff, 0xff, 0x6b, 0xff, 0xff, 0xa7, 0xff, 0xfe,
    0xff, 0xff, 0x6b, 0xff, 0xff, 0xa7, 0xff, 0xfe,
    0xff, 0xff, 0x6b, 0xff, 0xff, 0xa7, 0xff, 0xfe,
    0xff, 0xff, 0x6b, 0xff, 0xff, 0xa7, 0xff, 0xfe,
    0xff, 0xff, 0x6b, 0xff, 0xff, 0xa7, 0xff, 0xfe,
    0xff, 0xff, 0x6b, 0xff, 0xff, 0xa7, 0xff, 0xfe,
    0xff, 0xff, 0x6b, 0xff, 0xff, 0xa7, 0xff, 0xfe,
    0xff, 0xe8, 0x12, 0x8d, 0xff, 0xa7, 0xff, 0xb3,
    0xc7, 0x0, 0x0, 0x0, 0x28, 0x85, 0x71, 0x0,

    /* U+F287 "" */
    0x0, 0x0, 0x0, 0x0, 0x7, 0xb2, 0x0, 0x0,
    0x0, 0x0, 0x0, 0x0, 0xa, 0xdf, 0xfa, 0x0,
    0x0, 0x0, 0x0, 0x0, 0x0, 0xa9, 0x3d, 0xf5,
    0x0, 0x0, 0x0, 0x4, 0x40, 0x2, 0xe0, 0x0,
    0x10, 0x0, 0x0, 0x0, 0xaf, 0xf8, 0xb, 0x60,
    0x0, 0x0, 0x0, 0x6c, 0x30, 0xff, 0xff, 0xff,
    0xff, 0xff, 0xff, 0xff, 0xff, 0xf4, 0xaf, 0xf9,
    0x0, 0xc, 0x50, 0x0, 0x0, 0x6d, 0x40, 0x5,
    0x50, 0x0, 0x4, 0xc0, 0x0, 0x0, 0x10, 0x0,
    0x0, 0x0, 0x0, 0x0, 0xc4, 0x3e, 0xe8, 0x0,
    0x0, 0x0, 0x0, 0x0, 0x0, 0x2e, 0xef, 0xfa,
    0x0, 0x0, 0x0, 0x0, 0x0, 0x0, 0x0, 0x4f,
    0xfa, 0x0, 0x0, 0x0, 0x0, 0x0, 0x0, 0x0,
    0x0, 0x0, 0x0, 0x0,

    /* U+F293 "" */
    0x0, 0x0, 0x1, 0x10, 0x0, 0x0, 0x0, 0x7,
    0xef, 0xff, 0xb3, 0x0, 0x0, 0xaf, 0xfd, 0x8f,
    0xff, 0x20, 0x4, 0xff, 0xfd, 0x9, 0xff, 0xb0,
    0xa, 0xfe, 0xfd, 0x12, 0xaf, 0xf0, 0xe, 0xf5,
    0x5d, 0x2c, 0xe, 0xf3, 0xf, 0xff, 0x33, 0x12,
    0x9f, 0xf5, 0xf, 0xff, 0xf3, 0x7, 0xff, 0xf6,
    0xf, 0xff, 0xe2, 0x6, 0xff, 0xf6, 0xf, 0xfe,
    0x24, 0x13, 0x7f, 0xf5, 0xd, 0xf5, 0x7d, 0x2c,
    0xd, 0xf3, 0xa, 0xff, 0xfd, 0x11, 0xbf, 0xf0,
    0x3, 0xff, 0xfe, 0xb, 0xff, 0xa0, 0x0, 0x7f,
    0xfe, 0xbf, 0xfe, 0x10, 0x0, 0x3, 0xac, 0xdc,
    0x81, 0x0,

    /* U+F2ED "" */
    0x0, 0x0, 0x34, 0x43, 0x0, 0x0, 0x5, 0x66,
    0x7f, 0xff, 0xf9, 0x66, 0x50, 0xff, 0xff, 0xff,
    0xff, 0xff, 0xff, 0x35, 0x66, 0x66, 0x66, 0x66,
    0x66, 0x50, 0x1c, 0xcc, 0xcc, 0xcc, 0xcc, 0xc4,
    0x2, 0xff, 0xff, 0xff, 0xff, 0xff, 0x60, 0x2f,
    0xf3, 0xfb, 0x7f, 0x6d, 0xf6, 0x2, 0xff, 0x2f,
    0xb7, 0xf5, 0xdf, 0x60, 0x2f, 0xf2, 0xfb, 0x7f,
    0x5d, 0xf6, 0x2, 0xff, 0x2f, 0xb7, 0xf5, 0xdf,
    0x60, 0x2f, 0xf2, 0xfb, 0x7f, 0x5d, 0xf6, 0x2,
    0xff, 0x2f, 0xb7, 0xf5, 0xdf, 0x60, 0x2f, 0xf3,
    0xfb, 0x7f, 0x6d, 0xf6, 0x1, 0xff, 0xff, 0xff,
    0xff, 0xff, 0x50, 0x7, 0xbc, 0xcc, 0xcc, 0xcc,
    0x90, 0x0,

    /* U+F2F2 "" */
    0x0, 0x0, 0x0, 0x0, 0x0, 0x0, 0x0, 0x0,
    0xff, 0xff, 0x0, 0x0, 0x0, 0x0, 0xaf, 0xfa,
    0x0, 0x0, 0x0, 0x0, 0x3f, 0xf3, 0x0, 0x0,
    0x0, 0x3d, 0xff, 0xff, 0xd5, 0xd4, 0x4, 0xff,
    0xfd, 0xdf, 0xff, 0xf7, 0x1e, 0xff, 0xf1, 0x1f,
    0xff, 0xf0, 0x7f, 0xff, 0xf1, 0x1f, 0xff, 0xf6,
    0xaf, 0xff, 0xf1, 0x1f, 0xff, 0xfa, 0xbf, 0xff,
    0xf1, 0x1f, 0xff, 0xfb, 0x9f, 0xff, 0xf7, 0x7f,
    0xff, 0xf9, 0x4f, 0xff, 0xff, 0xff, 0xff, 0xf4,
    0xa, 0xff, 0xff, 0xff, 0xff, 0xa0, 0x0, 0xbf,
    0xff, 0xff, 0xfb, 0x0, 0x0, 0x5, 0xbe, 0xeb,
    0x50, 0x0,

    /* U+F304 "" */
    0x0, 0x0, 0x0, 0x0, 0x0, 0x1, 0x20, 0x0,
    0x0, 0x0, 0x0, 0x0, 0x4, 0xff, 0x50, 0x0,
    0x0, 0x0, 0x0, 0x2, 0xff, 0xff, 0x50, 0x0,
    0x0, 0x0, 0x4, 0x39, 0xff, 0xfe, 0x0, 0x0,
    0x0, 0x4, 0xff, 0x39, 0xff, 0xa0, 0x0, 0x0,
    0x4, 0xff, 0xff, 0x39, 0xb0, 0x0, 0x0, 0x4,
    0xff, 0xff, 0xff, 0x20, 0x0, 0x0, 0x4, 0xff,
    0xff, 0xff, 0xb0, 0x0, 0x0, 0x4, 0xff, 0xff,
    0xff, 0xb0, 0x0, 0x0, 0x4, 0xff, 0xff, 0xff,
    0xb0, 0x0, 0x0, 0x4, 0xff, 0xff, 0xff, 0xb0,
    0x0, 0x0, 0x0, 0xbf, 0xff, 0xff, 0xb0, 0x0,
    0x0, 0x0, 0xd, 0xff, 0xff, 0xb0, 0x0, 0x0,
    0x0, 0x0, 0xff, 0xff, 0xb0, 0x0, 0x0, 0x0,
    0x0, 0x9, 0xa8, 0x60, 0x0, 0x0, 0x0, 0x0,
    0x0,

    /* U+F3C5 "" */
    0x0, 0x0, 0x22, 0x0, 0x0, 0x0, 0x7, 0xef,
    0xff, 0x91, 0x0, 0x9, 0xff, 0xff, 0xff, 0xd1,
    0x5, 0xff, 0xff, 0xef, 0xff, 0xa0, 0xcf, 0xfb,
    0x0, 0x7f, 0xff, 0x1f, 0xff, 0x20, 0x0, 0xdf,
    0xf3, 0xff, 0xf2, 0x0, 0xd, 0xff, 0x4c, 0xff,
    0xb0, 0x7, 0xff, 0xf1, 0x5f, 0xff, 0xfe, 0xff,
    0xfa, 0x0, 0xbf, 0xff, 0xff, 0xfe, 0x10, 0x2,
    0xff, 0xff, 0xff, 0x60, 0x0, 0x6, 0xff, 0xff,
    0xb0, 0x0, 0x0, 0xb, 0xff, 0xe1, 0x0, 0x0,
    0x0, 0x1e, 0xf5, 0x0, 0x0, 0x0, 0x0, 0x47,
    0x0, 0x0, 0x0,

    /* U+F4D7 "" */
    0x0, 0x0, 0x0, 0x0, 0x0, 0x1, 0x0, 0x0,
    0x0, 0x0, 0x0, 0x4, 0xef, 0xd2, 0x0, 0x0,
    0x0, 0x0, 0xf, 0xfb, 0xfc, 0x0, 0x0, 0x0,
    0x0, 0x3f, 0x90, 0xdf, 0x0, 0x0, 0x0, 0x0,
    0xe, 0xfd, 0xfa, 0x0, 0x0, 0x0, 0x0, 0x5,
    0xff, 0xf2, 0x0, 0x0, 0x0, 0xa, 0xff, 0xff,
    0x60, 0x0, 0x31, 0x0, 0x9f, 0xdc, 0xc8, 0x0,
    0x3e, 0xff, 0x60, 0xdf, 0x0, 0x0, 0x0, 0xcf,
    0x5d, 0xf1, 0x9f, 0xcb, 0xba, 0x60, 0xfe, 0x1a,
    0xf2, 0x1b, 0xff, 0xff, 0xf7, 0xaf, 0xff, 0xd0,
    0x0, 0x0, 0x1, 0xee, 0x2f, 0xff, 0x50, 0x0,
    0x0, 0x1, 0xee, 0x6, 0xfa, 0x4f, 0xff, 0xff,
    0xff, 0xf8, 0x0, 0x71, 0xac, 0xcc, 0xcc, 0xcb,
    0x60,

    /* U+F519 "" */
    0x2, 0x0, 0x0, 0x0, 0x0, 0x0, 0x0, 0x1,
    0x10, 0x6f, 0x60, 0x0, 0x0, 0x0, 0x0, 0x0,
    0xd, 0xf0, 0xbf, 0x11, 0x61, 0x0, 0x42, 0x0,
    0x54, 0x8, 0xf4, 0xed, 0x6, 0xf6, 0xb, 0xff,
    0x30, 0xed, 0x4, 0xf7, 0xfc, 0x7, 0xf4, 0xf,
    0xff, 0x70, 0xcf, 0x3, 0xf8, 0xee, 0x5, 0xf6,
    0xd, 0xff, 0x50, 0xed, 0x5, 0xf7, 0xaf, 0x20,
    0x10, 0x3f, 0xdf, 0xb0, 0x10, 0x9, 0xf3, 0x3d,
    0x50, 0x0, 0xaf, 0x4c, 0xf2, 0x0, 0xb, 0xb0,
    0x0, 0x0, 0x1, 0xfc, 0x4, 0xf9, 0x0, 0x0,
    0x0, 0x0, 0x0, 0x8, 0xfd, 0xbb, 0xff, 0x0,
    0x0, 0x0, 0x0, 0x0, 0xe, 0xff, 0xff, 0xff,
    0x60, 0x0, 0x0, 0x0, 0x0, 0x5f, 0x80, 0x0,
    0x1f, 0xd0, 0x0, 0x0, 0x0, 0x0, 0xcf, 0x10,
    0x0, 0x9, 0xf4, 0x0, 0x0, 0x0, 0x2, 0xfa,
    0x0, 0x0, 0x2, 0xfa, 0x0, 0x0, 0x0, 0x0,
    0x62, 0x0, 0x0, 0x0, 0x62, 0x0, 0x0,

    /* U+F55A "" */
    0x0, 0x0, 0x17, 0x88, 0x88, 0x88, 0x88, 0x87,
    0x40, 0x0, 0x2, 0xef, 0xff, 0xff, 0xff, 0xff,
    0xff, 0xf4, 0x0, 0x3e, 0xff, 0xff, 0xcf, 0xff,
    0xcf, 0xff, 0xf7, 0x3, 0xef, 0xff, 0xf9, 0x8,
    0xf8, 0x9, 0xff, 0xf8, 0x3e, 0xff, 0xff, 0xfe,
    0x20, 0x40, 0x2e, 0xff, 0xf8, 0xdf, 0xff, 0xff,
    0xff, 0xe1, 0x1, 0xef, 0xff, 0xf8, 0x9f, 0xff,
    0xff, 0xff, 0x80, 0x0, 0x8f, 0xff, 0xf8, 0x9,
    0xff, 0xff, 0xf9, 0x2, 0xc2, 0x9, 0xff, 0xf8,
    0x0, 0x9f, 0xff, 0xfe, 0x4e, 0xfe, 0x4e, 0xff,
    0xf8, 0x0, 0x9, 0xff, 0xff, 0xff, 0xff, 0xff,
    0xff, 0xf7, 0x0, 0x0, 0x8f, 0xff, 0xff, 0xff,
    0xff, 0xff, 0xc1,

    /* U+F6A9 "" */
    0x0, 0x0, 0x2, 0x70, 0x0, 0x0, 0x0, 0x0,
    0x0, 0x2, 0xef, 0x0, 0x0, 0x0, 0x0, 0x0,
    0x2, 0xef, 0xf0, 0x0, 0x0, 0x0, 0xd, 0xff,
    0xff, 0xff, 0x0, 0xb7, 0xa, 0x80, 0xff, 0xff,
    0xff, 0xf0, 0x1e, 0xfd, 0xfb, 0xf, 0xff, 0xff,
    0xff, 0x0, 0x2f, 0xfd, 0x0, 0xff, 0xff, 0xff,
    0xf0, 0xa, 0xff, 0xf7, 0xf, 0xff, 0xff, 0xff,
    0x1, 0xeb, 0x3e, 0xc0, 0x34, 0x47, 0xff, 0xf0,
    0x2, 0x0, 0x11, 0x0, 0x0, 0x5, 0xff, 0x0,
    0x0, 0x0, 0x0, 0x0, 0x0, 0x5, 0xc0, 0x0,
    0x0, 0x0, 0x0, 0x0, 0x0, 0x0, 0x0, 0x0,
    0x0, 0x0,

    /* U+F7C2 "" */
    0x0, 0x0, 0x0, 0x0, 0x0, 0x0, 0x3, 0xef,
    0xff, 0xff, 0xe2, 0x3, 0xfb, 0xfb, 0xce, 0xbf,
    0xa4, 0xff, 0x1d, 0x3, 0xa1, 0xfa, 0xff, 0xf1,
    0xd0, 0x3a, 0x1f, 0xaf, 0xff, 0xff, 0xff, 0xff,
    0xfa, 0xff, 0xff, 0xff, 0xff, 0xff, 0xaf, 0xff,
    0xff, 0xff, 0xff, 0xfa, 0xff, 0xff, 0xff, 0xff,
    0xff, 0xaf, 0xff, 0xff, 0xff, 0xff, 0xfa, 0xff,
    0xff, 0xff, 0xff, 0xff, 0xaf, 0xff, 0xff, 0xff,
    0xff, 0xfa, 0xff, 0xff, 0xff, 0xff, 0xff, 0xad,
    0xff, 0xff, 0xff, 0xff, 0xf8, 0x29, 0xaa, 0xaa,
    0xaa, 0xa8, 0x0,

    /* U+F8A2 "" */
    0x0, 0x0, 0x0, 0x0, 0x0, 0x0, 0x3, 0x0,
    0x0, 0x0, 0x0, 0x0, 0x0, 0x4, 0xf1, 0x0,
    0x8, 0x20, 0x0, 0x0, 0x1, 0xff, 0x10, 0xb,
    0xf7, 0x0, 0x0, 0x0, 0x2f, 0xf1, 0xc, 0xff,
    0x94, 0x44, 0x44, 0x45, 0xff, 0x1b, 0xff, 0xff,
    0xff, 0xff, 0xff, 0xff, 0xf1, 0x8f, 0xff, 0xff,
    0xff, 0xff, 0xff, 0xfd, 0x0, 0x7f, 0xf7, 0x0,
    0x0, 0x0, 0x0, 0x0, 0x0, 0x6f, 0x60, 0x0,
    0x0, 0x0, 0x0, 0x0, 0x0, 0x30, 0x0, 0x0,
    0x0, 0x0, 0x0
};


/*---------------------
 *  GLYPH DESCRIPTION
 *--------------------*/

static const lv_font_fmt_txt_glyph_dsc_t glyph_dsc[] = {
    {.bitmap_index = 0, .adv_w = 0, .box_w = 0, .box_h = 0, .ofs_x = 0, .ofs_y = 0} /* id = 0 reserved */,
    {.bitmap_index = 0, .adv_w = 58, .box_w = 0, .box_h = 0, .ofs_x = 0, .ofs_y = 0},
    {.bitmap_index = 0, .adv_w = 61, .box_w = 3, .box_h = 10, .ofs_x = 0, .ofs_y = 0},
    {.bitmap_index = 15, .adv_w = 96, .box_w = 6, .box_h = 4, .ofs_x = 0, .ofs_y = 6},
    {.bitmap_index = 27, .adv_w = 145, .box_w = 9, .box_h = 10, .ofs_x = 0, .ofs_y = 0},
    {.bitmap_index = 72, .adv_w = 128, .box_w = 8, .box_h = 12, .ofs_x = 0, .ofs_y = -1},
    {.bitmap_index = 120, .adv_w = 191, .box_w = 12, .box_h = 10, .ofs_x = 0, .ofs_y = 0},
    {.bitmap_index = 180, .adv_w = 165, .box_w = 11, .box_h = 10, .ofs_x = 0, .ofs_y = 0},
    {.bitmap_index = 235, .adv_w = 53, .box_w = 3, .box_h = 4, .ofs_x = 0, .ofs_y = 6},
    {.bitmap_index = 241, .adv_w = 70, .box_w = 4, .box_h = 13, .ofs_x = 0, .ofs_y = -3},
    {.bitmap_index = 267, .adv_w = 70, .box_w = 4, .box_h = 13, .ofs_x = 0, .ofs_y = -3},
    {.bitmap_index = 293, .adv_w = 123, .box_w = 8, .box_h = 7, .ofs_x = 0, .ofs_y = 4},
    {.bitmap_index = 321, .adv_w = 128, .box_w = 8, .box_h = 8, .ofs_x = 0, .ofs_y = 2},
    {.bitmap_index = 353, .adv_w = 61, .box_w = 3, .box_h = 4, .ofs_x = 0, .ofs_y = -2},
    {.bitmap_index = 359, .adv_w = 72, .box_w = 4, .box_h = 3, .ofs_x = 0, .ofs_y = 3},
    {.bitmap_index = 365, .adv_w = 61, .box_w = 3, .box_h = 3, .ofs_x = 0, .ofs_y = 0},
    {.bitmap_index = 370, .adv_w = 86, .box_w = 6, .box_h = 10, .ofs_x = 0, .ofs_y = 0},
    {.bitmap_index = 400, .adv_w = 128, .box_w = 8, .box_h = 10, .ofs_x = 0, .ofs_y = 0},
    {.bitmap_index = 440, .adv_w = 128, .box_w = 5, .box_h = 10, .ofs_x = 1, .ofs_y = 0},
    {.bitmap_index = 465, .adv_w = 128, .box_w = 8, .box_h = 10, .ofs_x = 0, .ofs_y = 0},
    {.bitmap_index = 505, .adv_w = 128, .box_w = 8, .box_h = 10, .ofs_x = 0, .ofs_y = 0},
    {.bitmap_index = 545, .adv_w = 128, .box_w = 8, .box_h = 10, .ofs_x = 0, .ofs_y = 0},
    {.bitmap_index = 585, .adv_w = 128, .box_w = 8, .box_h = 10, .ofs_x = 0, .ofs_y = 0},
    {.bitmap_index = 625, .adv_w = 128, .box_w = 8, .box_h = 10, .ofs_x = 0, .ofs_y = 0},
    {.bitmap_index = 665, .adv_w = 128, .box_w = 8, .box_h = 10, .ofs_x = 0, .ofs_y = 0},
    {.bitmap_index = 705, .adv_w = 128, .box_w = 8, .box_h = 10, .ofs_x = 0, .ofs_y = 0},
    {.bitmap_index = 745, .adv_w = 128, .box_w = 8, .box_h = 10, .ofs_x = 0, .ofs_y = 0},
    {.bitmap_index = 785, .adv_w = 61, .box_w = 3, .box_h = 8, .ofs_x = 0, .ofs_y = 0},
    {.bitmap_index = 797, .adv_w = 61, .box_w = 3, .box_h = 10, .ofs_x = 0, .ofs_y = -2},
    {.bitmap_index = 812, .adv_w = 128, .box_w = 8, .box_h = 8, .ofs_x = 0, .ofs_y = 1},
    {.bitmap_index = 844, .adv_w = 128, .box_w = 8, .box_h = 5, .ofs_x = 0, .ofs_y = 2},
    {.bitmap_index = 864, .adv_w = 128, .box_w = 8, .box_h = 8, .ofs_x = 0, .ofs_y = 1},
    {.bitmap_index = 896, .adv_w = 100, .box_w = 6, .box_h = 10, .ofs_x = 0, .ofs_y = 0},
    {.bitmap_index = 926, .adv_w = 201, .box_w = 12, .box_h = 12, .ofs_x = 0, .ofs_y = -2},
    {.bitmap_index = 998, .adv_w = 147, .box_w = 10, .box_h = 10, .ofs_x = 0, .ofs_y = 0},
    {.bitmap_index = 1048, .adv_w = 146, .box_w = 8, .box_h = 10, .ofs_x = 1, .ofs_y = 0},
    {.bitmap_index = 1088, .adv_w = 142, .box_w = 9, .box_h = 10, .ofs_x = 0, .ofs_y = 0},
    {.bitmap_index = 1133, .adv_w = 164, .box_w = 9, .box_h = 10, .ofs_x = 1, .ofs_y = 0},
    {.bitmap_index = 1178, .adv_w = 125, .box_w = 6, .box_h = 10, .ofs_x = 1, .ofs_y = 0},
    {.bitmap_index = 1208, .adv_w = 118, .box_w = 6, .box_h = 10, .ofs_x = 1, .ofs_y = 0},
    {.bitmap_index = 1238, .adv_w = 163, .box_w = 10, .box_h = 10, .ofs_x = 0, .ofs_y = 0},
    {.bitmap_index = 1288, .adv_w = 168, .box_w = 9, .box_h = 10, .ofs_x = 1, .ofs_y = 0},
    {.bitmap_index = 1333, .adv_w = 79, .box_w = 5, .box_h = 10, .ofs_x = 0, .ofs_y = 0},
    {.bitmap_index = 1358, .adv_w = 65, .box_w = 5, .box_h = 14, .ofs_x = -2, .ofs_y = -4},
    {.bitmap_index = 1393, .adv_w = 142, .box_w = 8, .box_h = 10, .ofs_x = 1, .ofs_y = 0},
    {.bitmap_index = 1433, .adv_w = 120, .box_w = 7, .box_h = 10, .ofs_x = 1, .ofs_y = 0},
    {.bitmap_index = 1468, .adv_w = 206, .box_w = 11, .box_h = 10, .ofs_x = 1, .ofs_y = 0},
    {.bitmap_index = 1523, .adv_w = 174, .box_w = 9, .box_h = 10, .ofs_x = 1, .ofs_y = 0},
    {.bitmap_index = 1568, .adv_w = 176, .box_w = 11, .box_h = 10, .ofs_x = 0, .ofs_y = 0},
    {.bitmap_index = 1623, .adv_w = 137, .box_w = 7, .box_h = 10, .ofs_x = 1, .ofs_y = 0},
    {.bitmap_index = 1658, .adv_w = 176, .box_w = 11, .box_h = 13, .ofs_x = 0, .ofs_y = -3},
    {.bitmap_index = 1730, .adv_w = 142, .box_w = 8, .box_h = 10, .ofs_x = 1, .ofs_y = 0},
    {.bitmap_index = 1770, .adv_w = 123, .box_w = 8, .box_h = 10, .ofs_x = 0, .ofs_y = 0},
    {.bitmap_index = 1810, .adv_w = 126, .box_w = 8, .box_h = 10, .ofs_x = 0, .ofs_y = 0},
    {.bitmap_index = 1850, .adv_w = 165, .box_w = 9, .box_h = 10, .ofs_x = 1, .ofs_y = 0},
    {.bitmap_index = 1895, .adv_w = 138, .box_w = 9, .box_h = 10, .ofs_x = 0, .ofs_y = 0},
    {.bitmap_index = 1940, .adv_w = 211, .box_w = 14, .box_h = 10, .ofs_x = 0, .ofs_y = 0},
    {.bitmap_index = 2010, .adv_w = 137, .box_w = 9, .box_h = 10, .ofs_x = 0, .ofs_y = 0},
    {.bitmap_index = 2055, .adv_w = 131, .box_w = 9, .box_h = 10, .ofs_x = 0, .ofs_y = 0},
    {.bitmap_index = 2100, .adv_w = 129, .box_w = 8, .box_h = 10, .ofs_x = 0, .ofs_y = 0},
    {.bitmap_index = 2140, .adv_w = 74, .box_w = 4, .box_h = 14, .ofs_x = 1, .ofs_y = -4},
    {.bitmap_index = 2168, .adv_w = 86, .box_w = 6, .box_h = 10, .ofs_x = 0, .ofs_y = 0},
    {.bitmap_index = 2198, .adv_w = 74, .box_w = 4, .box_h = 14, .ofs_x = 0, .ofs_y = -4},
    {.bitmap_index = 2226, .adv_w = 128, .box_w = 8, .box_h = 7, .ofs_x = 0, .ofs_y = 4},
    {.bitmap_index = 2254, .adv_w = 97, .box_w = 8, .box_h = 1, .ofs_x = -1, .ofs_y = -2},
    {.bitmap_index = 2258, .adv_w = 69, .box_w = 4, .box_h = 3, .ofs_x = 0, .ofs_y = 9},
    {.bitmap_index = 2264, .adv_w = 128, .box_w = 7, .box_h = 8, .ofs_x = 0, .ofs_y = 0},
    {.bitmap_index = 2292, .adv_w = 139, .box_w = 7, .box_h = 11, .ofs_x = 1, .ofs_y = 0},
    {.bitmap_index = 2331, .adv_w = 110, .box_w = 7, .box_h = 8, .ofs_x = 0, .ofs_y = 0},
    {.bitmap_index = 2359, .adv_w = 139, .box_w = 8, .box_h = 11, .ofs_x = 0, .ofs_y = 0},
    {.bitmap_index = 2403, .adv_w = 129, .box_w = 8, .box_h = 8, .ofs_x = 0, .ofs_y = 0},
    {.bitmap_index = 2435, .adv_w = 80, .box_w = 6, .box_h = 11, .ofs_x = 0, .ofs_y = 0},
    {.bitmap_index = 2468, .adv_w = 139, .box_w = 8, .box_h = 11, .ofs_x = 0, .ofs_y = -3},
    {.bitmap_index = 2512, .adv_w = 140, .box_w = 7, .box_h = 11, .ofs_x = 1, .ofs_y = 0},
    {.bitmap_index = 2551, .adv_w = 60, .box_w = 2, .box_h = 11, .ofs_x = 1, .ofs_y = 0},
    {.bitmap_index = 2562, .adv_w = 60, .box_w = 4, .box_h = 14, .ofs_x = -1, .ofs_y = -3},
    {.bitmap_index = 2590, .adv_w = 125, .box_w = 7, .box_h = 11, .ofs_x = 1, .ofs_y = 0},
    {.bitmap_index = 2629, .adv_w = 60, .box_w = 2, .box_h = 11, .ofs_x = 1, .ofs_y = 0},
    {.bitmap_index = 2640, .adv_w = 212, .box_w = 12, .box_h = 8, .ofs_x = 1, .ofs_y = 0},
    {.bitmap_index = 2688, .adv_w = 140, .box_w = 7, .box_h = 8, .ofs_x = 1, .ofs_y = 0},
    {.bitmap_index = 2716, .adv_w = 137, .box_w = 8, .box_h = 8, .ofs_x = 0, .ofs_y = 0},
    {.bitmap_index = 2748, .adv_w = 139, .box_w = 7, .box_h = 11, .ofs_x = 1, .ofs_y = -3},
    {.bitmap_index = 2787, .adv_w = 139, .box_w = 8, .box_h = 11, .ofs_x = 0, .ofs_y = -3},
    {.bitmap_index = 2831, .adv_w = 95, .box_w = 5, .box_h = 8, .ofs_x = 1, .ofs_y = 0},
    {.bitmap_index = 2851, .adv_w = 109, .box_w = 7, .box_h = 8, .ofs_x = 0, .ofs_y = 0},
    {.bitmap_index = 2879, .adv_w = 86, .box_w = 6, .box_h = 10, .ofs_x = 0, .ofs_y = 0},
    {.bitmap_index = 2909, .adv_w = 140, .box_w = 7, .box_h = 8, .ofs_x = 1, .ofs_y = 0},
    {.bitmap_index = 2937, .adv_w = 118, .box_w = 8, .box_h = 8, .ofs_x = 0, .ofs_y = 0},
    {.bitmap_index = 2969, .adv_w = 181, .box_w = 12, .box_h = 8, .ofs_x = 0, .ofs_y = 0},
    {.bitmap_index = 3017, .adv_w = 122, .box_w = 8, .box_h = 8, .ofs_x = 0, .ofs_y = 0},
    {.bitmap_index = 3049, .adv_w = 118, .box_w = 8, .box_h = 11, .ofs_x = 0, .ofs_y = -3},
    {.bitmap_index = 3093, .adv_w = 107, .box_w = 7, .box_h = 8, .ofs_x = 0, .ofs_y = 0},
    {.bitmap_index = 3121, .adv_w = 86, .box_w = 5, .box_h = 14, .ofs_x = 0, .ofs_y = -4},
    {.bitmap_index = 3156, .adv_w = 123, .box_w = 2, .box_h = 14, .ofs_x = 3, .ofs_y = -3},
    {.bitmap_index = 3170, .adv_w = 86, .box_w = 6, .box_h = 13, .ofs_x = 0, .ofs_y = -3},
    {.bitmap_index = 3209, .adv_w = 128, .box_w = 8, .box_h = 3, .ofs_x = 0, .ofs_y = 3},
    {.bitmap_index = 3221, .adv_w = 58, .box_w = 0, .box_h = 0, .ofs_x = 0, .ofs_y = 0},
    {.bitmap_index = 3221, .adv_w = 61, .box_w = 3, .box_h = 11, .ofs_x = 0, .ofs_y = -3},
    {.bitmap_index = 3238, .adv_w = 128, .box_w = 6, .box_h = 10, .ofs_x = 1, .ofs_y = 0},
    {.bitmap_index = 3268, .adv_w = 128, .box_w = 8, .box_h = 10, .ofs_x = 0, .ofs_y = 0},
    {.bitmap_index = 3308, .adv_w = 128, .box_w = 8, .box_h = 8, .ofs_x = 0, .ofs_y = 1},
    {.bitmap_index = 3340, .adv_w = 128, .box_w = 8, .box_h = 10, .ofs_x = 0, .ofs_y = 0},
    {.bitmap_index = 3380, .adv_w = 123, .box_w = 2, .box_h = 14, .ofs_x = 3, .ofs_y = -3},
    {.bitmap_index = 3394, .adv_w = 113, .box_w = 7, .box_h = 11, .ofs_x = 0, .ofs_y = 0},
    {.bitmap_index = 3433, .adv_w = 131, .box_w = 6, .box_h = 2, .ofs_x = 1, .ofs_y = 9},
    {.bitmap_index = 3439, .adv_w = 186, .box_w = 11, .box_h = 11, .ofs_x = 0, .ofs_y = 0},
    {.bitmap_index = 3500, .adv_w = 82, .box_w = 5, .box_h = 4, .ofs_x = 0, .ofs_y = 6},
    {.bitmap_index = 3510, .adv_w = 121, .box_w = 8, .box_h = 7, .ofs_x = 0, .ofs_y = 0},
    {.bitmap_index = 3538, .adv_w = 128, .box_w = 8, .box_h = 4, .ofs_x = 0, .ofs_y = 2},
    {.bitmap_index = 3554, .adv_w = 72, .box_w = 4, .box_h = 3, .ofs_x = 0, .ofs_y = 3},
    {.bitmap_index = 3560, .adv_w = 186, .box_w = 11, .box_h = 11, .ofs_x = 0, .ofs_y = 0},
    {.bitmap_index = 3621, .adv_w = 112, .box_w = 9, .box_h = 2, .ofs_x = -1, .ofs_y = 10},
    {.bitmap_index = 3630, .adv_w = 96, .box_w = 6, .box_h = 6, .ofs_x = 0, .ofs_y = 5},
    {.bitmap_index = 3648, .adv_w = 128, .box_w = 8, .box_h = 9, .ofs_x = 0, .ofs_y = 0},
    {.bitmap_index = 3684, .adv_w = 80, .box_w = 5, .box_h = 6, .ofs_x = 0, .ofs_y = 6},
    {.bitmap_index = 3699, .adv_w = 80, .box_w = 5, .box_h = 7, .ofs_x = 0, .ofs_y = 6},
    {.bitmap_index = 3717, .adv_w = 69, .box_w = 4, .box_h = 3, .ofs_x = 0, .ofs_y = 9},
    {.bitmap_index = 3723, .adv_w = 142, .box_w = 7, .box_h = 11, .ofs_x = 1, .ofs_y = -3},
    {.bitmap_index = 3762, .adv_w = 146, .box_w = 8, .box_h = 13, .ofs_x = 0, .ofs_y = -2},
    {.bitmap_index = 3814, .adv_w = 61, .box_w = 3, .box_h = 3, .ofs_x = 0, .ofs_y = 4},
    {.bitmap_index = 3819, .adv_w = 53, .box_w = 4, .box_h = 4, .ofs_x = 0, .ofs_y = -4},
    {.bitmap_index = 3827, .adv_w = 80, .box_w = 4, .box_h = 7, .ofs_x = 0, .ofs_y = 6},
    {.bitmap_index = 3841, .adv_w = 85, .box_w = 5, .box_h = 5, .ofs_x = 0, .ofs_y = 5},
    {.bitmap_index = 3854, .adv_w = 121, .box_w = 8, .box_h = 7, .ofs_x = 0, .ofs_y = 0},
    {.bitmap_index = 3882, .adv_w = 172, .box_w = 11, .box_h = 11, .ofs_x = 0, .ofs_y = 0},
    {.bitmap_index = 3943, .adv_w = 179, .box_w = 11, .box_h = 12, .ofs_x = 0, .ofs_y = -1},
    {.bitmap_index = 4009, .adv_w = 179, .box_w = 12, .box_h = 11, .ofs_x = 0, .ofs_y = 0},
    {.bitmap_index = 4075, .adv_w = 100, .box_w = 7, .box_h = 11, .ofs_x = 0, .ofs_y = -3},
    {.bitmap_index = 4114, .adv_w = 147, .box_w = 10, .box_h = 14, .ofs_x = 0, .ofs_y = 0},
    {.bitmap_index = 4184, .adv_w = 147, .box_w = 10, .box_h = 14, .ofs_x = 0, .ofs_y = 0},
    {.bitmap_index = 4254, .adv_w = 147, .box_w = 10, .box_h = 14, .ofs_x = 0, .ofs_y = 0},
    {.bitmap_index = 4324, .adv_w = 147, .box_w = 10, .box_h = 13, .ofs_x = 0, .ofs_y = 0},
    {.bitmap_index = 4389, .adv_w = 147, .box_w = 10, .box_h = 13, .ofs_x = 0, .ofs_y = 0},
    {.bitmap_index = 4454, .adv_w = 147, .box_w = 10, .box_h = 13, .ofs_x = 0, .ofs_y = 0},
    {.bitmap_index = 4519, .adv_w = 202, .box_w = 13, .box_h = 10, .ofs_x = -1, .ofs_y = 0},
    {.bitmap_index = 4584, .adv_w = 142, .box_w = 9, .box_h = 13, .ofs_x = 0, .ofs_y = -3},
    {.bitmap_index = 4643, .adv_w = 125, .box_w = 6, .box_h = 14, .ofs_x = 1, .ofs_y = 0},
    {.bitmap_index = 4685, .adv_w = 125, .box_w = 6, .box_h = 14, .ofs_x = 1, .ofs_y = 0},
    {.bitmap_index = 4727, .adv_w = 125, .box_w = 6, .box_h = 14, .ofs_x = 1, .ofs_y = 0},
    {.bitmap_index = 4769, .adv_w = 125, .box_w = 6, .box_h = 13, .ofs_x = 1, .ofs_y = 0},
    {.bitmap_index = 4808, .adv_w = 79, .box_w = 5, .box_h = 14, .ofs_x = 0, .ofs_y = 0},
    {.bitmap_index = 4843, .adv_w = 79, .box_w = 5, .box_h = 14, .ofs_x = 0, .ofs_y = 0},
    {.bitmap_index = 4878, .adv_w = 79, .box_w = 6, .box_h = 14, .ofs_x = -1, .ofs_y = 0},
    {.bitmap_index = 4920, .adv_w = 79, .box_w = 5, .box_h = 13, .ofs_x = 0, .ofs_y = 0},
    {.bitmap_index = 4953, .adv_w = 164, .box_w = 10, .box_h = 10, .ofs_x = 0, .ofs_y = 0},
    {.bitmap_index = 5003, .adv_w = 173, .box_w = 9, .box_h = 13, .ofs_x = 1, .ofs_y = 0},
    {.bitmap_index = 5062, .adv_w = 176, .box_w = 11, .box_h = 14, .ofs_x = 0, .ofs_y = 0},
    {.bitmap_index = 5139, .adv_w = 176, .box_w = 11, .box_h = 14, .ofs_x = 0, .ofs_y = 0},
    {.bitmap_index = 5216, .adv_w = 176, .box_w = 11, .box_h = 14, .ofs_x = 0, .ofs_y = 0},
    {.bitmap_index = 5293, .adv_w = 176, .box_w = 11, .box_h = 13, .ofs_x = 0, .ofs_y = 0},
    {.bitmap_index = 5365, .adv_w = 176, .box_w = 11, .box_h = 14, .ofs_x = 0, .ofs_y = 0},
    {.bitmap_index = 5442, .adv_w = 128, .box_w = 8, .box_h = 8, .ofs_x = 0, .ofs_y = 1},
    {.bitmap_index = 5474, .adv_w = 176, .box_w = 11, .box_h = 12, .ofs_x = 0, .ofs_y = -1},
    {.bitmap_index = 5540, .adv_w = 165, .box_w = 9, .box_h = 14, .ofs_x = 1, .ofs_y = 0},
    {.bitmap_index = 5603, .adv_w = 165, .box_w = 9, .box_h = 14, .ofs_x = 1, .ofs_y = 0},
    {.bitmap_index = 5666, .adv_w = 165, .box_w = 9, .box_h = 14, .ofs_x = 1, .ofs_y = 0},
    {.bitmap_index = 5729, .adv_w = 165, .box_w = 9, .box_h = 14, .ofs_x = 1, .ofs_y = 0},
    {.bitmap_index = 5792, .adv_w = 131, .box_w = 9, .box_h = 14, .ofs_x = 0, .ofs_y = 0},
    {.bitmap_index = 5855, .adv_w = 137, .box_w = 7, .box_h = 10, .ofs_x = 1, .ofs_y = 0},
    {.bitmap_index = 5890, .adv_w = 146, .box_w = 8, .box_h = 11, .ofs_x = 1, .ofs_y = 0},
    {.bitmap_index = 5934, .adv_w = 128, .box_w = 7, .box_h = 11, .ofs_x = 0, .ofs_y = 0},
    {.bitmap_index = 5973, .adv_w = 128, .box_w = 7, .box_h = 11, .ofs_x = 0, .ofs_y = 0},
    {.bitmap_index = 6012, .adv_w = 128, .box_w = 7, .box_h = 11, .ofs_x = 0, .ofs_y = 0},
    {.bitmap_index = 6051, .adv_w = 128, .box_w = 7, .box_h = 11, .ofs_x = 0, .ofs_y = 0},
    {.bitmap_index = 6090, .adv_w = 128, .box_w = 7, .box_h = 10, .ofs_x = 0, .ofs_y = 0},
    {.bitmap_index = 6125, .adv_w = 128, .box_w = 7, .box_h = 12, .ofs_x = 0, .ofs_y = 0},
    {.bitmap_index = 6167, .adv_w = 197, .box_w = 12, .box_h = 8, .ofs_x = 0, .ofs_y = 0},
    {.bitmap_index = 6215, .adv_w = 110, .box_w = 7, .box_h = 11, .ofs_x = 0, .ofs_y = -3},
    {.bitmap_index = 6254, .adv_w = 129, .box_w = 8, .box_h = 11, .ofs_x = 0, .ofs_y = 0},
    {.bitmap_index = 6298, .adv_w = 129, .box_w = 8, .box_h = 11, .ofs_x = 0, .ofs_y = 0},
    {.bitmap_index = 6342, .adv_w = 129, .box_w = 8, .box_h = 11, .ofs_x = 0, .ofs_y = 0},
    {.bitmap_index = 6386, .adv_w = 129, .box_w = 8, .box_h = 10, .ofs_x = 0, .ofs_y = 0},
    {.bitmap_index = 6426, .adv_w = 60, .box_w = 5, .box_h = 11, .ofs_x = -1, .ofs_y = 0},
    {.bitmap_index = 6454, .adv_w = 60, .box_w = 4, .box_h = 11, .ofs_x = 1, .ofs_y = 0},
    {.bitmap_index = 6476, .adv_w = 60, .box_w = 6, .box_h = 11, .ofs_x = -1, .ofs_y = 0},
    {.bitmap_index = 6509, .adv_w = 60, .box_w = 6, .box_h = 10, .ofs_x = -1, .ofs_y = 0},
    {.bitmap_index = 6539, .adv_w = 137, .box_w = 8, .box_h = 12, .ofs_x = 0, .ofs_y = 0},
    {.bitmap_index = 6587, .adv_w = 140, .box_w = 7, .box_h = 11, .ofs_x = 1, .ofs_y = 0},
    {.bitmap_index = 6626, .adv_w = 137, .box_w = 8, .box_h = 11, .ofs_x = 0, .ofs_y = 0},
    {.bitmap_index = 6670, .adv_w = 137, .box_w = 8, .box_h = 11, .ofs_x = 0, .ofs_y = 0},
    {.bitmap_index = 6714, .adv_w = 137, .box_w = 8, .box_h = 11, .ofs_x = 0, .ofs_y = 0},
    {.bitmap_index = 6758, .adv_w = 137, .box_w = 8, .box_h = 11, .ofs_x = 0, .ofs_y = 0},
    {.bitmap_index = 6802, .adv_w = 137, .box_w = 8, .box_h = 10, .ofs_x = 0, .ofs_y = 0},
    {.bitmap_index = 6842, .adv_w = 128, .box_w = 8, .box_h = 7, .ofs_x = 0, .ofs_y = 2},
    {.bitmap_index = 6870, .adv_w = 136, .box_w = 8, .box_h = 10, .ofs_x = 0, .ofs_y = -1},
    {.bitmap_index = 6910, .adv_w = 140, .box_w = 7, .box_h = 11, .ofs_x = 1, .ofs_y = 0},
    {.bitmap_index = 6949, .adv_w = 140, .box_w = 7, .box_h = 11, .ofs_x = 1, .ofs_y = 0},
    {.bitmap_index = 6988, .adv_w = 140, .box_w = 7, .box_h = 11, .ofs_x = 1, .ofs_y = 0},
    {.bitmap_index = 7027, .adv_w = 140, .box_w = 7, .box_h = 10, .ofs_x = 1, .ofs_y = 0},
    {.bitmap_index = 7062, .adv_w = 118, .box_w = 8, .box_h = 14, .ofs_x = 0, .ofs_y = -3},
    {.bitmap_index = 7118, .adv_w = 139, .box_w = 7, .box_h = 14, .ofs_x = 1, .ofs_y = -3},
    {.bitmap_index = 7167, .adv_w = 118, .box_w = 8, .box_h = 13, .ofs_x = 0, .ofs_y = -3},
    {.bitmap_index = 7219, .adv_w = 147, .box_w = 10, .box_h = 13, .ofs_x = 0, .ofs_y = 0},
    {.bitmap_index = 7284, .adv_w = 128, .box_w = 7, .box_h = 10, .ofs_x = 0, .ofs_y = 0},
    {.bitmap_index = 7319, .adv_w = 147, .box_w = 10, .box_h = 14, .ofs_x = 0, .ofs_y = 0},
    {.bitmap_index = 7389, .adv_w = 128, .box_w = 7, .box_h = 11, .ofs_x = 0, .ofs_y = 0},
    {.bitmap_index = 7428, .adv_w = 147, .box_w = 10, .box_h = 13, .ofs_x = 0, .ofs_y = -3},
    {.bitmap_index = 7493, .adv_w = 128, .box_w = 8, .box_h = 11, .ofs_x = 0, .ofs_y = -3},
    {.bitmap_index = 7537, .adv_w = 142, .box_w = 9, .box_h = 14, .ofs_x = 0, .ofs_y = 0},
    {.bitmap_index = 7600, .adv_w = 110, .box_w = 7, .box_h = 11, .ofs_x = 0, .ofs_y = 0},
    {.bitmap_index = 7639, .adv_w = 142, .box_w = 9, .box_h = 14, .ofs_x = 0, .ofs_y = 0},
    {.bitmap_index = 7702, .adv_w = 110, .box_w = 7, .box_h = 11, .ofs_x = 0, .ofs_y = 0},
    {.bitmap_index = 7741, .adv_w = 142, .box_w = 9, .box_h = 14, .ofs_x = 0, .ofs_y = 0},
    {.bitmap_index = 7804, .adv_w = 110, .box_w = 7, .box_h = 11, .ofs_x = 0, .ofs_y = 0},
    {.bitmap_index = 7843, .adv_w = 142, .box_w = 9, .box_h = 14, .ofs_x = 0, .ofs_y = 0},
    {.bitmap_index = 7906, .adv_w = 110, .box_w = 7, .box_h = 11, .ofs_x = 0, .ofs_y = 0},
    {.bitmap_index = 7945, .adv_w = 164, .box_w = 9, .box_h = 14, .ofs_x = 1, .ofs_y = 0},
    {.bitmap_index = 8008, .adv_w = 139, .box_w = 10, .box_h = 11, .ofs_x = 0, .ofs_y = 0},
    {.bitmap_index = 8063, .adv_w = 164, .box_w = 10, .box_h = 10, .ofs_x = 0, .ofs_y = 0},
    {.bitmap_index = 8113, .adv_w = 140, .box_w = 9, .box_h = 11, .ofs_x = 0, .ofs_y = 0},
    {.bitmap_index = 8163, .adv_w = 125, .box_w = 6, .box_h = 13, .ofs_x = 1, .ofs_y = 0},
    {.bitmap_index = 8202, .adv_w = 129, .box_w = 8, .box_h = 10, .ofs_x = 0, .ofs_y = 0},
    {.bitmap_index = 8242, .adv_w = 125, .box_w = 6, .box_h = 14, .ofs_x = 1, .ofs_y = 0},
    {.bitmap_index = 8284, .adv_w = 129, .box_w = 8, .box_h = 11, .ofs_x = 0, .ofs_y = 0},
    {.bitmap_index = 8328, .adv_w = 125, .box_w = 6, .box_h = 13, .ofs_x = 1, .ofs_y = 0},
    {.bitmap_index = 8367, .adv_w = 129, .box_w = 8, .box_h = 11, .ofs_x = 0, .ofs_y = 0},
    {.bitmap_index = 8411, .adv_w = 125, .box_w = 6, .box_h = 13, .ofs_x = 1, .ofs_y = -3},
    {.bitmap_index = 8450, .adv_w = 128, .box_w = 8, .box_h = 11, .ofs_x = 0, .ofs_y = -3},
    {.bitmap_index = 8494, .adv_w = 125, .box_w = 6, .box_h = 14, .ofs_x = 1, .ofs_y = 0},
    {.bitmap_index = 8536, .adv_w = 129, .box_w = 8, .box_h = 11, .ofs_x = 0, .ofs_y = 0},
    {.bitmap_index = 8580, .adv_w = 163, .box_w = 10, .box_h = 14, .ofs_x = 0, .ofs_y = 0},
    {.bitmap_index = 8650, .adv_w = 139, .box_w = 8, .box_h = 14, .ofs_x = 0, .ofs_y = -3},
    {.bitmap_index = 8706, .adv_w = 163, .box_w = 10, .box_h = 14, .ofs_x = 0, .ofs_y = 0},
    {.bitmap_index = 8776, .adv_w = 139, .box_w = 8, .box_h = 14, .ofs_x = 0, .ofs_y = -3},
    {.bitmap_index = 8832, .adv_w = 163, .box_w = 10, .box_h = 14, .ofs_x = 0, .ofs_y = 0},
    {.bitmap_index = 8902, .adv_w = 139, .box_w = 8, .box_h = 14, .ofs_x = 0, .ofs_y = -3},
    {.bitmap_index = 8958, .adv_w = 163, .box_w = 10, .box_h = 13, .ofs_x = 0, .ofs_y = -3},
    {.bitmap_index = 9023, .adv_w = 139, .box_w = 8, .box_h = 14, .ofs_x = 0, .ofs_y = -3},
    {.bitmap_index = 9079, .adv_w = 168, .box_w = 9, .box_h = 14, .ofs_x = 1, .ofs_y = 0},
    {.bitmap_index = 9142, .adv_w = 140, .box_w = 9, .box_h = 15, .ofs_x = -1, .ofs_y = 0},
    {.bitmap_index = 9210, .adv_w = 168, .box_w = 11, .box_h = 10, .ofs_x = 0, .ofs_y = 0},
    {.bitmap_index = 9265, .adv_w = 141, .box_w = 8, .box_h = 11, .ofs_x = 0, .ofs_y = 0},
    {.bitmap_index = 9309, .adv_w = 79, .box_w = 7, .box_h = 13, .ofs_x = -1, .ofs_y = 0},
    {.bitmap_index = 9355, .adv_w = 60, .box_w = 6, .box_h = 11, .ofs_x = -1, .ofs_y = 0},
    {.bitmap_index = 9388, .adv_w = 79, .box_w = 5, .box_h = 13, .ofs_x = 0, .ofs_y = 0},
    {.bitmap_index = 9421, .adv_w = 60, .box_w = 6, .box_h = 10, .ofs_x = -1, .ofs_y = 0},
    {.bitmap_index = 9451, .adv_w = 79, .box_w = 5, .box_h = 14, .ofs_x = 0, .ofs_y = 0},
    {.bitmap_index = 9486, .adv_w = 60, .box_w = 6, .box_h = 11, .ofs_x = -1, .ofs_y = 0},
    {.bitmap_index = 9519, .adv_w = 79, .box_w = 5, .box_h = 13, .ofs_x = 0, .ofs_y = -3},
    {.bitmap_index = 9552, .adv_w = 60, .box_w = 3, .box_h = 14, .ofs_x = 0, .ofs_y = -3},
    {.bitmap_index = 9573, .adv_w = 79, .box_w = 5, .box_h = 13, .ofs_x = 0, .ofs_y = 0},
    {.bitmap_index = 9606, .adv_w = 60, .box_w = 2, .box_h = 8, .ofs_x = 1, .ofs_y = 0},
    {.bitmap_index = 9614, .adv_w = 144, .box_w = 8, .box_h = 14, .ofs_x = 0, .ofs_y = -4},
    {.bitmap_index = 9670, .adv_w = 122, .box_w = 6, .box_h = 14, .ofs_x = 1, .ofs_y = -3},
    {.bitmap_index = 9712, .adv_w = 65, .box_w = 7, .box_h = 18, .ofs_x = -2, .ofs_y = -4},
    {.bitmap_index = 9775, .adv_w = 60, .box_w = 6, .box_h = 14, .ofs_x = -1, .ofs_y = -3},
    {.bitmap_index = 9817, .adv_w = 141, .box_w = 8, .box_h = 13, .ofs_x = 1, .ofs_y = -3},
    {.bitmap_index = 9869, .adv_w = 125, .box_w = 7, .box_h = 14, .ofs_x = 1, .ofs_y = -3},
    {.bitmap_index = 9918, .adv_w = 125, .box_w = 7, .box_h = 8, .ofs_x = 1, .ofs_y = 0},
    {.bitmap_index = 9946, .adv_w = 120, .box_w = 7, .box_h = 14, .ofs_x = 1, .ofs_y = 0},
    {.bitmap_index = 9995, .adv_w = 60, .box_w = 4, .box_h = 15, .ofs_x = 1, .ofs_y = 0},
    {.bitmap_index = 10025, .adv_w = 120, .box_w = 7, .box_h = 13, .ofs_x = 1, .ofs_y = -3},
    {.bitmap_index = 10071, .adv_w = 60, .box_w = 3, .box_h = 14, .ofs_x = 0, .ofs_y = -3},
    {.bitmap_index = 10092, .adv_w = 120, .box_w = 7, .box_h = 10, .ofs_x = 1, .ofs_y = 0},
    {.bitmap_index = 10127, .adv_w = 60, .box_w = 5, .box_h = 11, .ofs_x = 1, .ofs_y = 0},
    {.bitmap_index = 10155, .adv_w = 120, .box_w = 7, .box_h = 10, .ofs_x = 1, .ofs_y = 0},
    {.bitmap_index = 10190, .adv_w = 67, .box_w = 4, .box_h = 11, .ofs_x = 1, .ofs_y = 0},
    {.bitmap_index = 10212, .adv_w = 120, .box_w = 8, .box_h = 10, .ofs_x = 0, .ofs_y = 0},
    {.bitmap_index = 10252, .adv_w = 61, .box_w = 5, .box_h = 11, .ofs_x = -1, .ofs_y = 0},
    {.bitmap_index = 10280, .adv_w = 173, .box_w = 9, .box_h = 14, .ofs_x = 1, .ofs_y = 0},
    {.bitmap_index = 10343, .adv_w = 140, .box_w = 7, .box_h = 11, .ofs_x = 1, .ofs_y = 0},
    {.bitmap_index = 10382, .adv_w = 173, .box_w = 9, .box_h = 13, .ofs_x = 1, .ofs_y = -3},
    {.bitmap_index = 10441, .adv_w = 140, .box_w = 7, .box_h = 11, .ofs_x = 1, .ofs_y = -3},
    {.bitmap_index = 10480, .adv_w = 173, .box_w = 9, .box_h = 14, .ofs_x = 1, .ofs_y = 0},
    {.bitmap_index = 10543, .adv_w = 140, .box_w = 7, .box_h = 11, .ofs_x = 1, .ofs_y = 0},
    {.bitmap_index = 10582, .adv_w = 160, .box_w = 9, .box_h = 10, .ofs_x = 0, .ofs_y = 0},
    {.bitmap_index = 10627, .adv_w = 174, .box_w = 9, .box_h = 14, .ofs_x = 1, .ofs_y = -4},
    {.bitmap_index = 10690, .adv_w = 140, .box_w = 7, .box_h = 11, .ofs_x = 1, .ofs_y = -3},
    {.bitmap_index = 10729, .adv_w = 176, .box_w = 11, .box_h = 13, .ofs_x = 0, .ofs_y = 0},
    {.bitmap_index = 10801, .adv_w = 137, .box_w = 8, .box_h = 10, .ofs_x = 0, .ofs_y = 0},
    {.bitmap_index = 10841, .adv_w = 176, .box_w = 11, .box_h = 14, .ofs_x = 0, .ofs_y = 0},
    {.bitmap_index = 10918, .adv_w = 137, .box_w = 8, .box_h = 11, .ofs_x = 0, .ofs_y = 0},
    {.bitmap_index = 10962, .adv_w = 176, .box_w = 11, .box_h = 14, .ofs_x = 0, .ofs_y = 0},
    {.bitmap_index = 11039, .adv_w = 137, .box_w = 8, .box_h = 11, .ofs_x = 0, .ofs_y = 0},
    {.bitmap_index = 11083, .adv_w = 211, .box_w = 13, .box_h = 10, .ofs_x = 0, .ofs_y = 0},
    {.bitmap_index = 11148, .adv_w = 214, .box_w = 13, .box_h = 8, .ofs_x = 0, .ofs_y = 0},
    {.bitmap_index = 11200, .adv_w = 142, .box_w = 8, .box_h = 14, .ofs_x = 1, .ofs_y = 0},
    {.bitmap_index = 11256, .adv_w = 95, .box_w = 5, .box_h = 11, .ofs_x = 1, .ofs_y = 0},
    {.bitmap_index = 11284, .adv_w = 142, .box_w = 8, .box_h = 13, .ofs_x = 1, .ofs_y = -3},
    {.bitmap_index = 11336, .adv_w = 95, .box_w = 6, .box_h = 11, .ofs_x = 0, .ofs_y = -3},
    {.bitmap_index = 11369, .adv_w = 142, .box_w = 8, .box_h = 14, .ofs_x = 1, .ofs_y = 0},
    {.bitmap_index = 11425, .adv_w = 95, .box_w = 6, .box_h = 11, .ofs_x = 0, .ofs_y = 0},
    {.bitmap_index = 11458, .adv_w = 123, .box_w = 8, .box_h = 14, .ofs_x = 0, .ofs_y = 0},
    {.bitmap_index = 11514, .adv_w = 109, .box_w = 7, .box_h = 11, .ofs_x = 0, .ofs_y = 0},
    {.bitmap_index = 11553, .adv_w = 123, .box_w = 8, .box_h = 14, .ofs_x = 0, .ofs_y = 0},
    {.bitmap_index = 11609, .adv_w = 109, .box_w = 7, .box_h = 11, .ofs_x = 0, .ofs_y = 0},
    {.bitmap_index = 11648, .adv_w = 123, .box_w = 8, .box_h = 13, .ofs_x = 0, .ofs_y = -3},
    {.bitmap_index = 11700, .adv_w = 109, .box_w = 7, .box_h = 11, .ofs_x = 0, .ofs_y = -3},
    {.bitmap_index = 11739, .adv_w = 123, .box_w = 8, .box_h = 14, .ofs_x = 0, .ofs_y = 0},
    {.bitmap_index = 11795, .adv_w = 109, .box_w = 7, .box_h = 11, .ofs_x = 0, .ofs_y = 0},
    {.bitmap_index = 11834, .adv_w = 126, .box_w = 8, .box_h = 13, .ofs_x = 0, .ofs_y = -3},
    {.bitmap_index = 11886, .adv_w = 86, .box_w = 6, .box_h = 13, .ofs_x = 0, .ofs_y = -3},
    {.bitmap_index = 11925, .adv_w = 126, .box_w = 8, .box_h = 14, .ofs_x = 0, .ofs_y = 0},
    {.bitmap_index = 11981, .adv_w = 86, .box_w = 7, .box_h = 11, .ofs_x = 0, .ofs_y = 0},
    {.bitmap_index = 12020, .adv_w = 126, .box_w = 8, .box_h = 10, .ofs_x = 0, .ofs_y = 0},
    {.bitmap_index = 12060, .adv_w = 86, .box_w = 6, .box_h = 10, .ofs_x = 0, .ofs_y = 0},
    {.bitmap_index = 12090, .adv_w = 165, .box_w = 9, .box_h = 13, .ofs_x = 1, .ofs_y = 0},
    {.bitmap_index = 12149, .adv_w = 140, .box_w = 7, .box_h = 11, .ofs_x = 1, .ofs_y = 0},
    {.bitmap_index = 12188, .adv_w = 165, .box_w = 9, .box_h = 13, .ofs_x = 1, .ofs_y = 0},
    {.bitmap_index = 12247, .adv_w = 140, .box_w = 7, .box_h = 10, .ofs_x = 1, .ofs_y = 0},
    {.bitmap_index = 12282, .adv_w = 165, .box_w = 9, .box_h = 14, .ofs_x = 1, .ofs_y = 0},
    {.bitmap_index = 12345, .adv_w = 140, .box_w = 7, .box_h = 11, .ofs_x = 1, .ofs_y = 0},
    {.bitmap_index = 12384, .adv_w = 165, .box_w = 9, .box_h = 15, .ofs_x = 1, .ofs_y = 0},
    {.bitmap_index = 12452, .adv_w = 140, .box_w = 7, .box_h = 12, .ofs_x = 1, .ofs_y = 0},
    {.bitmap_index = 12494, .adv_w = 165, .box_w = 9, .box_h = 14, .ofs_x = 1, .ofs_y = 0},
    {.bitmap_index = 12557, .adv_w = 140, .box_w = 7, .box_h = 11, .ofs_x = 1, .ofs_y = 0},
    {.bitmap_index = 12596, .adv_w = 165, .box_w = 9, .box_h = 13, .ofs_x = 1, .ofs_y = -3},
    {.bitmap_index = 12655, .adv_w = 140, .box_w = 7, .box_h = 11, .ofs_x = 1, .ofs_y = -3},
    {.bitmap_index = 12694, .adv_w = 211, .box_w = 14, .box_h = 14, .ofs_x = 0, .ofs_y = 0},
    {.bitmap_index = 12792, .adv_w = 181, .box_w = 12, .box_h = 11, .ofs_x = 0, .ofs_y = 0},
    {.bitmap_index = 12858, .adv_w = 131, .box_w = 9, .box_h = 14, .ofs_x = 0, .ofs_y = 0},
    {.bitmap_index = 12921, .adv_w = 118, .box_w = 8, .box_h = 14, .ofs_x = 0, .ofs_y = -3},
    {.bitmap_index = 12977, .adv_w = 131, .box_w = 9, .box_h = 13, .ofs_x = 0, .ofs_y = 0},
    {.bitmap_index = 13036, .adv_w = 129, .box_w = 8, .box_h = 14, .ofs_x = 0, .ofs_y = 0},
    {.bitmap_index = 13092, .adv_w = 107, .box_w = 7, .box_h = 11, .ofs_x = 0, .ofs_y = 0},
    {.bitmap_index = 13131, .adv_w = 129, .box_w = 8, .box_h = 13, .ofs_x = 0, .ofs_y = 0},
    {.bitmap_index = 13183, .adv_w = 107, .box_w = 7, .box_h = 11, .ofs_x = 0, .ofs_y = 0},
    {.bitmap_index = 13222, .adv_w = 129, .box_w = 8, .box_h = 14, .ofs_x = 0, .ofs_y = 0},
    {.bitmap_index = 13278, .adv_w = 107, .box_w = 7, .box_h = 11, .ofs_x = 0, .ofs_y = 0},
    {.bitmap_index = 13317, .adv_w = 77, .box_w = 5, .box_h = 11, .ofs_x = 1, .ofs_y = 0},
    {.bitmap_index = 13345, .adv_w = 139, .box_w = 8, .box_h = 11, .ofs_x = 0, .ofs_y = 0},
    {.bitmap_index = 13389, .adv_w = 168, .box_w = 10, .box_h = 10, .ofs_x = 0, .ofs_y = 0},
    {.bitmap_index = 13439, .adv_w = 139, .box_w = 8, .box_h = 10, .ofs_x = 1, .ofs_y = 0},
    {.bitmap_index = 13479, .adv_w = 139, .box_w = 7, .box_h = 11, .ofs_x = 1, .ofs_y = 0},
    {.bitmap_index = 13518, .adv_w = 144, .box_w = 8, .box_h = 10, .ofs_x = 1, .ofs_y = 0},
    {.bitmap_index = 13558, .adv_w = 139, .box_w = 7, .box_h = 11, .ofs_x = 1, .ofs_y = 0},
    {.bitmap_index = 13597, .adv_w = 142, .box_w = 9, .box_h = 10, .ofs_x = 0, .ofs_y = 0},
    {.bitmap_index = 13642, .adv_w = 142, .box_w = 10, .box_h = 14, .ofs_x = 0, .ofs_y = 0},
    {.bitmap_index = 13712, .adv_w = 114, .box_w = 8, .box_h = 11, .ofs_x = 0, .ofs_y = 0},
    {.bitmap_index = 13756, .adv_w = 164, .box_w = 10, .box_h = 10, .ofs_x = 0, .ofs_y = 0},
    {.bitmap_index = 13806, .adv_w = 185, .box_w = 11, .box_h = 10, .ofs_x = 0, .ofs_y = 0},
    {.bitmap_index = 13861, .adv_w = 139, .box_w = 8, .box_h = 10, .ofs_x = 0, .ofs_y = 0},
    {.bitmap_index = 13901, .adv_w = 139, .box_w = 8, .box_h = 11, .ofs_x = 0, .ofs_y = 0},
    {.bitmap_index = 13945, .adv_w = 137, .box_w = 8, .box_h = 11, .ofs_x = 0, .ofs_y = -3},
    {.bitmap_index = 13989, .adv_w = 125, .box_w = 7, .box_h = 10, .ofs_x = 0, .ofs_y = 0},
    {.bitmap_index = 14024, .adv_w = 171, .box_w = 10, .box_h = 10, .ofs_x = 0, .ofs_y = 0},
    {.bitmap_index = 14074, .adv_w = 136, .box_w = 8, .box_h = 10, .ofs_x = 0, .ofs_y = 0},
    {.bitmap_index = 14114, .adv_w = 138, .box_w = 10, .box_h = 13, .ofs_x = -1, .ofs_y = -3},
    {.bitmap_index = 14179, .adv_w = 99, .box_w = 8, .box_h = 14, .ofs_x = -1, .ofs_y = -3},
    {.bitmap_index = 14235, .adv_w = 163, .box_w = 11, .box_h = 14, .ofs_x = 0, .ofs_y = 0},
    {.bitmap_index = 14312, .adv_w = 133, .box_w = 9, .box_h = 13, .ofs_x = 0, .ofs_y = -3},
    {.bitmap_index = 14371, .adv_w = 213, .box_w = 12, .box_h = 11, .ofs_x = 1, .ofs_y = 0},
    {.bitmap_index = 14437, .adv_w = 82, .box_w = 4, .box_h = 10, .ofs_x = 1, .ofs_y = 0},
    {.bitmap_index = 14457, .adv_w = 80, .box_w = 5, .box_h = 10, .ofs_x = 0, .ofs_y = 0},
    {.bitmap_index = 14482, .adv_w = 142, .box_w = 8, .box_h = 10, .ofs_x = 1, .ofs_y = 0},
    {.bitmap_index = 14522, .adv_w = 125, .box_w = 7, .box_h = 11, .ofs_x = 1, .ofs_y = 0},
    {.bitmap_index = 14561, .adv_w = 62, .box_w = 4, .box_h = 11, .ofs_x = 0, .ofs_y = 0},
    {.bitmap_index = 14583, .adv_w = 126, .box_w = 9, .box_h = 11, .ofs_x = -1, .ofs_y = 0},
    {.bitmap_index = 14633, .adv_w = 231, .box_w = 13, .box_h = 10, .ofs_x = 1, .ofs_y = 0},
    {.bitmap_index = 14698, .adv_w = 174, .box_w = 11, .box_h = 13, .ofs_x = -1, .ofs_y = -3},
    {.bitmap_index = 14770, .adv_w = 140, .box_w = 7, .box_h = 11, .ofs_x = 1, .ofs_y = -3},
    {.bitmap_index = 14809, .adv_w = 176, .box_w = 11, .box_h = 10, .ofs_x = 0, .ofs_y = 0},
    {.bitmap_index = 14864, .adv_w = 178, .box_w = 12, .box_h = 11, .ofs_x = 0, .ofs_y = 0},
    {.bitmap_index = 14930, .adv_w = 142, .box_w = 10, .box_h = 9, .ofs_x = 0, .ofs_y = 0},
    {.bitmap_index = 14975, .adv_w = 244, .box_w = 15, .box_h = 10, .ofs_x = 0, .ofs_y = 0},
    {.bitmap_index = 15050, .adv_w = 195, .box_w = 12, .box_h = 11, .ofs_x = 0, .ofs_y = -3},
    {.bitmap_index = 15116, .adv_w = 157, .box_w = 10, .box_h = 10, .ofs_x = 0, .ofs_y = 0},
    {.bitmap_index = 15166, .adv_w = 139, .box_w = 7, .box_h = 14, .ofs_x = 1, .ofs_y = -3},
    {.bitmap_index = 15215, .adv_w = 142, .box_w = 8, .box_h = 12, .ofs_x = 1, .ofs_y = -2},
    {.bitmap_index = 15263, .adv_w = 123, .box_w = 8, .box_h = 10, .ofs_x = 0, .ofs_y = 0},
    {.bitmap_index = 15303, .adv_w = 109, .box_w = 7, .box_h = 8, .ofs_x = 0, .ofs_y = 0},
    {.bitmap_index = 15331, .adv_w = 129, .box_w = 8, .box_h = 10, .ofs_x = 0, .ofs_y = 0},
    {.bitmap_index = 15371, .adv_w = 84, .box_w = 7, .box_h = 14, .ofs_x = -1, .ofs_y = -3},
    {.bitmap_index = 15420, .adv_w = 86, .box_w = 6, .box_h = 13, .ofs_x = 0, .ofs_y = -3},
    {.bitmap_index = 15459, .adv_w = 132, .box_w = 9, .box_h = 10, .ofs_x = 0, .ofs_y = 0},
    {.bitmap_index = 15504, .adv_w = 86, .box_w = 6, .box_h = 11, .ofs_x = 0, .ofs_y = 0},
    {.bitmap_index = 15537, .adv_w = 126, .box_w = 8, .box_h = 13, .ofs_x = 0, .ofs_y = -3},
    {.bitmap_index = 15589, .adv_w = 182, .box_w = 11, .box_h = 11, .ofs_x = 1, .ofs_y = 0},
    {.bitmap_index = 15650, .adv_w = 156, .box_w = 10, .box_h = 9, .ofs_x = 1, .ofs_y = 0},
    {.bitmap_index = 15695, .adv_w = 176, .box_w = 11, .box_h = 10, .ofs_x = 0, .ofs_y = 0},
    {.bitmap_index = 15750, .adv_w = 165, .box_w = 9, .box_h = 10, .ofs_x = 1, .ofs_y = 0},
    {.bitmap_index = 15795, .adv_w = 133, .box_w = 9, .box_h = 10, .ofs_x = 0, .ofs_y = 0},
    {.bitmap_index = 15840, .adv_w = 127, .box_w = 8, .box_h = 11, .ofs_x = 0, .ofs_y = -3},
    {.bitmap_index = 15884, .adv_w = 128, .box_w = 8, .box_h = 10, .ofs_x = 0, .ofs_y = 0},
    {.bitmap_index = 15924, .adv_w = 107, .box_w = 7, .box_h = 8, .ofs_x = 0, .ofs_y = 0},
    {.bitmap_index = 15952, .adv_w = 131, .box_w = 8, .box_h = 10, .ofs_x = 0, .ofs_y = 0},
    {.bitmap_index = 15992, .adv_w = 131, .box_w = 8, .box_h = 10, .ofs_x = 0, .ofs_y = 0},
    {.bitmap_index = 16032, .adv_w = 117, .box_w = 8, .box_h = 11, .ofs_x = 0, .ofs_y = -3},
    {.bitmap_index = 16076, .adv_w = 117, .box_w = 7, .box_h = 11, .ofs_x = 0, .ofs_y = -3},
    {.bitmap_index = 16115, .adv_w = 128, .box_w = 8, .box_h = 11, .ofs_x = 0, .ofs_y = 0},
    {.bitmap_index = 16159, .adv_w = 130, .box_w = 8, .box_h = 10, .ofs_x = 0, .ofs_y = 0},
    {.bitmap_index = 16199, .adv_w = 114, .box_w = 7, .box_h = 8, .ofs_x = 0, .ofs_y = 0},
    {.bitmap_index = 16227, .adv_w = 106, .box_w = 7, .box_h = 10, .ofs_x = 0, .ofs_y = 0},
    {.bitmap_index = 16262, .adv_w = 134, .box_w = 7, .box_h = 11, .ofs_x = 1, .ofs_y = -3},
    {.bitmap_index = 16301, .adv_w = 72, .box_w = 2, .box_h = 11, .ofs_x = 1, .ofs_y = 0},
    {.bitmap_index = 16312, .adv_w = 124, .box_w = 6, .box_h = 11, .ofs_x = 1, .ofs_y = 0},
    {.bitmap_index = 16345, .adv_w = 116, .box_w = 7, .box_h = 11, .ofs_x = 0, .ofs_y = 0},
    {.bitmap_index = 16384, .adv_w = 61, .box_w = 3, .box_h = 10, .ofs_x = 0, .ofs_y = 0},
    {.bitmap_index = 16399, .adv_w = 291, .box_w = 17, .box_h = 14, .ofs_x = 1, .ofs_y = 0},
    {.bitmap_index = 16518, .adv_w = 270, .box_w = 16, .box_h = 11, .ofs_x = 1, .ofs_y = 0},
    {.bitmap_index = 16606, .adv_w = 246, .box_w = 15, .box_h = 11, .ofs_x = 0, .ofs_y = 0},
    {.bitmap_index = 16689, .adv_w = 185, .box_w = 10, .box_h = 14, .ofs_x = 1, .ofs_y = -4},
    {.bitmap_index = 16759, .adv_w = 181, .box_w = 10, .box_h = 14, .ofs_x = 1, .ofs_y = -3},
    {.bitmap_index = 16829, .adv_w = 122, .box_w = 6, .box_h = 14, .ofs_x = 1, .ofs_y = -3},
    {.bitmap_index = 16871, .adv_w = 239, .box_w = 13, .box_h = 14, .ofs_x = 1, .ofs_y = -4},
    {.bitmap_index = 16962, .adv_w = 235, .box_w = 13, .box_h = 14, .ofs_x = 1, .ofs_y = -3},
    {.bitmap_index = 17053, .adv_w = 202, .box_w = 11, .box_h = 14, .ofs_x = 1, .ofs_y = -3},
    {.bitmap_index = 17130, .adv_w = 147, .box_w = 10, .box_h = 14, .ofs_x = 0, .ofs_y = 0},
    {.bitmap_index = 17200, .adv_w = 128, .box_w = 7, .box_h = 11, .ofs_x = 0, .ofs_y = 0},
    {.bitmap_index = 17239, .adv_w = 79, .box_w = 7, .box_h = 14, .ofs_x = -1, .ofs_y = 0},
    {.bitmap_index = 17288, .adv_w = 60, .box_w = 6, .box_h = 11, .ofs_x = -1, .ofs_y = 0},
    {.bitmap_index = 17321, .adv_w = 176, .box_w = 11, .box_h = 14, .ofs_x = 0, .ofs_y = 0},
    {.bitmap_index = 17398, .adv_w = 137, .box_w = 8, .box_h = 11, .ofs_x = 0, .ofs_y = 0},
    {.bitmap_index = 17442, .adv_w = 165, .box_w = 9, .box_h = 14, .ofs_x = 1, .ofs_y = 0},
    {.bitmap_index = 17505, .adv_w = 140, .box_w = 7, .box_h = 11, .ofs_x = 1, .ofs_y = 0},
    {.bitmap_index = 17544, .adv_w = 165, .box_w = 9, .box_h = 15, .ofs_x = 1, .ofs_y = 0},
    {.bitmap_index = 17612, .adv_w = 140, .box_w = 7, .box_h = 12, .ofs_x = 1, .ofs_y = 0},
    {.bitmap_index = 17654, .adv_w = 165, .box_w = 9, .box_h = 16, .ofs_x = 1, .ofs_y = 0},
    {.bitmap_index = 17726, .adv_w = 140, .box_w = 7, .box_h = 13, .ofs_x = 1, .ofs_y = 0},
    {.bitmap_index = 17772, .adv_w = 165, .box_w = 9, .box_h = 16, .ofs_x = 1, .ofs_y = 0},
    {.bitmap_index = 17844, .adv_w = 140, .box_w = 7, .box_h = 13, .ofs_x = 1, .ofs_y = 0},
    {.bitmap_index = 17890, .adv_w = 165, .box_w = 9, .box_h = 16, .ofs_x = 1, .ofs_y = 0},
    {.bitmap_index = 17962, .adv_w = 140, .box_w = 7, .box_h = 13, .ofs_x = 1, .ofs_y = 0},
    {.bitmap_index = 18008, .adv_w = 129, .box_w = 8, .box_h = 8, .ofs_x = 0, .ofs_y = 0},
    {.bitmap_index = 18040, .adv_w = 147, .box_w = 10, .box_h = 15, .ofs_x = 0, .ofs_y = 0},
    {.bitmap_index = 18115, .adv_w = 128, .box_w = 7, .box_h = 12, .ofs_x = 0, .ofs_y = 0},
    {.bitmap_index = 18157, .adv_w = 147, .box_w = 10, .box_h = 15, .ofs_x = 0, .ofs_y = 0},
    {.bitmap_index = 18232, .adv_w = 128, .box_w = 7, .box_h = 12, .ofs_x = 0, .ofs_y = 0},
    {.bitmap_index = 18274, .adv_w = 202, .box_w = 13, .box_h = 13, .ofs_x = -1, .ofs_y = 0},
    {.bitmap_index = 18359, .adv_w = 197, .box_w = 12, .box_h = 10, .ofs_x = 0, .ofs_y = 0},
    {.bitmap_index = 18419, .adv_w = 163, .box_w = 11, .box_h = 10, .ofs_x = 0, .ofs_y = 0},
    {.bitmap_index = 18474, .adv_w = 139, .box_w = 9, .box_h = 11, .ofs_x = 0, .ofs_y = -3},
    {.bitmap_index = 18524, .adv_w = 163, .box_w = 10, .box_h = 14, .ofs_x = 0, .ofs_y = 0},
    {.bitmap_index = 18594, .adv_w = 139, .box_w = 8, .box_h = 14, .ofs_x = 0, .ofs_y = -3},
    {.bitmap_index = 18650, .adv_w = 141, .box_w = 8, .box_h = 14, .ofs_x = 1, .ofs_y = 0},
    {.bitmap_index = 18706, .adv_w = 125, .box_w = 9, .box_h = 15, .ofs_x = -1, .ofs_y = 0},
    {.bitmap_index = 18774, .adv_w = 176, .box_w = 11, .box_h = 13, .ofs_x = 0, .ofs_y = -3},
    {.bitmap_index = 18846, .adv_w = 137, .box_w = 8, .box_h = 11, .ofs_x = 0, .ofs_y = -3},
    {.bitmap_index = 18890, .adv_w = 176, .box_w = 11, .box_h = 16, .ofs_x = 0, .ofs_y = -3},
    {.bitmap_index = 18978, .adv_w = 137, .box_w = 8, .box_h = 13, .ofs_x = 0, .ofs_y = -3},
    {.bitmap_index = 19030, .adv_w = 131, .box_w = 8, .box_h = 14, .ofs_x = 0, .ofs_y = 0},
    {.bitmap_index = 19086, .adv_w = 117, .box_w = 7, .box_h = 14, .ofs_x = 0, .ofs_y = -3},
    {.bitmap_index = 19135, .adv_w = 60, .box_w = 6, .box_h = 14, .ofs_x = -1, .ofs_y = -3},
    {.bitmap_index = 19177, .adv_w = 291, .box_w = 17, .box_h = 10, .ofs_x = 1, .ofs_y = 0},
    {.bitmap_index = 19262, .adv_w = 270, .box_w = 16, .box_h = 10, .ofs_x = 1, .ofs_y = 0},
    {.bitmap_index = 19342, .adv_w = 246, .box_w = 15, .box_h = 11, .ofs_x = 0, .ofs_y = 0},
    {.bitmap_index = 19425, .adv_w = 163, .box_w = 10, .box_h = 14, .ofs_x = 0, .ofs_y = 0},
    {.bitmap_index = 19495, .adv_w = 139, .box_w = 8, .box_h = 14, .ofs_x = 0, .ofs_y = -3},
    {.bitmap_index = 19551, .adv_w = 217, .box_w = 12, .box_h = 10, .ofs_x = 1, .ofs_y = 0},
    {.bitmap_index = 19611, .adv_w = 149, .box_w = 8, .box_h = 13, .ofs_x = 1, .ofs_y = -3},
    {.bitmap_index = 19663, .adv_w = 173, .box_w = 9, .box_h = 14, .ofs_x = 1, .ofs_y = 0},
    {.bitmap_index = 19726, .adv_w = 140, .box_w = 7, .box_h = 11, .ofs_x = 1, .ofs_y = 0},
    {.bitmap_index = 19765, .adv_w = 147, .box_w = 10, .box_h = 14, .ofs_x = 0, .ofs_y = 0},
    {.bitmap_index = 19835, .adv_w = 128, .box_w = 7, .box_h = 14, .ofs_x = 0, .ofs_y = 0},
    {.bitmap_index = 19884, .adv_w = 202, .box_w = 13, .box_h = 14, .ofs_x = -1, .ofs_y = 0},
    {.bitmap_index = 19975, .adv_w = 197, .box_w = 12, .box_h = 11, .ofs_x = 0, .ofs_y = 0},
    {.bitmap_index = 20041, .adv_w = 176, .box_w = 11, .box_h = 15, .ofs_x = 0, .ofs_y = -1},
    {.bitmap_index = 20124, .adv_w = 136, .box_w = 8, .box_h = 12, .ofs_x = 0, .ofs_y = -1},
    {.bitmap_index = 20172, .adv_w = 147, .box_w = 10, .box_h = 14, .ofs_x = 0, .ofs_y = 0},
    {.bitmap_index = 20242, .adv_w = 128, .box_w = 7, .box_h = 11, .ofs_x = 0, .ofs_y = 0},
    {.bitmap_index = 20281, .adv_w = 147, .box_w = 10, .box_h = 13, .ofs_x = 0, .ofs_y = 0},
    {.bitmap_index = 20346, .adv_w = 128, .box_w = 7, .box_h = 11, .ofs_x = 0, .ofs_y = 0},
    {.bitmap_index = 20385, .adv_w = 125, .box_w = 7, .box_h = 14, .ofs_x = 0, .ofs_y = 0},
    {.bitmap_index = 20434, .adv_w = 129, .box_w = 8, .box_h = 11, .ofs_x = 0, .ofs_y = 0},
    {.bitmap_index = 20478, .adv_w = 125, .box_w = 6, .box_h = 13, .ofs_x = 1, .ofs_y = 0},
    {.bitmap_index = 20517, .adv_w = 129, .box_w = 8, .box_h = 11, .ofs_x = 0, .ofs_y = 0},
    {.bitmap_index = 20561, .adv_w = 79, .box_w = 6, .box_h = 14, .ofs_x = -1, .ofs_y = 0},
    {.bitmap_index = 20603, .adv_w = 60, .box_w = 6, .box_h = 11, .ofs_x = -2, .ofs_y = 0},
    {.bitmap_index = 20636, .adv_w = 79, .box_w = 5, .box_h = 13, .ofs_x = 0, .ofs_y = 0},
    {.bitmap_index = 20669, .adv_w = 60, .box_w = 6, .box_h = 11, .ofs_x = -1, .ofs_y = 0},
    {.bitmap_index = 20702, .adv_w = 176, .box_w = 11, .box_h = 14, .ofs_x = 0, .ofs_y = 0},
    {.bitmap_index = 20779, .adv_w = 137, .box_w = 8, .box_h = 11, .ofs_x = 0, .ofs_y = 0},
    {.bitmap_index = 20823, .adv_w = 176, .box_w = 11, .box_h = 14, .ofs_x = 0, .ofs_y = 0},
    {.bitmap_index = 20900, .adv_w = 137, .box_w = 8, .box_h = 11, .ofs_x = 0, .ofs_y = 0},
    {.bitmap_index = 20944, .adv_w = 142, .box_w = 8, .box_h = 14, .ofs_x = 1, .ofs_y = 0},
    {.bitmap_index = 21000, .adv_w = 95, .box_w = 6, .box_h = 11, .ofs_x = 0, .ofs_y = 0},
    {.bitmap_index = 21033, .adv_w = 142, .box_w = 8, .box_h = 13, .ofs_x = 1, .ofs_y = 0},
    {.bitmap_index = 21085, .adv_w = 95, .box_w = 5, .box_h = 11, .ofs_x = 1, .ofs_y = 0},
    {.bitmap_index = 21113, .adv_w = 165, .box_w = 9, .box_h = 14, .ofs_x = 1, .ofs_y = 0},
    {.bitmap_index = 21176, .adv_w = 140, .box_w = 7, .box_h = 11, .ofs_x = 1, .ofs_y = 0},
    {.bitmap_index = 21215, .adv_w = 165, .box_w = 9, .box_h = 14, .ofs_x = 1, .ofs_y = 0},
    {.bitmap_index = 21278, .adv_w = 140, .box_w = 7, .box_h = 11, .ofs_x = 1, .ofs_y = 0},
    {.bitmap_index = 21317, .adv_w = 123, .box_w = 8, .box_h = 13, .ofs_x = 0, .ofs_y = -3},
    {.bitmap_index = 21369, .adv_w = 109, .box_w = 7, .box_h = 11, .ofs_x = 0, .ofs_y = -3},
    {.bitmap_index = 21408, .adv_w = 126, .box_w = 8, .box_h = 13, .ofs_x = 0, .ofs_y = -3},
    {.bitmap_index = 21460, .adv_w = 86, .box_w = 6, .box_h = 13, .ofs_x = 0, .ofs_y = -3},
    {.bitmap_index = 21499, .adv_w = 132, .box_w = 8, .box_h = 14, .ofs_x = 0, .ofs_y = -4},
    {.bitmap_index = 21555, .adv_w = 112, .box_w = 7, .box_h = 12, .ofs_x = 0, .ofs_y = -4},
    {.bitmap_index = 21597, .adv_w = 168, .box_w = 9, .box_h = 14, .ofs_x = 1, .ofs_y = 0},
    {.bitmap_index = 21660, .adv_w = 140, .box_w = 9, .box_h = 15, .ofs_x = -1, .ofs_y = 0},
    {.bitmap_index = 21728, .adv_w = 167, .box_w = 9, .box_h = 13, .ofs_x = 1, .ofs_y = -3},
    {.bitmap_index = 21787, .adv_w = 194, .box_w = 13, .box_h = 13, .ofs_x = 0, .ofs_y = -2},
    {.bitmap_index = 21872, .adv_w = 156, .box_w = 9, .box_h = 10, .ofs_x = 0, .ofs_y = 0},
    {.bitmap_index = 21917, .adv_w = 136, .box_w = 8, .box_h = 11, .ofs_x = 0, .ofs_y = 0},
    {.bitmap_index = 21961, .adv_w = 129, .box_w = 8, .box_h = 14, .ofs_x = 0, .ofs_y = -4},
    {.bitmap_index = 22017, .adv_w = 106, .box_w = 7, .box_h = 12, .ofs_x = 0, .ofs_y = -4},
    {.bitmap_index = 22059, .adv_w = 147, .box_w = 10, .box_h = 13, .ofs_x = 0, .ofs_y = 0},
    {.bitmap_index = 22124, .adv_w = 128, .box_w = 7, .box_h = 11, .ofs_x = 0, .ofs_y = 0},
    {.bitmap_index = 22163, .adv_w = 125, .box_w = 6, .box_h = 13, .ofs_x = 1, .ofs_y = -3},
    {.bitmap_index = 22202, .adv_w = 129, .box_w = 8, .box_h = 11, .ofs_x = 0, .ofs_y = -3},
    {.bitmap_index = 22246, .adv_w = 176, .box_w = 11, .box_h = 15, .ofs_x = 0, .ofs_y = 0},
    {.bitmap_index = 22329, .adv_w = 137, .box_w = 8, .box_h = 12, .ofs_x = 0, .ofs_y = 0},
    {.bitmap_index = 22377, .adv_w = 176, .box_w = 11, .box_h = 15, .ofs_x = 0, .ofs_y = 0},
    {.bitmap_index = 22460, .adv_w = 137, .box_w = 8, .box_h = 12, .ofs_x = 0, .ofs_y = 0},
    {.bitmap_index = 22508, .adv_w = 176, .box_w = 11, .box_h = 14, .ofs_x = 0, .ofs_y = 0},
    {.bitmap_index = 22585, .adv_w = 137, .box_w = 8, .box_h = 11, .ofs_x = 0, .ofs_y = 0},
    {.bitmap_index = 22629, .adv_w = 176, .box_w = 11, .box_h = 15, .ofs_x = 0, .ofs_y = 0},
    {.bitmap_index = 22712, .adv_w = 137, .box_w = 8, .box_h = 12, .ofs_x = 0, .ofs_y = 0},
    {.bitmap_index = 22760, .adv_w = 131, .box_w = 9, .box_h = 13, .ofs_x = 0, .ofs_y = 0},
    {.bitmap_index = 22819, .adv_w = 118, .box_w = 8, .box_h = 14, .ofs_x = 0, .ofs_y = -3},
    {.bitmap_index = 22875, .adv_w = 89, .box_w = 6, .box_h = 12, .ofs_x = 0, .ofs_y = -1},
    {.bitmap_index = 22911, .adv_w = 169, .box_w = 10, .box_h = 9, .ofs_x = 1, .ofs_y = -1},
    {.bitmap_index = 22956, .adv_w = 91, .box_w = 6, .box_h = 11, .ofs_x = 0, .ofs_y = -1},
    {.bitmap_index = 22989, .adv_w = 60, .box_w = 4, .box_h = 11, .ofs_x = -1, .ofs_y = -3},
    {.bitmap_index = 23011, .adv_w = 217, .box_w = 13, .box_h = 11, .ofs_x = 0, .ofs_y = 0},
    {.bitmap_index = 23083, .adv_w = 217, .box_w = 13, .box_h = 11, .ofs_x = 0, .ofs_y = -3},
    {.bitmap_index = 23155, .adv_w = 147, .box_w = 10, .box_h = 12, .ofs_x = 0, .ofs_y = -1},
    {.bitmap_index = 23215, .adv_w = 142, .box_w = 9, .box_h = 12, .ofs_x = 0, .ofs_y = -1},
    {.bitmap_index = 23269, .adv_w = 110, .box_w = 7, .box_h = 14, .ofs_x = 0, .ofs_y = -3},
    {.bitmap_index = 23318, .adv_w = 120, .box_w = 8, .box_h = 10, .ofs_x = 0, .ofs_y = 0},
    {.bitmap_index = 23358, .adv_w = 127, .box_w = 8, .box_h = 12, .ofs_x = 0, .ofs_y = -1},
    {.bitmap_index = 23406, .adv_w = 108, .box_w = 7, .box_h = 11, .ofs_x = 0, .ofs_y = -3},
    {.bitmap_index = 23445, .adv_w = 106, .box_w = 7, .box_h = 11, .ofs_x = 0, .ofs_y = -3},
    {.bitmap_index = 23484, .adv_w = 103, .box_w = 6, .box_h = 10, .ofs_x = 0, .ofs_y = 0},
    {.bitmap_index = 23514, .adv_w = 101, .box_w = 6, .box_h = 8, .ofs_x = 0, .ofs_y = 0},
    {.bitmap_index = 23538, .adv_w = 146, .box_w = 9, .box_h = 10, .ofs_x = 0, .ofs_y = 0},
    {.bitmap_index = 23583, .adv_w = 165, .box_w = 11, .box_h = 10, .ofs_x = 0, .ofs_y = 0},
    {.bitmap_index = 23638, .adv_w = 140, .box_w = 9, .box_h = 10, .ofs_x = 0, .ofs_y = 0},
    {.bitmap_index = 23683, .adv_w = 125, .box_w = 6, .box_h = 13, .ofs_x = 1, .ofs_y = -2},
    {.bitmap_index = 23722, .adv_w = 128, .box_w = 8, .box_h = 10, .ofs_x = 0, .ofs_y = -1},
    {.bitmap_index = 23762, .adv_w = 65, .box_w = 6, .box_h = 14, .ofs_x = -2, .ofs_y = -4},
    {.bitmap_index = 23804, .adv_w = 61, .box_w = 5, .box_h = 14, .ofs_x = -1, .ofs_y = -3},
    {.bitmap_index = 23839, .adv_w = 173, .box_w = 11, .box_h = 13, .ofs_x = 0, .ofs_y = -3},
    {.bitmap_index = 23911, .adv_w = 139, .box_w = 9, .box_h = 11, .ofs_x = 0, .ofs_y = -3},
    {.bitmap_index = 23961, .adv_w = 142, .box_w = 9, .box_h = 10, .ofs_x = 0, .ofs_y = 0},
    {.bitmap_index = 24006, .adv_w = 95, .box_w = 6, .box_h = 9, .ofs_x = 0, .ofs_y = 0},
    {.bitmap_index = 24033, .adv_w = 131, .box_w = 9, .box_h = 10, .ofs_x = 0, .ofs_y = 0},
    {.bitmap_index = 24078, .adv_w = 118, .box_w = 8, .box_h = 11, .ofs_x = 0, .ofs_y = -3},
    {.bitmap_index = 24122, .adv_w = 102, .box_w = 5, .box_h = 10, .ofs_x = 1, .ofs_y = 0},
    {.bitmap_index = 24147, .adv_w = 87, .box_w = 5, .box_h = 8, .ofs_x = 1, .ofs_y = 0},
    {.bitmap_index = 24167, .adv_w = 155, .box_w = 9, .box_h = 10, .ofs_x = 0, .ofs_y = 0},
    {.bitmap_index = 24212, .adv_w = 149, .box_w = 8, .box_h = 11, .ofs_x = 1, .ofs_y = 0},
    {.bitmap_index = 24256, .adv_w = 43, .box_w = 3, .box_h = 3, .ofs_x = 0, .ofs_y = 8},
    {.bitmap_index = 24261, .adv_w = 43, .box_w = 4, .box_h = 3, .ofs_x = -1, .ofs_y = -2},
    {.bitmap_index = 24267, .adv_w = 176, .box_w = 9, .box_h = 10, .ofs_x = 1, .ofs_y = 0},
    {.bitmap_index = 24312, .adv_w = 149, .box_w = 8, .box_h = 8, .ofs_x = 1, .ofs_y = 0},
    {.bitmap_index = 24344, .adv_w = 58, .box_w = 3, .box_h = 4, .ofs_x = 1, .ofs_y = -4},
    {.bitmap_index = 24350, .adv_w = 110, .box_w = 7, .box_h = 8, .ofs_x = 0, .ofs_y = 0},
    {.bitmap_index = 24378, .adv_w = 110, .box_w = 7, .box_h = 8, .ofs_x = 0, .ofs_y = 0},
    {.bitmap_index = 24406, .adv_w = 110, .box_w = 7, .box_h = 8, .ofs_x = 0, .ofs_y = 0},
    {.bitmap_index = 24434, .adv_w = 61, .box_w = 3, .box_h = 10, .ofs_x = 0, .ofs_y = -2},
    {.bitmap_index = 24449, .adv_w = 65, .box_w = 5, .box_h = 14, .ofs_x = -2, .ofs_y = -4},
    {.bitmap_index = 24484, .adv_w = 56, .box_w = 3, .box_h = 3, .ofs_x = 0, .ofs_y = 9},
    {.bitmap_index = 24489, .adv_w = 155, .box_w = 6, .box_h = 3, .ofs_x = 2, .ofs_y = 9},
    {.bitmap_index = 24498, .adv_w = 164, .box_w = 11, .box_h = 10, .ofs_x = 0, .ofs_y = 0},
    {.bitmap_index = 24553, .adv_w = 61, .box_w = 3, .box_h = 3, .ofs_x = 0, .ofs_y = 5},
    {.bitmap_index = 24558, .adv_w = 166, .box_w = 10, .box_h = 10, .ofs_x = 0, .ofs_y = 0},
    {.bitmap_index = 24608, .adv_w = 208, .box_w = 12, .box_h = 10, .ofs_x = 0, .ofs_y = 0},
    {.bitmap_index = 24668, .adv_w = 125, .box_w = 8, .box_h = 10, .ofs_x = 0, .ofs_y = 0},
    {.bitmap_index = 24708, .adv_w = 205, .box_w = 12, .box_h = 10, .ofs_x = 0, .ofs_y = 0},
    {.bitmap_index = 24768, .adv_w = 182, .box_w = 12, .box_h = 10, .ofs_x = 0, .ofs_y = 0},
    {.bitmap_index = 24828, .adv_w = 195, .box_w = 12, .box_h = 10, .ofs_x = 0, .ofs_y = 0},
    {.bitmap_index = 24888, .adv_w = 79, .box_w = 7, .box_h = 11, .ofs_x = -1, .ofs_y = 0},
    {.bitmap_index = 24927, .adv_w = 147, .box_w = 10, .box_h = 10, .ofs_x = 0, .ofs_y = 0},
    {.bitmap_index = 24977, .adv_w = 146, .box_w = 8, .box_h = 10, .ofs_x = 1, .ofs_y = 0},
    {.bitmap_index = 25017, .adv_w = 114, .box_w = 6, .box_h = 10, .ofs_x = 1, .ofs_y = 0},
    {.bitmap_index = 25047, .adv_w = 145, .box_w = 9, .box_h = 10, .ofs_x = 0, .ofs_y = 0},
    {.bitmap_index = 25092, .adv_w = 125, .box_w = 6, .box_h = 10, .ofs_x = 1, .ofs_y = 0},
    {.bitmap_index = 25122, .adv_w = 129, .box_w = 8, .box_h = 10, .ofs_x = 0, .ofs_y = 0},
    {.bitmap_index = 25162, .adv_w = 168, .box_w = 9, .box_h = 10, .ofs_x = 1, .ofs_y = 0},
    {.bitmap_index = 25207, .adv_w = 176, .box_w = 11, .box_h = 10, .ofs_x = 0, .ofs_y = 0},
    {.bitmap_index = 25262, .adv_w = 79, .box_w = 5, .box_h = 10, .ofs_x = 0, .ofs_y = 0},
    {.bitmap_index = 25287, .adv_w = 141, .box_w = 8, .box_h = 10, .ofs_x = 1, .ofs_y = 0},
    {.bitmap_index = 25327, .adv_w = 140, .box_w = 9, .box_h = 10, .ofs_x = 0, .ofs_y = 0},
    {.bitmap_index = 25372, .adv_w = 206, .box_w = 11, .box_h = 10, .ofs_x = 1, .ofs_y = 0},
    {.bitmap_index = 25427, .adv_w = 173, .box_w = 9, .box_h = 10, .ofs_x = 1, .ofs_y = 0},
    {.bitmap_index = 25472, .adv_w = 140, .box_w = 8, .box_h = 10, .ofs_x = 0, .ofs_y = 0},
    {.bitmap_index = 25512, .adv_w = 176, .box_w = 11, .box_h = 10, .ofs_x = 0, .ofs_y = 0},
    {.bitmap_index = 25567, .adv_w = 165, .box_w = 8, .box_h = 10, .ofs_x = 1, .ofs_y = 0},
    {.bitmap_index = 25607, .adv_w = 137, .box_w = 7, .box_h = 10, .ofs_x = 1, .ofs_y = 0},
    {.bitmap_index = 25642, .adv_w = 129, .box_w = 8, .box_h = 10, .ofs_x = 0, .ofs_y = 0},
    {.bitmap_index = 25682, .adv_w = 126, .box_w = 8, .box_h = 10, .ofs_x = 0, .ofs_y = 0},
    {.bitmap_index = 25722, .adv_w = 131, .box_w = 9, .box_h = 10, .ofs_x = 0, .ofs_y = 0},
    {.bitmap_index = 25767, .adv_w = 193, .box_w = 12, .box_h = 10, .ofs_x = 0, .ofs_y = 0},
    {.bitmap_index = 25827, .adv_w = 137, .box_w = 9, .box_h = 10, .ofs_x = 0, .ofs_y = 0},
    {.bitmap_index = 25872, .adv_w = 188, .box_w = 10, .box_h = 10, .ofs_x = 1, .ofs_y = 0},
    {.bitmap_index = 25922, .adv_w = 163, .box_w = 10, .box_h = 10, .ofs_x = 0, .ofs_y = 0},
    {.bitmap_index = 25972, .adv_w = 79, .box_w = 5, .box_h = 13, .ofs_x = 0, .ofs_y = 0},
    {.bitmap_index = 26005, .adv_w = 131, .box_w = 9, .box_h = 13, .ofs_x = 0, .ofs_y = 0},
    {.bitmap_index = 26064, .adv_w = 142, .box_w = 9, .box_h = 11, .ofs_x = 0, .ofs_y = 0},
    {.bitmap_index = 26114, .adv_w = 108, .box_w = 7, .box_h = 11, .ofs_x = 0, .ofs_y = 0},
    {.bitmap_index = 26153, .adv_w = 138, .box_w = 7, .box_h = 14, .ofs_x = 1, .ofs_y = -3},
    {.bitmap_index = 26202, .adv_w = 79, .box_w = 4, .box_h = 11, .ofs_x = 1, .ofs_y = 0},
    {.bitmap_index = 26224, .adv_w = 137, .box_w = 7, .box_h = 11, .ofs_x = 1, .ofs_y = 0},
    {.bitmap_index = 26263, .adv_w = 142, .box_w = 9, .box_h = 8, .ofs_x = 0, .ofs_y = 0},
    {.bitmap_index = 26299, .adv_w = 138, .box_w = 7, .box_h = 14, .ofs_x = 1, .ofs_y = -3},
    {.bitmap_index = 26348, .adv_w = 119, .box_w = 7, .box_h = 11, .ofs_x = 0, .ofs_y = -3},
    {.bitmap_index = 26387, .adv_w = 133, .box_w = 8, .box_h = 11, .ofs_x = 0, .ofs_y = 0},
    {.bitmap_index = 26431, .adv_w = 108, .box_w = 7, .box_h = 8, .ofs_x = 0, .ofs_y = 0},
    {.bitmap_index = 26459, .adv_w = 105, .box_w = 7, .box_h = 15, .ofs_x = 0, .ofs_y = -4},
    {.bitmap_index = 26512, .adv_w = 138, .box_w = 7, .box_h = 11, .ofs_x = 1, .ofs_y = -3},
    {.bitmap_index = 26551, .adv_w = 134, .box_w = 8, .box_h = 11, .ofs_x = 0, .ofs_y = 0},
    {.bitmap_index = 26595, .adv_w = 79, .box_w = 4, .box_h = 8, .ofs_x = 1, .ofs_y = 0},
    {.bitmap_index = 26611, .adv_w = 125, .box_w = 7, .box_h = 8, .ofs_x = 1, .ofs_y = 0},
    {.bitmap_index = 26639, .adv_w = 120, .box_w = 8, .box_h = 11, .ofs_x = 0, .ofs_y = 0},
    {.bitmap_index = 26683, .adv_w = 143, .box_w = 8, .box_h = 11, .ofs_x = 1, .ofs_y = -3},
    {.bitmap_index = 26727, .adv_w = 119, .box_w = 7, .box_h = 8, .ofs_x = 0, .ofs_y = 0},
    {.bitmap_index = 26755, .adv_w = 112, .box_w = 7, .box_h = 15, .ofs_x = 0, .ofs_y = -4},
    {.bitmap_index = 26808, .adv_w = 137, .box_w = 8, .box_h = 8, .ofs_x = 0, .ofs_y = 0},
    {.bitmap_index = 26840, .adv_w = 152, .box_w = 10, .box_h = 8, .ofs_x = 0, .ofs_y = 0},
    {.bitmap_index = 26880, .adv_w = 136, .box_w = 8, .box_h = 11, .ofs_x = 0, .ofs_y = -3},
    {.bitmap_index = 26924, .adv_w = 111, .box_w = 7, .box_h = 11, .ofs_x = 0, .ofs_y = -3},
    {.bitmap_index = 26963, .adv_w = 140, .box_w = 9, .box_h = 8, .ofs_x = 0, .ofs_y = 0},
    {.bitmap_index = 26999, .adv_w = 113, .box_w = 7, .box_h = 8, .ofs_x = 0, .ofs_y = 0},
    {.bitmap_index = 27027, .adv_w = 137, .box_w = 7, .box_h = 8, .ofs_x = 1, .ofs_y = 0},
    {.bitmap_index = 27055, .adv_w = 168, .box_w = 10, .box_h = 14, .ofs_x = 0, .ofs_y = -3},
    {.bitmap_index = 27125, .adv_w = 135, .box_w = 9, .box_h = 11, .ofs_x = 0, .ofs_y = -3},
    {.bitmap_index = 27175, .adv_w = 173, .box_w = 9, .box_h = 14, .ofs_x = 1, .ofs_y = -3},
    {.bitmap_index = 27238, .adv_w = 183, .box_w = 11, .box_h = 8, .ofs_x = 0, .ofs_y = 0},
    {.bitmap_index = 27282, .adv_w = 79, .box_w = 6, .box_h = 10, .ofs_x = -1, .ofs_y = 0},
    {.bitmap_index = 27312, .adv_w = 137, .box_w = 7, .box_h = 10, .ofs_x = 1, .ofs_y = 0},
    {.bitmap_index = 27347, .adv_w = 137, .box_w = 8, .box_h = 11, .ofs_x = 0, .ofs_y = 0},
    {.bitmap_index = 27391, .adv_w = 137, .box_w = 7, .box_h = 11, .ofs_x = 1, .ofs_y = 0},
    {.bitmap_index = 27430, .adv_w = 184, .box_w = 11, .box_h = 11, .ofs_x = 0, .ofs_y = 0},
    {.bitmap_index = 27491, .adv_w = 141, .box_w = 8, .box_h = 13, .ofs_x = 1, .ofs_y = -3},
    {.bitmap_index = 27543, .adv_w = 145, .box_w = 8, .box_h = 11, .ofs_x = 1, .ofs_y = 0},
    {.bitmap_index = 27587, .adv_w = 147, .box_w = 9, .box_h = 11, .ofs_x = 0, .ofs_y = 0},
    {.bitmap_index = 27637, .adv_w = 137, .box_w = 9, .box_h = 10, .ofs_x = 0, .ofs_y = 0},
    {.bitmap_index = 27682, .adv_w = 188, .box_w = 12, .box_h = 10, .ofs_x = 0, .ofs_y = 0},
    {.bitmap_index = 27742, .adv_w = 137, .box_w = 9, .box_h = 13, .ofs_x = 0, .ofs_y = 0},
    {.bitmap_index = 27801, .adv_w = 168, .box_w = 10, .box_h = 14, .ofs_x = 0, .ofs_y = -3},
    {.bitmap_index = 27871, .adv_w = 202, .box_w = 13, .box_h = 8, .ofs_x = 0, .ofs_y = 0},
    {.bitmap_index = 27923, .adv_w = 125, .box_w = 7, .box_h = 12, .ofs_x = 1, .ofs_y = -4},
    {.bitmap_index = 27965, .adv_w = 173, .box_w = 10, .box_h = 10, .ofs_x = 0, .ofs_y = 0},
    {.bitmap_index = 28015, .adv_w = 137, .box_w = 8, .box_h = 11, .ofs_x = 0, .ofs_y = -3},
    {.bitmap_index = 28059, .adv_w = 142, .box_w = 9, .box_h = 10, .ofs_x = 0, .ofs_y = 0},
    {.bitmap_index = 28104, .adv_w = 110, .box_w = 7, .box_h = 12, .ofs_x = 0, .ofs_y = -4},
    {.bitmap_index = 28146, .adv_w = 117, .box_w = 6, .box_h = 10, .ofs_x = 1, .ofs_y = 0},
    {.bitmap_index = 28176, .adv_w = 118, .box_w = 6, .box_h = 11, .ofs_x = 1, .ofs_y = -3},
    {.bitmap_index = 28209, .adv_w = 111, .box_w = 8, .box_h = 10, .ofs_x = -1, .ofs_y = 0},
    {.bitmap_index = 28249, .adv_w = 124, .box_w = 8, .box_h = 14, .ofs_x = 0, .ofs_y = -3},
    {.bitmap_index = 28305, .adv_w = 133, .box_w = 9, .box_h = 10, .ofs_x = -1, .ofs_y = 0},
    {.bitmap_index = 28350, .adv_w = 116, .box_w = 9, .box_h = 15, .ofs_x = -2, .ofs_y = -3},
    {.bitmap_index = 28418, .adv_w = 151, .box_w = 10, .box_h = 8, .ofs_x = 0, .ofs_y = 0},
    {.bitmap_index = 28458, .adv_w = 136, .box_w = 8, .box_h = 11, .ofs_x = 0, .ofs_y = -3},
    {.bitmap_index = 28502, .adv_w = 110, .box_w = 7, .box_h = 8, .ofs_x = 0, .ofs_y = 0},
    {.bitmap_index = 28530, .adv_w = 60, .box_w = 4, .box_h = 14, .ofs_x = -1, .ofs_y = -3},
    {.bitmap_index = 28558, .adv_w = 176, .box_w = 11, .box_h = 10, .ofs_x = 0, .ofs_y = 0},
    {.bitmap_index = 28613, .adv_w = 113, .box_w = 7, .box_h = 8, .ofs_x = 0, .ofs_y = 0},
    {.bitmap_index = 28641, .adv_w = 112, .box_w = 7, .box_h = 8, .ofs_x = 0, .ofs_y = 0},
    {.bitmap_index = 28669, .adv_w = 137, .box_w = 7, .box_h = 10, .ofs_x = 1, .ofs_y = 0},
    {.bitmap_index = 28704, .adv_w = 139, .box_w = 7, .box_h = 14, .ofs_x = 1, .ofs_y = -3},
    {.bitmap_index = 28753, .adv_w = 142, .box_w = 9, .box_h = 10, .ofs_x = 0, .ofs_y = 0},
    {.bitmap_index = 28798, .adv_w = 206, .box_w = 11, .box_h = 10, .ofs_x = 1, .ofs_y = 0},
    {.bitmap_index = 28853, .adv_w = 169, .box_w = 9, .box_h = 11, .ofs_x = 1, .ofs_y = -3},
    {.bitmap_index = 28903, .adv_w = 137, .box_w = 8, .box_h = 11, .ofs_x = 0, .ofs_y = -3},
    {.bitmap_index = 28947, .adv_w = 142, .box_w = 9, .box_h = 10, .ofs_x = 0, .ofs_y = 0},
    {.bitmap_index = 28992, .adv_w = 142, .box_w = 9, .box_h = 10, .ofs_x = 0, .ofs_y = 0},
    {.bitmap_index = 29037, .adv_w = 142, .box_w = 9, .box_h = 10, .ofs_x = 0, .ofs_y = 0},
    {.bitmap_index = 29082, .adv_w = 125, .box_w = 6, .box_h = 14, .ofs_x = 1, .ofs_y = 0},
    {.bitmap_index = 29124, .adv_w = 125, .box_w = 6, .box_h = 13, .ofs_x = 1, .ofs_y = 0},
    {.bitmap_index = 29163, .adv_w = 164, .box_w = 10, .box_h = 10, .ofs_x = 0, .ofs_y = 0},
    {.bitmap_index = 29213, .adv_w = 118, .box_w = 6, .box_h = 14, .ofs_x = 1, .ofs_y = 0},
    {.bitmap_index = 29255, .adv_w = 144, .box_w = 9, .box_h = 10, .ofs_x = 0, .ofs_y = 0},
    {.bitmap_index = 29300, .adv_w = 123, .box_w = 8, .box_h = 10, .ofs_x = 0, .ofs_y = 0},
    {.bitmap_index = 29340, .adv_w = 66, .box_w = 2, .box_h = 10, .ofs_x = 1, .ofs_y = 0},
    {.bitmap_index = 29350, .adv_w = 67, .box_w = 4, .box_h = 13, .ofs_x = 0, .ofs_y = 0},
    {.bitmap_index = 29376, .adv_w = 65, .box_w = 5, .box_h = 14, .ofs_x = -2, .ofs_y = -4},
    {.bitmap_index = 29411, .adv_w = 228, .box_w = 14, .box_h = 10, .ofs_x = 0, .ofs_y = 0},
    {.bitmap_index = 29481, .adv_w = 233, .box_w = 13, .box_h = 10, .ofs_x = 1, .ofs_y = 0},
    {.bitmap_index = 29546, .adv_w = 164, .box_w = 10, .box_h = 10, .ofs_x = 0, .ofs_y = 0},
    {.bitmap_index = 29596, .adv_w = 144, .box_w = 8, .box_h = 14, .ofs_x = 1, .ofs_y = 0},
    {.bitmap_index = 29652, .adv_w = 172, .box_w = 9, .box_h = 14, .ofs_x = 1, .ofs_y = 0},
    {.bitmap_index = 29715, .adv_w = 140, .box_w = 9, .box_h = 14, .ofs_x = 0, .ofs_y = 0},
    {.bitmap_index = 29778, .adv_w = 166, .box_w = 9, .box_h = 13, .ofs_x = 1, .ofs_y = -3},
    {.bitmap_index = 29837, .adv_w = 146, .box_w = 10, .box_h = 10, .ofs_x = 0, .ofs_y = 0},
    {.bitmap_index = 29887, .adv_w = 140, .box_w = 8, .box_h = 10, .ofs_x = 1, .ofs_y = 0},
    {.bitmap_index = 29927, .adv_w = 146, .box_w = 8, .box_h = 10, .ofs_x = 1, .ofs_y = 0},
    {.bitmap_index = 29967, .adv_w = 118, .box_w = 6, .box_h = 10, .ofs_x = 1, .ofs_y = 0},
    {.bitmap_index = 29997, .adv_w = 166, .box_w = 11, .box_h = 13, .ofs_x = 0, .ofs_y = -3},
    {.bitmap_index = 30069, .adv_w = 125, .box_w = 6, .box_h = 10, .ofs_x = 1, .ofs_y = 0},
    {.bitmap_index = 30099, .adv_w = 209, .box_w = 13, .box_h = 10, .ofs_x = 0, .ofs_y = 0},
    {.bitmap_index = 30164, .adv_w = 130, .box_w = 8, .box_h = 10, .ofs_x = 0, .ofs_y = 0},
    {.bitmap_index = 30204, .adv_w = 172, .box_w = 9, .box_h = 10, .ofs_x = 1, .ofs_y = 0},
    {.bitmap_index = 30249, .adv_w = 172, .box_w = 9, .box_h = 14, .ofs_x = 1, .ofs_y = 0},
    {.bitmap_index = 30312, .adv_w = 144, .box_w = 8, .box_h = 10, .ofs_x = 1, .ofs_y = 0},
    {.bitmap_index = 30352, .adv_w = 159, .box_w = 9, .box_h = 10, .ofs_x = 0, .ofs_y = 0},
    {.bitmap_index = 30397, .adv_w = 206, .box_w = 11, .box_h = 10, .ofs_x = 1, .ofs_y = 0},
    {.bitmap_index = 30452, .adv_w = 168, .box_w = 9, .box_h = 10, .ofs_x = 1, .ofs_y = 0},
    {.bitmap_index = 30497, .adv_w = 172, .box_w = 10, .box_h = 10, .ofs_x = 0, .ofs_y = 0},
    {.bitmap_index = 30547, .adv_w = 166, .box_w = 9, .box_h = 10, .ofs_x = 1, .ofs_y = 0},
    {.bitmap_index = 30592, .adv_w = 137, .box_w = 7, .box_h = 10, .ofs_x = 1, .ofs_y = 0},
    {.bitmap_index = 30627, .adv_w = 144, .box_w = 9, .box_h = 10, .ofs_x = 0, .ofs_y = 0},
    {.bitmap_index = 30672, .adv_w = 126, .box_w = 8, .box_h = 10, .ofs_x = 0, .ofs_y = 0},
    {.bitmap_index = 30712, .adv_w = 140, .box_w = 9, .box_h = 10, .ofs_x = 0, .ofs_y = 0},
    {.bitmap_index = 30757, .adv_w = 189, .box_w = 12, .box_h = 10, .ofs_x = 0, .ofs_y = 0},
    {.bitmap_index = 30817, .adv_w = 137, .box_w = 9, .box_h = 10, .ofs_x = 0, .ofs_y = 0},
    {.bitmap_index = 30862, .adv_w = 168, .box_w = 10, .box_h = 13, .ofs_x = 1, .ofs_y = -3},
    {.bitmap_index = 30927, .adv_w = 154, .box_w = 8, .box_h = 10, .ofs_x = 1, .ofs_y = 0},
    {.bitmap_index = 30967, .adv_w = 234, .box_w = 13, .box_h = 10, .ofs_x = 1, .ofs_y = 0},
    {.bitmap_index = 31032, .adv_w = 233, .box_w = 14, .box_h = 13, .ofs_x = 1, .ofs_y = -3},
    {.bitmap_index = 31123, .adv_w = 158, .box_w = 10, .box_h = 10, .ofs_x = 0, .ofs_y = 0},
    {.bitmap_index = 31173, .adv_w = 195, .box_w = 10, .box_h = 10, .ofs_x = 1, .ofs_y = 0},
    {.bitmap_index = 31223, .adv_w = 138, .box_w = 7, .box_h = 10, .ofs_x = 1, .ofs_y = 0},
    {.bitmap_index = 31258, .adv_w = 146, .box_w = 9, .box_h = 10, .ofs_x = 0, .ofs_y = 0},
    {.bitmap_index = 31303, .adv_w = 225, .box_w = 13, .box_h = 10, .ofs_x = 1, .ofs_y = 0},
    {.bitmap_index = 31368, .adv_w = 146, .box_w = 8, .box_h = 10, .ofs_x = 0, .ofs_y = 0},
    {.bitmap_index = 31408, .adv_w = 127, .box_w = 7, .box_h = 8, .ofs_x = 0, .ofs_y = 0},
    {.bitmap_index = 31436, .adv_w = 136, .box_w = 8, .box_h = 12, .ofs_x = 0, .ofs_y = 0},
    {.bitmap_index = 31484, .adv_w = 128, .box_w = 7, .box_h = 8, .ofs_x = 1, .ofs_y = 0},
    {.bitmap_index = 31512, .adv_w = 101, .box_w = 5, .box_h = 8, .ofs_x = 1, .ofs_y = 0},
    {.bitmap_index = 31532, .adv_w = 138, .box_w = 9, .box_h = 11, .ofs_x = 0, .ofs_y = -3},
    {.bitmap_index = 31582, .adv_w = 126, .box_w = 8, .box_h = 8, .ofs_x = 0, .ofs_y = 0},
    {.bitmap_index = 31614, .adv_w = 177, .box_w = 11, .box_h = 8, .ofs_x = 0, .ofs_y = 0},
    {.bitmap_index = 31658, .adv_w = 111, .box_w = 7, .box_h = 8, .ofs_x = 0, .ofs_y = 0},
    {.bitmap_index = 31686, .adv_w = 143, .box_w = 7, .box_h = 8, .ofs_x = 1, .ofs_y = 0},
    {.bitmap_index = 31714, .adv_w = 143, .box_w = 7, .box_h = 12, .ofs_x = 1, .ofs_y = 0},
    {.bitmap_index = 31756, .adv_w = 125, .box_w = 7, .box_h = 8, .ofs_x = 1, .ofs_y = 0},
    {.bitmap_index = 31784, .adv_w = 134, .box_w = 8, .box_h = 8, .ofs_x = 0, .ofs_y = 0},
    {.bitmap_index = 31816, .adv_w = 177, .box_w = 9, .box_h = 8, .ofs_x = 1, .ofs_y = 0},
    {.bitmap_index = 31852, .adv_w = 140, .box_w = 7, .box_h = 8, .ofs_x = 1, .ofs_y = 0},
    {.bitmap_index = 31880, .adv_w = 135, .box_w = 8, .box_h = 8, .ofs_x = 0, .ofs_y = 0},
    {.bitmap_index = 31912, .adv_w = 139, .box_w = 7, .box_h = 8, .ofs_x = 1, .ofs_y = 0},
    {.bitmap_index = 31940, .adv_w = 138, .box_w = 7, .box_h = 11, .ofs_x = 1, .ofs_y = -3},
    {.bitmap_index = 31979, .adv_w = 112, .box_w = 7, .box_h = 8, .ofs_x = 0, .ofs_y = 0},
    {.bitmap_index = 32007, .adv_w = 107, .box_w = 7, .box_h = 8, .ofs_x = 0, .ofs_y = 0},
    {.bitmap_index = 32035, .adv_w = 118, .box_w = 8, .box_h = 11, .ofs_x = 0, .ofs_y = -3},
    {.bitmap_index = 32079, .adv_w = 170, .box_w = 10, .box_h = 15, .ofs_x = 0, .ofs_y = -3},
    {.bitmap_index = 32154, .adv_w = 119, .box_w = 8, .box_h = 8, .ofs_x = 0, .ofs_y = 0},
    {.bitmap_index = 32186, .adv_w = 140, .box_w = 8, .box_h = 11, .ofs_x = 1, .ofs_y = -3},
    {.bitmap_index = 32230, .adv_w = 135, .box_w = 8, .box_h = 8, .ofs_x = 0, .ofs_y = 0},
    {.bitmap_index = 32262, .adv_w = 204, .box_w = 11, .box_h = 8, .ofs_x = 1, .ofs_y = 0},
    {.bitmap_index = 32306, .adv_w = 205, .box_w = 12, .box_h = 11, .ofs_x = 1, .ofs_y = -3},
    {.bitmap_index = 32372, .adv_w = 143, .box_w = 9, .box_h = 8, .ofs_x = 0, .ofs_y = 0},
    {.bitmap_index = 32408, .adv_w = 176, .box_w = 9, .box_h = 8, .ofs_x = 1, .ofs_y = 0},
    {.bitmap_index = 32444, .adv_w = 125, .box_w = 7, .box_h = 8, .ofs_x = 1, .ofs_y = 0},
    {.bitmap_index = 32472, .adv_w = 113, .box_w = 7, .box_h = 8, .ofs_x = 0, .ofs_y = 0},
    {.bitmap_index = 32500, .adv_w = 182, .box_w = 10, .box_h = 8, .ofs_x = 1, .ofs_y = 0},
    {.bitmap_index = 32540, .adv_w = 131, .box_w = 8, .box_h = 8, .ofs_x = 0, .ofs_y = 0},
    {.bitmap_index = 32572, .adv_w = 126, .box_w = 8, .box_h = 12, .ofs_x = 0, .ofs_y = 0},
    {.bitmap_index = 32620, .adv_w = 126, .box_w = 8, .box_h = 10, .ofs_x = 0, .ofs_y = 0},
    {.bitmap_index = 32660, .adv_w = 141, .box_w = 8, .box_h = 15, .ofs_x = 0, .ofs_y = -3},
    {.bitmap_index = 32720, .adv_w = 101, .box_w = 5, .box_h = 11, .ofs_x = 1, .ofs_y = 0},
    {.bitmap_index = 32748, .adv_w = 112, .box_w = 7, .box_h = 8, .ofs_x = 0, .ofs_y = 0},
    {.bitmap_index = 32776, .adv_w = 107, .box_w = 7, .box_h = 8, .ofs_x = 0, .ofs_y = 0},
    {.bitmap_index = 32804, .adv_w = 61, .box_w = 2, .box_h = 10, .ofs_x = 1, .ofs_y = 0},
    {.bitmap_index = 32814, .adv_w = 60, .box_w = 4, .box_h = 10, .ofs_x = 0, .ofs_y = 0},
    {.bitmap_index = 32834, .adv_w = 60, .box_w = 4, .box_h = 13, .ofs_x = -1, .ofs_y = -3},
    {.bitmap_index = 32860, .adv_w = 195, .box_w = 12, .box_h = 8, .ofs_x = 0, .ofs_y = 0},
    {.bitmap_index = 32908, .adv_w = 202, .box_w = 11, .box_h = 8, .ofs_x = 1, .ofs_y = 0},
    {.bitmap_index = 32952, .adv_w = 141, .box_w = 8, .box_h = 12, .ofs_x = 0, .ofs_y = 0},
    {.bitmap_index = 33000, .adv_w = 125, .box_w = 7, .box_h = 11, .ofs_x = 1, .ofs_y = 0},
    {.bitmap_index = 33039, .adv_w = 143, .box_w = 7, .box_h = 11, .ofs_x = 1, .ofs_y = 0},
    {.bitmap_index = 33078, .adv_w = 118, .box_w = 8, .box_h = 15, .ofs_x = 0, .ofs_y = -3},
    {.bitmap_index = 33138, .adv_w = 139, .box_w = 7, .box_h = 10, .ofs_x = 1, .ofs_y = -2},
    {.bitmap_index = 33173, .adv_w = 208, .box_w = 13, .box_h = 10, .ofs_x = 0, .ofs_y = 0},
    {.bitmap_index = 33238, .adv_w = 183, .box_w = 12, .box_h = 8, .ofs_x = 0, .ofs_y = 0},
    {.bitmap_index = 33286, .adv_w = 151, .box_w = 9, .box_h = 10, .ofs_x = 0, .ofs_y = 0},
    {.bitmap_index = 33331, .adv_w = 144, .box_w = 9, .box_h = 10, .ofs_x = 0, .ofs_y = 0},
    {.bitmap_index = 33376, .adv_w = 208, .box_w = 12, .box_h = 10, .ofs_x = 1, .ofs_y = 0},
    {.bitmap_index = 33436, .adv_w = 170, .box_w = 10, .box_h = 8, .ofs_x = 1, .ofs_y = 0},
    {.bitmap_index = 33476, .adv_w = 156, .box_w = 10, .box_h = 10, .ofs_x = 0, .ofs_y = 0},
    {.bitmap_index = 33526, .adv_w = 133, .box_w = 9, .box_h = 8, .ofs_x = 0, .ofs_y = 0},
    {.bitmap_index = 33562, .adv_w = 213, .box_w = 13, .box_h = 10, .ofs_x = 1, .ofs_y = 0},
    {.bitmap_index = 33627, .adv_w = 183, .box_w = 11, .box_h = 8, .ofs_x = 1, .ofs_y = 0},
    {.bitmap_index = 33671, .adv_w = 168, .box_w = 11, .box_h = 10, .ofs_x = 0, .ofs_y = 0},
    {.bitmap_index = 33726, .adv_w = 142, .box_w = 9, .box_h = 8, .ofs_x = 0, .ofs_y = 0},
    {.bitmap_index = 33762, .adv_w = 226, .box_w = 14, .box_h = 10, .ofs_x = 1, .ofs_y = 0},
    {.bitmap_index = 33832, .adv_w = 192, .box_w = 11, .box_h = 8, .ofs_x = 1, .ofs_y = 0},
    {.bitmap_index = 33876, .adv_w = 134, .box_w = 8, .box_h = 17, .ofs_x = 0, .ofs_y = -4},
    {.bitmap_index = 33944, .adv_w = 114, .box_w = 7, .box_h = 13, .ofs_x = 0, .ofs_y = -3},
    {.bitmap_index = 33990, .adv_w = 185, .box_w = 10, .box_h = 10, .ofs_x = 1, .ofs_y = 0},
    {.bitmap_index = 34040, .adv_w = 176, .box_w = 9, .box_h = 15, .ofs_x = 1, .ofs_y = -3},
    {.bitmap_index = 34108, .adv_w = 176, .box_w = 11, .box_h = 10, .ofs_x = 0, .ofs_y = 0},
    {.bitmap_index = 34163, .adv_w = 136, .box_w = 8, .box_h = 8, .ofs_x = 0, .ofs_y = 0},
    {.bitmap_index = 34195, .adv_w = 148, .box_w = 10, .box_h = 10, .ofs_x = 0, .ofs_y = 0},
    {.bitmap_index = 34245, .adv_w = 121, .box_w = 8, .box_h = 8, .ofs_x = 0, .ofs_y = 0},
    {.bitmap_index = 34277, .adv_w = 148, .box_w = 10, .box_h = 14, .ofs_x = 0, .ofs_y = 0},
    {.bitmap_index = 34347, .adv_w = 121, .box_w = 8, .box_h = 11, .ofs_x = 0, .ofs_y = 0},
    {.bitmap_index = 34391, .adv_w = 280, .box_w = 18, .box_h = 13, .ofs_x = 0, .ofs_y = -3},
    {.bitmap_index = 34508, .adv_w = 251, .box_w = 16, .box_h = 11, .ofs_x = 0, .ofs_y = -3},
    {.bitmap_index = 34596, .adv_w = 185, .box_w = 11, .box_h = 12, .ofs_x = 0, .ofs_y = -1},
    {.bitmap_index = 34662, .adv_w = 149, .box_w = 9, .box_h = 10, .ofs_x = 0, .ofs_y = -1},
    {.bitmap_index = 34707, .adv_w = 234, .box_w = 14, .box_h = 15, .ofs_x = 0, .ofs_y = 0},
    {.bitmap_index = 34812, .adv_w = 206, .box_w = 13, .box_h = 13, .ofs_x = 0, .ofs_y = 0},
    {.bitmap_index = 34897, .adv_w = 208, .box_w = 13, .box_h = 13, .ofs_x = 0, .ofs_y = 0},
    {.bitmap_index = 34982, .adv_w = 183, .box_w = 12, .box_h = 10, .ofs_x = 0, .ofs_y = 0},
    {.bitmap_index = 35042, .adv_w = 146, .box_w = 9, .box_h = 13, .ofs_x = 0, .ofs_y = -3},
    {.bitmap_index = 35101, .adv_w = 112, .box_w = 7, .box_h = 11, .ofs_x = 0, .ofs_y = -3},
    {.bitmap_index = 35140, .adv_w = 136, .box_w = 8, .box_h = 11, .ofs_x = 0, .ofs_y = -1},
    {.bitmap_index = 35184, .adv_w = 0, .box_w = 6, .box_h = 3, .ofs_x = -7, .ofs_y = 8},
    {.bitmap_index = 35193, .adv_w = 0, .box_w = 6, .box_h = 3, .ofs_x = -7, .ofs_y = 8},
    {.bitmap_index = 35202, .adv_w = 0, .box_w = 2, .box_h = 3, .ofs_x = -5, .ofs_y = 8},
    {.bitmap_index = 35205, .adv_w = 0, .box_w = 2, .box_h = 3, .ofs_x = -5, .ofs_y = 8},
    {.bitmap_index = 35208, .adv_w = 0, .box_w = 6, .box_h = 3, .ofs_x = -3, .ofs_y = 10},
    {.bitmap_index = 35217, .adv_w = 0, .box_w = 16, .box_h = 15, .ofs_x = -8, .ofs_y = -4},
    {.bitmap_index = 35337, .adv_w = 0, .box_w = 16, .box_h = 16, .ofs_x = -8, .ofs_y = -4},
    {.bitmap_index = 35465, .adv_w = 185, .box_w = 11, .box_h = 17, .ofs_x = 1, .ofs_y = -3},
    {.bitmap_index = 35559, .adv_w = 157, .box_w = 9, .box_h = 14, .ofs_x = 1, .ofs_y = -3},
    {.bitmap_index = 35622, .adv_w = 139, .box_w = 9, .box_h = 10, .ofs_x = 0, .ofs_y = 0},
    {.bitmap_index = 35667, .adv_w = 134, .box_w = 8, .box_h = 11, .ofs_x = 0, .ofs_y = 0},
    {.bitmap_index = 35711, .adv_w = 138, .box_w = 7, .box_h = 10, .ofs_x = 1, .ofs_y = 0},
    {.bitmap_index = 35746, .adv_w = 139, .box_w = 7, .box_h = 11, .ofs_x = 1, .ofs_y = -3},
    {.bitmap_index = 35785, .adv_w = 122, .box_w = 7, .box_h = 13, .ofs_x = 1, .ofs_y = 0},
    {.bitmap_index = 35831, .adv_w = 103, .box_w = 6, .box_h = 10, .ofs_x = 1, .ofs_y = 0},
    {.bitmap_index = 35861, .adv_w = 121, .box_w = 8, .box_h = 10, .ofs_x = 0, .ofs_y = 0},
    {.bitmap_index = 35901, .adv_w = 101, .box_w = 6, .box_h = 8, .ofs_x = 0, .ofs_y = 0},
    {.bitmap_index = 35925, .adv_w = 151, .box_w = 8, .box_h = 13, .ofs_x = 1, .ofs_y = -3},
    {.bitmap_index = 35977, .adv_w = 124, .box_w = 7, .box_h = 11, .ofs_x = 1, .ofs_y = -3},
    {.bitmap_index = 36016, .adv_w = 211, .box_w = 13, .box_h = 13, .ofs_x = 0, .ofs_y = -3},
    {.bitmap_index = 36101, .adv_w = 187, .box_w = 12, .box_h = 11, .ofs_x = 0, .ofs_y = -3},
    {.bitmap_index = 36167, .adv_w = 130, .box_w = 8, .box_h = 13, .ofs_x = 0, .ofs_y = -3},
    {.bitmap_index = 36219, .adv_w = 111, .box_w = 7, .box_h = 11, .ofs_x = 0, .ofs_y = -3},
    {.bitmap_index = 36258, .adv_w = 156, .box_w = 9, .box_h = 13, .ofs_x = 1, .ofs_y = -3},
    {.bitmap_index = 36317, .adv_w = 131, .box_w = 8, .box_h = 11, .ofs_x = 1, .ofs_y = -3},
    {.bitmap_index = 36361, .adv_w = 143, .box_w = 8, .box_h = 10, .ofs_x = 1, .ofs_y = 0},
    {.bitmap_index = 36401, .adv_w = 124, .box_w = 7, .box_h = 8, .ofs_x = 1, .ofs_y = 0},
    {.bitmap_index = 36429, .adv_w = 144, .box_w = 9, .box_h = 10, .ofs_x = 0, .ofs_y = 0},
    {.bitmap_index = 36474, .adv_w = 126, .box_w = 8, .box_h = 12, .ofs_x = 0, .ofs_y = 0},
    {.bitmap_index = 36522, .adv_w = 158, .box_w = 10, .box_h = 10, .ofs_x = 0, .ofs_y = 0},
    {.bitmap_index = 36572, .adv_w = 144, .box_w = 9, .box_h = 8, .ofs_x = 0, .ofs_y = 0},
    {.bitmap_index = 36608, .adv_w = 175, .box_w = 10, .box_h = 13, .ofs_x = 1, .ofs_y = -3},
    {.bitmap_index = 36673, .adv_w = 153, .box_w = 9, .box_h = 11, .ofs_x = 1, .ofs_y = -3},
    {.bitmap_index = 36723, .adv_w = 184, .box_w = 11, .box_h = 10, .ofs_x = 1, .ofs_y = 0},
    {.bitmap_index = 36778, .adv_w = 167, .box_w = 10, .box_h = 8, .ofs_x = 1, .ofs_y = 0},
    {.bitmap_index = 36818, .adv_w = 241, .box_w = 14, .box_h = 13, .ofs_x = 1, .ofs_y = -3},
    {.bitmap_index = 36909, .adv_w = 195, .box_w = 11, .box_h = 11, .ofs_x = 1, .ofs_y = -3},
    {.bitmap_index = 36970, .adv_w = 174, .box_w = 11, .box_h = 11, .ofs_x = 0, .ofs_y = -1},
    {.bitmap_index = 37031, .adv_w = 145, .box_w = 9, .box_h = 8, .ofs_x = 0, .ofs_y = 0},
    {.bitmap_index = 37067, .adv_w = 142, .box_w = 9, .box_h = 13, .ofs_x = 0, .ofs_y = -3},
    {.bitmap_index = 37126, .adv_w = 110, .box_w = 7, .box_h = 11, .ofs_x = 0, .ofs_y = -3},
    {.bitmap_index = 37165, .adv_w = 126, .box_w = 8, .box_h = 13, .ofs_x = 0, .ofs_y = -3},
    {.bitmap_index = 37217, .adv_w = 111, .box_w = 7, .box_h = 11, .ofs_x = 0, .ofs_y = -3},
    {.bitmap_index = 37256, .adv_w = 131, .box_w = 9, .box_h = 10, .ofs_x = 0, .ofs_y = 0},
    {.bitmap_index = 37301, .adv_w = 118, .box_w = 8, .box_h = 11, .ofs_x = 0, .ofs_y = -3},
    {.bitmap_index = 37345, .adv_w = 131, .box_w = 9, .box_h = 10, .ofs_x = 0, .ofs_y = 0},
    {.bitmap_index = 37390, .adv_w = 118, .box_w = 8, .box_h = 11, .ofs_x = 0, .ofs_y = -3},
    {.bitmap_index = 37434, .adv_w = 149, .box_w = 10, .box_h = 13, .ofs_x = 0, .ofs_y = -3},
    {.bitmap_index = 37499, .adv_w = 129, .box_w = 8, .box_h = 11, .ofs_x = 0, .ofs_y = -3},
    {.bitmap_index = 37543, .adv_w = 198, .box_w = 13, .box_h = 13, .ofs_x = 0, .ofs_y = -3},
    {.bitmap_index = 37628, .adv_w = 167, .box_w = 11, .box_h = 11, .ofs_x = 0, .ofs_y = -3},
    {.bitmap_index = 37689, .adv_w = 164, .box_w = 10, .box_h = 13, .ofs_x = 1, .ofs_y = -3},
    {.bitmap_index = 37754, .adv_w = 146, .box_w = 9, .box_h = 11, .ofs_x = 0, .ofs_y = -3},
    {.bitmap_index = 37804, .adv_w = 159, .box_w = 8, .box_h = 10, .ofs_x = 1, .ofs_y = 0},
    {.bitmap_index = 37844, .adv_w = 139, .box_w = 8, .box_h = 8, .ofs_x = 0, .ofs_y = 0},
    {.bitmap_index = 37876, .adv_w = 159, .box_w = 8, .box_h = 10, .ofs_x = 1, .ofs_y = 0},
    {.bitmap_index = 37916, .adv_w = 140, .box_w = 7, .box_h = 12, .ofs_x = 1, .ofs_y = 0},
    {.bitmap_index = 37958, .adv_w = 197, .box_w = 12, .box_h = 10, .ofs_x = 0, .ofs_y = 0},
    {.bitmap_index = 38018, .adv_w = 152, .box_w = 9, .box_h = 8, .ofs_x = 0, .ofs_y = 0},
    {.bitmap_index = 38054, .adv_w = 197, .box_w = 12, .box_h = 13, .ofs_x = 0, .ofs_y = -3},
    {.bitmap_index = 38132, .adv_w = 152, .box_w = 9, .box_h = 11, .ofs_x = 0, .ofs_y = -3},
    {.bitmap_index = 38182, .adv_w = 79, .box_w = 5, .box_h = 10, .ofs_x = 0, .ofs_y = 0},
    {.bitmap_index = 38207, .adv_w = 209, .box_w = 13, .box_h = 14, .ofs_x = 0, .ofs_y = 0},
    {.bitmap_index = 38298, .adv_w = 177, .box_w = 11, .box_h = 12, .ofs_x = 0, .ofs_y = 0},
    {.bitmap_index = 38364, .adv_w = 160, .box_w = 9, .box_h = 13, .ofs_x = 1, .ofs_y = -3},
    {.bitmap_index = 38423, .adv_w = 131, .box_w = 7, .box_h = 11, .ofs_x = 1, .ofs_y = -3},
    {.bitmap_index = 38462, .adv_w = 169, .box_w = 11, .box_h = 13, .ofs_x = 0, .ofs_y = -3},
    {.bitmap_index = 38534, .adv_w = 141, .box_w = 9, .box_h = 11, .ofs_x = 0, .ofs_y = -3},
    {.bitmap_index = 38584, .adv_w = 166, .box_w = 9, .box_h = 13, .ofs_x = 1, .ofs_y = -3},
    {.bitmap_index = 38643, .adv_w = 142, .box_w = 7, .box_h = 11, .ofs_x = 1, .ofs_y = -3},
    {.bitmap_index = 38682, .adv_w = 176, .box_w = 10, .box_h = 13, .ofs_x = 1, .ofs_y = -3},
    {.bitmap_index = 38747, .adv_w = 154, .box_w = 9, .box_h = 11, .ofs_x = 1, .ofs_y = -3},
    {.bitmap_index = 38797, .adv_w = 159, .box_w = 8, .box_h = 13, .ofs_x = 1, .ofs_y = -3},
    {.bitmap_index = 38849, .adv_w = 140, .box_w = 8, .box_h = 11, .ofs_x = 0, .ofs_y = -3},
    {.bitmap_index = 38893, .adv_w = 213, .box_w = 13, .box_h = 13, .ofs_x = 1, .ofs_y = -3},
    {.bitmap_index = 38978, .adv_w = 180, .box_w = 11, .box_h = 11, .ofs_x = 1, .ofs_y = -3},
    {.bitmap_index = 39039, .adv_w = 79, .box_w = 5, .box_h = 10, .ofs_x = 0, .ofs_y = 0},
    {.bitmap_index = 39064, .adv_w = 147, .box_w = 10, .box_h = 14, .ofs_x = 0, .ofs_y = 0},
    {.bitmap_index = 39134, .adv_w = 128, .box_w = 7, .box_h = 12, .ofs_x = 0, .ofs_y = 0},
    {.bitmap_index = 39176, .adv_w = 147, .box_w = 10, .box_h = 13, .ofs_x = 0, .ofs_y = 0},
    {.bitmap_index = 39241, .adv_w = 128, .box_w = 7, .box_h = 10, .ofs_x = 0, .ofs_y = 0},
    {.bitmap_index = 39276, .adv_w = 202, .box_w = 13, .box_h = 10, .ofs_x = -1, .ofs_y = 0},
    {.bitmap_index = 39341, .adv_w = 197, .box_w = 12, .box_h = 8, .ofs_x = 0, .ofs_y = 0},
    {.bitmap_index = 39389, .adv_w = 125, .box_w = 6, .box_h = 14, .ofs_x = 1, .ofs_y = 0},
    {.bitmap_index = 39431, .adv_w = 129, .box_w = 8, .box_h = 12, .ofs_x = 0, .ofs_y = 0},
    {.bitmap_index = 39479, .adv_w = 171, .box_w = 10, .box_h = 10, .ofs_x = 0, .ofs_y = 0},
    {.bitmap_index = 39529, .adv_w = 129, .box_w = 8, .box_h = 8, .ofs_x = 0, .ofs_y = 0},
    {.bitmap_index = 39561, .adv_w = 171, .box_w = 10, .box_h = 14, .ofs_x = 0, .ofs_y = 0},
    {.bitmap_index = 39631, .adv_w = 129, .box_w = 8, .box_h = 10, .ofs_x = 0, .ofs_y = 0},
    {.bitmap_index = 39671, .adv_w = 209, .box_w = 13, .box_h = 13, .ofs_x = 0, .ofs_y = 0},
    {.bitmap_index = 39756, .adv_w = 177, .box_w = 11, .box_h = 10, .ofs_x = 0, .ofs_y = 0},
    {.bitmap_index = 39811, .adv_w = 130, .box_w = 8, .box_h = 14, .ofs_x = 0, .ofs_y = 0},
    {.bitmap_index = 39867, .adv_w = 111, .box_w = 7, .box_h = 10, .ofs_x = 0, .ofs_y = 0},
    {.bitmap_index = 39902, .adv_w = 131, .box_w = 8, .box_h = 10, .ofs_x = 0, .ofs_y = 0},
    {.bitmap_index = 39942, .adv_w = 117, .box_w = 7, .box_h = 11, .ofs_x = 0, .ofs_y = -3},
    {.bitmap_index = 39981, .adv_w = 172, .box_w = 9, .box_h = 13, .ofs_x = 1, .ofs_y = 0},
    {.bitmap_index = 40040, .adv_w = 143, .box_w = 7, .box_h = 10, .ofs_x = 1, .ofs_y = 0},
    {.bitmap_index = 40075, .adv_w = 172, .box_w = 9, .box_h = 13, .ofs_x = 1, .ofs_y = 0},
    {.bitmap_index = 40134, .adv_w = 143, .box_w = 7, .box_h = 10, .ofs_x = 1, .ofs_y = 0},
    {.bitmap_index = 40169, .adv_w = 176, .box_w = 11, .box_h = 14, .ofs_x = 0, .ofs_y = 0},
    {.bitmap_index = 40246, .adv_w = 137, .box_w = 8, .box_h = 10, .ofs_x = 0, .ofs_y = 0},
    {.bitmap_index = 40286, .adv_w = 176, .box_w = 11, .box_h = 10, .ofs_x = 0, .ofs_y = 0},
    {.bitmap_index = 40341, .adv_w = 137, .box_w = 8, .box_h = 8, .ofs_x = 0, .ofs_y = 0},
    {.bitmap_index = 40373, .adv_w = 176, .box_w = 11, .box_h = 13, .ofs_x = 0, .ofs_y = 0},
    {.bitmap_index = 40445, .adv_w = 137, .box_w = 8, .box_h = 10, .ofs_x = 0, .ofs_y = 0},
    {.bitmap_index = 40485, .adv_w = 145, .box_w = 9, .box_h = 14, .ofs_x = 0, .ofs_y = 0},
    {.bitmap_index = 40548, .adv_w = 113, .box_w = 7, .box_h = 10, .ofs_x = 0, .ofs_y = 0},
    {.bitmap_index = 40583, .adv_w = 140, .box_w = 9, .box_h = 13, .ofs_x = 0, .ofs_y = 0},
    {.bitmap_index = 40642, .adv_w = 118, .box_w = 8, .box_h = 14, .ofs_x = 0, .ofs_y = -3},
    {.bitmap_index = 40698, .adv_w = 140, .box_w = 9, .box_h = 14, .ofs_x = 0, .ofs_y = 0},
    {.bitmap_index = 40761, .adv_w = 118, .box_w = 8, .box_h = 13, .ofs_x = 0, .ofs_y = -3},
    {.bitmap_index = 40813, .adv_w = 140, .box_w = 9, .box_h = 14, .ofs_x = 0, .ofs_y = 0},
    {.bitmap_index = 40876, .adv_w = 118, .box_w = 8, .box_h = 15, .ofs_x = 0, .ofs_y = -3},
    {.bitmap_index = 40936, .adv_w = 154, .box_w = 8, .box_h = 13, .ofs_x = 1, .ofs_y = 0},
    {.bitmap_index = 40988, .adv_w = 135, .box_w = 8, .box_h = 10, .ofs_x = 0, .ofs_y = 0},
    {.bitmap_index = 41028, .adv_w = 121, .box_w = 7, .box_h = 13, .ofs_x = 1, .ofs_y = -3},
    {.bitmap_index = 41074, .adv_w = 100, .box_w = 5, .box_h = 11, .ofs_x = 1, .ofs_y = -3},
    {.bitmap_index = 41102, .adv_w = 195, .box_w = 10, .box_h = 13, .ofs_x = 1, .ofs_y = 0},
    {.bitmap_index = 41167, .adv_w = 176, .box_w = 9, .box_h = 10, .ofs_x = 1, .ofs_y = 0},
    {.bitmap_index = 41212, .adv_w = 121, .box_w = 8, .box_h = 14, .ofs_x = 0, .ofs_y = -4},
    {.bitmap_index = 41268, .adv_w = 101, .box_w = 6, .box_h = 12, .ofs_x = 0, .ofs_y = -4},
    {.bitmap_index = 41304, .adv_w = 148, .box_w = 9, .box_h = 14, .ofs_x = 0, .ofs_y = -4},
    {.bitmap_index = 41367, .adv_w = 129, .box_w = 8, .box_h = 12, .ofs_x = 0, .ofs_y = -4},
    {.bitmap_index = 41415, .adv_w = 137, .box_w = 9, .box_h = 10, .ofs_x = 0, .ofs_y = 0},
    {.bitmap_index = 41460, .adv_w = 122, .box_w = 8, .box_h = 8, .ofs_x = 0, .ofs_y = 0},
    {.bitmap_index = 41492, .adv_w = 139, .box_w = 8, .box_h = 10, .ofs_x = 0, .ofs_y = 0},
    {.bitmap_index = 41532, .adv_w = 139, .box_w = 8, .box_h = 12, .ofs_x = 0, .ofs_y = 0},
    {.bitmap_index = 41580, .adv_w = 204, .box_w = 12, .box_h = 10, .ofs_x = 0, .ofs_y = 0},
    {.bitmap_index = 41640, .adv_w = 203, .box_w = 12, .box_h = 11, .ofs_x = 0, .ofs_y = 0},
    {.bitmap_index = 41706, .adv_w = 203, .box_w = 12, .box_h = 10, .ofs_x = 0, .ofs_y = 0},
    {.bitmap_index = 41766, .adv_w = 185, .box_w = 11, .box_h = 8, .ofs_x = 0, .ofs_y = 0},
    {.bitmap_index = 41810, .adv_w = 146, .box_w = 9, .box_h = 13, .ofs_x = 0, .ofs_y = -3},
    {.bitmap_index = 41869, .adv_w = 129, .box_w = 8, .box_h = 11, .ofs_x = 0, .ofs_y = -3},
    {.bitmap_index = 41913, .adv_w = 224, .box_w = 13, .box_h = 10, .ofs_x = 0, .ofs_y = 0},
    {.bitmap_index = 41978, .adv_w = 197, .box_w = 12, .box_h = 8, .ofs_x = 0, .ofs_y = 0},
    {.bitmap_index = 42026, .adv_w = 229, .box_w = 13, .box_h = 10, .ofs_x = 1, .ofs_y = 0},
    {.bitmap_index = 42091, .adv_w = 208, .box_w = 11, .box_h = 8, .ofs_x = 1, .ofs_y = 0},
    {.bitmap_index = 42135, .adv_w = 173, .box_w = 11, .box_h = 10, .ofs_x = 0, .ofs_y = 0},
    {.bitmap_index = 42190, .adv_w = 145, .box_w = 9, .box_h = 8, .ofs_x = 0, .ofs_y = 0},
    {.bitmap_index = 42226, .adv_w = 163, .box_w = 9, .box_h = 10, .ofs_x = 0, .ofs_y = 0},
    {.bitmap_index = 42271, .adv_w = 152, .box_w = 9, .box_h = 8, .ofs_x = 0, .ofs_y = 0},
    {.bitmap_index = 42307, .adv_w = 136, .box_w = 8, .box_h = 10, .ofs_x = 0, .ofs_y = 0},
    {.bitmap_index = 42347, .adv_w = 113, .box_w = 7, .box_h = 8, .ofs_x = 0, .ofs_y = 0},
    {.bitmap_index = 42375, .adv_w = 167, .box_w = 11, .box_h = 14, .ofs_x = 0, .ofs_y = -4},
    {.bitmap_index = 42452, .adv_w = 140, .box_w = 9, .box_h = 12, .ofs_x = 0, .ofs_y = -4},
    {.bitmap_index = 42506, .adv_w = 217, .box_w = 14, .box_h = 10, .ofs_x = 0, .ofs_y = 0},
    {.bitmap_index = 42576, .adv_w = 186, .box_w = 12, .box_h = 8, .ofs_x = 0, .ofs_y = 0},
    {.bitmap_index = 42624, .adv_w = 185, .box_w = 11, .box_h = 10, .ofs_x = 1, .ofs_y = 0},
    {.bitmap_index = 42679, .adv_w = 186, .box_w = 11, .box_h = 11, .ofs_x = 1, .ofs_y = -3},
    {.bitmap_index = 42740, .adv_w = 202, .box_w = 12, .box_h = 10, .ofs_x = 0, .ofs_y = 0},
    {.bitmap_index = 42800, .adv_w = 199, .box_w = 12, .box_h = 8, .ofs_x = 0, .ofs_y = 0},
    {.bitmap_index = 42848, .adv_w = 176, .box_w = 11, .box_h = 13, .ofs_x = 0, .ofs_y = -3},
    {.bitmap_index = 42920, .adv_w = 139, .box_w = 8, .box_h = 11, .ofs_x = 0, .ofs_y = -3},
    {.bitmap_index = 42964, .adv_w = 211, .box_w = 14, .box_h = 10, .ofs_x = 0, .ofs_y = 0},
    {.bitmap_index = 43034, .adv_w = 181, .box_w = 12, .box_h = 8, .ofs_x = 0, .ofs_y = 0},
    {.bitmap_index = 43082, .adv_w = 144, .box_w = 8, .box_h = 10, .ofs_x = 1, .ofs_y = 0},
    {.bitmap_index = 43122, .adv_w = 125, .box_w = 7, .box_h = 9, .ofs_x = 1, .ofs_y = 0},
    {.bitmap_index = 43154, .adv_w = 233, .box_w = 14, .box_h = 13, .ofs_x = 0, .ofs_y = -3},
    {.bitmap_index = 43245, .adv_w = 187, .box_w = 12, .box_h = 11, .ofs_x = 0, .ofs_y = -3},
    {.bitmap_index = 43311, .adv_w = 248, .box_w = 14, .box_h = 13, .ofs_x = 1, .ofs_y = -3},
    {.bitmap_index = 43402, .adv_w = 199, .box_w = 11, .box_h = 11, .ofs_x = 1, .ofs_y = -3},
    {.bitmap_index = 43463, .adv_w = 172, .box_w = 10, .box_h = 13, .ofs_x = 1, .ofs_y = -3},
    {.bitmap_index = 43528, .adv_w = 149, .box_w = 8, .box_h = 11, .ofs_x = 1, .ofs_y = -3},
    {.bitmap_index = 43572, .adv_w = 171, .box_w = 10, .box_h = 13, .ofs_x = 1, .ofs_y = -3},
    {.bitmap_index = 43637, .adv_w = 150, .box_w = 8, .box_h = 15, .ofs_x = 1, .ofs_y = -3},
    {.bitmap_index = 43697, .adv_w = 165, .box_w = 11, .box_h = 14, .ofs_x = -1, .ofs_y = -4},
    {.bitmap_index = 43774, .adv_w = 142, .box_w = 9, .box_h = 11, .ofs_x = -1, .ofs_y = -3},
    {.bitmap_index = 43824, .adv_w = 323, .box_w = 21, .box_h = 13, .ofs_x = 0, .ofs_y = -3},
    {.bitmap_index = 43961, .adv_w = 276, .box_w = 18, .box_h = 11, .ofs_x = 0, .ofs_y = -3},
    {.bitmap_index = 44060, .adv_w = 160, .box_w = 10, .box_h = 13, .ofs_x = 0, .ofs_y = -3},
    {.bitmap_index = 44125, .adv_w = 138, .box_w = 9, .box_h = 11, .ofs_x = 0, .ofs_y = -3},
    {.bitmap_index = 44175, .adv_w = 163, .box_w = 10, .box_h = 13, .ofs_x = 0, .ofs_y = -3},
    {.bitmap_index = 44240, .adv_w = 137, .box_w = 9, .box_h = 11, .ofs_x = 0, .ofs_y = -3},
    {.bitmap_index = 44290, .adv_w = 211, .box_w = 14, .box_h = 14, .ofs_x = 0, .ofs_y = 0},
    {.bitmap_index = 44388, .adv_w = 181, .box_w = 12, .box_h = 11, .ofs_x = 0, .ofs_y = 0},
    {.bitmap_index = 44454, .adv_w = 211, .box_w = 14, .box_h = 14, .ofs_x = 0, .ofs_y = 0},
    {.bitmap_index = 44552, .adv_w = 181, .box_w = 12, .box_h = 11, .ofs_x = 0, .ofs_y = 0},
    {.bitmap_index = 44618, .adv_w = 211, .box_w = 14, .box_h = 13, .ofs_x = 0, .ofs_y = 0},
    {.bitmap_index = 44709, .adv_w = 181, .box_w = 12, .box_h = 10, .ofs_x = 0, .ofs_y = 0},
    {.bitmap_index = 44769, .adv_w = 162, .box_w = 9, .box_h = 10, .ofs_x = 1, .ofs_y = 0},
    {.bitmap_index = 44814, .adv_w = 131, .box_w = 9, .box_h = 14, .ofs_x = 0, .ofs_y = 0},
    {.bitmap_index = 44877, .adv_w = 118, .box_w = 8, .box_h = 14, .ofs_x = 0, .ofs_y = -3},
    {.bitmap_index = 44933, .adv_w = 72, .box_w = 4, .box_h = 3, .ofs_x = 0, .ofs_y = 3},
    {.bitmap_index = 44939, .adv_w = 72, .box_w = 4, .box_h = 3, .ofs_x = 0, .ofs_y = 3},
    {.bitmap_index = 44945, .adv_w = 129, .box_w = 8, .box_h = 3, .ofs_x = 0, .ofs_y = 4},
    {.bitmap_index = 44957, .adv_w = 112, .box_w = 7, .box_h = 3, .ofs_x = 0, .ofs_y = 3},
    {.bitmap_index = 44968, .adv_w = 224, .box_w = 14, .box_h = 3, .ofs_x = 0, .ofs_y = 3},
    {.bitmap_index = 44989, .adv_w = 224, .box_w = 14, .box_h = 3, .ofs_x = 0, .ofs_y = 3},
    {.bitmap_index = 45010, .adv_w = 123, .box_w = 6, .box_h = 14, .ofs_x = 1, .ofs_y = -3},
    {.bitmap_index = 45052, .adv_w = 92, .box_w = 7, .box_h = 3, .ofs_x = -1, .ofs_y = -3},
    {.bitmap_index = 45063, .adv_w = 42, .box_w = 3, .box_h = 4, .ofs_x = 0, .ofs_y = 6},
    {.bitmap_index = 45069, .adv_w = 42, .box_w = 3, .box_h = 4, .ofs_x = 0, .ofs_y = 6},
    {.bitmap_index = 45075, .adv_w = 58, .box_w = 3, .box_h = 4, .ofs_x = 0, .ofs_y = -2},
    {.bitmap_index = 45081, .adv_w = 42, .box_w = 3, .box_h = 4, .ofs_x = 0, .ofs_y = 6},
    {.bitmap_index = 45087, .adv_w = 86, .box_w = 6, .box_h = 4, .ofs_x = 0, .ofs_y = 6},
    {.bitmap_index = 45099, .adv_w = 86, .box_w = 6, .box_h = 4, .ofs_x = 0, .ofs_y = 6},
    {.bitmap_index = 45111, .adv_w = 100, .box_w = 6, .box_h = 4, .ofs_x = 0, .ofs_y = -2},
    {.bitmap_index = 45123, .adv_w = 86, .box_w = 6, .box_h = 4, .ofs_x = 0, .ofs_y = 6},
    {.bitmap_index = 45135, .adv_w = 115, .box_w = 7, .box_h = 11, .ofs_x = 0, .ofs_y = 0},
    {.bitmap_index = 45174, .adv_w = 115, .box_w = 7, .box_h = 11, .ofs_x = 0, .ofs_y = 0},
    {.bitmap_index = 45213, .adv_w = 84, .box_w = 5, .box_h = 4, .ofs_x = 0, .ofs_y = 3},
    {.bitmap_index = 45223, .adv_w = 83, .box_w = 5, .box_h = 5, .ofs_x = 0, .ofs_y = 3},
    {.bitmap_index = 45236, .adv_w = 112, .box_w = 3, .box_h = 3, .ofs_x = 2, .ofs_y = 0},
    {.bitmap_index = 45241, .adv_w = 123, .box_w = 7, .box_h = 3, .ofs_x = 0, .ofs_y = 0},
    {.bitmap_index = 45252, .adv_w = 181, .box_w = 11, .box_h = 3, .ofs_x = 0, .ofs_y = 0},
    {.bitmap_index = 45269, .adv_w = 61, .box_w = 3, .box_h = 3, .ofs_x = 0, .ofs_y = 3},
    {.bitmap_index = 45274, .adv_w = 270, .box_w = 17, .box_h = 10, .ofs_x = 0, .ofs_y = 0},
    {.bitmap_index = 45359, .adv_w = 73, .box_w = 5, .box_h = 7, .ofs_x = 0, .ofs_y = 0},
    {.bitmap_index = 45377, .adv_w = 73, .box_w = 5, .box_h = 7, .ofs_x = 0, .ofs_y = 0},
    {.bitmap_index = 45395, .adv_w = 128, .box_w = 8, .box_h = 10, .ofs_x = 0, .ofs_y = 0},
    {.bitmap_index = 45435, .adv_w = 212, .box_w = 12, .box_h = 12, .ofs_x = 1, .ofs_y = -2},
    {.bitmap_index = 45507, .adv_w = 128, .box_w = 8, .box_h = 10, .ofs_x = 0, .ofs_y = 0},
    {.bitmap_index = 45547, .adv_w = 181, .box_w = 10, .box_h = 10, .ofs_x = 1, .ofs_y = 0},
    {.bitmap_index = 45597, .adv_w = 192, .box_w = 11, .box_h = 10, .ofs_x = 1, .ofs_y = 0},
    {.bitmap_index = 45652, .adv_w = 155, .box_w = 10, .box_h = 10, .ofs_x = 0, .ofs_y = 0},
    {.bitmap_index = 45702, .adv_w = 187, .box_w = 10, .box_h = 10, .ofs_x = 1, .ofs_y = 0},
    {.bitmap_index = 45752, .adv_w = 140, .box_w = 9, .box_h = 13, .ofs_x = 0, .ofs_y = -2},
    {.bitmap_index = 45811, .adv_w = 128, .box_w = 8, .box_h = 10, .ofs_x = 0, .ofs_y = 0},
    {.bitmap_index = 45851, .adv_w = 128, .box_w = 9, .box_h = 10, .ofs_x = 0, .ofs_y = 0},
    {.bitmap_index = 45896, .adv_w = 128, .box_w = 8, .box_h = 10, .ofs_x = 0, .ofs_y = 0},
    {.bitmap_index = 45936, .adv_w = 220, .box_w = 14, .box_h = 13, .ofs_x = 0, .ofs_y = -3},
    {.bitmap_index = 46027, .adv_w = 131, .box_w = 8, .box_h = 13, .ofs_x = 0, .ofs_y = -3},
    {.bitmap_index = 46079, .adv_w = 128, .box_w = 8, .box_h = 10, .ofs_x = 0, .ofs_y = 0},
    {.bitmap_index = 46119, .adv_w = 164, .box_w = 10, .box_h = 13, .ofs_x = 0, .ofs_y = -2},
    {.bitmap_index = 46184, .adv_w = 139, .box_w = 9, .box_h = 10, .ofs_x = 0, .ofs_y = 0},
    {.bitmap_index = 46229, .adv_w = 125, .box_w = 8, .box_h = 10, .ofs_x = 0, .ofs_y = 0},
    {.bitmap_index = 46269, .adv_w = 142, .box_w = 9, .box_h = 13, .ofs_x = 0, .ofs_y = -2},
    {.bitmap_index = 46328, .adv_w = 144, .box_w = 9, .box_h = 10, .ofs_x = 0, .ofs_y = 0},
    {.bitmap_index = 46373, .adv_w = 163, .box_w = 10, .box_h = 11, .ofs_x = 0, .ofs_y = -1},
    {.bitmap_index = 46428, .adv_w = 124, .box_w = 8, .box_h = 10, .ofs_x = 0, .ofs_y = 0},
    {.bitmap_index = 46468, .adv_w = 128, .box_w = 6, .box_h = 10, .ofs_x = 1, .ofs_y = 0},
    {.bitmap_index = 46498, .adv_w = 128, .box_w = 8, .box_h = 10, .ofs_x = 0, .ofs_y = 0},
    {.bitmap_index = 46538, .adv_w = 177, .box_w = 11, .box_h = 10, .ofs_x = 0, .ofs_y = 0},
    {.bitmap_index = 46593, .adv_w = 186, .box_w = 11, .box_h = 10, .ofs_x = 0, .ofs_y = 0},
    {.bitmap_index = 46648, .adv_w = 131, .box_w = 8, .box_h = 10, .ofs_x = 0, .ofs_y = 0},
    {.bitmap_index = 46688, .adv_w = 174, .box_w = 11, .box_h = 11, .ofs_x = 0, .ofs_y = 0},
    {.bitmap_index = 46749, .adv_w = 128, .box_w = 7, .box_h = 14, .ofs_x = 1, .ofs_y = -2},
    {.bitmap_index = 46798, .adv_w = 229, .box_w = 13, .box_h = 10, .ofs_x = 1, .ofs_y = 0},
    {.bitmap_index = 46863, .adv_w = 173, .box_w = 10, .box_h = 5, .ofs_x = 0, .ofs_y = 5},
    {.bitmap_index = 46888, .adv_w = 224, .box_w = 15, .box_h = 15, .ofs_x = -1, .ofs_y = -2},
    {.bitmap_index = 47001, .adv_w = 252, .box_w = 16, .box_h = 15, .ofs_x = 0, .ofs_y = -2},
    {.bitmap_index = 47121, .adv_w = 224, .box_w = 14, .box_h = 11, .ofs_x = 0, .ofs_y = 0},
    {.bitmap_index = 47198, .adv_w = 224, .box_w = 14, .box_h = 13, .ofs_x = 0, .ofs_y = -1},
    {.bitmap_index = 47289, .adv_w = 224, .box_w = 14, .box_h = 11, .ofs_x = 0, .ofs_y = 0},
    {.bitmap_index = 47366, .adv_w = 154, .box_w = 10, .box_h = 11, .ofs_x = 0, .ofs_y = 0},
    {.bitmap_index = 47421, .adv_w = 224, .box_w = 14, .box_h = 15, .ofs_x = 0, .ofs_y = -2},
    {.bitmap_index = 47526, .adv_w = 224, .box_w = 14, .box_h = 15, .ofs_x = 0, .ofs_y = -2},
    {.bitmap_index = 47631, .adv_w = 252, .box_w = 16, .box_h = 13, .ofs_x = 0, .ofs_y = -1},
    {.bitmap_index = 47735, .adv_w = 224, .box_w = 14, .box_h = 15, .ofs_x = 0, .ofs_y = -2},
    {.bitmap_index = 47840, .adv_w = 224, .box_w = 14, .box_h = 15, .ofs_x = 0, .ofs_y = -2},
    {.bitmap_index = 47945, .adv_w = 252, .box_w = 16, .box_h = 11, .ofs_x = 0, .ofs_y = 0},
    {.bitmap_index = 48033, .adv_w = 224, .box_w = 14, .box_h = 15, .ofs_x = 0, .ofs_y = -2},
    {.bitmap_index = 48138, .adv_w = 224, .box_w = 15, .box_h = 15, .ofs_x = 0, .ofs_y = -2},
    {.bitmap_index = 48251, .adv_w = 112, .box_w = 7, .box_h = 12, .ofs_x = 0, .ofs_y = -1},
    {.bitmap_index = 48293, .adv_w = 168, .box_w = 11, .box_h = 12, .ofs_x = 0, .ofs_y = -1},
    {.bitmap_index = 48359, .adv_w = 252, .box_w = 16, .box_h = 14, .ofs_x = 0, .ofs_y = -2},
    {.bitmap_index = 48471, .adv_w = 224, .box_w = 14, .box_h = 11, .ofs_x = 0, .ofs_y = 0},
    {.bitmap_index = 48548, .adv_w = 154, .box_w = 10, .box_h = 15, .ofs_x = 0, .ofs_y = -2},
    {.bitmap_index = 48623, .adv_w = 196, .box_w = 10, .box_h = 14, .ofs_x = 1, .ofs_y = -2},
    {.bitmap_index = 48693, .adv_w = 196, .box_w = 13, .box_h = 15, .ofs_x = 0, .ofs_y = -2},
    {.bitmap_index = 48791, .adv_w = 196, .box_w = 13, .box_h = 13, .ofs_x = 0, .ofs_y = -1},
    {.bitmap_index = 48876, .adv_w = 196, .box_w = 13, .box_h = 13, .ofs_x = 0, .ofs_y = -1},
    {.bitmap_index = 48961, .adv_w = 196, .box_w = 10, .box_h = 14, .ofs_x = 1, .ofs_y = -2},
    {.bitmap_index = 49031, .adv_w = 196, .box_w = 14, .box_h = 13, .ofs_x = -1, .ofs_y = -1},
    {.bitmap_index = 49122, .adv_w = 140, .box_w = 9, .box_h = 13, .ofs_x = 0, .ofs_y = -1},
    {.bitmap_index = 49181, .adv_w = 140, .box_w = 9, .box_h = 13, .ofs_x = 0, .ofs_y = -1},
    {.bitmap_index = 49240, .adv_w = 196, .box_w = 13, .box_h = 13, .ofs_x = 0, .ofs_y = -1},
    {.bitmap_index = 49325, .adv_w = 196, .box_w = 13, .box_h = 4, .ofs_x = 0, .ofs_y = 3},
    {.bitmap_index = 49351, .adv_w = 252, .box_w = 16, .box_h = 11, .ofs_x = 0, .ofs_y = 0},
    {.bitmap_index = 49439, .adv_w = 280, .box_w = 18, .box_h = 15, .ofs_x = 0, .ofs_y = -2},
    {.bitmap_index = 49574, .adv_w = 252, .box_w = 17, .box_h = 15, .ofs_x = -1, .ofs_y = -2},
    {.bitmap_index = 49702, .adv_w = 224, .box_w = 14, .box_h = 13, .ofs_x = 0, .ofs_y = -1},
    {.bitmap_index = 49793, .adv_w = 196, .box_w = 13, .box_h = 8, .ofs_x = 0, .ofs_y = 1},
    {.bitmap_index = 49845, .adv_w = 196, .box_w = 13, .box_h = 8, .ofs_x = 0, .ofs_y = 1},
    {.bitmap_index = 49897, .adv_w = 280, .box_w = 18, .box_h = 11, .ofs_x = 0, .ofs_y = 0},
    {.bitmap_index = 49996, .adv_w = 224, .box_w = 14, .box_h = 11, .ofs_x = 0, .ofs_y = 0},
    {.bitmap_index = 50073, .adv_w = 224, .box_w = 14, .box_h = 11, .ofs_x = 0, .ofs_y = 0},
    {.bitmap_index = 50150, .adv_w = 224, .box_w = 14, .box_h = 15, .ofs_x = 0, .ofs_y = -2},
    {.bitmap_index = 50255, .adv_w = 168, .box_w = 11, .box_h = 15, .ofs_x = 0, .ofs_y = -2},
    {.bitmap_index = 50338, .adv_w = 224, .box_w = 14, .box_h = 15, .ofs_x = 0, .ofs_y = -2},
    {.bitmap_index = 50443, .adv_w = 224, .box_w = 15, .box_h = 15, .ofs_x = -1, .ofs_y = -2},
    {.bitmap_index = 50556, .adv_w = 217, .box_w = 14, .box_h = 15, .ofs_x = 0, .ofs_y = -2},
    {.bitmap_index = 50661, .adv_w = 280, .box_w = 18, .box_h = 13, .ofs_x = 0, .ofs_y = -1},
    {.bitmap_index = 50778, .adv_w = 196, .box_w = 13, .box_h = 13, .ofs_x = 0, .ofs_y = -1},
    {.bitmap_index = 50863, .adv_w = 196, .box_w = 13, .box_h = 15, .ofs_x = 0, .ofs_y = -2},
    {.bitmap_index = 50961, .adv_w = 196, .box_w = 13, .box_h = 13, .ofs_x = 0, .ofs_y = -1},
    {.bitmap_index = 51046, .adv_w = 196, .box_w = 13, .box_h = 12, .ofs_x = 0, .ofs_y = -1},
    {.bitmap_index = 51124, .adv_w = 224, .box_w = 14, .box_h = 11, .ofs_x = 0, .ofs_y = 0},
    {.bitmap_index = 51201, .adv_w = 140, .box_w = 10, .box_h = 15, .ofs_x = -1, .ofs_y = -2},
    {.bitmap_index = 51276, .adv_w = 196, .box_w = 13, .box_h = 15, .ofs_x = 0, .ofs_y = -2},
    {.bitmap_index = 51374, .adv_w = 196, .box_w = 13, .box_h = 15, .ofs_x = 0, .ofs_y = -2},
    {.bitmap_index = 51472, .adv_w = 252, .box_w = 16, .box_h = 11, .ofs_x = 0, .ofs_y = 0},
    {.bitmap_index = 51560, .adv_w = 224, .box_w = 16, .box_h = 15, .ofs_x = -1, .ofs_y = -2},
    {.bitmap_index = 51680, .adv_w = 217, .box_w = 14, .box_h = 15, .ofs_x = 0, .ofs_y = -2},
    {.bitmap_index = 51785, .adv_w = 168, .box_w = 11, .box_h = 15, .ofs_x = 0, .ofs_y = -2},
    {.bitmap_index = 51868, .adv_w = 280, .box_w = 18, .box_h = 13, .ofs_x = 0, .ofs_y = -1},
    {.bitmap_index = 51985, .adv_w = 280, .box_w = 18, .box_h = 10, .ofs_x = 0, .ofs_y = 0},
    {.bitmap_index = 52075, .adv_w = 280, .box_w = 18, .box_h = 10, .ofs_x = 0, .ofs_y = 0},
    {.bitmap_index = 52165, .adv_w = 280, .box_w = 18, .box_h = 10, .ofs_x = 0, .ofs_y = 0},
    {.bitmap_index = 52255, .adv_w = 280, .box_w = 18, .box_h = 10, .ofs_x = 0, .ofs_y = 0},
    {.bitmap_index = 52345, .adv_w = 280, .box_w = 18, .box_h = 10, .ofs_x = 0, .ofs_y = 0},
    {.bitmap_index = 52435, .adv_w = 252, .box_w = 16, .box_h = 13, .ofs_x = 0, .ofs_y = -1},
    {.bitmap_index = 52539, .adv_w = 280, .box_w = 18, .box_h = 12, .ofs_x = 0, .ofs_y = -1},
    {.bitmap_index = 52647, .adv_w = 196, .box_w = 12, .box_h = 15, .ofs_x = 0, .ofs_y = -2},
    {.bitmap_index = 52737, .adv_w = 196, .box_w = 13, .box_h = 15, .ofs_x = 0, .ofs_y = -2},
    {.bitmap_index = 52835, .adv_w = 196, .box_w = 12, .box_h = 15, .ofs_x = 0, .ofs_y = -2},
    {.bitmap_index = 52925, .adv_w = 224, .box_w = 15, .box_h = 15, .ofs_x = -1, .ofs_y = -2},
    {.bitmap_index = 53038, .adv_w = 168, .box_w = 11, .box_h = 15, .ofs_x = 0, .ofs_y = -2},
    {.bitmap_index = 53121, .adv_w = 224, .box_w = 14, .box_h = 15, .ofs_x = 0, .ofs_y = -2},
    {.bitmap_index = 53226, .adv_w = 280, .box_w = 18, .box_h = 15, .ofs_x = 0, .ofs_y = -2},
    {.bitmap_index = 53361, .adv_w = 280, .box_w = 18, .box_h = 11, .ofs_x = 0, .ofs_y = 0},
    {.bitmap_index = 53460, .adv_w = 224, .box_w = 15, .box_h = 12, .ofs_x = 0, .ofs_y = -1},
    {.bitmap_index = 53550, .adv_w = 168, .box_w = 11, .box_h = 15, .ofs_x = 0, .ofs_y = -2},
    {.bitmap_index = 53633, .adv_w = 225, .box_w = 15, .box_h = 10, .ofs_x = 0, .ofs_y = 0}
};

/*---------------------
 *  CHARACTER MAPPING
 *--------------------*/

static const uint8_t glyph_id_ofs_list_3[] = {
    0, 1, 2, 3, 4, 5, 6, 7,
    0, 0, 8, 9, 10, 11, 12, 13,
    0, 0, 0, 0, 14, 15, 16, 17,
    18, 19, 20, 0, 21
};

static const uint16_t unicode_list_8[] = {
    0x0, 0x1, 0x2, 0x3, 0x4, 0x5, 0x1e, 0x72,
    0x73
};

static const uint16_t unicode_list_10[] = {
    0x0, 0x9, 0xa
};

static const uint16_t unicode_list_12[] = {
    0x0, 0xc, 0xceeb, 0xceef, 0xcef2, 0xcef5, 0xcef6, 0xcef7,
    0xcefb, 0xcefd, 0xceff, 0xcf01, 0xcf03, 0xcf06, 0xcf0b, 0xcf0e,
    0xcf10, 0xcf11, 0xcf12, 0xcf28, 0xcf2d, 0xcf32, 0xcf35, 0xcf36,
    0xcf37, 0xcf3b, 0xcf3c, 0xcf3d, 0xcf3e, 0xcf51, 0xcf52, 0xcf58,
    0xcf5a, 0xcf5b, 0xcf5e, 0xcf61, 0xcf62, 0xcf63, 0xcf65, 0xcf6a,
    0xcf6e, 0xcf77, 0xcf7d, 0xcf7f, 0xcf96, 0xcfaa, 0xcfae, 0xcfaf,
    0xcfb1, 0xcfb3, 0xcfca, 0xcfd1, 0xcfd4, 0xcfdd, 0xd006, 0xd00e,
    0xd038, 0xd045, 0xd0d5, 0xd12a, 0xd12b, 0xd12c, 0xd12d, 0xd12e,
    0xd163, 0xd171, 0xd17d, 0xd1d7, 0xd1dc, 0xd1ee, 0xd2af, 0xd3c1,
    0xd403, 0xd444, 0xd593, 0xd6ac, 0xd78c
};

/*Collect the unicode lists and glyph_id offsets*/
static const lv_font_fmt_txt_cmap_t cmaps[] =
{
    {
        .range_start = 32, .range_length = 95, .glyph_id_start = 1,
        .unicode_list = NULL, .glyph_id_ofs_list = NULL, .list_length = 0, .type = LV_FONT_FMT_TXT_CMAP_FORMAT0_TINY
    },
    {
        .range_start = 160, .range_length = 176, .glyph_id_start = 96,
        .unicode_list = NULL, .glyph_id_ofs_list = NULL, .list_length = 0, .type = LV_FONT_FMT_TXT_CMAP_FORMAT0_TINY
    },
    {
        .range_start = 336, .range_length = 256, .glyph_id_start = 272,
        .unicode_list = NULL, .glyph_id_ofs_list = NULL, .list_length = 0, .type = LV_FONT_FMT_TXT_CMAP_FORMAT0_TINY
    },
    {
        .range_start = 880, .range_length = 29, .glyph_id_start = 528,
        .unicode_list = NULL, .glyph_id_ofs_list = glyph_id_ofs_list_3, .list_length = 29, .type = LV_FONT_FMT_TXT_CMAP_FORMAT0_FULL
    },
    {
        .range_start = 910, .range_length = 20, .glyph_id_start = 550,
        .unicode_list = NULL, .glyph_id_ofs_list = NULL, .list_length = 0, .type = LV_FONT_FMT_TXT_CMAP_FORMAT0_TINY
    },
    {
        .range_start = 931, .range_length = 63, .glyph_id_start = 570,
        .unicode_list = NULL, .glyph_id_ofs_list = NULL, .list_length = 0, .type = LV_FONT_FMT_TXT_CMAP_FORMAT0_TINY
    },
    {
        .range_start = 1008, .range_length = 64, .glyph_id_start = 633,
        .unicode_list = NULL, .glyph_id_ofs_list = NULL, .list_length = 0, .type = LV_FONT_FMT_TXT_CMAP_FORMAT0_TINY
    },
    {
        .range_start = 1072, .range_length = 256, .glyph_id_start = 697,
        .unicode_list = NULL, .glyph_id_ofs_list = NULL, .list_length = 0, .type = LV_FONT_FMT_TXT_CMAP_FORMAT0_TINY
    },
    {
        .range_start = 7808, .range_length = 116, .glyph_id_start = 953,
        .unicode_list = unicode_list_8, .glyph_id_ofs_list = NULL, .list_length = 9, .type = LV_FONT_FMT_TXT_CMAP_SPARSE_TINY
    },
    {
        .range_start = 8208, .range_length = 24, .glyph_id_start = 962,
        .unicode_list = NULL, .glyph_id_ofs_list = NULL, .list_length = 0, .type = LV_FONT_FMT_TXT_CMAP_FORMAT0_TINY
    },
    {
        .range_start = 8240, .range_length = 11, .glyph_id_start = 986,
        .unicode_list = unicode_list_10, .glyph_id_ofs_list = NULL, .list_length = 3, .type = LV_FONT_FMT_TXT_CMAP_SPARSE_TINY
    },
    {
        .range_start = 8356, .range_length = 28, .glyph_id_start = 989,
        .unicode_list = NULL, .glyph_id_ofs_list = NULL, .list_length = 0, .type = LV_FONT_FMT_TXT_CMAP_FORMAT0_TINY
    },
    {
        .range_start = 8470, .range_length = 55181, .glyph_id_start = 1017,
        .unicode_list = unicode_list_12, .glyph_id_ofs_list = NULL, .list_length = 77, .type = LV_FONT_FMT_TXT_CMAP_SPARSE_TINY
    }
};

/*-----------------
 *    KERNING
 *----------------*/


/*Map glyph_ids to kern left classes*/
static const uint8_t kern_left_class_mapping[] =
{
    0, 0, 0, 0, 0, 0, 0, 1,
    0, 2, 0, 0, 0, 3, 4, 3,
    0, 0, 0, 0, 0, 0, 0, 0,
    0, 0, 0, 5, 0, 0, 0, 0,
    0, 0, 6, 7, 8, 9, 10, 11,
    0, 0, 0, 0, 8, 12, 0, 0,
    9, 13, 9, 14, 0, 15, 16, 17,
    17, 8, 18, 19, 2, 0, 0, 0,
    20, 0, 21, 22, 23, 0, 22, 24,
    0, 21, 0, 0, 0, 0, 21, 21,
    22, 22, 0, 25, 0, 23, 0, 26,
    26, 27, 26, 0, 2, 0, 0, 0,
    0, 28, 0, 0, 0, 0, 0, 0,
    0, 0, 0, 29, 0, 0, 0, 0,
    0, 0, 0, 0, 0, 0, 0, 0,
    0, 0, 0, 30, 0, 0, 0, 31,
    6, 6, 6, 6, 6, 6, 10, 8,
    10, 10, 10, 10, 0, 0, 0, 0,
    9, 0, 9, 9, 9, 9, 9, 0,
    9, 16, 16, 16, 16, 18, 13, 0,
    21, 21, 21, 21, 21, 21, 22, 0,
    22, 22, 22, 22, 0, 0, 32, 32,
    22, 0, 22, 22, 22, 22, 22, 0,
    22, 0, 0, 0, 0, 26, 22, 26,
    6, 21, 6, 21, 33, 21, 8, 0,
    8, 0, 8, 0, 8, 0, 9, 34,
    9, 0, 10, 22, 10, 22, 10, 22,
    10, 22, 10, 22, 0, 0, 0, 0,
    0, 0, 0, 0, 0, 21, 0, 0,
    0, 35, 0, 32, 0, 0, 36, 0,
    0, 0, 0, 0, 0, 0, 8, 0,
    27, 12, 0, 12, 0, 12, 34, 12,
    0, 12, 0, 0, 21, 0, 21, 0,
    0, 21, 0, 21, 9, 22, 9, 22,
    9, 22, 10, 22, 0, 25, 0, 25,
    0, 25, 0, 0, 0, 0, 0, 0,
    0, 0, 15, 23, 15, 37, 15, 23,
    16, 0, 16, 0, 16, 0, 16, 0,
    16, 0, 16, 0, 17, 26, 18, 26,
    18, 19, 0, 19, 0, 19, 0, 0,
    0, 0, 0, 0, 0, 0, 0, 0,
    0, 0, 0, 0, 0, 0, 0, 0,
    0, 0, 0, 0, 0, 0, 0, 0,
    0, 0, 0, 0, 0, 0, 0, 0,
    38, 39, 0, 0, 0, 0, 0, 0,
    0, 0, 0, 0, 0, 0, 0, 40,
    41, 0, 0, 0, 0, 0, 0, 0,
    0, 0, 0, 0, 0, 0, 0, 0,
    0, 0, 0, 0, 0, 0, 0, 0,
    0, 0, 0, 0, 0, 0, 0, 0,
    0, 0, 0, 0, 0, 0, 0, 0,
    0, 0, 0, 0, 0, 0, 0, 0,
    0, 0, 0, 0, 0, 0, 0, 0,
    0, 0, 0, 0, 0, 0, 0, 0,
    0, 0, 0, 0, 0, 0, 0, 0,
    0, 0, 6, 21, 10, 22, 9, 0,
    0, 0, 0, 0, 0, 0, 0, 0,
    0, 0, 0, 32, 0, 0, 0, 0,
    0, 0, 0, 0, 0, 0, 0, 0,
    0, 0, 15, 23, 0, 0, 0, 0,
    0, 0, 0, 0, 0, 0, 0, 0,
    0, 0, 0, 0, 0, 0, 0, 0,
    0, 0, 0, 0, 0, 0, 0, 0,
    0, 0, 0, 0, 0, 0, 0, 0,
    0, 0, 0, 0, 0, 0, 0, 0,
    0, 0, 0, 0, 0, 0, 0, 0,
    0, 0, 0, 0, 0, 0, 0, 0,
    0, 0, 0, 0, 0, 0, 42, 7,
    42, 0, 0, 0, 0, 43, 44, 0,
    45, 42, 7, 46, 42, 0, 47, 0,
    43, 0, 48, 42, 0, 0, 0, 43,
    0, 0, 47, 49, 44, 43, 0, 44,
    0, 0, 44, 50, 51, 52, 45, 53,
    50, 54, 55, 56, 51, 57, 52, 58,
    45, 0, 59, 50, 55, 60, 56, 51,
    56, 0, 61, 62, 53, 56, 63, 53,
    56, 45, 53, 56, 53, 56, 48, 0,
    0, 0, 0, 0, 56, 0, 0, 0,
    0, 0, 0, 0, 0, 0, 0, 0,
    0, 0, 0, 0, 0, 0, 0, 0,
    0, 0, 0, 0, 0, 0, 0, 0,
    0, 64, 64, 65, 66, 67, 68, 0,
    0, 0, 69, 69, 65, 70, 0, 71,
    0, 72, 73, 74, 66, 75, 64, 70,
    74, 0, 0, 70, 0, 0, 0, 76,
    0, 77, 67, 66, 71, 78, 70, 75,
    0, 0, 75, 69, 0, 69, 76, 76,
    0, 79, 80, 81, 82, 83, 84, 85,
    81, 86, 86, 85, 86, 86, 86, 84,
    86, 84, 87, 82, 88, 84, 85, 83,
    86, 86, 83, 89, 86, 89, 84, 84,
    86, 84, 84, 90, 91, 87, 92, 0,
    93, 94, 89, 89, 95, 85, 86, 88,
    86, 76, 96, 97, 89, 67, 87, 72,
    98, 72, 98, 99, 0, 99, 0, 100,
    0, 0, 84, 76, 84, 71, 96, 71,
    96, 88, 88, 76, 84, 76, 84, 76,
    96, 67, 0, 0, 0, 0, 0, 0,
    0, 0, 0, 75, 83, 97, 89, 77,
    84, 101, 102, 103, 104, 0, 0, 105,
    106, 100, 81, 105, 106, 70, 85, 70,
    85, 70, 85, 75, 83, 103, 102, 0,
    0, 0, 84, 67, 87, 101, 102, 107,
    108, 107, 108, 105, 106, 75, 83, 75,
    83, 0, 0, 0, 0, 109, 110, 109,
    110, 0, 70, 85, 0, 0, 75, 83,
    0, 0, 75, 83, 0, 0, 75, 83,
    0, 72, 79, 72, 79, 64, 110, 64,
    110, 76, 84, 76, 84, 70, 85, 100,
    81, 0, 0, 0, 86, 0, 86, 76,
    84, 76, 84, 76, 84, 76, 84, 71,
    88, 71, 88, 71, 88, 0, 86, 101,
    102, 0, 86, 103, 104, 105, 106, 70,
    106, 0, 0, 111, 112, 111, 112, 75,
    83, 111, 112, 111, 112, 0, 0, 0,
    112, 0, 0, 75, 83, 0, 0, 0,
    0, 0, 0, 0, 0, 0, 0, 70,
    0, 0, 0, 0, 0, 0, 0, 0,
    0, 0, 0, 70, 85, 0, 0, 0,
    83, 17, 26, 17, 26, 17, 26, 0,
    18, 26, 0, 0, 0, 4, 4, 4,
    0, 0, 0, 0, 3, 0, 0, 0,
    3, 0, 0, 0, 0, 0, 0, 0,
    0, 0, 0, 29, 30, 0, 0, 0,
    0, 0, 0, 0, 0, 0, 0, 0,
    0, 0, 0, 0, 0, 0, 0, 0,
    0, 0, 0, 0, 0, 0, 0, 0,
    0, 0, 0, 0, 0, 0, 0, 0,
    0, 0, 0, 0, 0, 0, 0, 0,
    0, 0, 0, 0, 0, 0, 0, 0,
    0, 0, 0, 0, 0, 0, 0, 0,
    0, 0, 0, 0, 0, 0, 0, 0,
    0, 0, 0, 0, 0, 0, 0, 0,
    0, 0, 0, 0, 0, 0, 0, 0,
    0, 0, 0, 0, 0, 0, 0, 0,
    0, 0, 0, 0, 0, 0, 0, 0,
    0, 0, 0, 0, 0, 0
};

/*Map glyph_ids to kern right classes*/
static const uint8_t kern_right_class_mapping[] =
{
    0, 0, 1, 2, 0, 0, 0, 3,
    2, 0, 4, 0, 0, 5, 6, 5,
    0, 0, 0, 0, 0, 0, 0, 0,
    0, 0, 0, 7, 7, 0, 0, 0,
    8, 0, 9, 0, 10, 0, 0, 0,
    10, 0, 11, 12, 0, 0, 0, 0,
    10, 0, 10, 0, 0, 13, 14, 15,
    15, 16, 17, 18, 0, 0, 4, 0,
    0, 0, 19, 20, 21, 21, 21, 22,
    23, 20, 0, 24, 20, 20, 25, 25,
    21, 25, 21, 25, 26, 22, 25, 27,
    27, 27, 27, 28, 0, 0, 4, 0,
    0, 0, 0, 0, 0, 0, 0, 0,
    0, 0, 0, 29, 0, 0, 0, 0,
    0, 0, 0, 0, 0, 0, 0, 0,
    0, 0, 0, 30, 0, 0, 0, 0,
    9, 9, 9, 9, 9, 9, 31, 10,
    0, 0, 0, 0, 0, 0, 0, 0,
    0, 0, 10, 10, 10, 10, 10, 0,
    10, 14, 14, 14, 14, 17, 0, 0,
    21, 19, 19, 19, 19, 19, 19, 21,
    21, 21, 21, 21, 0, 0, 0, 0,
    0, 0, 21, 21, 21, 21, 21, 0,
    21, 25, 25, 25, 25, 27, 20, 27,
    9, 19, 9, 19, 9, 19, 10, 21,
    10, 21, 10, 21, 10, 21, 0, 21,
    0, 21, 0, 21, 0, 21, 0, 21,
    0, 21, 0, 21, 10, 23, 10, 23,
    10, 23, 10, 23, 0, 20, 0, 32,
    0, 33, 0, 0, 0, 0, 0, 0,
    0, 0, 0, 0, 0, 0, 0, 20,
    25, 0, 20, 0, 20, 0, 20, 0,
    20, 0, 0, 0, 25, 0, 25, 0,
    0, 0, 0, 25, 10, 21, 10, 21,
    10, 21, 10, 21, 0, 25, 0, 25,
    0, 0, 0, 26, 0, 0, 0, 26,
    0, 0, 13, 22, 13, 22, 13, 22,
    14, 25, 14, 25, 14, 25, 14, 25,
    14, 25, 14, 25, 15, 27, 17, 27,
    17, 18, 28, 18, 28, 18, 28, 0,
    0, 0, 0, 0, 0, 0, 0, 0,
    0, 0, 0, 0, 0, 0, 0, 0,
    0, 0, 0, 0, 0, 0, 0, 0,
    0, 0, 0, 0, 0, 0, 0, 0,
    10, 21, 0, 0, 0, 0, 0, 0,
    0, 0, 0, 0, 0, 0, 0, 14,
    25, 0, 0, 0, 0, 0, 0, 0,
    0, 0, 0, 0, 0, 0, 0, 0,
    0, 0, 0, 0, 0, 0, 0, 0,
    0, 0, 0, 0, 0, 0, 0, 0,
    0, 0, 0, 0, 0, 0, 0, 0,
    0, 0, 0, 0, 0, 0, 0, 0,
    0, 0, 0, 0, 0, 0, 0, 0,
    0, 0, 0, 0, 0, 0, 0, 0,
    0, 0, 0, 0, 0, 0, 0, 0,
    0, 0, 9, 19, 31, 19, 10, 21,
    0, 0, 0, 0, 0, 0, 0, 0,
    0, 0, 0, 0, 0, 0, 0, 0,
    0, 0, 0, 0, 0, 0, 0, 0,
    0, 26, 13, 22, 0, 0, 0, 0,
    0, 0, 0, 0, 0, 0, 0, 0,
    0, 0, 0, 0, 0, 0, 0, 0,
    0, 0, 0, 0, 0, 0, 0, 0,
    0, 0, 0, 0, 0, 0, 0, 0,
    0, 0, 0, 0, 0, 0, 0, 0,
    0, 0, 0, 0, 0, 0, 0, 0,
    0, 0, 0, 0, 0, 0, 0, 0,
    0, 0, 0, 0, 0, 0, 34, 0,
    34, 0, 0, 0, 0, 35, 36, 0,
    37, 34, 0, 0, 34, 0, 38, 0,
    35, 0, 0, 34, 0, 0, 0, 35,
    0, 0, 38, 39, 36, 35, 40, 36,
    0, 0, 36, 41, 42, 0, 37, 43,
    41, 44, 45, 41, 42, 46, 0, 47,
    37, 44, 48, 44, 45, 49, 41, 50,
    44, 41, 41, 51, 43, 41, 52, 43,
    41, 37, 43, 41, 43, 41, 0, 0,
    0, 0, 0, 0, 41, 0, 0, 0,
    0, 0, 0, 0, 0, 0, 0, 0,
    0, 0, 0, 0, 0, 0, 0, 0,
    0, 0, 0, 0, 0, 0, 0, 0,
    0, 0, 0, 53, 0, 54, 55, 0,
    0, 56, 57, 0, 53, 0, 0, 58,
    0, 59, 0, 0, 0, 60, 0, 61,
    62, 0, 0, 0, 57, 0, 0, 54,
    0, 0, 54, 53, 58, 63, 61, 0,
    64, 0, 0, 53, 0, 0, 62, 0,
    65, 66, 67, 68, 68, 69, 70, 71,
    72, 68, 68, 68, 73, 68, 68, 70,
    68, 68, 70, 74, 75, 70, 71, 68,
    76, 68, 68, 74, 68, 68, 72, 68,
    77, 70, 70, 78, 68, 70, 79, 0,
    80, 81, 73, 68, 78, 68, 68, 75,
    68, 82, 83, 84, 0, 0, 85, 59,
    69, 0, 85, 0, 0, 0, 85, 62,
    0, 64, 0, 82, 66, 86, 83, 86,
    83, 82, 66, 82, 66, 82, 66, 82,
    83, 82, 66, 0, 0, 0, 0, 0,
    0, 0, 0, 0, 85, 84, 78, 0,
    85, 0, 85, 84, 0, 0, 85, 61,
    71, 62, 72, 0, 85, 0, 85, 0,
    78, 87, 74, 0, 85, 0, 85, 0,
    85, 82, 66, 82, 66, 53, 74, 88,
    89, 88, 89, 61, 71, 87, 74, 64,
    76, 64, 76, 0, 85, 90, 91, 90,
    91, 0, 61, 71, 0, 85, 92, 69,
    0, 85, 0, 85, 64, 76, 0, 85,
    0, 59, 93, 59, 93, 59, 93, 0,
    66, 94, 93, 94, 93, 61, 71, 62,
    72, 0, 0, 0, 68, 0, 68, 82,
    66, 82, 66, 82, 66, 62, 72, 58,
    75, 58, 75, 58, 75, 64, 76, 0,
    85, 0, 68, 84, 0, 61, 71, 61,
    71, 95, 66, 95, 66, 96, 97, 96,
    97, 92, 69, 0, 85, 82, 66, 87,
    74, 0, 66, 92, 69, 0, 0, 0,
    0, 0, 0, 0, 0, 0, 0, 0,
    68, 0, 0, 0, 0, 0, 0, 0,
    0, 0, 0, 60, 69, 0, 0, 57,
    73, 15, 27, 15, 27, 15, 27, 0,
    17, 0, 0, 0, 0, 6, 6, 6,
    0, 0, 98, 2, 5, 0, 98, 2,
    5, 0, 0, 0, 0, 0, 0, 0,
    5, 0, 0, 29, 30, 0, 0, 0,
    0, 0, 0, 0, 0, 0, 0, 0,
    0, 0, 0, 0, 0, 0, 0, 0,
    0, 0, 0, 0, 0, 0, 0, 0,
    0, 0, 0, 0, 0, 0, 0, 0,
    0, 0, 0, 0, 0, 0, 0, 0,
    0, 0, 0, 0, 0, 0, 0, 0,
    0, 0, 0, 0, 0, 0, 0, 0,
    0, 0, 0, 0, 0, 0, 0, 0,
    0, 0, 0, 0, 0, 0, 0, 0,
    0, 0, 0, 0, 0, 0, 0, 0,
    0, 0, 0, 0, 0, 0, 0, 0,
    0, 0, 0, 0, 0, 0, 0, 0,
    0, 0, 0, 0, 0, 0
};

/*Kern values between classes*/
static const int8_t kern_class_values[] =
{
    0, 0, 0, 0, 0, 0, 0, 0,
    0, 0, 0, 0, -13, 0, -4, 0,
    -7, 0, 0, 0, 0, 0, 0, 0,
    0, 0, 0, 0, 0, 0, 0, 0,
    0, 0, 0, 0, 0, 0, 0, 0,
    0, 0, 0, 0, 0, 0, 0, 0,
    0, 0, 0, 0, 0, 0, 0, 0,
    0, 0, 0, 0, 0, 0, 0, 0,
    0, 0, 0, 0, 0, 0, 0, 0,
    0, 0, 0, 0, 0, 0, 0, 0,
    0, 0, 0, 0, 0, 0, 0, 0,
    0, 0, 0, 0, 0, 0, 0, 0,
    0, 0, 0, 0, 0, 0, 0, 0,
    0, 0, 0, 0, 0, 20, 0, 0,
    0, 0, 0, 0, 0, 0, 0, 0,
    0, 9, 0, 0, 0, 0, 0, 0,
    0, 0, 0, 0, 0, 0, 0, 0,
    0, 0, 0, 0, 0, 0, 0, 0,
    0, 0, 0, 0, 0, 0, 0, 0,
    0, 22, 0, 0, 0, 0, 0, 0,
    -7, 0, 0, 0, 0, 0, 0, 0,
    0, 0, 0, 0, 0, 0, 0, 0,
    0, 0, 13, 0, 0, 0, 0, 0,
    0, 0, 0, 0, 0, 0, 0, 0,
    0, 0, 0, 0, 0, 0, 0, 0,
    0, 0, 0, 0, 0, -11, 0, 0,
    -16, -4, -13, 0, -13, 0, 0, 0,
    0, 0, 0, 0, 0, 0, 0, 0,
    0, 0, 0, 0, 0, 0, -11, -13,
    0, 0, -16, 0, 0, 0, 0, 0,
    0, 0, 0, 0, 0, 0, 0, 0,
    -11, 0, 0, 13, 0, -4, 0, 0,
    0, 0, -9, -18, 0, 0, 0, 0,
    0, 0, 0, 0, 0, -9, 0, -13,
    0, 0, 0, 0, 0, -11, 0, 0,
    0, -13, -16, -13, 0, -13, 0, 0,
    0, 0, 0, -16, -11, 0, 0, 0,
    0, 0, 0, 0, 0, 0, 0, 0,
    0, 0, -9, 0, 0, 0, 0, 0,
    0, 0, 0, 0, 0, 0, 0, 0,
    0, 0, 0, 0, 0, 0, 0, 0,
    0, 0, 0, 0, -9, 0, 0, 0,
    0, 0, 0, 0, 0, 0, 0, 0,
    0, 0, -9, 0, 0, 0, 0, -4,
    0, 0, -2, 0, 0, 0, 0, 0,
    0, 0, 0, 0, -2, 0, 0, -4,
    0, 0, 0, 0, 0, 0, 0, 0,
    0, 0, 0, 0, -9, 0, 0, 0,
    0, 0, 0, 0, 0, 0, 0, 0,
    0, 0, 0, 0, 0, 0, 0, 0,
    0, 0, 0, 0, 0, 0, 0, 0,
    0, 0, 0, 0, 0, 0, 0, 0,
    0, 0, 0, 0, 0, 0, 0, 0,
    0, 0, 0, 0, 0, 0, 0, 0,
    0, 0, 0, 0, 0, 0, 0, 0,
    0, 0, 0, 0, -6, 0, 0, 0,
    0, 0, 0, 0, -2, 0, -2, -2,
    0, 0, 0, 0, 0, 0, 0, 0,
    0, 0, 0, -2, 0, 0, 0, 0,
    0, 0, 0, 0, 0, 0, 0, 0,
    0, 0, 0, 0, 0, 0, 0, 0,
    0, 0, 0, -16, 0, 0, 0, 0,
    0, 0, 0, -4, 0, 11, -16, 0,
    -9, 0, -13, 0, 0, 0, 0, 0,
    0, 0, 0, 0, 0, 0, 0, 0,
    0, 0, 0, 0, 0, 0, 0, 0,
    0, 0, 0, 0, 0, 0, 0, 0,
    0, 0, 0, 0, 0, 0, 0, 0,
    0, 0, 0, 0, 0, 0, 0, 0,
    0, 0, 0, 0, 0, 0, 0, 0,
    0, 0, 0, 0, 0, 0, 0, 0,
    0, 0, 0, 0, 0, 0, 0, 0,
    0, 0, 0, 0, 0, 0, 0, 0,
    0, 0, 0, 0, 0, 0, 0, 0,
    -2, 0, 0, 0, 0, 0, 0, 0,
    0, 0, 0, 0, 0, 0, 0, 0,
    0, 0, 0, 0, 0, 0, 0, 0,
    0, 0, 0, 0, 0, 0, 0, 0,
    0, 0, 0, 0, 0, 0, 0, 0,
    0, 0, 0, 0, 0, 0, 0, 0,
    0, 0, 0, 0, 0, 0, 0, 0,
    0, 0, 0, 0, 0, 0, 0, 0,
    0, 0, 0, 0, 0, 0, 0, 0,
    0, 0, 0, 0, 0, 0, 0, 0,
    0, 0, 0, 0, 0, 0, 0, 0,
    0, 0, 0, 0, 0, 0, 0, 0,
    0, 0, 0, 0, 0, 0, 0, -4,
    0, 0, 0, 0, 0, 0, 0, 0,
    0, 0, 0, 0, 0, 0, 0, 0,
    0, 0, -4, 0, 0, 0, 0, 0,
    0, 0, 0, 0, 0, 0, 0, 0,
    0, 0, 0, 0, 0, 0, 0, 0,
    0, 0, 0, 0, 0, 0, 0, 0,
    0, 0, 0, 0, 0, 0, 0, 0,
    0, 0, 0, 0, 0, 0, 0, 0,
    0, 0, 0, 0, 0, 0, 0, 0,
    0, 0, 0, 0, 0, 0, 0, 0,
    0, 0, 0, 0, 0, 0, 0, 0,
    0, 0, 0, 0, -9, 0, 0, 0,
    -4, 0, 0, 0, -7, 0, -2, -4,
    -2, -2, 0, 0, 0, 0, 0, 0,
    0, 0, 0, 0, 0, 0, 0, 0,
    0, 0, 0, 0, 0, 0, 0, 0,
    0, 0, 0, 0, 0, 0, 0, 0,
    0, 0, 0, 0, 0, 0, 0, 0,
    0, 0, 0, 0, 0, 0, 0, 0,
    0, 0, 0, 0, 0, 0, 0, 0,
    0, 0, 0, 0, 0, 0, 0, 0,
    0, 0, 0, 0, 0, 0, 0, 0,
    0, 0, 0, 0, 0, 0, 0, 0,
    0, 0, 0, 0, 0, 0, 0, 0,
    0, 0, 0, 0, 0, 13, 0, 0,
    0, 0, 0, 0, 0, 0, 0, 0,
    0, 0, 0, 0, 0, 0, 0, 0,
    0, 0, 0, 0, 0, 0, 0, 0,
    0, 0, 0, 0, 0, 0, 0, 0,
    0, 0, 0, 0, 0, 0, 0, 0,
    0, 0, 0, 0, 0, 0, 0, 0,
    0, 0, 0, 0, 0, 0, 0, 0,
    0, 0, 0, 0, 0, 0, 0, 0,
    0, 0, 0, 0, 0, 0, 0, 0,
    0, 0, 0, 0, 0, 0, 0, 0,
    0, 0, 0, 0, 0, 0, 0, 4,
    -13, 0, 0, 4, -4, 0, 0, 0,
    0, 0, 0, 0, 0, 0, 0, 0,
    0, 0, 0, 0, 0, 0, 0, 0,
    0, 0, 0, 0, 0, 0, 0, 0,
    0, 0, 0, 0, 0, 0, 0, 0,
    0, 0, 0, 0, 0, 0, 0, 0,
    0, 0, 0, 0, 0, 0, 0, 0,
    0, 0, 0, 0, 0, 0, 0, 0,
    0, 0, 0, 0, 0, 0, 0, 0,
    0, 0, 0, 0, 0, 0, 0, 0,
    0, 0, 0, 0, 0, 0, 0, 0,
    0, 0, 0, 0, 0, 0, 0, -18,
    0, 0, 0, 0, 0, 0, 0, -4,
    0, 0, -4, -2, -4, 0, -7, 0,
    0, 0, 0, 0, 0, 0, 0, 0,
    0, 0, 0, 0, 0, 0, 0, 0,
    0, 0, 0, 0, 0, 0, 0, 0,
    0, 0, 0, 0, 0, 0, 0, 0,
    0, 0, 0, 0, 0, 0, 0, 0,
    0, 0, 0, 0, 0, 0, 0, 0,
    0, 0, 0, 0, 0, 0, 0, 0,
    0, 0, 0, 0, 0, 0, 0, 0,
    0, 0, 0, 0, 0, 0, 0, 0,
    0, 0, 0, 0, 0, 0, 0, 0,
    0, 0, -2, 0, -29, 0, 0, 0,
    -11, 0, 0, 0, 0, 0, 0, -4,
    0, -2, 0, 0, 0, 0, 0, 0,
    0, 0, 0, 0, -4, 0, -7, 0,
    0, 0, 0, 0, 0, 0, 0, 0,
    0, 0, 0, 0, 0, 0, 0, 0,
    0, 0, 0, 0, 0, 0, 0, 0,
    0, 0, 0, 0, 0, 0, 0, 0,
    0, 0, 0, 0, 0, 0, 0, 0,
    0, 0, 0, 0, 0, 0, 0, 0,
    0, 0, 0, 0, 0, 0, 0, 0,
    0, 0, 0, 0, 0, 0, 0, 0,
    0, 0, 0, 0, 0, 0, 0, 0,
    0, 0, 0, 0, 0, 0, 0, 0,
    0, 0, 0, 0, 0, 0, 0, 0,
    0, 0, 0, 0, 0, 0, -2, 0,
    0, 0, 0, 0, 0, 0, 0, 0,
    0, 0, 0, 0, 0, 0, 0, 0,
    0, 0, 0, 0, 0, 0, 0, 0,
    0, 0, 0, 0, 0, 0, 0, 0,
    0, 0, 0, 0, 0, 0, 0, 0,
    0, 0, 0, 0, 0, 0, 0, 0,
    0, 0, 0, 0, 0, 0, 0, 0,
    0, 0, 0, 0, 0, 0, 0, 0,
    0, 0, 0, 0, 0, 0, -4, 0,
    -13, -9, 0, 4, -16, -4, 0, 0,
    4, 0, 0, 0, 0, 0, -18, 0,
    -16, 0, -16, 0, -11, -13, -4, -9,
    -13, -7, 0, 0, 0, 0, 0, 0,
    0, 0, 0, 0, 0, 0, 0, 0,
    0, 0, 0, 0, 0, 0, 0, 0,
    0, 0, 0, 0, 0, 0, 0, 0,
    0, 0, 0, 0, 0, 0, 0, 0,
    0, 0, 0, 0, 0, 0, 0, 0,
    0, 0, 0, 0, 0, 0, 0, 0,
    0, 0, 0, 0, 0, 0, 0, 0,
    0, 0, 0, 0, 0, 0, 0, 0,
    0, 0, -4, 0, 0, 0, -2, 0,
    0, 0, 0, 0, 0, 0, 0, 0,
    0, 0, 0, 0, 0, 0, 0, 0,
    0, 0, 0, 0, 0, 0, 0, 0,
    0, 0, 0, 0, 0, 0, 0, 0,
    0, 0, 0, 0, 0, 0, 0, 0,
    0, 0, 0, 0, 0, 0, 0, 0,
    0, 0, 0, 0, 0, 0, 0, 0,
    0, 0, 0, 0, 0, 0, 0, 0,
    0, 0, 0, 0, 0, 0, 0, 0,
    0, 0, 0, 0, 0, 0, 0, 0,
    0, 0, 0, 0, 0, 0, 0, 0,
    0, 0, 0, 0, -11, 0, 0, 4,
    -9, -2, 0, 0, 0, 0, 0, 0,
    0, 0, -4, 0, -4, 0, -2, 0,
    -2, -2, 0, 0, -7, -2, 0, 0,
    0, 0, 0, 0, 0, 0, 0, 0,
    0, 0, 0, 0, 0, 0, 0, 0,
    0, 0, 0, 0, 0, 0, 0, 0,
    0, 0, 0, 0, 0, 0, 0, 0,
    0, 0, 0, 0, 0, 0, 0, 0,
    0, 0, 0, 0, 0, 0, 0, 0,
    0, 0, 0, 0, 0, 0, 0, 0,
    0, 0, 0, 0, 0, 0, 0, 0,
    0, 0, 0, 0, -7, 0, -13, 0,
    0, 4, -13, -4, 0, 0, 0, 0,
    0, 0, 0, 0, -11, 0, -11, 0,
    -11, 0, -7, -9, 0, -4, -18, -7,
    0, 0, 0, 0, 0, 0, 0, 0,
    0, 0, 0, 0, 0, 0, 0, 0,
    0, 0, 0, 0, 0, 0, 0, 0,
    0, 0, 0, 0, 0, 0, 0, 0,
    0, 0, 0, 0, 0, 0, 0, 0,
    0, 0, 0, 0, 0, 0, 0, 0,
    0, 0, 0, 0, 0, 0, 0, 0,
    0, 0, 0, 0, 0, 0, 0, 0,
    0, 0, 0, 0, 0, 0, 0, 0,
    0, 0, 0, 0, 0, -2, 0, 0,
    0, 0, 0, 0, 0, 0, 0, 0,
    0, 0, 0, 0, 0, 0, 0, 0,
    -4, 0, 0, 0, 0, 0, 0, 0,
    0, 0, 0, 0, 0, 0, 0, 0,
    0, 0, 0, 0, 0, 0, 0, 0,
    0, 0, 0, 0, 0, 0, 0, 0,
    0, 0, 0, 0, 0, 0, 0, 0,
    0, 0, 0, 0, 0, 0, 0, 0,
    0, 0, 0, 0, 0, 0, 0, 0,
    0, 0, 0, 0, 0, 0, 0, 0,
    0, 0, 0, 0, 0, 0, 0, 0,
    0, 0, 0, 0, 0, 0, 0, 0,
    0, 21, 0, 0, 0, 0, 0, 0,
    0, 0, 0, 0, 0, 0, 0, 0,
    0, 0, 0, 0, 0, 0, 0, 0,
    0, 0, 0, 0, 0, 0, 0, 0,
    0, 0, 0, 0, 0, 0, 0, 0,
    0, 0, 0, 0, 0, 0, 0, 0,
    0, 0, 0, 0, 0, 0, 0, 0,
    0, 0, 0, 0, 0, 0, 0, 0,
    0, 0, 0, 0, 0, 0, 0, 0,
    0, 0, 0, 0, 0, 0, 0, 0,
    0, 0, 0, 0, 0, 0, 0, 0,
    0, -2, 0, 0, 0, 0, 0, 0,
    0, 0, 0, 0, 0, 0, 0, 0,
    0, 0, 0, 0, 0, 0, 0, 0,
    0, 0, 0, 0, 0, 0, 0, 0,
    0, 0, 0, 0, 0, 0, 0, 0,
    0, 0, 0, 0, 0, 0, 0, 0,
    0, 0, 0, 0, 0, 0, 0, 0,
    0, 0, 0, 0, 0, 0, 0, 0,
    0, 0, 0, 0, 0, 0, 0, 0,
    0, 0, 0, 0, 0, 0, 0, 0,
    0, 0, 0, 0, 0, 0, 0, 0,
    0, 0, 0, 0, 0, 0, 0, 0,
    0, 0, 0, -2, 0, 0, 0, 0,
    0, 0, 0, 0, 0, 0, 0, 0,
    0, 0, 0, 0, 0, 0, 0, 0,
    0, 0, 0, 0, -4, -2, 0, 0,
    0, 0, 0, 0, 0, 0, 0, 0,
    0, 0, 0, 0, 0, 0, 0, 0,
    0, 0, 0, 0, 0, 0, 0, 0,
    0, 0, 0, 0, 0, 0, 0, 0,
    0, 0, 0, 0, 0, 0, 0, 0,
    0, 0, 0, 0, 0, 0, 0, 0,
    0, 0, 0, 0, 0, 0, 0, 0,
    0, 0, 0, 0, 0, 0, 0, 0,
    0, 0, 0, 0, 0, 4, 0, 0,
    0, 0, 0, 0, 0, 0, 0, 0,
    0, 0, 0, 0, 0, 0, 0, 0,
    0, 0, 0, 0, 0, 0, 0, 0,
    0, 0, 0, 0, 0, 0, 0, 0,
    0, 0, 0, 0, 0, 0, 0, 0,
    0, 0, 0, 0, 0, 0, 0, 0,
    0, 0, 0, 0, 0, 0, 0, 0,
    0, 0, 0, 0, 0, 0, 0, 0,
    0, 0, 0, 0, 0, 0, 0, 0,
    0, 0, 0, 0, 0, 0, 0, 0,
    0, 0, 0, 0, 0, 0, 0, 0,
    0, 0, 0, 0, 0, 0, 0, 13,
    0, 9, -4, 0, 0, 0, 0, 0,
    0, 0, 0, 0, 0, 0, 0, 0,
    0, 0, 0, 0, 0, 0, 0, 0,
    0, 0, 0, 0, 0, 0, 0, 0,
    0, 0, 0, 0, 0, 0, 0, 0,
    0, 0, 0, 0, 0, 0, 0, 0,
    0, 0, 0, 0, 0, 0, 0, 0,
    0, 0, 0, 0, 0, 0, 0, 0,
    0, 0, 0, 0, 0, 0, 0, 0,
    0, 0, 0, 0, 0, 0, 0, 0,
    0, 0, 0, 0, 0, 0, 0, 0,
    0, 0, 0, 0, 0, 0, 0, 0,
    0, 9, 0, 0, -36, 0, 0, 0,
    0, 0, 0, 0, 0, 0, 0, 0,
    0, 0, -4, 0, -4, 0, -2, 0,
    0, 0, 0, 0, 0, 0, 0, 0,
    0, 0, 0, 0, 0, 0, 0, 0,
    0, 0, 0, 0, 0, 0, 0, 0,
    0, 0, 0, 0, 0, 0, 0, 0,
    0, 0, 0, 0, 0, 0, 0, 0,
    0, 0, 0, 0, 0, 0, 0, 0,
    0, 0, 0, 0, 0, 0, 0, 0,
    0, 0, 0, 0, 0, 0, 0, 0,
    0, 0, 0, 0, 0, 0, 0, 0,
    0, 0, 0, 9, 0, 0, -9, 0,
    0, 4, 0, 0, 0, 0, 0, 0,
    0, 0, 0, 0, 0, 0, 0, 0,
    0, 0, 0, 0, 0, 0, 0, 0,
    0, 0, 0, 0, 0, 0, 0, 0,
    0, 0, 0, 0, 0, 0, 0, 0,
    0, 0, 0, 0, 0, 0, 0, 0,
    0, 0, 0, 0, 0, 0, 0, 0,
    0, 0, 0, 0, 0, 0, 0, 0,
    0, 0, 0, 0, 0, 0, 0, 0,
    0, 0, 0, 0, 0, 0, 0, 0,
    0, 0, 0, 0, 0, 0, 0, 0,
    0, 0, 0, 0, 0, 0, 0, 0,
    0, 0, 0, 0, 0, 0, 0, 0,
    0, 0, 0, 0, 0, 0, 0, 0,
    -4, 0, 0, 0, 0, 0, 0, 0,
    0, 0, 0, 0, 0, 0, 0, 0,
    0, 0, 0, 0, 0, 0, 0, 0,
    0, 0, 0, 0, 0, 0, 0, 0,
    0, 0, 0, 0, 0, 0, 0, 0,
    0, 0, 0, 0, 0, 0, 0, 0,
    0, 0, 0, 0, 0, 0, 0, 0,
    0, 0, 0, 0, 0, 0, 0, 0,
    0, 0, 0, 0, 0, 0, 0, 0,
    0, 0, 0, 0, 0, 0, 0, 0,
    0, 0, 0, 0, 0, 0, 0, 0,
    0, 11, -4, 0, -2, 0, -7, 0,
    0, 0, 0, 0, 0, 0, 0, 0,
    0, 0, 0, 0, 0, 0, 0, 0,
    0, 0, 0, 0, 0, 0, 0, 0,
    0, 0, 0, 0, 0, 0, 0, 0,
    0, 0, 0, 0, 0, 0, 0, 0,
    0, 0, 0, 0, 0, 0, 0, 0,
    0, 0, 0, 0, 0, 0, 0, 0,
    0, 0, 0, 0, 0, 0, 0, 0,
    0, 0, 0, 0, 0, 0, 0, 0,
    0, 0, 0, 0, 0, 0, 0, 0,
    0, 0, 0, 0, 0, 0, 0, 0,
    0, 0, 0, 0, -7, 0, -2, 0,
    -7, 0, 0, 0, 0, 0, 0, 0,
    0, 0, 0, 0, 0, 0, 0, 0,
    0, 0, 0, -7, 0, 0, -7, 0,
    0, 0, 0, 0, 0, 0, 0, 0,
    0, 0, 0, 0, -7, 0, 0, 0,
    0, 0, -2, 0, 0, 0, 0, 0,
    0, 0, 0, 0, 0, 0, 0, 0,
    0, 0, 0, 0, 0, 0, 0, 0,
    0, 0, 0, 0, 0, 0, -2, 0,
    0, 0, 0, 0, 0, 0, 0, 0,
    0, 0, 0, 0, 0, 0, 0, 0,
    0, 0, 0, 0, 0, 0, -13, 0,
    -7, -4, -18, 0, 0, 0, 0, 0,
    0, 0, 0, 0, 0, 0, 0, 0,
    0, 0, 0, 0, 0, -18, 0, 0,
    -13, -4, 0, 0, 0, 0, 0, 0,
    0, 0, 0, 0, 0, 0, -13, 0,
    0, 0, 0, -4, 0, 0, -4, 0,
    0, -4, 0, 0, 0, 0, 0, 0,
    0, 0, 0, 0, 0, 0, 0, 0,
    0, 0, 0, 0, 0, 0, 0, 0,
    -9, 0, 0, 0, 0, 0, 0, 0,
    0, 0, 0, 0, 0, 0, 0, 0,
    0, 0, 0, 0, 0, 0, 0, 22,
    -9, 0, -7, 0, -9, 0, 0, 0,
    0, 0, 0, 0, 0, 0, 0, 0,
    0, 0, 0, 0, 0, 0, 0, 0,
    0, 0, 0, 0, 0, 0, 0, 0,
    0, 0, 0, 0, 0, 0, 0, 0,
    0, 0, 0, 0, 0, 0, 0, 0,
    0, 0, 0, 0, 0, 0, 0, 0,
    0, 0, 0, 0, 0, 0, 0, 0,
    0, 0, 0, 0, 0, 0, 0, 0,
    0, 0, 0, 0, 0, 0, 0, 0,
    0, 0, 0, 0, 0, 0, 0, 0,
    0, 11, 0, 0, 0, 0, 0, 0,
    0, 0, 0, 0, 0, 0, 0, 0,
    0, 0, 0, 0, 0, 0, 0, 0,
    0, 0, 0, 0, 0, 0, 0, 0,
    0, 0, 0, 0, 0, 0, 0, 0,
    0, 0, 0, 0, 0, 0, 0, 0,
    0, 0, 0, 0, 0, 0, 0, 0,
    0, 0, 0, 0, 0, 0, 0, 0,
    0, 0, 0, 0, 0, 0, 0, 0,
    0, 0, 0, 0, 0, 0, 0, 0,
    0, 0, 0, 0, 0, 0, 0, 0,
    0, 0, 0, 0, 0, 0, 0, 0,
    0, -16, 0, 0, 0, 0, 0, 0,
    0, -4, 0, 25, -16, 0, -9, 0,
    -13, 0, 0, 0, 0, 0, 0, 0,
    0, 0, 0, 0, 0, 0, 0, 0,
    0, 0, 0, 0, 0, 0, 0, 0,
    0, 0, 0, 0, 0, 0, 0, 0,
    0, 0, 0, 0, 0, 0, 0, 0,
    0, 0, 0, 0, 0, 0, 0, 0,
    0, 0, 0, 0, 0, 0, 0, 0,
    0, 0, 0, 0, 0, 0, 0, 0,
    0, 0, 0, 0, 0, 0, 0, 0,
    0, 0, 0, 0, 0, 0, 0, 0,
    0, 0, 16, 15, 0, 24, 0, 0,
    0, 23, 0, 0, 0, 0, 0, 0,
    0, 0, 0, 0, 0, 7, 0, 0,
    0, 0, 0, 0, 0, 0, 0, 0,
    0, 16, 0, 0, 0, 0, 0, 0,
    0, 0, 0, 0, 0, 0, 0, 0,
    0, 0, 0, 0, 0, 0, 0, 0,
    0, 0, 0, 0, 0, 0, 0, 0,
    0, 0, 0, 0, 0, 0, 0, 0,
    0, 0, 0, 0, 0, 0, 0, 0,
    0, 0, 0, 0, 0, 0, 0, 0,
    0, 0, 0, 0, 0, 0, 0, 0,
    0, 0, 0, 17, 0, 0, 0, 11,
    0, 0, 0, 0, 0, 0, 0, 0,
    0, 0, 0, 0, 0, 0, 0, 0,
    0, 0, 0, 0, 0, 0, 0, 0,
    0, 0, 0, 0, 28, 0, 0, 0,
    0, 0, 0, 0, 0, 0, 0, 0,
    0, 0, 0, 0, 0, 0, 0, 0,
    0, 0, 0, 0, 0, 0, 0, 0,
    0, 0, 0, 0, 0, 0, 0, 0,
    0, 0, 0, 0, 0, 0, 0, 0,
    0, 0, 0, 0, 0, 0, 0, 0,
    0, 0, 0, 0, 0, 0, 0, 0,
    0, 0, 0, 0, 0, 0, 0, 0,
    0, 0, 0, 0, 0, 0, 0, 0,
    0, 11, 0, 0, 0, 0, 0, 0,
    0, 0, 0, 0, 0, 0, 0, 0,
    0, 0, 0, 0, 0, 0, 0, 0,
    0, 0, 0, 0, 0, 0, 0, 0,
    0, 0, 0, 0, 0, 0, 0, 0,
    0, 0, 0, 0, 0, 0, 0, 0,
    0, 0, 0, 0, 0, 0, 0, 0,
    0, 0, 0, 0, 0, 0, 0, 0,
    0, 0, 0, 0, 0, 0, 0, 0,
    0, 0, 0, 0, 0, 0, 0, 0,
    0, 0, 0, 0, 0, 0, 0, 0,
    20, 22, 0, 30, 0, 0, 0, 27,
    0, 0, 0, 0, 0, 0, 0, 0,
    0, 0, 0, 0, 0, 0, 0, 0,
    0, 0, 0, 0, 0, 0, 0, 0,
    0, 0, 0, 0, 0, 0, 0, 0,
    0, 0, 0, 0, 0, 0, 0, 0,
    0, 0, 0, 0, 0, 0, 0, 0,
    0, 0, 0, 0, 0, 0, 0, 0,
    0, 0, 0, 0, 0, 0, 0, 0,
    0, 0, 0, 0, 0, 0, 0, 0,
    0, 0, 0, 0, 0, 0, 0, 0,
    0, 0, 0, 0, 0, 0, 0, 0,
    0, 17, 0, 0, 0, 0, 0, 0,
    0, 0, -4, 0, 4, 0, 13, 0,
    16, 11, 13, 0, 0, 0, 0, 0,
    0, 0, 0, 0, 0, 0, 0, 0,
    0, 0, 0, 0, 0, 0, 0, 0,
    0, 0, 0, 0, 0, 0, 0, 0,
    0, 0, 0, 0, 0, 0, 0, 0,
    0, 0, 0, 0, 0, 0, 0, 0,
    0, 0, 0, 0, 0, 0, 0, 0,
    0, 0, 0, 0, 0, 0, 0, 0,
    0, 0, 0, 0, 0, 0, 0, 0,
    0, 0, 0, 0, 0, 0, 0, 0,
    0, 0, 0, 0, 0, 0, 0, 0,
    0, 0, 0, 0, 0, 0, 0, 0,
    0, 0, 0, 0, 0, 0, 0, 4,
    0, 9, 0, 0, 0, 0, 11, 0,
    0, 0, 0, 0, 0, 0, 0, 0,
    0, 0, 0, 0, 0, 0, 0, 0,
    0, 0, 0, 0, 0, 0, 0, 0,
    0, 0, 0, 0, 0, 0, 0, 0,
    0, 0, 0, 0, 0, 0, 0, 0,
    0, 0, 0, 0, 0, 0, 0, 0,
    0, 0, 0, 0, 0, 0, 0, 0,
    0, 0, 0, 0, 0, 0, 0, 0,
    0, 0, 0, 0, 0, 0, 0, 0,
    0, 0, 0, 0, 0, 0, -7, -2,
    4, 0, 16, 0, 16, 11, 13, 0,
    -7, 0, -4, 0, -4, 0, 0, 0,
    0, 0, 0, 0, 0, 0, 0, 0,
    0, 0, 0, 0, 0, 0, 0, 0,
    0, 0, 0, 0, 0, 0, 0, 0,
    0, 0, 0, 0, 0, 0, 0, 0,
    0, 0, 0, 0, 0, 0, 0, 0,
    0, 0, 0, 0, 0, 0, 0, 0,
    0, 0, 0, 0, 0, 0, 0, 0,
    0, 0, 0, 0, 0, 0, 0, 0,
    0, 0, 0, 0, 0, 0, 0, 0,
    0, 0, 0, 0, 0, 0, 0, 0,
    0, 0, 0, 0, 0, 0, 0, 0,
    0, 0, 0, 4, 0, 11, 0, 0,
    0, 0, 11, 0, 0, 0, 0, 0,
    0, 0, 0, 0, 0, 0, 0, 0,
    0, 0, 0, 0, 0, 0, 0, 0,
    0, 0, 0, 0, 0, 0, 0, 0,
    0, 0, 0, 0, 0, 0, 0, 0,
    0, 0, 0, 0, 0, 0, 0, 0,
    0, 0, 0, 0, 0, 0, 0, 0,
    0, 0, 0, 0, 0, 0, 0, 0,
    0, 0, 0, 0, 0, 0, 0, 0,
    0, 0, 0, -16, 0, 0, 0, 0,
    0, 0, 0, 0, 0, 0, 0, 0,
    0, 0, 0, 0, 0, 0, 0, 0,
    0, 0, 0, 0, 0, 0, 0, 0,
    0, 0, 0, 0, -4, -13, 0, 0,
    -16, 0, 0, 0, 0, 0, 0, 0,
    0, 0, 0, 0, 0, 0, 0, 0,
    0, 0, 0, 0, 0, 0, 0, 0,
    0, 0, 0, 0, 0, 0, 0, 0,
    0, 0, 0, 0, 0, 0, 0, 0,
    0, 0, 0, 0, 0, 0, 0, 0,
    0, 0, 0, 0, 0, 0, 0, 0,
    0, 0, 0, 0, 0, 0, 0, 0,
    -9, 0, 0, 0, 0, 0, 0, 0,
    0, 0, 0, 0, 0, 0, 0, 0,
    0, 0, 0, 0, 0, 0, 0, 0,
    0, 0, 0, 0, 0, -4, 0, -2,
    0, -2, -7, -4, 0, 0, 0, 0,
    0, 0, 0, 0, 0, 0, 0, 0,
    0, 0, 0, 0, 0, 0, 0, 0,
    0, 0, 0, 0, 0, 0, 0, 0,
    0, 0, 0, 0, 0, 0, 0, 0,
    0, 0, 0, 0, 0, 0, 0, 0,
    0, 0, 0, 0, 0, 0, 0, 0,
    0, 0, 0, 0, 0, 0, 0, 0,
    0, 0, -13, 0, 0, 0, 0, 0,
    0, 0, 0, 0, 0, 0, 0, 0,
    0, 0, 0, 0, 0, 0, 0, 0,
    0, 0, -18, -7, 0, 0, 0, -13,
    -4, 0, -7, 0, 0, 0, -11, -11,
    -7, -7, 0, -11, 0, 0, -11, 0,
    0, 0, 0, 0, 0, 0, 0, 0,
    0, 0, 0, 0, 0, 0, 0, 0,
    0, 0, 0, 0, 0, 0, 0, 0,
    0, 0, 0, 0, 0, 0, 0, 0,
    0, 0, 0, 0, 0, 0, 0, 0,
    0, 0, 0, 0, 0, 0, 0, 0,
    0, 9, 0, 0, -4, 0, 0, 0,
    0, 0, 0, 0, 0, 0, 0, 0,
    0, 0, 0, 0, 0, 0, 0, 0,
    0, 0, 0, 0, 0, 0, 0, 0,
    0, 0, 0, 0, 0, 0, 0, 0,
    -4, -4, -2, 0, -4, -4, -4, 0,
    -4, -4, -4, -4, 0, 0, 0, 0,
    0, 0, 0, 0, 0, 0, 0, 0,
    0, 0, 0, 0, 0, 0, 0, 0,
    0, 0, 0, 0, 0, 0, 0, 0,
    0, 0, 0, 0, 0, 0, 0, 0,
    0, 0, 0, 0, 0, 0, 0, 0,
    0, 0, 0, 0, 0, 0, -18, -9,
    0, 0, 0, 0, 0, 0, 0, 0,
    0, 0, 0, 0, 0, 0, 0, 0,
    0, 0, 0, 0, 0, 0, -13, -7,
    0, 0, 0, -16, -4, 0, -11, 0,
    4, 0, -16, -16, -11, -11, -4, -16,
    0, -4, -16, 0, 0, -4, 0, 0,
    0, 0, 0, 0, 0, 0, 0, 0,
    0, 0, 0, 0, 0, 0, 0, 0,
    0, 0, 0, 0, 0, 0, 0, 0,
    0, 0, 0, 0, 0, 0, 0, 0,
    0, 0, 0, 0, 0, 0, 0, 0,
    0, 0, 0, 0, 0, 0, 0, 0,
    0, 0, 0, 0, 0, 0, 0, 0,
    0, 0, 0, 0, 0, 0, 0, 0,
    0, 0, 0, 0, 0, 0, 0, 0,
    -4, 0, 0, 0, 0, 0, -2, 0,
    0, 0, 0, 0, 0, 0, 0, 0,
    0, 0, 0, 0, 0, 0, 0, 0,
    0, 0, 0, 0, 0, 0, 0, 0,
    0, 0, 0, 0, 0, 0, 0, 0,
    0, 0, 0, 0, 0, 0, 0, 0,
    0, 0, 0, 0, 0, 0, 0, 0,
    0, 0, 0, 0, 0, 0, 0, 0,
    0, 0, 0, 0, 0, 0, 0, 0,
    0, 0, 0, 0, 0, 0, 0, 0,
    0, 0, 0, 0, 0, 0, 0, 0,
    0, 0, 0, 0, 0, 0, 0, 0,
    0, 0, -4, 0, 0, 0, 0, 0,
    -4, 0, 0, 0, 0, 0, 0, 0,
    0, 0, 0, 0, 0, 0, 0, 0,
    0, 0, 0, 0, 0, 0, 0, 0,
    0, 0, 0, 0, 0, 0, 0, 0,
    0, 0, 0, 0, 0, 0, 0, 0,
    0, 0, 0, 0, 0, 0, 0, 0,
    0, 0, 0, 0, 0, 0, 0, 0,
    0, 0, 0, 0, 0, 0, 0, 0,
    0, 0, 0, 0, -13, -9, 0, 0,
    0, 0, 0, 0, 0, 0, 0, 0,
    0, 0, 0, 0, 0, 0, 0, 0,
    0, 0, 0, 0, -13, -7, 0, 0,
    0, -16, -4, 0, -11, 0, 4, 0,
    -16, -16, -11, -11, -4, -16, 0, -4,
    -16, 0, 0, -4, 0, 0, 0, 0,
    0, 0, 0, 0, 0, 0, 0, 0,
    0, 0, 0, 0, 0, 0, 0, 0,
    0, 0, 0, 0, 0, 0, 0, 0,
    0, 0, 0, 0, 0, 0, 0, 0,
    0, 0, 0, 0, 0, 0, 0, 0,
    0, 0, 0, 9, 0, 0, -4, 0,
    0, 0, 0, 0, 0, 0, 0, 0,
    0, 0, 0, 0, 0, 0, 0, 0,
    0, 0, 0, 0, 0, 0, 0, 0,
    0, 0, 0, 0, 0, 0, 0, 0,
    0, 0, -2, -4, -2, 0, -1, -4,
    -2, 0, -4, -2, -2, -2, 0, 0,
    0, 0, 0, 0, 0, 0, 0, 0,
    0, 0, 0, 0, 0, 0, 0, 0,
    0, 0, 0, 0, 0, 0, 0, 0,
    0, 0, 0, 0, 0, 0, 0, 0,
    0, 0, 0, 0, 0, 0, 0, 0,
    0, 0, 0, 0, 0, 4, 0, 0,
    0, 0, 0, 0, 0, 0, 0, 0,
    0, 0, 0, 0, 0, 0, 0, 0,
    0, 0, 0, 0, 0, 0, 0, 0,
    0, 0, 0, 0, 0, 0, 0, 0,
    0, 0, 0, 0, -2, 0, 0, 0,
    0, 0, 0, 0, 0, 0, 0, 0,
    0, 0, 0, 0, 0, 0, 0, 0,
    0, 0, 0, 0, 0, 0, 0, 0,
    0, 0, 0, 0, 0, 0, 0, 0,
    0, 0, 0, 0, 0, 0, 0, 0,
    0, 0, 0, 0, 0, 0, 0, 0,
    0, 0, 0, 0, 0, 0, 0, -2,
    0, 0, 0, 0, 0, 0, 0, 0,
    0, 0, 0, 0, 0, 0, 0, 0,
    0, 0, 0, 0, 0, 0, 0, 0,
    0, 0, 0, 0, 0, 0, 0, 0,
    0, 0, 0, 0, 0, 0, 0, 0,
    0, 0, -1, 0, 0, 0, 0, -2,
    0, 0, 0, 0, 0, 0, 0, 0,
    0, 0, 0, 0, 0, 0, 0, 0,
    0, 0, 0, 0, 0, 0, 0, 0,
    0, 0, 0, 0, 0, 0, 0, 0,
    0, 0, 0, 0, 0, 0, 0, 0,
    0, 0, 0, 0, 0, 0, 0, 0,
    0, -2, 0, 0, 0, 0, 0, 0,
    0, 0, 0, 0, 0, 0, 0, 0,
    0, 0, 0, 0, 0, 0, 0, 0,
    0, 0, 0, 0, 0, 0, 0, 0,
    0, 0, 0, 0, 0, 0, 0, 0,
    0, 0, 0, 0, -4, 0, 0, -7,
    0, -2, -2, -4, 0, 0, 0, 0,
    0, 0, 0, 0, 0, 0, 0, 0,
    0, 0, 0, 0, 0, 0, 0, 0,
    0, 0, 0, 0, 0, 0, 0, 0,
    0, 0, 0, 0, 0, 0, 0, 0,
    0, 0, 0, 0, 0, 0, 0, 0,
    0, 0, 0, -2, 0, 0, 0, 0,
    0, 0, 0, 0, 0, 0, 0, 0,
    0, 0, 0, 0, 0, 0, 0, 0,
    0, 0, 0, 0, 0, 0, 0, 0,
    0, 0, 0, 0, 0, 0, 0, 0,
    0, 0, 0, 0, 0, 0, -4, 0,
    0, -4, 0, 0, 0, -4, 0, 0,
    0, 0, 0, 0, 0, 0, 0, 0,
    0, 0, 0, 0, 0, 0, 0, 0,
    0, 0, 0, 0, 0, 0, 0, 0,
    0, 0, 0, 0, 0, 0, 0, 0,
    0, 0, 0, 0, 0, 0, 0, 0,
    0, 0, 0, 0, 0, 9, 0, 0,
    -9, 0, 0, 0, 0, 0, 0, 0,
    0, 0, 0, 0, 0, 0, 0, 0,
    0, 0, 0, 0, 0, 0, 0, 0,
    0, 0, 0, 0, 0, 0, 0, 0,
    0, 0, 0, 0, -2, 0, 0, 0,
    0, 0, 0, -2, 0, 0, 0, 0,
    0, 0, 0, 0, 0, 0, 0, 0,
    0, 0, 0, 0, 0, 0, 0, 0,
    0, 0, 0, 0, 0, 0, 0, 0,
    0, 0, 0, 0, 0, 0, 0, 0,
    0, 0, 0, 0, 0, 0, 0, 0,
    0, 0, 0, 0, 0, 0, 0, -2,
    0, 0, 0, 0, 0, 0, 0, 0,
    0, 0, 0, 0, 0, 0, 0, 0,
    0, 0, 0, 0, 0, 0, 0, 0,
    0, 0, 0, 0, 0, 0, 0, 0,
    0, 0, 0, 0, 0, 0, 0, 0,
    0, 0, -4, 0, 0, -4, 0, -2,
    -2, -4, 0, 0, 0, 0, 0, 0,
    0, 0, 0, 0, 0, 0, 0, 0,
    0, 0, 0, 0, 0, 0, 0, 0,
    0, 0, 0, 0, 0, 0, 0, 0,
    0, 0, 0, 0, 0, 0, 0, 0,
    0, 0, 0, 0, 0, 0, 0, 0,
    0, 4, 0, 0, 0, 0, 0, 0,
    0, 0, 0, 0, 0, 0, 0, 0,
    0, 0, 0, 0, 0, 0, 0, 0,
    0, 0, 0, 0, 0, 0, 0, 0,
    0, 0, 0, 0, 0, 0, 0, 0,
    -6, -2, 0, 0, 0, 0, 0, 0,
    0, 0, -2, 0, 0, 0, 0, 0,
    0, 0, 0, 0, 0, 0, 0, 0,
    0, 0, 0, 0, 0, 0, 0, 0,
    0, 0, 0, 0, 0, 0, 0, 0,
    0, 0, 0, 0, 0, 0, 0, 0,
    0, 0, 0, 0, 0, 0, 0, 0,
    0, 0, 0, 0, 0, 0, 0, 0,
    0, 0, 0, 0, 0, 0, 0, 0,
    0, 0, 0, 0, 0, 0, 0, 0,
    0, 0, 0, 0, 0, 0, 0, 0,
    0, 0, 0, 0, 0, 0, 0, 0,
    0, 0, 0, -2, 0, 0, 0, 0,
    0, -4, 0, 0, 0, 0, 0, 0,
    0, 0, 0, 0, 0, 0, 0, 0,
    0, 0, 0, 0, 0, 0, 0, 0,
    0, 0, 0, 0, 0, 0, 0, 0,
    0, 0, 0, 0, 0, 0, 0, 0,
    0, 0, 0, 0, 0, 0, 0, 0,
    0, 0, 0, 0, 0, 9, 0, 0,
    -4, 0, 0, 0, 0, 0, 0, 0,
    0, 0, 0, 0, 0, 0, 0, 0,
    0, 0, 0, 0, 0, 0, 0, 0,
    0, 0, 0, 0, 0, 0, 0, 0,
    0, 0, 0, 0, -2, 0, 0, 0,
    -4, 0, -4, 0, -2, -2, -4, -11,
    0, 0, 0, 0, 0, 0, 0, 0,
    0, 0, 0, 0, 0, 0, 0, 0,
    0, 0, 0, 0, 0, 0, 0, 0,
    0, 0, 0, 0, 0, 0, 0, 0,
    0, 0, 0, 0, 0, 0, 0, 0,
    0, 0, 0, 0, 0, 0, 0, 4,
    0, 0, 0, 0, 0, 0, 0, 0,
    0, 0, 0, 0, 0, 0, 0, 0,
    0, 0, 0, 0, 0, 0, 0, 0,
    0, 0, 0, 0, 0, 0, 0, 0,
    0, 0, -2, 0, 0, 0, -2, 0,
    -4, 0, 0, 0, 0, 0, 0, 0,
    0, 0, 0, 0, 0, 0, 0, 0,
    0, 0, 0, 0, 0, 0, 0, 0,
    0, 0, 0, 0, 0, 0, 0, 0,
    0, 0, 0, 0, 0, 0, 0, 0,
    0, 0, 0, 0, 0, 0, 0, 0,
    0, 0, 0, 0, 0, 0, 0, 0,
    0, 9, 0, 0, -9, 0, 0, 0,
    0, 0, 0, 0, 0, 0, 0, 0,
    0, 0, 0, 0, 0, 0, 0, 0,
    0, 0, 0, 0, 0, 0, 0, 0,
    0, 0, 0, 0, 0, 0, 0, 0,
    -4, -4, 0, 0, 0, -4, 0, 0,
    -4, 0, 0, 0, 0, 0, 0, 0,
    0, 0, 0, 0, 0, 0, 0, 0,
    0, 0, 0, 0, 0, 0, 0, 0,
    0, 0, 0, 0, 0, 0, 0, 0,
    0, 0, 0, 0, 0, 0, 0, 0,
    0, 0, 0, 0, 0, 0, 0, 0,
    0, 0, 0, 9, 0, 0, -4, 0,
    0, 0, 0, 0, 0, 0, 0, 0,
    0, 0, 0, 0, 0, 0, 0, 0,
    0, 0, 0, 0, 0, 0, 0, 0,
    0, 0, 0, 0, 0, 0, 0, 0,
    0, 0, -4, -4, 0, 0, 0, -4,
    0, 0, -4, 0, 0, 0, 0, 0,
    0, 0, 0, 0, 0, 0, 0, 0,
    0, 0, 0, 0, 0, 0, 0, 0,
    0, 0, 0, 0, 0, 0, 0, 0,
    0, 0, 0, 0, 0, 0, 0, 0,
    0, 0, 0, 0, 0, 0, 0, 0,
    0, 0, 0, 0, 0, 9, 0, 0,
    0, 0, 0, 0, 0, 0, 0, 0,
    0, 0, 0, 0, 0, 0, 0, 0,
    0, 0, 0, 0, 0, 0, 0, 0,
    0, 0, 0, 0, 0, 0, 0, 0,
    0, 0, 0, 0, -7, -4, -2, 0,
    0, 0, 0, -7, 0, 0, 0, 0,
    0, 0, 0, 0, 0, 0, 0, 0,
    0, 0, 0, 0, 0, 0, 0, 0,
    0, 0, 0, 0, 0, 0, 0, 0,
    0, 0, 0, 0, 0, 0, 0, 0,
    0, 0, 0, 0, 0, 0, 0, 0,
    0, 0, 0, 0, 0, 0, 0, 0,
    0, 0, 0, 0, 0, 0, 0, 0,
    0, 0, 0, 0, 0, 0, 0, 0,
    0, 0, 0, 0, 0, 0, 0, 0,
    0, 0, 0, 0, 0, 0, 0, 0,
    0, 0, 0, 0, 0, 0, 0, 0,
    0, 0, 0, 0, 0, 0, 0, 0,
    0, 0, 0, 0, 0, 11, 0, 0,
    0, 0, 0, 0, 0, 0, 0, 0,
    0, 0, 0, 0, 0, 0, 0, 0,
    0, 0, 0, 0, 0, 0, 0, 0,
    0, 0, 0, 0, 0, 0, 0, 0,
    0, 0, 0, 0, 0, 0, 0, 0,
    0, -16, 0, 0, 0, 0, 0, 0,
    0, 0, 0, 0, 0, 0, 0, 0,
    0, 0, 0, 0, 0, 0, 0, 0,
    0, 0, 0, 0, 0, 0, 0, 0,
    0, 0, 0, 0, 0, 0, 0, 0,
    0, 0, 0, 0, 0, 0, 0, 0,
    0, 0, 0, 0, -11, 0, 0, 0,
    0, -4, 0, 0, 0, 0, 0, -7,
    0, 0, 0, 0, 0, 0, 0, 0,
    0, -4, -4, -4, 0, 0, 0, 0,
    0, 0, 0, -4, 0, -9, -13, -11,
    -4, 0, 0, 0, 0, 0, 0, -11,
    -7, -7, 0, 4, 0, 0, -11, -9,
    -7, 0, 0, 0, 0, 0, 0, 0,
    0, 0, 0, 0, 0, 0, 0, 0,
    0, 0, 0, 0, 0, 0, 0, -7,
    0, 0, 0, 0, 0, 0, 0, 0,
    0, 0, 0, 0, 0, 0, 0, 0,
    0, 0, 0, 0, 0, 0, 4, -4,
    0, 0, -6, 0, -16, -6, 0, 0,
    -8, 0, 0, -9, -4, -7, -9, -9,
    -2, -2, -7, -2, -4, -7, -9, 0,
    -4, 0, 0, 0, 0, 0, 0, 0,
    2, 0, 0, 0, 0, 0, 0, 0,
    0, 0, 0, 0, 0, 0, 0, 0,
    0, 0, 0, 0, 0, 0, 0, 0,
    0, 0, 0, 0, 0, 0, 0, 0,
    0, 0, 0, 0, 0, 0, 0, 0,
    -4, 0, 0, 0, 0, 0, 0, 0,
    0, 0, 0, 0, 0, 0, 0, 0,
    0, 0, 0, 0, 0, 0, 0, 0,
    0, -4, 0, 0, 0, 0, 0, 0,
    0, 0, -7, 0, 0, 0, 0, 0,
    0, 0, 0, 0, 0, 0, 0, -4,
    0, 0, 0, 0, 0, -4, 0, 0,
    0, 0, 0, 0, 0, -4, 0, 0,
    0, 0, -4, 0, -4, 0, 0, 0,
    0, 0, -4, 0, 0, 0, 0, 0,
    0, 0, 0, 0, 0, 0, 0, 0,
    0, 0, 0, 0, 0, 0, 0, 0,
    0, 0, 0, 0, 0, 0, 0, 0,
    0, 0, 0, 0, 0, 0, 0, 0,
    0, 0, 0, 0, 0, 0, 0, 0,
    0, 0, 0, 0, 0, 0, 0, 0,
    0, 0, 0, 0, -2, 0, 0, 0,
    0, 0, 0, 0, 0, 0, 0, 0,
    0, 0, 0, 0, 0, 0, 0, 0,
    0, 0, 0, 0, 0, 0, 0, 0,
    0, 0, 0, 0, 0, 0, 0, 0,
    0, -20, 0, 0, -2, 0, 0, 0,
    0, 0, 0, 0, 0, 0, 0, 0,
    0, 0, 0, 0, 0, 0, 0, 0,
    0, 0, 0, 0, 0, 0, 0, 0,
    0, 0, 0, 0, 0, 0, 0, 0,
    0, 0, 0, 0, 0, 0, 0, 0,
    0, 0, 0, 0, -13, 0, 0, 0,
    0, -4, 0, 0, 0, 0, 0, -7,
    0, 0, 0, 0, 0, 0, -4, 0,
    0, -4, -4, 0, -4, 0, 0, 0,
    0, 0, 0, 0, 0, 0, -7, 0,
    0, 0, 0, 0, 0, 0, 0, 0,
    0, -13, 0, 4, 0, 0, 0, -2,
    -2, 0, 0, 0, 0, 0, 0, 0,
    0, 0, 0, 0, 0, 0, 0, 0,
    0, 0, 0, 0, 0, 0, -4, 0,
    0, 0, 0, 0, 0, 0, 0, 0,
    0, 0, 0, 0, 0, 0, 0, 0,
    0, 0, 0, 0, 0, 0, 0, -4,
    0, 0, 0, 0, 0, 0, 0, 0,
    -9, -2, 0, -2, -4, 0, 0, -4,
    0, 0, 0, -2, -2, -4, 0, 0,
    0, 0, 0, -4, 0, 0, 0, 0,
    0, 0, 0, -11, 0, 0, 0, 0,
    -4, 0, -4, 0, 0, 4, 0, 0,
    -16, -4, -2, 0, 0, 0, 0, 0,
    0, 0, 0, 0, 0, 0, 0, 0,
    0, 0, 0, 0, 0, 0, 0, 0,
    -11, -4, 0, 0, 0, 0, 0, 0,
    0, 0, 0, 0, 0, 0, 0, 0,
    0, 0, 0, 0, 0, 0, 0, 0,
    0, -9, -4, 0, -19, 0, -27, -23,
    0, 0, -7, 0, -7, -11, -9, -2,
    -22, -14, -7, -4, -11, 0, 0, -4,
    -11, 11, -7, 0, 0, -2, 0, 0,
    0, 0, 0, 0, 0, -4, -7, -11,
    0, 0, -16, 0, 0, 0, 0, -16,
    0, 0, 0, 0, 0, 0, 0, 0,
    0, 0, 0, 0, 0, 0, 0, 0,
    0, 0, 0, 0, 0, 0, 0, 0,
    0, 0, 0, -2, 0, 0, 0, 0,
    0, 0, 0, 0, 0, 0, 0, 0,
    0, 0, 0, 0, 0, 0, 0, 0,
    0, 0, -16, -4, 0, 11, 0, -6,
    0, 0, 0, 0, -8, -13, 0, 0,
    0, 0, 0, -2, 0, 0, 0, -7,
    -4, -7, 0, 0, 0, 0, 0, 0,
    0, -4, 0, -9, -11, -13, 0, -11,
    0, 0, 0, -2, 0, -16, -7, -9,
    0, 0, 0, 0, 0, 0, 0, 0,
    0, 0, 0, 0, 0, 0, 0, 0,
    0, 0, 0, 0, 0, 0, 0, 0,
    0, 0, 0, 0, 0, 0, 0, 0,
    0, 0, 0, 0, 0, 0, 0, 0,
    0, 0, 0, 0, 0, 0, 0, 0,
    0, 0, 0, 0, 0, 0, 0, 0,
    0, 0, 0, 0, 0, 0, 0, 0,
    0, 0, 0, 0, 0, 0, -2, 0,
    0, 0, -2, 0, 0, 0, 0, 0,
    0, 0, 0, 0, 0, 0, 0, 0,
    0, 0, 0, 0, 0, 0, 0, 0,
    0, 0, 0, 0, 0, -4, 0, 0,
    0, 0, 0, 0, 0, 0, 0, 0,
    0, 0, 0, 0, 0, 0, 0, 0,
    0, 0, 0, 0, 0, 0, 0, 0,
    0, 0, 0, 0, 0, 0, 0, 0,
    0, 0, 0, 0, 0, 0, 0, 0,
    0, 0, 0, 0, 0, 0, 0, 0,
    0, 0, 0, 0, 0, 0, 0, 0,
    0, 0, 0, 0, 0, 0, 0, 0,
    -2, 0, 0, 0, 0, -3, -2, 0,
    0, 0, 0, 0, 0, 0, 0, 0,
    0, 0, 0, 0, 0, 0, 0, 0,
    0, 0, 0, 0, 0, 0, 0, 0,
    7, 0, 0, 0, 0, 0, 0, 0,
    0, 0, 0, 0, 0, 0, 0, 0,
    0, 0, 0, 0, 0, 0, 0, 0,
    0, 0, 0, 0, 0, 0, 0, 0,
    0, 0, 0, 0, 0, 0, 0, 0,
    0, 0, 0, 0, 0, 0, 0, 0,
    0, 0, 0, 20, 7, 0, 0, 9,
    0, 0, -2, -6, 0, 0, 0, 0,
    7, 0, 0, 0, 7, -2, 7, -4,
    0, 0, 0, 0, 16, 0, 0, 0,
    0, 0, 0, 0, 0, 0, 0, 0,
    0, 0, 0, 0, -4, 0, 0, 0,
    0, 0, -9, 0, 0, 0, 0, 0,
    0, 0, 0, 0, 0, 0, 0, 0,
    0, 0, 0, 0, 0, 0, 0, 0,
    0, 0, 0, 0, 0, 0, 0, 0,
    0, 0, 0, 0, 0, 0, 0, 0,
    0, 0, 0, 0, 0, 0, 0, 0,
    0, 0, -4, 0, 0, 0, -2, -9,
    -4, -2, -4, -2, 0, 0, 0, 0,
    0, 0, -2, 0, -3, 0, -2, 0,
    0, 0, -2, 0, 0, 0, 0, 0,
    0, 0, 0, -2, -2, -2, 0, 0,
    0, -4, 0, 0, 0, -4, 0, 0,
    0, 0, 0, 0, -29, -2, -2, 0,
    0, 0, 0, 0, 0, 0, 0, 0,
    0, 0, 0, 0, 0, 0, 0, 0,
    0, 0, 0, 0, -4, -2, 0, 0,
    0, 0, 0, 0, 0, 0, 0, 0,
    0, 0, 0, 0, 0, 0, 0, 0,
    0, 0, 0, 0, 0, 0, 0, 0,
    -13, -4, -11, -13, -4, 0, -2, 0,
    0, -6, 0, 0, -11, -2, 0, 0,
    -9, 0, 0, 0, -2, 0, 0, 0,
    0, 0, 0, 0, 0, 0, 0, 0,
    0, 0, 0, -13, 0, 0, -9, 0,
    0, 0, 0, -2, 0, -6, -9, 0,
    -2, 0, 0, 0, 0, 0, 0, 0,
    0, 0, 0, 0, 0, 0, 0, 0,
    0, 0, 0, 0, 0, 0, 0, 0,
    0, 0, 0, 0, 0, 0, 0, 0,
    0, 0, 0, 0, 0, 0, 0, 0,
    0, 0, 0, 0, 0, 0, -8, 0,
    -2, 0, -5, -7, -8, -7, -9, -7,
    0, 0, -2, 0, 0, 0, -6, 0,
    -3, 0, -3, 0, 0, 0, -2, 0,
    0, 0, 0, 0, 0, 0, 0, 0,
    -4, 0, 0, 0, 0, 0, 0, 0,
    0, 0, 0, 0, 0, -2, 0, 0,
    0, 0, 0, 0, 0, 0, 0, 0,
    0, 0, 0, 0, 0, 0, 0, 0,
    0, 0, 0, 0, 0, 0, 0, 0,
    0, 0, 0, 0, 0, 0, 0, 0,
    0, 0, 0, 0, 0, 0, 0, 0,
    0, 0, 0, 0, 0, 0, 0, 0,
    -9, 0, 0, 0, 0, -9, 0, 0,
    0, 0, 0, 0, 0, 0, 0, 0,
    0, 0, -4, 0, 0, -2, -2, 0,
    0, 0, 0, 0, 0, 0, 0, 0,
    0, 0, 0, 0, 0, 0, 0, 0,
    0, 0, 0, 0, 0, 0, 0, 0,
    0, 0, 0, 0, 0, 0, 0, 0,
    0, 0, 0, 0, 0, 0, 0, 0,
    0, 0, 0, 0, 0, 0, 0, 0,
    0, 0, 0, 0, 0, 0, 0, 0,
    0, 0, 0, 0, 0, 0, 0, 0,
    0, 0, 0, 0, 0, 0, 0, 0,
    0, 0, -4, 0, 0, 0, 0, -9,
    -2, 0, -2, 0, 0, 0, -4, 0,
    0, 0, -2, 0, -4, 0, 0, -2,
    -7, -2, -2, 0, 0, 0, 0, 0,
    0, 0, 0, 0, 0, 0, 0, 0,
    0, 0, 0, 0, 0, 0, -2, 0,
    0, 0, 0, -2, 0, 0, 0, 0,
    0, 0, 0, 0, 0, 0, 0, 0,
    0, 0, 0, 0, 0, 0, 0, 0,
    0, 0, 0, 0, 0, 0, 0, 0,
    0, 0, 0, 0, 0, 0, 0, 0,
    0, 0, 0, 0, 0, 0, 0, 0,
    0, 0, 0, 0, -7, 0, 0, 0,
    0, -2, 0, 0, -2, 0, 0, 0,
    -2, 0, 0, 0, 0, 0, -4, 0,
    0, -2, -2, 0, 0, 0, 0, 0,
    0, 0, 0, 0, 0, 0, 0, 0,
    0, 0, 0, 0, 0, 0, 0, 0,
    0, 0, 0, 7, 0, 0, -9, -4,
    0, 0, 0, 0, 0, 0, 0, 0,
    0, 0, 0, 0, 0, 0, 0, 0,
    0, 0, 0, 0, 0, 0, 0, 0,
    0, 0, 0, 0, 0, 0, 0, 0,
    0, 0, 0, 0, 0, 0, 0, 0,
    0, 0, 0, 0, 0, 0, 0, 0,
    0, 0, -4, 0, -7, -7, -2, 0,
    0, 0, 0, 0, 0, 0, -9, -2,
    0, 0, -7, 0, 0, 0, 0, 0,
    0, 0, 0, 0, 0, 0, 0, 0,
    0, 0, 0, 0, 0, 0, 0, 0,
    0, 0, 0, 9, 0, -2, 0, 0,
    4, 0, 0, 0, 0, 0, 0, 0,
    0, 0, 0, 0, 0, 0, 0, 0,
    0, 0, 0, 0, 0, 0, 0, 0,
    0, 0, 0, 0, 0, 0, 0, 0,
    0, 0, 0, 0, 0, 0, 0, 0,
    0, 0, 0, 0, 0, 0, 0, 0,
    -7, 0, 0, 22, 4, 0, 0, 7,
    0, 0, 0, -3, 0, 0, 0, 0,
    4, 0, 0, 0, 6, -3, 0, -7,
    0, 0, 0, 0, 13, 0, 0, 0,
    0, 0, 0, 0, 0, 0, 0, 0,
    0, 0, 0, 0, 0, 0, 0, 0,
    0, 0, 0, 0, 0, 0, 0, 0,
    0, 0, 0, 0, 0, 0, 0, 0,
    0, 0, 0, 0, 0, 0, 0, 0,
    0, 0, 0, 0, 0, 0, 0, 0,
    0, 0, 0, 0, 0, 0, 0, 0,
    0, 0, 0, 0, 0, 0, 0, 0,
    0, 0, -9, 0, 0, 0, 0, -9,
    -2, 0, -4, 0, 0, 0, -4, 0,
    0, 0, -2, 0, -4, 0, 0, -2,
    -7, -2, -2, 0, 0, 0, 0, 0,
    0, 0, 0, 0, 0, 0, 0, 0,
    0, 0, 0, 0, 0, 0, -2, 0,
    0, 0, 0, 0, 0, -2, 0, 0,
    0, 0, 0, 0, 0, 0, 0, 0,
    0, 0, 0, 0, 0, 0, 0, 0,
    0, 0, 0, 0, 0, 0, 0, 0,
    0, 0, 0, 0, 0, 0, 0, 0,
    0, 0, 0, 0, 0, 0, 0, 0,
    0, 0, 0, 0, -2, -3, 0, 0,
    0, -2, 0, 0, 0, 0, -3, -2,
    0, -4, 0, 0, 0, -4, 0, 0,
    0, 0, 0, -4, -2, 0, 0, 0,
    0, 0, 0, 0, 0, 0, 0, 0,
    0, 0, -4, 0, 0, 0, 0, 0,
    0, 7, 0, 0, 0, 0, 0, 0,
    0, 0, 0, 0, 0, 0, 0, 0,
    0, 0, 0, 0, 0, 0, 0, 0,
    0, 0, 0, 0, 0, 0, 0, 0,
    0, 0, 0, 0, 0, 0, 0, 0,
    0, 0, 0, 0, 0, 0, 0, 0,
    0, 0, 0, 0, 0, 0, -7, 0,
    0, 0, 0, 0, 0, 0, 0, 0,
    0, 0, 0, 0, 0, 0, 0, 0,
    0, 0, 0, 0, 0, 0, 0, -1,
    0, 0, 0, 0, 0, 0, 0, 0,
    0, 0, 0, 0, 0, 0, 0, 0,
    0, 0, 0, 0, 0, 4, 0, 0,
    0, 0, 0, 0, 0, 0, 0, 0,
    0, 0, 0, 0, 0, 0, 0, 0,
    0, 0, 0, 0, 0, 0, 0, 0,
    0, 0, 0, 0, 0, 0, 0, 0,
    0, 0, 0, 0, 0, 0, 0, 0,
    0, 0, 0, 0, 0, 0, 0, 0,
    -4, 0, 0, 0, 0, 0, 0, 0,
    0, 0, 0, 0, 0, 0, 0, 0,
    0, -2, 0, 0, 0, 0, 0, 0,
    -2, 0, 0, 0, 0, 0, 0, 0,
    0, 0, 0, 0, 0, 0, 0, 0,
    0, 0, 0, 0, 0, 0, 0, 4,
    0, 0, -9, 0, 0, 0, 0, 0,
    0, 0, 0, 0, 0, 0, 0, 0,
    0, 0, 0, 0, 0, 0, 0, 0,
    0, 0, 0, 0, 0, 0, 0, 0,
    0, 0, 0, 0, 0, 0, 0, 0,
    0, 0, 0, 0, 0, 0, 0, 0,
    0, 0, 0, 0, 0, 0, -4, 0,
    -4, -7, -2, 0, 0, 0, 0, -2,
    0, 0, -11, -7, 0, 0, -11, 0,
    0, 0, -7, 0, 0, 0, 0, 0,
    0, 0, 0, 0, 0, 0, 0, 0,
    0, 0, 0, 0, 0, 0, 0, 9,
    0, -18, 0, 0, 0, 0, -2, 0,
    0, 0, 0, 0, 0, 0, 0, 0,
    0, 0, 0, 0, 0, 0, 0, 0,
    0, 0, 0, 0, 0, 0, 0, 0,
    0, 0, 0, 0, 0, 0, 0, 0,
    0, 0, 0, 0, 0, 0, 0, 0,
    0, 0, 0, 0, -13, 0, 0, 0,
    0, -4, -2, 0, -2, 0, -2, -16,
    -4, 0, 0, 0, 0, 0, -4, 0,
    0, -13, -10, -9, -4, 0, 0, 0,
    0, 0, -4, 0, 0, 0, 0, 0,
    -7, 0, -4, 0, 0, 0, 0, 0,
    -11, -7, 0, -2, 0, 0, 0, 0,
    0, 0, 0, 0, 0, 0, 0, 0,
    0, 0, 0, 0, 0, 0, 0, 0,
    0, 0, 0, 0, 0, 0, 0, 0,
    0, 0, 0, 0, 0, 0, 0, 0,
    0, 0, 0, 0, 0, 0, 0, 0,
    0, 0, 0, 0, 0, 0, -9, 0,
    0, 9, 0, 0, 0, 0, 0, 0,
    0, 0, 0, 0, 0, 0, 0, 0,
    0, 0, 0, -7, -11, 0, 0, 0,
    0, 0, 4, 0, 0, 0, 0, 0,
    0, 0, 0, 0, 0, 0, 0, 0,
    0, 0, -4, 0, 0, 7, 0, 0,
    -9, -4, 0, 0, 0, 0, 0, 0,
    0, 0, 0, 0, 0, 0, 0, 0,
    0, 0, 0, 0, 0, 0, 0, 0,
    0, 0, 0, 0, 0, 0, 0, 0,
    0, 0, 0, 0, 0, 0, 0, 0,
    0, 0, 0, 0, 0, 0, 0, 0,
    0, 0, 0, 0, -4, 2, -7, -7,
    -2, 0, 0, 0, 0, 0, 0, 0,
    -9, -2, 0, 0, -7, 0, 0, 0,
    0, 2, 0, 2, 0, 0, 0, 0,
    0, 0, 0, 0, 0, 0, 0, 0,
    0, 0, 0, 0, 0, 9, 0, 0,
    0, 0, 0, 0, 0, 0, 0, 0,
    0, 0, 0, 0, 0, 0, 0, 0,
    0, 0, 0, 0, 0, 0, 0, 0,
    0, 0, 0, 0, 0, 0, 0, 0,
    0, 0, 0, 0, 0, 0, 0, 0,
    0, 0, 0, 0, 0, 0, 0, 0,
    0, 0, -4, 0, 0, 0, 0, -7,
    0, 0, 0, 0, 0, 0, -2, 0,
    0, 0, 0, 0, 0, 0, 0, 0,
    0, 0, -4, 0, 0, 0, 0, 0,
    0, 0, 0, 0, 0, 0, 0, 0,
    0, 0, 0, 0, 0, 0, 0, 0,
    0, 7, 0, 0, 0, 0, 0, 0,
    0, 0, 0, 0, 0, 0, 0, 0,
    0, 0, 0, 0, 0, 0, 0, 0,
    0, 0, 0, 0, 0, 0, 0, 0,
    0, 0, 0, 0, 0, 0, 0, 0,
    0, 0, 0, 0, 0, 0, 0, 0,
    0, 0, 0, 0, 4, 0, 0, 0,
    0, 0, 0, 0, 0, 0, 0, 0,
    0, 0, 0, 0, 0, 0, 0, 0,
    0, 0, 0, 0, 0, 8, 0, 3,
    0, 0, 0, 0, 0, 0, 0, 0,
    0, 0, 0, 0, 0, 0, 0, 0,
    0, 0, 0, 0, 0, 0, 0, 0,
    0, 0, 0, 0, 0, 0, 0, 0,
    0, 0, 0, 0, 0, 0, 0, 0,
    0, 0, 0, 0, 0, 0, 0, 0,
    0, 0, 0, 0, 0, 0, 0, 0,
    0, 0, 0, 0, 0, 0, 0, 0,
    0, 0, 0, 0, 0, 0, 0, 0,
    0, 7, 0, 0, 0, 0, 0, 0,
    0, 0, 0, 0, 0, 0, 0, 0,
    0, 0, 0, 0, 0, 0, 0, 0,
    0, 0, 4, 0, 0, 0, 0, 0,
    0, 0, 0, 0, 0, 0, 0, 0,
    0, 0, 0, 0, 0, -2, 0, 0,
    0, 0, 0, 0, 0, 0, 0, 0,
    0, 0, 0, 0, 0, 0, 0, 0,
    0, 0, 0, 0, 0, 0, 0, 0,
    0, 0, 0, 0, 0, 0, 0, 0,
    0, 0, 0, 0, 0, 0, 0, 0,
    0, 0, 0, 0, 0, 0, 0, 0,
    -9, 0, 0, 9, 0, 0, 0, 0,
    0, 0, 0, 0, 0, 0, 0, 0,
    0, 0, 0, 0, 0, -7, -11, 0,
    0, 0, 0, 0, 0, 0, 0, 0,
    0, 0, 0, 0, 0, 0, 0, 0,
    0, 0, 0, 0, -4, 0, 0, 0,
    0, 0, -9, 0, 0, 0, 0, 0,
    0, 0, 0, 0, 0, 0, 0, 0,
    0, 0, 0, 0, 0, 0, 0, 0,
    0, 0, 0, 0, 0, 0, 0, 0,
    0, 0, 0, 0, 0, 0, 0, 0,
    0, 0, 0, 0, 0, 0, 0, 0,
    0, 0, 0, 0, 0, 0, 0, 0,
    0, 0, 0, 0, 0, 0, 0, 0,
    0, 0, -4, 0, 0, 0, 0, 0,
    0, 0, 0, 0, 0, 0, 0, 0,
    0, 0, 0, 0, 0, 0, 0, 0,
    0, 0, 0, 0, 0, 0, 0, 0,
    0, -9, 0, 0, 0, 0, 0, 0,
    0, 0, 0, 0, 0, 0, 0, 0,
    0, 0, 0, 0, 0, 0, 0, 0,
    0, 0, 0, 0, 0, 0, 0, 0,
    0, 0, 0, 0, 0, 0, 0, 0,
    0, 0, 0, 0, 0, 0, 0, 0,
    0, 0, 0, 0, -9, 0, 0, 0,
    0, 0, 0, 0, 0, 0, 0, -9,
    0, 0, 0, 0, 0, 0, 0, 0,
    0, -4, 0, 0, 0, 0, 0, 0,
    0, 0, 0, 0, 0, -7, -4, -7,
    0, 0, 0, 0, 0, 0, 0, -11,
    0, 0, 0, -16, 0, 0, 0, 0,
    0, 0, 0, 0, 0, 0, 0, 0,
    0, 0, 0, 0, 0, 0, 0, 0,
    0, 0, 0, 0, 0, 0, 0, 0,
    0, 0, 0, 0, 0, 0, 0, 0,
    0, 0, 0, 0, 0, 0, 0, 0,
    0, 0, 0, 0, 0, 0, 0, 0,
    0, 0, 0, 0, 0, 0, 0, 0,
    0, 0, 0, -4, 0, 0, 0, 0,
    0, 0, 0, -11, -7, -7, 0, 0,
    0, 0, 0, 0, -4, 0, 0, 0,
    0, 0, -4, 0, -4, 0, 0, 0,
    0, 0, -13, 0, 0, 0, 0, 0,
    0, 0, 0, 0, 0, 0, 0, 0,
    0, 0, 0, 0, 0, 0, 0, 0,
    0, 0, 0, 0, 0, 0, 0, 0,
    0, 0, 0, 0, 0, 0, 0, 0,
    0, 0, 0, 0, 0, 0, 0, 0,
    0, 0, 0, 0, 0, 0, 0, 0,
    0, 0, 0, 0, 0, 0, 0, 0,
    0, 0, 0, 0, 0, 0, 0, 0,
    0, 0, 0, 0, 0, 0, 0, 0,
    0, 0, 0, 0, 0, 0, 0, 0,
    0, 0, 0, 0, 0, 0, 0, 0,
    0, 0, 0, -2, 0, 0, 0, 0,
    0, 0, -9, 0, 0, 0, 0, 0,
    0, 0, 0, 0, 0, 0, 0, 0,
    0, 0, 0, 0, 0, 0, 0, 0,
    0, 0, 0, 0, 0, 0, 0, 0,
    0, 0, 0, 0, 0, 0, 0, 0,
    0, 0, 0, 0, 0, 0, 0, 0,
    0, 0, 0, 0, 0, 0, 0, 0,
    0, 0, 0, 0, 0, 0, 0, 0,
    0, 0, 0, 0, 0, 0, 0, 0,
    0, 0, 0, 0, 0, 0, 0, 0,
    0, 0, 0, -2, 0, -2, 0, 0,
    0, 0, 0, 0, 0, -4, 0, 0,
    0, 0, 0, 0, -13, -9, 0, 0,
    0, 0, 0, 0, 0, 0, 0, 0,
    0, 0, 0, 0, 0, 0, 0, 0,
    0, 0, 0, 0, -13, -7, 0, 0,
    0, 0, 0, 0, 0, 0, 0, 0,
    0, 0, 0, 0, 0, 0, 0, 0,
    0, 0, 0, 0, 4, -4, 0, 0,
    -9, 0, -16, -11, 0, 0, -7, 0,
    0, -16, 0, 0, -13, 0, -4, -4,
    0, -9, -9, -11, 0, 0, 0, 0,
    0, -4, -4, 0, -11, 0, 0, 0,
    -9, -11, -16, -11, -18, 0, -16, 0,
    -11, 0, 0, 0, 0, 0, -11, -4,
    0, 0, 0, 0, 0, 0, 0, 0,
    0, 0, 0, 0, 0, 0, 0, 0,
    0, 0, 0, 0, 0, 0, 0, 0,
    0, 0, 0, 0, 0, 0, 0, 0,
    0, 0, 0, 0, 0, 0, 0, 0,
    0, 0, 0, 0, 0, 0, 0, 0,
    0, 0, 0, 0, -7, 0, 0, 0,
    0, 0, 0, -2, 0, 0, -9, -2,
    0, 0, -7, 0, 0, 0, 0, 0,
    0, 0, 0, 0, 0, 0, 0, 0,
    0, 0, 0, 0, 0, 0, 0, 0,
    0, 0, 0, 0, 0, 0, 0, 0,
    -11, -4, 0, 0, 0, 0, 0, 0,
    0, 0, 0, 0, 0, 0, 0, 0,
    0, 0, 0, 0, 0, 0, 0, 0,
    0, 0, 0, 0, 0, 0, 0, 0,
    0, 0, 0, 0, 0, 0, 0, 0,
    0, 0, 0, 0, 0, 0, 0, 0,
    4, 0, 0, 0, 0, 0, -13, 0,
    0, 0, 0, 0, 0, -9, 0, 0,
    -11, 0, -4, -4, 0, 0, 0, -11,
    0, 4, 0, 0, 0, -4, 0, 0,
    -7, 0, 4, 0, 0, -4, -7, -9,
    0, 0, -11, 0, -4, 0, 0, 0,
    0, 0, -7, 0, 0, 0, 0, 0,
    0, 0, 0, 0, 0, 0, 0, 0,
    0, 0, 0, 0, 0, 0, 0, 0,
    0, 0, 0, 0, 0, 0, 0, 0,
    0, 0, 0, 0, 0, 0, 0, 0,
    0, 0, 0, 0, 0, 0, 0, 0,
    0, 0, 0, 0, 0, 0, 0, 0,
    0, 0, 0, 0, 0, 0, 0, -4,
    0, 0, -7, 0, 0, 0, 0, 0,
    0, 0, 0, 0, 0, 0, 0, 0,
    0, 0, 0, 0, 0, 0, 0, 0,
    0, 0, 0, 0, 0, 0, 0, 0,
    0, 0, 0, 0, 0, 0, 0, 0,
    0, 0, 0, 0, 0, 0, 0, 0,
    0, 0, 0, 0, 0, 0, 0, 0,
    0, 0, 0, 0, 0, 0, 0, 0,
    0, 0, 0, 0, 0, 0, 0, 0,
    0, 0, 0, 0, 0, 0, 0, 0,
    0, 0, 0, 0, 0, 0, 0, 0,
    0, 0, 0, 0, 0, 0, 0, 0,
    0, 0, 0, 0, 0, 0, 0, 0,
    0, -4, 0, -11, 0, 0, 0, 0,
    0, -4, 0, 0, 0, 0, 0, 0,
    0, -11, -4, 0, 0, 0, 0, 0,
    -4, 0, 0, 0, 0, 0, 0, 0,
    0, 0, 0, 0, 0, 0, 0, 0,
    0, 0, 0, 0, 0, 0, 0, 0,
    0, 0, 0, 0, 0, 0, 0, 0,
    0, 0, 0, 0, 0, 0, 0, 0,
    0, 0, 0, 0, 0, 0, 0, 0,
    0, 0, 0, 0, 0, 0, 0, 0,
    0, 0, 0, 0, 0, 0, 0, 0,
    0, 0, 0, -2, 0, 0, 0, 0,
    0, 0, 0, 0, 0, -2, 0, 0,
    0, 0, 0, 0, 0, 0, 0, 0,
    0, 0, 0, 0, 0, 0, 0, 0,
    0, 0, -4, 0, 0, 0, 0, 0,
    -13, 0, 0, 0, 0, 0, 0, 0,
    0, 0, 0, 0, 0, 0, 0, 0,
    0, 0, 0, 0, 0, 0, 0, 0,
    0, 0, 0, 0, 0, 0, 0, 0,
    0, 0, 0, 0, 0, 0, 0, 0,
    0, 0, 0, 0, 0, 0, 0, 0,
    0, 0, 0, 0, 0, 0, -13, 0,
    0, 0, 0, 0, 0, -11, 0, 0,
    -11, 0, 0, 0, 0, 0, 0, -9,
    0, 4, 0, 0, 0, -4, 0, 0,
    -7, 0, 0, 0, 0, 0, -9, -9,
    -9, -2, -9, 0, -4, 0, 0, 0,
    0, 0, -9, 0, 0, 0, 0, 0,
    0, 0, 0, 0, 0, 0, 0, 0,
    0, 0, 0, 0, 0, 0, 0, 0,
    0, 0, 0, 0, 0, 0, 0, 0,
    0, 0, 0, 0, 0, 0, 0, 0,
    0, 0, 0, 0, 0, 0, 0, 0,
    0, 0, 0, 0, 0, 0, 0, 0,
    0, 0, 0, 0, 0, 0, 0, 0,
    0, 0, -2, 0, 0, 0, 0, 0,
    0, 0, 0, 0, 0, 0, 0, 0,
    0, 0, 0, 0, 0, 0, 0, 0,
    0, 0, 0, 0, 0, 0, 0, 0,
    0, 0, 0, 0, 0, 0, 0, 0,
    0, 0, 0, 0, 0, 0, 0, 0,
    0, 0, 0, 0, 0, 0, 0, 0,
    0, 0, 0, 0, 0, 0, 0, 0,
    0, 0, 0, 0, 0, 0, 0, 0,
    0, 0, 0, 0, 0, 0, 0, 0,
    0, 0, 0, 0, -4, 0, 0, 0,
    0, 0, 0, 0, 0, 0, 0, 0,
    0, 0, 0, 0, 0, 0, 0, 0,
    0, 0, 0, 0, 0, 0, 0, 0,
    0, 0, 0, 0, 0, -2, 0, -2,
    0, 0, 0, 0, 0, 0, 0, -2,
    0, 0, 0, -2, 0, 0, 0, 0,
    0, 0, 0, 0, 0, 0, 0, 0,
    0, 0, 0, 0, 0, 0, 0, 0,
    0, 0, 0, 0, 0, 0, 0, 0,
    0, 0, 0, 0, 0, 0, 0, 0,
    0, 0, 0, 0, 0, 0, 0, 0,
    0, 0, 0, 0, 0, 0, 0, 0,
    0, 0, 0, 0, 0, 0, 0, 0,
    0, 0, 0, 0, 0, 0, 0, 0,
    -4, 0, 0, 0, -2, 0, 0, 0,
    0, 0, 0, 0, 0, 0, 0, 0,
    0, 0, 0, 0, 0, 0, 0, 0,
    0, 0, 0, 0, 0, -11, 0, 0,
    0, 0, 0, 0, 0, 0, 0, 0,
    0, 0, 0, 0, 0, 0, 0, 0,
    0, 0, 0, 0, 0, 0, 0, 0,
    0, 0, 0, 0, 0, 0, 0, 0,
    0, 0, 0, 0, 0, 0, 0, 0,
    0, 0, 0, 0, 0, 0, 0, 0,
    -16, 0, 0, 0, 0, -7, -7, 0,
    -7, 0, 0, -7, 0, 0, 0, 0,
    0, 0, -4, 0, 0, -7, 0, -4,
    0, 0, 0, 0, 0, 0, 0, 0,
    0, -7, -9, -9, 0, 0, 0, 0,
    0, 0, 0, -7, -4, 0, 0, -11,
    0, 0, 0, 0, 0, 0, 0, 0,
    0, 0, 0, 0, 0, 0, 0, 0,
    0, 0, 0, 0, 0, 0, 0, 0,
    0, 0, 0, 0, 0, 0, 0, 0,
    0, 0, 0, 0, 0, 0, 0, 0,
    0, 0, 0, 0, 0, 0, 0, 0,
    0, 0, 0, 0, 0, 0, 0, 0,
    0, 0, 0, 0, 0, 0, 0, 0,
    0, 0, 0, 0, -4, 0, 0, -7,
    -4, -4, 0, 0, 0, 0, 0, 0,
    0, 0, 0, 0, 0, 0, 0, 0,
    0, 0, 0, 0, 0, 0, -11, 0
};


/*Collect the kern class' data in one place*/
static const lv_font_fmt_txt_kern_classes_t kern_classes =
{
    .class_pair_values   = kern_class_values,
    .left_class_mapping  = kern_left_class_mapping,
    .right_class_mapping = kern_right_class_mapping,
    .left_class_cnt      = 112,
    .right_class_cnt     = 98,
};

/*--------------------
 *  ALL CUSTOM DATA
 *--------------------*/

#if LVGL_VERSION_MAJOR == 8
/*Store all the custom data of the font*/
static  lv_font_fmt_txt_glyph_cache_t cache;
#endif

#if LVGL_VERSION_MAJOR >= 8
static const lv_font_fmt_txt_dsc_t font_dsc = {
#else
static lv_font_fmt_txt_dsc_t font_dsc = {
#endif
    .glyph_bitmap = glyph_bitmap,
    .glyph_dsc = glyph_dsc,
    .cmaps = cmaps,
    .kern_dsc = &kern_classes,
    .kern_scale = 16,
    .cmap_num = 13,
    .bpp = 4,
    .kern_classes = 1,
    .bitmap_format = 0,
#if LVGL_VERSION_MAJOR == 8
    .cache = &cache
#endif
};



/*-----------------
 *  PUBLIC FONT
 *----------------*/

/*Initialize a public general font descriptor*/
#if LVGL_VERSION_MAJOR >= 8
const lv_font_t ui_font_14 = {
#else
lv_font_t ui_font_14 = {
#endif
    .get_glyph_dsc = lv_font_get_glyph_dsc_fmt_txt,    /*Function pointer to get glyph's data*/
    .get_glyph_bitmap = lv_font_get_bitmap_fmt_txt,    /*Function pointer to get glyph's bitmap*/
    .line_height = 20,          /*The maximum line height required by the font*/
    .base_line = 4,             /*Baseline measured from the bottom of the line*/
#if !(LVGL_VERSION_MAJOR == 6 && LVGL_VERSION_MINOR == 0)
    .subpx = LV_FONT_SUBPX_NONE,
#endif
#if LV_VERSION_CHECK(7, 4, 0) || LVGL_VERSION_MAJOR >= 8
    .underline_position = -1,
    .underline_thickness = 1,
#endif
    .dsc = &font_dsc,          /*The custom font data. Will be accessed by `get_glyph_bitmap/dsc` */
#if LV_VERSION_CHECK(8, 2, 0) || LVGL_VERSION_MAJOR >= 9
    .fallback = &ui_emoji_14,
#endif
    .user_data = NULL,
};



#endif /*#if UI_FONT_14*/

