/*******************************************************************************
 * Size: 16 px
 * Bpp: 4
 * Opts: --bpp 4 --size 16 --no-compress --force-fast-kern-format --font /var/folders/1d/dgkmygls6x5gsb16pbn2mwlr0000gn/T//meshcore-ui-fonts/NotoSans-Medium.ttf -r 0x20-0x7E,0xA0-0x24F,0x370-0x3FF,0x400-0x52F,0x1E80-0x1E85,0x1E9E,0x1EF2-0x1EF3,0x2010-0x2027,0x2030,0x2039-0x203A,0x20A4-0x20BF,0x2116,0x2122 --font /var/folders/1d/dgkmygls6x5gsb16pbn2mwlr0000gn/T//meshcore-ui-fonts/fa.woff -r 61581,63145,61572,62679,61568,62745,61463,62194,61612,61445,62073,61632,61774,61476,62405,61441,61448,61451,61452,61453,61457,61459,61461,61465,61468,61473,61478,61479,61480,61502,61507,61512,61515,61516,61517,61521,61522,61523,61524,61543,61544,61550,61552,61553,61556,61559,61560,61561,61563,61587,61589,61636,61637,61639,61641,61664,61671,61674,61683,61724,61732,61787,61931,62016,62017,62018,62019,62020,62087,62099,62212,62189,62810,63426,63650 --format lvgl --lv-include lvgl.h --lv-font-name ui_font_16 -o /Users/jakub/Documents/MeshCore/MeshCore/examples/companion_radio/ui-lvgl/fonts/ui_font_16.c
 ******************************************************************************/

#ifdef LV_LVGL_H_INCLUDE_SIMPLE
#include "lvgl.h"
#else
#include "lvgl.h"
#endif

#ifndef UI_FONT_16
#define UI_FONT_16 1
#endif

#if UI_FONT_16

/*-----------------
 *    BITMAPS
 *----------------*/

/*Store the image of the glyphs*/
static LV_ATTRIBUTE_LARGE_CONST const uint8_t glyph_bitmap[] = {
    /* U+0020 " " */

    /* U+0021 "!" */
    0xcf, 0x2b, 0xf1, 0xbf, 0x1a, 0xf0, 0x9f, 0x8,
    0xe0, 0x8d, 0x7, 0xd0, 0x13, 0x2, 0x40, 0xdf,
    0x3a, 0xe1,

    /* U+0022 "\"" */
    0xeb, 0xd, 0xcd, 0xa0, 0xcb, 0xc9, 0xb, 0xab,
    0x80, 0xa9, 0x21, 0x2, 0x10,

    /* U+0023 "#" */
    0x0, 0x2, 0xf2, 0xc, 0x80, 0x0, 0x5, 0xf0,
    0xe, 0x50, 0x0, 0x7, 0xd0, 0x1f, 0x30, 0x0,
    0xa, 0xa0, 0x4f, 0x10, 0xf, 0xff, 0xff, 0xff,
    0xff, 0x3, 0x4f, 0x63, 0xcb, 0x33, 0x0, 0x4f,
    0x10, 0xe6, 0x0, 0x9f, 0xff, 0xff, 0xff, 0xf6,
    0x23, 0xca, 0x37, 0xf3, 0x31, 0x0, 0xd7, 0x8,
    0xd0, 0x0, 0x0, 0xf4, 0xa, 0xa0, 0x0, 0x2,
    0xf2, 0xd, 0x70, 0x0,

    /* U+0024 "$" */
    0x0, 0x0, 0xf1, 0x0, 0x0, 0x4, 0x8f, 0x97,
    0x30, 0x9, 0xfe, 0xfd, 0xfc, 0x0, 0xfb, 0xf,
    0x10, 0x20, 0xf, 0xc0, 0xf1, 0x0, 0x0, 0x8f,
    0xef, 0x40, 0x0, 0x0, 0x4b, 0xff, 0xd3, 0x0,
    0x0, 0xf, 0x7e, 0xf1, 0x0, 0x0, 0xf1, 0x6f,
    0x41, 0x95, 0x3f, 0x5c, 0xf1, 0x1e, 0xff, 0xff,
    0xe5, 0x0, 0x2, 0x4f, 0x30, 0x0, 0x0, 0x0,
    0xf1, 0x0, 0x0, 0x0, 0x6, 0x0, 0x0,

    /* U+0025 "%" */
    0x4, 0xde, 0x70, 0x0, 0x1e, 0x60, 0x0, 0xe9,
    0x6f, 0x30, 0x8, 0xd0, 0x0, 0x3f, 0x20, 0xd8,
    0x1, 0xf5, 0x0, 0x4, 0xf1, 0xc, 0x90, 0x9d,
    0x0, 0x0, 0x3f, 0x20, 0xd8, 0x2f, 0x40, 0x0,
    0x0, 0xf7, 0x3f, 0x4a, 0xc1, 0xcf, 0xa0, 0x6,
    0xff, 0xb3, 0xf4, 0xab, 0x1d, 0x80, 0x0, 0x10,
    0xbb, 0xe, 0x70, 0x8c, 0x0, 0x0, 0x3f, 0x30,
    0xf6, 0x7, 0xe0, 0x0, 0xc, 0xa0, 0xe, 0x70,
    0x8d, 0x0, 0x4, 0xf2, 0x0, 0x9c, 0x1d, 0x80,
    0x0, 0xc9, 0x0, 0x1, 0xbf, 0xb1,

    /* U+0026 "&" */
    0x0, 0x2b, 0xfe, 0x90, 0x0, 0x0, 0x0, 0xde,
    0x79, 0xf8, 0x0, 0x0, 0x2, 0xf8, 0x0, 0xec,
    0x0, 0x0, 0x0, 0xfa, 0x2, 0xf9, 0x0, 0x0,
    0x0, 0x9f, 0x8e, 0xe1, 0x0, 0x0, 0x0, 0x2f,
    0xfd, 0x10, 0x0, 0x0, 0x3, 0xfe, 0xdf, 0x40,
    0xb, 0xe0, 0xe, 0xe2, 0x1d, 0xf4, 0x1f, 0xa0,
    0x2f, 0x90, 0x1, 0xdf, 0xcf, 0x20, 0x1f, 0xb0,
    0x0, 0x1f, 0xfa, 0x0, 0xb, 0xfa, 0x67, 0xdf,
    0xef, 0x40, 0x0, 0x8d, 0xfe, 0xb3, 0x1d, 0xf4,

    /* U+0027 "'" */
    0xeb, 0xda, 0xc9, 0xb8, 0x21,

    /* U+0028 "(" */
    0x0, 0x5f, 0x30, 0x1e, 0x90, 0x7, 0xf2, 0x0,
    0xdc, 0x0, 0xf, 0x80, 0x3, 0xf6, 0x0, 0x4f,
    0x40, 0x5, 0xf4, 0x0, 0x4f, 0x50, 0x2, 0xf7,
    0x0, 0xe, 0xb0, 0x0, 0x9f, 0x10, 0x2, 0xf7,
    0x0, 0x8, 0xe1, 0x0, 0x4, 0x10,

    /* U+0029 ")" */
    0x3f, 0x50, 0x0, 0xae, 0x0, 0x3, 0xf6, 0x0,
    0xd, 0xc0, 0x0, 0x9f, 0x0, 0x6, 0xf3, 0x0,
    0x5f, 0x40, 0x4, 0xf5, 0x0, 0x6f, 0x40, 0x8,
    0xf2, 0x0, 0xbe, 0x0, 0x1f, 0x90, 0x7, 0xf2,
    0x1, 0xe8, 0x0, 0x14, 0x0, 0x0,

    /* U+002A "*" */
    0x0, 0x7, 0xf2, 0x0, 0x0, 0x0, 0x5f, 0x0,
    0x0, 0x29, 0x44, 0xf1, 0x5a, 0x4, 0xff, 0xff,
    0xff, 0xf1, 0x0, 0x1d, 0xfa, 0x0, 0x0, 0x9,
    0xf5, 0xf5, 0x0, 0x2, 0xf9, 0xd, 0xd0, 0x0,
    0x2, 0x10, 0x21, 0x0,

    /* U+002B "+" */
    0x0, 0x1, 0xf3, 0x0, 0x0, 0x0, 0x1f, 0x30,
    0x0, 0x1, 0x12, 0xf4, 0x11, 0x3, 0xff, 0xff,
    0xff, 0xf5, 0x4, 0x45, 0xf6, 0x44, 0x10, 0x0,
    0x1f, 0x30, 0x0, 0x0, 0x1, 0xf3, 0x0, 0x0,
    0x0, 0x1f, 0x30, 0x0,

    /* U+002C "," */
    0x0, 0x0, 0xb, 0xf1, 0xd, 0xc0, 0x1f, 0x70,
    0x4f, 0x10,

    /* U+002D "-" */
    0x38, 0x88, 0x46, 0xff, 0xf9,

    /* U+002E "." */
    0x24, 0xd, 0xf3, 0xae, 0x10,

    /* U+002F "/" */
    0x0, 0x0, 0xcd, 0x0, 0x0, 0x2f, 0x70, 0x0,
    0x7, 0xf2, 0x0, 0x0, 0xdc, 0x0, 0x0, 0x3f,
    0x60, 0x0, 0x8, 0xf1, 0x0, 0x0, 0xeb, 0x0,
    0x0, 0x4f, 0x50, 0x0, 0x9, 0xf0, 0x0, 0x0,
    0xfa, 0x0, 0x0, 0x5f, 0x40, 0x0, 0xa, 0xe0,
    0x0, 0x0,

    /* U+0030 "0" */
    0x0, 0x5d, 0xfd, 0x60, 0x0, 0x4f, 0xc8, 0xcf,
    0x60, 0xc, 0xe0, 0x0, 0xde, 0x0, 0xfa, 0x0,
    0x8, 0xf2, 0x3f, 0x70, 0x0, 0x5f, 0x54, 0xf6,
    0x0, 0x4, 0xf6, 0x4f, 0x60, 0x0, 0x4f, 0x63,
    0xf7, 0x0, 0x5, 0xf5, 0xf, 0xa0, 0x0, 0x8f,
    0x20, 0xce, 0x0, 0xd, 0xe0, 0x4, 0xfc, 0x7b,
    0xf6, 0x0, 0x5, 0xdf, 0xd6, 0x0,

    /* U+0031 "1" */
    0x0, 0x2e, 0xf0, 0x5f, 0xff, 0x6f, 0xab, 0xf2,
    0x80, 0xbf, 0x0, 0xb, 0xf0, 0x0, 0xbf, 0x0,
    0xb, 0xf0, 0x0, 0xbf, 0x0, 0xb, 0xf0, 0x0,
    0xbf, 0x0, 0xb, 0xf0, 0x0, 0xbf,

    /* U+0032 "2" */
    0x1, 0x9e, 0xfd, 0x70, 0x0, 0xef, 0xa8, 0xcf,
    0x70, 0x4, 0x20, 0x0, 0xed, 0x0, 0x0, 0x0,
    0xc, 0xf0, 0x0, 0x0, 0x0, 0xfc, 0x0, 0x0,
    0x0, 0x8f, 0x40, 0x0, 0x0, 0x5f, 0x90, 0x0,
    0x0, 0x4f, 0xb0, 0x0, 0x0, 0x4f, 0xb0, 0x0,
    0x0, 0x3f, 0xb0, 0x0, 0x0, 0x2e, 0xf9, 0x99,
    0x99, 0x34, 0xff, 0xff, 0xff, 0xf6,

    /* U+0033 "3" */
    0x4, 0xbe, 0xfd, 0x80, 0x1, 0xed, 0x87, 0xcf,
    0x90, 0x2, 0x0, 0x0, 0xde, 0x0, 0x0, 0x0,
    0xd, 0xd0, 0x0, 0x1, 0x3a, 0xf4, 0x0, 0x9,
    0xff, 0xe5, 0x0, 0x0, 0x24, 0x6b, 0xf9, 0x0,
    0x0, 0x0, 0xa, 0xf2, 0x0, 0x0, 0x0, 0x8f,
    0x40, 0x0, 0x0, 0xc, 0xf2, 0x5e, 0x97, 0x8c,
    0xfa, 0x2, 0xae, 0xff, 0xc7, 0x0,

    /* U+0034 "4" */
    0x0, 0x0, 0xb, 0xf4, 0x0, 0x0, 0x6, 0xff,
    0x40, 0x0, 0x2, 0xfb, 0xf4, 0x0, 0x0, 0xbc,
    0x6f, 0x40, 0x0, 0x6f, 0x26, 0xf4, 0x0, 0x1f,
    0x70, 0x6f, 0x40, 0xb, 0xc0, 0x6, 0xf4, 0x6,
    0xf5, 0x22, 0x7f, 0x51, 0xbf, 0xff, 0xff, 0xff,
    0xd3, 0x55, 0x55, 0x9f, 0x84, 0x0, 0x0, 0x6,
    0xf4, 0x0, 0x0, 0x0, 0x6f, 0x40,

    /* U+0035 "5" */
    0x6, 0xff, 0xff, 0xf8, 0x0, 0x7f, 0x98, 0x88,
    0x40, 0x8, 0xf0, 0x0, 0x0, 0x0, 0x9f, 0x0,
    0x0, 0x0, 0xb, 0xe0, 0x10, 0x0, 0x0, 0xcf,
    0xff, 0xfa, 0x10, 0x4, 0x75, 0x6a, 0xfd, 0x0,
    0x0, 0x0, 0xa, 0xf3, 0x0, 0x0, 0x0, 0x7f,
    0x40, 0x0, 0x0, 0xc, 0xf1, 0x1e, 0xa8, 0x8c,
    0xf8, 0x0, 0x9d, 0xff, 0xc6, 0x0,

    /* U+0036 "6" */
    0x0, 0x6, 0xcf, 0xf8, 0x0, 0xa, 0xfc, 0x77,
    0x50, 0x4, 0xf8, 0x0, 0x0, 0x0, 0xbf, 0x0,
    0x0, 0x0, 0xf, 0xa0, 0x0, 0x0, 0x2, 0xf9,
    0xaf, 0xfc, 0x30, 0x3f, 0xfa, 0x46, 0xee, 0x12,
    0xfa, 0x0, 0x5, 0xf5, 0xf, 0x90, 0x0, 0x3f,
    0x60, 0xce, 0x10, 0x7, 0xf4, 0x3, 0xfd, 0x79,
    0xfc, 0x0, 0x4, 0xcf, 0xe9, 0x10,

    /* U+0037 "7" */
    0x6f, 0xff, 0xff, 0xff, 0x73, 0x88, 0x88, 0x8c,
    0xf5, 0x0, 0x0, 0x0, 0xce, 0x0, 0x0, 0x0,
    0x3f, 0x70, 0x0, 0x0, 0xa, 0xf1, 0x0, 0x0,
    0x1, 0xfa, 0x0, 0x0, 0x0, 0x8f, 0x30, 0x0,
    0x0, 0xe, 0xc0, 0x0, 0x0, 0x6, 0xf6, 0x0,
    0x0, 0x0, 0xde, 0x0, 0x0, 0x0, 0x4f, 0x80,
    0x0, 0x0, 0xb, 0xf2, 0x0, 0x0,

    /* U+0038 "8" */
    0x0, 0x7d, 0xfe, 0x90, 0x0, 0x8f, 0xa6, 0x9f,
    0xb0, 0xd, 0xd0, 0x0, 0xbf, 0x0, 0xcd, 0x0,
    0xb, 0xe0, 0x5, 0xfb, 0x39, 0xf6, 0x0, 0x6,
    0xff, 0xf4, 0x0, 0x3, 0xee, 0x9f, 0xe3, 0x0,
    0xed, 0x10, 0x1c, 0xf1, 0x3f, 0x60, 0x0, 0x4f,
    0x62, 0xf8, 0x0, 0x6, 0xf5, 0xc, 0xf8, 0x68,
    0xfd, 0x0, 0x19, 0xdf, 0xe9, 0x10,

    /* U+0039 "9" */
    0x0, 0x8e, 0xfd, 0x50, 0x0, 0x9f, 0xb7, 0xcf,
    0x60, 0x1f, 0xb0, 0x0, 0xce, 0x3, 0xf6, 0x0,
    0x6, 0xf3, 0x2f, 0x80, 0x0, 0x6f, 0x50, 0xee,
    0x41, 0x5f, 0xf6, 0x3, 0xef, 0xfe, 0x8f, 0x40,
    0x0, 0x23, 0x7, 0xf2, 0x0, 0x0, 0x0, 0xce,
    0x0, 0x0, 0x0, 0x5f, 0x80, 0x4, 0x77, 0xbf,
    0xc0, 0x0, 0x6f, 0xfd, 0x70, 0x0,

    /* U+003A ":" */
    0xae, 0x1d, 0xf3, 0x24, 0x0, 0x0, 0x0, 0x0,
    0x0, 0x24, 0xd, 0xf3, 0xae, 0x10,

    /* U+003B ";" */
    0xb, 0xe1, 0xd, 0xf3, 0x2, 0x40, 0x0, 0x0,
    0x0, 0x0, 0x0, 0x0, 0x0, 0x0, 0xc, 0xf0,
    0xf, 0xb0, 0x2f, 0x50, 0x6e, 0x0, 0x0, 0x0,

    /* U+003C "<" */
    0x0, 0x0, 0x0, 0x0, 0x0, 0x0, 0x0, 0x1,
    0x95, 0x0, 0x0, 0x19, 0xfd, 0x20, 0x1, 0x9f,
    0xc5, 0x0, 0x8, 0xfc, 0x40, 0x0, 0x3, 0xfe,
    0x50, 0x0, 0x0, 0x1, 0x8e, 0xe8, 0x10, 0x0,
    0x0, 0x7, 0xdf, 0xa2, 0x0, 0x0, 0x0, 0x5c,
    0x60, 0x0, 0x0, 0x0, 0x0,

    /* U+003D "=" */
    0x1, 0x11, 0x11, 0x11, 0x2, 0xff, 0xff, 0xff,
    0xf4, 0x4, 0x44, 0x44, 0x44, 0x10, 0x11, 0x11,
    0x11, 0x10, 0x2f, 0xff, 0xff, 0xff, 0x40, 0x44,
    0x44, 0x44, 0x41,

    /* U+003E ">" */
    0x0, 0x0, 0x0, 0x0, 0x3, 0xa2, 0x0, 0x0,
    0x0, 0x1c, 0xfa, 0x20, 0x0, 0x0, 0x4, 0xbf,
    0xa2, 0x0, 0x0, 0x0, 0x3b, 0xf9, 0x10, 0x0,
    0x0, 0x4d, 0xf5, 0x0, 0x17, 0xdf, 0x92, 0x1,
    0x9f, 0xe8, 0x10, 0x0, 0x3d, 0x60, 0x0, 0x0,
    0x0, 0x0, 0x0, 0x0, 0x0,

    /* U+003F "?" */
    0x3a, 0xdf, 0xd6, 0x8, 0xe9, 0x8c, 0xf6, 0x0,
    0x0, 0xf, 0xa0, 0x0, 0x0, 0xf9, 0x0, 0x0,
    0xaf, 0x30, 0x0, 0xbf, 0x50, 0x0, 0x7f, 0x40,
    0x0, 0xb, 0xb0, 0x0, 0x0, 0x43, 0x0, 0x0,
    0x3, 0x30, 0x0, 0x0, 0xff, 0x0, 0x0, 0xd,
    0xd0, 0x0,

    /* U+0040 "@" */
    0x0, 0x0, 0x4a, 0xef, 0xeb, 0x50, 0x0, 0x0,
    0xa, 0xfa, 0x53, 0x49, 0xfa, 0x0, 0x0, 0xae,
    0x20, 0x0, 0x0, 0x2e, 0x80, 0x4, 0xf3, 0x5,
    0xdf, 0xec, 0x5, 0xf0, 0xb, 0xa0, 0x4f, 0x83,
    0x8f, 0x0, 0xf5, 0xf, 0x60, 0xbc, 0x0, 0x6f,
    0x0, 0xd7, 0x1f, 0x40, 0xe8, 0x0, 0x7e, 0x0,
    0xd7, 0x1f, 0x30, 0xd8, 0x0, 0x9e, 0x0, 0xf4,
    0xf, 0x50, 0xad, 0x13, 0xef, 0x17, 0xe0, 0xb,
    0xa0, 0x1d, 0xff, 0x5a, 0xff, 0x30, 0x4, 0xf4,
    0x0, 0x10, 0x0, 0x20, 0x0, 0x0, 0x8f, 0x82,
    0x0, 0x25, 0x40, 0x0, 0x0, 0x5, 0xcf, 0xff,
    0xfd, 0x40, 0x0, 0x0, 0x0, 0x0, 0x22, 0x0,
    0x0, 0x0,

    /* U+0041 "A" */
    0x0, 0x0, 0xdf, 0x40, 0x0, 0x0, 0x0, 0x3f,
    0xfa, 0x0, 0x0, 0x0, 0x9, 0xf9, 0xf0, 0x0,
    0x0, 0x0, 0xeb, 0x4f, 0x60, 0x0, 0x0, 0x4f,
    0x60, 0xec, 0x0, 0x0, 0xa, 0xf1, 0x9, 0xf1,
    0x0, 0x0, 0xfb, 0x0, 0x3f, 0x70, 0x0, 0x5f,
    0xff, 0xff, 0xfd, 0x0, 0xb, 0xf8, 0x88, 0x8c,
    0xf3, 0x1, 0xfb, 0x0, 0x0, 0x4f, 0x80, 0x7f,
    0x50, 0x0, 0x0, 0xee, 0xd, 0xf0, 0x0, 0x0,
    0x8, 0xf4,

    /* U+0042 "B" */
    0x8f, 0xff, 0xfd, 0x92, 0x8, 0xf9, 0x78, 0xbf,
    0xe0, 0x8f, 0x30, 0x0, 0xbf, 0x38, 0xf3, 0x0,
    0x9, 0xf2, 0x8f, 0x51, 0x25, 0xfb, 0x8, 0xff,
    0xff, 0xfa, 0x0, 0x8f, 0x74, 0x58, 0xfd, 0x18,
    0xf3, 0x0, 0x6, 0xf7, 0x8f, 0x30, 0x0, 0x3f,
    0x98, 0xf3, 0x0, 0x8, 0xf7, 0x8f, 0x97, 0x7a,
    0xfe, 0x18, 0xff, 0xff, 0xea, 0x20,

    /* U+0043 "C" */
    0x0, 0x3, 0xae, 0xfe, 0xa3, 0x0, 0x6f, 0xfa,
    0x9b, 0xf5, 0x2, 0xfd, 0x10, 0x0, 0x0, 0xa,
    0xf5, 0x0, 0x0, 0x0, 0xe, 0xf0, 0x0, 0x0,
    0x0, 0xf, 0xd0, 0x0, 0x0, 0x0, 0xf, 0xd0,
    0x0, 0x0, 0x0, 0xe, 0xf0, 0x0, 0x0, 0x0,
    0xa, 0xf4, 0x0, 0x0, 0x0, 0x4, 0xfd, 0x10,
    0x0, 0x0, 0x0, 0x9f, 0xea, 0x89, 0xd3, 0x0,
    0x5, 0xce, 0xfe, 0xb1,

    /* U+0044 "D" */
    0x8f, 0xff, 0xfd, 0x81, 0x0, 0x8f, 0x97, 0x8b,
    0xfe, 0x30, 0x8f, 0x30, 0x0, 0x4f, 0xe0, 0x8f,
    0x30, 0x0, 0x8, 0xf5, 0x8f, 0x30, 0x0, 0x3,
    0xf9, 0x8f, 0x30, 0x0, 0x1, 0xfb, 0x8f, 0x30,
    0x0, 0x1, 0xfb, 0x8f, 0x30, 0x0, 0x4, 0xf9,
    0x8f, 0x30, 0x0, 0x9, 0xf5, 0x8f, 0x30, 0x0,
    0x6f, 0xd0, 0x8f, 0xa8, 0x9d, 0xfe, 0x20, 0x8f,
    0xff, 0xfc, 0x71, 0x0,

    /* U+0045 "E" */
    0x7f, 0xff, 0xff, 0xf7, 0xfa, 0x88, 0x87, 0x7f,
    0x40, 0x0, 0x7, 0xf4, 0x0, 0x0, 0x7f, 0x40,
    0x0, 0x7, 0xff, 0xff, 0xfa, 0x7f, 0xa8, 0x88,
    0x57, 0xf4, 0x0, 0x0, 0x7f, 0x40, 0x0, 0x7,
    0xf4, 0x0, 0x0, 0x7f, 0xa8, 0x88, 0x87, 0xff,
    0xff, 0xff,

    /* U+0046 "F" */
    0x7f, 0xff, 0xff, 0xf7, 0xf9, 0x88, 0x87, 0x7f,
    0x30, 0x0, 0x7, 0xf3, 0x0, 0x0, 0x7f, 0x30,
    0x0, 0x7, 0xf9, 0x88, 0x85, 0x7f, 0xff, 0xff,
    0xa7, 0xf3, 0x0, 0x0, 0x7f, 0x30, 0x0, 0x7,
    0xf3, 0x0, 0x0, 0x7f, 0x30, 0x0, 0x7, 0xf3,
    0x0, 0x0,

    /* U+0047 "G" */
    0x0, 0x2, 0x8d, 0xfe, 0xd8, 0x10, 0x4, 0xff,
    0xb9, 0x9c, 0xe0, 0x2, 0xfe, 0x30, 0x0, 0x0,
    0x0, 0x9f, 0x50, 0x0, 0x0, 0x0, 0xe, 0xe0,
    0x0, 0x0, 0x0, 0x0, 0xfc, 0x0, 0x6, 0x88,
    0x83, 0xf, 0xc0, 0x0, 0xbf, 0xff, 0x60, 0xee,
    0x0, 0x0, 0x4, 0xf6, 0xa, 0xf3, 0x0, 0x0,
    0x4f, 0x60, 0x4f, 0xd1, 0x0, 0x4, 0xf6, 0x0,
    0x8f, 0xfa, 0x88, 0xcf, 0x60, 0x0, 0x4b, 0xef,
    0xed, 0x92,

    /* U+0048 "H" */
    0x7f, 0x40, 0x0, 0x4, 0xf7, 0x7f, 0x40, 0x0,
    0x4, 0xf7, 0x7f, 0x40, 0x0, 0x4, 0xf7, 0x7f,
    0x40, 0x0, 0x4, 0xf7, 0x7f, 0x40, 0x0, 0x4,
    0xf7, 0x7f, 0xff, 0xff, 0xff, 0xf7, 0x7f, 0xa8,
    0x88, 0x8a, 0xf7, 0x7f, 0x40, 0x0, 0x4, 0xf7,
    0x7f, 0x40, 0x0, 0x4, 0xf7, 0x7f, 0x40, 0x0,
    0x4, 0xf7, 0x7f, 0x40, 0x0, 0x4, 0xf7, 0x7f,
    0x40, 0x0, 0x4, 0xf7,

    /* U+0049 "I" */
    0x6f, 0xff, 0xf0, 0x5, 0xfd, 0x30, 0x0, 0xfb,
    0x0, 0x0, 0xfb, 0x0, 0x0, 0xfb, 0x0, 0x0,
    0xfb, 0x0, 0x0, 0xfb, 0x0, 0x0, 0xfb, 0x0,
    0x0, 0xfb, 0x0, 0x0, 0xfb, 0x0, 0x5, 0xfd,
    0x30, 0x6f, 0xff, 0xf0,

    /* U+004A "J" */
    0x0, 0x8, 0xf3, 0x0, 0x8, 0xf3, 0x0, 0x8,
    0xf3, 0x0, 0x8, 0xf3, 0x0, 0x8, 0xf3, 0x0,
    0x8, 0xf3, 0x0, 0x8, 0xf3, 0x0, 0x8, 0xf3,
    0x0, 0x8, 0xf3, 0x0, 0x8, 0xf3, 0x0, 0x8,
    0xf3, 0x0, 0x8, 0xf2, 0x0, 0xb, 0xf0, 0x29,
    0xbf, 0xb0, 0x3f, 0xea, 0x10,

    /* U+004B "K" */
    0x7f, 0x40, 0x0, 0x6f, 0x90, 0x7f, 0x40, 0x4,
    0xfb, 0x0, 0x7f, 0x40, 0x2e, 0xd0, 0x0, 0x7f,
    0x40, 0xde, 0x20, 0x0, 0x7f, 0x4a, 0xf4, 0x0,
    0x0, 0x7f, 0xbf, 0xd0, 0x0, 0x0, 0x7f, 0xfc,
    0xf7, 0x0, 0x0, 0x7f, 0x50, 0xef, 0x20, 0x0,
    0x7f, 0x40, 0x4f, 0xc0, 0x0, 0x7f, 0x40, 0x9,
    0xf7, 0x0, 0x7f, 0x40, 0x0, 0xdf, 0x20, 0x7f,
    0x40, 0x0, 0x3f, 0xc0,

    /* U+004C "L" */
    0x8f, 0x30, 0x0, 0x0, 0x8f, 0x30, 0x0, 0x0,
    0x8f, 0x30, 0x0, 0x0, 0x8f, 0x30, 0x0, 0x0,
    0x8f, 0x30, 0x0, 0x0, 0x8f, 0x30, 0x0, 0x0,
    0x8f, 0x30, 0x0, 0x0, 0x8f, 0x30, 0x0, 0x0,
    0x8f, 0x30, 0x0, 0x0, 0x8f, 0x30, 0x0, 0x0,
    0x8f, 0xa8, 0x88, 0x80, 0x8f, 0xff, 0xff, 0xf1,

    /* U+004D "M" */
    0x7f, 0xf2, 0x0, 0x0, 0x7, 0xff, 0x27, 0xff,
    0x70, 0x0, 0x0, 0xdf, 0xf2, 0x7f, 0xbd, 0x0,
    0x0, 0x2f, 0xbf, 0x27, 0xf6, 0xf2, 0x0, 0x8,
    0xe8, 0xf2, 0x7f, 0x2f, 0x80, 0x0, 0xd9, 0x8f,
    0x27, 0xf1, 0xbd, 0x0, 0x3f, 0x38, 0xf2, 0x7f,
    0x15, 0xf3, 0x9, 0xe0, 0x8f, 0x27, 0xf1, 0xf,
    0x80, 0xe8, 0x8, 0xf2, 0x7f, 0x10, 0xae, 0x4f,
    0x30, 0x8f, 0x27, 0xf1, 0x5, 0xfd, 0xd0, 0x8,
    0xf2, 0x7f, 0x10, 0xf, 0xf8, 0x0, 0x8f, 0x27,
    0xf1, 0x0, 0xaf, 0x20, 0x8, 0xf2,

    /* U+004E "N" */
    0x7f, 0xd0, 0x0, 0x0, 0xbe, 0x7f, 0xf8, 0x0,
    0x0, 0xbe, 0x7f, 0xdf, 0x20, 0x0, 0xbe, 0x7f,
    0x4f, 0xb0, 0x0, 0xbe, 0x7f, 0xa, 0xf5, 0x0,
    0xbe, 0x7f, 0x11, 0xfe, 0x0, 0xbe, 0x7f, 0x10,
    0x7f, 0x90, 0xbe, 0x7f, 0x10, 0xd, 0xf3, 0xae,
    0x7f, 0x10, 0x4, 0xfc, 0xae, 0x7f, 0x10, 0x0,
    0xbf, 0xee, 0x7f, 0x10, 0x0, 0x2f, 0xfe, 0x7f,
    0x10, 0x0, 0x8, 0xfe,

    /* U+004F "O" */
    0x0, 0x4, 0xbe, 0xfd, 0x81, 0x0, 0x0, 0x8f,
    0xe9, 0x8b, 0xfe, 0x20, 0x4, 0xfc, 0x0, 0x0,
    0x5f, 0xc0, 0xa, 0xf4, 0x0, 0x0, 0xb, 0xf3,
    0xe, 0xf0, 0x0, 0x0, 0x6, 0xf7, 0xf, 0xd0,
    0x0, 0x0, 0x4, 0xf8, 0xf, 0xd0, 0x0, 0x0,
    0x4, 0xf8, 0xe, 0xf0, 0x0, 0x0, 0x6, 0xf7,
    0xa, 0xf4, 0x0, 0x0, 0xb, 0xf3, 0x4, 0xfc,
    0x0, 0x0, 0x4f, 0xc0, 0x0, 0x8f, 0xe9, 0x8b,
    0xfe, 0x20, 0x0, 0x5, 0xbe, 0xfd, 0x81, 0x0,

    /* U+0050 "P" */
    0x8f, 0xff, 0xfc, 0x50, 0x8f, 0x97, 0x9f, 0xf5,
    0x8f, 0x30, 0x2, 0xfd, 0x8f, 0x30, 0x0, 0xdf,
    0x8f, 0x30, 0x0, 0xfd, 0x8f, 0x30, 0x2a, 0xf8,
    0x8f, 0xff, 0xff, 0xa0, 0x8f, 0x97, 0x62, 0x0,
    0x8f, 0x30, 0x0, 0x0, 0x8f, 0x30, 0x0, 0x0,
    0x8f, 0x30, 0x0, 0x0, 0x8f, 0x30, 0x0, 0x0,

    /* U+0051 "Q" */
    0x0, 0x4, 0xbe, 0xfd, 0x81, 0x0, 0x0, 0x8f,
    0xe9, 0x8b, 0xfe, 0x20, 0x4, 0xfc, 0x0, 0x0,
    0x5f, 0xc0, 0xa, 0xf4, 0x0, 0x0, 0xb, 0xf3,
    0xe, 0xf0, 0x0, 0x0, 0x6, 0xf7, 0xf, 0xd0,
    0x0, 0x0, 0x4, 0xf8, 0xf, 0xd0, 0x0, 0x0,
    0x4, 0xf8, 0xe, 0xf0, 0x0, 0x0, 0x6, 0xf7,
    0xa, 0xf4, 0x0, 0x0, 0xb, 0xf3, 0x4, 0xfc,
    0x0, 0x0, 0x4f, 0xc0, 0x0, 0x8f, 0xe9, 0x8b,
    0xfe, 0x20, 0x0, 0x5, 0xbe, 0xff, 0xc1, 0x0,
    0x0, 0x0, 0x0, 0x1d, 0xf4, 0x0, 0x0, 0x0,
    0x0, 0x2, 0xef, 0x30, 0x0, 0x0, 0x0, 0x0,
    0x38, 0x70,

    /* U+0052 "R" */
    0x8f, 0xff, 0xfc, 0x60, 0x8, 0xf9, 0x79, 0xef,
    0x70, 0x8f, 0x30, 0x1, 0xfe, 0x8, 0xf3, 0x0,
    0xd, 0xf0, 0x8f, 0x30, 0x0, 0xee, 0x8, 0xf5,
    0x23, 0xaf, 0x60, 0x8f, 0xff, 0xff, 0x60, 0x8,
    0xf7, 0x5b, 0xf3, 0x0, 0x8f, 0x30, 0x1f, 0xc0,
    0x8, 0xf3, 0x0, 0x8f, 0x60, 0x8f, 0x30, 0x0,
    0xee, 0x18, 0xf3, 0x0, 0x5, 0xfa,

    /* U+0053 "S" */
    0x0, 0x7d, 0xfe, 0xb5, 0x0, 0xaf, 0xc9, 0xae,
    0x90, 0xf, 0xc0, 0x0, 0x0, 0x0, 0xfc, 0x0,
    0x0, 0x0, 0xc, 0xf8, 0x0, 0x0, 0x0, 0x2d,
    0xfe, 0x81, 0x0, 0x0, 0x6, 0xdf, 0xe3, 0x0,
    0x0, 0x0, 0x6f, 0xd0, 0x0, 0x0, 0x0, 0xbf,
    0x0, 0x0, 0x0, 0xd, 0xf0, 0x3f, 0xb9, 0x8d,
    0xf8, 0x1, 0x9d, 0xfe, 0xc5, 0x0,

    /* U+0054 "T" */
    0xcf, 0xff, 0xff, 0xff, 0xc6, 0x88, 0xbf, 0xb8,
    0x86, 0x0, 0x6, 0xf5, 0x0, 0x0, 0x0, 0x6f,
    0x50, 0x0, 0x0, 0x6, 0xf5, 0x0, 0x0, 0x0,
    0x6f, 0x50, 0x0, 0x0, 0x6, 0xf5, 0x0, 0x0,
    0x0, 0x6f, 0x50, 0x0, 0x0, 0x6, 0xf5, 0x0,
    0x0, 0x0, 0x6f, 0x50, 0x0, 0x0, 0x6, 0xf5,
    0x0, 0x0, 0x0, 0x6f, 0x50, 0x0,

    /* U+0055 "U" */
    0x9f, 0x20, 0x0, 0x5, 0xf6, 0x9f, 0x20, 0x0,
    0x5, 0xf6, 0x9f, 0x20, 0x0, 0x5, 0xf6, 0x9f,
    0x20, 0x0, 0x5, 0xf6, 0x9f, 0x20, 0x0, 0x5,
    0xf6, 0x9f, 0x20, 0x0, 0x5, 0xf6, 0x9f, 0x20,
    0x0, 0x5, 0xf6, 0x9f, 0x20, 0x0, 0x5, 0xf6,
    0x7f, 0x40, 0x0, 0x7, 0xf4, 0x3f, 0xb0, 0x0,
    0xd, 0xf0, 0xa, 0xfd, 0x99, 0xef, 0x60, 0x0,
    0x7d, 0xff, 0xc5, 0x0,

    /* U+0056 "V" */
    0xde, 0x0, 0x0, 0x1, 0xfa, 0x8f, 0x40, 0x0,
    0x7, 0xf5, 0x2f, 0x90, 0x0, 0xc, 0xf0, 0xd,
    0xe0, 0x0, 0x1f, 0xa0, 0x7, 0xf3, 0x0, 0x6f,
    0x50, 0x2, 0xf8, 0x0, 0xcf, 0x0, 0x0, 0xde,
    0x1, 0xfa, 0x0, 0x0, 0x7f, 0x36, 0xf5, 0x0,
    0x0, 0x2f, 0x8b, 0xf0, 0x0, 0x0, 0xd, 0xce,
    0xa0, 0x0, 0x0, 0x7, 0xff, 0x50, 0x0, 0x0,
    0x2, 0xff, 0x0, 0x0,

    /* U+0057 "W" */
    0xcf, 0x0, 0x0, 0x8f, 0x70, 0x0, 0xf, 0xc8,
    0xf4, 0x0, 0xc, 0xfc, 0x0, 0x3, 0xf8, 0x4f,
    0x70, 0x0, 0xfd, 0xf0, 0x0, 0x7f, 0x40, 0xfb,
    0x0, 0x5f, 0x6f, 0x50, 0xa, 0xf0, 0xc, 0xf0,
    0x9, 0xf0, 0xf9, 0x0, 0xec, 0x0, 0x8f, 0x30,
    0xdb, 0xb, 0xd0, 0x2f, 0x80, 0x4, 0xf7, 0x1f,
    0x60, 0x6f, 0x26, 0xf4, 0x0, 0xf, 0xa6, 0xf2,
    0x2, 0xf6, 0x9f, 0x0, 0x0, 0xce, 0x9e, 0x0,
    0xe, 0xad, 0xc0, 0x0, 0x8, 0xfd, 0x90, 0x0,
    0x9d, 0xf8, 0x0, 0x0, 0x4f, 0xf5, 0x0, 0x5,
    0xff, 0x40, 0x0, 0x0, 0xff, 0x10, 0x0, 0x1f,
    0xf0, 0x0,

    /* U+0058 "X" */
    0x6f, 0x80, 0x0, 0xb, 0xf2, 0xc, 0xf2, 0x0,
    0x5f, 0x80, 0x2, 0xfb, 0x0, 0xed, 0x0, 0x0,
    0x8f, 0x48, 0xf4, 0x0, 0x0, 0xe, 0xdf, 0xa0,
    0x0, 0x0, 0x5, 0xff, 0x10, 0x0, 0x0, 0x9,
    0xff, 0x50, 0x0, 0x0, 0x3f, 0x9d, 0xe0, 0x0,
    0x0, 0xce, 0x15, 0xf9, 0x0, 0x6, 0xf6, 0x0,
    0xbf, 0x30, 0x1e, 0xc0, 0x0, 0x2f, 0xc0, 0xaf,
    0x30, 0x0, 0x8, 0xf6,

    /* U+0059 "Y" */
    0xbf, 0x20, 0x0, 0xc, 0xf1, 0x3f, 0xa0, 0x0,
    0x4f, 0x90, 0xb, 0xf2, 0x0, 0xcf, 0x10, 0x3,
    0xfa, 0x5, 0xf8, 0x0, 0x0, 0xbf, 0x2d, 0xf1,
    0x0, 0x0, 0x2f, 0xdf, 0x70, 0x0, 0x0, 0xa,
    0xfe, 0x0, 0x0, 0x0, 0x3, 0xf8, 0x0, 0x0,
    0x0, 0x3, 0xf8, 0x0, 0x0, 0x0, 0x3, 0xf8,
    0x0, 0x0, 0x0, 0x3, 0xf8, 0x0, 0x0, 0x0,
    0x3, 0xf8, 0x0, 0x0,

    /* U+005A "Z" */
    0x4f, 0xff, 0xff, 0xff, 0x72, 0x88, 0x88, 0x8e,
    0xf4, 0x0, 0x0, 0x3, 0xfb, 0x0, 0x0, 0x0,
    0xdf, 0x10, 0x0, 0x0, 0x7f, 0x60, 0x0, 0x0,
    0x2f, 0xc0, 0x0, 0x0, 0xc, 0xf2, 0x0, 0x0,
    0x6, 0xf8, 0x0, 0x0, 0x1, 0xed, 0x0, 0x0,
    0x0, 0xaf, 0x30, 0x0, 0x0, 0x4f, 0xe8, 0x88,
    0x88, 0x57, 0xff, 0xff, 0xff, 0xfa,

    /* U+005B "[" */
    0xcf, 0xfe, 0xcd, 0x54, 0xcc, 0x0, 0xcc, 0x0,
    0xcc, 0x0, 0xcc, 0x0, 0xcc, 0x0, 0xcc, 0x0,
    0xcc, 0x0, 0xcc, 0x0, 0xcc, 0x0, 0xcc, 0x0,
    0xcc, 0x10, 0xcf, 0xfe, 0x34, 0x43,

    /* U+005C "\\" */
    0xae, 0x0, 0x0, 0x5, 0xf4, 0x0, 0x0, 0xf,
    0xa0, 0x0, 0x0, 0x9f, 0x0, 0x0, 0x4, 0xf5,
    0x0, 0x0, 0xe, 0xb0, 0x0, 0x0, 0x8f, 0x10,
    0x0, 0x3, 0xf6, 0x0, 0x0, 0xd, 0xc0, 0x0,
    0x0, 0x7f, 0x20, 0x0, 0x2, 0xf7, 0x0, 0x0,
    0xc, 0xd0,

    /* U+005D "]" */
    0x9f, 0xff, 0x3, 0x5a, 0xf0, 0x0, 0x8f, 0x0,
    0x8, 0xf0, 0x0, 0x8f, 0x0, 0x8, 0xf0, 0x0,
    0x8f, 0x0, 0x8, 0xf0, 0x0, 0x8f, 0x0, 0x8,
    0xf0, 0x0, 0x8f, 0x0, 0x8, 0xf0, 0x1, 0x8f,
    0x9, 0xff, 0xf0, 0x24, 0x44, 0x0,

    /* U+005E "^" */
    0x0, 0x1, 0x70, 0x0, 0x0, 0x0, 0x8f, 0x50,
    0x0, 0x0, 0xe, 0xcd, 0x0, 0x0, 0x6, 0xe1,
    0xf5, 0x0, 0x0, 0xd7, 0x8, 0xd0, 0x0, 0x5f,
    0x10, 0x1f, 0x50, 0xc, 0x90, 0x0, 0x8d, 0x3,
    0xf2, 0x0, 0x1, 0xf5,

    /* U+005F "_" */
    0xf, 0xff, 0xff, 0xfe, 0x2, 0x22, 0x22, 0x21,

    /* U+0060 "`" */
    0x28, 0x60, 0x0, 0x9f, 0x40, 0x0, 0x7e, 0x10,

    /* U+0061 "a" */
    0x1, 0x9d, 0xfe, 0x90, 0x1, 0xe8, 0x6a, 0xf9,
    0x0, 0x0, 0x0, 0xed, 0x0, 0x0, 0x0, 0xce,
    0x2, 0xad, 0xff, 0xfe, 0xe, 0xe5, 0x32, 0xde,
    0x3f, 0x80, 0x0, 0xee, 0x1f, 0xd4, 0x4b, 0xfe,
    0x5, 0xdf, 0xd7, 0x7e,

    /* U+0062 "b" */
    0xbf, 0x0, 0x0, 0x0, 0xb, 0xf0, 0x0, 0x0,
    0x0, 0xbf, 0x0, 0x0, 0x0, 0xb, 0xf4, 0xcf,
    0xd6, 0x0, 0xbf, 0xe8, 0x7d, 0xf5, 0xb, 0xf5,
    0x0, 0x1f, 0xc0, 0xbf, 0x10, 0x0, 0xcf, 0xb,
    0xf0, 0x0, 0xb, 0xf1, 0xbf, 0x10, 0x0, 0xcf,
    0xb, 0xf6, 0x0, 0x2f, 0xc0, 0xbf, 0xf9, 0x8d,
    0xf5, 0xb, 0xb4, 0xdf, 0xd6, 0x0,

    /* U+0063 "c" */
    0x0, 0x4c, 0xfe, 0xc2, 0x4, 0xfe, 0x88, 0xc0,
    0xd, 0xf1, 0x0, 0x0, 0xf, 0xb0, 0x0, 0x0,
    0x2f, 0x90, 0x0, 0x0, 0x1f, 0xb0, 0x0, 0x0,
    0xd, 0xf1, 0x0, 0x0, 0x5, 0xfe, 0x88, 0xc2,
    0x0, 0x5c, 0xff, 0xb1,

    /* U+0064 "d" */
    0x0, 0x0, 0x0, 0x1f, 0x90, 0x0, 0x0, 0x1,
    0xf9, 0x0, 0x0, 0x0, 0x1f, 0x90, 0x7, 0xef,
    0xc3, 0xf9, 0x6, 0xfd, 0x89, 0xef, 0x90, 0xef,
    0x10, 0x7, 0xf9, 0x1f, 0xb0, 0x0, 0x2f, 0x92,
    0xf9, 0x0, 0x1, 0xf9, 0x1f, 0xb0, 0x0, 0x1f,
    0x90, 0xef, 0x0, 0x6, 0xf9, 0x7, 0xfd, 0x79,
    0xdf, 0x90, 0x7, 0xef, 0xc2, 0xd9,

    /* U+0065 "e" */
    0x0, 0x4c, 0xfe, 0x90, 0x0, 0x4f, 0xd6, 0x8f,
    0x90, 0xc, 0xf1, 0x0, 0x9f, 0x10, 0xfb, 0x0,
    0x6, 0xf4, 0x2f, 0xff, 0xff, 0xff, 0x60, 0xfb,
    0x33, 0x33, 0x31, 0xd, 0xe1, 0x0, 0x0, 0x0,
    0x4f, 0xd8, 0x68, 0xc0, 0x0, 0x3b, 0xff, 0xd8,
    0x0,

    /* U+0066 "f" */
    0x0, 0x5d, 0xfe, 0x30, 0x1f, 0xd7, 0x70, 0x4,
    0xf6, 0x0, 0x7, 0xef, 0xff, 0x80, 0x38, 0xf9,
    0x52, 0x0, 0x4f, 0x60, 0x0, 0x4, 0xf6, 0x0,
    0x0, 0x4f, 0x60, 0x0, 0x4, 0xf6, 0x0, 0x0,
    0x4f, 0x60, 0x0, 0x4, 0xf6, 0x0, 0x0, 0x4f,
    0x60, 0x0,

    /* U+0067 "g" */
    0x0, 0x7e, 0xfc, 0x3d, 0x90, 0x5f, 0xd7, 0x9e,
    0xf9, 0xd, 0xf1, 0x0, 0x7f, 0x90, 0xfb, 0x0,
    0x2, 0xf9, 0x2f, 0x90, 0x0, 0xf, 0x90, 0xfa,
    0x0, 0x1, 0xf9, 0xd, 0xe0, 0x0, 0x5f, 0x90,
    0x6f, 0xc7, 0x8e, 0xf9, 0x0, 0x7e, 0xfc, 0x4f,
    0x90, 0x0, 0x0, 0x2, 0xf8, 0x0, 0x0, 0x0,
    0x6f, 0x60, 0x8c, 0x87, 0x9f, 0xe0, 0x4, 0xbe,
    0xfe, 0xb2, 0x0,

    /* U+0068 "h" */
    0xbf, 0x0, 0x0, 0x0, 0xbf, 0x0, 0x0, 0x0,
    0xbf, 0x0, 0x0, 0x0, 0xbf, 0x3c, 0xfe, 0x80,
    0xbf, 0xe9, 0x7c, 0xf6, 0xbf, 0x60, 0x1, 0xfa,
    0xbf, 0x10, 0x0, 0xec, 0xbf, 0x0, 0x0, 0xec,
    0xbf, 0x0, 0x0, 0xec, 0xbf, 0x0, 0x0, 0xec,
    0xbf, 0x0, 0x0, 0xec, 0xbf, 0x0, 0x0, 0xec,

    /* U+0069 "i" */
    0x9d, 0x9, 0xd0, 0x0, 0xb, 0xf0, 0xbf, 0xb,
    0xf0, 0xbf, 0xb, 0xf0, 0xbf, 0xb, 0xf0, 0xbf,
    0xb, 0xf0,

    /* U+006A "j" */
    0x0, 0x9d, 0x0, 0x9, 0xd0, 0x0, 0x0, 0x0,
    0xb, 0xf0, 0x0, 0xbf, 0x0, 0xb, 0xf0, 0x0,
    0xbf, 0x0, 0xb, 0xf0, 0x0, 0xbf, 0x0, 0xb,
    0xf0, 0x0, 0xbf, 0x0, 0xb, 0xf0, 0x0, 0xbf,
    0x0, 0xb, 0xf0, 0x68, 0xfc, 0xc, 0xfc, 0x20,

    /* U+006B "k" */
    0xaf, 0x0, 0x0, 0x0, 0xaf, 0x0, 0x0, 0x0,
    0xaf, 0x0, 0x0, 0x0, 0xaf, 0x0, 0xc, 0xf3,
    0xaf, 0x0, 0xaf, 0x40, 0xaf, 0x9, 0xf6, 0x0,
    0xaf, 0x6f, 0x70, 0x0, 0xaf, 0xff, 0x90, 0x0,
    0xaf, 0x6a, 0xf5, 0x0, 0xaf, 0x0, 0xde, 0x10,
    0xaf, 0x0, 0x3f, 0xc0, 0xaf, 0x0, 0x8, 0xf7,

    /* U+006C "l" */
    0xbf, 0xb, 0xf0, 0xbf, 0xb, 0xf0, 0xbf, 0xb,
    0xf0, 0xbf, 0xb, 0xf0, 0xbf, 0xb, 0xf0, 0xbf,
    0xb, 0xf0,

    /* U+006D "m" */
    0xbb, 0x4d, 0xfd, 0x51, 0xaf, 0xea, 0x1b, 0xfe,
    0x98, 0xef, 0xdb, 0x7b, 0xf8, 0xbf, 0x60, 0x6,
    0xfc, 0x0, 0xe, 0xdb, 0xf1, 0x0, 0x4f, 0x80,
    0x0, 0xce, 0xbf, 0x0, 0x4, 0xf7, 0x0, 0xc,
    0xeb, 0xf0, 0x0, 0x4f, 0x70, 0x0, 0xce, 0xbf,
    0x0, 0x4, 0xf7, 0x0, 0xc, 0xeb, 0xf0, 0x0,
    0x4f, 0x70, 0x0, 0xce, 0xbf, 0x0, 0x4, 0xf7,
    0x0, 0xc, 0xe0,

    /* U+006E "n" */
    0xbb, 0x3c, 0xfe, 0x80, 0xbf, 0xe9, 0x7d, 0xf6,
    0xbf, 0x60, 0x1, 0xfa, 0xbf, 0x10, 0x0, 0xec,
    0xbf, 0x0, 0x0, 0xec, 0xbf, 0x0, 0x0, 0xec,
    0xbf, 0x0, 0x0, 0xec, 0xbf, 0x0, 0x0, 0xec,
    0xbf, 0x0, 0x0, 0xec,

    /* U+006F "o" */
    0x0, 0x4c, 0xfe, 0xa2, 0x0, 0x4f, 0xd7, 0x8f,
    0xe1, 0xd, 0xf1, 0x0, 0x4f, 0x91, 0xfb, 0x0,
    0x0, 0xed, 0x2f, 0x90, 0x0, 0xd, 0xe0, 0xfb,
    0x0, 0x0, 0xed, 0xc, 0xf1, 0x0, 0x4f, 0x90,
    0x4f, 0xd7, 0x8f, 0xe2, 0x0, 0x3c, 0xff, 0xb2,
    0x0,

    /* U+0070 "p" */
    0xbc, 0x3c, 0xfd, 0x60, 0xb, 0xfe, 0x98, 0xef,
    0x50, 0xbf, 0x60, 0x2, 0xfc, 0xb, 0xf1, 0x0,
    0xc, 0xf0, 0xbf, 0x0, 0x0, 0xbf, 0x1b, 0xf1,
    0x0, 0xc, 0xf0, 0xbf, 0x60, 0x2, 0xfc, 0xb,
    0xff, 0x98, 0xef, 0x50, 0xbf, 0x4d, 0xfd, 0x60,
    0xb, 0xf0, 0x0, 0x0, 0x0, 0xbf, 0x0, 0x0,
    0x0, 0xb, 0xf0, 0x0, 0x0, 0x0, 0xbf, 0x0,
    0x0, 0x0, 0x0,

    /* U+0071 "q" */
    0x0, 0x7e, 0xfc, 0x3d, 0x90, 0x6f, 0xd7, 0x9e,
    0xf9, 0xe, 0xf1, 0x0, 0x7f, 0x91, 0xfb, 0x0,
    0x2, 0xf9, 0x2f, 0x90, 0x0, 0xf, 0x91, 0xfb,
    0x0, 0x1, 0xf9, 0xe, 0xf0, 0x0, 0x6f, 0x90,
    0x7f, 0xd7, 0x9e, 0xf9, 0x0, 0x7e, 0xfc, 0x4f,
    0x90, 0x0, 0x0, 0x1, 0xf9, 0x0, 0x0, 0x0,
    0x1f, 0x90, 0x0, 0x0, 0x1, 0xf9, 0x0, 0x0,
    0x0, 0x1f, 0x90,

    /* U+0072 "r" */
    0xbb, 0x1b, 0xf7, 0xbd, 0xcd, 0xa4, 0xbf, 0xa0,
    0x0, 0xbf, 0x20, 0x0, 0xbf, 0x0, 0x0, 0xbf,
    0x0, 0x0, 0xbf, 0x0, 0x0, 0xbf, 0x0, 0x0,
    0xbf, 0x0, 0x0,

    /* U+0073 "s" */
    0x3, 0xbe, 0xfd, 0x70, 0xf, 0xd6, 0x69, 0x70,
    0x2f, 0x80, 0x0, 0x0, 0xd, 0xfa, 0x30, 0x0,
    0x1, 0x8f, 0xfc, 0x20, 0x0, 0x0, 0x7f, 0xd0,
    0x0, 0x0, 0xa, 0xf0, 0x3c, 0x86, 0x7f, 0xc0,
    0x1b, 0xef, 0xea, 0x10,

    /* U+0074 "t" */
    0x0, 0xf3, 0x0, 0x5, 0xf3, 0x0, 0x7f, 0xff,
    0xfa, 0x3a, 0xf7, 0x53, 0x8, 0xf3, 0x0, 0x8,
    0xf3, 0x0, 0x8, 0xf3, 0x0, 0x8, 0xf3, 0x0,
    0x7, 0xf3, 0x0, 0x4, 0xfc, 0x66, 0x0, 0x9e,
    0xf9,

    /* U+0075 "u" */
    0xcf, 0x0, 0x0, 0xfb, 0xcf, 0x0, 0x0, 0xfb,
    0xcf, 0x0, 0x0, 0xfb, 0xcf, 0x0, 0x0, 0xfb,
    0xcf, 0x0, 0x0, 0xfb, 0xcf, 0x0, 0x0, 0xfb,
    0xaf, 0x10, 0x5, 0xfb, 0x6f, 0xb5, 0x6e, 0xfb,
    0x8, 0xef, 0xd5, 0xbb,

    /* U+0076 "v" */
    0xdf, 0x0, 0x0, 0x8f, 0x47, 0xf4, 0x0, 0xd,
    0xe0, 0x1f, 0xa0, 0x3, 0xf8, 0x0, 0xbf, 0x0,
    0x8f, 0x20, 0x5, 0xf4, 0xe, 0xc0, 0x0, 0xf,
    0x93, 0xf6, 0x0, 0x0, 0xae, 0x8f, 0x10, 0x0,
    0x4, 0xfe, 0xb0, 0x0, 0x0, 0xe, 0xf5, 0x0,
    0x0,

    /* U+0077 "w" */
    0xbf, 0x0, 0x9, 0xf8, 0x0, 0x1f, 0x96, 0xf4,
    0x0, 0xef, 0xc0, 0x5, 0xf5, 0x2f, 0x80, 0x2f,
    0x9f, 0x10, 0x9f, 0x10, 0xec, 0x7, 0xf2, 0xf5,
    0xd, 0xc0, 0xa, 0xf0, 0xbb, 0xd, 0xa1, 0xf8,
    0x0, 0x5f, 0x4f, 0x70, 0x9e, 0x5f, 0x40, 0x1,
    0xfa, 0xf2, 0x4, 0xfa, 0xf0, 0x0, 0xd, 0xfe,
    0x0, 0xf, 0xfb, 0x0, 0x0, 0x9f, 0x90, 0x0,
    0xbf, 0x70, 0x0,

    /* U+0078 "x" */
    0x4f, 0x90, 0x0, 0xde, 0x10, 0xaf, 0x40, 0x8f,
    0x50, 0x1, 0xed, 0x3f, 0xa0, 0x0, 0x4, 0xff,
    0xe1, 0x0, 0x0, 0xd, 0xf8, 0x0, 0x0, 0x7,
    0xfe, 0xf2, 0x0, 0x2, 0xfb, 0x1f, 0xc0, 0x0,
    0xcf, 0x20, 0x6f, 0x70, 0x7f, 0x70, 0x0, 0xcf,
    0x20,

    /* U+0079 "y" */
    0xcf, 0x0, 0x0, 0x8f, 0x46, 0xf5, 0x0, 0xd,
    0xe0, 0xf, 0xb0, 0x3, 0xf8, 0x0, 0xaf, 0x10,
    0x8f, 0x20, 0x4, 0xf6, 0xd, 0xd0, 0x0, 0xd,
    0xb3, 0xf7, 0x0, 0x0, 0x7f, 0x8f, 0x10, 0x0,
    0x1, 0xff, 0xb0, 0x0, 0x0, 0xb, 0xf5, 0x0,
    0x0, 0x0, 0xbf, 0x0, 0x0, 0x0, 0x3f, 0x90,
    0x0, 0x5, 0x7e, 0xf2, 0x0, 0x0, 0xaf, 0xc3,
    0x0, 0x0, 0x0,

    /* U+007A "z" */
    0x2f, 0xff, 0xff, 0xe0, 0x5, 0x55, 0x7f, 0xb0,
    0x0, 0x0, 0xbf, 0x10, 0x0, 0x6, 0xf5, 0x0,
    0x0, 0x2f, 0xb0, 0x0, 0x0, 0xce, 0x10, 0x0,
    0x7, 0xf5, 0x0, 0x0, 0x2f, 0xd5, 0x55, 0x50,
    0x6f, 0xff, 0xff, 0xf0,

    /* U+007B "{" */
    0x0, 0x7, 0xd9, 0x0, 0x6f, 0xb3, 0x0, 0x9f,
    0x0, 0x0, 0xaf, 0x0, 0x0, 0xaf, 0x0, 0x0,
    0xae, 0x0, 0x15, 0xfa, 0x0, 0x9f, 0xb0, 0x0,
    0x38, 0xfa, 0x0, 0x0, 0xbe, 0x0, 0x0, 0xaf,
    0x0, 0x0, 0xaf, 0x0, 0x0, 0x8f, 0x51, 0x0,
    0x1d, 0xf9, 0x0, 0x0, 0x22,

    /* U+007C "|" */
    0x4f, 0x14, 0xf1, 0x4f, 0x14, 0xf1, 0x4f, 0x14,
    0xf1, 0x4f, 0x14, 0xf1, 0x4f, 0x14, 0xf1, 0x4f,
    0x14, 0xf1, 0x4f, 0x14, 0xf1, 0x4f, 0x14, 0xf1,

    /* U+007D "}" */
    0x7e, 0x90, 0x0, 0x29, 0xf8, 0x0, 0x0, 0xdc,
    0x0, 0x0, 0xcc, 0x0, 0x0, 0xcc, 0x0, 0x0,
    0xcd, 0x0, 0x0, 0x8f, 0x61, 0x0, 0x9, 0xfc,
    0x0, 0x7f, 0x94, 0x0, 0xcd, 0x0, 0x0, 0xcc,
    0x0, 0x0, 0xcc, 0x0, 0x4, 0xfa, 0x0, 0x7f,
    0xe3, 0x0, 0x12, 0x0, 0x0,

    /* U+007E "~" */
    0x0, 0x0, 0x0, 0x0, 0x1, 0xbf, 0xfa, 0x41,
    0x65, 0x3b, 0x47, 0xcf, 0xfe, 0x20, 0x0, 0x0,
    0x23, 0x0,

    /* U+00A0 " " */

    /* U+00A1 "¡" */
    0xae, 0x1d, 0xf3, 0x23, 0x1, 0x20, 0x7d, 0x8,
    0xd0, 0x9e, 0x9, 0xf0, 0xaf, 0xb, 0xf1, 0xcf,
    0x1c, 0xf2,

    /* U+00A2 "¢" */
    0x0, 0x7, 0xb0, 0x0, 0x2b, 0xff, 0xf9, 0xd,
    0xf8, 0x58, 0x65, 0xf8, 0x0, 0x0, 0x8f, 0x30,
    0x0, 0x9, 0xf1, 0x0, 0x0, 0x9f, 0x20, 0x0,
    0x7, 0xf6, 0x0, 0x0, 0x1f, 0xe5, 0x24, 0x60,
    0x4e, 0xff, 0xfa, 0x0, 0x9, 0xc3, 0x0, 0x0,
    0x7b, 0x0,

    /* U+00A3 "£" */
    0x0, 0x6, 0xdf, 0xd9, 0x10, 0x6, 0xfc, 0x7a,
    0xe0, 0x0, 0xce, 0x0, 0x0, 0x0, 0xe, 0xc0,
    0x0, 0x0, 0x0, 0xec, 0x0, 0x0, 0x0, 0xe,
    0xc0, 0x0, 0x0, 0x6f, 0xff, 0xff, 0xe0, 0x1,
    0x3f, 0xd3, 0x33, 0x0, 0x0, 0xec, 0x0, 0x0,
    0x0, 0x2f, 0x90, 0x0, 0x0, 0x3e, 0xf9, 0x88,
    0x88, 0x57, 0xff, 0xff, 0xff, 0xfa,

    /* U+00A4 "¤" */
    0x3, 0x0, 0x0, 0x3, 0x0, 0xdc, 0xcf, 0xcb,
    0xe0, 0x3, 0xfa, 0x59, 0xf5, 0x0, 0x7d, 0x0,
    0xa, 0x90, 0x8, 0xc0, 0x0, 0x9a, 0x0, 0x3f,
    0x61, 0x5f, 0x50, 0xb, 0xef, 0xff, 0xec, 0x0,
    0x62, 0x2, 0x1, 0x70,

    /* U+00A5 "¥" */
    0x9f, 0x30, 0x0, 0x1f, 0xa1, 0xfa, 0x0, 0x8,
    0xf2, 0x8, 0xf2, 0x1, 0xfa, 0x0, 0x1f, 0xa0,
    0x7f, 0x20, 0x0, 0x8f, 0x2e, 0x90, 0x0, 0x0,
    0xee, 0xf1, 0x0, 0x8, 0xff, 0xff, 0xfa, 0x0,
    0x12, 0x6f, 0x72, 0x10, 0x0, 0x4, 0xf6, 0x0,
    0x0, 0x8f, 0xff, 0xff, 0xa0, 0x1, 0x26, 0xf7,
    0x21, 0x0, 0x0, 0x4f, 0x60, 0x0,

    /* U+00A6 "¦" */
    0x4f, 0x14, 0xf1, 0x4f, 0x14, 0xf1, 0x4f, 0x14,
    0xf1, 0x15, 0x0, 0x0, 0x0, 0x1, 0x50, 0x4f,
    0x14, 0xf1, 0x4f, 0x14, 0xf1, 0x4f, 0x14, 0xf1,

    /* U+00A7 "§" */
    0x2, 0xbe, 0xfd, 0x80, 0xc, 0xd4, 0x47, 0x70,
    0xd, 0xc0, 0x0, 0x0, 0x4, 0xfe, 0x81, 0x0,
    0x6, 0xe8, 0xcf, 0x60, 0xe, 0x70, 0x9, 0xf0,
    0xc, 0xc1, 0x5, 0xf0, 0x2, 0xdf, 0xaf, 0x70,
    0x0, 0x4, 0xaf, 0x90, 0x0, 0x0, 0x8, 0xf0,
    0x1a, 0x53, 0x4c, 0xd0, 0xa, 0xef, 0xea, 0x20,

    /* U+00A8 "¨" */
    0x59, 0x4, 0xa0, 0x8c, 0x6, 0xe0,

    /* U+00A9 "©" */
    0x0, 0x1, 0x8d, 0xed, 0xa3, 0x0, 0x0, 0x4,
    0xe7, 0x10, 0x5, 0xd8, 0x0, 0x2, 0xe2, 0x9,
    0xee, 0x80, 0xc6, 0x0, 0xb5, 0xb, 0xc3, 0x34,
    0x1, 0xe0, 0xe, 0x2, 0xf2, 0x0, 0x0, 0xa,
    0x52, 0xc0, 0x4f, 0x0, 0x0, 0x0, 0x77, 0x2c,
    0x2, 0xf1, 0x0, 0x0, 0x8, 0x70, 0xe0, 0xd,
    0x90, 0x2, 0x0, 0xa5, 0xb, 0x60, 0x2d, 0xff,
    0x80, 0x1e, 0x10, 0x3e, 0x20, 0x0, 0x10, 0xc,
    0x70, 0x0, 0x5e, 0x71, 0x0, 0x5d, 0x90, 0x0,
    0x0, 0x29, 0xde, 0xea, 0x40, 0x0,

    /* U+00AA "ª" */
    0xb, 0xee, 0x70, 0x2, 0x3, 0xf0, 0x1c, 0xcc,
    0xf1, 0x7c, 0x4, 0xf1, 0x2d, 0xd9, 0xe1,

    /* U+00AB "«" */
    0x0, 0x1a, 0x30, 0x77, 0x0, 0xb, 0xe2, 0x5f,
    0x70, 0x8, 0xf4, 0x2f, 0xa0, 0x3, 0xf9, 0xd,
    0xf0, 0x0, 0xb, 0xf2, 0x5f, 0x70, 0x0, 0x1d,
    0xd0, 0x8f, 0x40, 0x0, 0x2e, 0x40, 0xba, 0x0,
    0x0, 0x0, 0x0, 0x0,

    /* U+00AC "¬" */
    0x1, 0x11, 0x11, 0x11, 0x3, 0xff, 0xff, 0xff,
    0xf5, 0x4, 0x44, 0x44, 0x4f, 0x50, 0x0, 0x0,
    0x0, 0xf5, 0x0, 0x0, 0x0, 0xf, 0x50, 0x0,
    0x0, 0x0, 0x31,

    /* U+00AD "­" */
    0x38, 0x88, 0x46, 0xff, 0xf9,

    /* U+00AE "®" */
    0x0, 0x1, 0x8d, 0xed, 0xa3, 0x0, 0x0, 0x4,
    0xe7, 0x10, 0x5, 0xd8, 0x0, 0x2, 0xe2, 0x8f,
    0xec, 0x30, 0xc6, 0x0, 0xb5, 0x8, 0xb2, 0x9d,
    0x1, 0xe0, 0xe, 0x0, 0x8b, 0x3, 0xf0, 0xa,
    0x52, 0xc0, 0x8, 0xb0, 0x8d, 0x0, 0x77, 0x2c,
    0x0, 0x8f, 0xff, 0x30, 0x8, 0x70, 0xe0, 0x8,
    0xb3, 0xf4, 0x0, 0xa5, 0xb, 0x60, 0x8b, 0x7,
    0xd0, 0x1e, 0x10, 0x3e, 0x25, 0x70, 0x9, 0x5c,
    0x70, 0x0, 0x5e, 0x71, 0x0, 0x5d, 0x90, 0x0,
    0x0, 0x29, 0xde, 0xea, 0x40, 0x0,

    /* U+00AF "¯" */
    0x0, 0x0, 0x0, 0x0, 0x0, 0xf, 0xff, 0xff,
    0xff, 0xf0, 0x3, 0x33, 0x33, 0x33, 0x30,

    /* U+00B0 "°" */
    0x3, 0xce, 0xb1, 0x0, 0xe8, 0x3a, 0xb0, 0x2f,
    0x0, 0x3f, 0x0, 0xf5, 0x8, 0xd0, 0x5, 0xff,
    0xe3, 0x0, 0x0, 0x10, 0x0,

    /* U+00B1 "±" */
    0x0, 0x1, 0xf3, 0x0, 0x0, 0x0, 0x1f, 0x30,
    0x0, 0x1, 0x12, 0xf4, 0x11, 0x3, 0xff, 0xff,
    0xff, 0xf5, 0x4, 0x45, 0xf6, 0x44, 0x10, 0x0,
    0x1f, 0x30, 0x0, 0x0, 0x1, 0xf3, 0x0, 0x0,
    0x0, 0x1f, 0x30, 0x0, 0x15, 0x55, 0x55, 0x55,
    0x23, 0xff, 0xff, 0xff, 0xf6,

    /* U+00B2 "²" */
    0x1a, 0xed, 0x50, 0x29, 0x39, 0xe0, 0x0, 0x6,
    0xe0, 0x0, 0x2e, 0x60, 0x2, 0xe7, 0x0, 0x2e,
    0x93, 0x30, 0x9f, 0xff, 0xf1,

    /* U+00B3 "³" */
    0x3b, 0xed, 0x50, 0x37, 0x28, 0xf0, 0x0, 0x7,
    0xe0, 0x8, 0xff, 0x50, 0x1, 0x26, 0xf2, 0x43,
    0x15, 0xf2, 0x7e, 0xfe, 0x70,

    /* U+00B4 "´" */
    0x0, 0x77, 0x10, 0x6f, 0x70, 0x2e, 0x60, 0x0,

    /* U+00B5 "µ" */
    0xbf, 0x0, 0x0, 0xec, 0xbf, 0x0, 0x0, 0xec,
    0xbf, 0x0, 0x0, 0xec, 0xbf, 0x0, 0x0, 0xec,
    0xbf, 0x0, 0x0, 0xec, 0xbf, 0x0, 0x0, 0xfc,
    0xbf, 0x20, 0x3, 0xfc, 0xbf, 0xc5, 0x6e, 0xfc,
    0xbf, 0xbf, 0xe6, 0xac, 0xbf, 0x0, 0x0, 0x0,
    0xbf, 0x0, 0x0, 0x0, 0xbf, 0x0, 0x0, 0x0,
    0xbf, 0x0, 0x0, 0x0,

    /* U+00B6 "¶" */
    0x0, 0x8e, 0xff, 0xff, 0xd0, 0x8f, 0xff, 0xf5,
    0x3d, 0xe, 0xff, 0xff, 0x42, 0xd1, 0xff, 0xff,
    0xf4, 0x2d, 0x1f, 0xff, 0xff, 0x42, 0xd0, 0xff,
    0xff, 0xf4, 0x2d, 0xb, 0xff, 0xff, 0x42, 0xd0,
    0x1c, 0xff, 0xf4, 0x2d, 0x0, 0x1, 0x2c, 0x42,
    0xd0, 0x0, 0x0, 0xc4, 0x2d, 0x0, 0x0, 0xc,
    0x42, 0xd0, 0x0, 0x0, 0xc4, 0x2d, 0x0, 0x0,
    0xc, 0x42, 0xd0, 0x0, 0x0, 0xc4, 0x2d, 0x0,
    0x0, 0x7, 0x21, 0x80,

    /* U+00B7 "·" */
    0x24, 0xd, 0xf3, 0xae, 0x10,

    /* U+00B8 "¸" */
    0xa, 0x40, 0xb, 0xd3, 0x0, 0xe7, 0xbf, 0xd2,
    0x1, 0x0,

    /* U+00B9 "¹" */
    0x1, 0xbf, 0x2, 0xec, 0xf0, 0x4, 0x4f, 0x0,
    0x5, 0xf0, 0x0, 0x5f, 0x0, 0x5, 0xf0, 0x0,
    0x5f, 0x0,

    /* U+00BA "º" */
    0x7, 0xee, 0x70, 0x3e, 0x21, 0xe4, 0x6b, 0x0,
    0xa8, 0x6b, 0x0, 0xa8, 0x3e, 0x21, 0xe4, 0x6,
    0xee, 0x70,

    /* U+00BB "»" */
    0x1a, 0x20, 0x78, 0x0, 0x0, 0xcd, 0x17, 0xf5,
    0x0, 0x2, 0xeb, 0xa, 0xf3, 0x0, 0x6, 0xf7,
    0xe, 0xd0, 0x0, 0xde, 0x17, 0xf6, 0x0, 0xaf,
    0x34, 0xf9, 0x0, 0x2e, 0x50, 0xab, 0x0, 0x0,
    0x0, 0x0, 0x0, 0x0,

    /* U+00BC "¼" */
    0x2, 0xde, 0x0, 0x0, 0x5f, 0x10, 0x3, 0xec,
    0xe0, 0x0, 0xe, 0x70, 0x0, 0x15, 0x6e, 0x0,
    0x7, 0xe0, 0x0, 0x0, 0x7, 0xe0, 0x1, 0xf5,
    0x0, 0x0, 0x0, 0x7e, 0x0, 0x9c, 0x0, 0x10,
    0x0, 0x7, 0xe0, 0x2f, 0x30, 0x9f, 0x30, 0x0,
    0x7e, 0xb, 0xa0, 0x4d, 0xf3, 0x0, 0x0, 0x4,
    0xf2, 0x1d, 0x4f, 0x30, 0x0, 0x0, 0xd8, 0xc,
    0x53, 0xf3, 0x0, 0x0, 0x6e, 0x4, 0xff, 0xff,
    0xf2, 0x0, 0x1e, 0x60, 0x2, 0x24, 0xf5, 0x0,
    0x9, 0xd0, 0x0, 0x0, 0x3f, 0x30,

    /* U+00BD "½" */
    0x3, 0xec, 0x0, 0x0, 0xab, 0x0, 0x4, 0xfd,
    0xc0, 0x0, 0x3f, 0x20, 0x0, 0x35, 0x8c, 0x0,
    0xc, 0x90, 0x0, 0x0, 0x9, 0xc0, 0x5, 0xf1,
    0x0, 0x0, 0x0, 0x9c, 0x0, 0xd7, 0x0, 0x0,
    0x0, 0x9, 0xc0, 0x7e, 0x2a, 0xed, 0x50, 0x0,
    0x9c, 0x1e, 0x61, 0x73, 0x9f, 0x0, 0x0, 0x9,
    0xd0, 0x0, 0x5, 0xf0, 0x0, 0x2, 0xf4, 0x0,
    0x1, 0xd8, 0x0, 0x0, 0xab, 0x0, 0x1, 0xca,
    0x0, 0x0, 0x3f, 0x20, 0x0, 0xca, 0x0, 0x0,
    0xc, 0x90, 0x0, 0x8f, 0xff, 0xf2, 0x0, 0x30,
    0x0, 0x1, 0x33, 0x33, 0x0,

    /* U+00BE "¾" */
    0x2a, 0xed, 0x50, 0x0, 0xa, 0xb0, 0x2, 0x72,
    0x8f, 0x0, 0x3, 0xf3, 0x0, 0x0, 0x8, 0xd0,
    0x0, 0xca, 0x0, 0x0, 0x9f, 0xf4, 0x0, 0x5f,
    0x10, 0x0, 0x0, 0x5, 0xf2, 0xe, 0x70, 0x0,
    0x2, 0x10, 0x4f, 0x27, 0xe0, 0x2f, 0xb0, 0x7f,
    0xff, 0x81, 0xf5, 0xc, 0xdb, 0x0, 0x1, 0x0,
    0xac, 0x9, 0x7b, 0xb0, 0x0, 0x0, 0x3f, 0x34,
    0xc0, 0xbb, 0x0, 0x0, 0xc, 0xa0, 0xcf, 0xff,
    0xfa, 0x0, 0x5, 0xf1, 0x1, 0x22, 0xcb, 0x10,
    0x0, 0xd8, 0x0, 0x0, 0xb, 0xb0,

    /* U+00BF "¿" */
    0x0, 0xb, 0xe1, 0x0, 0x0, 0xef, 0x20, 0x0,
    0x2, 0x40, 0x0, 0x0, 0x23, 0x0, 0x0, 0x8,
    0xd0, 0x0, 0x2, 0xea, 0x0, 0x2, 0xee, 0x10,
    0x1, 0xed, 0x10, 0x0, 0x7f, 0x30, 0x0, 0x9,
    0xf0, 0x0, 0x0, 0x6f, 0x92, 0x37, 0x70, 0xaf,
    0xff, 0xf9, 0x0, 0x24, 0x31, 0x0,

    /* U+00C0 "À" */
    0x0, 0x6, 0x81, 0x0, 0x0, 0x0, 0x0, 0x3f,
    0xa0, 0x0, 0x0, 0x0, 0x0, 0x3e, 0x60, 0x0,
    0x0, 0x0, 0x0, 0x0, 0x0, 0x0, 0x0, 0x0,
    0xdf, 0x40, 0x0, 0x0, 0x0, 0x3f, 0xfa, 0x0,
    0x0, 0x0, 0x9, 0xf9, 0xf0, 0x0, 0x0, 0x0,
    0xeb, 0x4f, 0x60, 0x0, 0x0, 0x4f, 0x60, 0xec,
    0x0, 0x0, 0xa, 0xf1, 0x9, 0xf1, 0x0, 0x0,
    0xfb, 0x0, 0x3f, 0x70, 0x0, 0x5f, 0xff, 0xff,
    0xfd, 0x0, 0xb, 0xf8, 0x88, 0x8c, 0xf3, 0x1,
    0xfb, 0x0, 0x0, 0x4f, 0x80, 0x7f, 0x50, 0x0,
    0x0, 0xee, 0xd, 0xf0, 0x0, 0x0, 0x8, 0xf4,

    /* U+00C1 "Á" */
    0x0, 0x0, 0x2, 0x86, 0x0, 0x0, 0x0, 0x0,
    0xce, 0x20, 0x0, 0x0, 0x0, 0x8d, 0x20, 0x0,
    0x0, 0x0, 0x0, 0x0, 0x0, 0x0, 0x0, 0x0,
    0xdf, 0x40, 0x0, 0x0, 0x0, 0x3f, 0xfa, 0x0,
    0x0, 0x0, 0x9, 0xf9, 0xf0, 0x0, 0x0, 0x0,
    0xeb, 0x4f, 0x60, 0x0, 0x0, 0x4f, 0x60, 0xec,
    0x0, 0x0, 0xa, 0xf1, 0x9, 0xf1, 0x0, 0x0,
    0xfb, 0x0, 0x3f, 0x70, 0x0, 0x5f, 0xff, 0xff,
    0xfd, 0x0, 0xb, 0xf8, 0x88, 0x8c, 0xf3, 0x1,
    0xfb, 0x0, 0x0, 0x4f, 0x80, 0x7f, 0x50, 0x0,
    0x0, 0xee, 0xd, 0xf0, 0x0, 0x0, 0x8, 0xf4,

    /* U+00C2 "Â" */
    0x0, 0x0, 0x68, 0x10, 0x0, 0x0, 0x0, 0x6f,
    0xdc, 0x0, 0x0, 0x0, 0x5e, 0x41, 0xbb, 0x0,
    0x0, 0x0, 0x0, 0x0, 0x0, 0x0, 0x0, 0x0,
    0xdf, 0x40, 0x0, 0x0, 0x0, 0x3f, 0xfa, 0x0,
    0x0, 0x0, 0x9, 0xf9, 0xf0, 0x0, 0x0, 0x0,
    0xeb, 0x4f, 0x60, 0x0, 0x0, 0x4f, 0x60, 0xec,
    0x0, 0x0, 0xa, 0xf1, 0x9, 0xf1, 0x0, 0x0,
    0xfb, 0x0, 0x3f, 0x70, 0x0, 0x5f, 0xff, 0xff,
    0xfd, 0x0, 0xb, 0xf8, 0x88, 0x8c, 0xf3, 0x1,
    0xfb, 0x0, 0x0, 0x4f, 0x80, 0x7f, 0x50, 0x0,
    0x0, 0xee, 0xd, 0xf0, 0x0, 0x0, 0x8, 0xf4,

    /* U+00C3 "Ã" */
    0x0, 0x0, 0x0, 0x0, 0x0, 0x0, 0x2, 0xee,
    0x72, 0xd2, 0x0, 0x0, 0x99, 0x6e, 0xfb, 0x0,
    0x0, 0x2, 0x0, 0x2, 0x0, 0x0, 0x0, 0x0,
    0xdf, 0x40, 0x0, 0x0, 0x0, 0x3f, 0xfa, 0x0,
    0x0, 0x0, 0x9, 0xf9, 0xf0, 0x0, 0x0, 0x0,
    0xeb, 0x4f, 0x60, 0x0, 0x0, 0x4f, 0x60, 0xec,
    0x0, 0x0, 0xa, 0xf1, 0x9, 0xf1, 0x0, 0x0,
    0xfb, 0x0, 0x3f, 0x70, 0x0, 0x5f, 0xff, 0xff,
    0xfd, 0x0, 0xb, 0xf8, 0x88, 0x8c, 0xf3, 0x1,
    0xfb, 0x0, 0x0, 0x4f, 0x80, 0x7f, 0x50, 0x0,
    0x0, 0xee, 0xd, 0xf0, 0x0, 0x0, 0x8, 0xf4,

    /* U+00C4 "Ä" */
    0x0, 0x1e, 0x50, 0xd7, 0x0, 0x0, 0x0, 0xa3,
    0x9, 0x50, 0x0, 0x0, 0x0, 0x0, 0x0, 0x0,
    0x0, 0x0, 0xd, 0xf4, 0x0, 0x0, 0x0, 0x3,
    0xff, 0xa0, 0x0, 0x0, 0x0, 0x9f, 0x9f, 0x0,
    0x0, 0x0, 0xe, 0xb4, 0xf6, 0x0, 0x0, 0x4,
    0xf6, 0xe, 0xc0, 0x0, 0x0, 0xaf, 0x10, 0x9f,
    0x10, 0x0, 0xf, 0xb0, 0x3, 0xf7, 0x0, 0x5,
    0xff, 0xff, 0xff, 0xd0, 0x0, 0xbf, 0x88, 0x88,
    0xcf, 0x30, 0x1f, 0xb0, 0x0, 0x4, 0xf8, 0x7,
    0xf5, 0x0, 0x0, 0xe, 0xe0, 0xdf, 0x0, 0x0,
    0x0, 0x8f, 0x40,

    /* U+00C5 "Å" */
    0x0, 0x3, 0xde, 0x70, 0x0, 0x0, 0x0, 0x88,
    0x2f, 0x0, 0x0, 0x0, 0x2, 0xff, 0xc0, 0x0,
    0x0, 0x0, 0x3f, 0xfa, 0x0, 0x0, 0x0, 0x9,
    0xf9, 0xf0, 0x0, 0x0, 0x0, 0xeb, 0x4f, 0x60,
    0x0, 0x0, 0x4f, 0x60, 0xec, 0x0, 0x0, 0xa,
    0xf1, 0x9, 0xf1, 0x0, 0x0, 0xfb, 0x0, 0x3f,
    0x70, 0x0, 0x5f, 0xff, 0xff, 0xfd, 0x0, 0xb,
    0xf8, 0x88, 0x8c, 0xf3, 0x1, 0xfb, 0x0, 0x0,
    0x4f, 0x80, 0x7f, 0x50, 0x0, 0x0, 0xee, 0xd,
    0xf0, 0x0, 0x0, 0x8, 0xf4,

    /* U+00C6 "Æ" */
    0x0, 0x0, 0x0, 0xef, 0xff, 0xff, 0xff, 0x70,
    0x0, 0x0, 0x5f, 0x9d, 0xf8, 0x88, 0x83, 0x0,
    0x0, 0xc, 0xd0, 0xbf, 0x0, 0x0, 0x0, 0x0,
    0x3, 0xf7, 0xb, 0xf0, 0x0, 0x0, 0x0, 0x0,
    0xaf, 0x10, 0xbf, 0x0, 0x0, 0x0, 0x0, 0x2f,
    0x90, 0xb, 0xff, 0xff, 0xf3, 0x0, 0x9, 0xf2,
    0x0, 0xbf, 0x88, 0x88, 0x10, 0x0, 0xff, 0xff,
    0xff, 0xf0, 0x0, 0x0, 0x0, 0x7f, 0xa8, 0x88,
    0xef, 0x0, 0x0, 0x0, 0xe, 0xd0, 0x0, 0xb,
    0xf0, 0x0, 0x0, 0x5, 0xf6, 0x0, 0x0, 0xbf,
    0x88, 0x88, 0x30, 0xcf, 0x0, 0x0, 0xb, 0xff,
    0xff, 0xf7,

    /* U+00C7 "Ç" */
    0x0, 0x3, 0xae, 0xfe, 0xa3, 0x0, 0x6f, 0xfa,
    0x9b, 0xf5, 0x2, 0xfd, 0x10, 0x0, 0x0, 0xa,
    0xf5, 0x0, 0x0, 0x0, 0xe, 0xf0, 0x0, 0x0,
    0x0, 0xf, 0xd0, 0x0, 0x0, 0x0, 0xf, 0xd0,
    0x0, 0x0, 0x0, 0xe, 0xf0, 0x0, 0x0, 0x0,
    0xa, 0xf4, 0x0, 0x0, 0x0, 0x4, 0xfd, 0x10,
    0x0, 0x0, 0x0, 0x9f, 0xea, 0x89, 0xd3, 0x0,
    0x5, 0xcf, 0xfe, 0xb1, 0x0, 0x0, 0xc, 0x60,
    0x0, 0x0, 0x0, 0x7, 0xf5, 0x0, 0x0, 0x0,
    0x11, 0xd8, 0x0, 0x0, 0x0, 0xaf, 0xc1, 0x0,

    /* U+00C8 "È" */
    0x2, 0x85, 0x0, 0x0, 0xa, 0xf2, 0x0, 0x0,
    0x9, 0xd0, 0x0, 0x0, 0x0, 0x0, 0x7f, 0xff,
    0xff, 0xf7, 0xfa, 0x88, 0x87, 0x7f, 0x40, 0x0,
    0x7, 0xf4, 0x0, 0x0, 0x7f, 0x40, 0x0, 0x7,
    0xff, 0xff, 0xfa, 0x7f, 0xa8, 0x88, 0x57, 0xf4,
    0x0, 0x0, 0x7f, 0x40, 0x0, 0x7, 0xf4, 0x0,
    0x0, 0x7f, 0xa8, 0x88, 0x87, 0xff, 0xff, 0xff,

    /* U+00C9 "É" */
    0x0, 0x0, 0x68, 0x20, 0x0, 0x4f, 0x90, 0x0,
    0x1e, 0x70, 0x0, 0x0, 0x0, 0x0, 0x7f, 0xff,
    0xff, 0xf7, 0xfa, 0x88, 0x87, 0x7f, 0x40, 0x0,
    0x7, 0xf4, 0x0, 0x0, 0x7f, 0x40, 0x0, 0x7,
    0xff, 0xff, 0xfa, 0x7f, 0xa8, 0x88, 0x57, 0xf4,
    0x0, 0x0, 0x7f, 0x40, 0x0, 0x7, 0xf4, 0x0,
    0x0, 0x7f, 0xa8, 0x88, 0x87, 0xff, 0xff, 0xff,

    /* U+00CA "Ê" */
    0x0, 0x18, 0x60, 0x0, 0xc, 0xef, 0x70, 0xb,
    0xb1, 0x4e, 0x50, 0x0, 0x0, 0x0, 0x7f, 0xff,
    0xff, 0xf7, 0xfa, 0x88, 0x87, 0x7f, 0x40, 0x0,
    0x7, 0xf4, 0x0, 0x0, 0x7f, 0x40, 0x0, 0x7,
    0xff, 0xff, 0xfa, 0x7f, 0xa8, 0x88, 0x57, 0xf4,
    0x0, 0x0, 0x7f, 0x40, 0x0, 0x7, 0xf4, 0x0,
    0x0, 0x7f, 0xa8, 0x88, 0x87, 0xff, 0xff, 0xff,

    /* U+00CB "Ë" */
    0x6, 0xe0, 0x4e, 0x20, 0x4a, 0x2, 0xb1, 0x0,
    0x0, 0x0, 0x7, 0xff, 0xff, 0xff, 0x7f, 0xa8,
    0x88, 0x77, 0xf4, 0x0, 0x0, 0x7f, 0x40, 0x0,
    0x7, 0xf4, 0x0, 0x0, 0x7f, 0xff, 0xff, 0xa7,
    0xfa, 0x88, 0x85, 0x7f, 0x40, 0x0, 0x7, 0xf4,
    0x0, 0x0, 0x7f, 0x40, 0x0, 0x7, 0xfa, 0x88,
    0x88, 0x7f, 0xff, 0xff, 0xf0,

    /* U+00CC "Ì" */
    0x38, 0x50, 0x0, 0xb, 0xf2, 0x0, 0x0, 0x9d,
    0x0, 0x0, 0x0, 0x0, 0x6f, 0xff, 0xf0, 0x5,
    0xfd, 0x30, 0x0, 0xfb, 0x0, 0x0, 0xfb, 0x0,
    0x0, 0xfb, 0x0, 0x0, 0xfb, 0x0, 0x0, 0xfb,
    0x0, 0x0, 0xfb, 0x0, 0x0, 0xfb, 0x0, 0x0,
    0xfb, 0x0, 0x5, 0xfd, 0x30, 0x6f, 0xff, 0xf0,

    /* U+00CD "Í" */
    0x0, 0x6, 0x82, 0x0, 0x4f, 0x80, 0x1, 0xe7,
    0x0, 0x0, 0x0, 0x0, 0x6f, 0xff, 0xf0, 0x5,
    0xfd, 0x30, 0x0, 0xfb, 0x0, 0x0, 0xfb, 0x0,
    0x0, 0xfb, 0x0, 0x0, 0xfb, 0x0, 0x0, 0xfb,
    0x0, 0x0, 0xfb, 0x0, 0x0, 0xfb, 0x0, 0x0,
    0xfb, 0x0, 0x5, 0xfd, 0x30, 0x6f, 0xff, 0xf0,

    /* U+00CE "Î" */
    0x0, 0x18, 0x60, 0x0, 0xc, 0xdf, 0x60, 0xb,
    0xb1, 0x4e, 0x50, 0x0, 0x0, 0x0, 0x6, 0xff,
    0xff, 0x0, 0x5, 0xfd, 0x30, 0x0, 0xf, 0xb0,
    0x0, 0x0, 0xfb, 0x0, 0x0, 0xf, 0xb0, 0x0,
    0x0, 0xfb, 0x0, 0x0, 0xf, 0xb0, 0x0, 0x0,
    0xfb, 0x0, 0x0, 0xf, 0xb0, 0x0, 0x0, 0xfb,
    0x0, 0x0, 0x5f, 0xd3, 0x0, 0x6f, 0xff, 0xf0,

    /* U+00CF "Ï" */
    0x6e, 0x4, 0xe2, 0x4a, 0x2, 0xb1, 0x0, 0x0,
    0x0, 0x6f, 0xff, 0xf0, 0x5, 0xfd, 0x30, 0x0,
    0xfb, 0x0, 0x0, 0xfb, 0x0, 0x0, 0xfb, 0x0,
    0x0, 0xfb, 0x0, 0x0, 0xfb, 0x0, 0x0, 0xfb,
    0x0, 0x0, 0xfb, 0x0, 0x0, 0xfb, 0x0, 0x5,
    0xfd, 0x30, 0x6f, 0xff, 0xf0,

    /* U+00D0 "Ð" */
    0x6, 0xff, 0xff, 0xd8, 0x10, 0x0, 0x6f, 0xa7,
    0x8b, 0xfe, 0x30, 0x6, 0xf5, 0x0, 0x4, 0xfe,
    0x0, 0x6f, 0x50, 0x0, 0x8, 0xf5, 0x6, 0xf5,
    0x0, 0x0, 0x3f, 0x94, 0xbf, 0xa8, 0x70, 0x1,
    0xfb, 0x9f, 0xff, 0xff, 0x0, 0x1f, 0xb0, 0x6f,
    0x50, 0x0, 0x4, 0xf9, 0x6, 0xf5, 0x0, 0x0,
    0x9f, 0x50, 0x6f, 0x50, 0x0, 0x6f, 0xd0, 0x6,
    0xfa, 0x89, 0xdf, 0xe2, 0x0, 0x6f, 0xff, 0xfc,
    0x71, 0x0,

    /* U+00D1 "Ñ" */
    0x0, 0x0, 0x0, 0x0, 0x0, 0x0, 0x2e, 0xe7,
    0x2e, 0x20, 0x0, 0xa9, 0x6e, 0xfb, 0x0, 0x0,
    0x20, 0x0, 0x20, 0x0, 0x7f, 0xd0, 0x0, 0x0,
    0xbe, 0x7f, 0xf8, 0x0, 0x0, 0xbe, 0x7f, 0xdf,
    0x20, 0x0, 0xbe, 0x7f, 0x4f, 0xb0, 0x0, 0xbe,
    0x7f, 0xa, 0xf5, 0x0, 0xbe, 0x7f, 0x11, 0xfe,
    0x0, 0xbe, 0x7f, 0x10, 0x7f, 0x90, 0xbe, 0x7f,
    0x10, 0xd, 0xf3, 0xae, 0x7f, 0x10, 0x4, 0xfc,
    0xae, 0x7f, 0x10, 0x0, 0xbf, 0xee, 0x7f, 0x10,
    0x0, 0x2f, 0xfe, 0x7f, 0x10, 0x0, 0x8, 0xfe,

    /* U+00D2 "Ò" */
    0x0, 0x0, 0x68, 0x10, 0x0, 0x0, 0x0, 0x0,
    0x3e, 0xb0, 0x0, 0x0, 0x0, 0x0, 0x2, 0xe6,
    0x0, 0x0, 0x0, 0x0, 0x0, 0x0, 0x0, 0x0,
    0x0, 0x4, 0xbe, 0xfd, 0x81, 0x0, 0x0, 0x8f,
    0xe9, 0x8b, 0xfe, 0x20, 0x4, 0xfc, 0x0, 0x0,
    0x5f, 0xc0, 0xa, 0xf4, 0x0, 0x0, 0xb, 0xf3,
    0xe, 0xf0, 0x0, 0x0, 0x6, 0xf7, 0xf, 0xd0,
    0x0, 0x0, 0x4, 0xf8, 0xf, 0xd0, 0x0, 0x0,
    0x4, 0xf8, 0xe, 0xf0, 0x0, 0x0, 0x6, 0xf7,
    0xa, 0xf4, 0x0, 0x0, 0xb, 0xf3, 0x4, 0xfc,
    0x0, 0x0, 0x4f, 0xc0, 0x0, 0x8f, 0xe9, 0x8b,
    0xfe, 0x20, 0x0, 0x5, 0xbe, 0xfd, 0x81, 0x0,

    /* U+00D3 "Ó" */
    0x0, 0x0, 0x0, 0x28, 0x60, 0x0, 0x0, 0x0,
    0x0, 0xbe, 0x30, 0x0, 0x0, 0x0, 0x7, 0xd2,
    0x0, 0x0, 0x0, 0x0, 0x0, 0x0, 0x0, 0x0,
    0x0, 0x4, 0xbe, 0xfd, 0x81, 0x0, 0x0, 0x8f,
    0xe9, 0x8b, 0xfe, 0x20, 0x4, 0xfc, 0x0, 0x0,
    0x5f, 0xc0, 0xa, 0xf4, 0x0, 0x0, 0xb, 0xf3,
    0xe, 0xf0, 0x0, 0x0, 0x6, 0xf7, 0xf, 0xd0,
    0x0, 0x0, 0x4, 0xf8, 0xf, 0xd0, 0x0, 0x0,
    0x4, 0xf8, 0xe, 0xf0, 0x0, 0x0, 0x6, 0xf7,
    0xa, 0xf4, 0x0, 0x0, 0xb, 0xf3, 0x4, 0xfc,
    0x0, 0x0, 0x4f, 0xc0, 0x0, 0x8f, 0xe9, 0x8b,
    0xfe, 0x20, 0x0, 0x5, 0xbe, 0xfd, 0x81, 0x0,

    /* U+00D4 "Ô" */
    0x0, 0x0, 0x6, 0x82, 0x0, 0x0, 0x0, 0x0,
    0x5f, 0xdd, 0x0, 0x0, 0x0, 0x4, 0xe4, 0xa,
    0xc0, 0x0, 0x0, 0x0, 0x0, 0x0, 0x0, 0x0,
    0x0, 0x4, 0xbe, 0xfd, 0x81, 0x0, 0x0, 0x8f,
    0xe9, 0x8b, 0xfe, 0x20, 0x4, 0xfc, 0x0, 0x0,
    0x5f, 0xc0, 0xa, 0xf4, 0x0, 0x0, 0xb, 0xf3,
    0xe, 0xf0, 0x0, 0x0, 0x6, 0xf7, 0xf, 0xd0,
    0x0, 0x0, 0x4, 0xf8, 0xf, 0xd0, 0x0, 0x0,
    0x4, 0xf8, 0xe, 0xf0, 0x0, 0x0, 0x6, 0xf7,
    0xa, 0xf4, 0x0, 0x0, 0xb, 0xf3, 0x4, 0xfc,
    0x0, 0x0, 0x4f, 0xc0, 0x0, 0x8f, 0xe9, 0x8b,
    0xfe, 0x20, 0x0, 0x5, 0xbe, 0xfd, 0x81, 0x0,

    /* U+00D5 "Õ" */
    0x0, 0x0, 0x0, 0x0, 0x0, 0x0, 0x0, 0x1,
    0xde, 0x82, 0xd3, 0x0, 0x0, 0x8, 0xa6, 0xef,
    0xc0, 0x0, 0x0, 0x2, 0x0, 0x2, 0x0, 0x0,
    0x0, 0x4, 0xbe, 0xfd, 0x81, 0x0, 0x0, 0x8f,
    0xe9, 0x8b, 0xfe, 0x20, 0x4, 0xfc, 0x0, 0x0,
    0x5f, 0xc0, 0xa, 0xf4, 0x0, 0x0, 0xb, 0xf3,
    0xe, 0xf0, 0x0, 0x0, 0x6, 0xf7, 0xf, 0xd0,
    0x0, 0x0, 0x4, 0xf8, 0xf, 0xd0, 0x0, 0x0,
    0x4, 0xf8, 0xe, 0xf0, 0x0, 0x0, 0x6, 0xf7,
    0xa, 0xf4, 0x0, 0x0, 0xb, 0xf3, 0x4, 0xfc,
    0x0, 0x0, 0x4f, 0xc0, 0x0, 0x8f, 0xe9, 0x8b,
    0xfe, 0x20, 0x0, 0x5, 0xbe, 0xfd, 0x81, 0x0,

    /* U+00D6 "Ö" */
    0x0, 0x0, 0xe6, 0xc, 0x80, 0x0, 0x0, 0x0,
    0xa4, 0x9, 0x60, 0x0, 0x0, 0x0, 0x0, 0x0,
    0x0, 0x0, 0x0, 0x4, 0xbe, 0xfd, 0x81, 0x0,
    0x0, 0x8f, 0xe9, 0x8b, 0xfe, 0x20, 0x4, 0xfc,
    0x0, 0x0, 0x5f, 0xc0, 0xa, 0xf4, 0x0, 0x0,
    0xb, 0xf3, 0xe, 0xf0, 0x0, 0x0, 0x6, 0xf7,
    0xf, 0xd0, 0x0, 0x0, 0x4, 0xf8, 0xf, 0xd0,
    0x0, 0x0, 0x4, 0xf8, 0xe, 0xf0, 0x0, 0x0,
    0x6, 0xf7, 0xa, 0xf4, 0x0, 0x0, 0xb, 0xf3,
    0x4, 0xfc, 0x0, 0x0, 0x4f, 0xc0, 0x0, 0x8f,
    0xe9, 0x8b, 0xfe, 0x20, 0x0, 0x5, 0xbe, 0xfd,
    0x81, 0x0,

    /* U+00D7 "×" */
    0x10, 0x0, 0x0, 0x20, 0xbc, 0x0, 0xa, 0xd0,
    0x2e, 0xc0, 0xaf, 0x30, 0x2, 0xee, 0xf3, 0x0,
    0x0, 0xaf, 0xc0, 0x0, 0x9, 0xf6, 0xeb, 0x0,
    0x9f, 0x40, 0x3e, 0xa0, 0x54, 0x0, 0x3, 0x70,

    /* U+00D8 "Ø" */
    0x0, 0x0, 0x0, 0x0, 0x1, 0x0, 0x0, 0x4,
    0xbe, 0xfd, 0x8c, 0x90, 0x0, 0x8f, 0xe9, 0x9b,
    0xff, 0x40, 0x4, 0xfc, 0x0, 0x2, 0xff, 0xc0,
    0xa, 0xf4, 0x0, 0xc, 0xbb, 0xf3, 0xe, 0xf0,
    0x0, 0x8f, 0x16, 0xf7, 0xf, 0xd0, 0x3, 0xf5,
    0x4, 0xf8, 0xf, 0xd0, 0xd, 0xa0, 0x4, 0xf8,
    0xe, 0xe0, 0x8e, 0x10, 0x6, 0xf7, 0xb, 0xf7,
    0xf5, 0x0, 0xb, 0xf3, 0x4, 0xff, 0xa0, 0x0,
    0x4f, 0xc0, 0x0, 0xcf, 0xe9, 0x8b, 0xfe, 0x20,
    0x2, 0xf8, 0xbe, 0xfd, 0x81, 0x0, 0x0, 0x30,
    0x0, 0x0, 0x0, 0x0,

    /* U+00D9 "Ù" */
    0x0, 0x28, 0x50, 0x0, 0x0, 0x0, 0xa, 0xf3,
    0x0, 0x0, 0x0, 0x0, 0x8d, 0x10, 0x0, 0x0,
    0x0, 0x0, 0x0, 0x0, 0x9f, 0x20, 0x0, 0x5,
    0xf6, 0x9f, 0x20, 0x0, 0x5, 0xf6, 0x9f, 0x20,
    0x0, 0x5, 0xf6, 0x9f, 0x20, 0x0, 0x5, 0xf6,
    0x9f, 0x20, 0x0, 0x5, 0xf6, 0x9f, 0x20, 0x0,
    0x5, 0xf6, 0x9f, 0x20, 0x0, 0x5, 0xf6, 0x9f,
    0x20, 0x0, 0x5, 0xf6, 0x7f, 0x40, 0x0, 0x7,
    0xf4, 0x3f, 0xb0, 0x0, 0xd, 0xf0, 0xa, 0xfd,
    0x99, 0xef, 0x60, 0x0, 0x7d, 0xff, 0xc5, 0x0,

    /* U+00DA "Ú" */
    0x0, 0x0, 0x5, 0x82, 0x0, 0x0, 0x0, 0x3f,
    0xa0, 0x0, 0x0, 0x0, 0xd8, 0x0, 0x0, 0x0,
    0x0, 0x0, 0x0, 0x0, 0x9f, 0x20, 0x0, 0x5,
    0xf6, 0x9f, 0x20, 0x0, 0x5, 0xf6, 0x9f, 0x20,
    0x0, 0x5, 0xf6, 0x9f, 0x20, 0x0, 0x5, 0xf6,
    0x9f, 0x20, 0x0, 0x5, 0xf6, 0x9f, 0x20, 0x0,
    0x5, 0xf6, 0x9f, 0x20, 0x0, 0x5, 0xf6, 0x9f,
    0x20, 0x0, 0x5, 0xf6, 0x7f, 0x40, 0x0, 0x7,
    0xf4, 0x3f, 0xb0, 0x0, 0xd, 0xf0, 0xa, 0xfd,
    0x99, 0xef, 0x60, 0x0, 0x7d, 0xff, 0xc5, 0x0,

    /* U+00DB "Û" */
    0x0, 0x1, 0x77, 0x0, 0x0, 0x0, 0xb, 0xef,
    0x70, 0x0, 0x0, 0xac, 0x13, 0xe6, 0x0, 0x0,
    0x0, 0x0, 0x0, 0x0, 0x9f, 0x20, 0x0, 0x5,
    0xf6, 0x9f, 0x20, 0x0, 0x5, 0xf6, 0x9f, 0x20,
    0x0, 0x5, 0xf6, 0x9f, 0x20, 0x0, 0x5, 0xf6,
    0x9f, 0x20, 0x0, 0x5, 0xf6, 0x9f, 0x20, 0x0,
    0x5, 0xf6, 0x9f, 0x20, 0x0, 0x5, 0xf6, 0x9f,
    0x20, 0x0, 0x5, 0xf6, 0x7f, 0x40, 0x0, 0x7,
    0xf4, 0x3f, 0xb0, 0x0, 0xd, 0xf0, 0xa, 0xfd,
    0x99, 0xef, 0x60, 0x0, 0x7d, 0xff, 0xc5, 0x0,

    /* U+00DC "Ü" */
    0x0, 0x5e, 0x13, 0xe3, 0x0, 0x0, 0x3a, 0x2,
    0xb2, 0x0, 0x0, 0x0, 0x0, 0x0, 0x0, 0x9f,
    0x20, 0x0, 0x5, 0xf6, 0x9f, 0x20, 0x0, 0x5,
    0xf6, 0x9f, 0x20, 0x0, 0x5, 0xf6, 0x9f, 0x20,
    0x0, 0x5, 0xf6, 0x9f, 0x20, 0x0, 0x5, 0xf6,
    0x9f, 0x20, 0x0, 0x5, 0xf6, 0x9f, 0x20, 0x0,
    0x5, 0xf6, 0x9f, 0x20, 0x0, 0x5, 0xf6, 0x7f,
    0x40, 0x0, 0x7, 0xf4, 0x3f, 0xb0, 0x0, 0xd,
    0xf0, 0xa, 0xfd, 0x99, 0xef, 0x60, 0x0, 0x7d,
    0xff, 0xc5, 0x0,

    /* U+00DD "Ý" */
    0x0, 0x0, 0x6, 0x81, 0x0, 0x0, 0x0, 0x5f,
    0x80, 0x0, 0x0, 0x1, 0xe7, 0x0, 0x0, 0x0,
    0x0, 0x0, 0x0, 0x0, 0xbf, 0x20, 0x0, 0xc,
    0xf1, 0x3f, 0xa0, 0x0, 0x4f, 0x90, 0xb, 0xf2,
    0x0, 0xcf, 0x10, 0x3, 0xfa, 0x5, 0xf8, 0x0,
    0x0, 0xbf, 0x2d, 0xf1, 0x0, 0x0, 0x2f, 0xdf,
    0x70, 0x0, 0x0, 0xa, 0xfe, 0x0, 0x0, 0x0,
    0x3, 0xf8, 0x0, 0x0, 0x0, 0x3, 0xf8, 0x0,
    0x0, 0x0, 0x3, 0xf8, 0x0, 0x0, 0x0, 0x3,
    0xf8, 0x0, 0x0, 0x0, 0x3, 0xf8, 0x0, 0x0,

    /* U+00DE "Þ" */
    0x7f, 0x40, 0x0, 0x0, 0x7, 0xf5, 0x21, 0x0,
    0x0, 0x7f, 0xff, 0xfe, 0x80, 0x7, 0xf7, 0x57,
    0xdf, 0x80, 0x7f, 0x40, 0x1, 0xfe, 0x7, 0xf4,
    0x0, 0xc, 0xf0, 0x7f, 0x40, 0x0, 0xfd, 0x7,
    0xf5, 0x24, 0xbf, 0x70, 0x7f, 0xff, 0xff, 0x80,
    0x7, 0xf7, 0x53, 0x0, 0x0, 0x7f, 0x40, 0x0,
    0x0, 0x7, 0xf4, 0x0, 0x0, 0x0,

    /* U+00DF "ß" */
    0x5, 0xcf, 0xfd, 0x70, 0x4, 0xfe, 0x77, 0xcf,
    0x80, 0xaf, 0x20, 0x0, 0xfa, 0xb, 0xf0, 0x0,
    0x8f, 0x50, 0xbf, 0x0, 0x9f, 0x60, 0xb, 0xf0,
    0x1f, 0x90, 0x0, 0xbf, 0x0, 0xdf, 0x70, 0xb,
    0xf0, 0x1, 0xbf, 0xb0, 0xbf, 0x0, 0x0, 0x7f,
    0x8b, 0xf0, 0x0, 0x0, 0xfb, 0xbf, 0x9, 0x86,
    0x9f, 0x8b, 0xf0, 0x7d, 0xfe, 0x90,

    /* U+00E0 "à" */
    0x0, 0x4f, 0xb0, 0x0, 0x0, 0x3, 0xd8, 0x0,
    0x0, 0x0, 0x3, 0x0, 0x1, 0x9d, 0xfe, 0x90,
    0x1, 0xe8, 0x6a, 0xf9, 0x0, 0x0, 0x0, 0xed,
    0x0, 0x0, 0x0, 0xce, 0x2, 0xad, 0xff, 0xfe,
    0xe, 0xe5, 0x32, 0xde, 0x3f, 0x80, 0x0, 0xee,
    0x1f, 0xd4, 0x4b, 0xfe, 0x5, 0xdf, 0xd7, 0x7e,

    /* U+00E1 "á" */
    0x0, 0x0, 0x2f, 0xc0, 0x0, 0x1, 0xda, 0x0,
    0x0, 0x1, 0x20, 0x0, 0x1, 0x9d, 0xfe, 0x90,
    0x1, 0xe8, 0x6a, 0xf9, 0x0, 0x0, 0x0, 0xed,
    0x0, 0x0, 0x0, 0xce, 0x2, 0xad, 0xff, 0xfe,
    0xe, 0xe5, 0x32, 0xde, 0x3f, 0x80, 0x0, 0xee,
    0x1f, 0xd4, 0x4b, 0xfe, 0x5, 0xdf, 0xd7, 0x7e,

    /* U+00E2 "â" */
    0x0, 0xb, 0xfc, 0x0, 0x0, 0xac, 0x3b, 0xc1,
    0x0, 0x30, 0x0, 0x21, 0x1, 0x9d, 0xfe, 0x90,
    0x1, 0xe8, 0x6a, 0xf9, 0x0, 0x0, 0x0, 0xed,
    0x0, 0x0, 0x0, 0xce, 0x2, 0xad, 0xff, 0xfe,
    0xe, 0xe5, 0x32, 0xde, 0x3f, 0x80, 0x0, 0xee,
    0x1f, 0xd4, 0x4b, 0xfe, 0x5, 0xdf, 0xd7, 0x7e,

    /* U+00E3 "ã" */
    0x0, 0x9f, 0xa2, 0x88, 0x3, 0xd6, 0xcf, 0xf2,
    0x1, 0x20, 0x2, 0x10, 0x1, 0x9d, 0xfe, 0x90,
    0x1, 0xe8, 0x6a, 0xf9, 0x0, 0x0, 0x0, 0xed,
    0x0, 0x0, 0x0, 0xce, 0x2, 0xad, 0xff, 0xfe,
    0xe, 0xe5, 0x32, 0xde, 0x3f, 0x80, 0x0, 0xee,
    0x1f, 0xd4, 0x4b, 0xfe, 0x5, 0xdf, 0xd7, 0x7e,

    /* U+00E4 "ä" */
    0x0, 0x9b, 0x7, 0xd0, 0x0, 0x78, 0x5, 0x90,
    0x0, 0x0, 0x0, 0x0, 0x1, 0x9d, 0xfe, 0x90,
    0x1, 0xe8, 0x6a, 0xf9, 0x0, 0x0, 0x0, 0xed,
    0x0, 0x0, 0x0, 0xce, 0x2, 0xad, 0xff, 0xfe,
    0xe, 0xe5, 0x32, 0xde, 0x3f, 0x80, 0x0, 0xee,
    0x1f, 0xd4, 0x4b, 0xfe, 0x5, 0xdf, 0xd7, 0x7e,

    /* U+00E5 "å" */
    0x0, 0x8, 0xea, 0x0, 0x0, 0x2d, 0xc, 0x50,
    0x0, 0x2d, 0xc, 0x50, 0x0, 0x8, 0xea, 0x0,
    0x0, 0x0, 0x0, 0x0, 0x1, 0x9d, 0xfe, 0x90,
    0x1, 0xe8, 0x6a, 0xf9, 0x0, 0x0, 0x0, 0xed,
    0x0, 0x0, 0x0, 0xce, 0x2, 0xad, 0xff, 0xfe,
    0xe, 0xe5, 0x32, 0xde, 0x3f, 0x80, 0x0, 0xee,
    0x1f, 0xd4, 0x4b, 0xfe, 0x5, 0xdf, 0xd7, 0x7e,

    /* U+00E6 "æ" */
    0x2, 0xad, 0xfd, 0x62, 0xbf, 0xe8, 0x0, 0x3,
    0xd8, 0x6c, 0xfe, 0xd6, 0x9f, 0x90, 0x0, 0x0,
    0x1, 0xff, 0x20, 0xb, 0xf0, 0x0, 0x0, 0x0,
    0xfe, 0x0, 0x7, 0xf3, 0x3, 0xbe, 0xff, 0xff,
    0xff, 0xff, 0xf4, 0x1f, 0xe6, 0x33, 0xfd, 0x33,
    0x33, 0x30, 0x3f, 0x80, 0x2, 0xff, 0x20, 0x0,
    0x0, 0x1f, 0xe7, 0x8e, 0xae, 0xe8, 0x78, 0xb0,
    0x5, 0xdf, 0xe7, 0x2, 0xbf, 0xfd, 0x70,

    /* U+00E7 "ç" */
    0x0, 0x4c, 0xfe, 0xc2, 0x4, 0xfe, 0x88, 0xc0,
    0xd, 0xf1, 0x0, 0x0, 0xf, 0xb0, 0x0, 0x0,
    0x2f, 0x90, 0x0, 0x0, 0x1f, 0xb0, 0x0, 0x0,
    0xd, 0xf1, 0x0, 0x0, 0x5, 0xfe, 0x88, 0xc2,
    0x0, 0x5c, 0xff, 0xb1, 0x0, 0x2, 0xf1, 0x0,
    0x0, 0x2, 0xae, 0x10, 0x0, 0x1, 0x4f, 0x20,
    0x0, 0xf, 0xe8, 0x0,

    /* U+00E8 "è" */
    0x0, 0x3f, 0xc0, 0x0, 0x0, 0x0, 0x2d, 0x90,
    0x0, 0x0, 0x0, 0x3, 0x0, 0x0, 0x4, 0xcf,
    0xe9, 0x0, 0x4, 0xfd, 0x68, 0xf9, 0x0, 0xcf,
    0x10, 0x9, 0xf1, 0xf, 0xb0, 0x0, 0x6f, 0x42,
    0xff, 0xff, 0xff, 0xf6, 0xf, 0xb3, 0x33, 0x33,
    0x10, 0xde, 0x10, 0x0, 0x0, 0x4, 0xfd, 0x86,
    0x8c, 0x0, 0x3, 0xbf, 0xfd, 0x80,

    /* U+00E9 "é" */
    0x0, 0x0, 0x2f, 0xc1, 0x0, 0x0, 0xd, 0xa0,
    0x0, 0x0, 0x1, 0x20, 0x0, 0x0, 0x4, 0xcf,
    0xe9, 0x0, 0x4, 0xfd, 0x68, 0xf9, 0x0, 0xcf,
    0x10, 0x9, 0xf1, 0xf, 0xb0, 0x0, 0x6f, 0x42,
    0xff, 0xff, 0xff, 0xf6, 0xf, 0xb3, 0x33, 0x33,
    0x10, 0xde, 0x10, 0x0, 0x0, 0x4, 0xfd, 0x86,
    0x8c, 0x0, 0x3, 0xbf, 0xfd, 0x80,

    /* U+00EA "ê" */
    0x0, 0xa, 0xfd, 0x0, 0x0, 0xa, 0xc3, 0xac,
    0x10, 0x0, 0x30, 0x0, 0x21, 0x0, 0x4, 0xcf,
    0xe9, 0x0, 0x4, 0xfd, 0x68, 0xf9, 0x0, 0xcf,
    0x10, 0x9, 0xf1, 0xf, 0xb0, 0x0, 0x6f, 0x42,
    0xff, 0xff, 0xff, 0xf6, 0xf, 0xb3, 0x33, 0x33,
    0x10, 0xde, 0x10, 0x0, 0x0, 0x4, 0xfd, 0x86,
    0x8c, 0x0, 0x3, 0xbf, 0xfd, 0x80,

    /* U+00EB "ë" */
    0x0, 0x9c, 0x7, 0xd0, 0x0, 0x6, 0x80, 0x4a,
    0x0, 0x0, 0x0, 0x0, 0x0, 0x0, 0x4, 0xcf,
    0xe9, 0x0, 0x4, 0xfd, 0x68, 0xf9, 0x0, 0xcf,
    0x10, 0x9, 0xf1, 0xf, 0xb0, 0x0, 0x6f, 0x42,
    0xff, 0xff, 0xff, 0xf6, 0xf, 0xb3, 0x33, 0x33,
    0x10, 0xde, 0x10, 0x0, 0x0, 0x4, 0xfd, 0x86,
    0x8c, 0x0, 0x3, 0xbf, 0xfd, 0x80,

    /* U+00EC "ì" */
    0x9, 0xf4, 0x0, 0x7, 0xe3, 0x0, 0x1, 0x10,
    0xb, 0xf0, 0x0, 0xbf, 0x0, 0xb, 0xf0, 0x0,
    0xbf, 0x0, 0xb, 0xf0, 0x0, 0xbf, 0x0, 0xb,
    0xf0, 0x0, 0xbf, 0x0, 0xb, 0xf0,

    /* U+00ED "í" */
    0x9, 0xf6, 0x6e, 0x40, 0x10, 0x0, 0xbf, 0x0,
    0xbf, 0x0, 0xbf, 0x0, 0xbf, 0x0, 0xbf, 0x0,
    0xbf, 0x0, 0xbf, 0x0, 0xbf, 0x0, 0xbf, 0x0,

    /* U+00EE "î" */
    0x3, 0xff, 0x70, 0x3, 0xe7, 0x4d, 0x70, 0x11,
    0x0, 0x2, 0x0, 0xb, 0xf0, 0x0, 0x0, 0xbf,
    0x0, 0x0, 0xb, 0xf0, 0x0, 0x0, 0xbf, 0x0,
    0x0, 0xb, 0xf0, 0x0, 0x0, 0xbf, 0x0, 0x0,
    0xb, 0xf0, 0x0, 0x0, 0xbf, 0x0, 0x0, 0xb,
    0xf0, 0x0,

    /* U+00EF "ï" */
    0x1e, 0x40, 0xd6, 0x1b, 0x30, 0xa4, 0x0, 0x0,
    0x0, 0x0, 0xbf, 0x0, 0x0, 0xbf, 0x0, 0x0,
    0xbf, 0x0, 0x0, 0xbf, 0x0, 0x0, 0xbf, 0x0,
    0x0, 0xbf, 0x0, 0x0, 0xbf, 0x0, 0x0, 0xbf,
    0x0, 0x0, 0xbf, 0x0,

    /* U+00F0 "ð" */
    0x0, 0x8, 0x40, 0x36, 0x0, 0x0, 0xaf, 0xcf,
    0x80, 0x0, 0x6, 0xff, 0xc0, 0x0, 0x2, 0xe5,
    0x4f, 0x80, 0x0, 0x0, 0x0, 0x8f, 0x20, 0x7,
    0xef, 0xea, 0xf7, 0x7, 0xfb, 0x55, 0xdf, 0xc0,
    0xfd, 0x0, 0x1, 0xfd, 0x1f, 0xa0, 0x0, 0xd,
    0xe1, 0xfa, 0x0, 0x0, 0xed, 0xe, 0xe0, 0x0,
    0x2f, 0x90, 0x5f, 0xc7, 0x7e, 0xe1, 0x0, 0x4c,
    0xff, 0xb2, 0x0,

    /* U+00F1 "ñ" */
    0x4, 0xed, 0x53, 0xe0, 0xc, 0x78, 0xff, 0x80,
    0x3, 0x0, 0x12, 0x0, 0xbb, 0x3c, 0xfe, 0x80,
    0xbf, 0xe9, 0x7d, 0xf6, 0xbf, 0x60, 0x1, 0xfa,
    0xbf, 0x10, 0x0, 0xec, 0xbf, 0x0, 0x0, 0xec,
    0xbf, 0x0, 0x0, 0xec, 0xbf, 0x0, 0x0, 0xec,
    0xbf, 0x0, 0x0, 0xec, 0xbf, 0x0, 0x0, 0xec,

    /* U+00F2 "ò" */
    0x0, 0x1d, 0xe1, 0x0, 0x0, 0x0, 0x1b, 0xc0,
    0x0, 0x0, 0x0, 0x3, 0x10, 0x0, 0x4, 0xcf,
    0xea, 0x20, 0x4, 0xfd, 0x78, 0xfe, 0x10, 0xdf,
    0x10, 0x4, 0xf9, 0x1f, 0xb0, 0x0, 0xe, 0xd2,
    0xf9, 0x0, 0x0, 0xde, 0xf, 0xb0, 0x0, 0xe,
    0xd0, 0xcf, 0x10, 0x4, 0xf9, 0x4, 0xfd, 0x78,
    0xfe, 0x20, 0x3, 0xcf, 0xfb, 0x20,

    /* U+00F3 "ó" */
    0x0, 0x0, 0xc, 0xe3, 0x0, 0x0, 0x9, 0xd2,
    0x0, 0x0, 0x0, 0x30, 0x0, 0x0, 0x4, 0xcf,
    0xea, 0x20, 0x4, 0xfd, 0x78, 0xfe, 0x10, 0xdf,
    0x10, 0x4, 0xf9, 0x1f, 0xb0, 0x0, 0xe, 0xd2,
    0xf9, 0x0, 0x0, 0xde, 0xf, 0xb0, 0x0, 0xe,
    0xd0, 0xcf, 0x10, 0x4, 0xf9, 0x4, 0xfd, 0x78,
    0xfe, 0x20, 0x3, 0xcf, 0xfb, 0x20,

    /* U+00F4 "ô" */
    0x0, 0x6, 0xff, 0x30, 0x0, 0x6, 0xe4, 0x7e,
    0x30, 0x0, 0x31, 0x0, 0x12, 0x0, 0x4, 0xcf,
    0xea, 0x20, 0x4, 0xfd, 0x78, 0xfe, 0x10, 0xdf,
    0x10, 0x4, 0xf9, 0x1f, 0xb0, 0x0, 0xe, 0xd2,
    0xf9, 0x0, 0x0, 0xde, 0xf, 0xb0, 0x0, 0xe,
    0xd0, 0xcf, 0x10, 0x4, 0xf9, 0x4, 0xfd, 0x78,
    0xfe, 0x20, 0x3, 0xcf, 0xfb, 0x20,

    /* U+00F5 "õ" */
    0x0, 0x5e, 0xc4, 0x4d, 0x0, 0xe, 0x69, 0xff,
    0x60, 0x0, 0x30, 0x1, 0x20, 0x0, 0x4, 0xcf,
    0xea, 0x20, 0x4, 0xfd, 0x78, 0xfe, 0x10, 0xdf,
    0x10, 0x4, 0xf9, 0x1f, 0xb0, 0x0, 0xe, 0xd2,
    0xf9, 0x0, 0x0, 0xde, 0xf, 0xb0, 0x0, 0xe,
    0xd0, 0xcf, 0x10, 0x4, 0xf9, 0x4, 0xfd, 0x78,
    0xfe, 0x20, 0x3, 0xcf, 0xfb, 0x20,

    /* U+00F6 "ö" */
    0x0, 0x5e, 0x13, 0xe3, 0x0, 0x3, 0xa0, 0x2b,
    0x20, 0x0, 0x0, 0x0, 0x0, 0x0, 0x4, 0xcf,
    0xea, 0x20, 0x4, 0xfd, 0x78, 0xfe, 0x10, 0xdf,
    0x10, 0x4, 0xf9, 0x1f, 0xb0, 0x0, 0xe, 0xd2,
    0xf9, 0x0, 0x0, 0xde, 0xf, 0xb0, 0x0, 0xe,
    0xd0, 0xcf, 0x10, 0x4, 0xf9, 0x4, 0xfd, 0x78,
    0xfe, 0x20, 0x3, 0xcf, 0xfb, 0x20,

    /* U+00F7 "÷" */
    0x0, 0x3, 0xe5, 0x0, 0x0, 0x0, 0x4f, 0x50,
    0x0, 0x0, 0x0, 0x0, 0x0, 0x0, 0x11, 0x11,
    0x11, 0x10, 0x3f, 0xff, 0xff, 0xff, 0x60, 0x44,
    0x44, 0x44, 0x41, 0x0, 0x4, 0xf5, 0x0, 0x0,
    0x0, 0x3e, 0x40, 0x0,

    /* U+00F8 "ø" */
    0x0, 0x0, 0x0, 0x1, 0x0, 0x4, 0xcf, 0xea,
    0xe4, 0x5, 0xfd, 0x88, 0xff, 0x10, 0xdf, 0x10,
    0x6f, 0xf8, 0x1f, 0xa0, 0x2f, 0x5e, 0xd2, 0xf9,
    0xc, 0xa0, 0xde, 0x1f, 0xa8, 0xe1, 0xe, 0xd0,
    0xcf, 0xf4, 0x4, 0xf9, 0x4, 0xfe, 0x78, 0xfe,
    0x10, 0x8d, 0xcf, 0xfa, 0x20, 0x0, 0x20, 0x0,
    0x0, 0x0,

    /* U+00F9 "ù" */
    0x0, 0xbf, 0x30, 0x0, 0x0, 0x8, 0xe1, 0x0,
    0x0, 0x0, 0x10, 0x0, 0xcf, 0x0, 0x0, 0xfb,
    0xcf, 0x0, 0x0, 0xfb, 0xcf, 0x0, 0x0, 0xfb,
    0xcf, 0x0, 0x0, 0xfb, 0xcf, 0x0, 0x0, 0xfb,
    0xcf, 0x0, 0x0, 0xfb, 0xaf, 0x10, 0x5, 0xfb,
    0x6f, 0xb5, 0x6e, 0xfb, 0x8, 0xef, 0xd5, 0xbb,

    /* U+00FA "ú" */
    0x0, 0x0, 0xbf, 0x40, 0x0, 0x8, 0xd2, 0x0,
    0x0, 0x1, 0x0, 0x0, 0xcf, 0x0, 0x0, 0xfb,
    0xcf, 0x0, 0x0, 0xfb, 0xcf, 0x0, 0x0, 0xfb,
    0xcf, 0x0, 0x0, 0xfb, 0xcf, 0x0, 0x0, 0xfb,
    0xcf, 0x0, 0x0, 0xfb, 0xaf, 0x10, 0x5, 0xfb,
    0x6f, 0xb5, 0x6e, 0xfb, 0x8, 0xef, 0xd5, 0xbb,

    /* U+00FB "û" */
    0x0, 0x4f, 0xf4, 0x0, 0x5, 0xe5, 0x5e, 0x50,
    0x1, 0x0, 0x0, 0x10, 0xcf, 0x0, 0x0, 0xfb,
    0xcf, 0x0, 0x0, 0xfb, 0xcf, 0x0, 0x0, 0xfb,
    0xcf, 0x0, 0x0, 0xfb, 0xcf, 0x0, 0x0, 0xfb,
    0xcf, 0x0, 0x0, 0xfb, 0xaf, 0x10, 0x5, 0xfb,
    0x6f, 0xb5, 0x6e, 0xfb, 0x8, 0xef, 0xd5, 0xbb,

    /* U+00FC "ü" */
    0x3, 0xe2, 0x1e, 0x40, 0x2, 0xb1, 0x1b, 0x30,
    0x0, 0x0, 0x0, 0x0, 0xcf, 0x0, 0x0, 0xfb,
    0xcf, 0x0, 0x0, 0xfb, 0xcf, 0x0, 0x0, 0xfb,
    0xcf, 0x0, 0x0, 0xfb, 0xcf, 0x0, 0x0, 0xfb,
    0xcf, 0x0, 0x0, 0xfb, 0xaf, 0x10, 0x5, 0xfb,
    0x6f, 0xb5, 0x6e, 0xfb, 0x8, 0xef, 0xd5, 0xbb,

    /* U+00FD "ý" */
    0x0, 0x0, 0x8f, 0x70, 0x0, 0x0, 0x5e, 0x50,
    0x0, 0x0, 0x1, 0x0, 0x0, 0xc, 0xf0, 0x0,
    0x8, 0xf4, 0x6f, 0x50, 0x0, 0xde, 0x0, 0xfb,
    0x0, 0x3f, 0x80, 0xa, 0xf1, 0x8, 0xf2, 0x0,
    0x4f, 0x60, 0xdd, 0x0, 0x0, 0xdb, 0x3f, 0x70,
    0x0, 0x7, 0xf8, 0xf1, 0x0, 0x0, 0x1f, 0xfb,
    0x0, 0x0, 0x0, 0xbf, 0x50, 0x0, 0x0, 0xb,
    0xf0, 0x0, 0x0, 0x3, 0xf9, 0x0, 0x0, 0x57,
    0xef, 0x20, 0x0, 0xa, 0xfc, 0x30, 0x0, 0x0,

    /* U+00FE "þ" */
    0xbf, 0x0, 0x0, 0x0, 0xb, 0xf0, 0x0, 0x0,
    0x0, 0xbf, 0x0, 0x0, 0x0, 0xb, 0xf3, 0xcf,
    0xd6, 0x0, 0xbf, 0xe9, 0x8d, 0xf5, 0xb, 0xf6,
    0x0, 0x1f, 0xc0, 0xbf, 0x10, 0x0, 0xcf, 0xb,
    0xf0, 0x0, 0xb, 0xf1, 0xbf, 0x10, 0x0, 0xcf,
    0xb, 0xf6, 0x0, 0x1f, 0xc0, 0xbf, 0xf9, 0x8d,
    0xf5, 0xb, 0xf3, 0xdf, 0xd6, 0x0, 0xbf, 0x0,
    0x0, 0x0, 0xb, 0xf0, 0x0, 0x0, 0x0, 0xbf,
    0x0, 0x0, 0x0, 0xb, 0xf0, 0x0, 0x0, 0x0,

    /* U+00FF "ÿ" */
    0x1, 0xe5, 0xd, 0x70, 0x0, 0xa, 0x30, 0x95,
    0x0, 0x0, 0x0, 0x0, 0x0, 0xc, 0xf0, 0x0,
    0x8, 0xf4, 0x6f, 0x50, 0x0, 0xde, 0x0, 0xfb,
    0x0, 0x3f, 0x80, 0xa, 0xf1, 0x8, 0xf2, 0x0,
    0x4f, 0x60, 0xdd, 0x0, 0x0, 0xdb, 0x3f, 0x70,
    0x0, 0x7, 0xf8, 0xf1, 0x0, 0x0, 0x1f, 0xfb,
    0x0, 0x0, 0x0, 0xbf, 0x50, 0x0, 0x0, 0xb,
    0xf0, 0x0, 0x0, 0x3, 0xf9, 0x0, 0x0, 0x57,
    0xef, 0x20, 0x0, 0xa, 0xfc, 0x30, 0x0, 0x0,

    /* U+0100 "Ā" */
    0x0, 0x0, 0x0, 0x0, 0x0, 0x0, 0x4, 0xff,
    0xff, 0xa0, 0x0, 0x0, 0x3, 0x33, 0x32, 0x0,
    0x0, 0x0, 0xd, 0xf4, 0x0, 0x0, 0x0, 0x3,
    0xff, 0xa0, 0x0, 0x0, 0x0, 0x9f, 0x9f, 0x0,
    0x0, 0x0, 0xe, 0xb4, 0xf6, 0x0, 0x0, 0x4,
    0xf6, 0xe, 0xc0, 0x0, 0x0, 0xaf, 0x10, 0x9f,
    0x10, 0x0, 0xf, 0xb0, 0x3, 0xf7, 0x0, 0x5,
    0xff, 0xff, 0xff, 0xd0, 0x0, 0xbf, 0x88, 0x88,
    0xcf, 0x30, 0x1f, 0xb0, 0x0, 0x4, 0xf8, 0x7,
    0xf5, 0x0, 0x0, 0xe, 0xe0, 0xdf, 0x0, 0x0,
    0x0, 0x8f, 0x40,

    /* U+0101 "ā" */
    0x0, 0x0, 0x0, 0x0, 0x0, 0xef, 0xff, 0xf0,
    0x0, 0x33, 0x33, 0x30, 0x1, 0x9d, 0xfe, 0x90,
    0x1, 0xe8, 0x6a, 0xf9, 0x0, 0x0, 0x0, 0xed,
    0x0, 0x0, 0x0, 0xce, 0x2, 0xad, 0xff, 0xfe,
    0xe, 0xe5, 0x32, 0xde, 0x3f, 0x80, 0x0, 0xee,
    0x1f, 0xd4, 0x4b, 0xfe, 0x5, 0xdf, 0xd7, 0x7e,

    /* U+0102 "Ă" */
    0x0, 0x4d, 0x21, 0x7c, 0x0, 0x0, 0x0, 0xbf,
    0xfe, 0x30, 0x0, 0x0, 0x0, 0x23, 0x0, 0x0,
    0x0, 0x0, 0xd, 0xf4, 0x0, 0x0, 0x0, 0x3,
    0xff, 0xa0, 0x0, 0x0, 0x0, 0x9f, 0x9f, 0x0,
    0x0, 0x0, 0xe, 0xb4, 0xf6, 0x0, 0x0, 0x4,
    0xf6, 0xe, 0xc0, 0x0, 0x0, 0xaf, 0x10, 0x9f,
    0x10, 0x0, 0xf, 0xb0, 0x3, 0xf7, 0x0, 0x5,
    0xff, 0xff, 0xff, 0xd0, 0x0, 0xbf, 0x88, 0x88,
    0xcf, 0x30, 0x1f, 0xb0, 0x0, 0x4, 0xf8, 0x7,
    0xf5, 0x0, 0x0, 0xe, 0xe0, 0xdf, 0x0, 0x0,
    0x0, 0x8f, 0x40,

    /* U+0103 "ă" */
    0x0, 0xe4, 0x13, 0xe2, 0x0, 0x5f, 0xff, 0x80,
    0x0, 0x1, 0x31, 0x0, 0x1, 0x9d, 0xfe, 0x90,
    0x1, 0xe8, 0x6a, 0xf9, 0x0, 0x0, 0x0, 0xed,
    0x0, 0x0, 0x0, 0xce, 0x2, 0xad, 0xff, 0xfe,
    0xe, 0xe5, 0x32, 0xde, 0x3f, 0x80, 0x0, 0xee,
    0x1f, 0xd4, 0x4b, 0xfe, 0x5, 0xdf, 0xd7, 0x7e,

    /* U+0104 "Ą" */
    0x0, 0x0, 0xdf, 0x40, 0x0, 0x0, 0x0, 0x3f,
    0xfa, 0x0, 0x0, 0x0, 0x9, 0xfa, 0xf0, 0x0,
    0x0, 0x0, 0xec, 0x5f, 0x60, 0x0, 0x0, 0x4f,
    0x70, 0xfc, 0x0, 0x0, 0xa, 0xf2, 0xb, 0xf1,
    0x0, 0x0, 0xfd, 0x0, 0x6f, 0x70, 0x0, 0x5f,
    0xd8, 0x89, 0xfd, 0x0, 0xb, 0xff, 0xff, 0xff,
    0xf3, 0x1, 0xfd, 0x0, 0x0, 0x6f, 0x80, 0x7f,
    0x60, 0x0, 0x0, 0xee, 0xd, 0xf0, 0x0, 0x0,
    0x9, 0xf4, 0x0, 0x0, 0x0, 0x0, 0x89, 0x0,
    0x0, 0x0, 0x0, 0x3f, 0x0, 0x0, 0x0, 0x0,
    0x5, 0xf3, 0x10, 0x0, 0x0, 0x0, 0x1c, 0xf6,

    /* U+0105 "ą" */
    0x1, 0x9d, 0xfe, 0x90, 0x0, 0x1e, 0x86, 0xaf,
    0x90, 0x0, 0x0, 0x0, 0xed, 0x0, 0x0, 0x0,
    0xc, 0xe0, 0x2, 0xad, 0xff, 0xfe, 0x0, 0xee,
    0x53, 0x2d, 0xe0, 0x3f, 0x80, 0x0, 0xee, 0x1,
    0xfd, 0x44, 0xbf, 0xe0, 0x5, 0xdf, 0xd7, 0x7f,
    0x0, 0x0, 0x0, 0xb, 0x60, 0x0, 0x0, 0x6,
    0xd0, 0x0, 0x0, 0x0, 0x8d, 0x20, 0x0, 0x0,
    0x2, 0xdf, 0x30,

    /* U+0106 "Ć" */
    0x0, 0x0, 0x0, 0x38, 0x40, 0x0, 0x0, 0x1,
    0xec, 0x10, 0x0, 0x0, 0xb, 0xb0, 0x0, 0x0,
    0x0, 0x0, 0x0, 0x0, 0x0, 0x3, 0xae, 0xfe,
    0xa3, 0x0, 0x6f, 0xfa, 0x9b, 0xf5, 0x2, 0xfd,
    0x10, 0x0, 0x0, 0xa, 0xf5, 0x0, 0x0, 0x0,
    0xe, 0xf0, 0x0, 0x0, 0x0, 0xf, 0xd0, 0x0,
    0x0, 0x0, 0xf, 0xd0, 0x0, 0x0, 0x0, 0xe,
    0xf0, 0x0, 0x0, 0x0, 0xa, 0xf4, 0x0, 0x0,
    0x0, 0x4, 0xfd, 0x10, 0x0, 0x0, 0x0, 0x9f,
    0xea, 0x89, 0xd3, 0x0, 0x5, 0xce, 0xfe, 0xb1,

    /* U+0107 "ć" */
    0x0, 0x0, 0x2f, 0xc0, 0x0, 0x1, 0xd9, 0x0,
    0x0, 0x1, 0x20, 0x0, 0x0, 0x4c, 0xfe, 0xc2,
    0x4, 0xfe, 0x88, 0xc0, 0xd, 0xf1, 0x0, 0x0,
    0xf, 0xb0, 0x0, 0x0, 0x2f, 0x90, 0x0, 0x0,
    0x1f, 0xb0, 0x0, 0x0, 0xd, 0xf1, 0x0, 0x0,
    0x5, 0xfe, 0x88, 0xc2, 0x0, 0x5c, 0xff, 0xb1,

    /* U+0108 "Ĉ" */
    0x0, 0x0, 0x7, 0x70, 0x0, 0x0, 0x0, 0x9e,
    0xea, 0x0, 0x0, 0x7, 0xd2, 0x2d, 0x80, 0x0,
    0x0, 0x0, 0x0, 0x0, 0x0, 0x3, 0xae, 0xfe,
    0xa3, 0x0, 0x6f, 0xfa, 0x9b, 0xf5, 0x2, 0xfd,
    0x10, 0x0, 0x0, 0xa, 0xf5, 0x0, 0x0, 0x0,
    0xe, 0xf0, 0x0, 0x0, 0x0, 0xf, 0xd0, 0x0,
    0x0, 0x0, 0xf, 0xd0, 0x0, 0x0, 0x0, 0xe,
    0xf0, 0x0, 0x0, 0x0, 0xa, 0xf4, 0x0, 0x0,
    0x0, 0x4, 0xfd, 0x10, 0x0, 0x0, 0x0, 0x9f,
    0xea, 0x89, 0xd3, 0x0, 0x5, 0xce, 0xfe, 0xb1,

    /* U+0109 "ĉ" */
    0x0, 0xb, 0xfc, 0x0, 0x0, 0xac, 0x3b, 0xc1,
    0x0, 0x30, 0x0, 0x21, 0x0, 0x4c, 0xfe, 0xc2,
    0x4, 0xfe, 0x88, 0xc0, 0xd, 0xf1, 0x0, 0x0,
    0xf, 0xb0, 0x0, 0x0, 0x2f, 0x90, 0x0, 0x0,
    0x1f, 0xb0, 0x0, 0x0, 0xd, 0xf1, 0x0, 0x0,
    0x5, 0xfe, 0x88, 0xc2, 0x0, 0x5c, 0xff, 0xb1,

    /* U+010A "Ċ" */
    0x0, 0x0, 0x0, 0x0, 0x0, 0x0, 0x0, 0xb,
    0xc0, 0x0, 0x0, 0x0, 0xb, 0xc0, 0x0, 0x0,
    0x0, 0x0, 0x0, 0x0, 0x0, 0x3, 0xae, 0xfe,
    0xa3, 0x0, 0x6f, 0xfa, 0x9b, 0xf5, 0x2, 0xfd,
    0x10, 0x0, 0x0, 0xa, 0xf5, 0x0, 0x0, 0x0,
    0xe, 0xf0, 0x0, 0x0, 0x0, 0xf, 0xd0, 0x0,
    0x0, 0x0, 0xf, 0xd0, 0x0, 0x0, 0x0, 0xe,
    0xf0, 0x0, 0x0, 0x0, 0xa, 0xf4, 0x0, 0x0,
    0x0, 0x4, 0xfd, 0x10, 0x0, 0x0, 0x0, 0x9f,
    0xea, 0x89, 0xd3, 0x0, 0x5, 0xce, 0xfe, 0xb1,

    /* U+010B "ċ" */
    0x0, 0x3, 0xe5, 0x0, 0x0, 0x3, 0xe5, 0x0,
    0x0, 0x0, 0x0, 0x0, 0x0, 0x4c, 0xfe, 0xc2,
    0x4, 0xfe, 0x88, 0xc0, 0xd, 0xf1, 0x0, 0x0,
    0xf, 0xb0, 0x0, 0x0, 0x2f, 0x90, 0x0, 0x0,
    0x1f, 0xb0, 0x0, 0x0, 0xd, 0xf1, 0x0, 0x0,
    0x5, 0xfe, 0x88, 0xc2, 0x0, 0x5c, 0xff, 0xb1,

    /* U+010C "Č" */
    0x0, 0x5, 0x50, 0x4, 0x70, 0x0, 0x2, 0xe9,
    0x7f, 0x40, 0x0, 0x0, 0x3f, 0xf5, 0x0, 0x0,
    0x0, 0x0, 0x0, 0x0, 0x0, 0x3, 0xae, 0xfe,
    0xa3, 0x0, 0x6f, 0xfa, 0x9b, 0xf5, 0x2, 0xfd,
    0x10, 0x0, 0x0, 0xa, 0xf5, 0x0, 0x0, 0x0,
    0xe, 0xf0, 0x0, 0x0, 0x0, 0xf, 0xd0, 0x0,
    0x0, 0x0, 0xf, 0xd0, 0x0, 0x0, 0x0, 0xe,
    0xf0, 0x0, 0x0, 0x0, 0xa, 0xf4, 0x0, 0x0,
    0x0, 0x4, 0xfd, 0x10, 0x0, 0x0, 0x0, 0x9f,
    0xea, 0x89, 0xd3, 0x0, 0x5, 0xce, 0xfe, 0xb1,

    /* U+010D "č" */
    0x1, 0xd9, 0x7, 0xe3, 0x0, 0x1d, 0xef, 0x30,
    0x0, 0x1, 0x31, 0x0, 0x0, 0x4c, 0xfe, 0xc2,
    0x4, 0xfe, 0x88, 0xc0, 0xd, 0xf1, 0x0, 0x0,
    0xf, 0xb0, 0x0, 0x0, 0x2f, 0x90, 0x0, 0x0,
    0x1f, 0xb0, 0x0, 0x0, 0xd, 0xf1, 0x0, 0x0,
    0x5, 0xfe, 0x88, 0xc2, 0x0, 0x5c, 0xff, 0xb1,

    /* U+010E "Ď" */
    0x0, 0x73, 0x0, 0x65, 0x0, 0x0, 0x5f, 0x6a,
    0xe1, 0x0, 0x0, 0x7, 0xff, 0x20, 0x0, 0x0,
    0x0, 0x0, 0x0, 0x0, 0x8f, 0xff, 0xfd, 0x81,
    0x0, 0x8f, 0x97, 0x8b, 0xfe, 0x30, 0x8f, 0x30,
    0x0, 0x4f, 0xe0, 0x8f, 0x30, 0x0, 0x8, 0xf5,
    0x8f, 0x30, 0x0, 0x3, 0xf9, 0x8f, 0x30, 0x0,
    0x1, 0xfb, 0x8f, 0x30, 0x0, 0x1, 0xfb, 0x8f,
    0x30, 0x0, 0x4, 0xf9, 0x8f, 0x30, 0x0, 0x9,
    0xf5, 0x8f, 0x30, 0x0, 0x6f, 0xd0, 0x8f, 0xa8,
    0x9d, 0xfe, 0x20, 0x8f, 0xff, 0xfc, 0x71, 0x0,

    /* U+010F "ď" */
    0x0, 0x0, 0x0, 0x1f, 0x94, 0xf4, 0x0, 0x0,
    0x0, 0x1f, 0x98, 0xd0, 0x0, 0x0, 0x0, 0x1f,
    0x97, 0x30, 0x0, 0x7e, 0xfc, 0x3f, 0x90, 0x0,
    0x6, 0xfd, 0x89, 0xef, 0x90, 0x0, 0xe, 0xf1,
    0x0, 0x7f, 0x90, 0x0, 0x1f, 0xb0, 0x0, 0x2f,
    0x90, 0x0, 0x2f, 0x90, 0x0, 0x1f, 0x90, 0x0,
    0x1f, 0xb0, 0x0, 0x1f, 0x90, 0x0, 0xe, 0xf0,
    0x0, 0x6f, 0x90, 0x0, 0x7, 0xfd, 0x79, 0xdf,
    0x90, 0x0, 0x0, 0x7e, 0xfc, 0x2d, 0x90, 0x0,

    /* U+0110 "Đ" */
    0x6, 0xff, 0xff, 0xd8, 0x10, 0x0, 0x6f, 0xa7,
    0x8b, 0xfe, 0x30, 0x6, 0xf5, 0x0, 0x4, 0xfe,
    0x0, 0x6f, 0x50, 0x0, 0x8, 0xf5, 0x6, 0xf5,
    0x0, 0x0, 0x3f, 0x94, 0xbf, 0xa8, 0x70, 0x1,
    0xfb, 0x9f, 0xff, 0xff, 0x0, 0x1f, 0xb0, 0x6f,
    0x50, 0x0, 0x4, 0xf9, 0x6, 0xf5, 0x0, 0x0,
    0x9f, 0x50, 0x6f, 0x50, 0x0, 0x6f, 0xd0, 0x6,
    0xfa, 0x89, 0xdf, 0xe2, 0x0, 0x6f, 0xff, 0xfc,
    0x71, 0x0,

    /* U+0111 "đ" */
    0x0, 0x0, 0x0, 0x1f, 0x90, 0x0, 0x3, 0xff,
    0xff, 0xfd, 0x0, 0x0, 0x33, 0x4f, 0xb2, 0x0,
    0x7e, 0xfc, 0x3f, 0x90, 0x7, 0xfd, 0x89, 0xef,
    0x90, 0xe, 0xf1, 0x0, 0x7f, 0x90, 0x1f, 0xc0,
    0x0, 0x2f, 0x90, 0x2f, 0xa0, 0x0, 0x1f, 0x90,
    0x1f, 0xc0, 0x0, 0x1f, 0x90, 0xe, 0xf1, 0x0,
    0x6f, 0x90, 0x7, 0xfd, 0x78, 0xef, 0x90, 0x0,
    0x7e, 0xfc, 0x2e, 0x90,

    /* U+0112 "Ē" */
    0x0, 0x0, 0x0, 0x0, 0x9f, 0xff, 0xf4, 0x2,
    0x33, 0x33, 0x17, 0xff, 0xff, 0xff, 0x7f, 0xa8,
    0x88, 0x77, 0xf4, 0x0, 0x0, 0x7f, 0x40, 0x0,
    0x7, 0xf4, 0x0, 0x0, 0x7f, 0xff, 0xff, 0xa7,
    0xfa, 0x88, 0x85, 0x7f, 0x40, 0x0, 0x7, 0xf4,
    0x0, 0x0, 0x7f, 0x40, 0x0, 0x7, 0xfa, 0x88,
    0x88, 0x7f, 0xff, 0xff, 0xf0,

    /* U+0113 "ē" */
    0x0, 0x0, 0x0, 0x0, 0x0, 0xd, 0xff, 0xff,
    0x10, 0x0, 0x33, 0x33, 0x30, 0x0, 0x4, 0xcf,
    0xe9, 0x0, 0x4, 0xfd, 0x68, 0xf9, 0x0, 0xcf,
    0x10, 0x9, 0xf1, 0xf, 0xb0, 0x0, 0x6f, 0x42,
    0xff, 0xff, 0xff, 0xf6, 0xf, 0xb3, 0x33, 0x33,
    0x10, 0xde, 0x10, 0x0, 0x0, 0x4, 0xfd, 0x86,
    0x8c, 0x0, 0x3, 0xbf, 0xfd, 0x80,

    /* U+0114 "Ĕ" */
    0xa, 0x81, 0x2b, 0x60, 0x2e, 0xff, 0xc0, 0x0,
    0x3, 0x20, 0x7, 0xff, 0xff, 0xff, 0x7f, 0xa8,
    0x88, 0x77, 0xf4, 0x0, 0x0, 0x7f, 0x40, 0x0,
    0x7, 0xf4, 0x0, 0x0, 0x7f, 0xff, 0xff, 0xa7,
    0xfa, 0x88, 0x85, 0x7f, 0x40, 0x0, 0x7, 0xf4,
    0x0, 0x0, 0x7f, 0x40, 0x0, 0x7, 0xfa, 0x88,
    0x88, 0x7f, 0xff, 0xff, 0xf0,

    /* U+0115 "ĕ" */
    0x0, 0xd5, 0x13, 0xe3, 0x0, 0x5, 0xff, 0xf9,
    0x0, 0x0, 0x1, 0x31, 0x0, 0x0, 0x4, 0xcf,
    0xe9, 0x0, 0x4, 0xfd, 0x68, 0xf9, 0x0, 0xcf,
    0x10, 0x9, 0xf1, 0xf, 0xb0, 0x0, 0x6f, 0x42,
    0xff, 0xff, 0xff, 0xf6, 0xf, 0xb3, 0x33, 0x33,
    0x10, 0xde, 0x10, 0x0, 0x0, 0x4, 0xfd, 0x86,
    0x8c, 0x0, 0x3, 0xbf, 0xfd, 0x80,

    /* U+0116 "Ė" */
    0x0, 0x0, 0x0, 0x0, 0x0, 0xda, 0x0, 0x0,
    0xd, 0x90, 0x0, 0x0, 0x0, 0x0, 0x7f, 0xff,
    0xff, 0xf7, 0xfa, 0x88, 0x87, 0x7f, 0x40, 0x0,
    0x7, 0xf4, 0x0, 0x0, 0x7f, 0x40, 0x0, 0x7,
    0xff, 0xff, 0xfa, 0x7f, 0xa8, 0x88, 0x57, 0xf4,
    0x0, 0x0, 0x7f, 0x40, 0x0, 0x7, 0xf4, 0x0,
    0x0, 0x7f, 0xa8, 0x88, 0x87, 0xff, 0xff, 0xff,

    /* U+0117 "ė" */
    0x0, 0x3, 0xe6, 0x0, 0x0, 0x0, 0x3e, 0x60,
    0x0, 0x0, 0x0, 0x0, 0x0, 0x0, 0x4, 0xcf,
    0xe9, 0x0, 0x4, 0xfd, 0x68, 0xf9, 0x0, 0xcf,
    0x10, 0x9, 0xf1, 0xf, 0xb0, 0x0, 0x6f, 0x42,
    0xff, 0xff, 0xff, 0xf6, 0xf, 0xb3, 0x33, 0x33,
    0x10, 0xde, 0x10, 0x0, 0x0, 0x4, 0xfd, 0x86,
    0x8c, 0x0, 0x3, 0xbf, 0xfd, 0x80,

    /* U+0118 "Ę" */
    0x7f, 0xff, 0xff, 0xf7, 0xfa, 0x88, 0x87, 0x7f,
    0x40, 0x0, 0x7, 0xf4, 0x0, 0x0, 0x7f, 0x40,
    0x0, 0x7, 0xfa, 0x88, 0x85, 0x7f, 0xff, 0xff,
    0xa7, 0xf4, 0x0, 0x0, 0x7f, 0x40, 0x0, 0x7,
    0xf4, 0x0, 0x0, 0x7f, 0xa8, 0x88, 0x87, 0xff,
    0xff, 0xff, 0x0, 0x0, 0x2d, 0x20, 0x0, 0xb,
    0x80, 0x0, 0x0, 0xd9, 0x20, 0x0, 0x6, 0xfd,

    /* U+0119 "ę" */
    0x0, 0x4c, 0xfe, 0x90, 0x0, 0x4f, 0xd6, 0x8f,
    0x90, 0xc, 0xf1, 0x0, 0x9f, 0x10, 0xfb, 0x0,
    0x6, 0xf4, 0x2f, 0xff, 0xff, 0xff, 0x60, 0xfb,
    0x33, 0x33, 0x31, 0xd, 0xe1, 0x0, 0x0, 0x0,
    0x4f, 0xd8, 0x68, 0xc0, 0x0, 0x3b, 0xff, 0xfc,
    0x0, 0x0, 0x0, 0x4e, 0x10, 0x0, 0x0, 0xd,
    0x70, 0x0, 0x0, 0x0, 0xe8, 0x20, 0x0, 0x0,
    0x7, 0xfc, 0x0,

    /* U+011A "Ě" */
    0x7, 0x30, 0x5, 0x50, 0x4f, 0x7a, 0xe2, 0x0,
    0x6f, 0xf3, 0x0, 0x0, 0x0, 0x0, 0x7f, 0xff,
    0xff, 0xf7, 0xfa, 0x88, 0x87, 0x7f, 0x40, 0x0,
    0x7, 0xf4, 0x0, 0x0, 0x7f, 0x40, 0x0, 0x7,
    0xff, 0xff, 0xfa, 0x7f, 0xa8, 0x88, 0x57, 0xf4,
    0x0, 0x0, 0x7f, 0x40, 0x0, 0x7, 0xf4, 0x0,
    0x0, 0x7f, 0xa8, 0x88, 0x87, 0xff, 0xff, 0xff,

    /* U+011B "ě" */
    0x0, 0xca, 0x6, 0xe4, 0x0, 0x0, 0xce, 0xf3,
    0x0, 0x0, 0x1, 0x32, 0x0, 0x0, 0x4, 0xcf,
    0xe9, 0x0, 0x4, 0xfd, 0x68, 0xf9, 0x0, 0xcf,
    0x10, 0x9, 0xf1, 0xf, 0xb0, 0x0, 0x6f, 0x42,
    0xff, 0xff, 0xff, 0xf6, 0xf, 0xb3, 0x33, 0x33,
    0x10, 0xde, 0x10, 0x0, 0x0, 0x4, 0xfd, 0x86,
    0x8c, 0x0, 0x3, 0xbf, 0xfd, 0x80,

    /* U+011C "Ĝ" */
    0x0, 0x0, 0x4, 0x83, 0x0, 0x0, 0x0, 0x3,
    0xfd, 0xe2, 0x0, 0x0, 0x2, 0xe6, 0x8, 0xd1,
    0x0, 0x0, 0x0, 0x0, 0x0, 0x0, 0x0, 0x2,
    0x8d, 0xfe, 0xd8, 0x10, 0x4, 0xff, 0xb9, 0x9c,
    0xe0, 0x2, 0xfe, 0x30, 0x0, 0x0, 0x0, 0x9f,
    0x50, 0x0, 0x0, 0x0, 0xe, 0xe0, 0x0, 0x0,
    0x0, 0x0, 0xfc, 0x0, 0x6, 0x88, 0x83, 0xf,
    0xc0, 0x0, 0xbf, 0xff, 0x60, 0xee, 0x0, 0x0,
    0x4, 0xf6, 0xa, 0xf3, 0x0, 0x0, 0x4f, 0x60,
    0x4f, 0xd1, 0x0, 0x4, 0xf6, 0x0, 0x8f, 0xfa,
    0x88, 0xcf, 0x60, 0x0, 0x4b, 0xef, 0xed, 0x92,

    /* U+011D "ĝ" */
    0x0, 0x7, 0xfe, 0x20, 0x0, 0x7, 0xe4, 0x8e,
    0x20, 0x0, 0x30, 0x0, 0x22, 0x0, 0x7, 0xef,
    0xc3, 0xd9, 0x5, 0xfd, 0x79, 0xef, 0x90, 0xdf,
    0x10, 0x7, 0xf9, 0xf, 0xb0, 0x0, 0x2f, 0x92,
    0xf9, 0x0, 0x0, 0xf9, 0xf, 0xa0, 0x0, 0x1f,
    0x90, 0xde, 0x0, 0x5, 0xf9, 0x6, 0xfc, 0x78,
    0xef, 0x90, 0x7, 0xef, 0xc4, 0xf9, 0x0, 0x0,
    0x0, 0x2f, 0x80, 0x0, 0x0, 0x6, 0xf6, 0x8,
    0xc8, 0x79, 0xfe, 0x0, 0x4b, 0xef, 0xeb, 0x20,

    /* U+011E "Ğ" */
    0x0, 0x1, 0x70, 0x0, 0x70, 0x0, 0x0, 0xe,
    0x41, 0x6e, 0x0, 0x0, 0x0, 0x5f, 0xff, 0x40,
    0x0, 0x0, 0x0, 0x13, 0x0, 0x0, 0x0, 0x2,
    0x8d, 0xfe, 0xd8, 0x10, 0x4, 0xff, 0xb9, 0x9c,
    0xe0, 0x2, 0xfe, 0x30, 0x0, 0x0, 0x0, 0x9f,
    0x50, 0x0, 0x0, 0x0, 0xe, 0xe0, 0x0, 0x0,
    0x0, 0x0, 0xfc, 0x0, 0x6, 0x88, 0x83, 0xf,
    0xc0, 0x0, 0xbf, 0xff, 0x60, 0xee, 0x0, 0x0,
    0x4, 0xf6, 0xa, 0xf3, 0x0, 0x0, 0x4f, 0x60,
    0x4f, 0xd1, 0x0, 0x4, 0xf6, 0x0, 0x8f, 0xfa,
    0x88, 0xcf, 0x60, 0x0, 0x4b, 0xef, 0xed, 0x92,

    /* U+011F "ğ" */
    0x0, 0xb7, 0x12, 0xc6, 0x0, 0x3, 0xef, 0xfb,
    0x0, 0x0, 0x0, 0x32, 0x0, 0x0, 0x7, 0xef,
    0xc3, 0xd9, 0x5, 0xfd, 0x79, 0xef, 0x90, 0xdf,
    0x10, 0x7, 0xf9, 0xf, 0xb0, 0x0, 0x2f, 0x92,
    0xf9, 0x0, 0x0, 0xf9, 0xf, 0xa0, 0x0, 0x1f,
    0x90, 0xde, 0x0, 0x5, 0xf9, 0x6, 0xfc, 0x78,
    0xef, 0x90, 0x7, 0xef, 0xc4, 0xf9, 0x0, 0x0,
    0x0, 0x2f, 0x80, 0x0, 0x0, 0x6, 0xf6, 0x8,
    0xc8, 0x79, 0xfe, 0x0, 0x4b, 0xef, 0xeb, 0x20,

    /* U+0120 "Ġ" */
    0x0, 0x0, 0x0, 0x0, 0x0, 0x0, 0x0, 0x0,
    0x5e, 0x40, 0x0, 0x0, 0x0, 0x5, 0xe4, 0x0,
    0x0, 0x0, 0x0, 0x0, 0x0, 0x0, 0x0, 0x2,
    0x8d, 0xfe, 0xd8, 0x10, 0x4, 0xff, 0xb9, 0x9c,
    0xe0, 0x2, 0xfe, 0x30, 0x0, 0x0, 0x0, 0x9f,
    0x50, 0x0, 0x0, 0x0, 0xe, 0xe0, 0x0, 0x0,
    0x0, 0x0, 0xfc, 0x0, 0x6, 0x88, 0x83, 0xf,
    0xc0, 0x0, 0xbf, 0xff, 0x60, 0xee, 0x0, 0x0,
    0x4, 0xf6, 0xa, 0xf3, 0x0, 0x0, 0x4f, 0x60,
    0x4f, 0xd1, 0x0, 0x4, 0xf6, 0x0, 0x8f, 0xfa,
    0x88, 0xcf, 0x60, 0x0, 0x4b, 0xef, 0xed, 0x92,

    /* U+0121 "ġ" */
    0x0, 0x0, 0xd9, 0x0, 0x0, 0x0, 0xd, 0x90,
    0x0, 0x0, 0x0, 0x0, 0x0, 0x0, 0x7, 0xef,
    0xc3, 0xd9, 0x5, 0xfd, 0x79, 0xef, 0x90, 0xdf,
    0x10, 0x7, 0xf9, 0xf, 0xb0, 0x0, 0x2f, 0x92,
    0xf9, 0x0, 0x0, 0xf9, 0xf, 0xa0, 0x0, 0x1f,
    0x90, 0xde, 0x0, 0x5, 0xf9, 0x6, 0xfc, 0x78,
    0xef, 0x90, 0x7, 0xef, 0xc4, 0xf9, 0x0, 0x0,
    0x0, 0x2f, 0x80, 0x0, 0x0, 0x6, 0xf6, 0x8,
    0xc8, 0x79, 0xfe, 0x0, 0x4b, 0xef, 0xeb, 0x20,

    /* U+0122 "Ģ" */
    0x0, 0x2, 0x8d, 0xfe, 0xd8, 0x10, 0x4, 0xff,
    0xb9, 0xad, 0xf0, 0x2, 0xfe, 0x30, 0x0, 0x1,
    0x0, 0x9f, 0x50, 0x0, 0x0, 0x0, 0xe, 0xe0,
    0x0, 0x0, 0x0, 0x0, 0xfc, 0x0, 0x0, 0x0,
    0x0, 0xf, 0xc0, 0x0, 0xbf, 0xff, 0x60, 0xee,
    0x0, 0x6, 0x8a, 0xf6, 0xa, 0xf3, 0x0, 0x0,
    0x4f, 0x60, 0x4f, 0xd1, 0x0, 0x4, 0xf6, 0x0,
    0x8f, 0xfa, 0x88, 0xcf, 0x60, 0x0, 0x4b, 0xef,
    0xed, 0x92, 0x0, 0x0, 0x0, 0x0, 0x0, 0x0,
    0x0, 0x0, 0x1a, 0x40, 0x0, 0x0, 0x0, 0x5,
    0xf1, 0x0, 0x0, 0x0, 0x0, 0xa8, 0x0, 0x0,

    /* U+0123 "ģ" */
    0x0, 0x0, 0x4e, 0x0, 0x0, 0x0, 0xd, 0x90,
    0x0, 0x0, 0x1, 0xa4, 0x0, 0x0, 0x7, 0xef,
    0xc3, 0xd9, 0x5, 0xfd, 0x79, 0xef, 0x90, 0xdf,
    0x10, 0x7, 0xf9, 0xf, 0xb0, 0x0, 0x2f, 0x92,
    0xf9, 0x0, 0x0, 0xf9, 0xf, 0xa0, 0x0, 0x1f,
    0x90, 0xde, 0x0, 0x5, 0xf9, 0x6, 0xfc, 0x78,
    0xef, 0x90, 0x7, 0xef, 0xc4, 0xf9, 0x0, 0x0,
    0x0, 0x2f, 0x80, 0x0, 0x0, 0x6, 0xf6, 0x8,
    0xc8, 0x79, 0xfe, 0x0, 0x4b, 0xef, 0xeb, 0x20,

    /* U+0124 "Ĥ" */
    0x0, 0x0, 0x77, 0x0, 0x0, 0x0, 0xa, 0xef,
    0x90, 0x0, 0x0, 0x8c, 0x22, 0xd7, 0x0, 0x0,
    0x0, 0x0, 0x0, 0x0, 0x7f, 0x40, 0x0, 0x4,
    0xf7, 0x7f, 0x40, 0x0, 0x4, 0xf7, 0x7f, 0x40,
    0x0, 0x4, 0xf7, 0x7f, 0x40, 0x0, 0x4, 0xf7,
    0x7f, 0x40, 0x0, 0x4, 0xf7, 0x7f, 0xff, 0xff,
    0xff, 0xf7, 0x7f, 0xa8, 0x88, 0x8a, 0xf7, 0x7f,
    0x40, 0x0, 0x4, 0xf7, 0x7f, 0x40, 0x0, 0x4,
    0xf7, 0x7f, 0x40, 0x0, 0x4, 0xf7, 0x7f, 0x40,
    0x0, 0x4, 0xf7, 0x7f, 0x40, 0x0, 0x4, 0xf7,

    /* U+0125 "ĥ" */
    0x2, 0xef, 0x60, 0x0, 0x0, 0x1d, 0xb7, 0xf4,
    0x0, 0x0, 0x46, 0x0, 0x37, 0x0, 0x0, 0x0,
    0x0, 0x0, 0x0, 0x0, 0x0, 0xbf, 0x0, 0x0,
    0x0, 0x0, 0xbf, 0x0, 0x0, 0x0, 0x0, 0xbf,
    0x0, 0x0, 0x0, 0x0, 0xbf, 0x3c, 0xfe, 0x80,
    0x0, 0xbf, 0xe9, 0x7c, 0xf6, 0x0, 0xbf, 0x60,
    0x1, 0xfa, 0x0, 0xbf, 0x10, 0x0, 0xec, 0x0,
    0xbf, 0x0, 0x0, 0xec, 0x0, 0xbf, 0x0, 0x0,
    0xec, 0x0, 0xbf, 0x0, 0x0, 0xec, 0x0, 0xbf,
    0x0, 0x0, 0xec, 0x0, 0xbf, 0x0, 0x0, 0xec,

    /* U+0126 "Ħ" */
    0x7, 0xf4, 0x0, 0x0, 0x4f, 0x70, 0x8, 0xf4,
    0x0, 0x0, 0x5f, 0x70, 0xff, 0xff, 0xff, 0xff,
    0xff, 0xff, 0x39, 0xf6, 0x33, 0x33, 0x7f, 0x93,
    0x7, 0xf4, 0x0, 0x0, 0x4f, 0x70, 0x7, 0xff,
    0xff, 0xff, 0xff, 0x70, 0x7, 0xfa, 0x88, 0x88,
    0xaf, 0x70, 0x7, 0xf4, 0x0, 0x0, 0x4f, 0x70,
    0x7, 0xf4, 0x0, 0x0, 0x4f, 0x70, 0x7, 0xf4,
    0x0, 0x0, 0x4f, 0x70, 0x7, 0xf4, 0x0, 0x0,
    0x4f, 0x70, 0x7, 0xf4, 0x0, 0x0, 0x4f, 0x70,

    /* U+0127 "ħ" */
    0xa, 0xf0, 0x0, 0x0, 0xe, 0xff, 0xff, 0xf2,
    0x0, 0x2b, 0xf3, 0x33, 0x0, 0x0, 0xaf, 0x3c,
    0xfd, 0x70, 0xa, 0xfe, 0x97, 0xdf, 0x60, 0xaf,
    0x70, 0x1, 0xfa, 0xa, 0xf2, 0x0, 0xe, 0xc0,
    0xaf, 0x0, 0x0, 0xec, 0xa, 0xf0, 0x0, 0xe,
    0xc0, 0xaf, 0x0, 0x0, 0xec, 0xa, 0xf0, 0x0,
    0xe, 0xc0, 0xaf, 0x0, 0x0, 0xec,

    /* U+0128 "Ĩ" */
    0x0, 0x0, 0x0, 0x0, 0x9f, 0xb3, 0x7a, 0x2e,
    0x5a, 0xff, 0x31, 0x20, 0x2, 0x10, 0x6, 0xff,
    0xff, 0x0, 0x5, 0xfd, 0x30, 0x0, 0xf, 0xb0,
    0x0, 0x0, 0xfb, 0x0, 0x0, 0xf, 0xb0, 0x0,
    0x0, 0xfb, 0x0, 0x0, 0xf, 0xb0, 0x0, 0x0,
    0xfb, 0x0, 0x0, 0xf, 0xb0, 0x0, 0x0, 0xfb,
    0x0, 0x0, 0x5f, 0xd3, 0x0, 0x6f, 0xff, 0xf0,

    /* U+0129 "ĩ" */
    0x2d, 0xd6, 0x2e, 0x1a, 0x97, 0xef, 0xa0, 0x30,
    0x0, 0x20, 0x0, 0xb, 0xf0, 0x0, 0x0, 0xbf,
    0x0, 0x0, 0xb, 0xf0, 0x0, 0x0, 0xbf, 0x0,
    0x0, 0xb, 0xf0, 0x0, 0x0, 0xbf, 0x0, 0x0,
    0xb, 0xf0, 0x0, 0x0, 0xbf, 0x0, 0x0, 0xb,
    0xf0, 0x0,

    /* U+012A "Ī" */
    0x0, 0x0, 0x0, 0xaf, 0xff, 0xf4, 0x23, 0x33,
    0x31, 0x6f, 0xff, 0xf0, 0x5, 0xfd, 0x30, 0x0,
    0xfb, 0x0, 0x0, 0xfb, 0x0, 0x0, 0xfb, 0x0,
    0x0, 0xfb, 0x0, 0x0, 0xfb, 0x0, 0x0, 0xfb,
    0x0, 0x0, 0xfb, 0x0, 0x0, 0xfb, 0x0, 0x5,
    0xfd, 0x30, 0x6f, 0xff, 0xf0,

    /* U+012B "ī" */
    0x0, 0x0, 0x0, 0x4f, 0xff, 0xf9, 0x13, 0x33,
    0x32, 0x0, 0xbf, 0x0, 0x0, 0xbf, 0x0, 0x0,
    0xbf, 0x0, 0x0, 0xbf, 0x0, 0x0, 0xbf, 0x0,
    0x0, 0xbf, 0x0, 0x0, 0xbf, 0x0, 0x0, 0xbf,
    0x0, 0x0, 0xbf, 0x0,

    /* U+012C "Ĭ" */
    0xa8, 0x12, 0xc6, 0x3e, 0xff, 0xb0, 0x0, 0x32,
    0x0, 0x6f, 0xff, 0xf0, 0x5, 0xfd, 0x30, 0x0,
    0xfb, 0x0, 0x0, 0xfb, 0x0, 0x0, 0xfb, 0x0,
    0x0, 0xfb, 0x0, 0x0, 0xfb, 0x0, 0x0, 0xfb,
    0x0, 0x0, 0xfb, 0x0, 0x0, 0xfb, 0x0, 0x5,
    0xfd, 0x30, 0x6f, 0xff, 0xf0,

    /* U+012D "ĭ" */
    0x5c, 0x21, 0x7b, 0xb, 0xff, 0xe3, 0x0, 0x23,
    0x0, 0x0, 0xbf, 0x0, 0x0, 0xbf, 0x0, 0x0,
    0xbf, 0x0, 0x0, 0xbf, 0x0, 0x0, 0xbf, 0x0,
    0x0, 0xbf, 0x0, 0x0, 0xbf, 0x0, 0x0, 0xbf,
    0x0, 0x0, 0xbf, 0x0,

    /* U+012E "Į" */
    0x6f, 0xff, 0xf0, 0x5, 0xfd, 0x30, 0x0, 0xfb,
    0x0, 0x0, 0xfb, 0x0, 0x0, 0xfb, 0x0, 0x0,
    0xfb, 0x0, 0x0, 0xfb, 0x0, 0x0, 0xfb, 0x0,
    0x0, 0xfb, 0x0, 0x0, 0xfb, 0x0, 0x5, 0xfd,
    0x30, 0x6f, 0xff, 0xf0, 0x0, 0x1d, 0x30, 0x0,
    0x99, 0x0, 0x0, 0xcb, 0x20, 0x0, 0x5e, 0xf0,

    /* U+012F "į" */
    0x9, 0xd0, 0x9, 0xd0, 0x0, 0x0, 0xb, 0xf0,
    0xb, 0xf0, 0xb, 0xf0, 0xb, 0xf0, 0xb, 0xf0,
    0xb, 0xf0, 0xb, 0xf0, 0xb, 0xf0, 0xb, 0xf0,
    0xa, 0x70, 0x5e, 0x0, 0x7e, 0x20, 0x2d, 0xf4,

    /* U+0130 "İ" */
    0x0, 0x0, 0x0, 0x0, 0xe9, 0x0, 0x0, 0xd9,
    0x0, 0x0, 0x0, 0x0, 0x6f, 0xff, 0xf0, 0x5,
    0xfd, 0x30, 0x0, 0xfb, 0x0, 0x0, 0xfb, 0x0,
    0x0, 0xfb, 0x0, 0x0, 0xfb, 0x0, 0x0, 0xfb,
    0x0, 0x0, 0xfb, 0x0, 0x0, 0xfb, 0x0, 0x0,
    0xfb, 0x0, 0x5, 0xfd, 0x30, 0x6f, 0xff, 0xf0,

    /* U+0131 "ı" */
    0xbf, 0xb, 0xf0, 0xbf, 0xb, 0xf0, 0xbf, 0xb,
    0xf0, 0xbf, 0xb, 0xf0, 0xbf, 0x0,

    /* U+0132 "Ĳ" */
    0x6f, 0xff, 0xf0, 0xd, 0xe0, 0x5f, 0xd3, 0x0,
    0xde, 0x0, 0xfb, 0x0, 0xd, 0xe0, 0xf, 0xb0,
    0x0, 0xde, 0x0, 0xfb, 0x0, 0xd, 0xe0, 0xf,
    0xb0, 0x0, 0xde, 0x0, 0xfb, 0x0, 0xd, 0xe0,
    0xf, 0xb0, 0x0, 0xde, 0x0, 0xfb, 0x0, 0xd,
    0xe0, 0xf, 0xb0, 0x0, 0xde, 0x5, 0xfd, 0x30,
    0xd, 0xe6, 0xff, 0xff, 0x0, 0xdd, 0x0, 0x0,
    0x0, 0xf, 0xb0, 0x0, 0x5, 0x8d, 0xf6, 0x0,
    0x0, 0x7f, 0xe7, 0x0,

    /* U+0133 "ĳ" */
    0x9d, 0x0, 0x4e, 0x49, 0xd0, 0x4, 0xe4, 0x0,
    0x0, 0x0, 0xb, 0xf0, 0x5, 0xf5, 0xbf, 0x0,
    0x5f, 0x5b, 0xf0, 0x5, 0xf5, 0xbf, 0x0, 0x5f,
    0x5b, 0xf0, 0x5, 0xf5, 0xbf, 0x0, 0x5f, 0x5b,
    0xf0, 0x5, 0xf5, 0xbf, 0x0, 0x5f, 0x5b, 0xf0,
    0x5, 0xf5, 0x0, 0x0, 0x5f, 0x50, 0x0, 0x6,
    0xf5, 0x0, 0x47, 0xdf, 0x10, 0x7, 0xfe, 0x60,

    /* U+0134 "Ĵ" */
    0x0, 0x5, 0x82, 0x0, 0x0, 0x5f, 0xdd, 0x10,
    0x4, 0xe5, 0xa, 0xc0, 0x0, 0x0, 0x0, 0x0,
    0x0, 0x8, 0xf3, 0x0, 0x0, 0x8, 0xf3, 0x0,
    0x0, 0x8, 0xf3, 0x0, 0x0, 0x8, 0xf3, 0x0,
    0x0, 0x8, 0xf3, 0x0, 0x0, 0x8, 0xf3, 0x0,
    0x0, 0x8, 0xf3, 0x0, 0x0, 0x8, 0xf3, 0x0,
    0x0, 0x8, 0xf3, 0x0, 0x0, 0x8, 0xf3, 0x0,
    0x0, 0x8, 0xf3, 0x0, 0x0, 0x8, 0xf2, 0x0,
    0x0, 0xb, 0xf0, 0x0, 0x29, 0xbf, 0xb0, 0x0,
    0x3f, 0xea, 0x10, 0x0,

    /* U+0135 "ĵ" */
    0x3, 0xff, 0x70, 0x3, 0xe7, 0x4d, 0x70, 0x11,
    0x0, 0x2, 0x0, 0xb, 0xf0, 0x0, 0x0, 0xbf,
    0x0, 0x0, 0xb, 0xf0, 0x0, 0x0, 0xbf, 0x0,
    0x0, 0xb, 0xf0, 0x0, 0x0, 0xbf, 0x0, 0x0,
    0xb, 0xf0, 0x0, 0x0, 0xbf, 0x0, 0x0, 0xb,
    0xf0, 0x0, 0x0, 0xbf, 0x0, 0x0, 0xb, 0xf0,
    0x0, 0x68, 0xfc, 0x0, 0xc, 0xfc, 0x20, 0x0,

    /* U+0136 "Ķ" */
    0x7f, 0x40, 0x0, 0x6f, 0x90, 0x7f, 0x40, 0x4,
    0xfb, 0x0, 0x7f, 0x40, 0x2e, 0xd0, 0x0, 0x7f,
    0x40, 0xde, 0x20, 0x0, 0x7f, 0x4a, 0xf4, 0x0,
    0x0, 0x7f, 0xbf, 0xd0, 0x0, 0x0, 0x7f, 0xfc,
    0xf7, 0x0, 0x0, 0x7f, 0x50, 0xef, 0x20, 0x0,
    0x7f, 0x40, 0x4f, 0xc0, 0x0, 0x7f, 0x40, 0x9,
    0xf7, 0x0, 0x7f, 0x40, 0x0, 0xdf, 0x20, 0x7f,
    0x40, 0x0, 0x3f, 0xc0, 0x0, 0x0, 0x0, 0x0,
    0x0, 0x0, 0x2, 0xa4, 0x0, 0x0, 0x0, 0x5,
    0xf1, 0x0, 0x0, 0x0, 0xa, 0x80, 0x0, 0x0,

    /* U+0137 "ķ" */
    0xaf, 0x0, 0x0, 0x0, 0xaf, 0x0, 0x0, 0x0,
    0xaf, 0x0, 0x0, 0x0, 0xaf, 0x0, 0xc, 0xf3,
    0xaf, 0x0, 0xaf, 0x40, 0xaf, 0x9, 0xf6, 0x0,
    0xaf, 0x6f, 0x70, 0x0, 0xaf, 0xff, 0x90, 0x0,
    0xaf, 0x6a, 0xf5, 0x0, 0xaf, 0x0, 0xde, 0x10,
    0xaf, 0x0, 0x3f, 0xc0, 0xaf, 0x0, 0x8, 0xf7,
    0x0, 0x0, 0x0, 0x0, 0x0, 0xa, 0x50, 0x0,
    0x0, 0x3f, 0x30, 0x0, 0x0, 0x8a, 0x0, 0x0,

    /* U+0138 "ĸ" */
    0xaf, 0x10, 0xb, 0xf3, 0xaf, 0x10, 0x8f, 0x60,
    0xaf, 0x15, 0xf8, 0x0, 0xaf, 0x4f, 0xb0, 0x0,
    0xaf, 0xef, 0xa0, 0x0, 0xaf, 0xa9, 0xf5, 0x0,
    0xaf, 0x10, 0xde, 0x10, 0xaf, 0x10, 0x3f, 0xc0,
    0xaf, 0x10, 0x7, 0xf7,

    /* U+0139 "Ĺ" */
    0x1, 0x86, 0x0, 0x0, 0xb, 0xf3, 0x0, 0x0,
    0x6e, 0x30, 0x0, 0x0, 0x0, 0x0, 0x0, 0x0,
    0x8f, 0x30, 0x0, 0x0, 0x8f, 0x30, 0x0, 0x0,
    0x8f, 0x30, 0x0, 0x0, 0x8f, 0x30, 0x0, 0x0,
    0x8f, 0x30, 0x0, 0x0, 0x8f, 0x30, 0x0, 0x0,
    0x8f, 0x30, 0x0, 0x0, 0x8f, 0x30, 0x0, 0x0,
    0x8f, 0x30, 0x0, 0x0, 0x8f, 0x30, 0x0, 0x0,
    0x8f, 0xa8, 0x88, 0x80, 0x8f, 0xff, 0xff, 0xf1,

    /* U+013A "ĺ" */
    0x8, 0xf7, 0x3f, 0x70, 0x54, 0x0, 0x0, 0x0,
    0xbf, 0x0, 0xbf, 0x0, 0xbf, 0x0, 0xbf, 0x0,
    0xbf, 0x0, 0xbf, 0x0, 0xbf, 0x0, 0xbf, 0x0,
    0xbf, 0x0, 0xbf, 0x0, 0xbf, 0x0, 0xbf, 0x0,

    /* U+013B "Ļ" */
    0x8f, 0x30, 0x0, 0x0, 0x8f, 0x30, 0x0, 0x0,
    0x8f, 0x30, 0x0, 0x0, 0x8f, 0x30, 0x0, 0x0,
    0x8f, 0x30, 0x0, 0x0, 0x8f, 0x30, 0x0, 0x0,
    0x8f, 0x30, 0x0, 0x0, 0x8f, 0x30, 0x0, 0x0,
    0x8f, 0x30, 0x0, 0x0, 0x8f, 0x30, 0x0, 0x0,
    0x8f, 0xa8, 0x88, 0x80, 0x8f, 0xff, 0xff, 0xf1,
    0x0, 0x0, 0x0, 0x0, 0x0, 0x7, 0x80, 0x0,
    0x0, 0xe, 0x80, 0x0, 0x0, 0x2e, 0x10, 0x0,

    /* U+013C "ļ" */
    0xbf, 0xb, 0xf0, 0xbf, 0xb, 0xf0, 0xbf, 0xb,
    0xf0, 0xbf, 0xb, 0xf0, 0xbf, 0xb, 0xf0, 0xbf,
    0xb, 0xf0, 0x0, 0x4, 0xa2, 0x9d, 0xd, 0x40,

    /* U+013D "Ľ" */
    0x8f, 0x30, 0x7, 0xf1, 0x8f, 0x30, 0xa, 0xa0,
    0x8f, 0x30, 0x8, 0x20, 0x8f, 0x30, 0x0, 0x0,
    0x8f, 0x30, 0x0, 0x0, 0x8f, 0x30, 0x0, 0x0,
    0x8f, 0x30, 0x0, 0x0, 0x8f, 0x30, 0x0, 0x0,
    0x8f, 0x30, 0x0, 0x0, 0x8f, 0x30, 0x0, 0x0,
    0x8f, 0xa8, 0x88, 0x80, 0x8f, 0xff, 0xff, 0xf1,

    /* U+013E "ľ" */
    0xbf, 0xd, 0xbb, 0xf1, 0xf4, 0xbf, 0x28, 0xb,
    0xf0, 0x0, 0xbf, 0x0, 0xb, 0xf0, 0x0, 0xbf,
    0x0, 0xb, 0xf0, 0x0, 0xbf, 0x0, 0xb, 0xf0,
    0x0, 0xbf, 0x0, 0xb, 0xf0, 0x0,

    /* U+013F "Ŀ" */
    0x8f, 0x30, 0x0, 0x0, 0x8f, 0x30, 0x0, 0x0,
    0x8f, 0x30, 0x0, 0x0, 0x8f, 0x30, 0x0, 0x0,
    0x8f, 0x30, 0x0, 0x0, 0x8f, 0x30, 0x7e, 0x20,
    0x8f, 0x30, 0x7e, 0x20, 0x8f, 0x30, 0x0, 0x0,
    0x8f, 0x30, 0x0, 0x0, 0x8f, 0x30, 0x0, 0x0,
    0x8f, 0xa8, 0x88, 0x80, 0x8f, 0xff, 0xff, 0xf1,

    /* U+0140 "ŀ" */
    0xbf, 0x0, 0xb, 0xf0, 0x0, 0xbf, 0x0, 0xb,
    0xf0, 0x0, 0xbf, 0x0, 0xb, 0xf4, 0xe5, 0xbf,
    0x4e, 0x5b, 0xf0, 0x0, 0xbf, 0x0, 0xb, 0xf0,
    0x0, 0xbf, 0x0, 0xb, 0xf0, 0x0,

    /* U+0141 "Ł" */
    0x7, 0xf4, 0x0, 0x0, 0x0, 0x7f, 0x40, 0x0,
    0x0, 0x7, 0xf4, 0x0, 0x0, 0x0, 0x7f, 0x40,
    0x0, 0x0, 0x7, 0xf4, 0x95, 0x0, 0x0, 0x7f,
    0xff, 0x60, 0x0, 0x2c, 0xfb, 0x10, 0x0, 0xa,
    0xff, 0x40, 0x0, 0x0, 0x18, 0xf4, 0x0, 0x0,
    0x0, 0x7f, 0x40, 0x0, 0x0, 0x7, 0xfa, 0x88,
    0x88, 0x10, 0x7f, 0xff, 0xff, 0xf2,

    /* U+0142 "ł" */
    0x0, 0xcf, 0x0, 0x0, 0xcf, 0x0, 0x0, 0xcf,
    0x0, 0x0, 0xcf, 0x0, 0x0, 0xcf, 0x30, 0x0,
    0xcf, 0xf4, 0x5, 0xef, 0x50, 0xd, 0xff, 0x0,
    0x0, 0xcf, 0x0, 0x0, 0xcf, 0x0, 0x0, 0xcf,
    0x0, 0x0, 0xcf, 0x0,

    /* U+0143 "Ń" */
    0x0, 0x0, 0x2, 0x85, 0x0, 0x0, 0x0, 0xc,
    0xe2, 0x0, 0x0, 0x0, 0x8c, 0x10, 0x0, 0x0,
    0x0, 0x0, 0x0, 0x0, 0x7f, 0xd0, 0x0, 0x0,
    0xbe, 0x7f, 0xf8, 0x0, 0x0, 0xbe, 0x7f, 0xdf,
    0x20, 0x0, 0xbe, 0x7f, 0x4f, 0xb0, 0x0, 0xbe,
    0x7f, 0xa, 0xf5, 0x0, 0xbe, 0x7f, 0x11, 0xfe,
    0x0, 0xbe, 0x7f, 0x10, 0x7f, 0x90, 0xbe, 0x7f,
    0x10, 0xd, 0xf3, 0xae, 0x7f, 0x10, 0x4, 0xfc,
    0xae, 0x7f, 0x10, 0x0, 0xbf, 0xee, 0x7f, 0x10,
    0x0, 0x2f, 0xfe, 0x7f, 0x10, 0x0, 0x8, 0xfe,

    /* U+0144 "ń" */
    0x0, 0x0, 0xbf, 0x40, 0x0, 0x8, 0xe3, 0x0,
    0x0, 0x3, 0x0, 0x0, 0xbb, 0x3c, 0xfe, 0x80,
    0xbf, 0xe9, 0x7d, 0xf6, 0xbf, 0x60, 0x1, 0xfa,
    0xbf, 0x10, 0x0, 0xec, 0xbf, 0x0, 0x0, 0xec,
    0xbf, 0x0, 0x0, 0xec, 0xbf, 0x0, 0x0, 0xec,
    0xbf, 0x0, 0x0, 0xec, 0xbf, 0x0, 0x0, 0xec,

    /* U+0145 "Ņ" */
    0x7f, 0xd0, 0x0, 0x0, 0xbe, 0x7f, 0xf8, 0x0,
    0x0, 0xbe, 0x7f, 0xdf, 0x20, 0x0, 0xbe, 0x7f,
    0x4f, 0xb0, 0x0, 0xbe, 0x7f, 0xa, 0xf5, 0x0,
    0xbe, 0x7f, 0x11, 0xfe, 0x0, 0xbe, 0x7f, 0x10,
    0x7f, 0x90, 0xbe, 0x7f, 0x10, 0xd, 0xf3, 0xae,
    0x7f, 0x10, 0x4, 0xfc, 0xae, 0x7f, 0x10, 0x0,
    0xbf, 0xee, 0x7f, 0x10, 0x0, 0x2f, 0xfe, 0x7f,
    0x10, 0x0, 0x8, 0xfe, 0x0, 0x0, 0x0, 0x0,
    0x0, 0x0, 0x0, 0x3a, 0x20, 0x0, 0x0, 0x0,
    0x8e, 0x0, 0x0, 0x0, 0x0, 0xd5, 0x0, 0x0,

    /* U+0146 "ņ" */
    0xbb, 0x3c, 0xfe, 0x80, 0xbf, 0xe9, 0x7d, 0xf6,
    0xbf, 0x60, 0x1, 0xfa, 0xbf, 0x10, 0x0, 0xec,
    0xbf, 0x0, 0x0, 0xec, 0xbf, 0x0, 0x0, 0xec,
    0xbf, 0x0, 0x0, 0xec, 0xbf, 0x0, 0x0, 0xec,
    0xbf, 0x0, 0x0, 0xec, 0x0, 0x0, 0x0, 0x0,
    0x0, 0x5, 0x90, 0x0, 0x0, 0xb, 0xb0, 0x0,
    0x0, 0xf, 0x20, 0x0,

    /* U+0147 "Ň" */
    0x0, 0x46, 0x0, 0x37, 0x0, 0x0, 0x1d, 0xb6,
    0xf6, 0x0, 0x0, 0x2, 0xef, 0x80, 0x0, 0x0,
    0x0, 0x0, 0x0, 0x0, 0x7f, 0xd0, 0x0, 0x0,
    0xbe, 0x7f, 0xf8, 0x0, 0x0, 0xbe, 0x7f, 0xdf,
    0x20, 0x0, 0xbe, 0x7f, 0x4f, 0xb0, 0x0, 0xbe,
    0x7f, 0xa, 0xf5, 0x0, 0xbe, 0x7f, 0x11, 0xfe,
    0x0, 0xbe, 0x7f, 0x10, 0x7f, 0x90, 0xbe, 0x7f,
    0x10, 0xd, 0xf3, 0xae, 0x7f, 0x10, 0x4, 0xfc,
    0xae, 0x7f, 0x10, 0x0, 0xbf, 0xee, 0x7f, 0x10,
    0x0, 0x2f, 0xfe, 0x7f, 0x10, 0x0, 0x8, 0xfe,

    /* U+0148 "ň" */
    0x7, 0xd3, 0x2c, 0x90, 0x0, 0x7f, 0xf9, 0x0,
    0x0, 0x3, 0x30, 0x0, 0xbb, 0x3c, 0xfe, 0x80,
    0xbf, 0xe9, 0x7d, 0xf6, 0xbf, 0x60, 0x1, 0xfa,
    0xbf, 0x10, 0x0, 0xec, 0xbf, 0x0, 0x0, 0xec,
    0xbf, 0x0, 0x0, 0xec, 0xbf, 0x0, 0x0, 0xec,
    0xbf, 0x0, 0x0, 0xec, 0xbf, 0x0, 0x0, 0xec,

    /* U+0149 "ŉ" */
    0x4f, 0x70, 0x0, 0x0, 0x0, 0x7, 0xf3, 0x0,
    0x0, 0x0, 0x0, 0xad, 0x0, 0x0, 0x0, 0x0,
    0xd, 0x75, 0xf4, 0xbf, 0xeb, 0x20, 0x20, 0x5f,
    0xf7, 0x35, 0xfc, 0x0, 0x5, 0xfb, 0x0, 0xa,
    0xf0, 0x0, 0x5f, 0x70, 0x0, 0x8f, 0x20, 0x5,
    0xf6, 0x0, 0x8, 0xf2, 0x0, 0x5f, 0x60, 0x0,
    0x8f, 0x20, 0x5, 0xf6, 0x0, 0x8, 0xf2, 0x0,
    0x5f, 0x60, 0x0, 0x8f, 0x20, 0x5, 0xf6, 0x0,
    0x8, 0xf2,

    /* U+014A "Ŋ" */
    0x7f, 0xd0, 0x0, 0x0, 0xbe, 0x7f, 0xf8, 0x0,
    0x0, 0xbe, 0x7f, 0xdf, 0x30, 0x0, 0xbe, 0x7f,
    0x3f, 0xd0, 0x0, 0xbe, 0x7f, 0x18, 0xf7, 0x0,
    0xbe, 0x7f, 0x10, 0xdf, 0x20, 0xbe, 0x7f, 0x10,
    0x3f, 0xc0, 0xbe, 0x7f, 0x10, 0x9, 0xf6, 0xae,
    0x7f, 0x10, 0x0, 0xef, 0xbe, 0x7f, 0x10, 0x0,
    0x4f, 0xfe, 0x7f, 0x10, 0x0, 0xa, 0xfe, 0x7f,
    0x10, 0x0, 0x1, 0xee, 0x0, 0x0, 0x0, 0x0,
    0xcc, 0x0, 0x0, 0x5, 0x8b, 0xf7, 0x0, 0x0,
    0x8, 0xfe, 0x80,

    /* U+014B "ŋ" */
    0xbc, 0x4c, 0xfe, 0x80, 0xbf, 0xe7, 0x5b, 0xf6,
    0xbf, 0x50, 0x0, 0xfb, 0xbf, 0x10, 0x0, 0xec,
    0xbf, 0x0, 0x0, 0xec, 0xbf, 0x0, 0x0, 0xec,
    0xbf, 0x0, 0x0, 0xec, 0xbf, 0x0, 0x0, 0xec,
    0xbf, 0x0, 0x0, 0xec, 0x0, 0x0, 0x0, 0xec,
    0x0, 0x0, 0x0, 0xec, 0x0, 0x0, 0x69, 0xf8,
    0x0, 0x0, 0xcf, 0xb1,

    /* U+014C "Ō" */
    0x0, 0x0, 0x0, 0x0, 0x0, 0x0, 0x0, 0x3,
    0xff, 0xff, 0xb0, 0x0, 0x0, 0x0, 0x33, 0x33,
    0x20, 0x0, 0x0, 0x4, 0xbe, 0xfd, 0x81, 0x0,
    0x0, 0x8f, 0xe9, 0x8b, 0xfe, 0x20, 0x4, 0xfc,
    0x0, 0x0, 0x5f, 0xc0, 0xa, 0xf4, 0x0, 0x0,
    0xb, 0xf3, 0xe, 0xf0, 0x0, 0x0, 0x6, 0xf7,
    0xf, 0xd0, 0x0, 0x0, 0x4, 0xf8, 0xf, 0xd0,
    0x0, 0x0, 0x4, 0xf8, 0xe, 0xf0, 0x0, 0x0,
    0x6, 0xf7, 0xa, 0xf4, 0x0, 0x0, 0xb, 0xf3,
    0x4, 0xfc, 0x0, 0x0, 0x4f, 0xc0, 0x0, 0x8f,
    0xe9, 0x8b, 0xfe, 0x20, 0x0, 0x5, 0xbe, 0xfd,
    0x81, 0x0,

    /* U+014D "ō" */
    0x0, 0x0, 0x0, 0x0, 0x0, 0x9, 0xff, 0xff,
    0x50, 0x0, 0x23, 0x33, 0x31, 0x0, 0x4, 0xcf,
    0xea, 0x20, 0x4, 0xfd, 0x78, 0xfe, 0x10, 0xdf,
    0x10, 0x4, 0xf9, 0x1f, 0xb0, 0x0, 0xe, 0xd2,
    0xf9, 0x0, 0x0, 0xde, 0xf, 0xb0, 0x0, 0xe,
    0xd0, 0xcf, 0x10, 0x4, 0xf9, 0x4, 0xfd, 0x78,
    0xfe, 0x20, 0x3, 0xcf, 0xfb, 0x20,

    /* U+014E "Ŏ" */
    0x0, 0x2, 0x50, 0x0, 0x70, 0x0, 0x0, 0x2,
    0xe3, 0x18, 0xb0, 0x0, 0x0, 0x0, 0x8f, 0xfe,
    0x20, 0x0, 0x0, 0x0, 0x1, 0x30, 0x0, 0x0,
    0x0, 0x4, 0xbe, 0xfd, 0x81, 0x0, 0x0, 0x8f,
    0xe9, 0x8b, 0xfe, 0x20, 0x4, 0xfc, 0x0, 0x0,
    0x5f, 0xc0, 0xa, 0xf4, 0x0, 0x0, 0xb, 0xf3,
    0xe, 0xf0, 0x0, 0x0, 0x6, 0xf7, 0xf, 0xd0,
    0x0, 0x0, 0x4, 0xf8, 0xf, 0xd0, 0x0, 0x0,
    0x4, 0xf8, 0xe, 0xf0, 0x0, 0x0, 0x6, 0xf7,
    0xa, 0xf4, 0x0, 0x0, 0xb, 0xf3, 0x4, 0xfc,
    0x0, 0x0, 0x4f, 0xc0, 0x0, 0x8f, 0xe9, 0x8b,
    0xfe, 0x20, 0x0, 0x5, 0xbe, 0xfd, 0x81, 0x0,

    /* U+014F "ŏ" */
    0x0, 0x98, 0x12, 0xb7, 0x0, 0x2, 0xef, 0xfc,
    0x0, 0x0, 0x0, 0x32, 0x0, 0x0, 0x4, 0xcf,
    0xea, 0x20, 0x4, 0xfd, 0x78, 0xfe, 0x10, 0xdf,
    0x10, 0x4, 0xf9, 0x1f, 0xb0, 0x0, 0xe, 0xd2,
    0xf9, 0x0, 0x0, 0xde, 0xf, 0xb0, 0x0, 0xe,
    0xd0, 0xcf, 0x10, 0x4, 0xf9, 0x4, 0xfd, 0x78,
    0xfe, 0x20, 0x3, 0xcf, 0xfb, 0x20,

    /* U+0150 "Ő" */
    0x0, 0x0, 0x5a, 0x26, 0x91, 0x0, 0x0, 0x1,
    0xe9, 0x2f, 0x80, 0x0, 0x0, 0x9, 0xa0, 0xb9,
    0x0, 0x0, 0x0, 0x0, 0x0, 0x0, 0x0, 0x0,
    0x0, 0x4, 0xbe, 0xfd, 0x81, 0x0, 0x0, 0x8f,
    0xe9, 0x8b, 0xfe, 0x20, 0x4, 0xfc, 0x0, 0x0,
    0x5f, 0xc0, 0xa, 0xf4, 0x0, 0x0, 0xb, 0xf3,
    0xe, 0xf0, 0x0, 0x0, 0x6, 0xf7, 0xf, 0xd0,
    0x0, 0x0, 0x4, 0xf8, 0xf, 0xd0, 0x0, 0x0,
    0x4, 0xf8, 0xe, 0xf0, 0x0, 0x0, 0x6, 0xf7,
    0xa, 0xf4, 0x0, 0x0, 0xb, 0xf3, 0x4, 0xfc,
    0x0, 0x0, 0x4f, 0xc0, 0x0, 0x8f, 0xe9, 0x8b,
    0xfe, 0x20, 0x0, 0x5, 0xbe, 0xfd, 0x81, 0x0,

    /* U+0151 "ő" */
    0x0, 0x1f, 0xb2, 0xfa, 0x0, 0x9, 0xd1, 0xbc,
    0x0, 0x1, 0x91, 0x28, 0x0, 0x0, 0x4, 0xcf,
    0xea, 0x20, 0x4, 0xfd, 0x78, 0xfe, 0x10, 0xdf,
    0x10, 0x4, 0xf9, 0x1f, 0xb0, 0x0, 0xe, 0xd2,
    0xf9, 0x0, 0x0, 0xde, 0xf, 0xb0, 0x0, 0xe,
    0xd0, 0xcf, 0x10, 0x4, 0xf9, 0x4, 0xfd, 0x78,
    0xfe, 0x20, 0x3, 0xcf, 0xfb, 0x20,

    /* U+0152 "Œ" */
    0x0, 0x5, 0xce, 0xff, 0xff, 0xff, 0xff, 0x10,
    0x9, 0xff, 0xcb, 0xcf, 0xdb, 0xbb, 0xb1, 0x4,
    0xfd, 0x20, 0x2, 0xf9, 0x0, 0x0, 0x0, 0xaf,
    0x40, 0x0, 0x2f, 0x90, 0x0, 0x0, 0xe, 0xe0,
    0x0, 0x2, 0xf9, 0x0, 0x0, 0x0, 0xfd, 0x0,
    0x0, 0x2f, 0xff, 0xff, 0xd0, 0xf, 0xc0, 0x0,
    0x2, 0xfc, 0x88, 0x86, 0x0, 0xee, 0x0, 0x0,
    0x2f, 0x90, 0x0, 0x0, 0xa, 0xf3, 0x0, 0x2,
    0xf9, 0x0, 0x0, 0x0, 0x4f, 0xc0, 0x0, 0x2f,
    0x90, 0x0, 0x0, 0x0, 0x9f, 0xe9, 0x8a, 0xfc,
    0x88, 0x88, 0x0, 0x0, 0x5c, 0xef, 0xff, 0xff,
    0xff, 0xf1,

    /* U+0153 "œ" */
    0x0, 0x5c, 0xfe, 0x90, 0x2b, 0xfe, 0x91, 0x0,
    0x5f, 0xc6, 0x7f, 0xce, 0xd6, 0x8f, 0xb0, 0xd,
    0xe0, 0x0, 0x5f, 0xf2, 0x0, 0x8f, 0x31, 0xfa,
    0x0, 0x0, 0xfe, 0x0, 0x4, 0xf6, 0x2f, 0x90,
    0x0, 0xf, 0xff, 0xff, 0xff, 0x71, 0xfa, 0x0,
    0x0, 0xfd, 0x33, 0x33, 0x31, 0xd, 0xe0, 0x0,
    0x6f, 0xf2, 0x0, 0x0, 0x0, 0x4f, 0xd7, 0x8f,
    0xdd, 0xe8, 0x68, 0xc1, 0x0, 0x4c, 0xfe, 0xa1,
    0x1a, 0xef, 0xe9, 0x0,

    /* U+0154 "Ŕ" */
    0x0, 0x0, 0x38, 0x40, 0x0, 0x0, 0x1e, 0xd1,
    0x0, 0x0, 0xa, 0xb1, 0x0, 0x0, 0x0, 0x0,
    0x0, 0x0, 0x8f, 0xff, 0xfc, 0x60, 0x8, 0xf9,
    0x79, 0xef, 0x70, 0x8f, 0x30, 0x1, 0xfe, 0x8,
    0xf3, 0x0, 0xd, 0xf0, 0x8f, 0x30, 0x0, 0xee,
    0x8, 0xf5, 0x23, 0xaf, 0x60, 0x8f, 0xff, 0xff,
    0x60, 0x8, 0xf7, 0x5b, 0xf3, 0x0, 0x8f, 0x30,
    0x1f, 0xc0, 0x8, 0xf3, 0x0, 0x8f, 0x60, 0x8f,
    0x30, 0x0, 0xee, 0x18, 0xf3, 0x0, 0x5, 0xfa,

    /* U+0155 "ŕ" */
    0x0, 0xd, 0xe3, 0x0, 0xad, 0x20, 0x0, 0x30,
    0x0, 0xbb, 0x1b, 0xf7, 0xbd, 0xcd, 0xa4, 0xbf,
    0xa0, 0x0, 0xbf, 0x20, 0x0, 0xbf, 0x0, 0x0,
    0xbf, 0x0, 0x0, 0xbf, 0x0, 0x0, 0xbf, 0x0,
    0x0, 0xbf, 0x0, 0x0,

    /* U+0156 "Ŗ" */
    0x8f, 0xff, 0xfc, 0x60, 0x8, 0xf9, 0x79, 0xef,
    0x70, 0x8f, 0x30, 0x1, 0xfe, 0x8, 0xf3, 0x0,
    0xd, 0xf0, 0x8f, 0x30, 0x0, 0xee, 0x8, 0xf5,
    0x23, 0xaf, 0x60, 0x8f, 0xff, 0xff, 0x60, 0x8,
    0xf7, 0x5b, 0xf3, 0x0, 0x8f, 0x30, 0x1f, 0xc0,
    0x8, 0xf3, 0x0, 0x8f, 0x60, 0x8f, 0x30, 0x0,
    0xee, 0x18, 0xf3, 0x0, 0x5, 0xfa, 0x0, 0x0,
    0x0, 0x0, 0x0, 0x0, 0x2a, 0x30, 0x0, 0x0,
    0x6, 0xf1, 0x0, 0x0, 0x0, 0xb7, 0x0, 0x0,

    /* U+0157 "ŗ" */
    0xbb, 0x1b, 0xf7, 0xbd, 0xcd, 0xa4, 0xbf, 0xa0,
    0x0, 0xbf, 0x20, 0x0, 0xbf, 0x0, 0x0, 0xbf,
    0x0, 0x0, 0xbf, 0x0, 0x0, 0xbf, 0x0, 0x0,
    0xbf, 0x0, 0x0, 0x0, 0x0, 0x0, 0x4a, 0x10,
    0x0, 0x9d, 0x0, 0x0, 0xe4, 0x0, 0x0,

    /* U+0158 "Ř" */
    0x5, 0x50, 0x4, 0x70, 0x0, 0x2e, 0xa7, 0xf4,
    0x0, 0x0, 0x3f, 0xf6, 0x0, 0x0, 0x0, 0x0,
    0x0, 0x0, 0x8f, 0xff, 0xfc, 0x60, 0x8, 0xf9,
    0x79, 0xef, 0x70, 0x8f, 0x30, 0x1, 0xfe, 0x8,
    0xf3, 0x0, 0xd, 0xf0, 0x8f, 0x30, 0x0, 0xee,
    0x8, 0xf5, 0x23, 0xaf, 0x60, 0x8f, 0xff, 0xff,
    0x60, 0x8, 0xf7, 0x5b, 0xf3, 0x0, 0x8f, 0x30,
    0x1f, 0xc0, 0x8, 0xf3, 0x0, 0x8f, 0x60, 0x8f,
    0x30, 0x0, 0xee, 0x18, 0xf3, 0x0, 0x5, 0xfa,

    /* U+0159 "ř" */
    0x9c, 0x23, 0xd7, 0x9, 0xff, 0x70, 0x0, 0x32,
    0x0, 0xbb, 0x1b, 0xf7, 0xbd, 0xcd, 0xa4, 0xbf,
    0xa0, 0x0, 0xbf, 0x20, 0x0, 0xbf, 0x0, 0x0,
    0xbf, 0x0, 0x0, 0xbf, 0x0, 0x0, 0xbf, 0x0,
    0x0, 0xbf, 0x0, 0x0,

    /* U+015A "Ś" */
    0x0, 0x0, 0x7, 0x70, 0x0, 0x0, 0x9, 0xf4,
    0x0, 0x0, 0x4, 0xe4, 0x0, 0x0, 0x0, 0x0,
    0x0, 0x0, 0x0, 0x7d, 0xfe, 0xb5, 0x0, 0xaf,
    0xc9, 0xae, 0x90, 0xf, 0xc0, 0x0, 0x0, 0x0,
    0xfc, 0x0, 0x0, 0x0, 0xc, 0xf8, 0x0, 0x0,
    0x0, 0x2d, 0xfe, 0x81, 0x0, 0x0, 0x6, 0xdf,
    0xe3, 0x0, 0x0, 0x0, 0x6f, 0xd0, 0x0, 0x0,
    0x0, 0xbf, 0x0, 0x0, 0x0, 0xd, 0xf0, 0x3f,
    0xb9, 0x8d, 0xf8, 0x1, 0x9d, 0xfe, 0xc5, 0x0,

    /* U+015B "ś" */
    0x0, 0x0, 0xde, 0x30, 0x0, 0xa, 0xd2, 0x0,
    0x0, 0x3, 0x0, 0x0, 0x3, 0xbe, 0xfd, 0x70,
    0xf, 0xd6, 0x69, 0x70, 0x2f, 0x80, 0x0, 0x0,
    0xd, 0xfa, 0x30, 0x0, 0x1, 0x8f, 0xfc, 0x20,
    0x0, 0x0, 0x7f, 0xd0, 0x0, 0x0, 0xa, 0xf0,
    0x3c, 0x86, 0x7f, 0xc0, 0x1b, 0xef, 0xea, 0x10,

    /* U+015C "Ŝ" */
    0x0, 0x4, 0x84, 0x0, 0x0, 0x2, 0xfd, 0xf2,
    0x0, 0x1, 0xe7, 0x7, 0xe2, 0x0, 0x0, 0x0,
    0x0, 0x0, 0x0, 0x7d, 0xfe, 0xb5, 0x0, 0xaf,
    0xc9, 0xae, 0x90, 0xf, 0xc0, 0x0, 0x0, 0x0,
    0xfc, 0x0, 0x0, 0x0, 0xc, 0xf8, 0x0, 0x0,
    0x0, 0x2d, 0xfe, 0x81, 0x0, 0x0, 0x6, 0xdf,
    0xe3, 0x0, 0x0, 0x0, 0x6f, 0xd0, 0x0, 0x0,
    0x0, 0xbf, 0x0, 0x0, 0x0, 0xd, 0xf0, 0x3f,
    0xb9, 0x8d, 0xf8, 0x1, 0x9d, 0xfe, 0xc5, 0x0,

    /* U+015D "ŝ" */
    0x0, 0x6f, 0xf2, 0x0, 0x6, 0xe4, 0x8e, 0x30,
    0x3, 0x10, 0x1, 0x20, 0x3, 0xbe, 0xfd, 0x70,
    0xf, 0xd6, 0x69, 0x70, 0x2f, 0x80, 0x0, 0x0,
    0xd, 0xfa, 0x30, 0x0, 0x1, 0x8f, 0xfc, 0x20,
    0x0, 0x0, 0x7f, 0xd0, 0x0, 0x0, 0xa, 0xf0,
    0x3c, 0x86, 0x7f, 0xc0, 0x1b, 0xef, 0xea, 0x10,

    /* U+015E "Ş" */
    0x0, 0x7d, 0xfe, 0xb5, 0x0, 0xaf, 0xc9, 0xae,
    0x90, 0xf, 0xc0, 0x0, 0x0, 0x0, 0xfc, 0x0,
    0x0, 0x0, 0xc, 0xf8, 0x0, 0x0, 0x0, 0x2d,
    0xfe, 0x81, 0x0, 0x0, 0x6, 0xdf, 0xe3, 0x0,
    0x0, 0x0, 0x6f, 0xd0, 0x0, 0x0, 0x0, 0xbf,
    0x0, 0x0, 0x0, 0xd, 0xf0, 0x3f, 0xb9, 0x8d,
    0xf8, 0x1, 0xae, 0xff, 0xc5, 0x0, 0x0, 0x8,
    0x90, 0x0, 0x0, 0x0, 0x5d, 0x80, 0x0, 0x0,
    0x1, 0xab, 0x0, 0x0, 0x7, 0xfd, 0x30, 0x0,

    /* U+015F "ş" */
    0x3, 0xbe, 0xfd, 0x70, 0xf, 0xd6, 0x69, 0x70,
    0x2f, 0x80, 0x0, 0x0, 0xd, 0xfa, 0x30, 0x0,
    0x1, 0x8f, 0xfc, 0x20, 0x0, 0x0, 0x7f, 0xd0,
    0x0, 0x0, 0xa, 0xf0, 0x3c, 0x86, 0x7f, 0xc0,
    0x1b, 0xef, 0xfa, 0x10, 0x0, 0xd, 0x50, 0x0,
    0x0, 0x8, 0xf4, 0x0, 0x0, 0x11, 0xe7, 0x0,
    0x0, 0xbf, 0xb1, 0x0,

    /* U+0160 "Š" */
    0x1, 0x71, 0x0, 0x73, 0x0, 0x9, 0xe5, 0xdb,
    0x0, 0x0, 0xb, 0xfd, 0x0, 0x0, 0x0, 0x0,
    0x0, 0x0, 0x0, 0x7d, 0xfe, 0xb5, 0x0, 0xaf,
    0xc9, 0xae, 0x90, 0xf, 0xc0, 0x0, 0x0, 0x0,
    0xfc, 0x0, 0x0, 0x0, 0xc, 0xf8, 0x0, 0x0,
    0x0, 0x2d, 0xfe, 0x81, 0x0, 0x0, 0x6, 0xdf,
    0xe3, 0x0, 0x0, 0x0, 0x6f, 0xd0, 0x0, 0x0,
    0x0, 0xbf, 0x0, 0x0, 0x0, 0xd, 0xf0, 0x3f,
    0xb9, 0x8d, 0xf8, 0x1, 0x9d, 0xfe, 0xc5, 0x0,

    /* U+0161 "š" */
    0x9, 0xc2, 0x3d, 0x70, 0x0, 0x9f, 0xf7, 0x0,
    0x0, 0x3, 0x20, 0x0, 0x3, 0xbe, 0xfd, 0x70,
    0xf, 0xd6, 0x69, 0x70, 0x2f, 0x80, 0x0, 0x0,
    0xd, 0xfa, 0x30, 0x0, 0x1, 0x8f, 0xfc, 0x20,
    0x0, 0x0, 0x7f, 0xd0, 0x0, 0x0, 0xa, 0xf0,
    0x3c, 0x86, 0x7f, 0xc0, 0x1b, 0xef, 0xea, 0x10,

    /* U+0162 "Ţ" */
    0xcf, 0xff, 0xff, 0xff, 0xc6, 0x88, 0xbf, 0xb8,
    0x86, 0x0, 0x6, 0xf5, 0x0, 0x0, 0x0, 0x6f,
    0x50, 0x0, 0x0, 0x6, 0xf5, 0x0, 0x0, 0x0,
    0x6f, 0x50, 0x0, 0x0, 0x6, 0xf5, 0x0, 0x0,
    0x0, 0x6f, 0x50, 0x0, 0x0, 0x6, 0xf5, 0x0,
    0x0, 0x0, 0x6f, 0x50, 0x0, 0x0, 0x6, 0xf5,
    0x0, 0x0, 0x0, 0x6f, 0x50, 0x0, 0x0, 0x2,
    0xe0, 0x0, 0x0, 0x0, 0x3c, 0xc0, 0x0, 0x0,
    0x1, 0x5f, 0x10, 0x0, 0x2, 0xfe, 0x70, 0x0,

    /* U+0163 "ţ" */
    0x0, 0xf3, 0x0, 0x5, 0xf3, 0x0, 0x7f, 0xff,
    0xfa, 0x3a, 0xf7, 0x53, 0x8, 0xf3, 0x0, 0x8,
    0xf3, 0x0, 0x8, 0xf3, 0x0, 0x8, 0xf3, 0x0,
    0x7, 0xf3, 0x0, 0x4, 0xfc, 0x66, 0x0, 0x9f,
    0xf9, 0x0, 0xe, 0x30, 0x0, 0x18, 0xf3, 0x0,
    0x12, 0xf5, 0x0, 0xdf, 0xa0,

    /* U+0164 "Ť" */
    0x2, 0x71, 0x1, 0x72, 0x0, 0x9, 0xe5, 0xda,
    0x0, 0x0, 0xb, 0xfc, 0x0, 0x0, 0x0, 0x0,
    0x0, 0x0, 0xcf, 0xff, 0xff, 0xff, 0xc6, 0x88,
    0xbf, 0xb8, 0x86, 0x0, 0x6, 0xf5, 0x0, 0x0,
    0x0, 0x6f, 0x50, 0x0, 0x0, 0x6, 0xf5, 0x0,
    0x0, 0x0, 0x6f, 0x50, 0x0, 0x0, 0x6, 0xf5,
    0x0, 0x0, 0x0, 0x6f, 0x50, 0x0, 0x0, 0x6,
    0xf5, 0x0, 0x0, 0x0, 0x6f, 0x50, 0x0, 0x0,
    0x6, 0xf5, 0x0, 0x0, 0x0, 0x6f, 0x50, 0x0,

    /* U+0165 "ť" */
    0x0, 0x0, 0x0, 0xbd, 0x0, 0x51, 0x0, 0xe6,
    0x3, 0xf3, 0x1, 0x90, 0x6e, 0xff, 0xfa, 0x0,
    0x3a, 0xf7, 0x53, 0x0, 0x8, 0xf3, 0x0, 0x0,
    0x8, 0xf3, 0x0, 0x0, 0x8, 0xf3, 0x0, 0x0,
    0x8, 0xf3, 0x0, 0x0, 0x7, 0xf3, 0x0, 0x0,
    0x4, 0xfc, 0x66, 0x0, 0x0, 0x9e, 0xf9, 0x0,

    /* U+0166 "Ŧ" */
    0xcf, 0xff, 0xff, 0xff, 0xc6, 0x88, 0xbf, 0xb8,
    0x86, 0x0, 0x6, 0xf5, 0x0, 0x0, 0x0, 0x6f,
    0x50, 0x0, 0x0, 0x6, 0xf5, 0x0, 0x0, 0x12,
    0x7f, 0x72, 0x10, 0xa, 0xff, 0xff, 0xf9, 0x0,
    0x35, 0x9f, 0x85, 0x20, 0x0, 0x6, 0xf5, 0x0,
    0x0, 0x0, 0x6f, 0x50, 0x0, 0x0, 0x6, 0xf5,
    0x0, 0x0, 0x0, 0x6f, 0x50, 0x0,

    /* U+0167 "ŧ" */
    0x0, 0xf3, 0x0, 0x5, 0xf3, 0x0, 0x7f, 0xff,
    0xfa, 0x3a, 0xf7, 0x53, 0x8, 0xf3, 0x0, 0x9f,
    0xff, 0xf7, 0x19, 0xf5, 0x31, 0x8, 0xf3, 0x0,
    0x7, 0xf4, 0x0, 0x4, 0xfc, 0x66, 0x0, 0x8e,
    0xf9,

    /* U+0168 "Ũ" */
    0x0, 0x0, 0x0, 0x0, 0x0, 0x0, 0x8f, 0xc3,
    0x6b, 0x0, 0x1, 0xe5, 0xaf, 0xf4, 0x0, 0x0,
    0x20, 0x1, 0x10, 0x0, 0x9f, 0x20, 0x0, 0x5,
    0xf6, 0x9f, 0x20, 0x0, 0x5, 0xf6, 0x9f, 0x20,
    0x0, 0x5, 0xf6, 0x9f, 0x20, 0x0, 0x5, 0xf6,
    0x9f, 0x20, 0x0, 0x5, 0xf6, 0x9f, 0x20, 0x0,
    0x5, 0xf6, 0x9f, 0x20, 0x0, 0x5, 0xf6, 0x9f,
    0x20, 0x0, 0x5, 0xf6, 0x7f, 0x40, 0x0, 0x7,
    0xf4, 0x3f, 0xb0, 0x0, 0xd, 0xf0, 0xa, 0xfd,
    0x99, 0xef, 0x60, 0x0, 0x7d, 0xff, 0xc5, 0x0,

    /* U+0169 "ũ" */
    0x4, 0xed, 0x53, 0xe0, 0xc, 0x78, 0xff, 0x80,
    0x3, 0x0, 0x12, 0x0, 0xcf, 0x0, 0x0, 0xfb,
    0xcf, 0x0, 0x0, 0xfb, 0xcf, 0x0, 0x0, 0xfb,
    0xcf, 0x0, 0x0, 0xfb, 0xcf, 0x0, 0x0, 0xfb,
    0xcf, 0x0, 0x0, 0xfb, 0xaf, 0x10, 0x5, 0xfb,
    0x6f, 0xb5, 0x6e, 0xfb, 0x8, 0xef, 0xd5, 0xbb,

    /* U+016A "Ū" */
    0x0, 0x0, 0x0, 0x0, 0x0, 0x0, 0x9f, 0xff,
    0xf5, 0x0, 0x0, 0x23, 0x33, 0x31, 0x0, 0x9f,
    0x20, 0x0, 0x5, 0xf6, 0x9f, 0x20, 0x0, 0x5,
    0xf6, 0x9f, 0x20, 0x0, 0x5, 0xf6, 0x9f, 0x20,
    0x0, 0x5, 0xf6, 0x9f, 0x20, 0x0, 0x5, 0xf6,
    0x9f, 0x20, 0x0, 0x5, 0xf6, 0x9f, 0x20, 0x0,
    0x5, 0xf6, 0x9f, 0x20, 0x0, 0x5, 0xf6, 0x7f,
    0x40, 0x0, 0x7, 0xf4, 0x3f, 0xb0, 0x0, 0xd,
    0xf0, 0xa, 0xfd, 0x99, 0xef, 0x60, 0x0, 0x7d,
    0xff, 0xc5, 0x0,

    /* U+016B "ū" */
    0x0, 0x0, 0x0, 0x0, 0x7, 0xff, 0xff, 0x70,
    0x1, 0x33, 0x33, 0x10, 0xcf, 0x0, 0x0, 0xfb,
    0xcf, 0x0, 0x0, 0xfb, 0xcf, 0x0, 0x0, 0xfb,
    0xcf, 0x0, 0x0, 0xfb, 0xcf, 0x0, 0x0, 0xfb,
    0xcf, 0x0, 0x0, 0xfb, 0xaf, 0x10, 0x5, 0xfb,
    0x6f, 0xb5, 0x6e, 0xfb, 0x8, 0xef, 0xd5, 0xbb,

    /* U+016C "Ŭ" */
    0x0, 0x52, 0x0, 0x34, 0x0, 0x0, 0x8a, 0x12,
    0xc5, 0x0, 0x0, 0x1d, 0xff, 0xb0, 0x0, 0x0,
    0x0, 0x22, 0x0, 0x0, 0x9f, 0x20, 0x0, 0x5,
    0xf6, 0x9f, 0x20, 0x0, 0x5, 0xf6, 0x9f, 0x20,
    0x0, 0x5, 0xf6, 0x9f, 0x20, 0x0, 0x5, 0xf6,
    0x9f, 0x20, 0x0, 0x5, 0xf6, 0x9f, 0x20, 0x0,
    0x5, 0xf6, 0x9f, 0x20, 0x0, 0x5, 0xf6, 0x9f,
    0x20, 0x0, 0x5, 0xf6, 0x7f, 0x40, 0x0, 0x7,
    0xf4, 0x3f, 0xb0, 0x0, 0xd, 0xf0, 0xa, 0xfd,
    0x99, 0xef, 0x60, 0x0, 0x7d, 0xff, 0xc5, 0x0,

    /* U+016D "ŭ" */
    0x7, 0xa1, 0x29, 0x90, 0x1, 0xdf, 0xfd, 0x10,
    0x0, 0x2, 0x20, 0x0, 0xcf, 0x0, 0x0, 0xfb,
    0xcf, 0x0, 0x0, 0xfb, 0xcf, 0x0, 0x0, 0xfb,
    0xcf, 0x0, 0x0, 0xfb, 0xcf, 0x0, 0x0, 0xfb,
    0xcf, 0x0, 0x0, 0xfb, 0xaf, 0x10, 0x5, 0xfb,
    0x6f, 0xb5, 0x6e, 0xfb, 0x8, 0xef, 0xd5, 0xbb,

    /* U+016E "Ů" */
    0x0, 0x5, 0xdc, 0x20, 0x0, 0x0, 0xe, 0x27,
    0x90, 0x0, 0x0, 0xe, 0x27, 0x90, 0x0, 0x0,
    0x5, 0xdc, 0x20, 0x0, 0x0, 0x0, 0x0, 0x0,
    0x0, 0x9f, 0x20, 0x0, 0x5, 0xf6, 0x9f, 0x20,
    0x0, 0x5, 0xf6, 0x9f, 0x20, 0x0, 0x5, 0xf6,
    0x9f, 0x20, 0x0, 0x5, 0xf6, 0x9f, 0x20, 0x0,
    0x5, 0xf6, 0x9f, 0x20, 0x0, 0x5, 0xf6, 0x9f,
    0x20, 0x0, 0x5, 0xf6, 0x9f, 0x20, 0x0, 0x5,
    0xf6, 0x7f, 0x40, 0x0, 0x7, 0xf4, 0x3f, 0xb0,
    0x0, 0xd, 0xf0, 0xa, 0xfd, 0x99, 0xef, 0x60,
    0x0, 0x7d, 0xff, 0xc5, 0x0,

    /* U+016F "ů" */
    0x0, 0x3d, 0xd3, 0x0, 0x0, 0xb5, 0x5c, 0x0,
    0x0, 0xb4, 0x5c, 0x0, 0x0, 0x3d, 0xd3, 0x0,
    0x0, 0x0, 0x0, 0x0, 0xcf, 0x0, 0x0, 0xfb,
    0xcf, 0x0, 0x0, 0xfb, 0xcf, 0x0, 0x0, 0xfb,
    0xcf, 0x0, 0x0, 0xfb, 0xcf, 0x0, 0x0, 0xfb,
    0xcf, 0x0, 0x0, 0xfb, 0xaf, 0x10, 0x5, 0xfb,
    0x6f, 0xb5, 0x6e, 0xfb, 0x8, 0xef, 0xd5, 0xbb,

    /* U+0170 "Ű" */
    0x0, 0x9, 0x80, 0x97, 0x0, 0x0, 0x6f, 0x47,
    0xf3, 0x0, 0x1, 0xe5, 0x1e, 0x40, 0x0, 0x0,
    0x0, 0x0, 0x0, 0x0, 0x9f, 0x20, 0x0, 0x5,
    0xf6, 0x9f, 0x20, 0x0, 0x5, 0xf6, 0x9f, 0x20,
    0x0, 0x5, 0xf6, 0x9f, 0x20, 0x0, 0x5, 0xf6,
    0x9f, 0x20, 0x0, 0x5, 0xf6, 0x9f, 0x20, 0x0,
    0x5, 0xf6, 0x9f, 0x20, 0x0, 0x5, 0xf6, 0x9f,
    0x20, 0x0, 0x5, 0xf6, 0x7f, 0x40, 0x0, 0x7,
    0xf4, 0x3f, 0xb0, 0x0, 0xd, 0xf0, 0xa, 0xfd,
    0x99, 0xef, 0x60, 0x0, 0x7d, 0xff, 0xc5, 0x0,

    /* U+0171 "ű" */
    0x0, 0xed, 0x1f, 0xc0, 0x7, 0xe1, 0x9d, 0x10,
    0x9, 0x21, 0x91, 0x0, 0xcf, 0x0, 0x0, 0xfb,
    0xcf, 0x0, 0x0, 0xfb, 0xcf, 0x0, 0x0, 0xfb,
    0xcf, 0x0, 0x0, 0xfb, 0xcf, 0x0, 0x0, 0xfb,
    0xcf, 0x0, 0x0, 0xfb, 0xaf, 0x10, 0x5, 0xfb,
    0x6f, 0xb5, 0x6e, 0xfb, 0x8, 0xef, 0xd5, 0xbb,

    /* U+0172 "Ų" */
    0x9f, 0x20, 0x0, 0x5, 0xf6, 0x9f, 0x20, 0x0,
    0x5, 0xf6, 0x9f, 0x20, 0x0, 0x5, 0xf6, 0x9f,
    0x20, 0x0, 0x5, 0xf6, 0x9f, 0x20, 0x0, 0x5,
    0xf6, 0x9f, 0x20, 0x0, 0x5, 0xf6, 0x9f, 0x20,
    0x0, 0x5, 0xf6, 0x9f, 0x20, 0x0, 0x5, 0xf6,
    0x7f, 0x40, 0x0, 0x7, 0xf5, 0x3f, 0xb0, 0x0,
    0xd, 0xf2, 0xa, 0xfd, 0x99, 0xef, 0xa0, 0x0,
    0x7d, 0xff, 0xfc, 0x0, 0x0, 0x0, 0x4, 0xf2,
    0x0, 0x0, 0x0, 0xa, 0xa0, 0x0, 0x0, 0x0,
    0xb, 0xb2, 0x0, 0x0, 0x0, 0x4, 0xef, 0x0,

    /* U+0173 "ų" */
    0xcf, 0x0, 0x0, 0xfb, 0xcf, 0x0, 0x0, 0xfb,
    0xcf, 0x0, 0x0, 0xfb, 0xcf, 0x0, 0x0, 0xfb,
    0xcf, 0x0, 0x0, 0xfb, 0xcf, 0x0, 0x0, 0xfb,
    0xaf, 0x10, 0x5, 0xfb, 0x6f, 0xb5, 0x6e, 0xfb,
    0x8, 0xef, 0xd5, 0xdc, 0x0, 0x0, 0x3, 0xd1,
    0x0, 0x0, 0xc, 0x60, 0x0, 0x0, 0xf, 0x82,
    0x0, 0x0, 0x7, 0xfc,

    /* U+0174 "Ŵ" */
    0x0, 0x0, 0x0, 0x48, 0x40, 0x0, 0x0, 0x0,
    0x0, 0x0, 0x2f, 0xdf, 0x20, 0x0, 0x0, 0x0,
    0x0, 0x2e, 0x70, 0x8e, 0x20, 0x0, 0x0, 0x0,
    0x0, 0x0, 0x0, 0x0, 0x0, 0x0, 0xcf, 0x0,
    0x0, 0x8f, 0x70, 0x0, 0xf, 0xc8, 0xf4, 0x0,
    0xc, 0xfc, 0x0, 0x3, 0xf8, 0x4f, 0x70, 0x0,
    0xfd, 0xf0, 0x0, 0x7f, 0x40, 0xfb, 0x0, 0x5f,
    0x6f, 0x50, 0xa, 0xf0, 0xc, 0xf0, 0x9, 0xf0,
    0xf9, 0x0, 0xec, 0x0, 0x8f, 0x30, 0xdb, 0xb,
    0xd0, 0x2f, 0x80, 0x4, 0xf7, 0x1f, 0x60, 0x6f,
    0x26, 0xf4, 0x0, 0xf, 0xa6, 0xf2, 0x2, 0xf6,
    0x9f, 0x0, 0x0, 0xce, 0x9e, 0x0, 0xe, 0xad,
    0xc0, 0x0, 0x8, 0xfd, 0x90, 0x0, 0x9d, 0xf8,
    0x0, 0x0, 0x4f, 0xf5, 0x0, 0x5, 0xff, 0x40,
    0x0, 0x0, 0xff, 0x10, 0x0, 0x1f, 0xf0, 0x0,

    /* U+0175 "ŵ" */
    0x0, 0x0, 0xc, 0xfb, 0x0, 0x0, 0x0, 0x0,
    0x1c, 0xa2, 0xbb, 0x0, 0x0, 0x0, 0x0, 0x10,
    0x0, 0x10, 0x0, 0xb, 0xf0, 0x0, 0x9f, 0x80,
    0x1, 0xf9, 0x6f, 0x40, 0xe, 0xfc, 0x0, 0x5f,
    0x52, 0xf8, 0x2, 0xf9, 0xf1, 0x9, 0xf1, 0xe,
    0xc0, 0x7f, 0x2f, 0x50, 0xdc, 0x0, 0xaf, 0xb,
    0xb0, 0xda, 0x1f, 0x80, 0x5, 0xf4, 0xf7, 0x9,
    0xe5, 0xf4, 0x0, 0x1f, 0xaf, 0x20, 0x4f, 0xaf,
    0x0, 0x0, 0xdf, 0xe0, 0x0, 0xff, 0xb0, 0x0,
    0x9, 0xf9, 0x0, 0xb, 0xf7, 0x0,

    /* U+0176 "Ŷ" */
    0x0, 0x3, 0x85, 0x0, 0x0, 0x0, 0x1e, 0xdf,
    0x40, 0x0, 0x0, 0xd9, 0x6, 0xe3, 0x0, 0x0,
    0x0, 0x0, 0x0, 0x0, 0xbf, 0x20, 0x0, 0xc,
    0xf1, 0x3f, 0xa0, 0x0, 0x4f, 0x90, 0xb, 0xf2,
    0x0, 0xcf, 0x10, 0x3, 0xfa, 0x5, 0xf8, 0x0,
    0x0, 0xbf, 0x2d, 0xf1, 0x0, 0x0, 0x2f, 0xdf,
    0x70, 0x0, 0x0, 0xa, 0xfe, 0x0, 0x0, 0x0,
    0x3, 0xf8, 0x0, 0x0, 0x0, 0x3, 0xf8, 0x0,
    0x0, 0x0, 0x3, 0xf8, 0x0, 0x0, 0x0, 0x3,
    0xf8, 0x0, 0x0, 0x0, 0x3, 0xf8, 0x0, 0x0,

    /* U+0177 "ŷ" */
    0x0, 0x2e, 0xf8, 0x0, 0x0, 0x3e, 0x73, 0xd8,
    0x0, 0x1, 0x10, 0x0, 0x20, 0xc, 0xf0, 0x0,
    0x8, 0xf4, 0x6f, 0x50, 0x0, 0xde, 0x0, 0xfb,
    0x0, 0x3f, 0x80, 0xa, 0xf1, 0x8, 0xf2, 0x0,
    0x4f, 0x60, 0xdd, 0x0, 0x0, 0xdb, 0x3f, 0x70,
    0x0, 0x7, 0xf8, 0xf1, 0x0, 0x0, 0x1f, 0xfb,
    0x0, 0x0, 0x0, 0xbf, 0x50, 0x0, 0x0, 0xb,
    0xf0, 0x0, 0x0, 0x3, 0xf9, 0x0, 0x0, 0x57,
    0xef, 0x20, 0x0, 0xa, 0xfc, 0x30, 0x0, 0x0,

    /* U+0178 "Ÿ" */
    0x0, 0x9c, 0x7, 0xd0, 0x0, 0x0, 0x69, 0x4,
    0xa0, 0x0, 0x0, 0x0, 0x0, 0x0, 0x0, 0xbf,
    0x20, 0x0, 0xc, 0xf1, 0x3f, 0xa0, 0x0, 0x4f,
    0x90, 0xb, 0xf2, 0x0, 0xcf, 0x10, 0x3, 0xfa,
    0x5, 0xf8, 0x0, 0x0, 0xbf, 0x2d, 0xf1, 0x0,
    0x0, 0x2f, 0xdf, 0x70, 0x0, 0x0, 0xa, 0xfe,
    0x0, 0x0, 0x0, 0x3, 0xf8, 0x0, 0x0, 0x0,
    0x3, 0xf8, 0x0, 0x0, 0x0, 0x3, 0xf8, 0x0,
    0x0, 0x0, 0x3, 0xf8, 0x0, 0x0, 0x0, 0x3,
    0xf8, 0x0, 0x0,

    /* U+0179 "Ź" */
    0x0, 0x0, 0x7, 0x70, 0x0, 0x0, 0x7, 0xf6,
    0x0, 0x0, 0x3, 0xe5, 0x0, 0x0, 0x0, 0x0,
    0x0, 0x0, 0x4f, 0xff, 0xff, 0xff, 0x72, 0x88,
    0x88, 0x8e, 0xf4, 0x0, 0x0, 0x3, 0xfb, 0x0,
    0x0, 0x0, 0xdf, 0x10, 0x0, 0x0, 0x7f, 0x60,
    0x0, 0x0, 0x2f, 0xc0, 0x0, 0x0, 0xc, 0xf2,
    0x0, 0x0, 0x6, 0xf8, 0x0, 0x0, 0x1, 0xed,
    0x0, 0x0, 0x0, 0xaf, 0x30, 0x0, 0x0, 0x4f,
    0xe8, 0x88, 0x88, 0x57, 0xff, 0xff, 0xff, 0xfa,

    /* U+017A "ź" */
    0x0, 0x0, 0xde, 0x20, 0x0, 0xb, 0xb1, 0x0,
    0x0, 0x1, 0x0, 0x0, 0x2f, 0xff, 0xff, 0xe0,
    0x5, 0x55, 0x7f, 0xb0, 0x0, 0x0, 0xbf, 0x10,
    0x0, 0x6, 0xf5, 0x0, 0x0, 0x2f, 0xb0, 0x0,
    0x0, 0xce, 0x10, 0x0, 0x7, 0xf5, 0x0, 0x0,
    0x2f, 0xd5, 0x55, 0x50, 0x6f, 0xff, 0xff, 0xf0,

    /* U+017B "Ż" */
    0x0, 0x0, 0x0, 0x0, 0x0, 0x0, 0x2e, 0x60,
    0x0, 0x0, 0x2, 0xe6, 0x0, 0x0, 0x0, 0x0,
    0x0, 0x0, 0x4f, 0xff, 0xff, 0xff, 0x72, 0x88,
    0x88, 0x8e, 0xf4, 0x0, 0x0, 0x3, 0xfb, 0x0,
    0x0, 0x0, 0xdf, 0x10, 0x0, 0x0, 0x7f, 0x60,
    0x0, 0x0, 0x2f, 0xc0, 0x0, 0x0, 0xc, 0xf2,
    0x0, 0x0, 0x6, 0xf8, 0x0, 0x0, 0x1, 0xed,
    0x0, 0x0, 0x0, 0xaf, 0x30, 0x0, 0x0, 0x4f,
    0xe8, 0x88, 0x88, 0x57, 0xff, 0xff, 0xff, 0xfa,

    /* U+017C "ż" */
    0x0, 0xd, 0x90, 0x0, 0x0, 0xd, 0x90, 0x0,
    0x0, 0x0, 0x0, 0x0, 0x2f, 0xff, 0xff, 0xe0,
    0x5, 0x55, 0x7f, 0xb0, 0x0, 0x0, 0xbf, 0x10,
    0x0, 0x6, 0xf5, 0x0, 0x0, 0x2f, 0xb0, 0x0,
    0x0, 0xce, 0x10, 0x0, 0x7, 0xf5, 0x0, 0x0,
    0x2f, 0xd5, 0x55, 0x50, 0x6f, 0xff, 0xff, 0xf0,

    /* U+017D "Ž" */
    0x1, 0x72, 0x0, 0x63, 0x0, 0x7, 0xf5, 0xcc,
    0x0, 0x0, 0x9, 0xfe, 0x10, 0x0, 0x0, 0x0,
    0x0, 0x0, 0x4f, 0xff, 0xff, 0xff, 0x72, 0x88,
    0x88, 0x8e, 0xf4, 0x0, 0x0, 0x3, 0xfb, 0x0,
    0x0, 0x0, 0xdf, 0x10, 0x0, 0x0, 0x7f, 0x60,
    0x0, 0x0, 0x2f, 0xc0, 0x0, 0x0, 0xc, 0xf2,
    0x0, 0x0, 0x6, 0xf8, 0x0, 0x0, 0x1, 0xed,
    0x0, 0x0, 0x0, 0xaf, 0x30, 0x0, 0x0, 0x4f,
    0xe8, 0x88, 0x88, 0x57, 0xff, 0xff, 0xff, 0xfa,

    /* U+017E "ž" */
    0xa, 0xc2, 0x4e, 0x60, 0x0, 0x9f, 0xf5, 0x0,
    0x0, 0x2, 0x10, 0x0, 0x2f, 0xff, 0xff, 0xe0,
    0x5, 0x55, 0x7f, 0xb0, 0x0, 0x0, 0xbf, 0x10,
    0x0, 0x6, 0xf5, 0x0, 0x0, 0x2f, 0xb0, 0x0,
    0x0, 0xce, 0x10, 0x0, 0x7, 0xf5, 0x0, 0x0,
    0x2f, 0xd5, 0x55, 0x50, 0x6f, 0xff, 0xff, 0xf0,

    /* U+017F "ſ" */
    0x8, 0xef, 0xb6, 0xfb, 0x76, 0x9f, 0x10, 0xa,
    0xf0, 0x0, 0xaf, 0x0, 0xa, 0xf0, 0x0, 0xaf,
    0x0, 0xa, 0xf0, 0x0, 0xaf, 0x0, 0xa, 0xf0,
    0x0, 0xaf, 0x0, 0xa, 0xf0, 0x0,

    /* U+0180 "ƀ" */
    0xa, 0xf0, 0x0, 0x0, 0x0, 0xef, 0xff, 0xff,
    0x20, 0x0, 0x2b, 0xf3, 0x33, 0x0, 0x0, 0xa,
    0xf3, 0xcf, 0xd6, 0x0, 0xa, 0xfe, 0x98, 0xdf,
    0x60, 0xa, 0xf6, 0x0, 0x1f, 0xd0, 0xa, 0xf2,
    0x0, 0xc, 0xf0, 0xa, 0xf1, 0x0, 0xa, 0xf1,
    0xa, 0xf2, 0x0, 0xc, 0xf0, 0xa, 0xf7, 0x0,
    0x1f, 0xd0, 0xa, 0xff, 0x98, 0xdf, 0x60, 0xa,
    0xb4, 0xdf, 0xd6, 0x0,

    /* U+0181 "Ɓ" */
    0x3c, 0xff, 0xff, 0xfe, 0xc6, 0x0, 0xbf, 0x9f,
    0xd8, 0x89, 0xef, 0x60, 0xda, 0xf, 0xb0, 0x0,
    0x3f, 0xb0, 0x11, 0xf, 0xb0, 0x0, 0x1f, 0xa0,
    0x0, 0xf, 0xc2, 0x23, 0xbf, 0x40, 0x0, 0xf,
    0xff, 0xff, 0xf5, 0x0, 0x0, 0xf, 0xc5, 0x56,
    0xcf, 0x70, 0x0, 0xf, 0xb0, 0x0, 0xe, 0xf0,
    0x0, 0xf, 0xb0, 0x0, 0xc, 0xf1, 0x0, 0xf,
    0xb0, 0x0, 0x1f, 0xf0, 0x0, 0xf, 0xd8, 0x89,
    0xef, 0x80, 0x0, 0xf, 0xff, 0xff, 0xc6, 0x0,

    /* U+0182 "Ƃ" */
    0x7f, 0xff, 0xff, 0xf7, 0x7, 0xfa, 0x88, 0x88,
    0x30, 0x7f, 0x40, 0x0, 0x0, 0x7, 0xf4, 0x0,
    0x0, 0x0, 0x7f, 0x40, 0x0, 0x0, 0x7, 0xff,
    0xff, 0xc7, 0x0, 0x7f, 0xa8, 0x9d, 0xf9, 0x7,
    0xf4, 0x0, 0xd, 0xf0, 0x7f, 0x40, 0x0, 0xaf,
    0x27, 0xf4, 0x0, 0xd, 0xf0, 0x7f, 0xa8, 0x9d,
    0xf9, 0x7, 0xff, 0xff, 0xd7, 0x0,

    /* U+0183 "ƃ" */
    0xaf, 0xff, 0xff, 0xf4, 0xa, 0xf7, 0x77, 0x77,
    0x10, 0xaf, 0x0, 0x0, 0x0, 0xa, 0xf3, 0xcf,
    0xd6, 0x0, 0xaf, 0xe9, 0x8d, 0xf6, 0xa, 0xf6,
    0x0, 0x1f, 0xd0, 0xaf, 0x20, 0x0, 0xcf, 0xa,
    0xf1, 0x0, 0xa, 0xf1, 0xaf, 0x20, 0x0, 0xcf,
    0xa, 0xf7, 0x0, 0x1f, 0xd0, 0xaf, 0xf9, 0x8d,
    0xf6, 0xa, 0xb4, 0xdf, 0xd6, 0x0,

    /* U+0184 "Ƅ" */
    0x9f, 0x20, 0x0, 0x0, 0x9, 0xf2, 0x0, 0x0,
    0x0, 0x9f, 0x20, 0x0, 0x0, 0x9, 0xf2, 0x0,
    0x0, 0x0, 0x9f, 0x20, 0x0, 0x0, 0x9, 0xff,
    0xff, 0xd9, 0x10, 0x9f, 0x98, 0x9c, 0xfd, 0x9,
    0xf2, 0x0, 0x8, 0xf5, 0x9f, 0x20, 0x0, 0x4f,
    0x76, 0xf6, 0x0, 0x8, 0xf5, 0x1e, 0xfa, 0x8b,
    0xfd, 0x0, 0x2a, 0xef, 0xea, 0x10,

    /* U+0185 "ƅ" */
    0xbf, 0x0, 0x0, 0x0, 0xb, 0xf0, 0x0, 0x0,
    0x0, 0xbf, 0x0, 0x0, 0x0, 0xb, 0xf4, 0xdf,
    0xd6, 0x0, 0xbf, 0xe8, 0x7d, 0xf5, 0xb, 0xf5,
    0x0, 0x1f, 0xc0, 0xbf, 0x10, 0x0, 0xcf, 0xb,
    0xf0, 0x0, 0xb, 0xf0, 0xaf, 0x10, 0x0, 0xcf,
    0x7, 0xf7, 0x0, 0x1f, 0xc0, 0x1e, 0xf9, 0x8d,
    0xf4, 0x0, 0x1a, 0xef, 0xc4, 0x0,

    /* U+0186 "Ɔ" */
    0x2a, 0xdf, 0xec, 0x60, 0x0, 0x2f, 0xb9, 0x9e,
    0xfb, 0x0, 0x0, 0x0, 0x0, 0xbf, 0x60, 0x0,
    0x0, 0x0, 0x2f, 0xd0, 0x0, 0x0, 0x0, 0xc,
    0xf1, 0x0, 0x0, 0x0, 0xa, 0xf2, 0x0, 0x0,
    0x0, 0xa, 0xf2, 0x0, 0x0, 0x0, 0xc, 0xf1,
    0x0, 0x0, 0x0, 0x2f, 0xc0, 0x0, 0x0, 0x0,
    0xcf, 0x50, 0xd, 0xa8, 0x9e, 0xf9, 0x0, 0xa,
    0xef, 0xec, 0x50, 0x0,

    /* U+0187 "Ƈ" */
    0x0, 0x0, 0x0, 0x0, 0x0, 0x10, 0x0, 0x0,
    0x0, 0x0, 0x5f, 0xf2, 0x0, 0x0, 0x0, 0x0,
    0xcd, 0x51, 0x0, 0x3, 0xae, 0xfd, 0xf8, 0x0,
    0x0, 0x6f, 0xfa, 0x9b, 0xf3, 0x0, 0x2, 0xfe,
    0x20, 0x0, 0x10, 0x0, 0x9, 0xf5, 0x0, 0x0,
    0x0, 0x0, 0xe, 0xf0, 0x0, 0x0, 0x0, 0x0,
    0xf, 0xd0, 0x0, 0x0, 0x0, 0x0, 0xf, 0xd0,
    0x0, 0x0, 0x0, 0x0, 0xe, 0xf0, 0x0, 0x0,
    0x0, 0x0, 0xa, 0xf4, 0x0, 0x0, 0x0, 0x0,
    0x4, 0xfd, 0x10, 0x0, 0x0, 0x0, 0x0, 0x9f,
    0xea, 0x8a, 0xd2, 0x0, 0x0, 0x5, 0xce, 0xfe,
    0xb1, 0x0,

    /* U+0188 "ƈ" */
    0x0, 0x0, 0x0, 0x7f, 0xc0, 0x0, 0x0, 0xf,
    0xc7, 0x0, 0x0, 0x1, 0xf5, 0x0, 0x4, 0xcf,
    0xff, 0x40, 0x5, 0xfe, 0x89, 0xc0, 0x0, 0xdf,
    0x10, 0x0, 0x0, 0x1f, 0xb0, 0x0, 0x0, 0x2,
    0xf9, 0x0, 0x0, 0x0, 0x1f, 0xb0, 0x0, 0x0,
    0x0, 0xdf, 0x10, 0x0, 0x0, 0x6, 0xfe, 0x88,
    0xc2, 0x0, 0x5, 0xcf, 0xfb, 0x10,

    /* U+0189 "Ɖ" */
    0x6, 0xff, 0xff, 0xd8, 0x10, 0x0, 0x6f, 0xa7,
    0x8b, 0xfe, 0x30, 0x6, 0xf5, 0x0, 0x4, 0xfe,
    0x0, 0x6f, 0x50, 0x0, 0x8, 0xf5, 0x6, 0xf5,
    0x0, 0x0, 0x3f, 0x94, 0xbf, 0xa8, 0x70, 0x1,
    0xfb, 0x9f, 0xff, 0xff, 0x0, 0x1f, 0xb0, 0x6f,
    0x50, 0x0, 0x4, 0xf9, 0x6, 0xf5, 0x0, 0x0,
    0x9f, 0x50, 0x6f, 0x50, 0x0, 0x6f, 0xd0, 0x6,
    0xfa, 0x89, 0xdf, 0xe2, 0x0, 0x6f, 0xff, 0xfc,
    0x71, 0x0,

    /* U+018A "Ɗ" */
    0x3c, 0xff, 0xff, 0xfe, 0xb5, 0x0, 0xb, 0xf9,
    0xfd, 0x88, 0x9e, 0xf9, 0x0, 0xda, 0xf, 0xb0,
    0x0, 0xb, 0xf6, 0x2, 0x20, 0xfb, 0x0, 0x0,
    0x1f, 0xd0, 0x0, 0xf, 0xb0, 0x0, 0x0, 0xbf,
    0x10, 0x0, 0xfb, 0x0, 0x0, 0x9, 0xf3, 0x0,
    0xf, 0xb0, 0x0, 0x0, 0x9f, 0x30, 0x0, 0xfb,
    0x0, 0x0, 0xc, 0xf1, 0x0, 0xf, 0xb0, 0x0,
    0x2, 0xfd, 0x0, 0x0, 0xfb, 0x0, 0x1, 0xcf,
    0x50, 0x0, 0xf, 0xd8, 0x8a, 0xff, 0x80, 0x0,
    0x0, 0xff, 0xff, 0xea, 0x40, 0x0,

    /* U+018B "Ƌ" */
    0x7, 0xff, 0xff, 0xff, 0x70, 0x38, 0x88, 0x8a,
    0xf7, 0x0, 0x0, 0x0, 0x4f, 0x70, 0x0, 0x0,
    0x4, 0xf7, 0x0, 0x0, 0x0, 0x4f, 0x70, 0x5,
    0xce, 0xff, 0xf7, 0x8, 0xfe, 0x98, 0xaf, 0x70,
    0xfd, 0x0, 0x4, 0xf7, 0x3f, 0x90, 0x0, 0x4f,
    0x71, 0xfd, 0x0, 0x4, 0xf7, 0xa, 0xfd, 0x98,
    0xaf, 0x70, 0x8, 0xdf, 0xff, 0xf7,

    /* U+018C "ƌ" */
    0x4, 0xff, 0xff, 0xff, 0x90, 0x27, 0x77, 0x77,
    0xf9, 0x0, 0x0, 0x0, 0x1f, 0x90, 0x7, 0xef,
    0xc3, 0xf9, 0x6, 0xfd, 0x79, 0xef, 0x90, 0xef,
    0x10, 0x7, 0xf9, 0x1f, 0xb0, 0x0, 0x2f, 0x92,
    0xf9, 0x0, 0x1, 0xf9, 0x1f, 0xb0, 0x0, 0x2f,
    0x90, 0xef, 0x10, 0x6, 0xf9, 0x7, 0xfd, 0x79,
    0xef, 0x90, 0x7, 0xef, 0xc2, 0xd9,

    /* U+018D "ƍ" */
    0x3, 0xbf, 0xfc, 0x40, 0x2, 0xfe, 0x87, 0xef,
    0x40, 0xaf, 0x30, 0x1, 0xfd, 0xd, 0xd0, 0x0,
    0xb, 0xf0, 0xdc, 0x0, 0x0, 0xbf, 0xb, 0xf1,
    0x0, 0xe, 0xc0, 0x3f, 0xc1, 0xa, 0xf4, 0x0,
    0x5f, 0xee, 0xd4, 0x0, 0x0, 0x2b, 0xfb, 0x0,
    0x0, 0x0, 0x7, 0xf8, 0x0, 0x2, 0x0, 0xf,
    0xb0, 0x5, 0xf8, 0x6a, 0xf7, 0x0, 0x19, 0xef,
    0xe8, 0x0, 0x0,

    /* U+018E "Ǝ" */
    0xf, 0xff, 0xff, 0xf6, 0x8, 0x88, 0x8a, 0xf6,
    0x0, 0x0, 0x5, 0xf6, 0x0, 0x0, 0x5, 0xf6,
    0x0, 0x0, 0x5, 0xf6, 0xc, 0xff, 0xff, 0xf6,
    0x6, 0x88, 0x8a, 0xf6, 0x0, 0x0, 0x5, 0xf6,
    0x0, 0x0, 0x5, 0xf6, 0x0, 0x0, 0x5, 0xf6,
    0x8, 0x88, 0x8b, 0xf6, 0xf, 0xff, 0xff, 0xf6,

    /* U+018F "Ə" */
    0x7, 0xce, 0xfe, 0xb4, 0x0, 0x4, 0xfc, 0x98,
    0x9e, 0xf8, 0x0, 0x11, 0x0, 0x0, 0xb, 0xf5,
    0x0, 0x0, 0x0, 0x0, 0x2f, 0xc0, 0x0, 0x0,
    0x0, 0x0, 0xcf, 0x18, 0x88, 0x88, 0x88, 0x8d,
    0xf2, 0xef, 0xff, 0xff, 0xff, 0xff, 0x2d, 0xe0,
    0x0, 0x0, 0xb, 0xf1, 0xaf, 0x10, 0x0, 0x0,
    0xed, 0x4, 0xf9, 0x0, 0x0, 0xaf, 0x60, 0xa,
    0xfc, 0x89, 0xdf, 0xa0, 0x0, 0x6, 0xcf, 0xfc,
    0x60, 0x0,

    /* U+0190 "Ɛ" */
    0x0, 0x4c, 0xef, 0xd8, 0x10, 0x4, 0xfe, 0x87,
    0x9f, 0xc0, 0xa, 0xf3, 0x0, 0x1, 0x10, 0x9,
    0xf2, 0x0, 0x0, 0x0, 0x2, 0xed, 0x53, 0x21,
    0x0, 0x0, 0x2b, 0xff, 0xf9, 0x0, 0x5, 0xfd,
    0x85, 0x53, 0x0, 0xf, 0xd0, 0x0, 0x0, 0x0,
    0x2f, 0xa0, 0x0, 0x0, 0x0, 0xf, 0xe0, 0x0,
    0x0, 0x10, 0x8, 0xfe, 0x87, 0x8b, 0xf0, 0x0,
    0x6c, 0xff, 0xec, 0x70,

    /* U+0191 "Ƒ" */
    0x0, 0x0, 0xcf, 0xff, 0xff, 0x50, 0x0, 0xc,
    0xf8, 0x88, 0x82, 0x0, 0x0, 0xcf, 0x0, 0x0,
    0x0, 0x0, 0xc, 0xf0, 0x0, 0x0, 0x0, 0x0,
    0xcf, 0x0, 0x0, 0x0, 0x0, 0xc, 0xff, 0xff,
    0xf1, 0x0, 0x0, 0xcf, 0x88, 0x88, 0x0, 0x0,
    0xc, 0xf0, 0x0, 0x0, 0x0, 0x0, 0xcf, 0x0,
    0x0, 0x0, 0x0, 0xc, 0xf0, 0x0, 0x0, 0x0,
    0x0, 0xcf, 0x0, 0x0, 0x0, 0x0, 0xc, 0xf0,
    0x0, 0x0, 0x16, 0x0, 0xcf, 0x0, 0x0, 0x3,
    0xf5, 0xd, 0xd0, 0x0, 0x0, 0x1f, 0xc9, 0xfa,
    0x0, 0x0, 0x0, 0x6e, 0xfa, 0x10, 0x0, 0x0,

    /* U+0192 "ƒ" */
    0x0, 0x0, 0x1b, 0xff, 0x80, 0x0, 0xa, 0xf8,
    0x74, 0x0, 0x0, 0xdd, 0x0, 0x0, 0x2, 0xcf,
    0xff, 0xf0, 0x0, 0x15, 0xed, 0x54, 0x0, 0x0,
    0xe, 0xd0, 0x0, 0x0, 0x0, 0xed, 0x0, 0x0,
    0x0, 0xe, 0xd0, 0x0, 0x0, 0x0, 0xed, 0x0,
    0x0, 0x0, 0xe, 0xd0, 0x0, 0x0, 0x0, 0xed,
    0x0, 0x0, 0x0, 0xe, 0xd0, 0x0, 0x2, 0x0,
    0xed, 0x0, 0x1, 0xf6, 0xe, 0xc0, 0x0, 0xe,
    0xc8, 0xf8, 0x0, 0x0, 0x4d, 0xfb, 0x10, 0x0,

    /* U+0193 "Ɠ" */
    0x0, 0x0, 0x0, 0x0, 0x0, 0x10, 0x0, 0x0,
    0x0, 0x0, 0x9, 0xfe, 0x0, 0x0, 0x0, 0x0,
    0xf, 0xa5, 0x0, 0x2, 0x8d, 0xfe, 0xdf, 0x40,
    0x0, 0x4f, 0xfb, 0x9a, 0xce, 0x0, 0x2, 0xfe,
    0x30, 0x0, 0x0, 0x0, 0x9, 0xf5, 0x0, 0x0,
    0x0, 0x0, 0xe, 0xf0, 0x0, 0x0, 0x0, 0x0,
    0xf, 0xd0, 0x0, 0x59, 0x99, 0x30, 0xf, 0xd0,
    0x0, 0xaf, 0xff, 0x70, 0xe, 0xe0, 0x0, 0x0,
    0x4f, 0x70, 0xa, 0xf4, 0x0, 0x0, 0x4f, 0x70,
    0x4, 0xfd, 0x10, 0x0, 0x4f, 0x70, 0x0, 0x8f,
    0xfa, 0x89, 0xcf, 0x70, 0x0, 0x4, 0xbe, 0xfe,
    0xd9, 0x30,

    /* U+0194 "Ɣ" */
    0xdf, 0x0, 0x0, 0x7, 0xf4, 0x6f, 0x50, 0x0,
    0xd, 0xe0, 0x1f, 0xb0, 0x0, 0x3f, 0x80, 0xa,
    0xf1, 0x0, 0x9f, 0x20, 0x4, 0xf6, 0x0, 0xec,
    0x0, 0x0, 0xec, 0x5, 0xf6, 0x0, 0x0, 0x8f,
    0x2b, 0xf0, 0x0, 0x0, 0x2f, 0x7f, 0x90, 0x0,
    0x0, 0xc, 0xef, 0x30, 0x0, 0x0, 0x6, 0xfd,
    0x0, 0x0, 0x0, 0x5, 0xfc, 0x0, 0x0, 0x0,
    0xb, 0xef, 0x20, 0x0, 0x0, 0x1f, 0x6e, 0x80,
    0x0, 0x0, 0x3f, 0x3c, 0xa0, 0x0, 0x0, 0x1f,
    0x9e, 0x80, 0x0, 0x0, 0x8, 0xfc, 0x10, 0x0,

    /* U+0195 "ƕ" */
    0xaf, 0x0, 0x0, 0x0, 0x0, 0x0, 0xa, 0xf0,
    0x0, 0x0, 0x0, 0x0, 0x0, 0xaf, 0x0, 0x0,
    0x0, 0x0, 0x0, 0xa, 0xf3, 0xcf, 0xd5, 0x0,
    0x0, 0xcf, 0xaf, 0xe8, 0x7e, 0xf2, 0x0, 0xc,
    0xfa, 0xf6, 0x0, 0x6f, 0x60, 0x0, 0xcf, 0xaf,
    0x20, 0x3, 0xf7, 0x0, 0xc, 0xfa, 0xf0, 0x0,
    0x3f, 0x70, 0x0, 0xcf, 0xaf, 0x0, 0x3, 0xf7,
    0x0, 0xd, 0xea, 0xf0, 0x0, 0x2f, 0xa0, 0x1,
    0xfc, 0xaf, 0x0, 0x0, 0xdf, 0xa7, 0xcf, 0x7a,
    0xf0, 0x0, 0x2, 0xae, 0xfd, 0x70,

    /* U+0196 "Ɩ" */
    0x9f, 0x30, 0x9, 0xf3, 0x0, 0x9f, 0x30, 0x9,
    0xf3, 0x0, 0x9f, 0x30, 0x9, 0xf3, 0x0, 0x9f,
    0x30, 0x9, 0xf3, 0x0, 0x9f, 0x30, 0x8, 0xf4,
    0x0, 0x5f, 0xd8, 0x70, 0x9e, 0xf8,

    /* U+0197 "Ɨ" */
    0x6f, 0xff, 0xf1, 0x17, 0xfe, 0x50, 0x0, 0xfb,
    0x0, 0x0, 0xfb, 0x0, 0x0, 0xfb, 0x0, 0x38,
    0xfd, 0x81, 0x7f, 0xff, 0xf2, 0x0, 0xfb, 0x0,
    0x0, 0xfb, 0x0, 0x0, 0xfb, 0x0, 0x4, 0xfd,
    0x20, 0x6f, 0xff, 0xf1,

    /* U+0198 "Ƙ" */
    0x7f, 0x40, 0x0, 0x5e, 0xd0, 0x7f, 0x40, 0x4,
    0xfc, 0x70, 0x7f, 0x40, 0x2f, 0xc0, 0x0, 0x7f,
    0x40, 0xce, 0x10, 0x0, 0x7f, 0x4a, 0xf4, 0x0,
    0x0, 0x7f, 0xaf, 0xd0, 0x0, 0x0, 0x7f, 0xfc,
    0xf6, 0x0, 0x0, 0x7f, 0x70, 0xdf, 0x20, 0x0,
    0x7f, 0x40, 0x3f, 0xc0, 0x0, 0x7f, 0x40, 0x8,
    0xf7, 0x0, 0x7f, 0x40, 0x0, 0xdf, 0x20, 0x7f,
    0x40, 0x0, 0x3f, 0xc0,

    /* U+0199 "ƙ" */
    0x1c, 0xf8, 0x0, 0x0, 0x8f, 0xa5, 0x0, 0x0,
    0xaf, 0x0, 0x0, 0x0, 0xaf, 0x0, 0xc, 0xf3,
    0xaf, 0x0, 0xbf, 0x40, 0xaf, 0x9, 0xf5, 0x0,
    0xaf, 0x7f, 0x70, 0x0, 0xaf, 0xff, 0x90, 0x0,
    0xaf, 0x6a, 0xf5, 0x0, 0xaf, 0x0, 0xee, 0x10,
    0xaf, 0x0, 0x4f, 0xc0, 0xaf, 0x0, 0x8, 0xf7,

    /* U+019A "ƚ" */
    0xa, 0xf1, 0x0, 0xaf, 0x10, 0xa, 0xf1, 0x0,
    0xaf, 0x10, 0xa, 0xf2, 0xc, 0xff, 0xf4, 0x3b,
    0xf4, 0x10, 0xaf, 0x10, 0xa, 0xf1, 0x0, 0xaf,
    0x10, 0xa, 0xf1, 0x0, 0xaf, 0x10,

    /* U+019B "ƛ" */
    0x3, 0xfe, 0x80, 0x0, 0x0, 0x1, 0x7b, 0xfa,
    0xd3, 0x0, 0x0, 0x6e, 0xff, 0x50, 0x0, 0x0,
    0x23, 0x8f, 0x30, 0x0, 0x0, 0x0, 0xaf, 0x90,
    0x0, 0x0, 0x2, 0xfe, 0xf0, 0x0, 0x0, 0x9,
    0xf6, 0xf5, 0x0, 0x0, 0x1f, 0xa0, 0xeb, 0x0,
    0x0, 0x7f, 0x30, 0x9f, 0x10, 0x0, 0xec, 0x0,
    0x3f, 0x70, 0x5, 0xf5, 0x0, 0xd, 0xe6, 0xd,
    0xe0, 0x0, 0x4, 0xee,

    /* U+019C "Ɯ" */
    0x9f, 0x20, 0x0, 0xaf, 0x10, 0x0, 0xcf, 0x9f,
    0x20, 0x0, 0xaf, 0x10, 0x0, 0xcf, 0x9f, 0x20,
    0x0, 0xaf, 0x10, 0x0, 0xcf, 0x9f, 0x20, 0x0,
    0xaf, 0x10, 0x0, 0xcf, 0x9f, 0x20, 0x0, 0xaf,
    0x10, 0x0, 0xcf, 0x9f, 0x20, 0x0, 0xaf, 0x10,
    0x0, 0xcf, 0x9f, 0x20, 0x0, 0xaf, 0x10, 0x0,
    0xcf, 0x9f, 0x20, 0x0, 0xbf, 0x10, 0x0, 0xcf,
    0x9f, 0x20, 0x0, 0xcf, 0x10, 0x0, 0xef, 0x7f,
    0x60, 0x2, 0xff, 0x40, 0x4, 0xff, 0x3f, 0xf9,
    0x9e, 0xbf, 0xe9, 0x9f, 0xdf, 0x5, 0xdf, 0xd7,
    0x6, 0xdf, 0xd5, 0x7f,

    /* U+019D "Ɲ" */
    0x0, 0x7f, 0xd0, 0x0, 0x0, 0xbe, 0x0, 0x7f,
    0xf8, 0x0, 0x0, 0xbe, 0x0, 0x7f, 0xdf, 0x20,
    0x0, 0xbe, 0x0, 0x7f, 0x4f, 0xb0, 0x0, 0xbe,
    0x0, 0x7f, 0xa, 0xf5, 0x0, 0xbe, 0x0, 0x7f,
    0x11, 0xfe, 0x0, 0xbe, 0x0, 0x7f, 0x10, 0x7f,
    0x90, 0xbe, 0x0, 0x7f, 0x10, 0xd, 0xf3, 0xae,
    0x0, 0x7f, 0x10, 0x4, 0xfc, 0xae, 0x0, 0x7f,
    0x10, 0x0, 0xbf, 0xee, 0x0, 0x7f, 0x10, 0x0,
    0x2f, 0xfe, 0x0, 0x7f, 0x10, 0x0, 0x8, 0xfe,
    0x0, 0x7f, 0x10, 0x0, 0x0, 0x0, 0x0, 0x8f,
    0x0, 0x0, 0x0, 0x0, 0x28, 0xee, 0x0, 0x0,
    0x0, 0x0, 0x2f, 0xd4, 0x0, 0x0, 0x0, 0x0,

    /* U+019E "ƞ" */
    0xbc, 0x5d, 0xfd, 0x60, 0xbf, 0xe7, 0x5c, 0xf4,
    0xbf, 0x50, 0x2, 0xf8, 0xbf, 0x10, 0x0, 0xfa,
    0xbf, 0x0, 0x0, 0xfa, 0xbf, 0x0, 0x0, 0xfa,
    0xbf, 0x0, 0x0, 0xfa, 0xbf, 0x0, 0x0, 0xfa,
    0xbf, 0x0, 0x0, 0xfa, 0x0, 0x0, 0x0, 0xfa,
    0x0, 0x0, 0x0, 0xfa, 0x0, 0x0, 0x0, 0xfa,
    0x0, 0x0, 0x0, 0xfa,

    /* U+019F "Ɵ" */
    0x0, 0x4, 0xbe, 0xfd, 0x81, 0x0, 0x0, 0x8f,
    0xe9, 0x8b, 0xfe, 0x20, 0x4, 0xfb, 0x0, 0x0,
    0x3f, 0xc0, 0xa, 0xf1, 0x0, 0x0, 0x9, 0xf3,
    0xe, 0xd2, 0x22, 0x22, 0x26, 0xf7, 0xf, 0xff,
    0xff, 0xff, 0xff, 0xf8, 0xf, 0xd5, 0x55, 0x55,
    0x57, 0xf8, 0xe, 0xf0, 0x0, 0x0, 0x6, 0xf7,
    0xa, 0xf3, 0x0, 0x0, 0xb, 0xf3, 0x4, 0xfc,
    0x0, 0x0, 0x4f, 0xc0, 0x0, 0x8f, 0xe9, 0x8a,
    0xfe, 0x20, 0x0, 0x5, 0xbe, 0xfd, 0x81, 0x0,

    /* U+01A0 "Ơ" */
    0x0, 0x4, 0xbe, 0xfd, 0x91, 0xd, 0xf0, 0x0,
    0x8f, 0xe9, 0x8b, 0xfe, 0x8f, 0x80, 0x4, 0xfc,
    0x0, 0x0, 0x4f, 0xf7, 0x0, 0xa, 0xf4, 0x0,
    0x0, 0xb, 0xf3, 0x0, 0xe, 0xf0, 0x0, 0x0,
    0x6, 0xf6, 0x0, 0xf, 0xd0, 0x0, 0x0, 0x4,
    0xf8, 0x0, 0xf, 0xd0, 0x0, 0x0, 0x4, 0xf8,
    0x0, 0xe, 0xf0, 0x0, 0x0, 0x6, 0xf6, 0x0,
    0xa, 0xf4, 0x0, 0x0, 0xb, 0xf2, 0x0, 0x4,
    0xfc, 0x0, 0x0, 0x4f, 0xc0, 0x0, 0x0, 0x8f,
    0xe9, 0x8b, 0xfe, 0x20, 0x0, 0x0, 0x5, 0xbe,
    0xfd, 0x81, 0x0, 0x0,

    /* U+01A1 "ơ" */
    0x0, 0x0, 0x0, 0x0, 0x18, 0x40, 0x0, 0x0,
    0x0, 0x5, 0xf7, 0x0, 0x4c, 0xff, 0xb2, 0x9f,
    0x10, 0x4f, 0xd8, 0x8f, 0xff, 0x60, 0xd, 0xf1,
    0x0, 0x4f, 0x90, 0x1, 0xfb, 0x0, 0x0, 0xed,
    0x0, 0x2f, 0x90, 0x0, 0xd, 0xe0, 0x0, 0xfb,
    0x0, 0x0, 0xed, 0x0, 0xc, 0xf1, 0x0, 0x4f,
    0x90, 0x0, 0x4f, 0xd7, 0x8e, 0xe2, 0x0, 0x0,
    0x3c, 0xff, 0xb2, 0x0, 0x0,

    /* U+01A2 "Ƣ" */
    0x0, 0x5, 0xce, 0xfc, 0x60, 0x4c, 0xfe, 0x90,
    0x0, 0x9, 0xfe, 0x99, 0xdf, 0xcf, 0xa9, 0xdf,
    0x90, 0x4, 0xfc, 0x0, 0x0, 0xaf, 0x80, 0x0,
    0xee, 0x0, 0xaf, 0x40, 0x0, 0x2, 0xfc, 0x0,
    0xb, 0xf0, 0xe, 0xf0, 0x0, 0x0, 0xd, 0xf0,
    0x0, 0xbf, 0x0, 0xfd, 0x0, 0x0, 0x0, 0xbf,
    0x10, 0xb, 0xf0, 0xf, 0xd0, 0x0, 0x0, 0xb,
    0xf1, 0x0, 0xbf, 0x0, 0xef, 0x0, 0x0, 0x0,
    0xdf, 0x0, 0xb, 0xf0, 0xa, 0xf4, 0x0, 0x0,
    0x2f, 0xc0, 0x0, 0xbf, 0x0, 0x4f, 0xc0, 0x0,
    0xa, 0xf6, 0x0, 0xb, 0xf0, 0x0, 0x9f, 0xd9,
    0x8d, 0xfb, 0x0, 0x0, 0xbf, 0x0, 0x0, 0x5c,
    0xef, 0xc6, 0x0, 0x0, 0xb, 0xf0,

    /* U+01A3 "ƣ" */
    0x0, 0x5d, 0xfe, 0x81, 0xaf, 0xe8, 0x0, 0x5f,
    0xc7, 0xaf, 0xfb, 0x7d, 0xf5, 0xd, 0xe0, 0x0,
    0x9f, 0x30, 0x3f, 0x91, 0xfa, 0x0, 0x4, 0xf7,
    0x0, 0xfa, 0x2f, 0x90, 0x0, 0x3f, 0x80, 0xf,
    0xa1, 0xfa, 0x0, 0x4, 0xf7, 0x0, 0xfa, 0xd,
    0xf0, 0x0, 0x9f, 0x30, 0xf, 0xa0, 0x4f, 0xd7,
    0xaf, 0xb0, 0x0, 0xfa, 0x0, 0x4c, 0xfe, 0x90,
    0x0, 0xf, 0xa0, 0x0, 0x0, 0x0, 0x0, 0x0,
    0xfa, 0x0, 0x0, 0x0, 0x0, 0x0, 0xf, 0xa0,
    0x0, 0x0, 0x0, 0x0, 0x0, 0xfa, 0x0, 0x0,
    0x0, 0x0, 0x0, 0xf, 0xa0,

    /* U+01A4 "Ƥ" */
    0x2c, 0xff, 0xff, 0xfe, 0x91, 0xb, 0xf9, 0xfd,
    0x88, 0xcf, 0xd0, 0xda, 0xf, 0xb0, 0x0, 0xaf,
    0x52, 0x30, 0xfb, 0x0, 0x5, 0xf7, 0x0, 0xf,
    0xb0, 0x0, 0x7f, 0x50, 0x0, 0xfb, 0x1, 0x5e,
    0xf1, 0x0, 0xf, 0xff, 0xff, 0xe4, 0x0, 0x0,
    0xfd, 0x87, 0x50, 0x0, 0x0, 0xf, 0xb0, 0x0,
    0x0, 0x0, 0x0, 0xfb, 0x0, 0x0, 0x0, 0x0,
    0xf, 0xb0, 0x0, 0x0, 0x0, 0x0, 0xfb, 0x0,
    0x0, 0x0,

    /* U+01A5 "ƥ" */
    0x1c, 0xf8, 0x0, 0x0, 0x8, 0xfa, 0x50, 0x0,
    0x0, 0xaf, 0x0, 0x0, 0x0, 0xa, 0xf3, 0xcf,
    0xd6, 0x0, 0xaf, 0xe9, 0x8d, 0xf6, 0xa, 0xf6,
    0x0, 0x1f, 0xd0, 0xaf, 0x20, 0x0, 0xcf, 0xa,
    0xf0, 0x0, 0xa, 0xf1, 0xaf, 0x20, 0x0, 0xcf,
    0xa, 0xf7, 0x0, 0x2f, 0xd0, 0xaf, 0xf9, 0x8d,
    0xf6, 0xa, 0xf4, 0xcf, 0xd6, 0x0, 0xaf, 0x0,
    0x0, 0x0, 0xa, 0xf0, 0x0, 0x0, 0x0, 0xaf,
    0x0, 0x0, 0x0, 0xa, 0xf0, 0x0, 0x0, 0x0,

    /* U+01A6 "Ʀ" */
    0x7f, 0x40, 0x0, 0x0, 0x7, 0xf4, 0x0, 0x0,
    0x0, 0x7f, 0xff, 0xfc, 0x60, 0x7, 0xfa, 0x89,
    0xef, 0x80, 0x7f, 0x40, 0x1, 0xfe, 0x7, 0xf4,
    0x0, 0xc, 0xf0, 0x7f, 0x40, 0x1, 0xfd, 0x7,
    0xfa, 0x89, 0xef, 0x30, 0x7f, 0xff, 0xff, 0x20,
    0x7, 0xf4, 0x7, 0xf6, 0x0, 0x7f, 0x40, 0xd,
    0xf1, 0x7, 0xf4, 0x0, 0x3f, 0xb0, 0x0, 0x0,
    0x0, 0xaf, 0x50, 0x0, 0x0, 0x1, 0x86,

    /* U+01A7 "Ƨ" */
    0x4, 0xbe, 0xfd, 0x70, 0x0, 0x6e, 0xa9, 0xdf,
    0x80, 0x0, 0x0, 0x0, 0xde, 0x0, 0x0, 0x0,
    0xd, 0xf0, 0x0, 0x0, 0x8, 0xfb, 0x0, 0x1,
    0x9f, 0xfc, 0x10, 0x4, 0xff, 0xd5, 0x0, 0x0,
    0xff, 0x50, 0x0, 0x0, 0x3f, 0x80, 0x0, 0x0,
    0x2, 0xfa, 0x0, 0x0, 0x10, 0xb, 0xfc, 0x89,
    0xcf, 0x0, 0x7, 0xdf, 0xec, 0x80,

    /* U+01A8 "ƨ" */
    0x7, 0xdf, 0xea, 0x20, 0x8a, 0x67, 0xfc, 0x0,
    0x0, 0xc, 0xf0, 0x0, 0x4b, 0xfa, 0x4, 0xdf,
    0xe7, 0x1, 0xfe, 0x50, 0x0, 0x4f, 0x70, 0x0,
    0x1, 0xfd, 0x76, 0x8c, 0x3, 0xce, 0xfe, 0x80,

    /* U+01A9 "Ʃ" */
    0x4f, 0xff, 0xff, 0xff, 0x72, 0xff, 0x88, 0x88,
    0x83, 0x6, 0xfa, 0x0, 0x0, 0x0, 0x9, 0xf7,
    0x0, 0x0, 0x0, 0xc, 0xf4, 0x0, 0x0, 0x0,
    0x1e, 0xe0, 0x0, 0x0, 0x5, 0xf8, 0x0, 0x0,
    0x2, 0xfb, 0x0, 0x0, 0x0, 0xde, 0x10, 0x0,
    0x0, 0xaf, 0x30, 0x0, 0x0, 0x5f, 0xd8, 0x88,
    0x88, 0x57, 0xff, 0xff, 0xff, 0xfa,

    /* U+01AA "ƪ" */
    0x8, 0xfe, 0x70, 0x0, 0x1f, 0x8a, 0xf1, 0x0,
    0xb, 0xff, 0xf3, 0x0, 0x0, 0x28, 0xf4, 0x0,
    0x0, 0x7, 0xf4, 0x0, 0x0, 0x7, 0xf4, 0x0,
    0x0, 0x7, 0xf4, 0x0, 0x0, 0x7, 0xf4, 0x0,
    0x0, 0x7, 0xf4, 0x0, 0x0, 0x7, 0xf4, 0x0,
    0x0, 0x7, 0xf4, 0x0, 0x0, 0x7, 0xf4, 0x0,
    0x0, 0x7, 0xf4, 0x0, 0x0, 0x6, 0xf4, 0x0,
    0x0, 0x3, 0xfc, 0x66, 0x0, 0x0, 0x8e, 0xfa,

    /* U+01AB "ƫ" */
    0x0, 0xf3, 0x0, 0x5, 0xf3, 0x0, 0x7f, 0xff,
    0xfa, 0x3a, 0xf7, 0x53, 0x8, 0xf3, 0x0, 0x8,
    0xf3, 0x0, 0x8, 0xf3, 0x0, 0x8, 0xf3, 0x0,
    0x7, 0xf4, 0x0, 0x5, 0xfc, 0x76, 0x0, 0x9e,
    0xfb, 0x0, 0x0, 0xcb, 0x0, 0x0, 0xcb, 0x0,
    0x27, 0xf9, 0x0, 0x4f, 0xd2,

    /* U+01AC "Ƭ" */
    0x2c, 0xff, 0xff, 0xff, 0xf3, 0xbf, 0x98, 0xfe,
    0x88, 0x81, 0xda, 0x0, 0xfc, 0x0, 0x0, 0x22,
    0x0, 0xfc, 0x0, 0x0, 0x0, 0x0, 0xfc, 0x0,
    0x0, 0x0, 0x0, 0xfc, 0x0, 0x0, 0x0, 0x0,
    0xfc, 0x0, 0x0, 0x0, 0x0, 0xfc, 0x0, 0x0,
    0x0, 0x0, 0xfc, 0x0, 0x0, 0x0, 0x0, 0xfc,
    0x0, 0x0, 0x0, 0x0, 0xfc, 0x0, 0x0, 0x0,
    0x0, 0xfc, 0x0, 0x0,

    /* U+01AD "ƭ" */
    0x0, 0xae, 0xf4, 0x6, 0xfb, 0x83, 0x8, 0xf3,
    0x0, 0x7f, 0xff, 0xfa, 0x3a, 0xf7, 0x53, 0x8,
    0xf3, 0x0, 0x8, 0xf3, 0x0, 0x8, 0xf3, 0x0,
    0x8, 0xf3, 0x0, 0x7, 0xf4, 0x0, 0x4, 0xfd,
    0x76, 0x0, 0x8e, 0xf9,

    /* U+01AE "Ʈ" */
    0xcf, 0xff, 0xff, 0xff, 0xc6, 0x88, 0xbf, 0xb8,
    0x86, 0x0, 0x6, 0xf5, 0x0, 0x0, 0x0, 0x6f,
    0x50, 0x0, 0x0, 0x6, 0xf5, 0x0, 0x0, 0x0,
    0x6f, 0x50, 0x0, 0x0, 0x6, 0xf5, 0x0, 0x0,
    0x0, 0x6f, 0x50, 0x0, 0x0, 0x6, 0xf5, 0x0,
    0x0, 0x0, 0x6f, 0x50, 0x0, 0x0, 0x6, 0xf5,
    0x0, 0x0, 0x0, 0x6f, 0x50, 0x0, 0x0, 0x6,
    0xf5, 0x0, 0x0, 0x0, 0x5f, 0x60, 0x0, 0x0,
    0x2, 0xfd, 0x80, 0x0, 0x0, 0x8, 0xee, 0x10,

    /* U+01AF "Ư" */
    0x9f, 0x20, 0x0, 0x5, 0xf6, 0x8f, 0x49, 0xf2,
    0x0, 0x0, 0x5f, 0xbe, 0xc0, 0x9f, 0x20, 0x0,
    0x5, 0xfd, 0x70, 0x9, 0xf2, 0x0, 0x0, 0x5f,
    0x60, 0x0, 0x9f, 0x20, 0x0, 0x5, 0xf6, 0x0,
    0x9, 0xf2, 0x0, 0x0, 0x5f, 0x60, 0x0, 0x9f,
    0x20, 0x0, 0x5, 0xf6, 0x0, 0x9, 0xf2, 0x0,
    0x0, 0x5f, 0x60, 0x0, 0x7f, 0x40, 0x0, 0x7,
    0xf4, 0x0, 0x3, 0xfb, 0x0, 0x0, 0xdf, 0x10,
    0x0, 0xa, 0xfd, 0x99, 0xdf, 0x70, 0x0, 0x0,
    0x7, 0xdf, 0xfc, 0x50, 0x0, 0x0,

    /* U+01B0 "ư" */
    0x0, 0x0, 0x0, 0x0, 0x3f, 0x9c, 0xf0, 0x0,
    0xf, 0xb8, 0xf4, 0xcf, 0x0, 0x0, 0xff, 0xf7,
    0xc, 0xf0, 0x0, 0xf, 0xc0, 0x0, 0xcf, 0x0,
    0x0, 0xfb, 0x0, 0xc, 0xf0, 0x0, 0xf, 0xb0,
    0x0, 0xcf, 0x0, 0x0, 0xfb, 0x0, 0xa, 0xf1,
    0x0, 0x5f, 0xb0, 0x0, 0x6f, 0xb5, 0x6e, 0xfb,
    0x0, 0x0, 0x8e, 0xfd, 0x5b, 0xb0, 0x0,

    /* U+01B1 "Ʊ" */
    0x7f, 0xff, 0xf4, 0xc, 0xff, 0xff, 0x38, 0x8e,
    0xf2, 0x9, 0xfb, 0x88, 0x0, 0x9f, 0x30, 0x0,
    0xae, 0x20, 0x3, 0xf8, 0x0, 0x0, 0x1e, 0xb0,
    0xa, 0xf1, 0x0, 0x0, 0x9, 0xf2, 0xe, 0xe0,
    0x0, 0x0, 0x5, 0xf6, 0xf, 0xc0, 0x0, 0x0,
    0x4, 0xf8, 0xf, 0xe0, 0x0, 0x0, 0x6, 0xf7,
    0xc, 0xf2, 0x0, 0x0, 0xa, 0xf4, 0x6, 0xfb,
    0x0, 0x0, 0x4f, 0xe0, 0x0, 0xaf, 0xe9, 0x9b,
    0xff, 0x30, 0x0, 0x5, 0xce, 0xfd, 0x92, 0x0,

    /* U+01B2 "Ʋ" */
    0xaf, 0x10, 0x5, 0xff, 0x90, 0xaf, 0x10, 0x3,
    0x6c, 0xf4, 0xaf, 0x10, 0x0, 0x5, 0xf6, 0xaf,
    0x10, 0x0, 0x6, 0xf5, 0xaf, 0x10, 0x0, 0x7,
    0xf3, 0xaf, 0x10, 0x0, 0xa, 0xf0, 0xaf, 0x10,
    0x0, 0xe, 0xb0, 0xaf, 0x10, 0x0, 0x4f, 0x60,
    0x9f, 0x20, 0x0, 0xcf, 0x10, 0x7f, 0x40, 0x8,
    0xf6, 0x0, 0x2f, 0xe8, 0xcf, 0x90, 0x0, 0x5,
    0xdf, 0xd6, 0x0, 0x0,

    /* U+01B3 "Ƴ" */
    0xbf, 0x20, 0x0, 0xc, 0xf6, 0x3f, 0xa0, 0x0,
    0x8f, 0x82, 0xb, 0xf2, 0x0, 0xec, 0x0, 0x3,
    0xf9, 0x6, 0xf4, 0x0, 0x0, 0xbf, 0x2d, 0xd0,
    0x0, 0x0, 0x2f, 0xdf, 0x60, 0x0, 0x0, 0xa,
    0xfe, 0x0, 0x0, 0x0, 0x3, 0xf8, 0x0, 0x0,
    0x0, 0x3, 0xf8, 0x0, 0x0, 0x0, 0x3, 0xf8,
    0x0, 0x0, 0x0, 0x3, 0xf8, 0x0, 0x0, 0x0,
    0x3, 0xf8, 0x0, 0x0,

    /* U+01B4 "ƴ" */
    0xcf, 0x10, 0x0, 0x3e, 0xe0, 0x6f, 0x60, 0x0,
    0xcf, 0x80, 0xf, 0xc0, 0x2, 0xf9, 0x0, 0x9,
    0xf2, 0x7, 0xf3, 0x0, 0x3, 0xf7, 0xc, 0xd0,
    0x0, 0x0, 0xdc, 0x2f, 0x80, 0x0, 0x0, 0x7f,
    0x8f, 0x20, 0x0, 0x0, 0x1f, 0xfc, 0x0, 0x0,
    0x0, 0xb, 0xf7, 0x0, 0x0, 0x0, 0x9, 0xf1,
    0x0, 0x0, 0x0, 0x1f, 0xb0, 0x0, 0x0, 0x57,
    0xdf, 0x30, 0x0, 0x0, 0xaf, 0xd4, 0x0, 0x0,
    0x0,

    /* U+01B5 "Ƶ" */
    0x4f, 0xff, 0xff, 0xff, 0x72, 0x88, 0x88, 0x8e,
    0xf4, 0x0, 0x0, 0x4, 0xfa, 0x0, 0x0, 0x0,
    0xee, 0x10, 0x1, 0x11, 0x9f, 0x61, 0x0, 0xcf,
    0xff, 0xff, 0xd0, 0x3, 0x5f, 0xe4, 0x44, 0x0,
    0x8, 0xf6, 0x0, 0x0, 0x2, 0xfc, 0x0, 0x0,
    0x0, 0xbf, 0x30, 0x0, 0x0, 0x4f, 0xe8, 0x88,
    0x88, 0x57, 0xff, 0xff, 0xff, 0xfa,

    /* U+01B6 "ƶ" */
    0x2f, 0xff, 0xff, 0xe0, 0x5, 0x55, 0x7f, 0xb0,
    0x0, 0x0, 0xaf, 0x20, 0x1, 0x15, 0xf9, 0x0,
    0x2f, 0xff, 0xff, 0xc0, 0x4, 0xcf, 0x54, 0x30,
    0x6, 0xf6, 0x0, 0x0, 0x2f, 0xd5, 0x55, 0x50,
    0x6f, 0xff, 0xff, 0xf0,

    /* U+01B7 "Ʒ" */
    0x2f, 0xff, 0xff, 0xff, 0x11, 0x88, 0x88, 0xbf,
    0xc0, 0x0, 0x0, 0x3f, 0xc0, 0x0, 0x0, 0x4f,
    0xc0, 0x0, 0x0, 0x4f, 0xb0, 0x0, 0x0, 0xa,
    0xff, 0xea, 0x20, 0x0, 0x24, 0x59, 0xfe, 0x10,
    0x0, 0x0, 0x7, 0xf7, 0x0, 0x0, 0x0, 0x4f,
    0x81, 0x0, 0x0, 0x9, 0xf5, 0x7e, 0x97, 0x8b,
    0xfc, 0x3, 0xae, 0xff, 0xd7, 0x0,

    /* U+01B8 "Ƹ" */
    0xb, 0xff, 0xff, 0xff, 0x80, 0x7f, 0xe8, 0x88,
    0x84, 0x0, 0x9f, 0x60, 0x0, 0x0, 0x0, 0xaf,
    0x50, 0x0, 0x0, 0x0, 0xcf, 0x40, 0x0, 0x8,
    0xef, 0xfb, 0x0, 0x9, 0xfc, 0x64, 0x20, 0x1,
    0xfd, 0x0, 0x0, 0x0, 0x2f, 0xa0, 0x0, 0x0,
    0x0, 0xfd, 0x0, 0x0, 0x0, 0x8, 0xfe, 0x87,
    0x8b, 0xd0, 0x5, 0xce, 0xfe, 0xc6,

    /* U+01B9 "ƹ" */
    0xf, 0xff, 0xff, 0xfd, 0x0, 0xbf, 0x97, 0x77,
    0x50, 0x0, 0xde, 0x10, 0x0, 0x0, 0x1, 0xed,
    0x0, 0x0, 0x0, 0x2, 0xeb, 0x0, 0x0, 0x5,
    0xbf, 0xf6, 0x0, 0x8, 0xfe, 0x97, 0x20, 0x2,
    0xfc, 0x0, 0x0, 0x0, 0x5f, 0x60, 0x0, 0x0,
    0x6, 0xf5, 0x0, 0x0, 0x0, 0x2f, 0xb0, 0x0,
    0x0, 0x0, 0xaf, 0xc8, 0x8a, 0xe0, 0x0, 0x7d,
    0xff, 0xd9, 0x0,

    /* U+01BA "ƺ" */
    0x6f, 0xff, 0xff, 0xf2, 0x26, 0x66, 0xbf, 0xc0,
    0x0, 0x5, 0xfb, 0x0, 0x0, 0x6f, 0xa0, 0x0,
    0x0, 0xff, 0xfd, 0x40, 0x0, 0x34, 0x6e, 0xf2,
    0x0, 0x0, 0x4, 0xf7, 0x0, 0x0, 0x3, 0xf7,
    0x0, 0x1, 0x3c, 0xf3, 0xa, 0xff, 0xff, 0x60,
    0x5f, 0x84, 0x30, 0x0, 0x5f, 0x96, 0x79, 0x60,
    0x7, 0xdf, 0xec, 0x40,

    /* U+01BB "ƻ" */
    0x1, 0xae, 0xfc, 0x40, 0x0, 0xee, 0x98, 0xef,
    0x20, 0x2, 0x0, 0x5, 0xf7, 0x0, 0x0, 0x0,
    0x5f, 0x60, 0x0, 0x11, 0x1b, 0xf2, 0x0, 0xef,
    0xff, 0xff, 0xf4, 0x3, 0x46, 0xfc, 0x44, 0x10,
    0x0, 0xde, 0x10, 0x0, 0x0, 0xaf, 0x40, 0x0,
    0x0, 0x7f, 0x70, 0x0, 0x0, 0x3f, 0xe6, 0x66,
    0x66, 0x25, 0xff, 0xff, 0xff, 0xf6,

    /* U+01BC "Ƽ" */
    0x7f, 0xff, 0xff, 0xff, 0x13, 0x8f, 0xe8, 0x88,
    0x80, 0x0, 0xfc, 0x0, 0x0, 0x0, 0xf, 0xc0,
    0x0, 0x0, 0x0, 0xfc, 0x10, 0x0, 0x0, 0xf,
    0xff, 0xfa, 0x10, 0x0, 0x45, 0x59, 0xfe, 0x0,
    0x0, 0x0, 0x8, 0xf6, 0x0, 0x0, 0x0, 0x5f,
    0x70, 0x0, 0x0, 0xa, 0xf5, 0x7d, 0x97, 0x8c,
    0xfc, 0x3, 0xae, 0xff, 0xd7, 0x0,

    /* U+01BD "ƽ" */
    0x5f, 0xff, 0xff, 0xf0, 0x27, 0xfa, 0x66, 0x60,
    0x1, 0xf7, 0x0, 0x0, 0x1, 0xff, 0xfd, 0x50,
    0x0, 0x44, 0x6e, 0xf2, 0x0, 0x0, 0x4, 0xf6,
    0x0, 0x0, 0x5, 0xf5, 0x7c, 0x86, 0x8f, 0xe0,
    0x3c, 0xef, 0xea, 0x10,

    /* U+01BE "ƾ" */
    0x0, 0x6d, 0x0, 0x0, 0xb, 0xd0, 0x0, 0x2d,
    0xff, 0xff, 0x31, 0x5e, 0xd5, 0x51, 0x0, 0xdd,
    0x0, 0x0, 0xb, 0xf4, 0x0, 0x0, 0x3e, 0xfb,
    0x10, 0x0, 0x8, 0xfa, 0x0, 0x0, 0xd, 0xd6,
    0xb7, 0x58, 0xf8, 0x3c, 0xef, 0xd8, 0x0,

    /* U+01BF "ƿ" */
    0xac, 0x3d, 0xfd, 0x50, 0xaf, 0xe9, 0x8e, 0xf3,
    0xaf, 0x60, 0x3, 0xfa, 0xaf, 0x10, 0x0, 0xfc,
    0xaf, 0x0, 0x0, 0xfb, 0xaf, 0x0, 0x5, 0xf8,
    0xaf, 0x0, 0x4e, 0xe1, 0xaf, 0x7b, 0xfe, 0x30,
    0xaf, 0xfd, 0x81, 0x0, 0xaf, 0x0, 0x0, 0x0,
    0xaf, 0x0, 0x0, 0x0, 0xaf, 0x0, 0x0, 0x0,
    0xaf, 0x0, 0x0, 0x0,

    /* U+01C0 "ǀ" */
    0x1f, 0x41, 0xf4, 0x1f, 0x41, 0xf4, 0x1f, 0x41,
    0xf4, 0x1f, 0x41, 0xf4, 0x1f, 0x41, 0xf4, 0x1f,
    0x41, 0xf4,

    /* U+01C1 "ǁ" */
    0x1f, 0x40, 0x6f, 0x1f, 0x40, 0x6f, 0x1f, 0x40,
    0x6f, 0x1f, 0x40, 0x6f, 0x1f, 0x40, 0x6f, 0x1f,
    0x40, 0x6f, 0x1f, 0x40, 0x6f, 0x1f, 0x40, 0x6f,
    0x1f, 0x40, 0x6f, 0x1f, 0x40, 0x6f, 0x1f, 0x40,
    0x6f, 0x1f, 0x40, 0x6f,

    /* U+01C2 "ǂ" */
    0x0, 0x9, 0xd0, 0x0, 0x0, 0x9, 0xd0, 0x0,
    0x0, 0x9, 0xd0, 0x0, 0x0, 0x9, 0xd0, 0x0,
    0xf, 0xff, 0xff, 0xf4, 0x4, 0x4b, 0xd4, 0x41,
    0xf, 0xff, 0xff, 0xf4, 0x4, 0x4a, 0xd4, 0x41,
    0x0, 0x9, 0xd0, 0x0, 0x0, 0x9, 0xd0, 0x0,
    0x0, 0x9, 0xd0, 0x0, 0x0, 0x9, 0xd0, 0x0,

    /* U+01C3 "ǃ" */
    0xcf, 0x2b, 0xf1, 0xbf, 0x1a, 0xf0, 0x9f, 0x8,
    0xe0, 0x8d, 0x7, 0xd0, 0x13, 0x2, 0x40, 0xdf,
    0x3a, 0xe1,

    /* U+01C4 "Ǆ" */
    0x0, 0x0, 0x0, 0x0, 0x0, 0x0, 0x46, 0x0,
    0x37, 0x0, 0x0, 0x0, 0x0, 0x0, 0x0, 0x0,
    0x1d, 0xb6, 0xf6, 0x0, 0x0, 0x0, 0x0, 0x0,
    0x0, 0x0, 0x2, 0xef, 0x80, 0x0, 0x0, 0x0,
    0x0, 0x0, 0x0, 0x0, 0x0, 0x0, 0x0, 0x0,
    0x8f, 0xff, 0xfd, 0x81, 0x0, 0xb, 0xff, 0xff,
    0xff, 0xf0, 0x8f, 0x97, 0x8b, 0xfe, 0x30, 0x5,
    0x77, 0x77, 0x9f, 0xd0, 0x8f, 0x30, 0x0, 0x4f,
    0xe0, 0x0, 0x0, 0x0, 0xaf, 0x40, 0x8f, 0x30,
    0x0, 0x8, 0xf5, 0x0, 0x0, 0x4, 0xf9, 0x0,
    0x8f, 0x30, 0x0, 0x3, 0xf9, 0x0, 0x0, 0xe,
    0xe1, 0x0, 0x8f, 0x30, 0x0, 0x1, 0xfb, 0x0,
    0x0, 0x9f, 0x50, 0x0, 0x8f, 0x30, 0x0, 0x1,
    0xfb, 0x0, 0x3, 0xfb, 0x0, 0x0, 0x8f, 0x30,
    0x0, 0x4, 0xf9, 0x0, 0xd, 0xf1, 0x0, 0x0,
    0x8f, 0x30, 0x0, 0x9, 0xf5, 0x0, 0x7f, 0x70,
    0x0, 0x0, 0x8f, 0x30, 0x0, 0x6f, 0xd0, 0x2,
    0xfc, 0x0, 0x0, 0x0, 0x8f, 0xa8, 0x9d, 0xfe,
    0x20, 0xb, 0xfa, 0x88, 0x88, 0x81, 0x8f, 0xff,
    0xfc, 0x71, 0x0, 0xe, 0xff, 0xff, 0xff, 0xf3,

    /* U+01C5 "ǅ" */
    0x8f, 0xff, 0xfd, 0x81, 0x0, 0x0, 0xac, 0x7b,
    0xb1, 0x8f, 0x97, 0x8b, 0xfe, 0x30, 0x0, 0x9,
    0xca, 0x0, 0x8f, 0x30, 0x0, 0x4f, 0xe0, 0x0,
    0x0, 0x0, 0x0, 0x8f, 0x30, 0x0, 0x8, 0xf5,
    0x7, 0xff, 0xff, 0xf9, 0x8f, 0x30, 0x0, 0x3,
    0xf9, 0x2, 0x55, 0x5a, 0xf6, 0x8f, 0x30, 0x0,
    0x1, 0xfb, 0x0, 0x0, 0x1f, 0xb0, 0x8f, 0x30,
    0x0, 0x1, 0xfb, 0x0, 0x0, 0xbe, 0x10, 0x8f,
    0x30, 0x0, 0x4, 0xf9, 0x0, 0x6, 0xf5, 0x0,
    0x8f, 0x30, 0x0, 0x9, 0xf5, 0x0, 0x2f, 0xa0,
    0x0, 0x8f, 0x30, 0x0, 0x6f, 0xd0, 0x0, 0xce,
    0x0, 0x0, 0x8f, 0xa8, 0x9d, 0xfe, 0x20, 0x7,
    0xfb, 0x88, 0x86, 0x8f, 0xff, 0xfc, 0x71, 0x0,
    0xb, 0xff, 0xff, 0xfb,

    /* U+01C6 "ǆ" */
    0x0, 0x0, 0x0, 0x1f, 0x90, 0xa, 0xb1, 0x5e,
    0x40, 0x0, 0x0, 0x1, 0xf9, 0x0, 0xb, 0xff,
    0x40, 0x0, 0x0, 0x0, 0x1f, 0x90, 0x0, 0x3,
    0x20, 0x0, 0x7, 0xef, 0xc3, 0xf9, 0x3, 0xff,
    0xff, 0xfd, 0x6, 0xfd, 0x89, 0xef, 0x90, 0x17,
    0x77, 0x9f, 0xb0, 0xef, 0x10, 0x7, 0xf9, 0x0,
    0x0, 0xc, 0xe1, 0x1f, 0xb0, 0x0, 0x2f, 0x90,
    0x0, 0x8, 0xf5, 0x2, 0xf9, 0x0, 0x1, 0xf9,
    0x0, 0x3, 0xfa, 0x0, 0x1f, 0xb0, 0x0, 0x1f,
    0x90, 0x0, 0xde, 0x0, 0x0, 0xef, 0x0, 0x6,
    0xf9, 0x0, 0xaf, 0x30, 0x0, 0x7, 0xfd, 0x79,
    0xdf, 0x90, 0x4f, 0xd6, 0x66, 0x60, 0x7, 0xef,
    0xc2, 0xd9, 0x8, 0xff, 0xff, 0xff,

    /* U+01C7 "Ǉ" */
    0x8f, 0x30, 0x0, 0x0, 0xf, 0xc8, 0xf3, 0x0,
    0x0, 0x0, 0xfc, 0x8f, 0x30, 0x0, 0x0, 0xf,
    0xc8, 0xf3, 0x0, 0x0, 0x0, 0xfc, 0x8f, 0x30,
    0x0, 0x0, 0xf, 0xc8, 0xf3, 0x0, 0x0, 0x0,
    0xfc, 0x8f, 0x30, 0x0, 0x0, 0xf, 0xc8, 0xf3,
    0x0, 0x0, 0x0, 0xfc, 0x8f, 0x30, 0x0, 0x0,
    0xf, 0xc8, 0xf3, 0x0, 0x0, 0x0, 0xfc, 0x8f,
    0xa8, 0x88, 0x80, 0xf, 0xc8, 0xff, 0xff, 0xff,
    0x10, 0xfb, 0x0, 0x0, 0x0, 0x0, 0x2f, 0x90,
    0x0, 0x0, 0x6, 0x9d, 0xf4, 0x0, 0x0, 0x0,
    0x9f, 0xd6, 0x0,

    /* U+01C8 "ǈ" */
    0x8f, 0x30, 0x0, 0x0, 0x1e, 0x88, 0xf3, 0x0,
    0x0, 0x1, 0xe8, 0x8f, 0x30, 0x0, 0x0, 0x0,
    0x8, 0xf3, 0x0, 0x0, 0x1, 0xf9, 0x8f, 0x30,
    0x0, 0x0, 0x1f, 0x98, 0xf3, 0x0, 0x0, 0x1,
    0xf9, 0x8f, 0x30, 0x0, 0x0, 0x1f, 0x98, 0xf3,
    0x0, 0x0, 0x1, 0xf9, 0x8f, 0x30, 0x0, 0x0,
    0x1f, 0x98, 0xf3, 0x0, 0x0, 0x1, 0xf9, 0x8f,
    0xa8, 0x88, 0x80, 0x1f, 0x98, 0xff, 0xff, 0xff,
    0x11, 0xf9, 0x0, 0x0, 0x0, 0x0, 0x1f, 0x90,
    0x0, 0x0, 0x0, 0x2, 0xf8, 0x0, 0x0, 0x0,
    0x27, 0xbf, 0x50, 0x0, 0x0, 0x3, 0xfe, 0x90,

    /* U+01C9 "ǉ" */
    0xbf, 0x0, 0x4e, 0x4b, 0xf0, 0x4, 0xe4, 0xbf,
    0x0, 0x0, 0xb, 0xf0, 0x5, 0xf5, 0xbf, 0x0,
    0x5f, 0x5b, 0xf0, 0x5, 0xf5, 0xbf, 0x0, 0x5f,
    0x5b, 0xf0, 0x5, 0xf5, 0xbf, 0x0, 0x5f, 0x5b,
    0xf0, 0x5, 0xf5, 0xbf, 0x0, 0x5f, 0x5b, 0xf0,
    0x5, 0xf5, 0x0, 0x0, 0x5f, 0x50, 0x0, 0x6,
    0xf5, 0x0, 0x47, 0xdf, 0x10, 0x7, 0xfe, 0x60,

    /* U+01CA "Ǌ" */
    0x7f, 0xd0, 0x0, 0x0, 0xbe, 0x0, 0x2f, 0x97,
    0xff, 0x80, 0x0, 0xb, 0xe0, 0x2, 0xf9, 0x7f,
    0xdf, 0x20, 0x0, 0xbe, 0x0, 0x2f, 0x97, 0xf4,
    0xfb, 0x0, 0xb, 0xe0, 0x2, 0xf9, 0x7f, 0xa,
    0xf5, 0x0, 0xbe, 0x0, 0x2f, 0x97, 0xf1, 0x1f,
    0xe0, 0xb, 0xe0, 0x2, 0xf9, 0x7f, 0x10, 0x7f,
    0x90, 0xbe, 0x0, 0x2f, 0x97, 0xf1, 0x0, 0xdf,
    0x3a, 0xe0, 0x2, 0xf9, 0x7f, 0x10, 0x4, 0xfc,
    0xae, 0x0, 0x2f, 0x97, 0xf1, 0x0, 0xb, 0xfe,
    0xe0, 0x2, 0xf9, 0x7f, 0x10, 0x0, 0x2f, 0xfe,
    0x0, 0x2f, 0x97, 0xf1, 0x0, 0x0, 0x8f, 0xe0,
    0x2, 0xf9, 0x0, 0x0, 0x0, 0x0, 0x0, 0x0,
    0x4f, 0x70, 0x0, 0x0, 0x0, 0x0, 0x7, 0x9e,
    0xf2, 0x0, 0x0, 0x0, 0x0, 0x0, 0xbf, 0xc4,
    0x0,

    /* U+01CB "ǋ" */
    0x7f, 0xd0, 0x0, 0x0, 0xbe, 0x0, 0x3e, 0x57,
    0xff, 0x80, 0x0, 0xb, 0xe0, 0x3, 0xe5, 0x7f,
    0xef, 0x20, 0x0, 0xbe, 0x0, 0x0, 0x7, 0xf6,
    0xfb, 0x0, 0xb, 0xe0, 0x4, 0xf6, 0x7f, 0xc,
    0xf5, 0x0, 0xbe, 0x0, 0x4f, 0x67, 0xf1, 0x2f,
    0xe0, 0xb, 0xe0, 0x4, 0xf6, 0x7f, 0x10, 0x8f,
    0x90, 0xbe, 0x0, 0x4f, 0x67, 0xf1, 0x0, 0xef,
    0x3a, 0xe0, 0x4, 0xf6, 0x7f, 0x10, 0x5, 0xfc,
    0xae, 0x0, 0x4f, 0x67, 0xf1, 0x0, 0xb, 0xfe,
    0xe0, 0x4, 0xf6, 0x7f, 0x10, 0x0, 0x2f, 0xfe,
    0x0, 0x4f, 0x67, 0xf1, 0x0, 0x0, 0x8f, 0xe0,
    0x4, 0xf6, 0x0, 0x0, 0x0, 0x0, 0x0, 0x0,
    0x4f, 0x60, 0x0, 0x0, 0x0, 0x0, 0x0, 0x5,
    0xf6, 0x0, 0x0, 0x0, 0x0, 0x0, 0x37, 0xdf,
    0x20, 0x0, 0x0, 0x0, 0x0, 0x6, 0xfe, 0x70,

    /* U+01CC "ǌ" */
    0x0, 0x0, 0x0, 0x0, 0x0, 0x8e, 0x10, 0x0,
    0x0, 0x0, 0x0, 0x8, 0xe1, 0x0, 0x0, 0x0,
    0x0, 0x0, 0x0, 0xb, 0xb3, 0xcf, 0xe8, 0x0,
    0x9, 0xf1, 0xbf, 0xe9, 0x7d, 0xf6, 0x0, 0x9f,
    0x1b, 0xf6, 0x0, 0x1f, 0xa0, 0x9, 0xf1, 0xbf,
    0x10, 0x0, 0xec, 0x0, 0x9f, 0x1b, 0xf0, 0x0,
    0xe, 0xc0, 0x9, 0xf1, 0xbf, 0x0, 0x0, 0xec,
    0x0, 0x9f, 0x1b, 0xf0, 0x0, 0xe, 0xc0, 0x9,
    0xf1, 0xbf, 0x0, 0x0, 0xec, 0x0, 0x9f, 0x1b,
    0xf0, 0x0, 0xe, 0xc0, 0x9, 0xf1, 0x0, 0x0,
    0x0, 0x0, 0x0, 0x9f, 0x10, 0x0, 0x0, 0x0,
    0x0, 0xa, 0xf0, 0x0, 0x0, 0x0, 0x0, 0x67,
    0xfd, 0x0, 0x0, 0x0, 0x0, 0xb, 0xfd, 0x30,

    /* U+01CD "Ǎ" */
    0x0, 0x46, 0x0, 0x27, 0x0, 0x0, 0x1, 0xdb,
    0x5f, 0x60, 0x0, 0x0, 0x1, 0xef, 0x80, 0x0,
    0x0, 0x0, 0x0, 0x0, 0x0, 0x0, 0x0, 0x0,
    0xdf, 0x40, 0x0, 0x0, 0x0, 0x3f, 0xfa, 0x0,
    0x0, 0x0, 0x9, 0xf9, 0xf0, 0x0, 0x0, 0x0,
    0xeb, 0x4f, 0x60, 0x0, 0x0, 0x4f, 0x60, 0xec,
    0x0, 0x0, 0xa, 0xf1, 0x9, 0xf1, 0x0, 0x0,
    0xfb, 0x0, 0x3f, 0x70, 0x0, 0x5f, 0xff, 0xff,
    0xfd, 0x0, 0xb, 0xf8, 0x88, 0x8c, 0xf3, 0x1,
    0xfb, 0x0, 0x0, 0x4f, 0x80, 0x7f, 0x50, 0x0,
    0x0, 0xee, 0xd, 0xf0, 0x0, 0x0, 0x8, 0xf4,

    /* U+01CE "ǎ" */
    0x1, 0xd9, 0x6, 0xe3, 0x0, 0x1d, 0xef, 0x30,
    0x0, 0x1, 0x31, 0x0, 0x1, 0x9d, 0xfe, 0x90,
    0x1, 0xe8, 0x6a, 0xf9, 0x0, 0x0, 0x0, 0xed,
    0x0, 0x0, 0x0, 0xce, 0x2, 0xad, 0xff, 0xfe,
    0xe, 0xe5, 0x32, 0xde, 0x3f, 0x80, 0x0, 0xee,
    0x1f, 0xd4, 0x4b, 0xfe, 0x5, 0xdf, 0xd7, 0x7e,

    /* U+01CF "Ǐ" */
    0x7, 0x30, 0x6, 0x50, 0x5f, 0x6a, 0xe1, 0x0,
    0x7f, 0xf2, 0x0, 0x0, 0x0, 0x0, 0x6, 0xff,
    0xff, 0x0, 0x5, 0xfd, 0x30, 0x0, 0xf, 0xb0,
    0x0, 0x0, 0xfb, 0x0, 0x0, 0xf, 0xb0, 0x0,
    0x0, 0xfb, 0x0, 0x0, 0xf, 0xb0, 0x0, 0x0,
    0xfb, 0x0, 0x0, 0xf, 0xb0, 0x0, 0x0, 0xfb,
    0x0, 0x0, 0x5f, 0xd3, 0x0, 0x6f, 0xff, 0xf0,

    /* U+01D0 "ǐ" */
    0x5e, 0x51, 0xbb, 0x0, 0x4f, 0xfa, 0x0, 0x0,
    0x12, 0x0, 0x0, 0xb, 0xf0, 0x0, 0x0, 0xbf,
    0x0, 0x0, 0xb, 0xf0, 0x0, 0x0, 0xbf, 0x0,
    0x0, 0xb, 0xf0, 0x0, 0x0, 0xbf, 0x0, 0x0,
    0xb, 0xf0, 0x0, 0x0, 0xbf, 0x0, 0x0, 0xb,
    0xf0, 0x0,

    /* U+01D1 "Ǒ" */
    0x0, 0x3, 0x60, 0x2, 0x71, 0x0, 0x0, 0x0,
    0xcc, 0x5f, 0x70, 0x0, 0x0, 0x0, 0x1e, 0xf9,
    0x0, 0x0, 0x0, 0x0, 0x0, 0x0, 0x0, 0x0,
    0x0, 0x4, 0xbe, 0xfd, 0x81, 0x0, 0x0, 0x8f,
    0xe9, 0x8b, 0xfe, 0x20, 0x4, 0xfc, 0x0, 0x0,
    0x5f, 0xc0, 0xa, 0xf4, 0x0, 0x0, 0xb, 0xf3,
    0xe, 0xf0, 0x0, 0x0, 0x6, 0xf7, 0xf, 0xd0,
    0x0, 0x0, 0x4, 0xf8, 0xf, 0xd0, 0x0, 0x0,
    0x4, 0xf8, 0xe, 0xf0, 0x0, 0x0, 0x6, 0xf7,
    0xa, 0xf4, 0x0, 0x0, 0xb, 0xf3, 0x4, 0xfc,
    0x0, 0x0, 0x4f, 0xc0, 0x0, 0x8f, 0xe9, 0x8b,
    0xfe, 0x20, 0x0, 0x5, 0xbe, 0xfd, 0x81, 0x0,

    /* U+01D2 "ǒ" */
    0x0, 0x9c, 0x23, 0xd7, 0x0, 0x0, 0x9f, 0xf7,
    0x0, 0x0, 0x0, 0x33, 0x0, 0x0, 0x4, 0xcf,
    0xea, 0x20, 0x4, 0xfd, 0x78, 0xfe, 0x10, 0xdf,
    0x10, 0x4, 0xf9, 0x1f, 0xb0, 0x0, 0xe, 0xd2,
    0xf9, 0x0, 0x0, 0xde, 0xf, 0xb0, 0x0, 0xe,
    0xd0, 0xcf, 0x10, 0x4, 0xf9, 0x4, 0xfd, 0x78,
    0xfe, 0x20, 0x3, 0xcf, 0xfb, 0x20,

    /* U+01D3 "Ǔ" */
    0x0, 0x74, 0x0, 0x55, 0x0, 0x0, 0x4f, 0x7a,
    0xe2, 0x0, 0x0, 0x6, 0xff, 0x30, 0x0, 0x0,
    0x0, 0x0, 0x0, 0x0, 0x9f, 0x20, 0x0, 0x5,
    0xf6, 0x9f, 0x20, 0x0, 0x5, 0xf6, 0x9f, 0x20,
    0x0, 0x5, 0xf6, 0x9f, 0x20, 0x0, 0x5, 0xf6,
    0x9f, 0x20, 0x0, 0x5, 0xf6, 0x9f, 0x20, 0x0,
    0x5, 0xf6, 0x9f, 0x20, 0x0, 0x5, 0xf6, 0x9f,
    0x20, 0x0, 0x5, 0xf6, 0x7f, 0x40, 0x0, 0x7,
    0xf4, 0x3f, 0xb0, 0x0, 0xd, 0xf0, 0xa, 0xfd,
    0x99, 0xef, 0x60, 0x0, 0x7d, 0xff, 0xc5, 0x0,

    /* U+01D4 "ǔ" */
    0x7, 0xd4, 0x2c, 0x90, 0x0, 0x6f, 0xf8, 0x0,
    0x0, 0x1, 0x10, 0x0, 0xcf, 0x0, 0x0, 0xfb,
    0xcf, 0x0, 0x0, 0xfb, 0xcf, 0x0, 0x0, 0xfb,
    0xcf, 0x0, 0x0, 0xfb, 0xcf, 0x0, 0x0, 0xfb,
    0xcf, 0x0, 0x0, 0xfb, 0xaf, 0x10, 0x5, 0xfb,
    0x6f, 0xb5, 0x6e, 0xfb, 0x8, 0xef, 0xd5, 0xbb,

    /* U+01D5 "Ǖ" */
    0x0, 0x0, 0x0, 0x0, 0x0, 0x0, 0x8f, 0xff,
    0xf6, 0x0, 0x0, 0x23, 0x33, 0x31, 0x0, 0x0,
    0x2a, 0x2, 0xa0, 0x0, 0x0, 0x4e, 0x13, 0xe1,
    0x0, 0x0, 0x0, 0x0, 0x0, 0x0, 0x9f, 0x20,
    0x0, 0x5, 0xf6, 0x9f, 0x20, 0x0, 0x5, 0xf6,
    0x9f, 0x20, 0x0, 0x5, 0xf6, 0x9f, 0x20, 0x0,
    0x5, 0xf6, 0x9f, 0x20, 0x0, 0x5, 0xf6, 0x9f,
    0x20, 0x0, 0x5, 0xf6, 0x9f, 0x20, 0x0, 0x5,
    0xf6, 0x9f, 0x20, 0x0, 0x5, 0xf6, 0x7f, 0x40,
    0x0, 0x7, 0xf4, 0x3f, 0xb0, 0x0, 0xd, 0xf0,
    0xa, 0xfd, 0x99, 0xef, 0x60, 0x0, 0x7d, 0xff,
    0xc5, 0x0,

    /* U+01D6 "ǖ" */
    0x0, 0x0, 0x0, 0x0, 0x7, 0xff, 0xff, 0x70,
    0x1, 0x33, 0x33, 0x10, 0x2, 0xe2, 0x2e, 0x30,
    0x1, 0xa1, 0x1a, 0x10, 0x0, 0x0, 0x0, 0x0,
    0xcf, 0x0, 0x0, 0xfb, 0xcf, 0x0, 0x0, 0xfb,
    0xcf, 0x0, 0x0, 0xfb, 0xcf, 0x0, 0x0, 0xfb,
    0xcf, 0x0, 0x0, 0xfb, 0xcf, 0x0, 0x0, 0xfb,
    0xaf, 0x10, 0x5, 0xfb, 0x6f, 0xb5, 0x6e, 0xfb,
    0x8, 0xef, 0xd5, 0xbb,

    /* U+01D7 "Ǘ" */
    0x0, 0x0, 0x5, 0x83, 0x0, 0x0, 0x0, 0x2f,
    0xb0, 0x0, 0x0, 0x0, 0xca, 0x0, 0x0, 0x0,
    0x2a, 0x2, 0xa0, 0x0, 0x0, 0x4e, 0x13, 0xe1,
    0x0, 0x0, 0x0, 0x0, 0x0, 0x0, 0x9f, 0x20,
    0x0, 0x5, 0xf6, 0x9f, 0x20, 0x0, 0x5, 0xf6,
    0x9f, 0x20, 0x0, 0x5, 0xf6, 0x9f, 0x20, 0x0,
    0x5, 0xf6, 0x9f, 0x20, 0x0, 0x5, 0xf6, 0x9f,
    0x20, 0x0, 0x5, 0xf6, 0x9f, 0x20, 0x0, 0x5,
    0xf6, 0x9f, 0x20, 0x0, 0x5, 0xf6, 0x7f, 0x40,
    0x0, 0x7, 0xf4, 0x3f, 0xb0, 0x0, 0xd, 0xf0,
    0xa, 0xfd, 0x99, 0xef, 0x60, 0x0, 0x7d, 0xff,
    0xc5, 0x0,

    /* U+01D8 "ǘ" */
    0x0, 0x0, 0x48, 0x30, 0x0, 0x1, 0xec, 0x0,
    0x0, 0xa, 0xc1, 0x0, 0x2, 0xe2, 0x2e, 0x30,
    0x1, 0xa1, 0x1a, 0x10, 0x0, 0x0, 0x0, 0x0,
    0xcf, 0x0, 0x0, 0xfb, 0xcf, 0x0, 0x0, 0xfb,
    0xcf, 0x0, 0x0, 0xfb, 0xcf, 0x0, 0x0, 0xfb,
    0xcf, 0x0, 0x0, 0xfb, 0xcf, 0x0, 0x0, 0xfb,
    0xaf, 0x10, 0x5, 0xfb, 0x6f, 0xb5, 0x6e, 0xfb,
    0x8, 0xef, 0xd5, 0xbb,

    /* U+01D9 "Ǚ" */
    0x0, 0x64, 0x0, 0x54, 0x0, 0x0, 0x3f, 0x8a,
    0xd1, 0x0, 0x0, 0x4, 0xff, 0x20, 0x0, 0x0,
    0x2a, 0x2, 0xa0, 0x0, 0x0, 0x4e, 0x13, 0xe1,
    0x0, 0x0, 0x0, 0x0, 0x0, 0x0, 0x9f, 0x20,
    0x0, 0x5, 0xf6, 0x9f, 0x20, 0x0, 0x5, 0xf6,
    0x9f, 0x20, 0x0, 0x5, 0xf6, 0x9f, 0x20, 0x0,
    0x5, 0xf6, 0x9f, 0x20, 0x0, 0x5, 0xf6, 0x9f,
    0x20, 0x0, 0x5, 0xf6, 0x9f, 0x20, 0x0, 0x5,
    0xf6, 0x9f, 0x20, 0x0, 0x5, 0xf6, 0x7f, 0x40,
    0x0, 0x7, 0xf4, 0x3f, 0xb0, 0x0, 0xd, 0xf0,
    0xa, 0xfd, 0x99, 0xef, 0x60, 0x0, 0x7d, 0xff,
    0xc5, 0x0,

    /* U+01DA "ǚ" */
    0x5, 0x50, 0x4, 0x50, 0x2, 0xe9, 0x9e, 0x20,
    0x0, 0x3f, 0xf3, 0x0, 0x2, 0xe2, 0x2e, 0x30,
    0x1, 0xa1, 0x1a, 0x10, 0x0, 0x0, 0x0, 0x0,
    0xcf, 0x0, 0x0, 0xfb, 0xcf, 0x0, 0x0, 0xfb,
    0xcf, 0x0, 0x0, 0xfb, 0xcf, 0x0, 0x0, 0xfb,
    0xcf, 0x0, 0x0, 0xfb, 0xcf, 0x0, 0x0, 0xfb,
    0xaf, 0x10, 0x5, 0xfb, 0x6f, 0xb5, 0x6e, 0xfb,
    0x8, 0xef, 0xd5, 0xbb,

    /* U+01DB "Ǜ" */
    0x0, 0x48, 0x30, 0x0, 0x0, 0x0, 0x1d, 0xd0,
    0x0, 0x0, 0x0, 0x1, 0xc9, 0x0, 0x0, 0x0,
    0x2a, 0x2, 0xa0, 0x0, 0x0, 0x4e, 0x13, 0xe1,
    0x0, 0x0, 0x0, 0x0, 0x0, 0x0, 0x9f, 0x20,
    0x0, 0x5, 0xf6, 0x9f, 0x20, 0x0, 0x5, 0xf6,
    0x9f, 0x20, 0x0, 0x5, 0xf6, 0x9f, 0x20, 0x0,
    0x5, 0xf6, 0x9f, 0x20, 0x0, 0x5, 0xf6, 0x9f,
    0x20, 0x0, 0x5, 0xf6, 0x9f, 0x20, 0x0, 0x5,
    0xf6, 0x9f, 0x20, 0x0, 0x5, 0xf6, 0x7f, 0x40,
    0x0, 0x7, 0xf4, 0x3f, 0xb0, 0x0, 0xd, 0xf0,
    0xa, 0xfd, 0x99, 0xef, 0x60, 0x0, 0x7d, 0xff,
    0xc5, 0x0,

    /* U+01DC "ǜ" */
    0x3, 0x84, 0x0, 0x0, 0x0, 0xce, 0x10, 0x0,
    0x0, 0xb, 0xb0, 0x0, 0x2, 0xe2, 0x2e, 0x30,
    0x1, 0xa1, 0x1a, 0x10, 0x0, 0x0, 0x0, 0x0,
    0xcf, 0x0, 0x0, 0xfb, 0xcf, 0x0, 0x0, 0xfb,
    0xcf, 0x0, 0x0, 0xfb, 0xcf, 0x0, 0x0, 0xfb,
    0xcf, 0x0, 0x0, 0xfb, 0xcf, 0x0, 0x0, 0xfb,
    0xaf, 0x10, 0x5, 0xfb, 0x6f, 0xb5, 0x6e, 0xfb,
    0x8, 0xef, 0xd5, 0xbb,

    /* U+01DD "ǝ" */
    0x6, 0xdf, 0xfc, 0x50, 0x0, 0xa9, 0x77, 0xdf,
    0x60, 0x0, 0x0, 0x0, 0xdf, 0x0, 0x0, 0x0,
    0x8, 0xf3, 0x3f, 0xff, 0xff, 0xff, 0x52, 0xfa,
    0x33, 0x3a, 0xf3, 0xf, 0xc0, 0x0, 0xcf, 0x0,
    0x7f, 0x96, 0xbf, 0x70, 0x0, 0x7e, 0xfd, 0x60,
    0x0,

    /* U+01DE "Ǟ" */
    0x0, 0x0, 0x0, 0x0, 0x0, 0x0, 0x4, 0xff,
    0xff, 0xb0, 0x0, 0x0, 0x3, 0x33, 0x32, 0x0,
    0x0, 0x0, 0xa3, 0x9, 0x30, 0x0, 0x0, 0xe,
    0x50, 0xd6, 0x0, 0x0, 0x0, 0x0, 0x0, 0x0,
    0x0, 0x0, 0x0, 0xdf, 0x40, 0x0, 0x0, 0x0,
    0x3f, 0xfa, 0x0, 0x0, 0x0, 0x9, 0xf9, 0xf0,
    0x0, 0x0, 0x0, 0xeb, 0x4f, 0x60, 0x0, 0x0,
    0x4f, 0x60, 0xec, 0x0, 0x0, 0xa, 0xf1, 0x9,
    0xf1, 0x0, 0x0, 0xfb, 0x0, 0x3f, 0x70, 0x0,
    0x5f, 0xff, 0xff, 0xfd, 0x0, 0xb, 0xf8, 0x88,
    0x8c, 0xf3, 0x1, 0xfb, 0x0, 0x0, 0x4f, 0x80,
    0x7f, 0x50, 0x0, 0x0, 0xee, 0xd, 0xf0, 0x0,
    0x0, 0x8, 0xf4,

    /* U+01DF "ǟ" */
    0x0, 0x0, 0x0, 0x0, 0x0, 0xef, 0xff, 0xf0,
    0x0, 0x33, 0x33, 0x30, 0x0, 0x9a, 0x8, 0xb0,
    0x0, 0x67, 0x5, 0x70, 0x0, 0x0, 0x0, 0x0,
    0x1, 0x9d, 0xfe, 0x90, 0x1, 0xe8, 0x6a, 0xf9,
    0x0, 0x0, 0x0, 0xed, 0x0, 0x0, 0x0, 0xce,
    0x2, 0xad, 0xff, 0xfe, 0xe, 0xe5, 0x32, 0xde,
    0x3f, 0x80, 0x0, 0xee, 0x1f, 0xd4, 0x4b, 0xfe,
    0x5, 0xdf, 0xd7, 0x7e,

    /* U+01E0 "Ǡ" */
    0x0, 0x0, 0x0, 0x0, 0x0, 0x0, 0x4, 0xff,
    0xff, 0xa0, 0x0, 0x0, 0x1, 0x7d, 0x10, 0x0,
    0x0, 0x0, 0x7, 0xd0, 0x0, 0x0, 0x0, 0x0,
    0x0, 0x0, 0x0, 0x0, 0x0, 0xd, 0xf4, 0x0,
    0x0, 0x0, 0x3, 0xff, 0xa0, 0x0, 0x0, 0x0,
    0x9f, 0x9f, 0x0, 0x0, 0x0, 0xe, 0xb4, 0xf6,
    0x0, 0x0, 0x4, 0xf6, 0xe, 0xc0, 0x0, 0x0,
    0xaf, 0x10, 0x9f, 0x10, 0x0, 0xf, 0xb0, 0x3,
    0xf7, 0x0, 0x5, 0xff, 0xff, 0xff, 0xd0, 0x0,
    0xbf, 0x88, 0x88, 0xcf, 0x30, 0x1f, 0xb0, 0x0,
    0x4, 0xf8, 0x7, 0xf5, 0x0, 0x0, 0xe, 0xe0,
    0xdf, 0x0, 0x0, 0x0, 0x8f, 0x40,

    /* U+01E1 "ǡ" */
    0x0, 0x0, 0x0, 0x0, 0x0, 0xef, 0xff, 0xf0,
    0x0, 0x33, 0x33, 0x30, 0x0, 0x2, 0xe4, 0x0,
    0x0, 0x1, 0xc3, 0x0, 0x0, 0x0, 0x0, 0x0,
    0x1, 0x9d, 0xfe, 0x90, 0x1, 0xe8, 0x6a, 0xf9,
    0x0, 0x0, 0x0, 0xed, 0x0, 0x0, 0x0, 0xce,
    0x2, 0xad, 0xff, 0xfe, 0xe, 0xe5, 0x32, 0xde,
    0x3f, 0x80, 0x0, 0xee, 0x1f, 0xd4, 0x4b, 0xfe,
    0x5, 0xdf, 0xd7, 0x7e,

    /* U+01E2 "Ǣ" */
    0x0, 0x0, 0x0, 0x0, 0x0, 0x0, 0x0, 0x0,
    0x0, 0x0, 0x8, 0xff, 0xff, 0x60, 0x0, 0x0,
    0x0, 0x0, 0x13, 0x33, 0x31, 0x0, 0x0, 0x0,
    0x0, 0xe, 0xff, 0xff, 0xff, 0xf7, 0x0, 0x0,
    0x5, 0xf9, 0xdf, 0x88, 0x88, 0x30, 0x0, 0x0,
    0xcd, 0xb, 0xf0, 0x0, 0x0, 0x0, 0x0, 0x3f,
    0x70, 0xbf, 0x0, 0x0, 0x0, 0x0, 0xa, 0xf1,
    0xb, 0xf0, 0x0, 0x0, 0x0, 0x2, 0xf9, 0x0,
    0xbf, 0xff, 0xff, 0x30, 0x0, 0x9f, 0x20, 0xb,
    0xf8, 0x88, 0x81, 0x0, 0xf, 0xff, 0xff, 0xff,
    0x0, 0x0, 0x0, 0x7, 0xfa, 0x88, 0x8e, 0xf0,
    0x0, 0x0, 0x0, 0xed, 0x0, 0x0, 0xbf, 0x0,
    0x0, 0x0, 0x5f, 0x60, 0x0, 0xb, 0xf8, 0x88,
    0x83, 0xc, 0xf0, 0x0, 0x0, 0xbf, 0xff, 0xff,
    0x70,

    /* U+01E3 "ǣ" */
    0x0, 0x0, 0x0, 0x0, 0x0, 0x0, 0x0, 0x0,
    0x0, 0x5f, 0xff, 0xf9, 0x0, 0x0, 0x0, 0x0,
    0x13, 0x33, 0x32, 0x0, 0x0, 0x2, 0xad, 0xfd,
    0x62, 0xbf, 0xe8, 0x0, 0x3, 0xd8, 0x6c, 0xfe,
    0xd6, 0x9f, 0x90, 0x0, 0x0, 0x1, 0xff, 0x20,
    0xb, 0xf0, 0x0, 0x0, 0x0, 0xfe, 0x0, 0x7,
    0xf3, 0x3, 0xbe, 0xff, 0xff, 0xff, 0xff, 0xf4,
    0x1f, 0xe6, 0x33, 0xfd, 0x33, 0x33, 0x30, 0x3f,
    0x80, 0x2, 0xff, 0x20, 0x0, 0x0, 0x1f, 0xe7,
    0x8e, 0xae, 0xe8, 0x78, 0xb0, 0x5, 0xdf, 0xe7,
    0x2, 0xbf, 0xfd, 0x70,

    /* U+01E4 "Ǥ" */
    0x0, 0x2, 0x8d, 0xfe, 0xd8, 0x10, 0x0, 0x4f,
    0xfb, 0x8a, 0xce, 0x0, 0x2, 0xfe, 0x20, 0x0,
    0x1, 0x0, 0x9, 0xf4, 0x0, 0x0, 0x0, 0x0,
    0xe, 0xe0, 0x0, 0x0, 0x0, 0x0, 0xf, 0xc0,
    0x0, 0x58, 0x88, 0x30, 0xf, 0xc0, 0x0, 0xbf,
    0xff, 0x60, 0xe, 0xe0, 0x0, 0x0, 0x5f, 0x70,
    0xb, 0xf4, 0x0, 0x8f, 0xff, 0xf7, 0x4, 0xfc,
    0x10, 0x23, 0x7f, 0x81, 0x0, 0x8f, 0xe9, 0x77,
    0xbf, 0x60, 0x0, 0x5, 0xbe, 0xff, 0xd9, 0x20,

    /* U+01E5 "ǥ" */
    0x0, 0x6e, 0xfc, 0x3d, 0x90, 0x5, 0xfd, 0x8a,
    0xef, 0x90, 0xd, 0xf1, 0x0, 0x7f, 0x90, 0xf,
    0xb0, 0x0, 0x2f, 0x90, 0x2f, 0x90, 0x0, 0xf,
    0x90, 0xf, 0xa0, 0x0, 0x1f, 0x90, 0xd, 0xe0,
    0x0, 0x5f, 0x90, 0x6, 0xfc, 0x68, 0xef, 0x90,
    0x0, 0x7e, 0xfc, 0x4f, 0x90, 0x0, 0x0, 0xef,
    0xff, 0xf7, 0x1, 0x0, 0x23, 0x9f, 0x71, 0x8,
    0xc7, 0x68, 0xfd, 0x0, 0x4, 0xce, 0xfe, 0xa1,
    0x0,

    /* U+01E6 "Ǧ" */
    0x0, 0x2, 0x70, 0x1, 0x72, 0x0, 0x0, 0xb,
    0xd5, 0xe9, 0x0, 0x0, 0x0, 0xd, 0xfb, 0x0,
    0x0, 0x0, 0x0, 0x0, 0x0, 0x0, 0x0, 0x2,
    0x8d, 0xfe, 0xd8, 0x10, 0x4, 0xff, 0xb9, 0x9c,
    0xe0, 0x2, 0xfe, 0x30, 0x0, 0x0, 0x0, 0x9f,
    0x50, 0x0, 0x0, 0x0, 0xe, 0xe0, 0x0, 0x0,
    0x0, 0x0, 0xfc, 0x0, 0x6, 0x88, 0x83, 0xf,
    0xc0, 0x0, 0xbf, 0xff, 0x60, 0xee, 0x0, 0x0,
    0x4, 0xf6, 0xa, 0xf3, 0x0, 0x0, 0x4f, 0x60,
    0x4f, 0xd1, 0x0, 0x4, 0xf6, 0x0, 0x8f, 0xfa,
    0x88, 0xcf, 0x60, 0x0, 0x4b, 0xef, 0xed, 0x92,

    /* U+01E7 "ǧ" */
    0x0, 0xab, 0x14, 0xe6, 0x0, 0x0, 0xae, 0xf5,
    0x0, 0x0, 0x0, 0x32, 0x0, 0x0, 0x7, 0xef,
    0xc3, 0xd9, 0x5, 0xfd, 0x79, 0xef, 0x90, 0xdf,
    0x10, 0x7, 0xf9, 0xf, 0xb0, 0x0, 0x2f, 0x92,
    0xf9, 0x0, 0x0, 0xf9, 0xf, 0xa0, 0x0, 0x1f,
    0x90, 0xde, 0x0, 0x5, 0xf9, 0x6, 0xfc, 0x78,
    0xef, 0x90, 0x7, 0xef, 0xc4, 0xf9, 0x0, 0x0,
    0x0, 0x2f, 0x80, 0x0, 0x0, 0x6, 0xf6, 0x8,
    0xc8, 0x79, 0xfe, 0x0, 0x4b, 0xef, 0xeb, 0x20,

    /* U+01E8 "Ǩ" */
    0x2, 0x71, 0x0, 0x73, 0x0, 0x0, 0x9e, 0x5d,
    0xa0, 0x0, 0x0, 0xb, 0xfc, 0x0, 0x0, 0x0,
    0x0, 0x0, 0x0, 0x0, 0x7f, 0x40, 0x0, 0x6f,
    0x90, 0x7f, 0x40, 0x4, 0xfb, 0x0, 0x7f, 0x40,
    0x2e, 0xd0, 0x0, 0x7f, 0x40, 0xde, 0x20, 0x0,
    0x7f, 0x4a, 0xf4, 0x0, 0x0, 0x7f, 0xbf, 0xd0,
    0x0, 0x0, 0x7f, 0xfc, 0xf7, 0x0, 0x0, 0x7f,
    0x50, 0xef, 0x20, 0x0, 0x7f, 0x40, 0x4f, 0xc0,
    0x0, 0x7f, 0x40, 0x9, 0xf7, 0x0, 0x7f, 0x40,
    0x0, 0xdf, 0x20, 0x7f, 0x40, 0x0, 0x3f, 0xc0,

    /* U+01E9 "ǩ" */
    0x6e, 0x30, 0xac, 0x0, 0x0, 0x7, 0xfd, 0xd1,
    0x0, 0x0, 0x0, 0x78, 0x20, 0x0, 0x0, 0x0,
    0x0, 0x0, 0x0, 0x0, 0x0, 0xaf, 0x0, 0x0,
    0x0, 0x0, 0xaf, 0x0, 0x0, 0x0, 0x0, 0xaf,
    0x0, 0x0, 0x0, 0x0, 0xaf, 0x0, 0xc, 0xf3,
    0x0, 0xaf, 0x0, 0xaf, 0x40, 0x0, 0xaf, 0x9,
    0xf6, 0x0, 0x0, 0xaf, 0x6f, 0x70, 0x0, 0x0,
    0xaf, 0xff, 0x90, 0x0, 0x0, 0xaf, 0x6a, 0xf5,
    0x0, 0x0, 0xaf, 0x0, 0xde, 0x10, 0x0, 0xaf,
    0x0, 0x3f, 0xc0, 0x0, 0xaf, 0x0, 0x8, 0xf7,

    /* U+01EA "Ǫ" */
    0x0, 0x4, 0xbe, 0xfd, 0x81, 0x0, 0x0, 0x8f,
    0xe9, 0x8b, 0xfe, 0x20, 0x4, 0xfc, 0x0, 0x0,
    0x5f, 0xc0, 0xa, 0xf4, 0x0, 0x0, 0xb, 0xf3,
    0xe, 0xf0, 0x0, 0x0, 0x6, 0xf7, 0xf, 0xd0,
    0x0, 0x0, 0x4, 0xf8, 0xf, 0xd0, 0x0, 0x0,
    0x4, 0xf8, 0xe, 0xf0, 0x0, 0x0, 0x6, 0xf7,
    0xa, 0xf4, 0x0, 0x0, 0xb, 0xf3, 0x4, 0xfc,
    0x0, 0x0, 0x4f, 0xc0, 0x0, 0x8f, 0xe9, 0x8b,
    0xfe, 0x20, 0x0, 0x5, 0xbe, 0xfe, 0x81, 0x0,
    0x0, 0x0, 0x5, 0xc0, 0x0, 0x0, 0x0, 0x0,
    0xe, 0x50, 0x0, 0x0, 0x0, 0x0, 0xf, 0x72,
    0x0, 0x0, 0x0, 0x0, 0x8, 0xfb, 0x0, 0x0,

    /* U+01EB "ǫ" */
    0x0, 0x4c, 0xfe, 0xa2, 0x0, 0x4f, 0xd7, 0x8f,
    0xe1, 0xd, 0xf1, 0x0, 0x4f, 0x91, 0xfb, 0x0,
    0x0, 0xed, 0x2f, 0x90, 0x0, 0xd, 0xe0, 0xfb,
    0x0, 0x0, 0xed, 0xc, 0xf1, 0x0, 0x4f, 0x90,
    0x4f, 0xd7, 0x8f, 0xe2, 0x0, 0x3c, 0xff, 0xb2,
    0x0, 0x0, 0xb, 0x70, 0x0, 0x0, 0x4, 0xf0,
    0x0, 0x0, 0x0, 0x5f, 0x31, 0x0, 0x0, 0x1,
    0xcf, 0x50, 0x0,

    /* U+01EC "Ǭ" */
    0x0, 0x0, 0x0, 0x0, 0x0, 0x0, 0x0, 0x2,
    0xff, 0xff, 0xb0, 0x0, 0x0, 0x0, 0x33, 0x33,
    0x20, 0x0, 0x0, 0x4, 0xbe, 0xfd, 0x81, 0x0,
    0x0, 0x8f, 0xe9, 0x8b, 0xfe, 0x20, 0x4, 0xfc,
    0x0, 0x0, 0x5f, 0xc0, 0xa, 0xf4, 0x0, 0x0,
    0xb, 0xf3, 0xe, 0xf0, 0x0, 0x0, 0x6, 0xf7,
    0xf, 0xd0, 0x0, 0x0, 0x4, 0xf8, 0xf, 0xd0,
    0x0, 0x0, 0x4, 0xf8, 0xe, 0xf0, 0x0, 0x0,
    0x6, 0xf7, 0xa, 0xf4, 0x0, 0x0, 0xb, 0xf3,
    0x4, 0xfc, 0x0, 0x0, 0x4f, 0xc0, 0x0, 0x8f,
    0xe9, 0x8b, 0xfe, 0x20, 0x0, 0x5, 0xbe, 0xff,
    0x81, 0x0, 0x0, 0x0, 0x3, 0xe1, 0x0, 0x0,
    0x0, 0x0, 0xb, 0x80, 0x0, 0x0, 0x0, 0x0,
    0xd, 0xa2, 0x0, 0x0, 0x0, 0x0, 0x6, 0xfd,
    0x0, 0x0,

    /* U+01ED "ǭ" */
    0x0, 0x0, 0x0, 0x0, 0x0, 0x9, 0xff, 0xff,
    0x50, 0x0, 0x23, 0x33, 0x31, 0x0, 0x4, 0xcf,
    0xea, 0x20, 0x4, 0xfd, 0x78, 0xfe, 0x10, 0xdf,
    0x10, 0x4, 0xf9, 0x1f, 0xb0, 0x0, 0xe, 0xd2,
    0xf9, 0x0, 0x0, 0xde, 0xf, 0xb0, 0x0, 0xe,
    0xd0, 0xcf, 0x10, 0x4, 0xf9, 0x4, 0xfd, 0x78,
    0xfe, 0x20, 0x3, 0xcf, 0xfb, 0x20, 0x0, 0x0,
    0xb7, 0x0, 0x0, 0x0, 0x4f, 0x0, 0x0, 0x0,
    0x5, 0xf3, 0x10, 0x0, 0x0, 0x1c, 0xf5, 0x0,

    /* U+01EE "Ǯ" */
    0x2, 0x70, 0x1, 0x72, 0x0, 0xa, 0xd5, 0xe9,
    0x0, 0x0, 0xc, 0xfb, 0x0, 0x0, 0x0, 0x0,
    0x0, 0x0, 0x2f, 0xff, 0xff, 0xff, 0x11, 0x88,
    0x88, 0xbf, 0xc0, 0x0, 0x0, 0x3f, 0xc0, 0x0,
    0x0, 0x4f, 0xc0, 0x0, 0x0, 0x4f, 0xb0, 0x0,
    0x0, 0xa, 0xff, 0xea, 0x20, 0x0, 0x24, 0x59,
    0xfe, 0x10, 0x0, 0x0, 0x7, 0xf7, 0x0, 0x0,
    0x0, 0x4f, 0x81, 0x0, 0x0, 0x9, 0xf5, 0x7e,
    0x97, 0x8b, 0xfc, 0x3, 0xae, 0xff, 0xd7, 0x0,

    /* U+01EF "ǯ" */
    0x8, 0xd3, 0x3d, 0x80, 0x0, 0x7f, 0xf7, 0x0,
    0x0, 0x1, 0x10, 0x0, 0x7f, 0xff, 0xff, 0xf6,
    0x36, 0x66, 0x6e, 0xf2, 0x0, 0x0, 0x9f, 0x30,
    0x0, 0x8, 0xf5, 0x0, 0x0, 0x6f, 0x60, 0x0,
    0x0, 0xff, 0xc7, 0x0, 0x0, 0x78, 0xbf, 0xd1,
    0x0, 0x0, 0x6, 0xf8, 0x0, 0x0, 0x0, 0xfc,
    0x0, 0x0, 0x0, 0xfb, 0x0, 0x0, 0x6, 0xf7,
    0xbb, 0x87, 0xaf, 0xd0, 0x5c, 0xef, 0xe9, 0x10,

    /* U+01F0 "ǰ" */
    0x5e, 0x51, 0xbb, 0x0, 0x4f, 0xfa, 0x0, 0x0,
    0x12, 0x0, 0x0, 0xb, 0xf0, 0x0, 0x0, 0xbf,
    0x0, 0x0, 0xb, 0xf0, 0x0, 0x0, 0xbf, 0x0,
    0x0, 0xb, 0xf0, 0x0, 0x0, 0xbf, 0x0, 0x0,
    0xb, 0xf0, 0x0, 0x0, 0xbf, 0x0, 0x0, 0xb,
    0xf0, 0x0, 0x0, 0xbf, 0x0, 0x0, 0xb, 0xf0,
    0x0, 0x68, 0xfc, 0x0, 0xc, 0xfc, 0x20, 0x0,

    /* U+01F1 "Ǳ" */
    0x8f, 0xff, 0xfd, 0x81, 0x0, 0xb, 0xff, 0xff,
    0xff, 0xf0, 0x8f, 0x97, 0x8b, 0xfe, 0x30, 0x5,
    0x77, 0x77, 0x9f, 0xd0, 0x8f, 0x30, 0x0, 0x4f,
    0xe0, 0x0, 0x0, 0x0, 0xaf, 0x40, 0x8f, 0x30,
    0x0, 0x8, 0xf5, 0x0, 0x0, 0x4, 0xf9, 0x0,
    0x8f, 0x30, 0x0, 0x3, 0xf9, 0x0, 0x0, 0xe,
    0xe1, 0x0, 0x8f, 0x30, 0x0, 0x1, 0xfb, 0x0,
    0x0, 0x9f, 0x50, 0x0, 0x8f, 0x30, 0x0, 0x1,
    0xfb, 0x0, 0x3, 0xfb, 0x0, 0x0, 0x8f, 0x30,
    0x0, 0x4, 0xf9, 0x0, 0xd, 0xf1, 0x0, 0x0,
    0x8f, 0x30, 0x0, 0x9, 0xf5, 0x0, 0x7f, 0x70,
    0x0, 0x0, 0x8f, 0x30, 0x0, 0x6f, 0xd0, 0x2,
    0xfc, 0x0, 0x0, 0x0, 0x8f, 0xa8, 0x9d, 0xfe,
    0x20, 0xb, 0xfa, 0x88, 0x88, 0x81, 0x8f, 0xff,
    0xfc, 0x71, 0x0, 0xe, 0xff, 0xff, 0xff, 0xf3,

    /* U+01F2 "ǲ" */
    0x8f, 0xff, 0xfd, 0x81, 0x0, 0x0, 0x0, 0x0,
    0x0, 0x8f, 0x97, 0x8b, 0xfe, 0x30, 0x0, 0x0,
    0x0, 0x0, 0x8f, 0x30, 0x0, 0x4f, 0xe0, 0x0,
    0x0, 0x0, 0x0, 0x8f, 0x30, 0x0, 0x8, 0xf5,
    0x7, 0xff, 0xff, 0xf9, 0x8f, 0x30, 0x0, 0x3,
    0xf9, 0x2, 0x55, 0x5a, 0xf6, 0x8f, 0x30, 0x0,
    0x1, 0xfb, 0x0, 0x0, 0x1f, 0xb0, 0x8f, 0x30,
    0x0, 0x1, 0xfb, 0x0, 0x0, 0xbe, 0x10, 0x8f,
    0x30, 0x0, 0x4, 0xf9, 0x0, 0x6, 0xf5, 0x0,
    0x8f, 0x30, 0x0, 0x9, 0xf5, 0x0, 0x2f, 0xa0,
    0x0, 0x8f, 0x30, 0x0, 0x6f, 0xd0, 0x0, 0xce,
    0x0, 0x0, 0x8f, 0xa8, 0x9d, 0xfe, 0x20, 0x7,
    0xfb, 0x88, 0x86, 0x8f, 0xff, 0xfc, 0x71, 0x0,
    0xb, 0xff, 0xff, 0xfb,

    /* U+01F3 "ǳ" */
    0x0, 0x0, 0x0, 0x1f, 0x90, 0x0, 0x0, 0x0,
    0x0, 0x0, 0x0, 0x1, 0xf9, 0x0, 0x0, 0x0,
    0x0, 0x0, 0x0, 0x0, 0x1f, 0x90, 0x0, 0x0,
    0x0, 0x0, 0x7, 0xef, 0xc3, 0xf9, 0x3, 0xff,
    0xff, 0xfd, 0x6, 0xfd, 0x89, 0xef, 0x90, 0x17,
    0x77, 0x9f, 0xb0, 0xef, 0x10, 0x7, 0xf9, 0x0,
    0x0, 0xc, 0xe1, 0x1f, 0xb0, 0x0, 0x2f, 0x90,
    0x0, 0x8, 0xf5, 0x2, 0xf9, 0x0, 0x1, 0xf9,
    0x0, 0x3, 0xfa, 0x0, 0x1f, 0xb0, 0x0, 0x1f,
    0x90, 0x0, 0xde, 0x0, 0x0, 0xef, 0x0, 0x6,
    0xf9, 0x0, 0xaf, 0x30, 0x0, 0x7, 0xfd, 0x79,
    0xdf, 0x90, 0x4f, 0xd6, 0x66, 0x60, 0x7, 0xef,
    0xc2, 0xd9, 0x8, 0xff, 0xff, 0xff,

    /* U+01F4 "Ǵ" */
    0x0, 0x0, 0x0, 0x18, 0x60, 0x0, 0x0, 0x0,
    0xa, 0xf3, 0x0, 0x0, 0x0, 0x6, 0xe3, 0x0,
    0x0, 0x0, 0x0, 0x0, 0x0, 0x0, 0x0, 0x2,
    0x8d, 0xfe, 0xd8, 0x10, 0x4, 0xff, 0xb9, 0x9c,
    0xe0, 0x2, 0xfe, 0x30, 0x0, 0x0, 0x0, 0x9f,
    0x50, 0x0, 0x0, 0x0, 0xe, 0xe0, 0x0, 0x0,
    0x0, 0x0, 0xfc, 0x0, 0x6, 0x88, 0x83, 0xf,
    0xc0, 0x0, 0xbf, 0xff, 0x60, 0xee, 0x0, 0x0,
    0x4, 0xf6, 0xa, 0xf3, 0x0, 0x0, 0x4f, 0x60,
    0x4f, 0xd1, 0x0, 0x4, 0xf6, 0x0, 0x8f, 0xfa,
    0x88, 0xcf, 0x60, 0x0, 0x4b, 0xef, 0xed, 0x92,

    /* U+01F5 "ǵ" */
    0x0, 0x0, 0xd, 0xe2, 0x0, 0x0, 0xb, 0xc1,
    0x0, 0x0, 0x0, 0x30, 0x0, 0x0, 0x7, 0xef,
    0xc3, 0xd9, 0x5, 0xfd, 0x79, 0xef, 0x90, 0xdf,
    0x10, 0x7, 0xf9, 0xf, 0xb0, 0x0, 0x2f, 0x92,
    0xf9, 0x0, 0x0, 0xf9, 0xf, 0xa0, 0x0, 0x1f,
    0x90, 0xde, 0x0, 0x5, 0xf9, 0x6, 0xfc, 0x78,
    0xef, 0x90, 0x7, 0xef, 0xc4, 0xf9, 0x0, 0x0,
    0x0, 0x2f, 0x80, 0x0, 0x0, 0x6, 0xf6, 0x8,
    0xc8, 0x79, 0xfe, 0x0, 0x4b, 0xef, 0xeb, 0x20,

    /* U+01F6 "Ƕ" */
    0x7f, 0x40, 0x0, 0x4f, 0x60, 0x0, 0x0, 0x7f,
    0x40, 0x0, 0x4f, 0x60, 0x0, 0x0, 0x7f, 0x40,
    0x0, 0x4f, 0x60, 0x0, 0x0, 0x7f, 0x40, 0x0,
    0x4f, 0x60, 0x9, 0xf1, 0x7f, 0x40, 0x0, 0x4f,
    0x60, 0x9, 0xf1, 0x7f, 0xff, 0xff, 0xff, 0x60,
    0x9, 0xf1, 0x7f, 0xa8, 0x88, 0xaf, 0x60, 0x9,
    0xf1, 0x7f, 0x40, 0x0, 0x4f, 0x60, 0x9, 0xf1,
    0x7f, 0x40, 0x0, 0x4f, 0x60, 0x9, 0xf1, 0x7f,
    0x40, 0x0, 0x3f, 0x80, 0xb, 0xf0, 0x7f, 0x40,
    0x0, 0xe, 0xf9, 0xaf, 0xa0, 0x7f, 0x40, 0x0,
    0x3, 0xcf, 0xea, 0x10,

    /* U+01F7 "Ƿ" */
    0x7f, 0x7, 0xef, 0xc3, 0x7, 0xfa, 0xe9, 0x9f,
    0xf2, 0x7f, 0xe0, 0x0, 0x5f, 0x87, 0xf7, 0x0,
    0x0, 0xfb, 0x7f, 0x50, 0x0, 0xf, 0xc7, 0xf4,
    0x0, 0x2, 0xfa, 0x7f, 0x40, 0x0, 0x7f, 0x57,
    0xf4, 0x0, 0x1e, 0xe0, 0x7f, 0x40, 0xc, 0xf5,
    0x7, 0xf4, 0x3d, 0xf7, 0x0, 0x7f, 0xcf, 0xe4,
    0x0, 0x7, 0xff, 0x81, 0x0, 0x0, 0x7f, 0x40,
    0x0, 0x0, 0x7, 0xf4, 0x0, 0x0, 0x0, 0x7f,
    0x40, 0x0, 0x0, 0x7, 0xf4, 0x0, 0x0, 0x0,

    /* U+01F8 "Ǹ" */
    0x0, 0x7, 0x71, 0x0, 0x0, 0x0, 0x4, 0xf9,
    0x0, 0x0, 0x0, 0x0, 0x3e, 0x50, 0x0, 0x0,
    0x0, 0x0, 0x0, 0x0, 0x7f, 0xd0, 0x0, 0x0,
    0xbe, 0x7f, 0xf8, 0x0, 0x0, 0xbe, 0x7f, 0xdf,
    0x20, 0x0, 0xbe, 0x7f, 0x4f, 0xb0, 0x0, 0xbe,
    0x7f, 0xa, 0xf5, 0x0, 0xbe, 0x7f, 0x11, 0xfe,
    0x0, 0xbe, 0x7f, 0x10, 0x7f, 0x90, 0xbe, 0x7f,
    0x10, 0xd, 0xf3, 0xae, 0x7f, 0x10, 0x4, 0xfc,
    0xae, 0x7f, 0x10, 0x0, 0xbf, 0xee, 0x7f, 0x10,
    0x0, 0x2f, 0xfe, 0x7f, 0x10, 0x0, 0x8, 0xfe,

    /* U+01F9 "ǹ" */
    0x0, 0xcf, 0x30, 0x0, 0x0, 0x9, 0xd1, 0x0,
    0x0, 0x0, 0x21, 0x0, 0xbb, 0x3c, 0xfe, 0x80,
    0xbf, 0xe9, 0x7d, 0xf6, 0xbf, 0x60, 0x1, 0xfa,
    0xbf, 0x10, 0x0, 0xec, 0xbf, 0x0, 0x0, 0xec,
    0xbf, 0x0, 0x0, 0xec, 0xbf, 0x0, 0x0, 0xec,
    0xbf, 0x0, 0x0, 0xec, 0xbf, 0x0, 0x0, 0xec,

    /* U+01FA "Ǻ" */
    0x0, 0x0, 0x3, 0x84, 0x0, 0x0, 0x0, 0x1,
    0xeb, 0x10, 0x0, 0x0, 0x0, 0x46, 0x0, 0x0,
    0x0, 0x0, 0x2c, 0xe6, 0x0, 0x0, 0x0, 0x8,
    0x81, 0xf0, 0x0, 0x0, 0x0, 0x5c, 0x8d, 0x0,
    0x0, 0x0, 0x1, 0xff, 0x90, 0x0, 0x0, 0x0,
    0x8f, 0x9f, 0x0, 0x0, 0x0, 0xe, 0xa2, 0xf6,
    0x0, 0x0, 0x5, 0xf4, 0xc, 0xd0, 0x0, 0x0,
    0xcd, 0x0, 0x5f, 0x30, 0x0, 0x2f, 0xc8, 0x89,
    0xfa, 0x0, 0x9, 0xff, 0xff, 0xff, 0xf1, 0x0,
    0xec, 0x0, 0x0, 0x5f, 0x70, 0x6f, 0x60, 0x0,
    0x0, 0xed, 0xc, 0xf0, 0x0, 0x0, 0x8, 0xf4,

    /* U+01FB "ǻ" */
    0x0, 0x0, 0x17, 0x70, 0x0, 0x1, 0xda, 0x20,
    0x0, 0x7, 0xeb, 0x0, 0x0, 0x1e, 0xa, 0x60,
    0x0, 0x1e, 0xa, 0x60, 0x0, 0x7, 0xeb, 0x0,
    0x0, 0x0, 0x0, 0x0, 0x1, 0x9d, 0xfe, 0x90,
    0x1, 0xe8, 0x6a, 0xf9, 0x0, 0x0, 0x0, 0xed,
    0x0, 0x0, 0x0, 0xce, 0x2, 0xad, 0xff, 0xfe,
    0xe, 0xe5, 0x32, 0xde, 0x3f, 0x80, 0x0, 0xee,
    0x1f, 0xd4, 0x4b, 0xfe, 0x5, 0xdf, 0xd7, 0x7e,

    /* U+01FC "Ǽ" */
    0x0, 0x0, 0x0, 0x0, 0x5, 0x82, 0x0, 0x0,
    0x0, 0x0, 0x0, 0x3, 0xfa, 0x0, 0x0, 0x0,
    0x0, 0x0, 0x0, 0xd9, 0x0, 0x0, 0x0, 0x0,
    0x0, 0x0, 0x0, 0x0, 0x0, 0x0, 0x0, 0x0,
    0x0, 0xef, 0xff, 0xff, 0xff, 0x70, 0x0, 0x0,
    0x5f, 0x9d, 0xf8, 0x88, 0x83, 0x0, 0x0, 0xc,
    0xd0, 0xbf, 0x0, 0x0, 0x0, 0x0, 0x3, 0xf7,
    0xb, 0xf0, 0x0, 0x0, 0x0, 0x0, 0xaf, 0x10,
    0xbf, 0x0, 0x0, 0x0, 0x0, 0x2f, 0x90, 0xb,
    0xff, 0xff, 0xf3, 0x0, 0x9, 0xf2, 0x0, 0xbf,
    0x88, 0x88, 0x10, 0x0, 0xff, 0xff, 0xff, 0xf0,
    0x0, 0x0, 0x0, 0x7f, 0xa8, 0x88, 0xef, 0x0,
    0x0, 0x0, 0xe, 0xd0, 0x0, 0xb, 0xf0, 0x0,
    0x0, 0x5, 0xf6, 0x0, 0x0, 0xbf, 0x88, 0x88,
    0x30, 0xcf, 0x0, 0x0, 0xb, 0xff, 0xff, 0xf7,

    /* U+01FD "ǽ" */
    0x0, 0x0, 0x0, 0xb, 0xf4, 0x0, 0x0, 0x0,
    0x0, 0x0, 0x7e, 0x30, 0x0, 0x0, 0x0, 0x0,
    0x0, 0x31, 0x0, 0x0, 0x0, 0x2, 0xad, 0xfd,
    0x62, 0xbf, 0xe8, 0x0, 0x3, 0xd8, 0x6c, 0xfe,
    0xd6, 0x9f, 0x90, 0x0, 0x0, 0x1, 0xff, 0x20,
    0xb, 0xf0, 0x0, 0x0, 0x0, 0xfe, 0x0, 0x7,
    0xf3, 0x3, 0xbe, 0xff, 0xff, 0xff, 0xff, 0xf4,
    0x1f, 0xe6, 0x33, 0xfd, 0x33, 0x33, 0x30, 0x3f,
    0x80, 0x2, 0xff, 0x20, 0x0, 0x0, 0x1f, 0xe7,
    0x8e, 0xae, 0xe8, 0x78, 0xb0, 0x5, 0xdf, 0xe7,
    0x2, 0xbf, 0xfd, 0x70,

    /* U+01FE "Ǿ" */
    0x0, 0x0, 0x0, 0x18, 0x60, 0x0, 0x0, 0x0,
    0x0, 0xbe, 0x30, 0x0, 0x0, 0x0, 0x6, 0xe2,
    0x0, 0x0, 0x0, 0x0, 0x0, 0x0, 0x1, 0x0,
    0x0, 0x4, 0xbe, 0xfd, 0x8c, 0xa0, 0x0, 0x8f,
    0xe9, 0x9b, 0xff, 0x40, 0x4, 0xfc, 0x0, 0x2,
    0xff, 0xc0, 0xa, 0xf4, 0x0, 0xc, 0xbb, 0xf3,
    0xe, 0xf0, 0x0, 0x8f, 0x16, 0xf7, 0xf, 0xd0,
    0x3, 0xf5, 0x4, 0xf8, 0xf, 0xd0, 0xd, 0xa0,
    0x4, 0xf8, 0xe, 0xe0, 0x8e, 0x10, 0x6, 0xf7,
    0xb, 0xf7, 0xf5, 0x0, 0xb, 0xf3, 0x4, 0xff,
    0xa0, 0x0, 0x4f, 0xc0, 0x0, 0xcf, 0xe9, 0x8b,
    0xfe, 0x20, 0x2, 0xf8, 0xbe, 0xfd, 0x81, 0x0,
    0x0, 0x30, 0x0, 0x0, 0x0, 0x0,

    /* U+01FF "ǿ" */
    0x0, 0x0, 0x1e, 0xe2, 0x0, 0x0, 0xb, 0xc1,
    0x0, 0x0, 0x0, 0x30, 0x1, 0x0, 0x4, 0xcf,
    0xea, 0xe4, 0x5, 0xfd, 0x88, 0xff, 0x10, 0xdf,
    0x10, 0x6f, 0xf8, 0x1f, 0xa0, 0x2f, 0x5e, 0xd2,
    0xf9, 0xc, 0xa0, 0xde, 0x1f, 0xa8, 0xe1, 0xe,
    0xd0, 0xcf, 0xf4, 0x4, 0xf9, 0x4, 0xfe, 0x78,
    0xfe, 0x10, 0x8d, 0xcf, 0xfa, 0x20, 0x0, 0x20,
    0x0, 0x0, 0x0,

    /* U+0200 "Ȁ" */
    0x4, 0xa3, 0x5a, 0x20, 0x0, 0x0, 0xc, 0xc1,
    0xdb, 0x0, 0x0, 0x0, 0x1d, 0x62, 0xd4, 0x0,
    0x0, 0x0, 0x0, 0x0, 0x0, 0x0, 0x0, 0x0,
    0xdf, 0x40, 0x0, 0x0, 0x0, 0x3f, 0xfa, 0x0,
    0x0, 0x0, 0x9, 0xf9, 0xf0, 0x0, 0x0, 0x0,
    0xeb, 0x4f, 0x60, 0x0, 0x0, 0x4f, 0x60, 0xec,
    0x0, 0x0, 0xa, 0xf1, 0x9, 0xf1, 0x0, 0x0,
    0xfb, 0x0, 0x3f, 0x70, 0x0, 0x5f, 0xff, 0xff,
    0xfd, 0x0, 0xb, 0xf8, 0x88, 0x8c, 0xf3, 0x1,
    0xfb, 0x0, 0x0, 0x4f, 0x80, 0x7f, 0x50, 0x0,
    0x0, 0xee, 0xd, 0xf0, 0x0, 0x0, 0x8, 0xf4,

    /* U+0201 "ȁ" */
    0xd, 0xc1, 0xeb, 0x0, 0x2, 0xf5, 0x4f, 0x40,
    0x0, 0x38, 0x4, 0x70, 0x1, 0x9d, 0xfe, 0x90,
    0x1, 0xe8, 0x6a, 0xf9, 0x0, 0x0, 0x0, 0xed,
    0x0, 0x0, 0x0, 0xce, 0x2, 0xad, 0xff, 0xfe,
    0xe, 0xe5, 0x32, 0xde, 0x3f, 0x80, 0x0, 0xee,
    0x1f, 0xd4, 0x4b, 0xfe, 0x5, 0xdf, 0xd7, 0x7e,

    /* U+0202 "Ȃ" */
    0x0, 0x0, 0x0, 0x0, 0x0, 0x0, 0x0, 0x7f,
    0xfc, 0x20, 0x0, 0x0, 0x4d, 0x54, 0x9b, 0x0,
    0x0, 0x0, 0x10, 0x0, 0x10, 0x0, 0x0, 0x0,
    0xdf, 0x40, 0x0, 0x0, 0x0, 0x3f, 0xfa, 0x0,
    0x0, 0x0, 0x9, 0xf9, 0xf0, 0x0, 0x0, 0x0,
    0xeb, 0x4f, 0x60, 0x0, 0x0, 0x4f, 0x60, 0xec,
    0x0, 0x0, 0xa, 0xf1, 0x9, 0xf1, 0x0, 0x0,
    0xfb, 0x0, 0x3f, 0x70, 0x0, 0x5f, 0xff, 0xff,
    0xfd, 0x0, 0xb, 0xf8, 0x88, 0x8c, 0xf3, 0x1,
    0xfb, 0x0, 0x0, 0x4f, 0x80, 0x7f, 0x50, 0x0,
    0x0, 0xee, 0xd, 0xf0, 0x0, 0x0, 0x8, 0xf4,

    /* U+0203 "ȃ" */
    0x0, 0x3c, 0xfd, 0x50, 0x0, 0xd9, 0x57, 0xf1,
    0x0, 0x20, 0x0, 0x20, 0x1, 0x9d, 0xfe, 0x90,
    0x1, 0xe8, 0x6a, 0xf9, 0x0, 0x0, 0x0, 0xed,
    0x0, 0x0, 0x0, 0xce, 0x2, 0xad, 0xff, 0xfe,
    0xe, 0xe5, 0x32, 0xde, 0x3f, 0x80, 0x0, 0xee,
    0x1f, 0xd4, 0x4b, 0xfe, 0x5, 0xdf, 0xd7, 0x7e,

    /* U+0204 "Ȅ" */
    0x79, 0x8, 0x80, 0x3, 0xf6, 0x4f, 0x50, 0x4,
    0xe1, 0x6d, 0x0, 0x0, 0x0, 0x0, 0x7f, 0xff,
    0xff, 0xf7, 0xfa, 0x88, 0x87, 0x7f, 0x40, 0x0,
    0x7, 0xf4, 0x0, 0x0, 0x7f, 0x40, 0x0, 0x7,
    0xff, 0xff, 0xfa, 0x7f, 0xa8, 0x88, 0x57, 0xf4,
    0x0, 0x0, 0x7f, 0x40, 0x0, 0x7, 0xf4, 0x0,
    0x0, 0x7f, 0xa8, 0x88, 0x87, 0xff, 0xff, 0xff,

    /* U+0205 "ȅ" */
    0xd, 0xd1, 0xec, 0x0, 0x0, 0x2e, 0x63, 0xf4,
    0x0, 0x0, 0x28, 0x3, 0x70, 0x0, 0x4, 0xcf,
    0xe9, 0x0, 0x4, 0xfd, 0x68, 0xf9, 0x0, 0xcf,
    0x10, 0x9, 0xf1, 0xf, 0xb0, 0x0, 0x6f, 0x42,
    0xff, 0xff, 0xff, 0xf6, 0xf, 0xb3, 0x33, 0x33,
    0x10, 0xde, 0x10, 0x0, 0x0, 0x4, 0xfd, 0x86,
    0x8c, 0x0, 0x3, 0xbf, 0xfd, 0x80,

    /* U+0206 "Ȇ" */
    0x0, 0x0, 0x0, 0x0, 0x1b, 0xff, 0x90, 0xa,
    0xa4, 0x4c, 0x50, 0x10, 0x0, 0x0, 0x7f, 0xff,
    0xff, 0xf7, 0xfa, 0x88, 0x87, 0x7f, 0x40, 0x0,
    0x7, 0xf4, 0x0, 0x0, 0x7f, 0x40, 0x0, 0x7,
    0xff, 0xff, 0xfa, 0x7f, 0xa8, 0x88, 0x57, 0xf4,
    0x0, 0x0, 0x7f, 0x40, 0x0, 0x7, 0xf4, 0x0,
    0x0, 0x7f, 0xa8, 0x88, 0x87, 0xff, 0xff, 0xff,

    /* U+0207 "ȇ" */
    0x0, 0x2c, 0xfd, 0x50, 0x0, 0xd, 0x95, 0x6f,
    0x10, 0x0, 0x30, 0x0, 0x20, 0x0, 0x4, 0xcf,
    0xe9, 0x0, 0x4, 0xfd, 0x68, 0xf9, 0x0, 0xcf,
    0x10, 0x9, 0xf1, 0xf, 0xb0, 0x0, 0x6f, 0x42,
    0xff, 0xff, 0xff, 0xf6, 0xf, 0xb3, 0x33, 0x33,
    0x10, 0xde, 0x10, 0x0, 0x0, 0x4, 0xfd, 0x86,
    0x8c, 0x0, 0x3, 0xbf, 0xfd, 0x80,

    /* U+0208 "Ȉ" */
    0x89, 0x9, 0x80, 0x3, 0xf6, 0x5f, 0x40, 0x5,
    0xe1, 0x6d, 0x0, 0x0, 0x0, 0x0, 0x6, 0xff,
    0xff, 0x0, 0x5, 0xfd, 0x30, 0x0, 0xf, 0xb0,
    0x0, 0x0, 0xfb, 0x0, 0x0, 0xf, 0xb0, 0x0,
    0x0, 0xfb, 0x0, 0x0, 0xf, 0xb0, 0x0, 0x0,
    0xfb, 0x0, 0x0, 0xf, 0xb0, 0x0, 0x0, 0xfb,
    0x0, 0x0, 0x5f, 0xd3, 0x0, 0x6f, 0xff, 0xf0,

    /* U+0209 "ȉ" */
    0x5f, 0x67, 0xf4, 0x0, 0x8e, 0xa, 0xd0, 0x0,
    0x74, 0x8, 0x30, 0x0, 0xbf, 0x0, 0x0, 0xb,
    0xf0, 0x0, 0x0, 0xbf, 0x0, 0x0, 0xb, 0xf0,
    0x0, 0x0, 0xbf, 0x0, 0x0, 0xb, 0xf0, 0x0,
    0x0, 0xbf, 0x0, 0x0, 0xb, 0xf0, 0x0, 0x0,
    0xbf, 0x0,

    /* U+020A "Ȋ" */
    0x0, 0x0, 0x0, 0x1c, 0xff, 0x90, 0xaa, 0x44,
    0xd5, 0x10, 0x0, 0x0, 0x6f, 0xff, 0xf0, 0x5,
    0xfd, 0x30, 0x0, 0xfb, 0x0, 0x0, 0xfb, 0x0,
    0x0, 0xfb, 0x0, 0x0, 0xfb, 0x0, 0x0, 0xfb,
    0x0, 0x0, 0xfb, 0x0, 0x0, 0xfb, 0x0, 0x0,
    0xfb, 0x0, 0x5, 0xfd, 0x30, 0x6f, 0xff, 0xf0,

    /* U+020B "ȋ" */
    0x7, 0xef, 0xb1, 0x5d, 0x65, 0xaa, 0x11, 0x0,
    0x1, 0x0, 0xbf, 0x0, 0x0, 0xbf, 0x0, 0x0,
    0xbf, 0x0, 0x0, 0xbf, 0x0, 0x0, 0xbf, 0x0,
    0x0, 0xbf, 0x0, 0x0, 0xbf, 0x0, 0x0, 0xbf,
    0x0, 0x0, 0xbf, 0x0,

    /* U+020C "Ȍ" */
    0x0, 0x3a, 0x44, 0xa3, 0x0, 0x0, 0x0, 0xc,
    0xd0, 0xdb, 0x0, 0x0, 0x0, 0x1, 0xc6, 0x1d,
    0x50, 0x0, 0x0, 0x0, 0x0, 0x0, 0x0, 0x0,
    0x0, 0x4, 0xbe, 0xfd, 0x81, 0x0, 0x0, 0x8f,
    0xe9, 0x8b, 0xfe, 0x20, 0x4, 0xfc, 0x0, 0x0,
    0x5f, 0xc0, 0xa, 0xf4, 0x0, 0x0, 0xb, 0xf3,
    0xe, 0xf0, 0x0, 0x0, 0x6, 0xf7, 0xf, 0xd0,
    0x0, 0x0, 0x4, 0xf8, 0xf, 0xd0, 0x0, 0x0,
    0x4, 0xf8, 0xe, 0xf0, 0x0, 0x0, 0x6, 0xf7,
    0xa, 0xf4, 0x0, 0x0, 0xb, 0xf3, 0x4, 0xfc,
    0x0, 0x0, 0x4f, 0xc0, 0x0, 0x8f, 0xe9, 0x8b,
    0xfe, 0x20, 0x0, 0x5, 0xbe, 0xfd, 0x81, 0x0,

    /* U+020D "ȍ" */
    0x9, 0xf2, 0xbf, 0x10, 0x0, 0xc, 0xa1, 0xd8,
    0x0, 0x0, 0x19, 0x11, 0x90, 0x0, 0x4, 0xcf,
    0xea, 0x20, 0x4, 0xfd, 0x78, 0xfe, 0x10, 0xdf,
    0x10, 0x4, 0xf9, 0x1f, 0xb0, 0x0, 0xe, 0xd2,
    0xf9, 0x0, 0x0, 0xde, 0xf, 0xb0, 0x0, 0xe,
    0xd0, 0xcf, 0x10, 0x4, 0xf9, 0x4, 0xfd, 0x78,
    0xfe, 0x20, 0x3, 0xcf, 0xfb, 0x20,

    /* U+020E "Ȏ" */
    0x0, 0x0, 0x0, 0x0, 0x0, 0x0, 0x0, 0x0,
    0x6e, 0xfd, 0x20, 0x0, 0x0, 0x3, 0xe6, 0x48,
    0xc0, 0x0, 0x0, 0x1, 0x10, 0x0, 0x20, 0x0,
    0x0, 0x4, 0xbe, 0xfd, 0x81, 0x0, 0x0, 0x8f,
    0xe9, 0x8b, 0xfe, 0x20, 0x4, 0xfc, 0x0, 0x0,
    0x5f, 0xc0, 0xa, 0xf4, 0x0, 0x0, 0xb, 0xf3,
    0xe, 0xf0, 0x0, 0x0, 0x6, 0xf7, 0xf, 0xd0,
    0x0, 0x0, 0x4, 0xf8, 0xf, 0xd0, 0x0, 0x0,
    0x4, 0xf8, 0xe, 0xf0, 0x0, 0x0, 0x6, 0xf7,
    0xa, 0xf4, 0x0, 0x0, 0xb, 0xf3, 0x4, 0xfc,
    0x0, 0x0, 0x4f, 0xc0, 0x0, 0x8f, 0xe9, 0x8b,
    0xfe, 0x20, 0x0, 0x5, 0xbe, 0xfd, 0x81, 0x0,

    /* U+020F "ȏ" */
    0x0, 0xa, 0xfe, 0x90, 0x0, 0x9, 0xb6, 0x6d,
    0x50, 0x0, 0x20, 0x0, 0x11, 0x0, 0x4, 0xcf,
    0xea, 0x20, 0x4, 0xfd, 0x78, 0xfe, 0x10, 0xdf,
    0x10, 0x4, 0xf9, 0x1f, 0xb0, 0x0, 0xe, 0xd2,
    0xf9, 0x0, 0x0, 0xde, 0xf, 0xb0, 0x0, 0xe,
    0xd0, 0xcf, 0x10, 0x4, 0xf9, 0x4, 0xfd, 0x78,
    0xfe, 0x20, 0x3, 0xcf, 0xfb, 0x20,

    /* U+0210 "Ȑ" */
    0x5a, 0x17, 0x90, 0x0, 0x1, 0xe9, 0x2f, 0x80,
    0x0, 0x2, 0xe3, 0x3e, 0x20, 0x0, 0x0, 0x0,
    0x0, 0x0, 0x8f, 0xff, 0xfc, 0x60, 0x8, 0xf9,
    0x79, 0xef, 0x70, 0x8f, 0x30, 0x1, 0xfe, 0x8,
    0xf3, 0x0, 0xd, 0xf0, 0x8f, 0x30, 0x0, 0xee,
    0x8, 0xf5, 0x23, 0xaf, 0x60, 0x8f, 0xff, 0xff,
    0x60, 0x8, 0xf7, 0x5b, 0xf3, 0x0, 0x8f, 0x30,
    0x1f, 0xc0, 0x8, 0xf3, 0x0, 0x8f, 0x60, 0x8f,
    0x30, 0x0, 0xee, 0x18, 0xf3, 0x0, 0x5, 0xfa,

    /* U+0211 "ȑ" */
    0xaf, 0x1c, 0xe0, 0x0, 0xca, 0x1d, 0x80, 0x1,
    0x91, 0x19, 0x0, 0xbb, 0x1b, 0xf7, 0xb, 0xdc,
    0xda, 0x40, 0xbf, 0xa0, 0x0, 0xb, 0xf2, 0x0,
    0x0, 0xbf, 0x0, 0x0, 0xb, 0xf0, 0x0, 0x0,
    0xbf, 0x0, 0x0, 0xb, 0xf0, 0x0, 0x0, 0xbf,
    0x0, 0x0,

    /* U+0212 "Ȓ" */
    0x0, 0x0, 0x0, 0x0, 0x0, 0x9, 0xff, 0xb1,
    0x0, 0x6, 0xc5, 0x4a, 0x80, 0x0, 0x0, 0x0,
    0x1, 0x0, 0x8f, 0xff, 0xfc, 0x60, 0x8, 0xf9,
    0x79, 0xef, 0x70, 0x8f, 0x30, 0x1, 0xfe, 0x8,
    0xf3, 0x0, 0xd, 0xf0, 0x8f, 0x30, 0x0, 0xee,
    0x8, 0xf5, 0x23, 0xaf, 0x60, 0x8f, 0xff, 0xff,
    0x60, 0x8, 0xf7, 0x5b, 0xf3, 0x0, 0x8f, 0x30,
    0x1f, 0xc0, 0x8, 0xf3, 0x0, 0x8f, 0x60, 0x8f,
    0x30, 0x0, 0xee, 0x18, 0xf3, 0x0, 0x5, 0xfa,

    /* U+0213 "ȓ" */
    0xa, 0xfe, 0x90, 0x9b, 0x66, 0xd5, 0x20, 0x0,
    0x11, 0xbb, 0x1b, 0xf7, 0xbd, 0xcd, 0xa4, 0xbf,
    0xa0, 0x0, 0xbf, 0x20, 0x0, 0xbf, 0x0, 0x0,
    0xbf, 0x0, 0x0, 0xbf, 0x0, 0x0, 0xbf, 0x0,
    0x0, 0xbf, 0x0, 0x0,

    /* U+0214 "Ȕ" */
    0x7, 0x90, 0x89, 0x0, 0x0, 0x2, 0xf7, 0x4f,
    0x60, 0x0, 0x0, 0x4e, 0x15, 0xe0, 0x0, 0x0,
    0x0, 0x0, 0x0, 0x0, 0x9f, 0x20, 0x0, 0x5,
    0xf6, 0x9f, 0x20, 0x0, 0x5, 0xf6, 0x9f, 0x20,
    0x0, 0x5, 0xf6, 0x9f, 0x20, 0x0, 0x5, 0xf6,
    0x9f, 0x20, 0x0, 0x5, 0xf6, 0x9f, 0x20, 0x0,
    0x5, 0xf6, 0x9f, 0x20, 0x0, 0x5, 0xf6, 0x9f,
    0x20, 0x0, 0x5, 0xf6, 0x7f, 0x40, 0x0, 0x7,
    0xf4, 0x3f, 0xb0, 0x0, 0xd, 0xf0, 0xa, 0xfd,
    0x99, 0xef, 0x60, 0x0, 0x7d, 0xff, 0xc5, 0x0,

    /* U+0215 "ȕ" */
    0x7f, 0x39, 0xf2, 0x0, 0xb, 0xc0, 0xca, 0x0,
    0x0, 0x82, 0x9, 0x10, 0xcf, 0x0, 0x0, 0xfb,
    0xcf, 0x0, 0x0, 0xfb, 0xcf, 0x0, 0x0, 0xfb,
    0xcf, 0x0, 0x0, 0xfb, 0xcf, 0x0, 0x0, 0xfb,
    0xcf, 0x0, 0x0, 0xfb, 0xaf, 0x10, 0x5, 0xfb,
    0x6f, 0xb5, 0x6e, 0xfb, 0x8, 0xef, 0xd5, 0xbb,

    /* U+0216 "Ȗ" */
    0x0, 0x0, 0x0, 0x0, 0x0, 0x0, 0x1b, 0xff,
    0xa0, 0x0, 0x0, 0x9b, 0x44, 0xc6, 0x0, 0x0,
    0x10, 0x0, 0x0, 0x0, 0x9f, 0x20, 0x0, 0x5,
    0xf6, 0x9f, 0x20, 0x0, 0x5, 0xf6, 0x9f, 0x20,
    0x0, 0x5, 0xf6, 0x9f, 0x20, 0x0, 0x5, 0xf6,
    0x9f, 0x20, 0x0, 0x5, 0xf6, 0x9f, 0x20, 0x0,
    0x5, 0xf6, 0x9f, 0x20, 0x0, 0x5, 0xf6, 0x9f,
    0x20, 0x0, 0x5, 0xf6, 0x7f, 0x40, 0x0, 0x7,
    0xf4, 0x3f, 0xb0, 0x0, 0xd, 0xf0, 0xa, 0xfd,
    0x99, 0xef, 0x60, 0x0, 0x7d, 0xff, 0xc5, 0x0,

    /* U+0217 "ȗ" */
    0x0, 0x9e, 0xfa, 0x0, 0x7, 0xc6, 0x5b, 0x80,
    0x1, 0x0, 0x0, 0x10, 0xcf, 0x0, 0x0, 0xfb,
    0xcf, 0x0, 0x0, 0xfb, 0xcf, 0x0, 0x0, 0xfb,
    0xcf, 0x0, 0x0, 0xfb, 0xcf, 0x0, 0x0, 0xfb,
    0xcf, 0x0, 0x0, 0xfb, 0xaf, 0x10, 0x5, 0xfb,
    0x6f, 0xb5, 0x6e, 0xfb, 0x8, 0xef, 0xd5, 0xbb,

    /* U+0218 "Ș" */
    0x0, 0x7d, 0xfe, 0xb5, 0x0, 0xaf, 0xc9, 0xae,
    0x90, 0xf, 0xc0, 0x0, 0x0, 0x0, 0xfc, 0x0,
    0x0, 0x0, 0xc, 0xf8, 0x0, 0x0, 0x0, 0x2d,
    0xfe, 0x81, 0x0, 0x0, 0x6, 0xdf, 0xe3, 0x0,
    0x0, 0x0, 0x6f, 0xd0, 0x0, 0x0, 0x0, 0xbf,
    0x0, 0x0, 0x0, 0xd, 0xf0, 0x3f, 0xb9, 0x8d,
    0xf8, 0x1, 0x9d, 0xfe, 0xc5, 0x0, 0x0, 0x0,
    0x0, 0x0, 0x0, 0x0, 0x4a, 0x20, 0x0, 0x0,
    0x9, 0xd0, 0x0, 0x0, 0x0, 0xd5, 0x0, 0x0,

    /* U+0219 "ș" */
    0x3, 0xbe, 0xfd, 0x70, 0xf, 0xd6, 0x69, 0x70,
    0x2f, 0x80, 0x0, 0x0, 0xd, 0xfa, 0x30, 0x0,
    0x1, 0x8f, 0xfc, 0x20, 0x0, 0x0, 0x7f, 0xd0,
    0x0, 0x0, 0xa, 0xf0, 0x3c, 0x86, 0x7f, 0xc0,
    0x1b, 0xef, 0xea, 0x10, 0x0, 0x0, 0x0, 0x0,
    0x0, 0x7, 0x90, 0x0, 0x0, 0xd, 0x90, 0x0,
    0x0, 0x2e, 0x10, 0x0,

    /* U+021A "Ț" */
    0xcf, 0xff, 0xff, 0xff, 0xc6, 0x88, 0xbf, 0xb8,
    0x86, 0x0, 0x6, 0xf5, 0x0, 0x0, 0x0, 0x6f,
    0x50, 0x0, 0x0, 0x6, 0xf5, 0x0, 0x0, 0x0,
    0x6f, 0x50, 0x0, 0x0, 0x6, 0xf5, 0x0, 0x0,
    0x0, 0x6f, 0x50, 0x0, 0x0, 0x6, 0xf5, 0x0,
    0x0, 0x0, 0x6f, 0x50, 0x0, 0x0, 0x6, 0xf5,
    0x0, 0x0, 0x0, 0x6f, 0x50, 0x0, 0x0, 0x0,
    0x0, 0x0, 0x0, 0x0, 0xa, 0x50, 0x0, 0x0,
    0x3, 0xf3, 0x0, 0x0, 0x0, 0x8a, 0x0, 0x0,

    /* U+021B "ț" */
    0x0, 0x71, 0x0, 0x4, 0xf3, 0x0, 0x6e, 0xff,
    0xfa, 0x3a, 0xf7, 0x53, 0x8, 0xf3, 0x0, 0x8,
    0xf3, 0x0, 0x8, 0xf3, 0x0, 0x8, 0xf3, 0x0,
    0x7, 0xf3, 0x0, 0x4, 0xfc, 0x66, 0x0, 0x9e,
    0xf9, 0x0, 0x0, 0x0, 0x0, 0x9, 0x60, 0x0,
    0x2f, 0x40, 0x0, 0x7b, 0x0,

    /* U+021C "Ȝ" */
    0x4, 0xae, 0xfe, 0xa2, 0x2, 0xfe, 0x97, 0xaf,
    0xe0, 0x3, 0x0, 0x0, 0x8f, 0x40, 0x0, 0x0,
    0x7, 0xf4, 0x0, 0x0, 0x4, 0xed, 0x0, 0x2,
    0x8d, 0xfe, 0x20, 0x0, 0x7e, 0xaa, 0xf9, 0x0,
    0x0, 0x0, 0x8, 0xf5, 0x0, 0x0, 0x0, 0x2f,
    0x90, 0x0, 0x0, 0x3, 0xf8, 0x0, 0x0, 0x0,
    0xaf, 0x40, 0x0, 0x1, 0xbf, 0xb0, 0x0, 0x4a,
    0xff, 0x90, 0x4, 0xff, 0xfa, 0x30, 0x0, 0x39,
    0x50, 0x0, 0x0, 0x0,

    /* U+021D "ȝ" */
    0x19, 0xdf, 0xe9, 0x0, 0x1d, 0x97, 0x9f, 0xa0,
    0x0, 0x0, 0xc, 0xe0, 0x0, 0x0, 0xd, 0xd0,
    0x0, 0x4, 0xcf, 0x40, 0x0, 0xef, 0xfe, 0x20,
    0x0, 0x62, 0x2e, 0xe0, 0x0, 0x0, 0x8, 0xf3,
    0x0, 0x0, 0x8, 0xf2, 0x0, 0x0, 0x2e, 0xd0,
    0x0, 0x18, 0xfe, 0x30, 0x5d, 0xff, 0xa2, 0x0,
    0x7a, 0x61, 0x0, 0x0,

    /* U+021E "Ȟ" */
    0x0, 0x64, 0x0, 0x46, 0x0, 0x0, 0x3f, 0x88,
    0xf3, 0x0, 0x0, 0x4, 0xff, 0x40, 0x0, 0x0,
    0x0, 0x0, 0x0, 0x0, 0x7f, 0x40, 0x0, 0x4,
    0xf7, 0x7f, 0x40, 0x0, 0x4, 0xf7, 0x7f, 0x40,
    0x0, 0x4, 0xf7, 0x7f, 0x40, 0x0, 0x4, 0xf7,
    0x7f, 0x40, 0x0, 0x4, 0xf7, 0x7f, 0xff, 0xff,
    0xff, 0xf7, 0x7f, 0xa8, 0x88, 0x8a, 0xf7, 0x7f,
    0x40, 0x0, 0x4, 0xf7, 0x7f, 0x40, 0x0, 0x4,
    0xf7, 0x7f, 0x40, 0x0, 0x4, 0xf7, 0x7f, 0x40,
    0x0, 0x4, 0xf7, 0x7f, 0x40, 0x0, 0x4, 0xf7,

    /* U+021F "ȟ" */
    0x5e, 0x30, 0xac, 0x0, 0x0, 0x7, 0xfd, 0xd1,
    0x0, 0x0, 0x0, 0x68, 0x20, 0x0, 0x0, 0x0,
    0x0, 0x0, 0x0, 0x0, 0x0, 0xbf, 0x0, 0x0,
    0x0, 0x0, 0xbf, 0x0, 0x0, 0x0, 0x0, 0xbf,
    0x0, 0x0, 0x0, 0x0, 0xbf, 0x3c, 0xfe, 0x80,
    0x0, 0xbf, 0xe9, 0x7c, 0xf6, 0x0, 0xbf, 0x60,
    0x1, 0xfa, 0x0, 0xbf, 0x10, 0x0, 0xec, 0x0,
    0xbf, 0x0, 0x0, 0xec, 0x0, 0xbf, 0x0, 0x0,
    0xec, 0x0, 0xbf, 0x0, 0x0, 0xec, 0x0, 0xbf,
    0x0, 0x0, 0xec, 0x0, 0xbf, 0x0, 0x0, 0xec,

    /* U+0220 "Ƞ" */
    0x7f, 0x6, 0xcf, 0xe9, 0x10, 0x7f, 0xbe, 0xa9,
    0xcf, 0xd0, 0x7f, 0xe2, 0x0, 0xb, 0xf4, 0x7f,
    0x80, 0x0, 0x5, 0xf7, 0x7f, 0x50, 0x0, 0x3,
    0xf8, 0x7f, 0x40, 0x0, 0x3, 0xf8, 0x7f, 0x40,
    0x0, 0x3, 0xf8, 0x7f, 0x40, 0x0, 0x3, 0xf8,
    0x7f, 0x40, 0x0, 0x3, 0xf8, 0x7f, 0x40, 0x0,
    0x3, 0xf8, 0x7f, 0x40, 0x0, 0x3, 0xf8, 0x7f,
    0x40, 0x0, 0x3, 0xf8, 0x0, 0x0, 0x0, 0x3,
    0xf8, 0x0, 0x0, 0x0, 0x3, 0xf8, 0x0, 0x0,
    0x0, 0x3, 0xf8, 0x0, 0x0, 0x0, 0x3, 0xf8,

    /* U+0221 "ȡ" */
    0x0, 0x0, 0x0, 0x1f, 0x90, 0x0, 0x0, 0x0,
    0x0, 0x0, 0x1f, 0x90, 0x0, 0x0, 0x0, 0x0,
    0x0, 0x1f, 0x90, 0x0, 0x0, 0x0, 0x7e, 0xfc,
    0x3f, 0x90, 0x0, 0x0, 0x6, 0xfd, 0x89, 0xef,
    0x90, 0x0, 0x0, 0xe, 0xf1, 0x0, 0x7f, 0x90,
    0x0, 0x0, 0x1f, 0xb0, 0x0, 0x2f, 0x90, 0x0,
    0x0, 0x2f, 0x90, 0x0, 0x1f, 0x90, 0x0, 0x0,
    0x1f, 0xb0, 0x0, 0x2f, 0x90, 0x0, 0x0, 0xe,
    0xf0, 0x0, 0x6f, 0xa5, 0xdf, 0xe4, 0x7, 0xfd,
    0x79, 0xfc, 0xff, 0xca, 0xfa, 0x0, 0x7e, 0xfd,
    0x70, 0xfe, 0xff, 0xb2, 0x0, 0x0, 0x0, 0x1,
    0xf5, 0x0, 0x0, 0x0, 0x0, 0x0, 0x3, 0xf3,
    0x0, 0x0, 0x0, 0x0, 0x0, 0x0, 0x20, 0x0,
    0x0,

    /* U+0222 "Ȣ" */
    0x8, 0xf3, 0x0, 0x1, 0xfb, 0x0, 0x8f, 0x40,
    0x0, 0x1f, 0xa0, 0x6, 0xf7, 0x0, 0x4, 0xf8,
    0x0, 0x1f, 0xe4, 0x3, 0xdf, 0x30, 0x0, 0x3f,
    0xff, 0xff, 0x50, 0x0, 0x2e, 0xfa, 0x9a, 0xfe,
    0x30, 0xc, 0xf3, 0x0, 0x2, 0xfe, 0x0, 0xfd,
    0x0, 0x0, 0xa, 0xf2, 0xf, 0xd0, 0x0, 0x0,
    0xaf, 0x30, 0xcf, 0x30, 0x0, 0x2f, 0xf0, 0x3,
    0xff, 0xa9, 0xaf, 0xf6, 0x0, 0x2, 0xae, 0xfe,
    0xb4, 0x0,

    /* U+0223 "ȣ" */
    0xb, 0xf0, 0x0, 0x5f, 0x60, 0xbf, 0x0, 0x5,
    0xf6, 0xa, 0xf1, 0x0, 0x7f, 0x50, 0x5f, 0xa2,
    0x3d, 0xf1, 0x0, 0x9f, 0xff, 0xf4, 0x0, 0x6f,
    0xb5, 0x6d, 0xe1, 0xf, 0xd0, 0x0, 0x2f, 0xa2,
    0xf9, 0x0, 0x0, 0xed, 0x2f, 0x90, 0x0, 0xe,
    0xd0, 0xed, 0x0, 0x3, 0xfa, 0x6, 0xfc, 0x78,
    0xff, 0x20, 0x5, 0xcf, 0xfb, 0x30,

    /* U+0224 "Ȥ" */
    0x4f, 0xff, 0xff, 0xff, 0x72, 0x88, 0x88, 0x8e,
    0xf4, 0x0, 0x0, 0x3, 0xfb, 0x0, 0x0, 0x0,
    0xdf, 0x10, 0x0, 0x0, 0x7f, 0x60, 0x0, 0x0,
    0x2f, 0xc0, 0x0, 0x0, 0xc, 0xf2, 0x0, 0x0,
    0x6, 0xf8, 0x0, 0x0, 0x1, 0xed, 0x0, 0x0,
    0x0, 0xaf, 0x30, 0x0, 0x0, 0x4f, 0xe8, 0x88,
    0x88, 0x57, 0xff, 0xff, 0xff, 0xfa, 0x0, 0x0,
    0x0, 0xf, 0xa0, 0x0, 0x0, 0x13, 0xf9, 0x0,
    0x0, 0x9, 0xff, 0x30, 0x0, 0x0, 0x24, 0x10,

    /* U+0225 "ȥ" */
    0x2f, 0xff, 0xff, 0xe0, 0x5, 0x55, 0x8f, 0xb0,
    0x0, 0x0, 0xcf, 0x10, 0x0, 0x7, 0xf6, 0x0,
    0x0, 0x2f, 0xb0, 0x0, 0x0, 0xce, 0x10, 0x0,
    0x7, 0xf5, 0x0, 0x0, 0x2f, 0xd5, 0x55, 0x50,
    0x6f, 0xff, 0xff, 0xf0, 0x0, 0x0, 0x7, 0xf0,
    0x0, 0x0, 0x2a, 0xf0, 0x0, 0x0, 0xff, 0x90,
    0x0, 0x0, 0x33, 0x0,

    /* U+0226 "Ȧ" */
    0x0, 0x0, 0x0, 0x0, 0x0, 0x0, 0x0, 0x8,
    0xe1, 0x0, 0x0, 0x0, 0x0, 0x8e, 0x10, 0x0,
    0x0, 0x0, 0x0, 0x0, 0x0, 0x0, 0x0, 0x0,
    0xdf, 0x40, 0x0, 0x0, 0x0, 0x3f, 0xfa, 0x0,
    0x0, 0x0, 0x9, 0xf9, 0xf0, 0x0, 0x0, 0x0,
    0xeb, 0x4f, 0x60, 0x0, 0x0, 0x4f, 0x60, 0xec,
    0x0, 0x0, 0xa, 0xf1, 0x9, 0xf1, 0x0, 0x0,
    0xfb, 0x0, 0x3f, 0x70, 0x0, 0x5f, 0xff, 0xff,
    0xfd, 0x0, 0xb, 0xf8, 0x88, 0x8c, 0xf3, 0x1,
    0xfb, 0x0, 0x0, 0x4f, 0x80, 0x7f, 0x50, 0x0,
    0x0, 0xee, 0xd, 0xf0, 0x0, 0x0, 0x8, 0xf4,

    /* U+0227 "ȧ" */
    0x0, 0x3, 0xe5, 0x0, 0x0, 0x3, 0xe5, 0x0,
    0x0, 0x0, 0x0, 0x0, 0x1, 0x9d, 0xfe, 0x90,
    0x1, 0xe8, 0x6a, 0xf9, 0x0, 0x0, 0x0, 0xed,
    0x0, 0x0, 0x0, 0xce, 0x2, 0xad, 0xff, 0xfe,
    0xe, 0xe5, 0x32, 0xde, 0x3f, 0x80, 0x0, 0xee,
    0x1f, 0xd4, 0x4b, 0xfe, 0x5, 0xdf, 0xd7, 0x7e,

    /* U+0228 "Ȩ" */
    0x7f, 0xff, 0xff, 0xf7, 0xfa, 0x88, 0x87, 0x7f,
    0x40, 0x0, 0x7, 0xf4, 0x0, 0x0, 0x7f, 0x40,
    0x0, 0x7, 0xff, 0xff, 0xfa, 0x7f, 0xa8, 0x88,
    0x57, 0xf4, 0x0, 0x0, 0x7f, 0x40, 0x0, 0x7,
    0xf4, 0x0, 0x0, 0x7f, 0xa8, 0x88, 0x87, 0xff,
    0xff, 0xff, 0x0, 0x9, 0x70, 0x0, 0x0, 0x8e,
    0x50, 0x0, 0x1, 0xca, 0x0, 0x9, 0xfc, 0x20,

    /* U+0229 "ȩ" */
    0x0, 0x4c, 0xfe, 0x90, 0x0, 0x4f, 0xd6, 0x8f,
    0x90, 0xc, 0xf1, 0x0, 0x9f, 0x10, 0xfb, 0x0,
    0x6, 0xf4, 0x2f, 0xff, 0xff, 0xff, 0x60, 0xfb,
    0x33, 0x33, 0x31, 0xd, 0xe1, 0x0, 0x0, 0x0,
    0x4f, 0xd8, 0x68, 0xc0, 0x0, 0x3b, 0xff, 0xd9,
    0x0, 0x0, 0xc, 0x50, 0x0, 0x0, 0x0, 0x7f,
    0x50, 0x0, 0x0, 0x11, 0xd7, 0x0, 0x0, 0xb,
    0xfb, 0x10, 0x0,

    /* U+022A "Ȫ" */
    0x0, 0x0, 0x0, 0x0, 0x0, 0x0, 0x0, 0x2,
    0xff, 0xff, 0xb0, 0x0, 0x0, 0x0, 0x33, 0x33,
    0x20, 0x0, 0x0, 0x0, 0x93, 0x9, 0x40, 0x0,
    0x0, 0x0, 0xd6, 0xd, 0x60, 0x0, 0x0, 0x0,
    0x0, 0x0, 0x0, 0x0, 0x0, 0x4, 0xbe, 0xfd,
    0x81, 0x0, 0x0, 0x8f, 0xe9, 0x8b, 0xfe, 0x20,
    0x4, 0xfc, 0x0, 0x0, 0x5f, 0xc0, 0xa, 0xf4,
    0x0, 0x0, 0xb, 0xf3, 0xe, 0xf0, 0x0, 0x0,
    0x6, 0xf7, 0xf, 0xd0, 0x0, 0x0, 0x4, 0xf8,
    0xf, 0xd0, 0x0, 0x0, 0x4, 0xf8, 0xe, 0xf0,
    0x0, 0x0, 0x6, 0xf7, 0xa, 0xf4, 0x0, 0x0,
    0xb, 0xf3, 0x4, 0xfc, 0x0, 0x0, 0x4f, 0xc0,
    0x0, 0x8f, 0xe9, 0x8b, 0xfe, 0x20, 0x0, 0x5,
    0xbe, 0xfd, 0x81, 0x0,

    /* U+022B "ȫ" */
    0x0, 0x0, 0x0, 0x0, 0x0, 0x9, 0xff, 0xff,
    0x50, 0x0, 0x23, 0x33, 0x31, 0x0, 0x4, 0xe1,
    0x4e, 0x10, 0x0, 0x2a, 0x2, 0xa0, 0x0, 0x0,
    0x0, 0x0, 0x0, 0x0, 0x4c, 0xfe, 0xa2, 0x0,
    0x4f, 0xd7, 0x8f, 0xe1, 0xd, 0xf1, 0x0, 0x4f,
    0x91, 0xfb, 0x0, 0x0, 0xed, 0x2f, 0x90, 0x0,
    0xd, 0xe0, 0xfb, 0x0, 0x0, 0xed, 0xc, 0xf1,
    0x0, 0x4f, 0x90, 0x4f, 0xd7, 0x8f, 0xe2, 0x0,
    0x3c, 0xff, 0xb2, 0x0,

    /* U+022C "Ȭ" */
    0x0, 0x0, 0x0, 0x0, 0x0, 0x0, 0x0, 0x2,
    0xff, 0xff, 0xb0, 0x0, 0x0, 0x0, 0x33, 0x33,
    0x20, 0x0, 0x0, 0x0, 0xbd, 0x61, 0xd0, 0x0,
    0x0, 0x5, 0xb4, 0xcf, 0x70, 0x0, 0x0, 0x0,
    0x10, 0x1, 0x0, 0x0, 0x0, 0x4, 0xbe, 0xfd,
    0x81, 0x0, 0x0, 0x8f, 0xe9, 0x8b, 0xfe, 0x20,
    0x4, 0xfc, 0x0, 0x0, 0x5f, 0xc0, 0xa, 0xf4,
    0x0, 0x0, 0xb, 0xf3, 0xe, 0xf0, 0x0, 0x0,
    0x6, 0xf7, 0xf, 0xd0, 0x0, 0x0, 0x4, 0xf8,
    0xf, 0xd0, 0x0, 0x0, 0x4, 0xf8, 0xe, 0xf0,
    0x0, 0x0, 0x6, 0xf7, 0xa, 0xf4, 0x0, 0x0,
    0xb, 0xf3, 0x4, 0xfc, 0x0, 0x0, 0x4f, 0xc0,
    0x0, 0x8f, 0xe9, 0x8b, 0xfe, 0x20, 0x0, 0x5,
    0xbe, 0xfd, 0x81, 0x0,

    /* U+022D "ȭ" */
    0x0, 0x0, 0x0, 0x0, 0x0, 0x9, 0xff, 0xff,
    0x50, 0x0, 0x23, 0x33, 0x31, 0x0, 0x3, 0xec,
    0x26, 0x80, 0x0, 0xb5, 0x6f, 0xf2, 0x0, 0x1,
    0x0, 0x0, 0x0, 0x0, 0x4c, 0xfe, 0xa2, 0x0,
    0x4f, 0xd7, 0x8f, 0xe1, 0xd, 0xf1, 0x0, 0x4f,
    0x91, 0xfb, 0x0, 0x0, 0xed, 0x2f, 0x90, 0x0,
    0xd, 0xe0, 0xfb, 0x0, 0x0, 0xed, 0xc, 0xf1,
    0x0, 0x4f, 0x90, 0x4f, 0xd7, 0x8f, 0xe2, 0x0,
    0x3c, 0xff, 0xb2, 0x0,

    /* U+022E "Ȯ" */
    0x0, 0x0, 0x0, 0x0, 0x0, 0x0, 0x0, 0x0,
    0x7, 0xe1, 0x0, 0x0, 0x0, 0x0, 0x7, 0xe1,
    0x0, 0x0, 0x0, 0x0, 0x0, 0x0, 0x0, 0x0,
    0x0, 0x4, 0xbe, 0xfd, 0x81, 0x0, 0x0, 0x8f,
    0xe9, 0x8b, 0xfe, 0x20, 0x4, 0xfc, 0x0, 0x0,
    0x5f, 0xc0, 0xa, 0xf4, 0x0, 0x0, 0xb, 0xf3,
    0xe, 0xf0, 0x0, 0x0, 0x6, 0xf7, 0xf, 0xd0,
    0x0, 0x0, 0x4, 0xf8, 0xf, 0xd0, 0x0, 0x0,
    0x4, 0xf8, 0xe, 0xf0, 0x0, 0x0, 0x6, 0xf7,
    0xa, 0xf4, 0x0, 0x0, 0xb, 0xf3, 0x4, 0xfc,
    0x0, 0x0, 0x4f, 0xc0, 0x0, 0x8f, 0xe9, 0x8b,
    0xfe, 0x20, 0x0, 0x5, 0xbe, 0xfd, 0x81, 0x0,

    /* U+022F "ȯ" */
    0x0, 0x0, 0xda, 0x0, 0x0, 0x0, 0xd, 0xa0,
    0x0, 0x0, 0x0, 0x0, 0x0, 0x0, 0x4, 0xcf,
    0xea, 0x20, 0x4, 0xfd, 0x78, 0xfe, 0x10, 0xdf,
    0x10, 0x4, 0xf9, 0x1f, 0xb0, 0x0, 0xe, 0xd2,
    0xf9, 0x0, 0x0, 0xde, 0xf, 0xb0, 0x0, 0xe,
    0xd0, 0xcf, 0x10, 0x4, 0xf9, 0x4, 0xfd, 0x78,
    0xfe, 0x20, 0x3, 0xcf, 0xfb, 0x20,

    /* U+0230 "Ȱ" */
    0x0, 0x0, 0x0, 0x0, 0x0, 0x0, 0x0, 0x2,
    0xff, 0xff, 0xb0, 0x0, 0x0, 0x0, 0x33, 0x33,
    0x20, 0x0, 0x0, 0x0, 0x5, 0xc0, 0x0, 0x0,
    0x0, 0x0, 0x6, 0xe1, 0x0, 0x0, 0x0, 0x0,
    0x0, 0x0, 0x0, 0x0, 0x0, 0x4, 0xbe, 0xfd,
    0x81, 0x0, 0x0, 0x8f, 0xe9, 0x8b, 0xfe, 0x20,
    0x4, 0xfc, 0x0, 0x0, 0x5f, 0xc0, 0xa, 0xf4,
    0x0, 0x0, 0xb, 0xf3, 0xe, 0xf0, 0x0, 0x0,
    0x6, 0xf7, 0xf, 0xd0, 0x0, 0x0, 0x4, 0xf8,
    0xf, 0xd0, 0x0, 0x0, 0x4, 0xf8, 0xe, 0xf0,
    0x0, 0x0, 0x6, 0xf7, 0xa, 0xf4, 0x0, 0x0,
    0xb, 0xf3, 0x4, 0xfc, 0x0, 0x0, 0x4f, 0xc0,
    0x0, 0x8f, 0xe9, 0x8b, 0xfe, 0x20, 0x0, 0x5,
    0xbe, 0xfd, 0x81, 0x0,

    /* U+0231 "ȱ" */
    0x0, 0x0, 0x0, 0x0, 0x0, 0x9, 0xff, 0xff,
    0x50, 0x0, 0x23, 0x33, 0x31, 0x0, 0x0, 0xc,
    0x90, 0x0, 0x0, 0x0, 0xb7, 0x0, 0x0, 0x0,
    0x0, 0x0, 0x0, 0x0, 0x4c, 0xfe, 0xa2, 0x0,
    0x4f, 0xd7, 0x8f, 0xe1, 0xd, 0xf1, 0x0, 0x4f,
    0x91, 0xfb, 0x0, 0x0, 0xed, 0x2f, 0x90, 0x0,
    0xd, 0xe0, 0xfb, 0x0, 0x0, 0xed, 0xc, 0xf1,
    0x0, 0x4f, 0x90, 0x4f, 0xd7, 0x8f, 0xe2, 0x0,
    0x3c, 0xff, 0xb2, 0x0,

    /* U+0232 "Ȳ" */
    0x0, 0x0, 0x0, 0x0, 0x0, 0x0, 0xcf, 0xff,
    0xf2, 0x0, 0x0, 0x23, 0x33, 0x30, 0x0, 0xbf,
    0x20, 0x0, 0xc, 0xf1, 0x3f, 0xa0, 0x0, 0x4f,
    0x90, 0xb, 0xf2, 0x0, 0xcf, 0x10, 0x3, 0xfa,
    0x5, 0xf8, 0x0, 0x0, 0xbf, 0x2d, 0xf1, 0x0,
    0x0, 0x2f, 0xdf, 0x70, 0x0, 0x0, 0xa, 0xfe,
    0x0, 0x0, 0x0, 0x3, 0xf8, 0x0, 0x0, 0x0,
    0x3, 0xf8, 0x0, 0x0, 0x0, 0x3, 0xf8, 0x0,
    0x0, 0x0, 0x3, 0xf8, 0x0, 0x0, 0x0, 0x3,
    0xf8, 0x0, 0x0,

    /* U+0233 "ȳ" */
    0x0, 0x0, 0x0, 0x0, 0x0, 0x3f, 0xff, 0xfa,
    0x0, 0x0, 0x33, 0x33, 0x20, 0xc, 0xf0, 0x0,
    0x8, 0xf4, 0x6f, 0x50, 0x0, 0xde, 0x0, 0xfb,
    0x0, 0x3f, 0x80, 0xa, 0xf1, 0x8, 0xf2, 0x0,
    0x4f, 0x60, 0xdd, 0x0, 0x0, 0xdb, 0x3f, 0x70,
    0x0, 0x7, 0xf8, 0xf1, 0x0, 0x0, 0x1f, 0xfb,
    0x0, 0x0, 0x0, 0xbf, 0x50, 0x0, 0x0, 0xb,
    0xf0, 0x0, 0x0, 0x3, 0xf9, 0x0, 0x0, 0x57,
    0xef, 0x20, 0x0, 0xa, 0xfc, 0x30, 0x0, 0x0,

    /* U+0234 "ȴ" */
    0xa, 0xf0, 0x0, 0x0, 0xaf, 0x0, 0x0, 0xa,
    0xf0, 0x0, 0x0, 0xaf, 0x0, 0x0, 0xa, 0xf0,
    0x0, 0x0, 0xaf, 0x0, 0x0, 0xa, 0xf0, 0x0,
    0x0, 0xaf, 0x0, 0x0, 0xa, 0xfe, 0xf8, 0x0,
    0xaf, 0x67, 0xf2, 0x1f, 0xf7, 0x7f, 0x28, 0xb8,
    0xee, 0x70, 0x2, 0x0, 0x0, 0x0,

    /* U+0235 "ȵ" */
    0xac, 0x4c, 0xfe, 0x80, 0x0, 0xa, 0xfe, 0x75,
    0xbf, 0x60, 0x0, 0xaf, 0x60, 0x1, 0xfa, 0x0,
    0xa, 0xf2, 0x0, 0xf, 0xb0, 0x0, 0xaf, 0x0,
    0x0, 0xfb, 0x0, 0xa, 0xf0, 0x0, 0xf, 0xff,
    0xe4, 0xaf, 0x0, 0x0, 0xee, 0x4b, 0xea, 0xf0,
    0x0, 0x6f, 0xf2, 0xad, 0xaf, 0x0, 0xd, 0xac,
    0xfd, 0x40, 0x0, 0x0, 0x41, 0x0, 0x0,

    /* U+0236 "ȶ" */
    0x0, 0xf3, 0x0, 0x0, 0x5f, 0x30, 0x0, 0x7f,
    0xff, 0xfa, 0x3, 0xaf, 0x75, 0x30, 0x8, 0xf3,
    0x0, 0x0, 0x8f, 0x30, 0x0, 0x8, 0xf3, 0x0,
    0x0, 0x8f, 0xef, 0xa0, 0x8, 0xf8, 0x5f, 0x51,
    0xef, 0x96, 0xf5, 0x6d, 0x7e, 0xfa, 0x0, 0x20,
    0x0, 0x0,

    /* U+0237 "ȷ" */
    0x0, 0xbf, 0x0, 0xb, 0xf0, 0x0, 0xbf, 0x0,
    0xb, 0xf0, 0x0, 0xbf, 0x0, 0xb, 0xf0, 0x0,
    0xbf, 0x0, 0xb, 0xf0, 0x0, 0xbf, 0x0, 0xb,
    0xf0, 0x0, 0xbf, 0x6, 0x8f, 0xc0, 0xcf, 0xc2,
    0x0,

    /* U+0238 "ȸ" */
    0x0, 0x0, 0x0, 0x1f, 0x90, 0x0, 0x0, 0x0,
    0x0, 0x0, 0x1, 0xf9, 0x0, 0x0, 0x0, 0x0,
    0x0, 0x0, 0x1f, 0x90, 0x0, 0x0, 0x0, 0x7,
    0xef, 0xc4, 0xf9, 0x8e, 0xfb, 0x20, 0x7, 0xfd,
    0x79, 0xef, 0xfc, 0x79, 0xfe, 0x0, 0xef, 0x10,
    0x7, 0xfe, 0x0, 0x8, 0xf6, 0x1f, 0xb0, 0x0,
    0x2f, 0xb0, 0x0, 0x3f, 0x92, 0xf9, 0x0, 0x1,
    0xfa, 0x0, 0x1, 0xfa, 0x1f, 0xb0, 0x0, 0x3f,
    0xb0, 0x0, 0x3f, 0x90, 0xef, 0x10, 0x8, 0xff,
    0x10, 0x8, 0xf6, 0x6, 0xfd, 0x8a, 0xf9, 0xed,
    0x89, 0xfd, 0x0, 0x6, 0xdf, 0xe7, 0x2, 0xcf,
    0xea, 0x10,

    /* U+0239 "ȹ" */
    0x0, 0x5d, 0xfe, 0x80, 0x2b, 0xfe, 0xa1, 0x0,
    0x5f, 0xd8, 0xaf, 0x9e, 0xd8, 0x9f, 0xd0, 0xd,
    0xf1, 0x0, 0x8f, 0xf1, 0x0, 0x8f, 0x61, 0xfb,
    0x0, 0x3, 0xfb, 0x0, 0x3, 0xf9, 0x2f, 0x90,
    0x0, 0x2f, 0xa0, 0x0, 0x1f, 0xa1, 0xfb, 0x0,
    0x3, 0xfb, 0x0, 0x3, 0xf9, 0xe, 0xf1, 0x0,
    0x7f, 0xe0, 0x0, 0x8f, 0x60, 0x7f, 0xd7, 0x9e,
    0xfe, 0xd8, 0x9f, 0xe0, 0x0, 0x7e, 0xfc, 0x4f,
    0x97, 0xef, 0xb2, 0x0, 0x0, 0x0, 0x1, 0xf9,
    0x0, 0x0, 0x0, 0x0, 0x0, 0x0, 0x1f, 0x90,
    0x0, 0x0, 0x0, 0x0, 0x0, 0x1, 0xf9, 0x0,
    0x0, 0x0, 0x0, 0x0, 0x0, 0x1f, 0x90, 0x0,
    0x0, 0x0,

    /* U+023A "Ⱥ" */
    0x0, 0x0, 0xdf, 0x8f, 0x10, 0x0, 0x0, 0x3f,
    0xff, 0xa0, 0x0, 0x0, 0x9, 0xf9, 0xf3, 0x0,
    0x0, 0x0, 0xeb, 0x6f, 0x60, 0x0, 0x0, 0x4f,
    0x6b, 0xfc, 0x0, 0x0, 0xa, 0xf1, 0xfc, 0xf2,
    0x0, 0x0, 0xfb, 0x5e, 0x4f, 0x70, 0x0, 0x5f,
    0xff, 0xff, 0xfd, 0x0, 0xb, 0xf9, 0xf9, 0x8c,
    0xf3, 0x1, 0xfb, 0x6d, 0x0, 0x4f, 0x90, 0x7f,
    0x5b, 0x80, 0x0, 0xee, 0xd, 0xf2, 0xf2, 0x0,
    0x8, 0xf4, 0x0, 0x6c, 0x0, 0x0, 0x0, 0x0,

    /* U+023B "Ȼ" */
    0x0, 0x3, 0xae, 0xff, 0xf4, 0x0, 0x6f, 0xfa,
    0x8f, 0xf5, 0x2, 0xfd, 0x10, 0x3f, 0x10, 0xa,
    0xf5, 0x0, 0x9a, 0x0, 0xe, 0xf0, 0x0, 0xe4,
    0x0, 0xf, 0xd0, 0x4, 0xe0, 0x0, 0xf, 0xc0,
    0x9, 0x90, 0x0, 0xe, 0xe0, 0xe, 0x40, 0x0,
    0xa, 0xf3, 0x4e, 0x0, 0x0, 0x4, 0xfd, 0xb9,
    0x0, 0x0, 0x0, 0x9f, 0xfc, 0x89, 0xd3, 0x0,
    0x8, 0xfe, 0xfe, 0xb1, 0x0, 0xa, 0x90, 0x0,
    0x0,

    /* U+023C "ȼ" */
    0x0, 0x0, 0x0, 0x9a, 0x0, 0x0, 0x0, 0xe4,
    0x0, 0x0, 0x5, 0xd0, 0x0, 0x4c, 0xff, 0xe2,
    0x4, 0xfe, 0xaf, 0xb0, 0xd, 0xf1, 0x7c, 0x0,
    0xf, 0xb0, 0xd6, 0x0, 0x2f, 0x92, 0xf1, 0x0,
    0x1f, 0xb8, 0xb0, 0x0, 0xd, 0xfe, 0x50, 0x0,
    0x5, 0xff, 0x98, 0xc2, 0x0, 0xae, 0xff, 0xb1,
    0x0, 0xe4, 0x0, 0x0, 0x5, 0xe0, 0x0, 0x0,
    0xb, 0x80, 0x0, 0x0,

    /* U+023D "Ƚ" */
    0x8, 0xf3, 0x0, 0x0, 0x0, 0x8f, 0x30, 0x0,
    0x0, 0x8, 0xf3, 0x0, 0x0, 0x0, 0x8f, 0x30,
    0x0, 0x0, 0x19, 0xf5, 0x11, 0x0, 0xc, 0xff,
    0xff, 0xb0, 0x0, 0x3a, 0xf7, 0x43, 0x0, 0x0,
    0x8f, 0x30, 0x0, 0x0, 0x8, 0xf3, 0x0, 0x0,
    0x0, 0x8f, 0x30, 0x0, 0x0, 0x8, 0xfa, 0x88,
    0x88, 0x0, 0x8f, 0xff, 0xff, 0xf1,

    /* U+023E "Ⱦ" */
    0xcf, 0xff, 0xff, 0xff, 0xc6, 0x88, 0xbf, 0xbd,
    0xb6, 0x0, 0x6, 0xf7, 0xf1, 0x0, 0x0, 0x6f,
    0xea, 0x0, 0x0, 0x6, 0xff, 0x30, 0x0, 0x0,
    0x6f, 0xb0, 0x0, 0x0, 0x6, 0xf6, 0x0, 0x0,
    0x0, 0x6f, 0x50, 0x0, 0x0, 0xd, 0xf5, 0x0,
    0x0, 0x4, 0xff, 0x50, 0x0, 0x0, 0xcd, 0xf5,
    0x0, 0x0, 0x4e, 0x6f, 0x50, 0x0, 0xb, 0x70,
    0x0, 0x0, 0x0,

    /* U+023F "ȿ" */
    0x3, 0xbe, 0xfc, 0x70, 0xf, 0xd6, 0x6a, 0x70,
    0x2f, 0x80, 0x0, 0x0, 0xd, 0xfa, 0x30, 0x0,
    0x1, 0x9f, 0xfb, 0x20, 0x0, 0x1, 0x7f, 0xd0,
    0x0, 0x0, 0xa, 0xf0, 0x3b, 0x75, 0x7f, 0xc0,
    0x1d, 0xff, 0xea, 0x20, 0x0, 0xaf, 0x10, 0x0,
    0x0, 0x3f, 0x70, 0x0, 0x0, 0xc, 0xf8, 0x80,
    0x0, 0x2, 0xcf, 0xe0,

    /* U+0240 "ɀ" */
    0x2f, 0xff, 0xff, 0xe0, 0x5, 0x55, 0x8f, 0xb0,
    0x0, 0x0, 0xce, 0x10, 0x0, 0x7, 0xf5, 0x0,
    0x0, 0x2f, 0xa0, 0x0, 0x0, 0xce, 0x10, 0x0,
    0x8, 0xf5, 0x0, 0x0, 0x3f, 0xc0, 0x0, 0x0,
    0x6f, 0xfd, 0x0, 0x0, 0x0, 0x7f, 0x70, 0x0,
    0x0, 0xd, 0xd0, 0x0, 0x0, 0x7, 0xfb, 0x74,
    0x0, 0x0, 0x9e, 0xf6,

    /* U+0241 "Ɂ" */
    0x4b, 0xff, 0xc5, 0xb, 0xea, 0x9e, 0xf4, 0x10,
    0x0, 0x3f, 0xa0, 0x0, 0x0, 0xfc, 0x0, 0x0,
    0x5f, 0x90, 0x0, 0x3e, 0xf2, 0x0, 0x9f, 0xf4,
    0x0, 0xf, 0xd1, 0x0, 0x0, 0xfb, 0x0, 0x0,
    0xf, 0xb0, 0x0, 0x0, 0xfb, 0x0, 0x0, 0xf,
    0xb0, 0x0,

    /* U+0242 "ɂ" */
    0x3b, 0xef, 0xc4, 0x9, 0xd8, 0x8e, 0xf3, 0x0,
    0x0, 0x4f, 0x80, 0x0, 0x2, 0xf9, 0x0, 0x0,
    0x7f, 0x60, 0x0, 0x4f, 0xe0, 0x0, 0xaf, 0xe2,
    0x0, 0xf, 0xc0, 0x0, 0x0, 0xfb, 0x0, 0x0,

    /* U+0243 "Ƀ" */
    0x8, 0xff, 0xff, 0xd9, 0x20, 0x8, 0xf9, 0x78,
    0xbf, 0xe0, 0x8, 0xf3, 0x0, 0xb, 0xf3, 0x8,
    0xf3, 0x0, 0x9, 0xf2, 0x8, 0xf5, 0x22, 0x5f,
    0xb0, 0x8, 0xff, 0xff, 0xfa, 0x0, 0x8, 0xf7,
    0x55, 0x8f, 0xd1, 0x8, 0xf4, 0x10, 0x6, 0xf7,
    0xcf, 0xff, 0xf7, 0x3, 0xf9, 0x3a, 0xf7, 0x41,
    0x8, 0xf7, 0x8, 0xf9, 0x77, 0xaf, 0xe1, 0x8,
    0xff, 0xff, 0xea, 0x20,

    /* U+0244 "Ʉ" */
    0x9, 0xf2, 0x0, 0x0, 0x5f, 0x60, 0x9, 0xf2,
    0x0, 0x0, 0x5f, 0x60, 0x9, 0xf2, 0x0, 0x0,
    0x5f, 0x60, 0x9, 0xf2, 0x0, 0x0, 0x5f, 0x60,
    0x7c, 0xf9, 0x88, 0x88, 0xaf, 0xb5, 0xef, 0xff,
    0xff, 0xff, 0xff, 0xfb, 0x9, 0xf2, 0x0, 0x0,
    0x5f, 0x60, 0x9, 0xf2, 0x0, 0x0, 0x5f, 0x60,
    0x7, 0xf4, 0x0, 0x0, 0x7f, 0x40, 0x3, 0xfb,
    0x0, 0x1, 0xdf, 0x0, 0x0, 0xaf, 0xd9, 0x9e,
    0xf6, 0x0, 0x0, 0x7, 0xdf, 0xec, 0x40, 0x0,

    /* U+0245 "Ʌ" */
    0x0, 0x1, 0xff, 0x10, 0x0, 0x0, 0x0, 0x6f,
    0xf6, 0x0, 0x0, 0x0, 0xc, 0xcc, 0xc0, 0x0,
    0x0, 0x1, 0xf8, 0x7f, 0x10, 0x0, 0x0, 0x6f,
    0x32, 0xf7, 0x0, 0x0, 0xc, 0xe0, 0xd, 0xc0,
    0x0, 0x1, 0xf9, 0x0, 0x8f, 0x20, 0x0, 0x7f,
    0x30, 0x3, 0xf7, 0x0, 0xc, 0xe0, 0x0, 0xe,
    0xd0, 0x2, 0xf9, 0x0, 0x0, 0x9f, 0x20, 0x7f,
    0x40, 0x0, 0x4, 0xf8, 0xd, 0xf0, 0x0, 0x0,
    0xf, 0xd0,

    /* U+0246 "Ɇ" */
    0x7f, 0xff, 0xff, 0xf7, 0xfa, 0x8a, 0xe7, 0x7f,
    0x40, 0x8a, 0x7, 0xf4, 0xc, 0x60, 0x7f, 0x40,
    0xf3, 0x7, 0xff, 0xff, 0xfa, 0x7f, 0xac, 0xd8,
    0x57, 0xf4, 0xb7, 0x0, 0x7f, 0x4f, 0x30, 0x7,
    0xf7, 0xf0, 0x0, 0x7f, 0xde, 0x88, 0x87, 0xff,
    0xff, 0xff, 0x0, 0xf3, 0x0, 0x0, 0x3, 0x0,
    0x0,

    /* U+0247 "ɇ" */
    0x0, 0x0, 0x0, 0x2, 0x0, 0x4, 0xcf, 0xe9,
    0xf2, 0x4, 0xfd, 0x68, 0xfc, 0x0, 0xcf, 0x10,
    0x7f, 0xf2, 0xf, 0xb0, 0x2f, 0xcf, 0x42, 0xff,
    0xff, 0xff, 0xf6, 0xf, 0xca, 0xe4, 0x33, 0x10,
    0xcf, 0xf3, 0x0, 0x0, 0x5, 0xfe, 0x76, 0x8c,
    0x0, 0xcb, 0xbe, 0xfd, 0x80, 0x2, 0x10, 0x0,
    0x0, 0x0,

    /* U+0248 "Ɉ" */
    0x0, 0x8, 0xf3, 0x0, 0x0, 0x8f, 0x30, 0x0,
    0x8, 0xf3, 0x0, 0x0, 0x8f, 0x30, 0x0, 0x8,
    0xf3, 0x0, 0xe, 0xff, 0xf8, 0x0, 0x7c, 0xfa,
    0x40, 0x0, 0x8f, 0x30, 0x0, 0x8, 0xf3, 0x0,
    0x0, 0x8f, 0x30, 0x0, 0x8, 0xf3, 0x0, 0x0,
    0x8f, 0x30, 0x0, 0xb, 0xf1, 0x2, 0x9b, 0xfb,
    0x0, 0x2f, 0xea, 0x10, 0x0,

    /* U+0249 "ɉ" */
    0x0, 0x9d, 0x10, 0x0, 0x9e, 0x10, 0x0, 0x0,
    0x0, 0x0, 0xaf, 0x0, 0x0, 0xaf, 0x0, 0x0,
    0xaf, 0x0, 0x0, 0xbf, 0x10, 0xe, 0xff, 0xf3,
    0x3, 0xcf, 0x40, 0x0, 0xaf, 0x0, 0x0, 0xaf,
    0x0, 0x0, 0xaf, 0x0, 0x0, 0xaf, 0x0, 0x0,
    0xbf, 0x0, 0x78, 0xfc, 0x0, 0xdf, 0xc3, 0x0,

    /* U+024A "Ɋ" */
    0x0, 0x7, 0xdf, 0xe9, 0x1b, 0xd0, 0x0, 0xa,
    0xfd, 0x99, 0xdd, 0xed, 0x0, 0x4, 0xfc, 0x0,
    0x0, 0xaf, 0xd0, 0x0, 0xaf, 0x40, 0x0, 0x1,
    0xfd, 0x0, 0xe, 0xf0, 0x0, 0x0, 0xf, 0xd0,
    0x0, 0xfd, 0x0, 0x0, 0x0, 0xed, 0x0, 0xf,
    0xd0, 0x0, 0x0, 0xe, 0xd0, 0x0, 0xef, 0x0,
    0x0, 0x0, 0xfd, 0x0, 0xb, 0xf3, 0x0, 0x0,
    0x2f, 0xd0, 0x0, 0x4f, 0xc0, 0x0, 0xa, 0xfd,
    0x0, 0x0, 0xaf, 0xd8, 0x9d, 0xde, 0xd0, 0x0,
    0x0, 0x7d, 0xfe, 0xa1, 0xed, 0x0, 0x0, 0x0,
    0x0, 0x0, 0xe, 0xd0, 0x0, 0x0, 0x0, 0x0,
    0x0, 0xed, 0x0, 0x0, 0x0, 0x0, 0x0, 0xb,
    0xf9, 0x50, 0x0, 0x0, 0x0, 0x0, 0x2c, 0xf7,

    /* U+024B "ɋ" */
    0x0, 0x7e, 0xfc, 0x3d, 0x90, 0x0, 0x6f, 0xd8,
    0x9e, 0xf9, 0x0, 0xe, 0xf1, 0x0, 0x7f, 0x90,
    0x1, 0xfb, 0x0, 0x2, 0xf9, 0x0, 0x2f, 0x90,
    0x0, 0x1f, 0x90, 0x1, 0xfb, 0x0, 0x2, 0xf9,
    0x0, 0xe, 0xf0, 0x0, 0x6f, 0x90, 0x0, 0x7f,
    0xd7, 0x9e, 0xf9, 0x0, 0x0, 0x7e, 0xfc, 0x4f,
    0x90, 0x0, 0x0, 0x0, 0x1, 0xf9, 0x0, 0x0,
    0x0, 0x0, 0x1f, 0xa0, 0x0, 0x0, 0x0, 0x0,
    0xee, 0x71, 0x0, 0x0, 0x0, 0x5, 0xee, 0x20,

    /* U+024C "Ɍ" */
    0x8, 0xff, 0xff, 0xc6, 0x0, 0x8, 0xf9, 0x79,
    0xef, 0x70, 0x8, 0xf3, 0x0, 0x1f, 0xe0, 0x8,
    0xf3, 0x0, 0xd, 0xf0, 0x8, 0xf3, 0x0, 0xe,
    0xe0, 0x19, 0xf5, 0x23, 0xbf, 0x60, 0xdf, 0xff,
    0xff, 0xf6, 0x0, 0x4a, 0xf7, 0x5b, 0xf3, 0x0,
    0x8, 0xf3, 0x1, 0xfc, 0x0, 0x8, 0xf3, 0x0,
    0x8f, 0x60, 0x8, 0xf3, 0x0, 0xe, 0xe1, 0x8,
    0xf3, 0x0, 0x5, 0xfa,

    /* U+024D "ɍ" */
    0x0, 0x0, 0x0, 0x0, 0xbb, 0x1b, 0xf7, 0xb,
    0xed, 0xb7, 0x30, 0xbf, 0xa0, 0x0, 0xb, 0xf3,
    0x0, 0xe, 0xff, 0xff, 0x0, 0x3c, 0xf4, 0x30,
    0x0, 0xbf, 0x0, 0x0, 0xb, 0xf0, 0x0, 0x0,
    0xbf, 0x0, 0x0,

    /* U+024E "Ɏ" */
    0xbf, 0x20, 0x0, 0xc, 0xf1, 0x4f, 0xa1, 0x11,
    0x5f, 0x90, 0xef, 0xff, 0xff, 0xff, 0xf3, 0x45,
    0xfd, 0x49, 0xf8, 0x41, 0x0, 0xaf, 0x3d, 0xe0,
    0x0, 0x0, 0x2f, 0xef, 0x60, 0x0, 0x0, 0x9,
    0xfe, 0x0, 0x0, 0x0, 0x3, 0xf8, 0x0, 0x0,
    0x0, 0x3, 0xf8, 0x0, 0x0, 0x0, 0x3, 0xf8,
    0x0, 0x0, 0x0, 0x3, 0xf8, 0x0, 0x0, 0x0,
    0x3, 0xf8, 0x0, 0x0,

    /* U+024F "ɏ" */
    0xcf, 0x0, 0x0, 0x8f, 0x46, 0xf5, 0x0, 0xd,
    0xe0, 0x1f, 0xb1, 0x13, 0xf9, 0xd, 0xff, 0xff,
    0xff, 0xf4, 0x36, 0xf9, 0x4e, 0xd4, 0x10, 0xe,
    0xb3, 0xf7, 0x0, 0x0, 0x8f, 0x8f, 0x10, 0x0,
    0x2, 0xff, 0xb0, 0x0, 0x0, 0xb, 0xf5, 0x0,
    0x0, 0x0, 0xbf, 0x0, 0x0, 0x0, 0x3f, 0x90,
    0x0, 0x5, 0x7e, 0xf2, 0x0, 0x0, 0xaf, 0xc3,
    0x0, 0x0, 0x0,

    /* U+0370 "Ͱ" */
    0x8f, 0x30, 0x0, 0x8f, 0x30, 0x0, 0x8f, 0x30,
    0x0, 0x8f, 0x30, 0x0, 0x8f, 0x30, 0x0, 0x8f,
    0xff, 0xf9, 0x8f, 0xa8, 0x85, 0x8f, 0x30, 0x0,
    0x8f, 0x30, 0x0, 0x8f, 0x30, 0x0, 0x8f, 0x30,
    0x0, 0x8f, 0x30, 0x0,

    /* U+0371 "ͱ" */
    0xbf, 0x0, 0xb, 0xf0, 0x0, 0xbf, 0x0, 0xb,
    0xf1, 0x11, 0xbf, 0xff, 0xdb, 0xf4, 0x43, 0xbf,
    0x0, 0xb, 0xf0, 0x0, 0xbf, 0x0, 0x0,

    /* U+0372 "Ͳ" */
    0xf, 0xff, 0xff, 0xff, 0xff, 0x10, 0xfb, 0x8a,
    0xfb, 0x8a, 0xf1, 0xf, 0x60, 0x5f, 0x60, 0x5f,
    0x10, 0xf6, 0x5, 0xf6, 0x5, 0xf1, 0xf, 0x60,
    0x5f, 0x60, 0x5f, 0x10, 0x83, 0x5, 0xf6, 0x2,
    0x80, 0x0, 0x0, 0x5f, 0x60, 0x0, 0x0, 0x0,
    0x5, 0xf6, 0x0, 0x0, 0x0, 0x0, 0x5f, 0x60,
    0x0, 0x0, 0x0, 0x5, 0xf6, 0x0, 0x0, 0x0,
    0x0, 0x5f, 0x60, 0x0, 0x0, 0x0, 0x5, 0xf6,
    0x0, 0x0,

    /* U+0373 "ͳ" */
    0xaf, 0xff, 0xff, 0xff, 0x5a, 0xd6, 0xbf, 0x77,
    0xf5, 0xac, 0x8, 0xf2, 0x2f, 0x59, 0xb0, 0x8f,
    0x21, 0xe4, 0x0, 0x8, 0xf2, 0x0, 0x0, 0x0,
    0x8f, 0x20, 0x0, 0x0, 0x8, 0xf2, 0x0, 0x0,
    0x0, 0x8f, 0x20, 0x0, 0x0, 0x8, 0xf2, 0x0,
    0x0, 0x0, 0x8f, 0x20, 0x0, 0x0, 0x8, 0xf2,
    0x0, 0x0, 0x0, 0x8f, 0x20, 0x0,

    /* U+0374 "ʹ" */
    0xb, 0xf3, 0xf, 0xa0, 0x3f, 0x20, 0x1, 0x0,

    /* U+0375 "͵" */
    0x0, 0x10, 0x1, 0xf4, 0x9, 0xf0, 0x2f, 0xc0,

    /* U+0376 "Ͷ" */
    0x7f, 0x20, 0x0, 0x4, 0xff, 0x7, 0xf2, 0x0,
    0x0, 0xdf, 0xf0, 0x7f, 0x20, 0x0, 0x8f, 0xef,
    0x7, 0xf2, 0x0, 0x2f, 0xd8, 0xf0, 0x7f, 0x20,
    0xc, 0xf3, 0x8f, 0x7, 0xf2, 0x6, 0xf9, 0x8,
    0xf0, 0x7f, 0x11, 0xfe, 0x10, 0x8f, 0x7, 0xf1,
    0xaf, 0x50, 0x8, 0xf0, 0x7f, 0x6f, 0xb0, 0x0,
    0x8f, 0x7, 0xfe, 0xf2, 0x0, 0x8, 0xf0, 0x7f,
    0xf7, 0x0, 0x0, 0x8f, 0x7, 0xfd, 0x0, 0x0,
    0x8, 0xf0,

    /* U+0377 "ͷ" */
    0xaf, 0x0, 0x1, 0xff, 0x5a, 0xf0, 0x0, 0xbf,
    0xf5, 0xaf, 0x0, 0x5f, 0xbf, 0x5a, 0xf0, 0xe,
    0xd4, 0xf5, 0xae, 0x9, 0xf3, 0x4f, 0x5a, 0xe3,
    0xf9, 0x4, 0xf5, 0xad, 0xde, 0x10, 0x4f, 0x5a,
    0xff, 0x50, 0x4, 0xf5, 0xaf, 0xb0, 0x0, 0x4f,
    0x50,

    /* U+037A "ͺ" */
    0x33, 0xb, 0xc0, 0x8f, 0xb0, 0x21,

    /* U+037B "ͻ" */
    0x4c, 0xef, 0xc4, 0x2, 0xb8, 0x9f, 0xf3, 0x0,
    0x0, 0x3f, 0xb0, 0x0, 0x0, 0xee, 0x0, 0x0,
    0xc, 0xf0, 0x0, 0x0, 0xed, 0x0, 0x0, 0x4f,
    0x95, 0xb8, 0x9f, 0xf2, 0x3c, 0xfe, 0xa2, 0x0,

    /* U+037C "ͼ" */
    0x0, 0x4c, 0xfe, 0xc2, 0x4, 0xfe, 0x88, 0xb0,
    0xd, 0xf1, 0x0, 0x0, 0xf, 0xb0, 0xad, 0x0,
    0x2f, 0x90, 0xad, 0x0, 0x1f, 0xb0, 0x0, 0x0,
    0xd, 0xf1, 0x0, 0x0, 0x5, 0xfe, 0x88, 0xc2,
    0x0, 0x5c, 0xff, 0xb1,

    /* U+037D "ͽ" */
    0x4c, 0xef, 0xc4, 0x1, 0xa8, 0x9f, 0xf3, 0x0,
    0x0, 0x3f, 0xb0, 0x1e, 0x80, 0xee, 0x1, 0xe8,
    0xc, 0xf0, 0x0, 0x0, 0xed, 0x0, 0x0, 0x4f,
    0x95, 0xb8, 0x9f, 0xf2, 0x3c, 0xfe, 0xa2, 0x0,

    /* U+037E ";" */
    0xb, 0xe1, 0xd, 0xf3, 0x2, 0x40, 0x0, 0x0,
    0x0, 0x0, 0x0, 0x0, 0x0, 0x0, 0xc, 0xf0,
    0xf, 0xb0, 0x2f, 0x50, 0x6e, 0x0, 0x0, 0x0,

    /* U+037F "Ϳ" */
    0x0, 0x8, 0xf3, 0x0, 0x8, 0xf3, 0x0, 0x8,
    0xf3, 0x0, 0x8, 0xf3, 0x0, 0x8, 0xf3, 0x0,
    0x8, 0xf3, 0x0, 0x8, 0xf3, 0x0, 0x8, 0xf3,
    0x0, 0x8, 0xf3, 0x0, 0x8, 0xf3, 0x0, 0x8,
    0xf3, 0x0, 0x8, 0xf2, 0x0, 0xb, 0xf0, 0x29,
    0xbf, 0xb0, 0x3f, 0xea, 0x10,

    /* U+0384 "΄" */
    0x8, 0xc2, 0xf, 0xa0, 0x4f, 0x10,

    /* U+0385 "΅" */
    0x0, 0x1c, 0xa0, 0x8, 0xd4, 0xf5, 0xd8, 0x59,
    0x8c, 0x8, 0x50,

    /* U+0386 "Ά" */
    0x3f, 0xb0, 0x9, 0xf9, 0x0, 0x0, 0x8f, 0x20,
    0xe, 0xfe, 0x0, 0x0, 0xa7, 0x0, 0x4f, 0x8f,
    0x40, 0x0, 0x0, 0x0, 0xaf, 0xf, 0xa0, 0x0,
    0x0, 0x0, 0xfa, 0xa, 0xf0, 0x0, 0x0, 0x6,
    0xf5, 0x5, 0xf6, 0x0, 0x0, 0xc, 0xf0, 0x0,
    0xfb, 0x0, 0x0, 0x1f, 0xff, 0xff, 0xff, 0x10,
    0x0, 0x7f, 0xa8, 0x88, 0xaf, 0x70, 0x0, 0xde,
    0x0, 0x0, 0xf, 0xd0, 0x3, 0xf9, 0x0, 0x0,
    0xa, 0xf3, 0x8, 0xf4, 0x0, 0x0, 0x4, 0xf8,

    /* U+0387 "·" */
    0xae, 0x1d, 0xf3, 0x24, 0x0,

    /* U+0388 "Έ" */
    0x3f, 0xa0, 0x9f, 0xff, 0xff, 0xd8, 0xf1, 0x9,
    0xf9, 0x88, 0x86, 0x96, 0x0, 0x9f, 0x20, 0x0,
    0x0, 0x0, 0x9, 0xf2, 0x0, 0x0, 0x0, 0x0,
    0x9f, 0x20, 0x0, 0x0, 0x0, 0x9, 0xff, 0xff,
    0xf9, 0x0, 0x0, 0x9f, 0x98, 0x88, 0x40, 0x0,
    0x9, 0xf2, 0x0, 0x0, 0x0, 0x0, 0x9f, 0x20,
    0x0, 0x0, 0x0, 0x9, 0xf2, 0x0, 0x0, 0x0,
    0x0, 0x9f, 0x98, 0x88, 0x70, 0x0, 0x9, 0xff,
    0xff, 0xfd,

    /* U+0389 "Ή" */
    0x3f, 0xa0, 0x9f, 0x20, 0x0, 0x6, 0xf5, 0x8f,
    0x10, 0x9f, 0x20, 0x0, 0x6, 0xf5, 0x96, 0x0,
    0x9f, 0x20, 0x0, 0x6, 0xf5, 0x0, 0x0, 0x9f,
    0x20, 0x0, 0x6, 0xf5, 0x0, 0x0, 0x9f, 0x20,
    0x0, 0x6, 0xf5, 0x0, 0x0, 0x9f, 0xff, 0xff,
    0xff, 0xf5, 0x0, 0x0, 0x9f, 0x98, 0x88, 0x8b,
    0xf5, 0x0, 0x0, 0x9f, 0x20, 0x0, 0x6, 0xf5,
    0x0, 0x0, 0x9f, 0x20, 0x0, 0x6, 0xf5, 0x0,
    0x0, 0x9f, 0x20, 0x0, 0x6, 0xf5, 0x0, 0x0,
    0x9f, 0x20, 0x0, 0x6, 0xf5, 0x0, 0x0, 0x9f,
    0x20, 0x0, 0x6, 0xf5,

    /* U+038A "Ί" */
    0x3f, 0xa2, 0xff, 0xff, 0x48, 0xf1, 0x3, 0xef,
    0x40, 0x96, 0x0, 0xd, 0xe0, 0x0, 0x0, 0x0,
    0xde, 0x0, 0x0, 0x0, 0xd, 0xe0, 0x0, 0x0,
    0x0, 0xde, 0x0, 0x0, 0x0, 0xd, 0xe0, 0x0,
    0x0, 0x0, 0xde, 0x0, 0x0, 0x0, 0xd, 0xe0,
    0x0, 0x0, 0x0, 0xde, 0x0, 0x0, 0x0, 0x4e,
    0xf4, 0x0, 0x0, 0x2f, 0xff, 0xf4,

    /* U+038C "Ό" */
    0x3f, 0xc0, 0x3, 0xbe, 0xfd, 0x92, 0x0, 0x7f,
    0x30, 0x6f, 0xfa, 0x8b, 0xfe, 0x30, 0xb8, 0x2,
    0xfd, 0x10, 0x0, 0x3f, 0xd0, 0x0, 0x8, 0xf6,
    0x0, 0x0, 0x9, 0xf5, 0x0, 0xc, 0xf0, 0x0,
    0x0, 0x4, 0xf9, 0x0, 0xe, 0xf0, 0x0, 0x0,
    0x2, 0xfa, 0x0, 0xe, 0xf0, 0x0, 0x0, 0x2,
    0xfa, 0x0, 0xc, 0xf0, 0x0, 0x0, 0x4, 0xf9,
    0x0, 0x8, 0xf6, 0x0, 0x0, 0x9, 0xf5, 0x0,
    0x2, 0xfd, 0x10, 0x0, 0x3f, 0xd0, 0x0, 0x0,
    0x6f, 0xe9, 0x8a, 0xfe, 0x30, 0x0, 0x0, 0x4,
    0xbe, 0xfd, 0x92, 0x0,

    /* U+038E "Ύ" */
    0x3f, 0xa1, 0xfd, 0x0, 0x0, 0x1f, 0xc0, 0x8f,
    0x10, 0x8f, 0x50, 0x0, 0x9f, 0x40, 0x96, 0x0,
    0x1f, 0xd0, 0x2, 0xfb, 0x0, 0x0, 0x0, 0x8,
    0xf5, 0x9, 0xf3, 0x0, 0x0, 0x0, 0x0, 0xed,
    0x2f, 0xb0, 0x0, 0x0, 0x0, 0x0, 0x7f, 0xdf,
    0x20, 0x0, 0x0, 0x0, 0x0, 0xe, 0xfa, 0x0,
    0x0, 0x0, 0x0, 0x0, 0x8, 0xf4, 0x0, 0x0,
    0x0, 0x0, 0x0, 0x8, 0xf3, 0x0, 0x0, 0x0,
    0x0, 0x0, 0x8, 0xf3, 0x0, 0x0, 0x0, 0x0,
    0x0, 0x8, 0xf3, 0x0, 0x0, 0x0, 0x0, 0x0,
    0x8, 0xf3, 0x0, 0x0,

    /* U+038F "Ώ" */
    0x3f, 0xc0, 0x5, 0xce, 0xfd, 0x70, 0x0, 0x7f,
    0x30, 0xaf, 0xe9, 0x9d, 0xfc, 0x0, 0xb8, 0x6,
    0xfa, 0x0, 0x0, 0x8f, 0x90, 0x0, 0xd, 0xf1,
    0x0, 0x0, 0xd, 0xf1, 0x0, 0x1f, 0xb0, 0x0,
    0x0, 0x8, 0xf4, 0x0, 0x3f, 0xa0, 0x0, 0x0,
    0x7, 0xf5, 0x0, 0x2f, 0xa0, 0x0, 0x0, 0x8,
    0xf4, 0x0, 0xe, 0xd0, 0x0, 0x0, 0xb, 0xf1,
    0x0, 0x7, 0xf4, 0x0, 0x0, 0x2f, 0x90, 0x0,
    0x0, 0xce, 0x10, 0x0, 0xcd, 0x10, 0x0, 0x28,
    0x9f, 0xe0, 0xc, 0xfa, 0x84, 0x0, 0x5f, 0xff,
    0xf1, 0xe, 0xff, 0xf7,

    /* U+0390 "ΐ" */
    0x2e, 0x4b, 0xf9, 0xe0, 0x1a, 0x3f, 0x94, 0xa0,
    0x0, 0x2c, 0x10, 0x0, 0x0, 0xbf, 0x0, 0x0,
    0x0, 0xbf, 0x0, 0x0, 0x0, 0xbf, 0x0, 0x0,
    0x0, 0xbf, 0x0, 0x0, 0x0, 0xbf, 0x0, 0x0,
    0x0, 0xbf, 0x0, 0x0, 0x0, 0xaf, 0x0, 0x0,
    0x0, 0x7f, 0xa7, 0x20, 0x0, 0xa, 0xff, 0x30,

    /* U+0391 "Α" */
    0x0, 0x0, 0xdf, 0x40, 0x0, 0x0, 0x0, 0x3f,
    0xfa, 0x0, 0x0, 0x0, 0x9, 0xf9, 0xf0, 0x0,
    0x0, 0x0, 0xeb, 0x4f, 0x60, 0x0, 0x0, 0x4f,
    0x60, 0xec, 0x0, 0x0, 0xa, 0xf1, 0x9, 0xf1,
    0x0, 0x0, 0xfb, 0x0, 0x3f, 0x70, 0x0, 0x5f,
    0xff, 0xff, 0xfd, 0x0, 0xb, 0xf8, 0x88, 0x8c,
    0xf3, 0x1, 0xfb, 0x0, 0x0, 0x4f, 0x80, 0x7f,
    0x50, 0x0, 0x0, 0xee, 0xd, 0xf0, 0x0, 0x0,
    0x8, 0xf4,

    /* U+0392 "Β" */
    0x8f, 0xff, 0xfd, 0x92, 0x8, 0xf9, 0x78, 0xbf,
    0xe0, 0x8f, 0x30, 0x0, 0xbf, 0x38, 0xf3, 0x0,
    0x9, 0xf2, 0x8f, 0x51, 0x25, 0xfb, 0x8, 0xff,
    0xff, 0xfa, 0x0, 0x8f, 0x74, 0x58, 0xfd, 0x18,
    0xf3, 0x0, 0x6, 0xf7, 0x8f, 0x30, 0x0, 0x3f,
    0x98, 0xf3, 0x0, 0x8, 0xf7, 0x8f, 0x97, 0x7a,
    0xfe, 0x18, 0xff, 0xff, 0xea, 0x20,

    /* U+0393 "Γ" */
    0x7f, 0xff, 0xff, 0xa7, 0xf9, 0x88, 0x85, 0x7f,
    0x30, 0x0, 0x7, 0xf3, 0x0, 0x0, 0x7f, 0x30,
    0x0, 0x7, 0xf3, 0x0, 0x0, 0x7f, 0x30, 0x0,
    0x7, 0xf3, 0x0, 0x0, 0x7f, 0x30, 0x0, 0x7,
    0xf3, 0x0, 0x0, 0x7f, 0x30, 0x0, 0x7, 0xf3,
    0x0, 0x0,

    /* U+0394 "Δ" */
    0x0, 0x0, 0xef, 0x40, 0x0, 0x0, 0x0, 0x4f,
    0xfa, 0x0, 0x0, 0x0, 0xa, 0xe9, 0xf0, 0x0,
    0x0, 0x0, 0xf9, 0x3f, 0x60, 0x0, 0x0, 0x6f,
    0x40, 0xec, 0x0, 0x0, 0xc, 0xe0, 0x8, 0xf2,
    0x0, 0x2, 0xf8, 0x0, 0x2f, 0x80, 0x0, 0x8f,
    0x30, 0x0, 0xdd, 0x0, 0xe, 0xd0, 0x0, 0x7,
    0xf4, 0x4, 0xf7, 0x0, 0x0, 0x2f, 0x90, 0xaf,
    0xa9, 0x99, 0x99, 0xff, 0xd, 0xff, 0xff, 0xff,
    0xff, 0xf3,

    /* U+0395 "Ε" */
    0x7f, 0xff, 0xff, 0xf7, 0xfa, 0x88, 0x87, 0x7f,
    0x40, 0x0, 0x7, 0xf4, 0x0, 0x0, 0x7f, 0x40,
    0x0, 0x7, 0xff, 0xff, 0xfa, 0x7f, 0xa8, 0x88,
    0x57, 0xf4, 0x0, 0x0, 0x7f, 0x40, 0x0, 0x7,
    0xf4, 0x0, 0x0, 0x7f, 0xa8, 0x88, 0x87, 0xff,
    0xff, 0xff,

    /* U+0396 "Ζ" */
    0x4f, 0xff, 0xff, 0xff, 0x72, 0x88, 0x88, 0x8e,
    0xf4, 0x0, 0x0, 0x3, 0xfb, 0x0, 0x0, 0x0,
    0xdf, 0x10, 0x0, 0x0, 0x7f, 0x60, 0x0, 0x0,
    0x2f, 0xc0, 0x0, 0x0, 0xc, 0xf2, 0x0, 0x0,
    0x6, 0xf8, 0x0, 0x0, 0x1, 0xed, 0x0, 0x0,
    0x0, 0xaf, 0x30, 0x0, 0x0, 0x4f, 0xe8, 0x88,
    0x88, 0x57, 0xff, 0xff, 0xff, 0xfa,

    /* U+0397 "Η" */
    0x7f, 0x40, 0x0, 0x4, 0xf7, 0x7f, 0x40, 0x0,
    0x4, 0xf7, 0x7f, 0x40, 0x0, 0x4, 0xf7, 0x7f,
    0x40, 0x0, 0x4, 0xf7, 0x7f, 0x40, 0x0, 0x4,
    0xf7, 0x7f, 0xff, 0xff, 0xff, 0xf7, 0x7f, 0xa8,
    0x88, 0x8a, 0xf7, 0x7f, 0x40, 0x0, 0x4, 0xf7,
    0x7f, 0x40, 0x0, 0x4, 0xf7, 0x7f, 0x40, 0x0,
    0x4, 0xf7, 0x7f, 0x40, 0x0, 0x4, 0xf7, 0x7f,
    0x40, 0x0, 0x4, 0xf7,

    /* U+0398 "Θ" */
    0x0, 0x4, 0xbe, 0xfd, 0x81, 0x0, 0x0, 0x8f,
    0xe9, 0x8b, 0xfe, 0x20, 0x4, 0xfc, 0x0, 0x0,
    0x5f, 0xc0, 0xa, 0xf4, 0x0, 0x0, 0xb, 0xf3,
    0xe, 0xf0, 0x22, 0x22, 0x16, 0xf7, 0xf, 0xd0,
    0xff, 0xff, 0x84, 0xf8, 0xf, 0xd0, 0x55, 0x55,
    0x24, 0xf8, 0xe, 0xf0, 0x0, 0x0, 0x6, 0xf7,
    0xa, 0xf4, 0x0, 0x0, 0xb, 0xf3, 0x4, 0xfc,
    0x0, 0x0, 0x4f, 0xc0, 0x0, 0x8f, 0xe9, 0x8b,
    0xfe, 0x20, 0x0, 0x5, 0xbe, 0xfd, 0x81, 0x0,

    /* U+0399 "Ι" */
    0x6f, 0xff, 0xf0, 0x5, 0xfd, 0x30, 0x0, 0xfb,
    0x0, 0x0, 0xfb, 0x0, 0x0, 0xfb, 0x0, 0x0,
    0xfb, 0x0, 0x0, 0xfb, 0x0, 0x0, 0xfb, 0x0,
    0x0, 0xfb, 0x0, 0x0, 0xfb, 0x0, 0x5, 0xfd,
    0x30, 0x6f, 0xff, 0xf0,

    /* U+039A "Κ" */
    0x7f, 0x40, 0x0, 0x6f, 0x90, 0x7f, 0x40, 0x4,
    0xfb, 0x0, 0x7f, 0x40, 0x2e, 0xd0, 0x0, 0x7f,
    0x40, 0xde, 0x20, 0x0, 0x7f, 0x4a, 0xf4, 0x0,
    0x0, 0x7f, 0xbf, 0xd0, 0x0, 0x0, 0x7f, 0xfc,
    0xf7, 0x0, 0x0, 0x7f, 0x50, 0xef, 0x20, 0x0,
    0x7f, 0x40, 0x4f, 0xc0, 0x0, 0x7f, 0x40, 0x9,
    0xf7, 0x0, 0x7f, 0x40, 0x0, 0xdf, 0x20, 0x7f,
    0x40, 0x0, 0x3f, 0xc0,

    /* U+039B "Λ" */
    0x0, 0x1, 0xff, 0x10, 0x0, 0x0, 0x0, 0x6f,
    0xf6, 0x0, 0x0, 0x0, 0xc, 0xcc, 0xc0, 0x0,
    0x0, 0x1, 0xf8, 0x7f, 0x10, 0x0, 0x0, 0x6f,
    0x32, 0xf7, 0x0, 0x0, 0xc, 0xe0, 0xd, 0xc0,
    0x0, 0x1, 0xf9, 0x0, 0x8f, 0x20, 0x0, 0x7f,
    0x30, 0x3, 0xf7, 0x0, 0xc, 0xe0, 0x0, 0xe,
    0xd0, 0x2, 0xf9, 0x0, 0x0, 0x9f, 0x20, 0x7f,
    0x40, 0x0, 0x4, 0xf8, 0xd, 0xf0, 0x0, 0x0,
    0xf, 0xd0,

    /* U+039C "Μ" */
    0x7f, 0xf2, 0x0, 0x0, 0x7, 0xff, 0x27, 0xff,
    0x70, 0x0, 0x0, 0xdf, 0xf2, 0x7f, 0xbd, 0x0,
    0x0, 0x2f, 0xbf, 0x27, 0xf6, 0xf2, 0x0, 0x8,
    0xe8, 0xf2, 0x7f, 0x2f, 0x80, 0x0, 0xd9, 0x8f,
    0x27, 0xf1, 0xbd, 0x0, 0x3f, 0x38, 0xf2, 0x7f,
    0x15, 0xf3, 0x9, 0xe0, 0x8f, 0x27, 0xf1, 0xf,
    0x80, 0xe8, 0x8, 0xf2, 0x7f, 0x10, 0xae, 0x4f,
    0x30, 0x8f, 0x27, 0xf1, 0x5, 0xfd, 0xd0, 0x8,
    0xf2, 0x7f, 0x10, 0xf, 0xf8, 0x0, 0x8f, 0x27,
    0xf1, 0x0, 0xaf, 0x20, 0x8, 0xf2,

    /* U+039D "Ν" */
    0x7f, 0xd0, 0x0, 0x0, 0xbe, 0x7f, 0xf8, 0x0,
    0x0, 0xbe, 0x7f, 0xdf, 0x20, 0x0, 0xbe, 0x7f,
    0x4f, 0xb0, 0x0, 0xbe, 0x7f, 0xa, 0xf5, 0x0,
    0xbe, 0x7f, 0x11, 0xfe, 0x0, 0xbe, 0x7f, 0x10,
    0x7f, 0x90, 0xbe, 0x7f, 0x10, 0xd, 0xf3, 0xae,
    0x7f, 0x10, 0x4, 0xfc, 0xae, 0x7f, 0x10, 0x0,
    0xbf, 0xee, 0x7f, 0x10, 0x0, 0x2f, 0xfe, 0x7f,
    0x10, 0x0, 0x8, 0xfe,

    /* U+039E "Ξ" */
    0xb, 0xff, 0xff, 0xff, 0xb0, 0x6, 0x88, 0x88,
    0x88, 0x60, 0x0, 0x0, 0x0, 0x0, 0x0, 0x0,
    0x0, 0x0, 0x0, 0x0, 0x0, 0x0, 0x0, 0x0,
    0x0, 0x1, 0xff, 0xff, 0xff, 0x10, 0x0, 0x88,
    0x88, 0x88, 0x0, 0x0, 0x0, 0x0, 0x0, 0x0,
    0x0, 0x0, 0x0, 0x0, 0x0, 0x0, 0x0, 0x0,
    0x0, 0x0, 0x8, 0x88, 0x88, 0x88, 0x80, 0xf,
    0xff, 0xff, 0xff, 0xf0,

    /* U+039F "Ο" */
    0x0, 0x4, 0xbe, 0xfd, 0x81, 0x0, 0x0, 0x8f,
    0xe9, 0x8b, 0xfe, 0x20, 0x4, 0xfc, 0x0, 0x0,
    0x5f, 0xc0, 0xa, 0xf4, 0x0, 0x0, 0xb, 0xf3,
    0xe, 0xf0, 0x0, 0x0, 0x6, 0xf7, 0xf, 0xd0,
    0x0, 0x0, 0x4, 0xf8, 0xf, 0xd0, 0x0, 0x0,
    0x4, 0xf8, 0xe, 0xf0, 0x0, 0x0, 0x6, 0xf7,
    0xa, 0xf4, 0x0, 0x0, 0xb, 0xf3, 0x4, 0xfc,
    0x0, 0x0, 0x4f, 0xc0, 0x0, 0x8f, 0xe9, 0x8b,
    0xfe, 0x20, 0x0, 0x5, 0xbe, 0xfd, 0x81, 0x0,

    /* U+03A0 "Π" */
    0x7f, 0xff, 0xff, 0xff, 0xf4, 0x7f, 0xa8, 0x88,
    0x8b, 0xf4, 0x7f, 0x40, 0x0, 0x7, 0xf4, 0x7f,
    0x40, 0x0, 0x7, 0xf4, 0x7f, 0x40, 0x0, 0x7,
    0xf4, 0x7f, 0x40, 0x0, 0x7, 0xf4, 0x7f, 0x40,
    0x0, 0x7, 0xf4, 0x7f, 0x40, 0x0, 0x7, 0xf4,
    0x7f, 0x40, 0x0, 0x7, 0xf4, 0x7f, 0x40, 0x0,
    0x7, 0xf4, 0x7f, 0x40, 0x0, 0x7, 0xf4, 0x7f,
    0x40, 0x0, 0x7, 0xf4,

    /* U+03A1 "Ρ" */
    0x8f, 0xff, 0xfc, 0x50, 0x8f, 0x97, 0x9f, 0xf5,
    0x8f, 0x30, 0x2, 0xfd, 0x8f, 0x30, 0x0, 0xdf,
    0x8f, 0x30, 0x0, 0xfd, 0x8f, 0x30, 0x2a, 0xf8,
    0x8f, 0xff, 0xff, 0xa0, 0x8f, 0x97, 0x62, 0x0,
    0x8f, 0x30, 0x0, 0x0, 0x8f, 0x30, 0x0, 0x0,
    0x8f, 0x30, 0x0, 0x0, 0x8f, 0x30, 0x0, 0x0,

    /* U+03A3 "Σ" */
    0x4f, 0xff, 0xff, 0xff, 0x72, 0xff, 0x88, 0x88,
    0x83, 0x6, 0xfa, 0x0, 0x0, 0x0, 0x9, 0xf7,
    0x0, 0x0, 0x0, 0xc, 0xf4, 0x0, 0x0, 0x0,
    0x1e, 0xe0, 0x0, 0x0, 0x5, 0xf8, 0x0, 0x0,
    0x2, 0xfb, 0x0, 0x0, 0x0, 0xde, 0x10, 0x0,
    0x0, 0xaf, 0x30, 0x0, 0x0, 0x5f, 0xd8, 0x88,
    0x88, 0x57, 0xff, 0xff, 0xff, 0xfa,

    /* U+03A4 "Τ" */
    0xcf, 0xff, 0xff, 0xff, 0xc6, 0x88, 0xbf, 0xb8,
    0x86, 0x0, 0x6, 0xf5, 0x0, 0x0, 0x0, 0x6f,
    0x50, 0x0, 0x0, 0x6, 0xf5, 0x0, 0x0, 0x0,
    0x6f, 0x50, 0x0, 0x0, 0x6, 0xf5, 0x0, 0x0,
    0x0, 0x6f, 0x50, 0x0, 0x0, 0x6, 0xf5, 0x0,
    0x0, 0x0, 0x6f, 0x50, 0x0, 0x0, 0x6, 0xf5,
    0x0, 0x0, 0x0, 0x6f, 0x50, 0x0,

    /* U+03A5 "Υ" */
    0xbf, 0x20, 0x0, 0xc, 0xf1, 0x3f, 0xa0, 0x0,
    0x4f, 0x90, 0xb, 0xf2, 0x0, 0xcf, 0x10, 0x3,
    0xfa, 0x5, 0xf8, 0x0, 0x0, 0xbf, 0x2d, 0xf1,
    0x0, 0x0, 0x2f, 0xdf, 0x70, 0x0, 0x0, 0xa,
    0xfe, 0x0, 0x0, 0x0, 0x3, 0xf8, 0x0, 0x0,
    0x0, 0x3, 0xf8, 0x0, 0x0, 0x0, 0x3, 0xf8,
    0x0, 0x0, 0x0, 0x3, 0xf8, 0x0, 0x0, 0x0,
    0x3, 0xf8, 0x0, 0x0,

    /* U+03A6 "Φ" */
    0x0, 0x0, 0x0, 0xfc, 0x0, 0x0, 0x0, 0x0,
    0x0, 0x1f, 0xc1, 0x0, 0x0, 0x0, 0x4b, 0xff,
    0xff, 0xfe, 0xa2, 0x0, 0x5f, 0xe8, 0x5f, 0xd5,
    0x9f, 0xf2, 0xe, 0xe1, 0x0, 0xfc, 0x0, 0x3f,
    0xb2, 0xf9, 0x0, 0xf, 0xc0, 0x0, 0xde, 0x2f,
    0x90, 0x0, 0xfc, 0x0, 0xc, 0xe0, 0xfd, 0x0,
    0xf, 0xc0, 0x2, 0xfb, 0x7, 0xfc, 0x52, 0xfc,
    0x26, 0xef, 0x30, 0x6, 0xef, 0xff, 0xff, 0xfd,
    0x40, 0x0, 0x0, 0x24, 0xfd, 0x31, 0x0, 0x0,
    0x0, 0x0, 0xf, 0xc0, 0x0, 0x0,

    /* U+03A7 "Χ" */
    0x6f, 0x80, 0x0, 0xb, 0xf2, 0xc, 0xf2, 0x0,
    0x5f, 0x80, 0x2, 0xfb, 0x0, 0xed, 0x0, 0x0,
    0x8f, 0x48, 0xf4, 0x0, 0x0, 0xe, 0xdf, 0xa0,
    0x0, 0x0, 0x5, 0xff, 0x10, 0x0, 0x0, 0x9,
    0xff, 0x50, 0x0, 0x0, 0x3f, 0x9d, 0xe0, 0x0,
    0x0, 0xce, 0x15, 0xf9, 0x0, 0x6, 0xf6, 0x0,
    0xbf, 0x30, 0x1e, 0xc0, 0x0, 0x2f, 0xc0, 0xaf,
    0x30, 0x0, 0x8, 0xf6,

    /* U+03A8 "Ψ" */
    0x9f, 0x20, 0x1f, 0x80, 0xb, 0xf9, 0xf2, 0x1,
    0xf8, 0x0, 0xbf, 0x9f, 0x20, 0x1f, 0x80, 0xb,
    0xf9, 0xf2, 0x1, 0xf8, 0x0, 0xbf, 0x8f, 0x20,
    0x1f, 0x80, 0xc, 0xf7, 0xf3, 0x1, 0xf8, 0x0,
    0xdd, 0x3f, 0x80, 0x1f, 0x80, 0x2f, 0xa0, 0xcf,
    0x74, 0xf9, 0x4d, 0xf2, 0x1, 0xbf, 0xff, 0xff,
    0xe4, 0x0, 0x0, 0x25, 0xfa, 0x30, 0x0, 0x0,
    0x0, 0x1f, 0x80, 0x0, 0x0, 0x0, 0x1, 0xf8,
    0x0, 0x0,

    /* U+03A9 "Ω" */
    0x0, 0x7, 0xdf, 0xeb, 0x50, 0x0, 0x1, 0xdf,
    0xc9, 0x9e, 0xf9, 0x0, 0xa, 0xf7, 0x0, 0x0,
    0xbf, 0x50, 0x1f, 0xc0, 0x0, 0x0, 0x1f, 0xc0,
    0x5f, 0x70, 0x0, 0x0, 0xc, 0xf0, 0x7f, 0x60,
    0x0, 0x0, 0xb, 0xf1, 0x6f, 0x60, 0x0, 0x0,
    0xc, 0xf0, 0x2f, 0x90, 0x0, 0x0, 0xe, 0xd0,
    0xb, 0xe1, 0x0, 0x0, 0x5f, 0x50, 0x2, 0xfb,
    0x0, 0x2, 0xeb, 0x0, 0x48, 0xbf, 0xa0, 0x1e,
    0xf8, 0x81, 0x9f, 0xff, 0xd0, 0x3f, 0xff, 0xf3,

    /* U+03AA "Ϊ" */
    0x6e, 0x4, 0xe2, 0x4a, 0x2, 0xb1, 0x0, 0x0,
    0x0, 0x6f, 0xff, 0xf0, 0x5, 0xfd, 0x30, 0x0,
    0xfb, 0x0, 0x0, 0xfb, 0x0, 0x0, 0xfb, 0x0,
    0x0, 0xfb, 0x0, 0x0, 0xfb, 0x0, 0x0, 0xfb,
    0x0, 0x0, 0xfb, 0x0, 0x0, 0xfb, 0x0, 0x5,
    0xfd, 0x30, 0x6f, 0xff, 0xf0,

    /* U+03AB "Ϋ" */
    0x0, 0x9c, 0x7, 0xd0, 0x0, 0x0, 0x69, 0x4,
    0xa0, 0x0, 0x0, 0x0, 0x0, 0x0, 0x0, 0xbf,
    0x20, 0x0, 0xc, 0xf1, 0x3f, 0xa0, 0x0, 0x4f,
    0x90, 0xb, 0xf2, 0x0, 0xcf, 0x10, 0x3, 0xfa,
    0x5, 0xf8, 0x0, 0x0, 0xbf, 0x2d, 0xf1, 0x0,
    0x0, 0x2f, 0xdf, 0x70, 0x0, 0x0, 0xa, 0xfe,
    0x0, 0x0, 0x0, 0x3, 0xf8, 0x0, 0x0, 0x0,
    0x3, 0xf8, 0x0, 0x0, 0x0, 0x3, 0xf8, 0x0,
    0x0, 0x0, 0x3, 0xf8, 0x0, 0x0, 0x0, 0x3,
    0xf8, 0x0, 0x0,

    /* U+03AC "ά" */
    0x0, 0x0, 0x1f, 0xd0, 0x0, 0x0, 0x0, 0x5f,
    0x30, 0x0, 0x0, 0x0, 0x78, 0x0, 0x0, 0x0,
    0x7e, 0xfc, 0x2d, 0x90, 0x6, 0xfd, 0x79, 0xef,
    0x90, 0xd, 0xf0, 0x0, 0x7f, 0x90, 0x1f, 0xb0,
    0x0, 0x2f, 0x90, 0x2f, 0x90, 0x0, 0x1f, 0x90,
    0x1f, 0xb0, 0x0, 0x2f, 0x90, 0xe, 0xf0, 0x0,
    0x6f, 0x90, 0x7, 0xfd, 0x78, 0xef, 0xe5, 0x0,
    0x7e, 0xfc, 0x36, 0xfa,

    /* U+03AD "έ" */
    0x0, 0x0, 0x8f, 0x50, 0x0, 0x0, 0xdb, 0x0,
    0x0, 0x1, 0xc2, 0x0, 0x1, 0xae, 0xfd, 0x90,
    0xc, 0xf8, 0x69, 0xc0, 0xf, 0xb0, 0x0, 0x0,
    0xb, 0xe3, 0x0, 0x0, 0x1, 0xdf, 0xf9, 0x0,
    0x1d, 0xd5, 0x32, 0x0, 0x4f, 0x70, 0x0, 0x0,
    0x1f, 0xe8, 0x68, 0xb0, 0x3, 0xbe, 0xfe, 0x90,

    /* U+03AE "ή" */
    0x0, 0xb, 0xf3, 0x0, 0x0, 0xf, 0x90, 0x0,
    0x0, 0x3b, 0x0, 0x0, 0xbc, 0x5d, 0xfd, 0x60,
    0xbf, 0xe7, 0x5c, 0xf4, 0xbf, 0x50, 0x2, 0xf8,
    0xbf, 0x10, 0x0, 0xfa, 0xbf, 0x0, 0x0, 0xfa,
    0xbf, 0x0, 0x0, 0xfa, 0xbf, 0x0, 0x0, 0xfa,
    0xbf, 0x0, 0x0, 0xfa, 0xbf, 0x0, 0x0, 0xfa,
    0x0, 0x0, 0x0, 0xfa, 0x0, 0x0, 0x0, 0xfa,
    0x0, 0x0, 0x0, 0xfa, 0x0, 0x0, 0x0, 0xfa,

    /* U+03AF "ί" */
    0x9, 0xf5, 0x0, 0xdb, 0x0, 0x1c, 0x10, 0xb,
    0xf0, 0x0, 0xbf, 0x0, 0xb, 0xf0, 0x0, 0xbf,
    0x0, 0xb, 0xf0, 0x0, 0xbf, 0x0, 0xa, 0xf0,
    0x0, 0x7f, 0xa7, 0x20, 0xaf, 0xf3,

    /* U+03B0 "ΰ" */
    0xb, 0xa5, 0xf9, 0xe5, 0x7, 0x79, 0xf1, 0xa3,
    0x0, 0x9, 0x60, 0x0, 0xcf, 0x0, 0x7, 0xf4,
    0xcf, 0x0, 0x4, 0xf7, 0xcf, 0x0, 0x2, 0xf9,
    0xcf, 0x0, 0x1, 0xfa, 0xcf, 0x0, 0x0, 0xfa,
    0xbf, 0x0, 0x2, 0xf9, 0x9f, 0x20, 0x8, 0xf5,
    0x4f, 0xd7, 0x9f, 0xc0, 0x7, 0xdf, 0xe9, 0x10,

    /* U+03B1 "α" */
    0x0, 0x7e, 0xfc, 0x2d, 0x90, 0x6, 0xfd, 0x79,
    0xef, 0x90, 0xd, 0xf0, 0x0, 0x7f, 0x90, 0x1f,
    0xb0, 0x0, 0x2f, 0x90, 0x2f, 0x90, 0x0, 0x1f,
    0x90, 0x1f, 0xb0, 0x0, 0x2f, 0x90, 0xe, 0xf0,
    0x0, 0x6f, 0x90, 0x7, 0xfd, 0x78, 0xef, 0xe5,
    0x0, 0x7e, 0xfc, 0x36, 0xfa,

    /* U+03B2 "β" */
    0x3, 0xbf, 0xfc, 0x30, 0x2, 0xfe, 0x77, 0xef,
    0x20, 0x8f, 0x30, 0x5, 0xf6, 0xa, 0xf0, 0x0,
    0x4f, 0x60, 0xbf, 0x1, 0x2c, 0xd0, 0xb, 0xf0,
    0xff, 0xc2, 0x0, 0xbf, 0x4, 0x5c, 0xf4, 0xb,
    0xf0, 0x0, 0xd, 0xd0, 0xbf, 0x0, 0x0, 0xbf,
    0xb, 0xf0, 0x0, 0xe, 0xe0, 0xbf, 0xc7, 0x7d,
    0xf7, 0xb, 0xfa, 0xef, 0xd6, 0x0, 0xbf, 0x0,
    0x0, 0x0, 0xb, 0xf0, 0x0, 0x0, 0x0, 0xbf,
    0x0, 0x0, 0x0, 0xb, 0xf0, 0x0, 0x0, 0x0,

    /* U+03B3 "γ" */
    0xde, 0x0, 0x0, 0xbf, 0x7f, 0x30, 0x0, 0xce,
    0x2f, 0x80, 0x0, 0xdc, 0xc, 0xd0, 0x0, 0xfa,
    0x7, 0xf2, 0x4, 0xf5, 0x2, 0xf7, 0xa, 0xf0,
    0x0, 0xcc, 0x3f, 0x80, 0x0, 0x7f, 0xdd, 0x0,
    0x0, 0x1f, 0xf3, 0x0, 0x0, 0xe, 0xc0, 0x0,
    0x0, 0xe, 0xc0, 0x0, 0x0, 0xe, 0xc0, 0x0,
    0x0, 0x7, 0x60, 0x0,

    /* U+03B4 "δ" */
    0x0, 0x1a, 0xef, 0xd7, 0x0, 0xc, 0xf7, 0x6a,
    0xf1, 0x0, 0xfb, 0x0, 0x1, 0x0, 0xa, 0xf7,
    0x0, 0x0, 0x0, 0xd, 0xfd, 0x40, 0x0, 0x2d,
    0xe7, 0xaf, 0x70, 0xd, 0xe1, 0x0, 0x9f, 0x43,
    0xf8, 0x0, 0x1, 0xf8, 0x4f, 0x70, 0x0, 0xf,
    0xa2, 0xfc, 0x0, 0x5, 0xf7, 0xa, 0xfc, 0x79,
    0xfe, 0x10, 0x7, 0xdf, 0xea, 0x10,

    /* U+03B5 "ε" */
    0x1, 0xae, 0xfd, 0x90, 0xc, 0xf8, 0x69, 0xc0,
    0xf, 0xb0, 0x0, 0x0, 0xb, 0xe3, 0x0, 0x0,
    0x1, 0xdf, 0xf9, 0x0, 0x1d, 0xd5, 0x32, 0x0,
    0x4f, 0x70, 0x0, 0x0, 0x1f, 0xe8, 0x68, 0xb0,
    0x3, 0xbe, 0xfe, 0x90,

    /* U+03B6 "ζ" */
    0xb, 0xff, 0xff, 0xf7, 0x3, 0x55, 0x4d, 0xf2,
    0x0, 0x0, 0x6f, 0x50, 0x0, 0x3, 0xfa, 0x0,
    0x0, 0xd, 0xd0, 0x0, 0x0, 0xaf, 0x30, 0x0,
    0x4, 0xf8, 0x0, 0x0, 0xc, 0xe0, 0x0, 0x0,
    0x1f, 0xa0, 0x0, 0x0, 0x2f, 0xa0, 0x0, 0x0,
    0xe, 0xf5, 0x0, 0x0, 0x4, 0xff, 0xfa, 0x40,
    0x0, 0x16, 0xbf, 0xf3, 0x0, 0x0, 0x6, 0xf5,
    0x0, 0x0, 0x7, 0xf2, 0x0, 0x0, 0xa, 0xb0,

    /* U+03B7 "η" */
    0xbc, 0x5d, 0xfd, 0x60, 0xbf, 0xe7, 0x5c, 0xf4,
    0xbf, 0x50, 0x2, 0xf8, 0xbf, 0x10, 0x0, 0xfa,
    0xbf, 0x0, 0x0, 0xfa, 0xbf, 0x0, 0x0, 0xfa,
    0xbf, 0x0, 0x0, 0xfa, 0xbf, 0x0, 0x0, 0xfa,
    0xbf, 0x0, 0x0, 0xfa, 0x0, 0x0, 0x0, 0xfa,
    0x0, 0x0, 0x0, 0xfa, 0x0, 0x0, 0x0, 0xfa,
    0x0, 0x0, 0x0, 0xfa,

    /* U+03B8 "θ" */
    0x0, 0x3c, 0xfe, 0x90, 0x0, 0x2f, 0xd7, 0x8f,
    0xb0, 0xa, 0xf1, 0x0, 0x7f, 0x30, 0xeb, 0x0,
    0x2, 0xf8, 0x1f, 0xa1, 0x11, 0x1f, 0xa2, 0xff,
    0xff, 0xff, 0xfb, 0x2f, 0xa4, 0x44, 0x4f, 0xb1,
    0xfa, 0x0, 0x0, 0xfa, 0xe, 0xc0, 0x0, 0x2f,
    0x80, 0x9f, 0x10, 0x8, 0xf3, 0x2, 0xfd, 0x68,
    0xfb, 0x0, 0x3, 0xcf, 0xe9, 0x10,

    /* U+03B9 "ι" */
    0xbf, 0x0, 0xb, 0xf0, 0x0, 0xbf, 0x0, 0xb,
    0xf0, 0x0, 0xbf, 0x0, 0xb, 0xf0, 0x0, 0xaf,
    0x0, 0x7, 0xfa, 0x72, 0xa, 0xff, 0x30,

    /* U+03BA "κ" */
    0xaf, 0x10, 0xb, 0xf3, 0xaf, 0x10, 0x8f, 0x60,
    0xaf, 0x15, 0xf8, 0x0, 0xaf, 0x4f, 0xb0, 0x0,
    0xaf, 0xef, 0xa0, 0x0, 0xaf, 0xa9, 0xf5, 0x0,
    0xaf, 0x10, 0xde, 0x10, 0xaf, 0x10, 0x3f, 0xc0,
    0xaf, 0x10, 0x7, 0xf7,

    /* U+03BB "λ" */
    0xdf, 0xc3, 0x0, 0x0, 0x6, 0x7e, 0xe1, 0x0,
    0x0, 0x0, 0x3f, 0x80, 0x0, 0x0, 0x0, 0xde,
    0x0, 0x0, 0x0, 0x1f, 0xf5, 0x0, 0x0, 0x7,
    0xed, 0xb0, 0x0, 0x0, 0xda, 0x8f, 0x10, 0x0,
    0x3f, 0x53, 0xf7, 0x0, 0x9, 0xf1, 0xd, 0xd0,
    0x0, 0xfb, 0x0, 0x7f, 0x40, 0x5f, 0x60, 0x2,
    0xfc, 0x3b, 0xf1, 0x0, 0x9, 0xf7,

    /* U+03BC "μ" */
    0xbf, 0x0, 0x0, 0xfb, 0xb, 0xf0, 0x0, 0xf,
    0xb0, 0xbf, 0x0, 0x0, 0xfb, 0xb, 0xf0, 0x0,
    0xf, 0xb0, 0xbf, 0x0, 0x0, 0xfb, 0xb, 0xf0,
    0x0, 0x1f, 0xb0, 0xbf, 0x30, 0x6, 0xfb, 0xb,
    0xfd, 0x79, 0xfe, 0xe6, 0xbf, 0xaf, 0xd5, 0x5f,
    0xcb, 0xf0, 0x0, 0x0, 0x0, 0xbf, 0x0, 0x0,
    0x0, 0xb, 0xf0, 0x0, 0x0, 0x0, 0xbf, 0x0,
    0x0, 0x0, 0x0,

    /* U+03BD "ν" */
    0xde, 0x0, 0x0, 0xbf, 0x7f, 0x30, 0x0, 0xce,
    0x2f, 0x80, 0x0, 0xdd, 0xc, 0xd0, 0x0, 0xfa,
    0x7, 0xf2, 0x4, 0xf6, 0x2, 0xf7, 0xa, 0xf0,
    0x0, 0xcc, 0x3f, 0x80, 0x0, 0x7f, 0xde, 0x0,
    0x0, 0x1f, 0xf3, 0x0,

    /* U+03BE "ξ" */
    0xa, 0xff, 0xff, 0xf7, 0x3, 0x9e, 0x96, 0x52,
    0x5, 0xf4, 0x0, 0x0, 0x9, 0xf1, 0x0, 0x0,
    0x5, 0xfa, 0x21, 0x10, 0x0, 0x5f, 0xff, 0xf3,
    0x3, 0xec, 0x54, 0x40, 0xd, 0xd0, 0x0, 0x0,
    0x1f, 0x90, 0x0, 0x0, 0x1f, 0xb0, 0x0, 0x0,
    0xc, 0xf8, 0x20, 0x0, 0x2, 0xcf, 0xfd, 0x70,
    0x0, 0x3, 0x9e, 0xf4, 0x0, 0x0, 0x4, 0xf6,
    0x0, 0x0, 0x6, 0xf3, 0x0, 0x0, 0x9, 0xb0,

    /* U+03BF "ο" */
    0x0, 0x4c, 0xfe, 0xa2, 0x0, 0x4f, 0xd7, 0x8f,
    0xe1, 0xd, 0xf1, 0x0, 0x4f, 0x91, 0xfb, 0x0,
    0x0, 0xed, 0x2f, 0x90, 0x0, 0xd, 0xe0, 0xfb,
    0x0, 0x0, 0xed, 0xc, 0xf1, 0x0, 0x4f, 0x90,
    0x4f, 0xd7, 0x8f, 0xe2, 0x0, 0x3c, 0xff, 0xb2,
    0x0,

    /* U+03C0 "π" */
    0xbf, 0xff, 0xff, 0xff, 0xff, 0x83, 0x5f, 0xd5,
    0x55, 0xfd, 0x52, 0x0, 0xfc, 0x0, 0xe, 0xc0,
    0x0, 0xf, 0xc0, 0x0, 0xec, 0x0, 0x0, 0xfc,
    0x0, 0xe, 0xc0, 0x0, 0xf, 0xc0, 0x0, 0xec,
    0x0, 0x0, 0xfc, 0x0, 0xe, 0xc0, 0x0, 0xf,
    0xc0, 0x0, 0xdf, 0x72, 0x0, 0xfc, 0x0, 0x4,
    0xee, 0x30,

    /* U+03C1 "ρ" */
    0x3, 0xcf, 0xea, 0x20, 0x2f, 0xd7, 0x9f, 0xe1,
    0x9f, 0x20, 0x5, 0xf7, 0xdd, 0x0, 0x0, 0xfb,
    0xec, 0x0, 0x0, 0xec, 0xec, 0x0, 0x0, 0xfb,
    0xec, 0x0, 0x5, 0xf7, 0xef, 0xb7, 0x8f, 0xe1,
    0xec, 0xae, 0xfa, 0x20, 0xeb, 0x0, 0x0, 0x0,
    0xec, 0x0, 0x0, 0x0, 0xec, 0x0, 0x0, 0x0,
    0xec, 0x0, 0x0, 0x0,

    /* U+03C2 "ς" */
    0x0, 0x4c, 0xff, 0xc2, 0x4, 0xfe, 0x88, 0xc0,
    0xd, 0xf1, 0x0, 0x0, 0x1f, 0xb0, 0x0, 0x0,
    0x2f, 0x90, 0x0, 0x0, 0x1f, 0xb0, 0x0, 0x0,
    0xe, 0xe1, 0x0, 0x0, 0x7, 0xfd, 0x51, 0x0,
    0x0, 0x7f, 0xff, 0xa0, 0x0, 0x0, 0x5c, 0xf5,
    0x0, 0x0, 0x5, 0xf4, 0x0, 0x0, 0x8, 0xf1,
    0x0, 0x0, 0x6, 0x50,

    /* U+03C3 "σ" */
    0x0, 0x3b, 0xef, 0xff, 0xf7, 0x4, 0xfe, 0x75,
    0xed, 0x52, 0xd, 0xe1, 0x0, 0x5f, 0x40, 0x1f,
    0xa0, 0x0, 0x1f, 0x90, 0x2f, 0x90, 0x0, 0xf,
    0xb0, 0x1f, 0xa0, 0x0, 0x1f, 0xa0, 0xd, 0xe0,
    0x0, 0x6f, 0x60, 0x5, 0xfd, 0x78, 0xfd, 0x0,
    0x0, 0x5c, 0xfe, 0x91, 0x0,

    /* U+03C4 "τ" */
    0xbf, 0xff, 0xff, 0xf8, 0x35, 0x9f, 0x85, 0x52,
    0x0, 0x7f, 0x40, 0x0, 0x0, 0x7f, 0x40, 0x0,
    0x0, 0x7f, 0x40, 0x0, 0x0, 0x7f, 0x40, 0x0,
    0x0, 0x6f, 0x50, 0x0, 0x0, 0x3f, 0xd7, 0x80,
    0x0, 0x7, 0xdf, 0xd0,

    /* U+03C5 "υ" */
    0xcf, 0x0, 0x7, 0xf4, 0xcf, 0x0, 0x4, 0xf7,
    0xcf, 0x0, 0x2, 0xf9, 0xcf, 0x0, 0x1, 0xfa,
    0xcf, 0x0, 0x0, 0xfa, 0xbf, 0x0, 0x2, 0xf9,
    0x9f, 0x20, 0x8, 0xf5, 0x4f, 0xd7, 0x9f, 0xc0,
    0x7, 0xdf, 0xe9, 0x10,

    /* U+03C6 "φ" */
    0x0, 0x0, 0xc, 0xd0, 0x0, 0x0, 0x0, 0x0,
    0xc, 0xd0, 0x0, 0x0, 0x0, 0x0, 0xc, 0xd0,
    0x0, 0x0, 0x0, 0x3b, 0xff, 0xff, 0xa2, 0x0,
    0x4, 0xfe, 0x7d, 0xe7, 0xef, 0x30, 0xc, 0xf2,
    0xc, 0xd0, 0x2f, 0xc0, 0x1f, 0xb0, 0xc, 0xd0,
    0xb, 0xf1, 0x2f, 0x90, 0xc, 0xd0, 0x9, 0xf2,
    0xf, 0xb0, 0xc, 0xd0, 0xa, 0xf1, 0xc, 0xf2,
    0xc, 0xd0, 0x1f, 0xd0, 0x2, 0xfe, 0x6d, 0xd6,
    0xef, 0x30, 0x0, 0x2a, 0xff, 0xff, 0xb3, 0x0,
    0x0, 0x0, 0xc, 0xd0, 0x0, 0x0, 0x0, 0x0,
    0xc, 0xd0, 0x0, 0x0, 0x0, 0x0, 0xc, 0xd0,
    0x0, 0x0, 0x0, 0x0, 0xc, 0xd0, 0x0, 0x0,

    /* U+03C7 "χ" */
    0x9f, 0x80, 0x0, 0x7, 0xf4, 0x4b, 0xf4, 0x0,
    0xe, 0xb0, 0x0, 0xec, 0x0, 0x7f, 0x30, 0x0,
    0x7f, 0x41, 0xfa, 0x0, 0x0, 0x1f, 0xb8, 0xf1,
    0x0, 0x0, 0x8, 0xff, 0x80, 0x0, 0x0, 0x1,
    0xff, 0x0, 0x0, 0x0, 0x6, 0xff, 0x20, 0x0,
    0x0, 0x1f, 0xbf, 0x90, 0x0, 0x0, 0xaf, 0x1a,
    0xf1, 0x0, 0x3, 0xf7, 0x3, 0xf9, 0x0, 0xd,
    0xd0, 0x0, 0xbf, 0x84, 0x7f, 0x40, 0x0, 0x1c,
    0xf8,

    /* U+03C8 "ψ" */
    0x0, 0x0, 0xaf, 0x0, 0x0, 0x0, 0x0, 0xa,
    0xf0, 0x0, 0x0, 0x0, 0x0, 0xaf, 0x0, 0x0,
    0xc, 0xe0, 0xa, 0xf0, 0xd, 0xd0, 0xce, 0x0,
    0xaf, 0x0, 0xaf, 0xc, 0xe0, 0xa, 0xf0, 0x7,
    0xf3, 0xce, 0x0, 0xaf, 0x0, 0x6f, 0x3c, 0xe0,
    0xa, 0xf0, 0x6, 0xf4, 0xbf, 0x0, 0xaf, 0x0,
    0x8f, 0x28, 0xf4, 0xa, 0xf0, 0x1e, 0xe0, 0x1f,
    0xf9, 0xdf, 0x8e, 0xf5, 0x0, 0x2b, 0xef, 0xff,
    0xc4, 0x0, 0x0, 0x0, 0xaf, 0x0, 0x0, 0x0,
    0x0, 0xa, 0xf0, 0x0, 0x0, 0x0, 0x0, 0xaf,
    0x0, 0x0, 0x0, 0x0, 0xa, 0xf0, 0x0, 0x0,

    /* U+03C9 "ω" */
    0x0, 0xdb, 0x0, 0x0, 0xa, 0xe1, 0x0, 0x7f,
    0x30, 0x0, 0x0, 0x1f, 0x80, 0xc, 0xe0, 0x0,
    0x0, 0x0, 0xcd, 0x0, 0xfb, 0x0, 0x3f, 0x50,
    0x9, 0xf0, 0xf, 0xa0, 0x3, 0xf5, 0x0, 0x8f,
    0x10, 0xfb, 0x0, 0x3f, 0x50, 0x9, 0xf0, 0xb,
    0xf0, 0x6, 0xf8, 0x0, 0xdd, 0x0, 0x5f, 0xc7,
    0xea, 0xf7, 0xbf, 0x60, 0x0, 0x6e, 0xfa, 0x8,
    0xfe, 0x80, 0x0,

    /* U+03CA "ϊ" */
    0xe, 0x50, 0xd7, 0x0, 0xa3, 0x9, 0x50, 0x0,
    0x0, 0x0, 0x0, 0xb, 0xf0, 0x0, 0x0, 0xbf,
    0x0, 0x0, 0xb, 0xf0, 0x0, 0x0, 0xbf, 0x0,
    0x0, 0xb, 0xf0, 0x0, 0x0, 0xbf, 0x0, 0x0,
    0xa, 0xf0, 0x0, 0x0, 0x7f, 0xa7, 0x20, 0x0,
    0xaf, 0xf3,

    /* U+03CB "ϋ" */
    0x9, 0xc0, 0x7d, 0x0, 0x6, 0x80, 0x4a, 0x0,
    0x0, 0x0, 0x0, 0x0, 0xcf, 0x0, 0x7, 0xf4,
    0xcf, 0x0, 0x4, 0xf7, 0xcf, 0x0, 0x2, 0xf9,
    0xcf, 0x0, 0x1, 0xfa, 0xcf, 0x0, 0x0, 0xfa,
    0xbf, 0x0, 0x2, 0xf9, 0x9f, 0x20, 0x8, 0xf5,
    0x4f, 0xd7, 0x9f, 0xc0, 0x7, 0xdf, 0xe9, 0x10,

    /* U+03CC "ό" */
    0x0, 0x0, 0xe, 0xe1, 0x0, 0x0, 0x3, 0xf6,
    0x0, 0x0, 0x0, 0x5a, 0x0, 0x0, 0x4, 0xcf,
    0xea, 0x20, 0x4, 0xfd, 0x78, 0xfe, 0x10, 0xdf,
    0x10, 0x4, 0xf9, 0x1f, 0xb0, 0x0, 0xe, 0xd2,
    0xf9, 0x0, 0x0, 0xde, 0xf, 0xb0, 0x0, 0xe,
    0xd0, 0xcf, 0x10, 0x4, 0xf9, 0x4, 0xfd, 0x78,
    0xfe, 0x20, 0x3, 0xcf, 0xfb, 0x20,

    /* U+03CD "ύ" */
    0x0, 0x2, 0xfb, 0x0, 0x0, 0x7, 0xf2, 0x0,
    0x0, 0x8, 0x70, 0x0, 0xcf, 0x0, 0x7, 0xf4,
    0xcf, 0x0, 0x4, 0xf7, 0xcf, 0x0, 0x2, 0xf9,
    0xcf, 0x0, 0x1, 0xfa, 0xcf, 0x0, 0x0, 0xfa,
    0xbf, 0x0, 0x2, 0xf9, 0x9f, 0x20, 0x8, 0xf5,
    0x4f, 0xd7, 0x9f, 0xc0, 0x7, 0xdf, 0xe9, 0x10,

    /* U+03CE "ώ" */
    0x0, 0x0, 0x0, 0x3f, 0xa0, 0x0, 0x0, 0x0,
    0x0, 0x8, 0xf1, 0x0, 0x0, 0x0, 0x0, 0x0,
    0x96, 0x0, 0x0, 0x0, 0xd, 0xb0, 0x0, 0x0,
    0xae, 0x10, 0x7, 0xf3, 0x0, 0x0, 0x1, 0xf8,
    0x0, 0xce, 0x0, 0x0, 0x0, 0xc, 0xd0, 0xf,
    0xb0, 0x3, 0xf5, 0x0, 0x9f, 0x0, 0xfa, 0x0,
    0x3f, 0x50, 0x8, 0xf1, 0xf, 0xb0, 0x3, 0xf5,
    0x0, 0x9f, 0x0, 0xbf, 0x0, 0x6f, 0x80, 0xd,
    0xd0, 0x5, 0xfc, 0x7e, 0xaf, 0x7b, 0xf6, 0x0,
    0x6, 0xef, 0xa0, 0x8f, 0xe8, 0x0,

    /* U+03CF "Ϗ" */
    0x8f, 0x30, 0x0, 0x6f, 0x80, 0x8f, 0x30, 0x4,
    0xfb, 0x0, 0x8f, 0x30, 0x2e, 0xd0, 0x0, 0x8f,
    0x30, 0xde, 0x20, 0x0, 0x8f, 0x3b, 0xf4, 0x0,
    0x0, 0x8f, 0xcf, 0xc0, 0x0, 0x0, 0x8f, 0xfc,
    0xf6, 0x0, 0x0, 0x8f, 0x50, 0xef, 0x20, 0x0,
    0x8f, 0x30, 0x4f, 0xb0, 0x0, 0x8f, 0x30, 0x9,
    0xf6, 0x0, 0x8f, 0x30, 0x0, 0xef, 0x20, 0x8f,
    0x30, 0x0, 0x4f, 0xc0, 0x0, 0x0, 0x0, 0x1f,
    0xe0, 0x10, 0x0, 0x0, 0xaf, 0x90, 0x7e, 0xa9,
    0x9d, 0xfd, 0x0, 0x29, 0xdf, 0xfd, 0x80, 0x0,

    /* U+03D0 "ϐ" */
    0x0, 0x3b, 0xff, 0xb2, 0x0, 0x4f, 0xa5, 0x6e,
    0xa0, 0xd, 0xcf, 0xff, 0xe4, 0x4, 0xf3, 0x3,
    0x20, 0x0, 0x8f, 0x5c, 0xff, 0xb1, 0x9, 0xfe,
    0x74, 0x7f, 0xd0, 0xaf, 0x30, 0x0, 0x8f, 0x59,
    0xf1, 0x0, 0x4, 0xf7, 0x7f, 0x30, 0x0, 0x5f,
    0x63, 0xf9, 0x0, 0xa, 0xf2, 0xb, 0xf9, 0x7b,
    0xfa, 0x0, 0x9, 0xef, 0xd7, 0x0,

    /* U+03D1 "ϑ" */
    0x0, 0x2b, 0xfe, 0xb2, 0x0, 0x0, 0xd, 0xe7,
    0x8e, 0xf2, 0x0, 0x0, 0xfb, 0x0, 0x3f, 0xa0,
    0x0, 0x9, 0xf9, 0x42, 0xce, 0x10, 0x0, 0x8,
    0xef, 0xff, 0xff, 0x29, 0xfe, 0x10, 0x23, 0xaf,
    0x60, 0x38, 0xf5, 0x0, 0x9, 0xf2, 0x0, 0x4f,
    0x40, 0x0, 0xaf, 0x10, 0x6, 0xf3, 0x0, 0xd,
    0xd0, 0x0, 0x6f, 0x40, 0x4, 0xf8, 0x0, 0x2,
    0xfd, 0x78, 0xfd, 0x0, 0x0, 0x5, 0xdf, 0xe9,
    0x10, 0x0,

    /* U+03D2 "ϒ" */
    0xbf, 0x20, 0x0, 0x8, 0xf8, 0x3f, 0xa0, 0x0,
    0x3f, 0xb3, 0xb, 0xf2, 0x0, 0xcf, 0x10, 0x3,
    0xf9, 0x4, 0xf7, 0x0, 0x0, 0xbf, 0x2c, 0xe0,
    0x0, 0x0, 0x2f, 0xcf, 0x70, 0x0, 0x0, 0xa,
    0xfe, 0x0, 0x0, 0x0, 0x3, 0xf8, 0x0, 0x0,
    0x0, 0x3, 0xf8, 0x0, 0x0, 0x0, 0x3, 0xf8,
    0x0, 0x0, 0x0, 0x3, 0xf8, 0x0, 0x0, 0x0,
    0x3, 0xf8, 0x0, 0x0,

    /* U+03D3 "ϓ" */
    0x3f, 0xa2, 0xfc, 0x0, 0x0, 0x1c, 0xf2, 0x8f,
    0x10, 0x9f, 0x40, 0x0, 0x9f, 0x71, 0x96, 0x0,
    0x1f, 0xc0, 0x1, 0xfa, 0x0, 0x0, 0x0, 0x8,
    0xf4, 0x9, 0xf2, 0x0, 0x0, 0x0, 0x1, 0xfc,
    0x2f, 0x90, 0x0, 0x0, 0x0, 0x0, 0x8f, 0xdf,
    0x20, 0x0, 0x0, 0x0, 0x0, 0x1f, 0xf9, 0x0,
    0x0, 0x0, 0x0, 0x0, 0x9, 0xf3, 0x0, 0x0,
    0x0, 0x0, 0x0, 0x9, 0xf3, 0x0, 0x0, 0x0,
    0x0, 0x0, 0x9, 0xf3, 0x0, 0x0, 0x0, 0x0,
    0x0, 0x9, 0xf3, 0x0, 0x0, 0x0, 0x0, 0x0,
    0x9, 0xf3, 0x0, 0x0,

    /* U+03D4 "ϔ" */
    0x0, 0x8d, 0x6, 0xe1, 0x0, 0x0, 0x59, 0x4,
    0xa0, 0x0, 0x0, 0x0, 0x0, 0x0, 0x0, 0xbf,
    0x20, 0x0, 0x8, 0xf8, 0x3f, 0xa0, 0x0, 0x3f,
    0xb3, 0xb, 0xf2, 0x0, 0xcf, 0x10, 0x3, 0xf9,
    0x4, 0xf7, 0x0, 0x0, 0xbf, 0x2c, 0xe0, 0x0,
    0x0, 0x2f, 0xcf, 0x70, 0x0, 0x0, 0xa, 0xfe,
    0x0, 0x0, 0x0, 0x3, 0xf8, 0x0, 0x0, 0x0,
    0x3, 0xf8, 0x0, 0x0, 0x0, 0x3, 0xf8, 0x0,
    0x0, 0x0, 0x3, 0xf8, 0x0, 0x0, 0x0, 0x3,
    0xf8, 0x0, 0x0,

    /* U+03D5 "ϕ" */
    0x0, 0x0, 0xc, 0xd0, 0x0, 0x0, 0x0, 0x0,
    0xc, 0xd0, 0x0, 0x0, 0x0, 0x0, 0xc, 0xd0,
    0x0, 0x0, 0x0, 0x3b, 0xff, 0xff, 0xa2, 0x0,
    0x4, 0xfe, 0x7d, 0xe7, 0xef, 0x30, 0xc, 0xf2,
    0xc, 0xd0, 0x2f, 0xc0, 0x1f, 0xb0, 0xc, 0xd0,
    0xb, 0xf1, 0x2f, 0x90, 0xc, 0xd0, 0x9, 0xf2,
    0xf, 0xb0, 0xc, 0xd0, 0xa, 0xf1, 0xc, 0xf2,
    0xc, 0xd0, 0x1f, 0xd0, 0x2, 0xfe, 0x6d, 0xd6,
    0xef, 0x30, 0x0, 0x2a, 0xff, 0xff, 0xb3, 0x0,
    0x0, 0x0, 0xc, 0xd0, 0x0, 0x0, 0x0, 0x0,
    0xc, 0xd0, 0x0, 0x0, 0x0, 0x0, 0xc, 0xd0,
    0x0, 0x0, 0x0, 0x0, 0xc, 0xd0, 0x0, 0x0,

    /* U+03D6 "ϖ" */
    0x9f, 0xff, 0xff, 0xff, 0xff, 0xff, 0xff, 0x13,
    0x6e, 0xe6, 0x66, 0x66, 0x69, 0xf9, 0x60, 0x1,
    0xf8, 0x0, 0x0, 0x0, 0x1f, 0x80, 0x0, 0x3f,
    0x60, 0x7, 0xd0, 0x0, 0xfb, 0x0, 0x5, 0xf5,
    0x0, 0x9f, 0x0, 0xd, 0xc0, 0x0, 0x4f, 0x60,
    0x9, 0xf0, 0x0, 0xeb, 0x0, 0x1, 0xfa, 0x0,
    0xbf, 0x20, 0x3f, 0x80, 0x0, 0xa, 0xf9, 0x8f,
    0xbc, 0x7d, 0xf2, 0x0, 0x0, 0xa, 0xfe, 0x51,
    0xcf, 0xd4, 0x0, 0x0,

    /* U+03D7 "ϗ" */
    0xaf, 0x10, 0xb, 0xf3, 0xaf, 0x10, 0x8f, 0x60,
    0xaf, 0x15, 0xf8, 0x0, 0xaf, 0x4f, 0xb0, 0x0,
    0xaf, 0xef, 0xa0, 0x0, 0xaf, 0xa9, 0xf5, 0x0,
    0xaf, 0x10, 0xde, 0x10, 0xaf, 0x10, 0x3f, 0xc0,
    0xaf, 0x10, 0x8, 0xf7, 0x0, 0x0, 0x3, 0xfa,
    0x44, 0x10, 0x3c, 0xf3, 0x6f, 0xff, 0xfc, 0x40,
    0x0, 0x22, 0x10, 0x0,

    /* U+03D8 "Ϙ" */
    0x0, 0x7, 0xce, 0xfd, 0x91, 0x0, 0x0, 0xcf,
    0xd9, 0x9b, 0xfe, 0x20, 0x8, 0xfa, 0x0, 0x0,
    0x5f, 0xc0, 0xe, 0xf1, 0x0, 0x0, 0xb, 0xf2,
    0xf, 0xd0, 0x0, 0x0, 0x8, 0xf5, 0xf, 0xd0,
    0x0, 0x0, 0x8, 0xf5, 0xd, 0xf1, 0x0, 0x0,
    0xc, 0xf2, 0x7, 0xfb, 0x0, 0x0, 0x6f, 0xc0,
    0x0, 0xbf, 0xeb, 0xad, 0xfe, 0x20, 0x0, 0x5,
    0xbf, 0xfc, 0x70, 0x0, 0x0, 0x0, 0xb, 0xf0,
    0x0, 0x0, 0x0, 0x0, 0xb, 0xf0, 0x0, 0x0,

    /* U+03D9 "ϙ" */
    0x0, 0x4c, 0xfe, 0xa2, 0x0, 0x4f, 0xd7, 0x8f,
    0xe1, 0xc, 0xf1, 0x0, 0x4f, 0x91, 0xfb, 0x0,
    0x0, 0xed, 0x2f, 0x90, 0x0, 0xd, 0xe0, 0xfb,
    0x0, 0x0, 0xed, 0xd, 0xe0, 0x0, 0x3f, 0x90,
    0x5f, 0xb4, 0x4d, 0xf2, 0x0, 0x6e, 0xff, 0xd4,
    0x0, 0x0, 0xf, 0xc0, 0x0, 0x0, 0x0, 0xfc,
    0x0, 0x0, 0x0, 0xf, 0xc0, 0x0, 0x0, 0x0,
    0xfc, 0x0, 0x0,

    /* U+03DA "Ϛ" */
    0x0, 0x6, 0xce, 0xfd, 0xa3, 0x0, 0xbf, 0xea,
    0x9b, 0xf5, 0x8, 0xfa, 0x0, 0x0, 0x0, 0xe,
    0xf0, 0x0, 0x0, 0x0, 0xf, 0xc0, 0x0, 0x0,
    0x0, 0xf, 0xd0, 0x0, 0x0, 0x0, 0xd, 0xf2,
    0x0, 0x0, 0x0, 0x6, 0xfd, 0x40, 0x0, 0x0,
    0x0, 0x8f, 0xff, 0xd1, 0x0, 0x0, 0x2, 0x7d,
    0xf1, 0x0, 0x0, 0x0, 0xa, 0xf1, 0x0, 0x0,
    0x0, 0xa, 0xf1, 0x0,

    /* U+03DB "ϛ" */
    0x0, 0x4c, 0xff, 0xc2, 0x5, 0xfe, 0x88, 0xb0,
    0xd, 0xf1, 0x0, 0x0, 0x1f, 0xa0, 0x0, 0x0,
    0x2f, 0x90, 0x0, 0x0, 0x1f, 0xa0, 0x0, 0x0,
    0xe, 0xe1, 0x0, 0x0, 0x5, 0xfe, 0x94, 0x0,
    0x0, 0x3b, 0xff, 0xa0, 0x0, 0x0, 0xa, 0xf2,
    0x0, 0x21, 0x1a, 0xf1, 0x0, 0x9f, 0xff, 0x70,
    0x0, 0x2, 0x31, 0x0,

    /* U+03DC "Ϝ" */
    0x7f, 0xff, 0xff, 0xd7, 0xf9, 0x88, 0x86, 0x7f,
    0x30, 0x0, 0x7, 0xf3, 0x0, 0x0, 0x7f, 0x30,
    0x0, 0x7, 0xf9, 0x88, 0x84, 0x7f, 0xff, 0xff,
    0x87, 0xf3, 0x1, 0xf8, 0x7f, 0x30, 0x1f, 0x87,
    0xf3, 0x0, 0x10, 0x7f, 0x30, 0x0, 0x7, 0xf3,
    0x0, 0x0,

    /* U+03DD "ϝ" */
    0x7f, 0xff, 0xff, 0xe7, 0xf9, 0x88, 0x87, 0x7f,
    0x30, 0x0, 0x7, 0xf3, 0x0, 0x0, 0x7f, 0x30,
    0x0, 0x7, 0xff, 0xff, 0xf7, 0x7f, 0x98, 0x8f,
    0x77, 0xf3, 0x1, 0xf7, 0x7f, 0x30, 0xb, 0x57,
    0xf3, 0x0, 0x0, 0x7f, 0x30, 0x0, 0x7, 0xf3,
    0x0, 0x0, 0x7f, 0x30, 0x0, 0x0,

    /* U+03DE "Ϟ" */
    0xd, 0xf9, 0x0, 0x0, 0x0, 0x6b, 0xf3, 0x0,
    0x0, 0x0, 0x6f, 0x30, 0x0, 0x0, 0xa, 0xf0,
    0x0, 0x0, 0x0, 0xec, 0x0, 0x0, 0x0, 0x3f,
    0xff, 0xff, 0xf4, 0x3, 0x88, 0x88, 0xef, 0x0,
    0x0, 0x0, 0xf, 0xb0, 0x0, 0x0, 0x4, 0xf6,
    0x0, 0x0, 0x0, 0x7f, 0x20, 0x0, 0x0, 0x7,
    0xf9, 0x40, 0x0, 0x0, 0x1c, 0xf8,

    /* U+03DF "ϟ" */
    0xc, 0xfb, 0x0, 0x0, 0x0, 0x59, 0xf6, 0x0,
    0x0, 0x0, 0x4f, 0x50, 0x0, 0x0, 0x9, 0xf1,
    0x0, 0x0, 0x0, 0xeb, 0x0, 0x0, 0x0, 0x5f,
    0x50, 0x0, 0x0, 0xb, 0xe2, 0x58, 0xcf, 0x11,
    0xff, 0xff, 0xef, 0xe0, 0x3c, 0x85, 0x21, 0xf8,
    0x0, 0x0, 0x0, 0x7f, 0x20, 0x0, 0x0, 0xc,
    0xd0, 0x0, 0x0, 0x2, 0xf7, 0x0, 0x0, 0x0,
    0x8f, 0x10, 0x0, 0x0, 0xc, 0xe0, 0x0, 0x0,
    0x0, 0xcf, 0x74, 0x0, 0x0, 0x3, 0xdf, 0x90,

    /* U+03E0 "Ϡ" */
    0x5, 0xcf, 0xfd, 0x70, 0x0, 0xd, 0xd9, 0x9d,
    0xfb, 0x0, 0x2, 0x0, 0x1a, 0xff, 0x70, 0x0,
    0x6, 0xfe, 0x5e, 0xe0, 0x0, 0x2f, 0x80, 0xa,
    0xf2, 0x0, 0x1, 0x1, 0x9f, 0xf5, 0x0, 0x0,
    0x5e, 0xea, 0xf6, 0x0, 0x0, 0x78, 0x6, 0xf6,
    0x0, 0x0, 0x0, 0x7, 0xf5, 0x0, 0x0, 0x0,
    0x9, 0xf3, 0x0, 0x0, 0x0, 0xe, 0xe0, 0x0,
    0x0, 0x0, 0x3f, 0x90,

    /* U+03E1 "ϡ" */
    0x14, 0x0, 0x0, 0x0, 0x0, 0x5f, 0xf9, 0x10,
    0x0, 0x0, 0x5, 0xaf, 0xe5, 0x0, 0x0, 0x0,
    0x3, 0xdf, 0x60, 0x0, 0x0, 0x0, 0xc, 0xf4,
    0x0, 0x0, 0x2, 0x8d, 0xfd, 0x0, 0x0, 0x3f,
    0xd7, 0x8f, 0x70, 0x0, 0x2, 0x0, 0x1f, 0xc0,
    0x0, 0x0, 0x2, 0x8e, 0xf1, 0x0, 0x3, 0xdf,
    0xcb, 0xf3, 0x0, 0x1, 0x71, 0x6, 0xf4, 0x0,
    0x0, 0x0, 0x6, 0xf5, 0x0, 0x0, 0x0, 0x7,
    0xf4, 0x0, 0x0, 0x0, 0x9, 0xf2, 0x0, 0x0,
    0x0, 0xd, 0xe0, 0x0, 0x0, 0x0, 0x2f, 0xa0,
    0x0, 0x0, 0x0, 0x7f, 0x40,

    /* U+03F0 "ϰ" */
    0x9f, 0xc2, 0x0, 0x3, 0xf9, 0x3, 0x7f, 0xc0,
    0x1, 0xef, 0x20, 0x0, 0x9f, 0x0, 0xcf, 0xe0,
    0x0, 0x7, 0xf1, 0x8f, 0xfa, 0x0, 0x0, 0x8f,
    0x6f, 0x6f, 0x90, 0x0, 0xa, 0xff, 0xa1, 0xf8,
    0x0, 0x0, 0xdf, 0xd0, 0xf, 0xa0, 0x0, 0x1f,
    0xf2, 0x0, 0xcf, 0x73, 0x7, 0xf5, 0x0, 0x2,
    0xcf, 0x80,

    /* U+03F1 "ϱ" */
    0x3, 0xbf, 0xea, 0x10, 0x2f, 0xe8, 0x9f, 0xe1,
    0x9f, 0x30, 0x6, 0xf7, 0xce, 0x0, 0x0, 0xfb,
    0xec, 0x0, 0x0, 0xed, 0xec, 0x0, 0x0, 0xfc,
    0xed, 0x0, 0x5, 0xf8, 0xef, 0xc8, 0x9f, 0xe1,
    0xec, 0xae, 0xfb, 0x20, 0xdd, 0x0, 0x0, 0x0,
    0x9f, 0x82, 0x10, 0x0, 0x1c, 0xff, 0xff, 0x70,
    0x0, 0x14, 0x5f, 0xa0,

    /* U+03F2 "ϲ" */
    0x0, 0x4c, 0xfe, 0xc2, 0x4, 0xfe, 0x88, 0xc0,
    0xd, 0xf1, 0x0, 0x0, 0xf, 0xb0, 0x0, 0x0,
    0x2f, 0x90, 0x0, 0x0, 0x1f, 0xb0, 0x0, 0x0,
    0xd, 0xf1, 0x0, 0x0, 0x5, 0xfe, 0x88, 0xc2,
    0x0, 0x5c, 0xff, 0xb1,

    /* U+03F3 "ϳ" */
    0x0, 0x9d, 0x0, 0x9, 0xd0, 0x0, 0x0, 0x0,
    0xb, 0xf0, 0x0, 0xbf, 0x0, 0xb, 0xf0, 0x0,
    0xbf, 0x0, 0xb, 0xf0, 0x0, 0xbf, 0x0, 0xb,
    0xf0, 0x0, 0xbf, 0x0, 0xb, 0xf0, 0x0, 0xbf,
    0x0, 0xb, 0xf0, 0x68, 0xfc, 0xc, 0xfc, 0x20,

    /* U+03F4 "ϴ" */
    0x0, 0x4, 0xbe, 0xfd, 0x81, 0x0, 0x0, 0x8f,
    0xe9, 0x8b, 0xfe, 0x20, 0x4, 0xfb, 0x0, 0x0,
    0x3f, 0xc0, 0xa, 0xf1, 0x0, 0x0, 0x9, 0xf3,
    0xe, 0xd2, 0x22, 0x22, 0x26, 0xf7, 0xf, 0xff,
    0xff, 0xff, 0xff, 0xf8, 0xf, 0xd5, 0x55, 0x55,
    0x57, 0xf8, 0xe, 0xf0, 0x0, 0x0, 0x6, 0xf7,
    0xa, 0xf3, 0x0, 0x0, 0xb, 0xf3, 0x4, 0xfc,
    0x0, 0x0, 0x4f, 0xc0, 0x0, 0x8f, 0xe9, 0x8a,
    0xfe, 0x20, 0x0, 0x5, 0xbe, 0xfd, 0x81, 0x0,

    /* U+03F5 "ϵ" */
    0x0, 0x4b, 0xff, 0xc4, 0x4, 0xfe, 0x87, 0xb2,
    0xc, 0xf1, 0x0, 0x0, 0xf, 0xb1, 0x11, 0x0,
    0x2f, 0xff, 0xff, 0x90, 0x1f, 0xb4, 0x44, 0x20,
    0xd, 0xe0, 0x0, 0x0, 0x5, 0xfd, 0x77, 0x94,
    0x0, 0x4c, 0xff, 0xc3,

    /* U+03F6 "϶" */
    0x2b, 0xef, 0xc5, 0x0, 0x1b, 0x77, 0xdf, 0x50,
    0x0, 0x0, 0x1f, 0xd0, 0x0, 0x11, 0x1b, 0xf1,
    0x8, 0xff, 0xff, 0xf2, 0x2, 0x44, 0x4c, 0xf0,
    0x0, 0x0, 0x1e, 0xc0, 0x69, 0x77, 0xdf, 0x40,
    0x4d, 0xff, 0xb4, 0x0,

    /* U+03F7 "Ϸ" */
    0x7f, 0x40, 0x0, 0x0, 0x7, 0xf5, 0x21, 0x0,
    0x0, 0x7f, 0xff, 0xfe, 0x80, 0x7, 0xf7, 0x57,
    0xdf, 0x80, 0x7f, 0x40, 0x1, 0xfe, 0x7, 0xf4,
    0x0, 0xc, 0xf0, 0x7f, 0x40, 0x0, 0xfd, 0x7,
    0xf5, 0x24, 0xbf, 0x70, 0x7f, 0xff, 0xff, 0x80,
    0x7, 0xf7, 0x53, 0x0, 0x0, 0x7f, 0x40, 0x0,
    0x0, 0x7, 0xf4, 0x0, 0x0, 0x0,

    /* U+03F8 "ϸ" */
    0xbf, 0x0, 0x0, 0x0, 0xb, 0xf0, 0x0, 0x0,
    0x0, 0xbf, 0x0, 0x0, 0x0, 0xb, 0xf3, 0xcf,
    0xd6, 0x0, 0xbf, 0xe9, 0x8d, 0xf5, 0xb, 0xf6,
    0x0, 0x1f, 0xc0, 0xbf, 0x10, 0x0, 0xcf, 0xb,
    0xf0, 0x0, 0xb, 0xf1, 0xbf, 0x10, 0x0, 0xcf,
    0xb, 0xf6, 0x0, 0x1f, 0xc0, 0xbf, 0xf9, 0x8d,
    0xf5, 0xb, 0xf3, 0xdf, 0xd6, 0x0, 0xbf, 0x0,
    0x0, 0x0, 0xb, 0xf0, 0x0, 0x0, 0x0, 0xbf,
    0x0, 0x0, 0x0, 0xb, 0xf0, 0x0, 0x0, 0x0,

    /* U+03F9 "Ϲ" */
    0x0, 0x3, 0xae, 0xfe, 0xa3, 0x0, 0x6f, 0xfa,
    0x9b, 0xf5, 0x2, 0xfd, 0x10, 0x0, 0x0, 0xa,
    0xf5, 0x0, 0x0, 0x0, 0xe, 0xf0, 0x0, 0x0,
    0x0, 0xf, 0xd0, 0x0, 0x0, 0x0, 0xf, 0xd0,
    0x0, 0x0, 0x0, 0xe, 0xf0, 0x0, 0x0, 0x0,
    0xa, 0xf4, 0x0, 0x0, 0x0, 0x4, 0xfd, 0x10,
    0x0, 0x0, 0x0, 0x9f, 0xea, 0x89, 0xd3, 0x0,
    0x5, 0xce, 0xfe, 0xb1,

    /* U+03FA "Ϻ" */
    0x7f, 0xf1, 0x0, 0x0, 0x6, 0xff, 0x27, 0xff,
    0x90, 0x0, 0x0, 0xef, 0xf2, 0x7f, 0x8f, 0x20,
    0x0, 0x8f, 0x9f, 0x27, 0xf1, 0xeb, 0x0, 0x2f,
    0x87, 0xf2, 0x7f, 0x16, 0xf4, 0xa, 0xe0, 0x8f,
    0x27, 0xf1, 0xd, 0xd4, 0xf6, 0x8, 0xf2, 0x7f,
    0x10, 0x4f, 0xfc, 0x0, 0x8f, 0x27, 0xf1, 0x0,
    0xbf, 0x30, 0x8, 0xf2, 0x7f, 0x10, 0x0, 0x0,
    0x0, 0x8f, 0x27, 0xf1, 0x0, 0x0, 0x0, 0x8,
    0xf2, 0x7f, 0x10, 0x0, 0x0, 0x0, 0x8f, 0x27,
    0xf1, 0x0, 0x0, 0x0, 0x8, 0xf2,

    /* U+03FB "ϻ" */
    0xaf, 0xc0, 0x0, 0xa, 0xfb, 0xaf, 0xf6, 0x0,
    0x4f, 0xfb, 0xae, 0xbe, 0x10, 0xdc, 0xdb, 0xae,
    0x2f, 0x98, 0xf2, 0xdb, 0xae, 0x7, 0xff, 0x70,
    0xdb, 0xae, 0x0, 0xbb, 0x0, 0xdb, 0xae, 0x0,
    0x0, 0x0, 0xdb, 0xae, 0x0, 0x0, 0x0, 0xdb,
    0xae, 0x0, 0x0, 0x0, 0xdb, 0xae, 0x0, 0x0,
    0x0, 0x0, 0xae, 0x0, 0x0, 0x0, 0x0, 0xae,
    0x0, 0x0, 0x0, 0x0, 0xae, 0x0, 0x0, 0x0,
    0x0,

    /* U+03FC "ϼ" */
    0x0, 0x3b, 0xfe, 0xa2, 0x0, 0x2f, 0xd7, 0x9f,
    0xe1, 0x9, 0xf2, 0x0, 0x5f, 0x70, 0xdd, 0x0,
    0x0, 0xfb, 0xe, 0xc0, 0x0, 0xe, 0xc0, 0xec,
    0x0, 0x0, 0xfb, 0xe, 0xc0, 0x0, 0x5f, 0x70,
    0xef, 0xb7, 0x8f, 0xe1, 0xe, 0xca, 0xef, 0xa2,
    0x0, 0xeb, 0x0, 0x0, 0x0, 0xe, 0xc0, 0x0,
    0x0, 0xf, 0xff, 0xff, 0xd0, 0x0, 0x3f, 0xd3,
    0x33, 0x0, 0x0,

    /* U+03FD "Ͻ" */
    0x2a, 0xdf, 0xec, 0x60, 0x0, 0x2f, 0xb9, 0x9e,
    0xfb, 0x0, 0x0, 0x0, 0x0, 0xbf, 0x60, 0x0,
    0x0, 0x0, 0x2f, 0xd0, 0x0, 0x0, 0x0, 0xc,
    0xf1, 0x0, 0x0, 0x0, 0xa, 0xf2, 0x0, 0x0,
    0x0, 0xa, 0xf2, 0x0, 0x0, 0x0, 0xc, 0xf1,
    0x0, 0x0, 0x0, 0x2f, 0xc0, 0x0, 0x0, 0x0,
    0xcf, 0x50, 0xd, 0xa8, 0x9e, 0xf9, 0x0, 0xa,
    0xef, 0xec, 0x50, 0x0,

    /* U+03FE "Ͼ" */
    0x0, 0x3, 0xae, 0xfe, 0xa3, 0x0, 0x6f, 0xfa,
    0x9b, 0xf5, 0x2, 0xfd, 0x10, 0x0, 0x0, 0xa,
    0xf5, 0x0, 0x0, 0x0, 0xe, 0xf0, 0x0, 0x0,
    0x0, 0xf, 0xd0, 0x6, 0xf4, 0x0, 0xf, 0xd0,
    0x9, 0xf7, 0x0, 0xe, 0xf0, 0x1, 0x50, 0x0,
    0xa, 0xf4, 0x0, 0x0, 0x0, 0x4, 0xfd, 0x10,
    0x0, 0x0, 0x0, 0x9f, 0xea, 0x89, 0xd3, 0x0,
    0x5, 0xce, 0xfe, 0xb1,

    /* U+03FF "Ͽ" */
    0x2a, 0xdf, 0xec, 0x60, 0x0, 0x2f, 0xb9, 0x9e,
    0xfb, 0x0, 0x0, 0x0, 0x0, 0xbf, 0x60, 0x0,
    0x0, 0x0, 0x2f, 0xd0, 0x0, 0x0, 0x0, 0xc,
    0xf1, 0x0, 0x1e, 0xa0, 0xa, 0xf2, 0x0, 0x3f,
    0xd0, 0xa, 0xf2, 0x0, 0x4, 0x20, 0xc, 0xf1,
    0x0, 0x0, 0x0, 0x2f, 0xc0, 0x0, 0x0, 0x0,
    0xcf, 0x50, 0xd, 0xa8, 0x9e, 0xf9, 0x0, 0xa,
    0xef, 0xec, 0x50, 0x0,

    /* U+0400 "Ѐ" */
    0x2, 0x85, 0x0, 0x0, 0x9, 0xf3, 0x0, 0x0,
    0x9, 0xd0, 0x0, 0x0, 0x0, 0x0, 0x8f, 0xff,
    0xff, 0xf8, 0xfa, 0x88, 0x88, 0x8f, 0x30, 0x0,
    0x8, 0xf3, 0x0, 0x0, 0x8f, 0x30, 0x0, 0x8,
    0xff, 0xff, 0xfb, 0x8f, 0xa8, 0x88, 0x58, 0xf3,
    0x0, 0x0, 0x8f, 0x30, 0x0, 0x8, 0xf3, 0x0,
    0x0, 0x8f, 0xa8, 0x88, 0x88, 0xff, 0xff, 0xff,

    /* U+0401 "Ё" */
    0x4, 0xe1, 0x5e, 0x0, 0x4e, 0x15, 0xe0, 0x0,
    0x0, 0x0, 0x8, 0xff, 0xff, 0xff, 0x8f, 0xa8,
    0x88, 0x88, 0xf3, 0x0, 0x0, 0x8f, 0x30, 0x0,
    0x8, 0xf3, 0x0, 0x0, 0x8f, 0xff, 0xff, 0xb8,
    0xfa, 0x88, 0x85, 0x8f, 0x30, 0x0, 0x8, 0xf3,
    0x0, 0x0, 0x8f, 0x30, 0x0, 0x8, 0xfa, 0x88,
    0x88, 0x8f, 0xff, 0xff, 0xf0,

    /* U+0402 "Ђ" */
    0xcf, 0xff, 0xff, 0xff, 0x70, 0x6, 0x88, 0xfd,
    0x88, 0x83, 0x0, 0x0, 0x1f, 0xa0, 0x0, 0x0,
    0x0, 0x1, 0xfa, 0x0, 0x0, 0x0, 0x0, 0x1f,
    0xb5, 0x76, 0x40, 0x0, 0x1, 0xff, 0xff, 0xff,
    0xc1, 0x0, 0x1f, 0xc2, 0x1, 0x9f, 0x90, 0x1,
    0xfa, 0x0, 0x0, 0xfd, 0x0, 0x1f, 0xa0, 0x0,
    0xe, 0xd0, 0x1, 0xfa, 0x0, 0x2, 0xfb, 0x0,
    0x1f, 0xa0, 0x89, 0xef, 0x40, 0x1, 0xfa, 0xc,
    0xfd, 0x50,

    /* U+0403 "Ѓ" */
    0x0, 0x0, 0x58, 0x20, 0x0, 0x3f, 0x90, 0x0,
    0xd, 0x90, 0x0, 0x0, 0x0, 0x0, 0x7f, 0xff,
    0xff, 0xf7, 0xfa, 0x88, 0x88, 0x7f, 0x40, 0x0,
    0x7, 0xf4, 0x0, 0x0, 0x7f, 0x40, 0x0, 0x7,
    0xf4, 0x0, 0x0, 0x7f, 0x40, 0x0, 0x7, 0xf4,
    0x0, 0x0, 0x7f, 0x40, 0x0, 0x7, 0xf4, 0x0,
    0x0, 0x7f, 0x40, 0x0, 0x7, 0xf4, 0x0, 0x0,

    /* U+0404 "Є" */
    0x0, 0x4, 0xbe, 0xfe, 0xa3, 0x0, 0x7f, 0xfa,
    0x9a, 0xf4, 0x3, 0xfd, 0x10, 0x0, 0x0, 0xa,
    0xf3, 0x0, 0x0, 0x0, 0xe, 0xe0, 0x0, 0x0,
    0x0, 0xf, 0xff, 0xff, 0xff, 0x20, 0xf, 0xe8,
    0x88, 0x88, 0x10, 0xf, 0xf0, 0x0, 0x0, 0x0,
    0xb, 0xf4, 0x0, 0x0, 0x0, 0x5, 0xfd, 0x10,
    0x0, 0x0, 0x0, 0xaf, 0xfa, 0x8a, 0xd5, 0x0,
    0x6, 0xcf, 0xfe, 0xb2,

    /* U+0405 "Ѕ" */
    0x0, 0x7d, 0xfe, 0xb5, 0x0, 0xaf, 0xc9, 0xae,
    0x80, 0xf, 0xc0, 0x0, 0x0, 0x0, 0xfc, 0x0,
    0x0, 0x0, 0xc, 0xf7, 0x0, 0x0, 0x0, 0x2d,
    0xfe, 0x81, 0x0, 0x0, 0x6, 0xdf, 0xe3, 0x0,
    0x0, 0x0, 0x6f, 0xc0, 0x0, 0x0, 0x0, 0xbf,
    0x0, 0x0, 0x0, 0xd, 0xe0, 0x3f, 0xb8, 0x8d,
    0xf7, 0x1, 0xad, 0xfe, 0xc5, 0x0,

    /* U+0406 "І" */
    0x8f, 0x38, 0xf3, 0x8f, 0x38, 0xf3, 0x8f, 0x38,
    0xf3, 0x8f, 0x38, 0xf3, 0x8f, 0x38, 0xf3, 0x8f,
    0x38, 0xf3,

    /* U+0407 "Ї" */
    0x6d, 0x3e, 0x36, 0xd3, 0xe3, 0x0, 0x0, 0x0,
    0x7f, 0x40, 0x7, 0xf4, 0x0, 0x7f, 0x40, 0x7,
    0xf4, 0x0, 0x7f, 0x40, 0x7, 0xf4, 0x0, 0x7f,
    0x40, 0x7, 0xf4, 0x0, 0x7f, 0x40, 0x7, 0xf4,
    0x0, 0x7f, 0x40, 0x7, 0xf4, 0x0,

    /* U+0408 "Ј" */
    0x0, 0x8, 0xf3, 0x0, 0x8, 0xf3, 0x0, 0x8,
    0xf3, 0x0, 0x8, 0xf3, 0x0, 0x8, 0xf3, 0x0,
    0x8, 0xf3, 0x0, 0x8, 0xf3, 0x0, 0x8, 0xf3,
    0x0, 0x8, 0xf3, 0x0, 0x8, 0xf3, 0x0, 0x8,
    0xf3, 0x0, 0x8, 0xf2, 0x0, 0xb, 0xf0, 0x29,
    0xbf, 0xb0, 0x3f, 0xea, 0x10,

    /* U+0409 "Љ" */
    0x0, 0x4f, 0xff, 0xff, 0xfa, 0x0, 0x0, 0x0,
    0x0, 0x5f, 0xa8, 0x88, 0xfa, 0x0, 0x0, 0x0,
    0x0, 0x5f, 0x30, 0x1, 0xfa, 0x0, 0x0, 0x0,
    0x0, 0x6f, 0x20, 0x1, 0xfa, 0x0, 0x0, 0x0,
    0x0, 0x7f, 0x20, 0x1, 0xfb, 0x21, 0x0, 0x0,
    0x0, 0x8f, 0x10, 0x1, 0xff, 0xff, 0xfb, 0x20,
    0x0, 0x9f, 0x0, 0x1, 0xfc, 0x55, 0x9f, 0xe1,
    0x0, 0xaf, 0x0, 0x1, 0xfa, 0x0, 0x7, 0xf5,
    0x0, 0xcd, 0x0, 0x1, 0xfa, 0x0, 0x5, 0xf7,
    0x0, 0xfb, 0x0, 0x1, 0xfa, 0x0, 0xa, 0xf5,
    0xad, 0xf6, 0x0, 0x1, 0xfd, 0xaa, 0xdf, 0xd0,
    0xdf, 0x90, 0x0, 0x1, 0xff, 0xff, 0xe9, 0x10,

    /* U+040A "Њ" */
    0x7f, 0x40, 0x0, 0xc, 0xf0, 0x0, 0x0, 0x7,
    0xf4, 0x0, 0x0, 0xcf, 0x0, 0x0, 0x0, 0x7f,
    0x40, 0x0, 0xc, 0xf0, 0x0, 0x0, 0x7, 0xf4,
    0x0, 0x0, 0xcf, 0x0, 0x0, 0x0, 0x7f, 0x40,
    0x0, 0xc, 0xf0, 0x0, 0x0, 0x7, 0xff, 0xff,
    0xff, 0xff, 0xff, 0xeb, 0x30, 0x7f, 0xa8, 0x88,
    0x8e, 0xf8, 0x8a, 0xff, 0x37, 0xf4, 0x0, 0x0,
    0xcf, 0x0, 0x4, 0xfa, 0x7f, 0x40, 0x0, 0xc,
    0xf0, 0x0, 0xf, 0xc7, 0xf4, 0x0, 0x0, 0xcf,
    0x0, 0x4, 0xfa, 0x7f, 0x40, 0x0, 0xc, 0xf8,
    0x8a, 0xff, 0x37, 0xf4, 0x0, 0x0, 0xcf, 0xff,
    0xeb, 0x30,

    /* U+040B "Ћ" */
    0xcf, 0xff, 0xff, 0xff, 0x70, 0x6, 0x88, 0xfd,
    0x88, 0x83, 0x0, 0x0, 0x1f, 0xa0, 0x0, 0x0,
    0x0, 0x1, 0xfa, 0x0, 0x0, 0x0, 0x0, 0x1f,
    0xa0, 0x0, 0x0, 0x0, 0x1, 0xfe, 0xcf, 0xfc,
    0x50, 0x0, 0x1f, 0xfa, 0x89, 0xef, 0x40, 0x1,
    0xfa, 0x0, 0x2, 0xfa, 0x0, 0x1f, 0xa0, 0x0,
    0xe, 0xc0, 0x1, 0xfa, 0x0, 0x0, 0xec, 0x0,
    0x1f, 0xa0, 0x0, 0xe, 0xc0, 0x1, 0xfa, 0x0,
    0x0, 0xec,

    /* U+040C "Ќ" */
    0x0, 0x0, 0x18, 0x60, 0x0, 0x0, 0x0, 0xbe,
    0x20, 0x0, 0x0, 0x5, 0xe2, 0x0, 0x0, 0x0,
    0x0, 0x0, 0x0, 0x0, 0x7f, 0x40, 0x0, 0x5f,
    0x80, 0x7f, 0x40, 0x1, 0xed, 0x0, 0x7f, 0x40,
    0x9, 0xf3, 0x0, 0x7f, 0x40, 0x4f, 0x90, 0x0,
    0x7f, 0x40, 0xde, 0x0, 0x0, 0x7f, 0xff, 0xf5,
    0x0, 0x0, 0x7f, 0xa9, 0xfb, 0x0, 0x0, 0x7f,
    0x40, 0xaf, 0x50, 0x0, 0x7f, 0x40, 0x1e, 0xe1,
    0x0, 0x7f, 0x40, 0x6, 0xf9, 0x0, 0x7f, 0x40,
    0x0, 0xcf, 0x30, 0x7f, 0x40, 0x0, 0x2f, 0xd0,

    /* U+040D "Ѝ" */
    0x0, 0x7, 0x71, 0x0, 0x0, 0x0, 0x3, 0xea,
    0x0, 0x0, 0x0, 0x0, 0x3e, 0x40, 0x0, 0x0,
    0x0, 0x0, 0x0, 0x0, 0x7f, 0x40, 0x0, 0x9,
    0xfb, 0x7f, 0x40, 0x0, 0x2f, 0xfb, 0x7f, 0x40,
    0x0, 0xbf, 0xfb, 0x7f, 0x40, 0x5, 0xf7, 0xeb,
    0x7f, 0x40, 0xe, 0xd0, 0xfb, 0x7f, 0x40, 0x8f,
    0x50, 0xfb, 0x7f, 0x31, 0xfb, 0x0, 0xfb, 0x7f,
    0x3a, 0xf2, 0x0, 0xfb, 0x7f, 0x7f, 0x80, 0x0,
    0xfb, 0x7f, 0xee, 0x0, 0x0, 0xfb, 0x7f, 0xf5,
    0x0, 0x0, 0xfb, 0x7f, 0xc0, 0x0, 0x0, 0xfb,

    /* U+040E "Ў" */
    0x0, 0x1, 0x0, 0x11, 0x0, 0x0, 0x4f, 0x50,
    0xcc, 0x0, 0x0, 0x9, 0xff, 0xe3, 0x0, 0x0,
    0x0, 0x1, 0x0, 0x0, 0xaf, 0x30, 0x0, 0x0,
    0xfc, 0x3f, 0xa0, 0x0, 0x6, 0xf5, 0xb, 0xf2,
    0x0, 0xd, 0xe0, 0x3, 0xf9, 0x0, 0x3f, 0x80,
    0x0, 0xcf, 0x10, 0xaf, 0x10, 0x0, 0x4f, 0x81,
    0xfa, 0x0, 0x0, 0xc, 0xe7, 0xf3, 0x0, 0x0,
    0x5, 0xff, 0xd0, 0x0, 0x0, 0x0, 0xdf, 0x60,
    0x0, 0x0, 0x2, 0xfd, 0x0, 0x0, 0x8, 0xae,
    0xf4, 0x0, 0x0, 0xa, 0xfd, 0x50, 0x0, 0x0,

    /* U+040F "Џ" */
    0x7f, 0x40, 0x0, 0x6, 0xf5, 0x7f, 0x40, 0x0,
    0x6, 0xf5, 0x7f, 0x40, 0x0, 0x6, 0xf5, 0x7f,
    0x40, 0x0, 0x6, 0xf5, 0x7f, 0x40, 0x0, 0x6,
    0xf5, 0x7f, 0x40, 0x0, 0x6, 0xf5, 0x7f, 0x40,
    0x0, 0x6, 0xf5, 0x7f, 0x40, 0x0, 0x6, 0xf5,
    0x7f, 0x40, 0x0, 0x6, 0xf5, 0x7f, 0x40, 0x0,
    0x6, 0xf5, 0x7f, 0xa8, 0x88, 0x8b, 0xf5, 0x7f,
    0xff, 0xff, 0xff, 0xf5, 0x0, 0x0, 0xec, 0x0,
    0x0, 0x0, 0x0, 0xec, 0x0, 0x0, 0x0, 0x0,
    0x76, 0x0, 0x0,

    /* U+0410 "А" */
    0x0, 0x0, 0xdf, 0x40, 0x0, 0x0, 0x0, 0x3f,
    0xfa, 0x0, 0x0, 0x0, 0x9, 0xf9, 0xf0, 0x0,
    0x0, 0x0, 0xeb, 0x4f, 0x60, 0x0, 0x0, 0x4f,
    0x60, 0xec, 0x0, 0x0, 0xa, 0xf1, 0x9, 0xf1,
    0x0, 0x0, 0xfb, 0x0, 0x3f, 0x70, 0x0, 0x5f,
    0xff, 0xff, 0xfd, 0x0, 0xb, 0xf8, 0x88, 0x8c,
    0xf3, 0x1, 0xfb, 0x0, 0x0, 0x4f, 0x80, 0x7f,
    0x50, 0x0, 0x0, 0xee, 0xd, 0xf0, 0x0, 0x0,
    0x8, 0xf4,

    /* U+0411 "Б" */
    0x7f, 0xff, 0xff, 0xf8, 0x7, 0xfa, 0x88, 0x88,
    0x40, 0x7f, 0x40, 0x0, 0x0, 0x7, 0xf4, 0x0,
    0x0, 0x0, 0x7f, 0x40, 0x0, 0x0, 0x7, 0xff,
    0xff, 0xd7, 0x0, 0x7f, 0xa8, 0x9d, 0xfa, 0x7,
    0xf4, 0x0, 0xd, 0xf1, 0x7f, 0x40, 0x0, 0xaf,
    0x27, 0xf4, 0x0, 0xd, 0xf1, 0x7f, 0xa8, 0x9d,
    0xf9, 0x7, 0xff, 0xfe, 0xc6, 0x0,

    /* U+0412 "В" */
    0x8f, 0xff, 0xfd, 0x92, 0x8, 0xf9, 0x78, 0xbf,
    0xe0, 0x8f, 0x30, 0x0, 0xaf, 0x38, 0xf3, 0x0,
    0x9, 0xf3, 0x8f, 0x51, 0x25, 0xfb, 0x8, 0xff,
    0xff, 0xfa, 0x0, 0x8f, 0x74, 0x58, 0xfd, 0x18,
    0xf3, 0x0, 0x6, 0xf7, 0x8f, 0x30, 0x0, 0x3f,
    0x98, 0xf3, 0x0, 0x8, 0xf7, 0x8f, 0x97, 0x7a,
    0xfe, 0x18, 0xff, 0xff, 0xea, 0x20,

    /* U+0413 "Г" */
    0x7f, 0xff, 0xff, 0xf7, 0xfa, 0x88, 0x88, 0x7f,
    0x40, 0x0, 0x7, 0xf4, 0x0, 0x0, 0x7f, 0x40,
    0x0, 0x7, 0xf4, 0x0, 0x0, 0x7f, 0x40, 0x0,
    0x7, 0xf4, 0x0, 0x0, 0x7f, 0x40, 0x0, 0x7,
    0xf4, 0x0, 0x0, 0x7f, 0x40, 0x0, 0x7, 0xf4,
    0x0, 0x0,

    /* U+0414 "Д" */
    0x0, 0xe, 0xff, 0xff, 0xff, 0x30, 0x0, 0xe,
    0xd8, 0x88, 0xcf, 0x30, 0x0, 0xf, 0x90, 0x0,
    0x7f, 0x30, 0x0, 0xf, 0x80, 0x0, 0x7f, 0x30,
    0x0, 0x1f, 0x80, 0x0, 0x7f, 0x30, 0x0, 0x2f,
    0x70, 0x0, 0x7f, 0x30, 0x0, 0x4f, 0x50, 0x0,
    0x7f, 0x30, 0x0, 0x6f, 0x30, 0x0, 0x7f, 0x30,
    0x0, 0xaf, 0x0, 0x0, 0x7f, 0x30, 0x2, 0xfa,
    0x0, 0x0, 0x7f, 0x30, 0x7c, 0xfa, 0x88, 0x88,
    0xcf, 0xa6, 0xdf, 0xff, 0xff, 0xff, 0xff, 0xfb,
    0xdd, 0x0, 0x0, 0x0, 0x0, 0xfb, 0xdd, 0x0,
    0x0, 0x0, 0x0, 0xfb, 0x77, 0x0, 0x0, 0x0,
    0x0, 0x86,

    /* U+0415 "Е" */
    0x8f, 0xff, 0xff, 0xf8, 0xfa, 0x88, 0x88, 0x8f,
    0x30, 0x0, 0x8, 0xf3, 0x0, 0x0, 0x8f, 0x30,
    0x0, 0x8, 0xff, 0xff, 0xfb, 0x8f, 0xa8, 0x88,
    0x58, 0xf3, 0x0, 0x0, 0x8f, 0x30, 0x0, 0x8,
    0xf3, 0x0, 0x0, 0x8f, 0xa8, 0x88, 0x88, 0xff,
    0xff, 0xff,

    /* U+0416 "Ж" */
    0x4f, 0x70, 0x0, 0x6f, 0x40, 0x0, 0xaf, 0x30,
    0xaf, 0x20, 0x6, 0xf4, 0x0, 0x3f, 0x90, 0x1,
    0xfb, 0x0, 0x6f, 0x40, 0xd, 0xe0, 0x0, 0x6,
    0xf5, 0x6, 0xf4, 0x7, 0xf5, 0x0, 0x0, 0xc,
    0xe1, 0x6f, 0x42, 0xfb, 0x0, 0x0, 0x0, 0x3f,
    0xff, 0xff, 0xff, 0x20, 0x0, 0x0, 0x9, 0xf9,
    0xbf, 0xaa, 0xf7, 0x0, 0x0, 0x3, 0xfb, 0x6,
    0xf4, 0xd, 0xf1, 0x0, 0x0, 0xcf, 0x20, 0x6f,
    0x40, 0x4f, 0xa0, 0x0, 0x6f, 0x80, 0x6, 0xf4,
    0x0, 0xaf, 0x40, 0x1e, 0xe0, 0x0, 0x6f, 0x40,
    0x1, 0xfd, 0xa, 0xf5, 0x0, 0x6, 0xf4, 0x0,
    0x7, 0xf8,

    /* U+0417 "З" */
    0x18, 0xde, 0xfd, 0x70, 0x0, 0xeb, 0x99, 0xdf,
    0xa0, 0x0, 0x0, 0x0, 0xdf, 0x0, 0x0, 0x0,
    0xc, 0xe0, 0x0, 0x12, 0x39, 0xf6, 0x0, 0xe,
    0xff, 0xf6, 0x0, 0x0, 0x45, 0x6a, 0xf9, 0x0,
    0x0, 0x0, 0xa, 0xf3, 0x0, 0x0, 0x0, 0x7f,
    0x60, 0x0, 0x0, 0xb, 0xf4, 0x5e, 0xa8, 0x9d,
    0xfb, 0x2, 0xbe, 0xfe, 0xc6, 0x0,

    /* U+0418 "И" */
    0x7f, 0x40, 0x0, 0x9, 0xfb, 0x7f, 0x40, 0x0,
    0x2f, 0xfb, 0x7f, 0x40, 0x0, 0xbf, 0xfb, 0x7f,
    0x40, 0x5, 0xf7, 0xeb, 0x7f, 0x40, 0xe, 0xd0,
    0xfb, 0x7f, 0x40, 0x8f, 0x50, 0xfb, 0x7f, 0x31,
    0xfb, 0x0, 0xfb, 0x7f, 0x3a, 0xf2, 0x0, 0xfb,
    0x7f, 0x7f, 0x80, 0x0, 0xfb, 0x7f, 0xee, 0x0,
    0x0, 0xfb, 0x7f, 0xf5, 0x0, 0x0, 0xfb, 0x7f,
    0xc0, 0x0, 0x0, 0xfb,

    /* U+0419 "Й" */
    0x0, 0x1, 0x0, 0x11, 0x0, 0x0, 0x6f, 0x31,
    0xea, 0x0, 0x0, 0xb, 0xff, 0xd2, 0x0, 0x0,
    0x0, 0x11, 0x0, 0x0, 0x7f, 0x40, 0x0, 0x9,
    0xfb, 0x7f, 0x40, 0x0, 0x2f, 0xfb, 0x7f, 0x40,
    0x0, 0xbf, 0xfb, 0x7f, 0x40, 0x5, 0xf7, 0xeb,
    0x7f, 0x40, 0xe, 0xd0, 0xfb, 0x7f, 0x40, 0x8f,
    0x50, 0xfb, 0x7f, 0x31, 0xfb, 0x0, 0xfb, 0x7f,
    0x3a, 0xf2, 0x0, 0xfb, 0x7f, 0x7f, 0x80, 0x0,
    0xfb, 0x7f, 0xee, 0x0, 0x0, 0xfb, 0x7f, 0xf5,
    0x0, 0x0, 0xfb, 0x7f, 0xc0, 0x0, 0x0, 0xfb,

    /* U+041A "К" */
    0x7f, 0x40, 0x0, 0x5f, 0x80, 0x7f, 0x40, 0x1,
    0xed, 0x0, 0x7f, 0x40, 0x9, 0xf3, 0x0, 0x7f,
    0x40, 0x4f, 0x90, 0x0, 0x7f, 0x40, 0xde, 0x0,
    0x0, 0x7f, 0xff, 0xf5, 0x0, 0x0, 0x7f, 0xa9,
    0xfb, 0x0, 0x0, 0x7f, 0x40, 0xaf, 0x50, 0x0,
    0x7f, 0x40, 0x1e, 0xe1, 0x0, 0x7f, 0x40, 0x6,
    0xf9, 0x0, 0x7f, 0x40, 0x0, 0xcf, 0x30, 0x7f,
    0x40, 0x0, 0x2f, 0xd0,

    /* U+041B "Л" */
    0x0, 0x4f, 0xff, 0xff, 0xfd, 0x0, 0x5f, 0xa8,
    0x88, 0xfd, 0x0, 0x6f, 0x30, 0x0, 0xed, 0x0,
    0x6f, 0x20, 0x0, 0xed, 0x0, 0x7f, 0x20, 0x0,
    0xed, 0x0, 0x8f, 0x10, 0x0, 0xed, 0x0, 0x9f,
    0x0, 0x0, 0xed, 0x0, 0xaf, 0x0, 0x0, 0xed,
    0x0, 0xcd, 0x0, 0x0, 0xed, 0x1, 0xfb, 0x0,
    0x0, 0xed, 0xad, 0xf6, 0x0, 0x0, 0xed, 0xde,
    0x90, 0x0, 0x0, 0xed,

    /* U+041C "М" */
    0x7f, 0xf2, 0x0, 0x0, 0x7, 0xff, 0x27, 0xff,
    0x70, 0x0, 0x0, 0xdf, 0xf2, 0x7f, 0xbd, 0x0,
    0x0, 0x2f, 0xbf, 0x27, 0xf6, 0xf2, 0x0, 0x8,
    0xe8, 0xf2, 0x7f, 0x2f, 0x80, 0x0, 0xd9, 0x8f,
    0x27, 0xf1, 0xbd, 0x0, 0x3f, 0x38, 0xf2, 0x7f,
    0x15, 0xf3, 0x9, 0xe0, 0x8f, 0x27, 0xf1, 0xf,
    0x80, 0xe8, 0x8, 0xf2, 0x7f, 0x10, 0xae, 0x4f,
    0x30, 0x8f, 0x27, 0xf1, 0x5, 0xfd, 0xd0, 0x8,
    0xf2, 0x7f, 0x10, 0xf, 0xf8, 0x0, 0x8f, 0x27,
    0xf1, 0x0, 0xaf, 0x20, 0x8, 0xf2,

    /* U+041D "Н" */
    0x7f, 0x40, 0x0, 0x3, 0xf8, 0x7f, 0x40, 0x0,
    0x3, 0xf8, 0x7f, 0x40, 0x0, 0x3, 0xf8, 0x7f,
    0x40, 0x0, 0x3, 0xf8, 0x7f, 0x40, 0x0, 0x3,
    0xf8, 0x7f, 0xff, 0xff, 0xff, 0xf8, 0x7f, 0xa8,
    0x88, 0x8a, 0xf8, 0x7f, 0x40, 0x0, 0x3, 0xf8,
    0x7f, 0x40, 0x0, 0x3, 0xf8, 0x7f, 0x40, 0x0,
    0x3, 0xf8, 0x7f, 0x40, 0x0, 0x3, 0xf8, 0x7f,
    0x40, 0x0, 0x3, 0xf8,

    /* U+041E "О" */
    0x0, 0x5, 0xbe, 0xfd, 0x70, 0x0, 0x0, 0x8f,
    0xe9, 0x8c, 0xfc, 0x0, 0x4, 0xfc, 0x0, 0x0,
    0x8f, 0x80, 0xb, 0xf2, 0x0, 0x0, 0xe, 0xf0,
    0xf, 0xe0, 0x0, 0x0, 0xa, 0xf3, 0xf, 0xc0,
    0x0, 0x0, 0x8, 0xf4, 0xf, 0xc0, 0x0, 0x0,
    0x8, 0xf4, 0xe, 0xe0, 0x0, 0x0, 0xa, 0xf2,
    0xa, 0xf2, 0x0, 0x0, 0xe, 0xe0, 0x4, 0xfc,
    0x0, 0x0, 0x8f, 0x80, 0x0, 0x8f, 0xe9, 0x8c,
    0xfc, 0x0, 0x0, 0x5, 0xce, 0xfd, 0x70, 0x0,

    /* U+041F "П" */
    0x7f, 0xff, 0xff, 0xff, 0xf5, 0x7f, 0xa8, 0x88,
    0x8b, 0xf5, 0x7f, 0x40, 0x0, 0x6, 0xf5, 0x7f,
    0x40, 0x0, 0x6, 0xf5, 0x7f, 0x40, 0x0, 0x6,
    0xf5, 0x7f, 0x40, 0x0, 0x6, 0xf5, 0x7f, 0x40,
    0x0, 0x6, 0xf5, 0x7f, 0x40, 0x0, 0x6, 0xf5,
    0x7f, 0x40, 0x0, 0x6, 0xf5, 0x7f, 0x40, 0x0,
    0x6, 0xf5, 0x7f, 0x40, 0x0, 0x6, 0xf5, 0x7f,
    0x40, 0x0, 0x6, 0xf5,

    /* U+0420 "Р" */
    0x8f, 0xff, 0xfc, 0x50, 0x8f, 0x97, 0x9f, 0xf5,
    0x8f, 0x30, 0x2, 0xfd, 0x8f, 0x30, 0x0, 0xdf,
    0x8f, 0x30, 0x0, 0xed, 0x8f, 0x30, 0x2a, 0xf8,
    0x8f, 0xff, 0xff, 0xb0, 0x8f, 0x97, 0x63, 0x0,
    0x8f, 0x30, 0x0, 0x0, 0x8f, 0x30, 0x0, 0x0,
    0x8f, 0x30, 0x0, 0x0, 0x8f, 0x30, 0x0, 0x0,

    /* U+0421 "С" */
    0x0, 0x3, 0xae, 0xfe, 0xa3, 0x0, 0x7f, 0xfa,
    0x8a, 0xf4, 0x3, 0xfd, 0x10, 0x0, 0x0, 0xa,
    0xf4, 0x0, 0x0, 0x0, 0xe, 0xf0, 0x0, 0x0,
    0x0, 0xf, 0xd0, 0x0, 0x0, 0x0, 0xf, 0xc0,
    0x0, 0x0, 0x0, 0xf, 0xe0, 0x0, 0x0, 0x0,
    0xb, 0xf3, 0x0, 0x0, 0x0, 0x5, 0xfd, 0x10,
    0x0, 0x0, 0x0, 0x9f, 0xfa, 0x8a, 0xd5, 0x0,
    0x5, 0xcf, 0xfe, 0xb2,

    /* U+0422 "Т" */
    0xcf, 0xff, 0xff, 0xff, 0xc6, 0x88, 0xbf, 0xb8,
    0x86, 0x0, 0x6, 0xf5, 0x0, 0x0, 0x0, 0x6f,
    0x50, 0x0, 0x0, 0x6, 0xf5, 0x0, 0x0, 0x0,
    0x6f, 0x50, 0x0, 0x0, 0x6, 0xf5, 0x0, 0x0,
    0x0, 0x6f, 0x50, 0x0, 0x0, 0x6, 0xf5, 0x0,
    0x0, 0x0, 0x6f, 0x50, 0x0, 0x0, 0x6, 0xf5,
    0x0, 0x0, 0x0, 0x6f, 0x50, 0x0,

    /* U+0423 "У" */
    0xaf, 0x30, 0x0, 0x0, 0xfc, 0x3f, 0xa0, 0x0,
    0x6, 0xf5, 0xb, 0xf2, 0x0, 0xd, 0xe0, 0x3,
    0xf9, 0x0, 0x3f, 0x80, 0x0, 0xcf, 0x10, 0xaf,
    0x10, 0x0, 0x4f, 0x81, 0xfa, 0x0, 0x0, 0xc,
    0xe7, 0xf3, 0x0, 0x0, 0x5, 0xff, 0xd0, 0x0,
    0x0, 0x0, 0xdf, 0x60, 0x0, 0x0, 0x2, 0xfd,
    0x0, 0x0, 0x8, 0xae, 0xf4, 0x0, 0x0, 0xa,
    0xfd, 0x50, 0x0, 0x0,

    /* U+0424 "Ф" */
    0x0, 0x0, 0x1, 0xf9, 0x0, 0x0, 0x0, 0x0,
    0x0, 0x2f, 0x90, 0x0, 0x0, 0x0, 0x3b, 0xff,
    0xff, 0xfe, 0x80, 0x0, 0x4f, 0xe7, 0x6f, 0xb6,
    0xbf, 0xc0, 0xd, 0xf1, 0x1, 0xf9, 0x0, 0x9f,
    0x51, 0xfa, 0x0, 0x1f, 0x90, 0x3, 0xf9, 0x1f,
    0xa0, 0x1, 0xf9, 0x0, 0x2f, 0x90, 0xee, 0x0,
    0x1f, 0x90, 0x7, 0xf6, 0x7, 0xfc, 0x54, 0xfa,
    0x38, 0xfd, 0x0, 0x7, 0xef, 0xff, 0xff, 0xfb,
    0x10, 0x0, 0x0, 0x35, 0xfb, 0x41, 0x0, 0x0,
    0x0, 0x0, 0x1f, 0x90, 0x0, 0x0,

    /* U+0425 "Х" */
    0x6f, 0x70, 0x0, 0xb, 0xf2, 0xc, 0xf1, 0x0,
    0x4f, 0x80, 0x2, 0xfa, 0x0, 0xde, 0x0, 0x0,
    0x8f, 0x47, 0xf4, 0x0, 0x0, 0xe, 0xdf, 0xb0,
    0x0, 0x0, 0x5, 0xff, 0x20, 0x0, 0x0, 0x9,
    0xff, 0x50, 0x0, 0x0, 0x3f, 0x8d, 0xe0, 0x0,
    0x0, 0xce, 0x4, 0xf9, 0x0, 0x6, 0xf5, 0x0,
    0xbf, 0x30, 0x1e, 0xc0, 0x0, 0x2f, 0xc0, 0xaf,
    0x30, 0x0, 0x8, 0xf6,

    /* U+0426 "Ц" */
    0x7f, 0x40, 0x0, 0x6, 0xf4, 0x7, 0xf4, 0x0,
    0x0, 0x6f, 0x40, 0x7f, 0x40, 0x0, 0x6, 0xf4,
    0x7, 0xf4, 0x0, 0x0, 0x6f, 0x40, 0x7f, 0x40,
    0x0, 0x6, 0xf4, 0x7, 0xf4, 0x0, 0x0, 0x6f,
    0x40, 0x7f, 0x40, 0x0, 0x6, 0xf4, 0x7, 0xf4,
    0x0, 0x0, 0x6f, 0x40, 0x7f, 0x40, 0x0, 0x6,
    0xf4, 0x7, 0xf4, 0x0, 0x0, 0x6f, 0x40, 0x7f,
    0xa8, 0x88, 0x8b, 0xfa, 0x77, 0xff, 0xff, 0xff,
    0xff, 0xfd, 0x0, 0x0, 0x0, 0x0, 0xd, 0xd0,
    0x0, 0x0, 0x0, 0x0, 0xdd, 0x0, 0x0, 0x0,
    0x0, 0x7, 0x70,

    /* U+0427 "Ч" */
    0xde, 0x0, 0x0, 0x4f, 0x7d, 0xe0, 0x0, 0x4,
    0xf7, 0xde, 0x0, 0x0, 0x4f, 0x7d, 0xe0, 0x0,
    0x4, 0xf7, 0xbf, 0x0, 0x0, 0x4f, 0x78, 0xf9,
    0x10, 0x28, 0xf7, 0x1d, 0xff, 0xff, 0xff, 0x70,
    0x4, 0x77, 0x45, 0xf7, 0x0, 0x0, 0x0, 0x4f,
    0x70, 0x0, 0x0, 0x4, 0xf7, 0x0, 0x0, 0x0,
    0x4f, 0x70, 0x0, 0x0, 0x4, 0xf7,

    /* U+0428 "Ш" */
    0x8f, 0x30, 0x0, 0x8f, 0x30, 0x0, 0x8f, 0x38,
    0xf3, 0x0, 0x8, 0xf3, 0x0, 0x8, 0xf3, 0x8f,
    0x30, 0x0, 0x8f, 0x30, 0x0, 0x8f, 0x38, 0xf3,
    0x0, 0x8, 0xf3, 0x0, 0x8, 0xf3, 0x8f, 0x30,
    0x0, 0x8f, 0x30, 0x0, 0x8f, 0x38, 0xf3, 0x0,
    0x8, 0xf3, 0x0, 0x8, 0xf3, 0x8f, 0x30, 0x0,
    0x8f, 0x30, 0x0, 0x8f, 0x38, 0xf3, 0x0, 0x8,
    0xf3, 0x0, 0x8, 0xf3, 0x8f, 0x30, 0x0, 0x8f,
    0x30, 0x0, 0x8f, 0x38, 0xf3, 0x0, 0x8, 0xf3,
    0x0, 0x8, 0xf3, 0x8f, 0xa8, 0x88, 0xcf, 0xa8,
    0x88, 0xcf, 0x38, 0xff, 0xff, 0xff, 0xff, 0xff,
    0xff, 0xf3,

    /* U+0429 "Щ" */
    0x8f, 0x30, 0x0, 0xaf, 0x10, 0x0, 0xcf, 0x0,
    0x8f, 0x30, 0x0, 0xaf, 0x10, 0x0, 0xcf, 0x0,
    0x8f, 0x30, 0x0, 0xaf, 0x10, 0x0, 0xcf, 0x0,
    0x8f, 0x30, 0x0, 0xaf, 0x10, 0x0, 0xcf, 0x0,
    0x8f, 0x30, 0x0, 0xaf, 0x10, 0x0, 0xcf, 0x0,
    0x8f, 0x30, 0x0, 0xaf, 0x10, 0x0, 0xcf, 0x0,
    0x8f, 0x30, 0x0, 0xaf, 0x10, 0x0, 0xcf, 0x0,
    0x8f, 0x30, 0x0, 0xaf, 0x10, 0x0, 0xcf, 0x0,
    0x8f, 0x30, 0x0, 0xaf, 0x10, 0x0, 0xcf, 0x0,
    0x8f, 0x30, 0x0, 0xaf, 0x10, 0x0, 0xcf, 0x0,
    0x8f, 0xa8, 0x88, 0xdf, 0x98, 0x88, 0xef, 0x84,
    0x8f, 0xff, 0xff, 0xff, 0xff, 0xff, 0xff, 0xf8,
    0x0, 0x0, 0x0, 0x0, 0x0, 0x0, 0x3, 0xf8,
    0x0, 0x0, 0x0, 0x0, 0x0, 0x0, 0x3, 0xf8,
    0x0, 0x0, 0x0, 0x0, 0x0, 0x0, 0x1, 0x94,

    /* U+042A "Ъ" */
    0xcf, 0xff, 0xa0, 0x0, 0x0, 0x6, 0x88, 0xfa,
    0x0, 0x0, 0x0, 0x0, 0x1f, 0xa0, 0x0, 0x0,
    0x0, 0x1, 0xfa, 0x0, 0x0, 0x0, 0x0, 0x1f,
    0xd8, 0x75, 0x10, 0x0, 0x1, 0xff, 0xff, 0xff,
    0x70, 0x0, 0x1f, 0xa0, 0x4, 0xef, 0x20, 0x1,
    0xfa, 0x0, 0x6, 0xf6, 0x0, 0x1f, 0xa0, 0x0,
    0x5f, 0x70, 0x1, 0xfa, 0x0, 0xa, 0xf4, 0x0,
    0x1f, 0xd8, 0x8c, 0xfc, 0x0, 0x1, 0xff, 0xff,
    0xd8, 0x10,

    /* U+042B "Ы" */
    0x7f, 0x30, 0x0, 0x0, 0x5, 0xf6, 0x7f, 0x30,
    0x0, 0x0, 0x5, 0xf6, 0x7f, 0x30, 0x0, 0x0,
    0x5, 0xf6, 0x7f, 0x30, 0x0, 0x0, 0x5, 0xf6,
    0x7f, 0x52, 0x10, 0x0, 0x5, 0xf6, 0x7f, 0xff,
    0xfe, 0x80, 0x5, 0xf6, 0x7f, 0x75, 0x6c, 0xf9,
    0x5, 0xf6, 0x7f, 0x40, 0x0, 0xef, 0x5, 0xf6,
    0x7f, 0x40, 0x0, 0xbf, 0x5, 0xf6, 0x7f, 0x40,
    0x1, 0xee, 0x5, 0xf6, 0x7f, 0xa8, 0x9e, 0xf7,
    0x5, 0xf6, 0x7f, 0xff, 0xfc, 0x50, 0x5, 0xf6,

    /* U+042C "Ь" */
    0x7f, 0x40, 0x0, 0x0, 0x7, 0xf4, 0x0, 0x0,
    0x0, 0x7f, 0x40, 0x0, 0x0, 0x7, 0xf4, 0x0,
    0x0, 0x0, 0x7f, 0xa7, 0x74, 0x0, 0x7, 0xff,
    0xff, 0xfd, 0x20, 0x7f, 0x40, 0x17, 0xfc, 0x7,
    0xf4, 0x0, 0xc, 0xf0, 0x7f, 0x40, 0x0, 0xbf,
    0x17, 0xf4, 0x0, 0x1e, 0xe0, 0x7f, 0xa8, 0x9e,
    0xf6, 0x7, 0xff, 0xfe, 0xb4, 0x0,

    /* U+042D "Э" */
    0x18, 0xdf, 0xfd, 0x70, 0x0, 0xf, 0xc9, 0x9d,
    0xfc, 0x10, 0x0, 0x0, 0x0, 0x8f, 0xa0, 0x0,
    0x0, 0x0, 0xc, 0xf1, 0x0, 0x0, 0x0, 0x8,
    0xf5, 0x0, 0xcf, 0xff, 0xff, 0xf6, 0x0, 0x68,
    0x88, 0x8b, 0xf6, 0x0, 0x0, 0x0, 0x8, 0xf4,
    0x0, 0x0, 0x0, 0xd, 0xf0, 0x0, 0x0, 0x0,
    0x8f, 0x90, 0x2e, 0xa8, 0xad, 0xfc, 0x10, 0x1a,
    0xef, 0xfc, 0x70, 0x0,

    /* U+042E "Ю" */
    0x7f, 0x40, 0x0, 0x4b, 0xff, 0xd7, 0x0, 0x7,
    0xf4, 0x0, 0x7f, 0xc6, 0x6a, 0xfb, 0x0, 0x7f,
    0x40, 0x2f, 0xb0, 0x0, 0x8, 0xf6, 0x7, 0xf4,
    0x8, 0xf3, 0x0, 0x0, 0xf, 0xc0, 0x7f, 0x40,
    0xcf, 0x0, 0x0, 0x0, 0xcf, 0x7, 0xff, 0xff,
    0xe0, 0x0, 0x0, 0xb, 0xf1, 0x7f, 0xa8, 0xee,
    0x0, 0x0, 0x0, 0xbf, 0x17, 0xf4, 0xc, 0xf0,
    0x0, 0x0, 0xd, 0xf0, 0x7f, 0x40, 0x8f, 0x40,
    0x0, 0x1, 0xfc, 0x7, 0xf4, 0x2, 0xfc, 0x0,
    0x0, 0xaf, 0x60, 0x7f, 0x40, 0x7, 0xfe, 0x98,
    0xdf, 0xb0, 0x7, 0xf4, 0x0, 0x5, 0xcf, 0xfd,
    0x70, 0x0,

    /* U+042F "Я" */
    0x0, 0x3a, 0xef, 0xff, 0xe0, 0x3f, 0xf9, 0x77,
    0xee, 0xb, 0xf3, 0x0, 0xd, 0xe0, 0xcf, 0x0,
    0x0, 0xde, 0xb, 0xf2, 0x0, 0xd, 0xe0, 0x4f,
    0xd4, 0x22, 0xde, 0x0, 0x6e, 0xff, 0xff, 0xe0,
    0x0, 0xbf, 0x65, 0xee, 0x0, 0x5f, 0x80, 0xd,
    0xe0, 0x1e, 0xe0, 0x0, 0xde, 0xa, 0xf5, 0x0,
    0xd, 0xe4, 0xfb, 0x0, 0x0, 0xde,

    /* U+0430 "а" */
    0x4, 0xbe, 0xfd, 0x70, 0x4, 0xa7, 0x6a, 0xf7,
    0x0, 0x0, 0x0, 0xeb, 0x1, 0x9d, 0xff, 0xfd,
    0xd, 0xf6, 0x32, 0xed, 0x3f, 0x90, 0x0, 0xed,
    0x4f, 0x80, 0x3, 0xfd, 0x1f, 0xe7, 0x7e, 0xed,
    0x4, 0xdf, 0xd4, 0x7d,

    /* U+0431 "б" */
    0x0, 0x0, 0x0, 0x0, 0x0, 0x0, 0x16, 0xad,
    0xf3, 0x0, 0x4f, 0xfe, 0xb9, 0x20, 0x2f, 0xc2,
    0x0, 0x0, 0x9, 0xe1, 0x0, 0x0, 0x0, 0xea,
    0x7e, 0xfc, 0x40, 0x1f, 0xed, 0x78, 0xef, 0x22,
    0xff, 0x10, 0x3, 0xfa, 0x2f, 0xb0, 0x0, 0xe,
    0xc2, 0xfa, 0x0, 0x0, 0xde, 0xf, 0xc0, 0x0,
    0xf, 0xc0, 0xbf, 0x20, 0x5, 0xf8, 0x3, 0xfe,
    0x78, 0xfe, 0x10, 0x3, 0xcf, 0xea, 0x10,

    /* U+0432 "в" */
    0xbf, 0xff, 0xec, 0x30, 0xbf, 0x55, 0x7e, 0xf0,
    0xbf, 0x0, 0x8, 0xf2, 0xbf, 0x0, 0x2d, 0xe0,
    0xbf, 0xff, 0xfe, 0x30, 0xbf, 0x33, 0x5c, 0xf2,
    0xbf, 0x0, 0x5, 0xf7, 0xbf, 0x55, 0x6d, 0xf3,
    0xbf, 0xff, 0xfc, 0x50,

    /* U+0433 "г" */
    0xaf, 0xff, 0xfd, 0xaf, 0x77, 0x76, 0xaf, 0x0,
    0x0, 0xaf, 0x0, 0x0, 0xaf, 0x0, 0x0, 0xaf,
    0x0, 0x0, 0xaf, 0x0, 0x0, 0xaf, 0x0, 0x0,
    0xaf, 0x0, 0x0,

    /* U+0434 "д" */
    0x0, 0xaf, 0xff, 0xff, 0x60, 0x0, 0xae, 0x66,
    0x9f, 0x60, 0x0, 0xbc, 0x0, 0x4f, 0x60, 0x0,
    0xcb, 0x0, 0x4f, 0x60, 0x0, 0xea, 0x0, 0x4f,
    0x60, 0x0, 0xf8, 0x0, 0x4f, 0x60, 0x5, 0xf3,
    0x0, 0x4f, 0x60, 0x5d, 0xf6, 0x66, 0x9f, 0xa4,
    0xdf, 0xff, 0xff, 0xff, 0xfb, 0xdc, 0x0, 0x0,
    0x0, 0xeb, 0xdc, 0x0, 0x0, 0x0, 0xeb, 0x43,
    0x0, 0x0, 0x0, 0x43,

    /* U+0435 "е" */
    0x0, 0x5c, 0xfe, 0x80, 0x0, 0x5f, 0xc6, 0x9f,
    0x80, 0xe, 0xe0, 0x0, 0xbf, 0x2, 0xfa, 0x11,
    0x18, 0xf2, 0x3f, 0xff, 0xff, 0xff, 0x42, 0xfa,
    0x44, 0x44, 0x41, 0xe, 0xd0, 0x0, 0x0, 0x0,
    0x5f, 0xd8, 0x79, 0xb0, 0x0, 0x4c, 0xff, 0xd7,
    0x0,

    /* U+0436 "ж" */
    0x5f, 0x60, 0x8, 0xf2, 0x0, 0xce, 0x10, 0xbe,
    0x10, 0x8f, 0x20, 0x5f, 0x50, 0x2, 0xf9, 0x8,
    0xf2, 0xe, 0xb0, 0x0, 0x7, 0xf4, 0x8f, 0x39,
    0xf2, 0x0, 0x0, 0xf, 0xff, 0xff, 0xfa, 0x0,
    0x0, 0x8, 0xf7, 0xaf, 0x6b, 0xf3, 0x0, 0x3,
    0xfa, 0x8, 0xf2, 0x1e, 0xd0, 0x0, 0xde, 0x10,
    0x8f, 0x20, 0x6f, 0x80, 0x8f, 0x50, 0x8, 0xf2,
    0x0, 0xbf, 0x30,

    /* U+0437 "з" */
    0x2a, 0xef, 0xe9, 0x10, 0x1c, 0x86, 0x9f, 0xb0,
    0x0, 0x0, 0xc, 0xe0, 0x0, 0x11, 0x5f, 0xa0,
    0x2, 0xff, 0xfb, 0x0, 0x0, 0x44, 0x6e, 0xc0,
    0x0, 0x0, 0x9, 0xf2, 0x5a, 0x76, 0x8f, 0xe0,
    0x4c, 0xef, 0xea, 0x20,

    /* U+0438 "и" */
    0xaf, 0x0, 0x7, 0xfd, 0xaf, 0x0, 0x1f, 0xfd,
    0xaf, 0x0, 0x9e, 0xdd, 0xaf, 0x2, 0xf7, 0xcd,
    0xaf, 0xa, 0xd0, 0xcd, 0xaf, 0x3f, 0x50, 0xdd,
    0xae, 0xcc, 0x0, 0xdd, 0xaf, 0xf3, 0x0, 0xdd,
    0xaf, 0xa0, 0x0, 0xdd,

    /* U+0439 "й" */
    0x3, 0x70, 0x6, 0x50, 0x4, 0xf4, 0x1f, 0x70,
    0x0, 0x9f, 0xfb, 0x0, 0x0, 0x0, 0x10, 0x0,
    0xaf, 0x0, 0x7, 0xfd, 0xaf, 0x0, 0x1f, 0xfd,
    0xaf, 0x0, 0x9e, 0xdd, 0xaf, 0x2, 0xf7, 0xcd,
    0xaf, 0xa, 0xd0, 0xcd, 0xaf, 0x3f, 0x50, 0xdd,
    0xae, 0xcc, 0x0, 0xdd, 0xaf, 0xf3, 0x0, 0xdd,
    0xaf, 0xa0, 0x0, 0xdd,

    /* U+043A "к" */
    0xaf, 0x0, 0x8, 0xf3, 0xaf, 0x0, 0x2f, 0x90,
    0xaf, 0x0, 0xce, 0x0, 0xaf, 0x27, 0xf5, 0x0,
    0xaf, 0xff, 0xd0, 0x0, 0xaf, 0x59, 0xf6, 0x0,
    0xaf, 0x0, 0xdf, 0x10, 0xaf, 0x0, 0x3f, 0xb0,
    0xaf, 0x0, 0x7, 0xf7,

    /* U+043B "л" */
    0x0, 0xdf, 0xff, 0xff, 0x40, 0xe, 0xc7, 0x7a,
    0xf4, 0x0, 0xf9, 0x0, 0x7f, 0x40, 0xf, 0x80,
    0x7, 0xf4, 0x1, 0xf7, 0x0, 0x7f, 0x40, 0x2f,
    0x50, 0x7, 0xf4, 0x5, 0xf3, 0x0, 0x7f, 0x48,
    0xdf, 0x0, 0x7, 0xf4, 0xee, 0x50, 0x0, 0x7f,
    0x40,

    /* U+043C "м" */
    0xaf, 0xd0, 0x0, 0x3, 0xff, 0x4a, 0xff, 0x40,
    0x0, 0x9f, 0xf4, 0xad, 0xda, 0x0, 0xf, 0xbf,
    0x4a, 0xe7, 0xf0, 0x6, 0xf6, 0xf4, 0xae, 0x1f,
    0x60, 0xcb, 0x4f, 0x4a, 0xe0, 0xbc, 0x2f, 0x44,
    0xf4, 0xae, 0x5, 0xfb, 0xe0, 0x4f, 0x4a, 0xe0,
    0xe, 0xf8, 0x4, 0xf4, 0xae, 0x0, 0x9f, 0x20,
    0x4f, 0x40,

    /* U+043D "н" */
    0xaf, 0x0, 0x0, 0xfb, 0xaf, 0x0, 0x0, 0xfb,
    0xaf, 0x0, 0x0, 0xfb, 0xaf, 0x21, 0x11, 0xfb,
    0xaf, 0xff, 0xff, 0xfb, 0xaf, 0x54, 0x44, 0xfb,
    0xaf, 0x0, 0x0, 0xfb, 0xaf, 0x0, 0x0, 0xfb,
    0xaf, 0x0, 0x0, 0xfb,

    /* U+043E "о" */
    0x0, 0x5c, 0xfe, 0xa1, 0x0, 0x6f, 0xc7, 0x8f,
    0xe1, 0xe, 0xe0, 0x0, 0x5f, 0x82, 0xf9, 0x0,
    0x0, 0xfc, 0x3f, 0x80, 0x0, 0xe, 0xd2, 0xf9,
    0x0, 0x0, 0xfc, 0xe, 0xe0, 0x0, 0x5f, 0x80,
    0x5f, 0xc7, 0x8f, 0xe1, 0x0, 0x4c, 0xfe, 0xa2,
    0x0,

    /* U+043F "п" */
    0xaf, 0xff, 0xff, 0xf9, 0xaf, 0x76, 0x68, 0xf9,
    0xaf, 0x0, 0x2, 0xf9, 0xaf, 0x0, 0x2, 0xf9,
    0xaf, 0x0, 0x2, 0xf9, 0xaf, 0x0, 0x2, 0xf9,
    0xaf, 0x0, 0x2, 0xf9, 0xaf, 0x0, 0x2, 0xf9,
    0xaf, 0x0, 0x2, 0xf9,

    /* U+0440 "р" */
    0xad, 0x3d, 0xfe, 0x60, 0xa, 0xfe, 0x65, 0xcf,
    0x60, 0xaf, 0x50, 0x1, 0xfd, 0xa, 0xf1, 0x0,
    0xb, 0xf0, 0xaf, 0x10, 0x0, 0xaf, 0x1a, 0xf2,
    0x0, 0xc, 0xf0, 0xaf, 0x70, 0x2, 0xfd, 0xa,
    0xff, 0x97, 0xdf, 0x50, 0xaf, 0x4d, 0xfd, 0x60,
    0xa, 0xf0, 0x0, 0x0, 0x0, 0xaf, 0x0, 0x0,
    0x0, 0xa, 0xf0, 0x0, 0x0, 0x0, 0xaf, 0x0,
    0x0, 0x0, 0x0,

    /* U+0441 "с" */
    0x0, 0x4c, 0xff, 0xc2, 0x5, 0xfe, 0x87, 0xb1,
    0xe, 0xf1, 0x0, 0x0, 0x2f, 0xa0, 0x0, 0x0,
    0x3f, 0x80, 0x0, 0x0, 0x3f, 0x90, 0x0, 0x0,
    0xf, 0xe1, 0x0, 0x0, 0x7, 0xfe, 0x87, 0xa2,
    0x0, 0x5c, 0xff, 0xc1,

    /* U+0442 "т" */
    0xcf, 0xff, 0xff, 0xf6, 0x56, 0x6f, 0xc6, 0x62,
    0x0, 0xf, 0xa0, 0x0, 0x0, 0xf, 0xa0, 0x0,
    0x0, 0xf, 0xa0, 0x0, 0x0, 0xf, 0xa0, 0x0,
    0x0, 0xf, 0xa0, 0x0, 0x0, 0xf, 0xa0, 0x0,
    0x0, 0xf, 0xa0, 0x0,

    /* U+0443 "у" */
    0xcf, 0x0, 0x0, 0x8f, 0x46, 0xf5, 0x0, 0xd,
    0xe0, 0x1f, 0xb0, 0x3, 0xf8, 0x0, 0xaf, 0x10,
    0x8f, 0x20, 0x4, 0xf6, 0xd, 0xc0, 0x0, 0xe,
    0xb3, 0xf7, 0x0, 0x0, 0x8f, 0x8f, 0x10, 0x0,
    0x2, 0xff, 0xb0, 0x0, 0x0, 0xb, 0xf5, 0x0,
    0x0, 0x0, 0xbf, 0x0, 0x0, 0x0, 0x2f, 0x90,
    0x0, 0x6, 0x9e, 0xe1, 0x0, 0x0, 0xaf, 0xc3,
    0x0, 0x0, 0x0,

    /* U+0444 "ф" */
    0x0, 0x0, 0x6, 0x70, 0x0, 0x0, 0x0, 0x0,
    0xc, 0xe0, 0x0, 0x0, 0x0, 0x0, 0xc, 0xe0,
    0x0, 0x0, 0x0, 0x0, 0xc, 0xe0, 0x0, 0x0,
    0x0, 0x3b, 0xef, 0xff, 0xc4, 0x0, 0x4, 0xfe,
    0x7d, 0xe7, 0xdf, 0x60, 0xd, 0xf1, 0xb, 0xd0,
    0xe, 0xf0, 0x2f, 0xa0, 0xb, 0xd0, 0x8, 0xf4,
    0x3f, 0x80, 0xb, 0xd0, 0x6, 0xf5, 0x2f, 0xa0,
    0xb, 0xd0, 0x8, 0xf4, 0xd, 0xf1, 0xb, 0xd0,
    0xe, 0xf0, 0x4, 0xfe, 0x7d, 0xe7, 0xdf, 0x60,
    0x0, 0x3b, 0xff, 0xff, 0xc4, 0x0, 0x0, 0x0,
    0xc, 0xe0, 0x0, 0x0, 0x0, 0x0, 0xc, 0xe0,
    0x0, 0x0, 0x0, 0x0, 0xc, 0xe0, 0x0, 0x0,
    0x0, 0x0, 0xc, 0xe0, 0x0, 0x0,

    /* U+0445 "х" */
    0x6f, 0x80, 0x1, 0xed, 0x0, 0xcf, 0x20, 0xaf,
    0x30, 0x2, 0xfc, 0x4f, 0x80, 0x0, 0x6, 0xff,
    0xd0, 0x0, 0x0, 0xf, 0xf7, 0x0, 0x0, 0x8,
    0xfd, 0xe1, 0x0, 0x3, 0xf9, 0x2f, 0xb0, 0x0,
    0xde, 0x10, 0x8f, 0x50, 0x8f, 0x50, 0x0, 0xde,
    0x10,

    /* U+0446 "ц" */
    0xbf, 0x0, 0x2, 0xf8, 0xb, 0xf0, 0x0, 0x2f,
    0x80, 0xbf, 0x0, 0x2, 0xf8, 0xb, 0xf0, 0x0,
    0x2f, 0x80, 0xbf, 0x0, 0x2, 0xf8, 0xb, 0xf0,
    0x0, 0x2f, 0x80, 0xbf, 0x0, 0x2, 0xf8, 0xb,
    0xf7, 0x66, 0x8f, 0xb5, 0xbf, 0xff, 0xff, 0xff,
    0xd0, 0x0, 0x0, 0x0, 0xdd, 0x0, 0x0, 0x0,
    0xd, 0xd0, 0x0, 0x0, 0x0, 0x33,

    /* U+0447 "ч" */
    0xf, 0xa0, 0x0, 0x6f, 0x50, 0xfa, 0x0, 0x6,
    0xf5, 0xf, 0xa0, 0x0, 0x6f, 0x50, 0xfb, 0x0,
    0x6, 0xf5, 0xc, 0xf5, 0x23, 0xaf, 0x50, 0x3e,
    0xff, 0xff, 0xf5, 0x0, 0x3, 0x42, 0x6f, 0x50,
    0x0, 0x0, 0x6, 0xf5, 0x0, 0x0, 0x0, 0x6f,
    0x50,

    /* U+0448 "ш" */
    0xbf, 0x0, 0x8, 0xf2, 0x0, 0x6f, 0x4b, 0xf0,
    0x0, 0x8f, 0x20, 0x6, 0xf4, 0xbf, 0x0, 0x8,
    0xf2, 0x0, 0x6f, 0x4b, 0xf0, 0x0, 0x8f, 0x20,
    0x6, 0xf4, 0xbf, 0x0, 0x8, 0xf2, 0x0, 0x6f,
    0x4b, 0xf0, 0x0, 0x8f, 0x20, 0x6, 0xf4, 0xbf,
    0x0, 0x8, 0xf2, 0x0, 0x6f, 0x4b, 0xf6, 0x66,
    0xbf, 0x76, 0x6a, 0xf4, 0xbf, 0xff, 0xff, 0xff,
    0xff, 0xff, 0x40,

    /* U+0449 "щ" */
    0xaf, 0x0, 0x9, 0xf1, 0x0, 0x8f, 0x20, 0xaf,
    0x0, 0x9, 0xf1, 0x0, 0x8f, 0x20, 0xaf, 0x0,
    0x9, 0xf1, 0x0, 0x8f, 0x20, 0xaf, 0x0, 0x9,
    0xf1, 0x0, 0x8f, 0x20, 0xaf, 0x0, 0x9, 0xf1,
    0x0, 0x8f, 0x20, 0xaf, 0x0, 0x9, 0xf1, 0x0,
    0x8f, 0x20, 0xaf, 0x0, 0x9, 0xf1, 0x0, 0x8f,
    0x20, 0xaf, 0x66, 0x6c, 0xf7, 0x66, 0xbf, 0x83,
    0xaf, 0xff, 0xff, 0xff, 0xff, 0xff, 0xf7, 0x0,
    0x0, 0x0, 0x0, 0x0, 0x2, 0xf7, 0x0, 0x0,
    0x0, 0x0, 0x0, 0x2, 0xf7, 0x0, 0x0, 0x0,
    0x0, 0x0, 0x0, 0x42,

    /* U+044A "ъ" */
    0xcf, 0xff, 0x40, 0x0, 0x0, 0x56, 0xaf, 0x40,
    0x0, 0x0, 0x0, 0x6f, 0x51, 0x0, 0x0, 0x0,
    0x6f, 0xff, 0xfd, 0x50, 0x0, 0x6f, 0x74, 0x6d,
    0xf2, 0x0, 0x6f, 0x40, 0x5, 0xf6, 0x0, 0x6f,
    0x40, 0x5, 0xf6, 0x0, 0x6f, 0x86, 0x7e, 0xe1,
    0x0, 0x6f, 0xff, 0xeb, 0x30,

    /* U+044B "ы" */
    0xaf, 0x0, 0x0, 0x0, 0x7f, 0x4a, 0xf0, 0x0,
    0x0, 0x7, 0xf4, 0xaf, 0x21, 0x0, 0x0, 0x7f,
    0x4a, 0xff, 0xff, 0xb2, 0x7, 0xf4, 0xaf, 0x54,
    0x7f, 0xd0, 0x7f, 0x4a, 0xf0, 0x0, 0xaf, 0x17,
    0xf4, 0xaf, 0x0, 0xb, 0xf1, 0x7f, 0x4a, 0xf6,
    0x69, 0xfb, 0x7, 0xf4, 0xaf, 0xff, 0xe9, 0x10,
    0x7f, 0x40,

    /* U+044C "ь" */
    0xaf, 0x0, 0x0, 0x0, 0xaf, 0x0, 0x0, 0x0,
    0xaf, 0x21, 0x0, 0x0, 0xaf, 0xff, 0xfb, 0x20,
    0xaf, 0x54, 0x7f, 0xe0, 0xaf, 0x0, 0x9, 0xf2,
    0xaf, 0x0, 0xa, 0xf2, 0xaf, 0x66, 0x9f, 0xc0,
    0xaf, 0xff, 0xe9, 0x10,

    /* U+044D "э" */
    0x2b, 0xef, 0xd5, 0x0, 0xb, 0x77, 0xdf, 0x70,
    0x0, 0x0, 0xe, 0xf0, 0x0, 0x11, 0x19, 0xf3,
    0x6, 0xff, 0xff, 0xf4, 0x1, 0x44, 0x4a, 0xf3,
    0x0, 0x0, 0xd, 0xf0, 0x49, 0x77, 0xdf, 0x60,
    0x3c, 0xff, 0xc5, 0x0,

    /* U+044E "ю" */
    0xaf, 0x0, 0x7, 0xdf, 0xd5, 0x0, 0xaf, 0x0,
    0x8f, 0x85, 0xaf, 0x60, 0xaf, 0x1, 0xf9, 0x0,
    0xc, 0xe0, 0xaf, 0x26, 0xf5, 0x0, 0x8, 0xf2,
    0xaf, 0xff, 0xf4, 0x0, 0x7, 0xf4, 0xaf, 0x58,
    0xf5, 0x0, 0x8, 0xf3, 0xaf, 0x2, 0xfa, 0x0,
    0xd, 0xe0, 0xaf, 0x0, 0xaf, 0xa7, 0xcf, 0x70,
    0xaf, 0x0, 0x8, 0xdf, 0xd6, 0x0,

    /* U+044F "я" */
    0x1, 0xae, 0xff, 0xff, 0x10, 0xcf, 0x85, 0x5c,
    0xf1, 0xf, 0xc0, 0x0, 0xaf, 0x10, 0xdf, 0x41,
    0x1a, 0xf1, 0x3, 0xdf, 0xff, 0xff, 0x10, 0x6,
    0xf8, 0x4b, 0xf1, 0x1, 0xed, 0x0, 0xaf, 0x10,
    0xaf, 0x40, 0xa, 0xf1, 0x3f, 0xa0, 0x0, 0xaf,
    0x10,

    /* U+0450 "ѐ" */
    0x0, 0x48, 0x40, 0x0, 0x0, 0x0, 0xbe, 0x10,
    0x0, 0x0, 0x0, 0xbb, 0x0, 0x0, 0x0, 0x0,
    0x0, 0x0, 0x0, 0x5c, 0xfe, 0x80, 0x0, 0x5f,
    0xc6, 0x9f, 0x80, 0xe, 0xe0, 0x0, 0xbf, 0x2,
    0xfa, 0x11, 0x18, 0xf2, 0x3f, 0xff, 0xff, 0xff,
    0x42, 0xfa, 0x44, 0x44, 0x41, 0xe, 0xd0, 0x0,
    0x0, 0x0, 0x5f, 0xd8, 0x79, 0xb0, 0x0, 0x4c,
    0xff, 0xd7, 0x0,

    /* U+0451 "ё" */
    0x0, 0x8d, 0x7, 0xd0, 0x0, 0x6, 0xa0, 0x6b,
    0x0, 0x0, 0x0, 0x0, 0x0, 0x0, 0x5, 0xcf,
    0xe8, 0x0, 0x5, 0xfc, 0x69, 0xf8, 0x0, 0xee,
    0x0, 0xb, 0xf0, 0x2f, 0xa1, 0x11, 0x8f, 0x23,
    0xff, 0xff, 0xff, 0xf4, 0x2f, 0xa4, 0x44, 0x44,
    0x10, 0xed, 0x0, 0x0, 0x0, 0x5, 0xfd, 0x87,
    0x9b, 0x0, 0x4, 0xcf, 0xfd, 0x70,

    /* U+0452 "ђ" */
    0x4, 0x70, 0x0, 0x0, 0x0, 0xaf, 0x21, 0x0,
    0x0, 0xff, 0xff, 0xff, 0x0, 0x3, 0xbf, 0x44,
    0x30, 0x0, 0xa, 0xf4, 0xcf, 0xd7, 0x0, 0xaf,
    0xea, 0x7d, 0xf5, 0xa, 0xf8, 0x0, 0x1f, 0xa0,
    0xaf, 0x30, 0x0, 0xec, 0xa, 0xf1, 0x0, 0xe,
    0xc0, 0xaf, 0x10, 0x0, 0xec, 0xa, 0xf1, 0x0,
    0xe, 0xc0, 0xaf, 0x10, 0x0, 0xec, 0xa, 0xf1,
    0x0, 0xe, 0xc0, 0x0, 0x0, 0x0, 0xec, 0x0,
    0x0, 0x0, 0xf, 0xb0, 0x0, 0x3, 0x7b, 0xf7,
    0x0, 0x0, 0x5e, 0xe9, 0x0,

    /* U+0453 "ѓ" */
    0x0, 0x2, 0x85, 0x0, 0xd, 0xd1, 0x0, 0x8d,
    0x10, 0x0, 0x0, 0x0, 0xaf, 0xff, 0xfd, 0xaf,
    0x77, 0x76, 0xaf, 0x0, 0x0, 0xaf, 0x0, 0x0,
    0xaf, 0x0, 0x0, 0xaf, 0x0, 0x0, 0xaf, 0x0,
    0x0, 0xaf, 0x0, 0x0, 0xaf, 0x0, 0x0,

    /* U+0454 "є" */
    0x0, 0x4c, 0xfe, 0xc2, 0x5, 0xfe, 0x87, 0xb1,
    0xe, 0xe1, 0x0, 0x0, 0x2f, 0xa1, 0x11, 0x0,
    0x3f, 0xff, 0xff, 0x70, 0x3f, 0xa4, 0x44, 0x10,
    0xf, 0xd0, 0x0, 0x0, 0x7, 0xfd, 0x87, 0x92,
    0x0, 0x5c, 0xff, 0xc1,

    /* U+0455 "ѕ" */
    0x4, 0xcf, 0xec, 0x52, 0xfc, 0x67, 0xa6, 0x4f,
    0x60, 0x0, 0x1, 0xef, 0x82, 0x0, 0x1, 0x9f,
    0xfa, 0x10, 0x0, 0x18, 0xfb, 0x0, 0x0, 0xc,
    0xe5, 0xc7, 0x68, 0xfa, 0x2b, 0xef, 0xe9, 0x0,

    /* U+0456 "і" */
    0x8e, 0x9, 0xd0, 0x0, 0xa, 0xf0, 0xaf, 0xa,
    0xf0, 0xaf, 0xa, 0xf0, 0xaf, 0xa, 0xf0, 0xaf,
    0xa, 0xf0,

    /* U+0457 "ї" */
    0x6c, 0x5c, 0x6, 0xc6, 0xc0, 0x0, 0x0, 0x0,
    0xaf, 0x0, 0xa, 0xf0, 0x0, 0xaf, 0x0, 0xa,
    0xf0, 0x0, 0xaf, 0x0, 0xa, 0xf0, 0x0, 0xaf,
    0x0, 0xa, 0xf0, 0x0, 0xaf, 0x0,

    /* U+0458 "ј" */
    0x0, 0x9d, 0x0, 0x9, 0xd0, 0x0, 0x0, 0x0,
    0xb, 0xf0, 0x0, 0xbf, 0x0, 0xb, 0xf0, 0x0,
    0xbf, 0x0, 0xb, 0xf0, 0x0, 0xbf, 0x0, 0xb,
    0xf0, 0x0, 0xbf, 0x0, 0xb, 0xf0, 0x0, 0xbf,
    0x0, 0xb, 0xf0, 0x68, 0xfc, 0xc, 0xfc, 0x20,

    /* U+0459 "љ" */
    0x0, 0xdf, 0xff, 0xff, 0x10, 0x0, 0x0, 0x0,
    0xec, 0x66, 0xcf, 0x10, 0x0, 0x0, 0x0, 0xe9,
    0x0, 0x9f, 0x21, 0x0, 0x0, 0x0, 0xf8, 0x0,
    0x9f, 0xff, 0xfb, 0x20, 0x0, 0xf7, 0x0, 0x9f,
    0x54, 0x7f, 0xe0, 0x1, 0xf6, 0x0, 0x9f, 0x10,
    0x9, 0xf2, 0x4, 0xf4, 0x0, 0x9f, 0x10, 0xa,
    0xf1, 0x8d, 0xf1, 0x0, 0x9f, 0x88, 0xbf, 0xc0,
    0xee, 0x60, 0x0, 0x9f, 0xff, 0xe9, 0x10,

    /* U+045A "њ" */
    0xaf, 0x0, 0x2, 0xf9, 0x0, 0x0, 0xa, 0xf0,
    0x0, 0x2f, 0x90, 0x0, 0x0, 0xaf, 0x0, 0x2,
    0xf9, 0x0, 0x0, 0xa, 0xf2, 0x11, 0x3f, 0x91,
    0x10, 0x0, 0xaf, 0xff, 0xff, 0xff, 0xff, 0xf9,
    0xa, 0xf5, 0x44, 0x6f, 0xb4, 0x5a, 0xf7, 0xaf,
    0x0, 0x2, 0xf9, 0x0, 0x1f, 0xaa, 0xf0, 0x0,
    0x2f, 0xb6, 0x6c, 0xf6, 0xaf, 0x0, 0x2, 0xff,
    0xff, 0xd7, 0x0,

    /* U+045B "ћ" */
    0x4, 0x70, 0x0, 0x0, 0x0, 0xaf, 0x21, 0x10,
    0x0, 0xff, 0xff, 0xff, 0x30, 0x3, 0xbf, 0x44,
    0x40, 0x0, 0xa, 0xf3, 0xcf, 0xe8, 0x0, 0xaf,
    0xea, 0x7d, 0xf6, 0xa, 0xf8, 0x0, 0x1f, 0xb0,
    0xaf, 0x30, 0x0, 0xec, 0xa, 0xf1, 0x0, 0xd,
    0xd0, 0xaf, 0x10, 0x0, 0xdd, 0xa, 0xf1, 0x0,
    0xd, 0xd0, 0xaf, 0x10, 0x0, 0xdd, 0xa, 0xf1,
    0x0, 0xd, 0xd0,

    /* U+045C "ќ" */
    0x0, 0x0, 0x48, 0x30, 0x0, 0x1, 0xfb, 0x0,
    0x0, 0xb, 0xa0, 0x0, 0x0, 0x0, 0x0, 0x0,
    0xaf, 0x0, 0x8, 0xf3, 0xaf, 0x0, 0x2f, 0x90,
    0xaf, 0x0, 0xce, 0x0, 0xaf, 0x27, 0xf5, 0x0,
    0xaf, 0xff, 0xd0, 0x0, 0xaf, 0x59, 0xf6, 0x0,
    0xaf, 0x0, 0xdf, 0x10, 0xaf, 0x0, 0x3f, 0xb0,
    0xaf, 0x0, 0x7, 0xf7,

    /* U+045D "ѝ" */
    0x0, 0x77, 0x0, 0x0, 0x0, 0x5f, 0x70, 0x0,
    0x0, 0x5, 0xf2, 0x0, 0x0, 0x0, 0x0, 0x0,
    0xaf, 0x0, 0x7, 0xfd, 0xaf, 0x0, 0x1f, 0xfd,
    0xaf, 0x0, 0x9e, 0xdd, 0xaf, 0x2, 0xf7, 0xcd,
    0xaf, 0xa, 0xd0, 0xcd, 0xaf, 0x3f, 0x50, 0xdd,
    0xae, 0xcc, 0x0, 0xdd, 0xaf, 0xf3, 0x0, 0xdd,
    0xaf, 0xa0, 0x0, 0xdd,

    /* U+045E "ў" */
    0x2, 0xf6, 0xb, 0xd0, 0x0, 0x8, 0xff, 0xe4,
    0x0, 0x0, 0x0, 0x10, 0x0, 0xc, 0xf0, 0x0,
    0x8, 0xf4, 0x6f, 0x50, 0x0, 0xde, 0x1, 0xfb,
    0x0, 0x3f, 0x80, 0xa, 0xf1, 0x8, 0xf2, 0x0,
    0x4f, 0x60, 0xdc, 0x0, 0x0, 0xeb, 0x3f, 0x70,
    0x0, 0x8, 0xf8, 0xf1, 0x0, 0x0, 0x2f, 0xfb,
    0x0, 0x0, 0x0, 0xbf, 0x50, 0x0, 0x0, 0xb,
    0xf0, 0x0, 0x0, 0x2, 0xf9, 0x0, 0x0, 0x69,
    0xee, 0x10, 0x0, 0xa, 0xfc, 0x30, 0x0, 0x0,

    /* U+045F "џ" */
    0xaf, 0x0, 0x2, 0xf9, 0xaf, 0x0, 0x2, 0xf9,
    0xaf, 0x0, 0x2, 0xf9, 0xaf, 0x0, 0x2, 0xf9,
    0xaf, 0x0, 0x2, 0xf9, 0xaf, 0x0, 0x2, 0xf9,
    0xaf, 0x0, 0x2, 0xf9, 0xaf, 0x66, 0x67, 0xf9,
    0xaf, 0xff, 0xff, 0xf9, 0x0, 0xd, 0xc0, 0x0,
    0x0, 0xd, 0xc0, 0x0, 0x0, 0x6, 0x60, 0x0,

    /* U+0460 "Ѡ" */
    0x9f, 0x30, 0x0, 0xaf, 0x20, 0x0, 0x5f, 0x77,
    0xf4, 0x0, 0x8, 0xf4, 0x0, 0x6, 0xf6, 0x6f,
    0x60, 0x0, 0x7f, 0x60, 0x0, 0x7f, 0x53, 0xf9,
    0x0, 0x5, 0xf8, 0x0, 0x8, 0xf3, 0xf, 0xc0,
    0x0, 0xaf, 0xc0, 0x0, 0xbf, 0x0, 0xcf, 0x0,
    0xf, 0xff, 0x0, 0xd, 0xd0, 0x8, 0xf4, 0x5,
    0xfb, 0xf4, 0x1, 0xfa, 0x0, 0x3f, 0x90, 0xae,
    0x2f, 0x90, 0x5f, 0x50, 0x0, 0xde, 0xf, 0x90,
    0xce, 0xa, 0xf0, 0x0, 0x6, 0xf9, 0xf3, 0x6,
    0xf7, 0xfa, 0x0, 0x0, 0xe, 0xfe, 0x0, 0xe,
    0xff, 0x20, 0x0, 0x0, 0x7f, 0x90, 0x0, 0x6f,
    0xa0, 0x0,

    /* U+0461 "ѡ" */
    0xaf, 0x0, 0x8, 0xf3, 0x0, 0x2f, 0x99, 0xf2,
    0x0, 0x6f, 0x40, 0x3, 0xf7, 0x6f, 0x40, 0x4,
    0xf7, 0x0, 0x5f, 0x53, 0xf8, 0x0, 0x3f, 0xa0,
    0x9, 0xf1, 0xd, 0xc0, 0xa, 0xfe, 0x0, 0xdd,
    0x0, 0x8f, 0x12, 0xfb, 0xf3, 0x2f, 0x70, 0x2,
    0xf7, 0x9d, 0x1f, 0x89, 0xf1, 0x0, 0xb, 0xef,
    0x50, 0x9e, 0xf8, 0x0, 0x0, 0x2f, 0xd0, 0x1,
    0xfe, 0x10, 0x0,

    /* U+0462 "Ѣ" */
    0x0, 0x9f, 0x20, 0x0, 0x0, 0x11, 0x9f, 0x31,
    0x10, 0x0, 0xef, 0xff, 0xff, 0xf4, 0x0, 0x44,
    0xbf, 0x64, 0x41, 0x0, 0x0, 0x9f, 0x20, 0x0,
    0x0, 0x0, 0x9f, 0xff, 0xeb, 0x40, 0x0, 0x9f,
    0x98, 0xae, 0xf6, 0x0, 0x9f, 0x20, 0x1, 0xfd,
    0x0, 0x9f, 0x20, 0x0, 0xdf, 0x0, 0x9f, 0x20,
    0x1, 0xfd, 0x0, 0x9f, 0x87, 0x9e, 0xf6, 0x0,
    0x9f, 0xff, 0xfc, 0x50,

    /* U+0463 "ѣ" */
    0x0, 0x85, 0x0, 0x0, 0x0, 0x0, 0xfb, 0x0,
    0x0, 0x0, 0xef, 0xff, 0xff, 0x70, 0x0, 0x45,
    0xfc, 0x55, 0x20, 0x0, 0x0, 0xfb, 0x0, 0x0,
    0x0, 0x0, 0xfb, 0x11, 0x0, 0x0, 0x0, 0xff,
    0xff, 0xfe, 0x70, 0x0, 0xfc, 0x44, 0x5b, 0xf4,
    0x0, 0xfb, 0x0, 0x4, 0xf7, 0x0, 0xfc, 0x55,
    0x6c, 0xf3, 0x0, 0xff, 0xff, 0xfc, 0x50,

    /* U+0464 "Ѥ" */
    0x7f, 0x40, 0x0, 0x6, 0xce, 0xfd, 0xa2, 0x7f,
    0x40, 0x0, 0xbf, 0xb7, 0x69, 0xe0, 0x7f, 0x40,
    0x8, 0xf7, 0x0, 0x0, 0x0, 0x7f, 0x40, 0xf,
    0xd0, 0x0, 0x0, 0x0, 0x7f, 0x40, 0x4f, 0x80,
    0x0, 0x0, 0x0, 0x7f, 0xff, 0xff, 0xff, 0xff,
    0xfa, 0x0, 0x7f, 0xa8, 0xbf, 0xb8, 0x88, 0x85,
    0x0, 0x7f, 0x40, 0x4f, 0x80, 0x0, 0x0, 0x0,
    0x7f, 0x40, 0x1f, 0xd0, 0x0, 0x0, 0x0, 0x7f,
    0x40, 0xa, 0xf8, 0x0, 0x0, 0x0, 0x7f, 0x40,
    0x1, 0xdf, 0xd9, 0x8a, 0xd0, 0x7f, 0x40, 0x0,
    0x18, 0xdf, 0xfe, 0x90,

    /* U+0465 "ѥ" */
    0xbf, 0x0, 0x2, 0xae, 0xfd, 0x5b, 0xf0, 0x2,
    0xfd, 0x65, 0x83, 0xbf, 0x0, 0x9f, 0x20, 0x0,
    0xb, 0xf1, 0x1d, 0xe1, 0x11, 0x10, 0xbf, 0xff,
    0xff, 0xff, 0xfa, 0xb, 0xf4, 0x4e, 0xe4, 0x44,
    0x30, 0xbf, 0x0, 0xbf, 0x20, 0x0, 0xb, 0xf0,
    0x3, 0xfe, 0x87, 0x96, 0xbf, 0x0, 0x3, 0xbf,
    0xfd, 0x40,

    /* U+0466 "Ѧ" */
    0x0, 0x0, 0x8f, 0xb0, 0x0, 0x0, 0x0, 0x0,
    0xee, 0xf1, 0x0, 0x0, 0x0, 0x5, 0xf4, 0xf7,
    0x0, 0x0, 0x0, 0xb, 0xd0, 0xbd, 0x0, 0x0,
    0x0, 0x1f, 0x82, 0x6f, 0x30, 0x0, 0x0, 0x7f,
    0xff, 0xff, 0xa0, 0x0, 0x0, 0xdc, 0x7f, 0x8a,
    0xf0, 0x0, 0x4, 0xf5, 0x3f, 0x53, 0xf6, 0x0,
    0xa, 0xf0, 0x3f, 0x50, 0xdc, 0x0, 0x1f, 0xa0,
    0x3f, 0x50, 0x7f, 0x20, 0x6f, 0x40, 0x3f, 0x50,
    0x2f, 0x90, 0xce, 0x0, 0x3f, 0x50, 0xc, 0xe0,

    /* U+0467 "ѧ" */
    0x0, 0x8, 0xfe, 0x0, 0x0, 0x0, 0xe, 0xbf,
    0x50, 0x0, 0x0, 0x5f, 0x3c, 0xc0, 0x0, 0x0,
    0xbd, 0x16, 0xf2, 0x0, 0x2, 0xff, 0xff, 0xf9,
    0x0, 0x8, 0xf4, 0xf9, 0xbf, 0x0, 0xe, 0xb0,
    0xf7, 0x4f, 0x60, 0x5f, 0x50, 0xf7, 0xd, 0xc0,
    0xce, 0x0, 0xf7, 0x7, 0xf3,

    /* U+0468 "Ѩ" */
    0x7f, 0x40, 0x0, 0x7, 0xfc, 0x0, 0x0, 0x7,
    0xf4, 0x0, 0x0, 0xde, 0xf2, 0x0, 0x0, 0x7f,
    0x40, 0x0, 0x4f, 0x6f, 0x80, 0x0, 0x7, 0xf4,
    0x0, 0xa, 0xf0, 0xae, 0x0, 0x0, 0x7f, 0x40,
    0x0, 0xf9, 0x5, 0xf5, 0x0, 0x7, 0xff, 0xff,
    0xff, 0xff, 0xff, 0xb0, 0x0, 0x7f, 0xa8, 0x8f,
    0xe9, 0xfb, 0xcf, 0x10, 0x7, 0xf4, 0x3, 0xf8,
    0x2f, 0x63, 0xf7, 0x0, 0x7f, 0x40, 0x9f, 0x22,
    0xf6, 0xd, 0xd0, 0x7, 0xf4, 0xe, 0xc0, 0x2f,
    0x60, 0x7f, 0x40, 0x7f, 0x45, 0xf6, 0x2, 0xf6,
    0x2, 0xfa, 0x7, 0xf4, 0xbf, 0x10, 0x2f, 0x60,
    0xc, 0xf0,

    /* U+0469 "ѩ" */
    0xae, 0x0, 0x0, 0xef, 0x80, 0x0, 0xae, 0x0,
    0x4, 0xfb, 0xe0, 0x0, 0xae, 0x0, 0xa, 0xd3,
    0xf5, 0x0, 0xae, 0x11, 0x2f, 0x81, 0xdc, 0x0,
    0xaf, 0xff, 0xff, 0xff, 0xff, 0x20, 0xae, 0x44,
    0xfc, 0x9f, 0x5f, 0x90, 0xae, 0x5, 0xf5, 0x7f,
    0x1b, 0xe0, 0xae, 0xc, 0xe0, 0x7f, 0x14, 0xf6,
    0xae, 0x2f, 0x80, 0x7f, 0x10, 0xec,

    /* U+046A "Ѫ" */
    0xb, 0xff, 0xff, 0xff, 0xff, 0xc0, 0x6, 0xfc,
    0x88, 0x88, 0xcf, 0x60, 0x0, 0x9f, 0x30, 0x3,
    0xf9, 0x0, 0x0, 0xc, 0xd1, 0x1d, 0xc0, 0x0,
    0x0, 0x1, 0xeb, 0xbe, 0x10, 0x0, 0x0, 0x2b,
    0xff, 0xff, 0xb2, 0x0, 0x0, 0xef, 0x8e, 0xe8,
    0xfe, 0x0, 0x6, 0xf6, 0xd, 0xd0, 0x5f, 0x60,
    0xc, 0xf0, 0xd, 0xd0, 0xf, 0xc0, 0x1f, 0xb0,
    0xd, 0xd0, 0xa, 0xf1, 0x5f, 0x70, 0xd, 0xd0,
    0x6, 0xf5, 0xaf, 0x20, 0xd, 0xd0, 0x1, 0xfa,

    /* U+046B "ѫ" */
    0xf, 0xff, 0xff, 0xff, 0xf1, 0x0, 0x6f, 0x95,
    0x57, 0xf8, 0x0, 0x0, 0x9f, 0x21, 0xdb, 0x0,
    0x0, 0x0, 0xcd, 0xce, 0x10, 0x0, 0x1, 0xdf,
    0xff, 0xfe, 0x20, 0x0, 0x9f, 0x3b, 0xd2, 0xeb,
    0x0, 0xf, 0x90, 0xbd, 0x7, 0xf2, 0x5, 0xf3,
    0xb, 0xd0, 0x1f, 0x70, 0xbd, 0x0, 0xbd, 0x0,
    0xbd, 0x0,

    /* U+046C "Ѭ" */
    0x7f, 0x40, 0x8f, 0xff, 0xff, 0xff, 0xff, 0x0,
    0x7f, 0x40, 0x3f, 0xe8, 0x88, 0x8b, 0xfa, 0x0,
    0x7f, 0x40, 0x6, 0xf5, 0x0, 0xd, 0xd0, 0x0,
    0x7f, 0x40, 0x0, 0xaf, 0x20, 0xae, 0x20, 0x0,
    0x7f, 0x40, 0x0, 0xd, 0xd7, 0xf4, 0x0, 0x0,
    0x7f, 0xff, 0xff, 0xff, 0xff, 0xfb, 0x30, 0x0,
    0x7f, 0xa8, 0x8e, 0xfa, 0xdf, 0x9e, 0xf2, 0x0,
    0x7f, 0x40, 0x2f, 0x90, 0xaf, 0x12, 0xfa, 0x0,
    0x7f, 0x40, 0x8f, 0x30, 0xaf, 0x10, 0xbf, 0x0,
    0x7f, 0x40, 0xde, 0x0, 0xaf, 0x10, 0x7f, 0x40,
    0x7f, 0x41, 0xfa, 0x0, 0xaf, 0x10, 0x2f, 0x90,
    0x7f, 0x46, 0xf5, 0x0, 0xaf, 0x10, 0xd, 0xd0,

    /* U+046D "ѭ" */
    0xae, 0x5, 0xff, 0xff, 0xff, 0xfb, 0xa, 0xe0,
    0xd, 0xf5, 0x55, 0xbf, 0x30, 0xae, 0x0, 0x2f,
    0x90, 0x4f, 0x60, 0xa, 0xe1, 0x11, 0x6f, 0x7e,
    0xa0, 0x0, 0xaf, 0xff, 0xff, 0xff, 0xfe, 0x60,
    0xa, 0xe4, 0x4f, 0xd6, 0xf9, 0xaf, 0x30, 0xae,
    0x5, 0xf4, 0x1f, 0x70, 0xea, 0xa, 0xe0, 0xbd,
    0x1, 0xf7, 0x8, 0xf1, 0xae, 0x1f, 0x70, 0x1f,
    0x70, 0x2f, 0x60,

    /* U+046E "Ѯ" */
    0x2, 0xe6, 0x4, 0xcb, 0x0, 0x4, 0xf9, 0xf7,
    0x10, 0x2, 0x8e, 0xfe, 0x81, 0x2, 0xfe, 0xa8,
    0xaf, 0xe1, 0x3, 0x0, 0x0, 0x6f, 0x60, 0x0,
    0x0, 0x5, 0xf6, 0x0, 0x22, 0x37, 0xfc, 0x0,
    0xf, 0xff, 0xf8, 0x0, 0x0, 0x55, 0x6a, 0xfc,
    0x10, 0x0, 0x0, 0x4, 0xf9, 0x0, 0x0, 0x0,
    0xf, 0xb0, 0x0, 0x0, 0x4, 0xf9, 0x0, 0x46,
    0x79, 0xff, 0x21, 0xdf, 0xff, 0xea, 0x20, 0x7f,
    0x70, 0x0, 0x0, 0x7, 0xf7, 0x22, 0x21, 0x0,
    0x1d, 0xff, 0xff, 0xff, 0x0, 0x3, 0x45, 0x55,
    0x70,

    /* U+046F "ѯ" */
    0xa, 0xb0, 0x1b, 0xe1, 0x1, 0xdb, 0xcb, 0x20,
    0x19, 0xef, 0xfb, 0x20, 0x1e, 0xa8, 0x9e, 0xe0,
    0x0, 0x0, 0x7, 0xf2, 0x0, 0x1, 0x3c, 0xd0,
    0x0, 0xcf, 0xfe, 0x20, 0x0, 0x34, 0x5c, 0xe2,
    0x0, 0x0, 0x4, 0xf6, 0x0, 0x45, 0x7d, 0xf3,
    0x3f, 0xff, 0xeb, 0x40, 0xbd, 0x20, 0x0, 0x0,
    0xbd, 0x21, 0x11, 0x0, 0x4f, 0xff, 0xff, 0xf0,
    0x1, 0x44, 0x44, 0x60,

    /* U+0470 "Ѱ" */
    0x9f, 0x20, 0x1f, 0x80, 0xb, 0xf9, 0xf2, 0x1,
    0xf8, 0x0, 0xbf, 0x9f, 0x20, 0x1f, 0x80, 0xb,
    0xf9, 0xf2, 0x1, 0xf8, 0x0, 0xbf, 0x8f, 0x20,
    0x1f, 0x80, 0xc, 0xf7, 0xf3, 0x1, 0xf8, 0x0,
    0xdd, 0x3f, 0x80, 0x1f, 0x80, 0x2f, 0xa0, 0xcf,
    0x74, 0xf9, 0x4d, 0xf2, 0x1, 0xbf, 0xff, 0xff,
    0xe4, 0x0, 0x0, 0x25, 0xfa, 0x30, 0x0, 0x0,
    0x0, 0x1f, 0x80, 0x0, 0x0, 0x0, 0x1, 0xf8,
    0x0, 0x0,

    /* U+0471 "ѱ" */
    0x0, 0x0, 0x57, 0x0, 0x0, 0x0, 0x0, 0xa,
    0xf0, 0x0, 0x0, 0x0, 0x0, 0xaf, 0x0, 0x0,
    0x0, 0x0, 0xa, 0xf0, 0x0, 0x0, 0xce, 0x0,
    0xaf, 0x0, 0xdd, 0xc, 0xe0, 0xa, 0xf0, 0xa,
    0xf0, 0xce, 0x0, 0xaf, 0x0, 0x7f, 0x3c, 0xe0,
    0xa, 0xf0, 0x6, 0xf3, 0xce, 0x0, 0xaf, 0x0,
    0x6f, 0x4b, 0xf0, 0xa, 0xf0, 0x8, 0xf2, 0x8f,
    0x40, 0xaf, 0x1, 0xee, 0x1, 0xff, 0x9d, 0xf8,
    0xef, 0x50, 0x2, 0xbe, 0xff, 0xfc, 0x40, 0x0,
    0x0, 0xa, 0xf0, 0x0, 0x0, 0x0, 0x0, 0xaf,
    0x0, 0x0, 0x0, 0x0, 0xa, 0xf0, 0x0, 0x0,
    0x0, 0x0, 0xaf, 0x0, 0x0, 0x0,

    /* U+0472 "Ѳ" */
    0x0, 0x4, 0xbe, 0xfd, 0x81, 0x0, 0x0, 0x8f,
    0xe9, 0x8b, 0xfe, 0x20, 0x4, 0xfb, 0x0, 0x0,
    0x3f, 0xc0, 0xa, 0xf1, 0x0, 0x0, 0x9, 0xf3,
    0xe, 0xd2, 0x22, 0x22, 0x26, 0xf7, 0xf, 0xff,
    0xff, 0xff, 0xff, 0xf8, 0xf, 0xd5, 0x55, 0x55,
    0x57, 0xf8, 0xe, 0xf0, 0x0, 0x0, 0x6, 0xf7,
    0xa, 0xf3, 0x0, 0x0, 0xb, 0xf3, 0x4, 0xfc,
    0x0, 0x0, 0x4f, 0xc0, 0x0, 0x8f, 0xe9, 0x8a,
    0xfe, 0x20, 0x0, 0x5, 0xbe, 0xfd, 0x81, 0x0,

    /* U+0473 "ѳ" */
    0x0, 0x4c, 0xfe, 0xa2, 0x0, 0x5f, 0xd8, 0x8f,
    0xe1, 0xd, 0xf1, 0x0, 0x4f, 0x81, 0xfb, 0x11,
    0x11, 0xfd, 0x2f, 0xff, 0xff, 0xff, 0xe1, 0xfc,
    0x44, 0x44, 0xfd, 0xc, 0xe0, 0x0, 0x3f, 0x90,
    0x4f, 0xd7, 0x8e, 0xe1, 0x0, 0x4c, 0xff, 0xa2,
    0x0,

    /* U+0474 "Ѵ" */
    0xde, 0x0, 0x0, 0x0, 0x9f, 0xc7, 0xf4, 0x0,
    0x0, 0x5f, 0xa5, 0x2f, 0x90, 0x0, 0xb, 0xe0,
    0x0, 0xde, 0x0, 0x1, 0xf9, 0x0, 0x7, 0xf4,
    0x0, 0x6f, 0x40, 0x0, 0x2f, 0x90, 0xb, 0xf0,
    0x0, 0x0, 0xce, 0x0, 0xfa, 0x0, 0x0, 0x7,
    0xf3, 0x4f, 0x60, 0x0, 0x0, 0x2f, 0x89, 0xf1,
    0x0, 0x0, 0x0, 0xcc, 0xdc, 0x0, 0x0, 0x0,
    0x7, 0xff, 0x70, 0x0, 0x0, 0x0, 0x2f, 0xf2,
    0x0, 0x0,

    /* U+0475 "ѵ" */
    0xde, 0x0, 0x0, 0x4e, 0xd7, 0xf4, 0x0, 0xd,
    0xd6, 0x1f, 0x90, 0x3, 0xf6, 0x0, 0xbe, 0x0,
    0x8f, 0x10, 0x6, 0xf4, 0xd, 0xb0, 0x0, 0xf,
    0x92, 0xf6, 0x0, 0x0, 0xae, 0x7f, 0x10, 0x0,
    0x4, 0xfd, 0xc0, 0x0, 0x0, 0xe, 0xf6, 0x0,
    0x0,

    /* U+0476 "Ѷ" */
    0x5, 0xa2, 0x69, 0x10, 0x0, 0x0, 0x1e, 0xa2,
    0xe8, 0x0, 0x0, 0x0, 0x2e, 0x33, 0xe2, 0x0,
    0x0, 0x0, 0x0, 0x0, 0x0, 0x0, 0xde, 0x0,
    0x0, 0x0, 0x9f, 0xc7, 0xf4, 0x0, 0x0, 0x5f,
    0xa5, 0x2f, 0x90, 0x0, 0xb, 0xe0, 0x0, 0xde,
    0x0, 0x1, 0xf9, 0x0, 0x7, 0xf4, 0x0, 0x6f,
    0x40, 0x0, 0x2f, 0x90, 0xb, 0xf0, 0x0, 0x0,
    0xce, 0x0, 0xfa, 0x0, 0x0, 0x7, 0xf3, 0x4f,
    0x60, 0x0, 0x0, 0x2f, 0x89, 0xf1, 0x0, 0x0,
    0x0, 0xcc, 0xdc, 0x0, 0x0, 0x0, 0x7, 0xff,
    0x70, 0x0, 0x0, 0x0, 0x2f, 0xf2, 0x0, 0x0,

    /* U+0477 "ѷ" */
    0x3a, 0x44, 0xa3, 0x0, 0x0, 0xbd, 0xc, 0xc0,
    0x0, 0x0, 0xc7, 0x1d, 0x50, 0x0, 0x0, 0x0,
    0x0, 0x0, 0xde, 0x0, 0x0, 0x4e, 0xd7, 0xf4,
    0x0, 0xd, 0xd6, 0x1f, 0x90, 0x3, 0xf6, 0x0,
    0xbe, 0x0, 0x8f, 0x10, 0x6, 0xf4, 0xd, 0xb0,
    0x0, 0xf, 0x92, 0xf6, 0x0, 0x0, 0xae, 0x7f,
    0x10, 0x0, 0x4, 0xfd, 0xc0, 0x0, 0x0, 0xe,
    0xf6, 0x0, 0x0,

    /* U+0478 "Ѹ" */
    0x0, 0x6, 0xcf, 0xec, 0x40, 0x0, 0x0, 0x0,
    0x0, 0x0, 0x0, 0xaf, 0xd9, 0x9e, 0xf6, 0x0,
    0x0, 0x0, 0x0, 0x0, 0x5, 0xfa, 0x0, 0x0,
    0xdf, 0x20, 0x0, 0x0, 0x0, 0x0, 0xb, 0xf2,
    0x0, 0x0, 0x6f, 0x74, 0xf8, 0x0, 0x1, 0xfc,
    0xe, 0xe0, 0x0, 0x0, 0x1f, 0xb0, 0xee, 0x0,
    0x6, 0xf6, 0xf, 0xc0, 0x0, 0x0, 0xf, 0xc0,
    0x8f, 0x30, 0xb, 0xf1, 0xf, 0xc0, 0x0, 0x0,
    0xf, 0xc0, 0x1f, 0x90, 0x1f, 0xa0, 0xe, 0xe0,
    0x0, 0x0, 0x1f, 0xb0, 0xb, 0xf0, 0x6f, 0x50,
    0xb, 0xf2, 0x0, 0x0, 0x6f, 0x70, 0x5, 0xf5,
    0xbe, 0x0, 0x5, 0xfa, 0x0, 0x0, 0xdf, 0x20,
    0x0, 0xea, 0xf9, 0x0, 0x0, 0xaf, 0xd8, 0x9e,
    0xf6, 0x0, 0x0, 0x8f, 0xf3, 0x0, 0x0, 0x6,
    0xdf, 0xeb, 0x40, 0x0, 0x0, 0x2f, 0xd0, 0x0,
    0x0, 0x0, 0x0, 0x0, 0x0, 0x0, 0x0, 0x3f,
    0x80, 0x0, 0x0, 0x0, 0x0, 0x0, 0x0, 0x0,
    0x0, 0xaf, 0x20, 0x0, 0x0, 0x0, 0x0, 0x0,
    0x0, 0x1, 0x6a, 0xf9, 0x0, 0x0, 0x0, 0x0,
    0x0, 0x0, 0x0, 0x2, 0xfe, 0x90, 0x0, 0x0,

    /* U+0479 "ѹ" */
    0x0, 0x4c, 0xfe, 0xa2, 0x5, 0xf7, 0x0, 0x1,
    0xfb, 0x4, 0xfd, 0x78, 0xfe, 0x10, 0xed, 0x0,
    0x6, 0xf5, 0xd, 0xf1, 0x0, 0x4f, 0x90, 0x8f,
    0x20, 0xc, 0xf0, 0x1f, 0xb0, 0x0, 0xe, 0xd0,
    0x2f, 0x80, 0x1f, 0xa0, 0x2f, 0x90, 0x0, 0xd,
    0xe0, 0xc, 0xe0, 0x6f, 0x40, 0xf, 0xb0, 0x0,
    0xe, 0xd0, 0x6, 0xf3, 0xce, 0x0, 0xc, 0xf1,
    0x0, 0x4f, 0x90, 0x0, 0xf9, 0xf8, 0x0, 0x4,
    0xfd, 0x78, 0xfe, 0x20, 0x0, 0x9f, 0xf2, 0x0,
    0x0, 0x3c, 0xff, 0xb2, 0x0, 0x0, 0x3f, 0xd0,
    0x0, 0x0, 0x0, 0x0, 0x0, 0x0, 0x0, 0x4f,
    0x70, 0x0, 0x0, 0x0, 0x0, 0x0, 0x0, 0x0,
    0xbf, 0x10, 0x0, 0x0, 0x0, 0x0, 0x0, 0x1,
    0x6a, 0xf8, 0x0, 0x0, 0x0, 0x0, 0x0, 0x0,
    0x3, 0xfe, 0x80, 0x0, 0x0,

    /* U+047A "Ѻ" */
    0x0, 0x0, 0x5, 0xe8, 0x0, 0x0, 0x0, 0x0,
    0x6d, 0xff, 0xfe, 0x70, 0x0, 0x0, 0x9f, 0xea,
    0xfb, 0xcf, 0xa0, 0x0, 0x4f, 0xc0, 0x1, 0x0,
    0xaf, 0x60, 0xb, 0xf3, 0x0, 0x0, 0x1, 0xfd,
    0x0, 0xee, 0x0, 0x0, 0x0, 0xc, 0xf1, 0xf,
    0xd0, 0x0, 0x0, 0x0, 0xaf, 0x30, 0xfd, 0x0,
    0x0, 0x0, 0xa, 0xf3, 0xe, 0xe0, 0x0, 0x0,
    0x0, 0xcf, 0x10, 0xaf, 0x30, 0x0, 0x0, 0x1f,
    0xd0, 0x3, 0xfc, 0x0, 0x10, 0xb, 0xf6, 0x0,
    0x8, 0xfe, 0xbf, 0xcd, 0xfa, 0x0, 0x0, 0x5,
    0xcf, 0xff, 0xd7, 0x0, 0x0, 0x0, 0x0, 0x5e,
    0x70, 0x0, 0x0,

    /* U+047B "ѻ" */
    0x0, 0x0, 0x6c, 0x20, 0x0, 0x0, 0x4c, 0xff,
    0xfa, 0x10, 0x4, 0xfc, 0x9e, 0x8f, 0xd0, 0xc,
    0xf1, 0x0, 0x6, 0xf6, 0xf, 0xb0, 0x0, 0x0,
    0xfb, 0x1f, 0x90, 0x0, 0x0, 0xfc, 0xf, 0xa0,
    0x0, 0x0, 0xfb, 0xc, 0xe0, 0x0, 0x5, 0xf7,
    0x4, 0xfb, 0x8d, 0x7e, 0xe0, 0x0, 0x4d, 0xff,
    0xfb, 0x20, 0x0, 0x0, 0x7e, 0x30, 0x0,

    /* U+047C "Ѽ" */
    0x0, 0x0, 0x0, 0x0, 0x0, 0x0, 0x0, 0x0,
    0x0, 0x0, 0x1, 0xdf, 0xc6, 0x10, 0x0, 0x0,
    0x0, 0x0, 0x7, 0xd4, 0x8e, 0xf6, 0x0, 0x0,
    0x0, 0x0, 0x1, 0x19, 0xe1, 0x11, 0x0, 0x0,
    0x0, 0x0, 0x0, 0x2, 0xf1, 0x0, 0x0, 0x0,
    0x0, 0x0, 0x0, 0x7, 0x20, 0x0, 0x0, 0x0,
    0x0, 0x9, 0xee, 0xb2, 0x5, 0xcf, 0xd6, 0x0,
    0x0, 0xcf, 0xa8, 0xd2, 0x7, 0xb8, 0xcf, 0x70,
    0x6, 0xf7, 0x0, 0x0, 0x0, 0x0, 0xc, 0xf1,
    0xb, 0xf1, 0x0, 0x0, 0x0, 0x0, 0x5, 0xf7,
    0xf, 0xd0, 0x0, 0x0, 0x0, 0x0, 0x1, 0xfa,
    0xf, 0xb0, 0x0, 0x0, 0x0, 0x0, 0x0, 0xfb,
    0xf, 0xc0, 0x0, 0x5, 0xa2, 0x0, 0x0, 0xfb,
    0xe, 0xe0, 0x0, 0x8, 0xf3, 0x0, 0x2, 0xf9,
    0xa, 0xf3, 0x0, 0x8, 0xf3, 0x0, 0x7, 0xf6,
    0x4, 0xfb, 0x0, 0x9, 0xf3, 0x0, 0x1e, 0xf1,
    0x0, 0xaf, 0xd9, 0xbf, 0xfe, 0x9a, 0xef, 0x60,
    0x0, 0x7, 0xdf, 0xd8, 0x2a, 0xef, 0xc5, 0x0,

    /* U+047D "ѽ" */
    0x0, 0x0, 0x0, 0x0, 0x0, 0x0, 0x0, 0x0,
    0x0, 0x2d, 0xfb, 0x50, 0x0, 0x0, 0x0, 0x0,
    0x9c, 0x48, 0xef, 0x40, 0x0, 0x0, 0x0, 0x11,
    0xbd, 0x1, 0x0, 0x0, 0x0, 0x0, 0x0, 0x4f,
    0x0, 0x0, 0x0, 0x0, 0x0, 0x0, 0xb6, 0x0,
    0x0, 0x0, 0x0, 0x0, 0x0, 0x10, 0x0, 0x0,
    0x0, 0x0, 0x6d, 0xfc, 0x20, 0x6e, 0xfb, 0x20,
    0x5, 0xfc, 0x7a, 0x0, 0x49, 0x8f, 0xe1, 0xd,
    0xf0, 0x0, 0x0, 0x0, 0x6, 0xf7, 0xf, 0xb0,
    0x0, 0x0, 0x0, 0x1, 0xfa, 0x1f, 0xa0, 0x0,
    0x5a, 0x10, 0x0, 0xfb, 0xf, 0xc0, 0x0, 0x8f,
    0x20, 0x1, 0xfa, 0xd, 0xf1, 0x0, 0x9f, 0x30,
    0x7, 0xf7, 0x5, 0xfe, 0x89, 0xfe, 0xe8, 0x9f,
    0xe0, 0x0, 0x6d, 0xfe, 0x61, 0xaf, 0xfb, 0x20,

    /* U+047E "Ѿ" */
    0x0, 0x0, 0xaf, 0xff, 0xff, 0xa0, 0x0, 0x0,
    0x0, 0x3, 0x40, 0x80, 0x53, 0x0, 0x0, 0x0,
    0x0, 0x0, 0x0, 0x0, 0x0, 0x0, 0x9, 0xf3,
    0x0, 0xa, 0xf2, 0x0, 0x5, 0xf7, 0x7f, 0x40,
    0x0, 0x8f, 0x40, 0x0, 0x6f, 0x66, 0xf6, 0x0,
    0x7, 0xf6, 0x0, 0x7, 0xf5, 0x3f, 0x90, 0x0,
    0x5f, 0x80, 0x0, 0x8f, 0x30, 0xfc, 0x0, 0xa,
    0xfc, 0x0, 0xb, 0xf0, 0xc, 0xf0, 0x0, 0xff,
    0xf0, 0x0, 0xdd, 0x0, 0x8f, 0x40, 0x5f, 0xbf,
    0x40, 0x1f, 0xa0, 0x3, 0xf9, 0xa, 0xe2, 0xf9,
    0x5, 0xf5, 0x0, 0xd, 0xe0, 0xf9, 0xc, 0xe0,
    0xaf, 0x0, 0x0, 0x6f, 0x9f, 0x30, 0x6f, 0x7f,
    0xa0, 0x0, 0x0, 0xef, 0xe0, 0x0, 0xef, 0xf2,
    0x0, 0x0, 0x7, 0xf9, 0x0, 0x6, 0xfa, 0x0,
    0x0,

    /* U+047F "ѿ" */
    0x0, 0xc, 0xff, 0xff, 0xf8, 0x0, 0x0, 0x0,
    0x43, 0x7, 0x6, 0x10, 0x0, 0x0, 0x0, 0x0,
    0x0, 0x0, 0x0, 0xa, 0xf0, 0x0, 0x8f, 0x30,
    0x2, 0xf9, 0x9f, 0x20, 0x6, 0xf4, 0x0, 0x3f,
    0x76, 0xf4, 0x0, 0x4f, 0x70, 0x5, 0xf5, 0x3f,
    0x80, 0x3, 0xfa, 0x0, 0x9f, 0x10, 0xdc, 0x0,
    0xaf, 0xe0, 0xd, 0xd0, 0x8, 0xf1, 0x2f, 0xbf,
    0x32, 0xf7, 0x0, 0x2f, 0x79, 0xd1, 0xf8, 0x9f,
    0x10, 0x0, 0xbe, 0xf5, 0x9, 0xef, 0x80, 0x0,
    0x2, 0xfd, 0x0, 0x1f, 0xe1, 0x0,

    /* U+0480 "Ҁ" */
    0x0, 0x2, 0x9d, 0xfe, 0xb6, 0x0, 0x5f, 0xfb,
    0x9a, 0xe9, 0x2, 0xfe, 0x20, 0x0, 0x0, 0x9,
    0xf5, 0x0, 0x0, 0x0, 0xe, 0xf0, 0x0, 0x0,
    0x0, 0xf, 0xd0, 0x0, 0x0, 0x0, 0xf, 0xd0,
    0x0, 0x0, 0x0, 0xe, 0xf0, 0x0, 0x0, 0x0,
    0xa, 0xf4, 0x0, 0x0, 0x0, 0x4, 0xfd, 0x10,
    0x0, 0x0, 0x0, 0x8f, 0xfa, 0x89, 0x30, 0x0,
    0x4, 0xbe, 0xff, 0x40, 0x0, 0x0, 0x0, 0x7f,
    0x40, 0x0, 0x0, 0x0, 0x7f, 0x40, 0x0, 0x0,
    0x0, 0x7f, 0x40, 0x0, 0x0, 0x0, 0x7f, 0x40,

    /* U+0481 "ҁ" */
    0x0, 0x4c, 0xff, 0xc3, 0x5, 0xfe, 0x88, 0xc2,
    0xd, 0xf1, 0x0, 0x0, 0x1f, 0xb0, 0x0, 0x0,
    0x2f, 0x90, 0x0, 0x0, 0x1f, 0xa0, 0x0, 0x0,
    0xe, 0xf1, 0x0, 0x0, 0x6, 0xfd, 0x87, 0x60,
    0x0, 0x5c, 0xff, 0xa0, 0x0, 0x0, 0xf, 0xa0,
    0x0, 0x0, 0xf, 0xa0, 0x0, 0x0, 0xf, 0xa0,
    0x0, 0x0, 0xf, 0xa0,

    /* U+0482 "҂" */
    0x0, 0x0, 0x0, 0x1, 0x0, 0x0, 0x0, 0x4,
    0xe0, 0x0, 0xd, 0x80, 0xd6, 0x0, 0x0, 0x3c,
    0xfd, 0x0, 0x0, 0x0, 0x1f, 0xeb, 0x20, 0x20,
    0x9, 0xb0, 0x8a, 0xe, 0xa4, 0xf2, 0x0, 0x0,
    0x19, 0xfc, 0x0, 0x0, 0x0, 0x4f, 0xcd, 0x40,
    0x0, 0xd, 0x70, 0x66, 0x0, 0x2, 0xc0, 0x0,
    0x0, 0x0, 0x0, 0x0, 0x0, 0x0,

    /* U+0483 "҃" */
    0x0, 0x0, 0x9, 0x34, 0xff, 0xff, 0xf5, 0x29,
    0x0, 0x0, 0x0,

    /* U+0484 "҄" */
    0x0, 0x0, 0x0, 0x0, 0x25, 0xbf, 0xd2, 0x5f,
    0xe8, 0x4c, 0x80, 0x20, 0x0, 0x11,

    /* U+0485 "҅" */
    0x4f, 0x46, 0xd0, 0x9, 0x60,

    /* U+0486 "҆" */
    0x3f, 0x50, 0xc7, 0x5a, 0x0,

    /* U+0487 "҇" */
    0x0, 0x0, 0x0, 0x7f, 0xe9, 0x30, 0xe8, 0x5b,
    0xfe, 0x20, 0x0, 0x2,

    /* U+0488 "҈" */
    0x0, 0x0, 0x0, 0x0, 0x5d, 0xc2, 0x0, 0x0,
    0x0, 0x0, 0x0, 0x0, 0x0, 0x0, 0xc2, 0x3b,
    0x0, 0x0, 0x0, 0x0, 0x0, 0x0, 0x0, 0x0,
    0x0, 0x0, 0x0, 0x0, 0x0, 0x0, 0x0, 0xa,
    0xda, 0x0, 0x0, 0x0, 0x1, 0xbd, 0x80, 0x0,
    0x0, 0x58, 0x28, 0x60, 0x0, 0x0, 0x8, 0x52,
    0xa3, 0x0, 0x0, 0x0, 0x0, 0x0, 0x0, 0x0,
    0x0, 0x0, 0x0, 0x0, 0x0, 0x0, 0x0, 0x0,
    0x0, 0x0, 0x0, 0x0, 0x0, 0x0, 0x0, 0x0,
    0x0, 0x0, 0x0, 0x0, 0x0, 0x0, 0x0, 0x0,
    0x7, 0xdc, 0x30, 0x0, 0x0, 0x0, 0x0, 0x4,
    0xdd, 0x60, 0x9, 0x23, 0x80, 0x0, 0x0, 0x0,
    0x0, 0x8, 0x32, 0xa0, 0x0, 0x0, 0x0, 0x0,
    0x0, 0x0, 0x0, 0x0, 0x0, 0x0, 0x0, 0x0,
    0x0, 0x0, 0x0, 0x0, 0x0, 0x0, 0x0, 0x0,
    0x0, 0x9, 0xd9, 0x0, 0x0, 0x0, 0x1, 0xbd,
    0x70, 0x0, 0x0, 0x48, 0x28, 0x50, 0x0, 0x0,
    0x8, 0x62, 0xb2, 0x0, 0x0, 0x0, 0x0, 0x10,
    0x0, 0x0, 0x1, 0x0, 0x0, 0x0, 0x0, 0x0,
    0x0, 0x0, 0x5d, 0xc2, 0x0, 0x0, 0x0, 0x0,
    0x0, 0x0, 0x0, 0x0, 0xc2, 0x4b, 0x0, 0x0,
    0x0, 0x0, 0x0, 0x0, 0x0, 0x0, 0x10, 0x1,
    0x0, 0x0, 0x0, 0x0,

    /* U+0489 "҉" */
    0x0, 0x0, 0x0, 0x0, 0x1e, 0x0, 0x0, 0x0,
    0x0, 0x0, 0x0, 0x0, 0x0, 0x7b, 0x0, 0x0,
    0x0, 0x0, 0x0, 0x8, 0x0, 0x0, 0xc8, 0x0,
    0x0, 0x0, 0x0, 0x0, 0xd, 0x50, 0x0, 0x62,
    0x0, 0x3, 0xba, 0x0, 0x0, 0x6, 0xe1, 0x0,
    0x0, 0x0, 0x7f, 0x90, 0x0, 0x0, 0x0, 0xa0,
    0x0, 0x0, 0x0, 0x3, 0x0, 0x0, 0x0, 0x0,
    0x0, 0x0, 0x0, 0x0, 0x0, 0x0, 0x0, 0x0,
    0x0, 0x0, 0x0, 0x0, 0x0, 0x0, 0x0, 0x0,
    0xbb, 0x83, 0x0, 0x0, 0x0, 0x0, 0x0, 0x7c,
    0x60, 0x6, 0xc7, 0x0, 0x0, 0x0, 0x0, 0x0,
    0x39, 0xcb, 0x0, 0x0, 0x0, 0x0, 0x0, 0x0,
    0x0, 0x0, 0x0, 0x0, 0x0, 0x0, 0x0, 0x0,
    0x0, 0x0, 0x0, 0x0, 0x0, 0x0, 0x0, 0x0,
    0x0, 0x0, 0x3, 0x0, 0x0, 0x0, 0x2, 0xc6,
    0x0, 0x0, 0x0, 0x2f, 0x20, 0x0, 0x0, 0x6f,
    0xa2, 0x0, 0x25, 0x0, 0xa, 0xa0, 0x0, 0x0,
    0x32, 0x0, 0x0, 0x8c, 0x0, 0x1, 0xe0, 0x0,
    0x0, 0x0, 0x0, 0x0, 0xb7, 0x0, 0x0, 0x10,
    0x0, 0x0, 0x0, 0x0, 0x0, 0xe1, 0x0, 0x0,
    0x0, 0x0,

    /* U+048A "Ҋ" */
    0x0, 0x75, 0x0, 0x8, 0x30, 0x0, 0x0, 0xbe,
    0x10, 0x7f, 0x30, 0x0, 0x0, 0x2d, 0xff, 0xf7,
    0x0, 0x0, 0x0, 0x0, 0x11, 0x0, 0x0, 0x0,
    0x7f, 0x10, 0x0, 0x4, 0xff, 0x0, 0x7f, 0x10,
    0x0, 0xd, 0xff, 0x0, 0x7f, 0x10, 0x0, 0x8f,
    0xcf, 0x0, 0x7f, 0x10, 0x2, 0xfb, 0x7f, 0x0,
    0x7f, 0x10, 0xc, 0xf2, 0x8f, 0x0, 0x7f, 0x10,
    0x6f, 0x80, 0x8f, 0x0, 0x7f, 0x11, 0xed, 0x0,
    0x9f, 0x0, 0x7f, 0x1a, 0xf4, 0x0, 0x9f, 0x0,
    0x7f, 0x5f, 0xa0, 0x0, 0x9f, 0x0, 0x7f, 0xef,
    0x10, 0x0, 0x9f, 0x0, 0x7f, 0xf6, 0x0, 0x0,
    0x9f, 0xb9, 0x7f, 0xc0, 0x0, 0x0, 0x9f, 0xf9,
    0x0, 0x0, 0x0, 0x0, 0x3, 0xf4, 0x0, 0x0,
    0x0, 0x0, 0xa, 0xf0, 0x0, 0x0, 0x0, 0x0,
    0x1f, 0xc0,

    /* U+048B "ҋ" */
    0x5, 0x60, 0x0, 0x74, 0x0, 0x0, 0x9f, 0x20,
    0x5f, 0x60, 0x0, 0x1, 0xcf, 0xff, 0x90, 0x0,
    0x0, 0x0, 0x11, 0x0, 0x0, 0x0, 0xaf, 0x0,
    0x1, 0xff, 0x50, 0xa, 0xf0, 0x0, 0xaf, 0xf5,
    0x0, 0xaf, 0x0, 0x4f, 0xaf, 0x50, 0xa, 0xf0,
    0xe, 0xc4, 0xf5, 0x0, 0xae, 0x8, 0xf2, 0x4f,
    0x50, 0xa, 0xe3, 0xf8, 0x4, 0xf5, 0x0, 0xad,
    0xce, 0x0, 0x4f, 0x50, 0xa, 0xff, 0x50, 0x4,
    0xf9, 0x70, 0xaf, 0xb0, 0x0, 0x4f, 0xfd, 0x0,
    0x0, 0x0, 0x0, 0xd, 0x90, 0x0, 0x0, 0x0,
    0x3, 0xf5, 0x0, 0x0, 0x0, 0x0, 0x8f, 0x10,

    /* U+048C "Ҍ" */
    0x7, 0xf4, 0x0, 0x0, 0x0, 0x5b, 0xfa, 0x86,
    0x0, 0x0, 0xaf, 0xff, 0xfc, 0x0, 0x0, 0x7,
    0xf4, 0x0, 0x0, 0x0, 0x7, 0xf4, 0x0, 0x0,
    0x0, 0x7, 0xff, 0xfe, 0xc6, 0x0, 0x7, 0xfa,
    0x89, 0xef, 0x80, 0x7, 0xf4, 0x0, 0xd, 0xf0,
    0x7, 0xf4, 0x0, 0xa, 0xf2, 0x7, 0xf4, 0x0,
    0xe, 0xf0, 0x7, 0xf9, 0x78, 0xdf, 0x80, 0x7,
    0xff, 0xff, 0xc6, 0x0,

    /* U+048D "ҍ" */
    0x5, 0x80, 0x0, 0x0, 0x0, 0xaf, 0x0, 0x0,
    0x0, 0xef, 0xff, 0xf9, 0x0, 0x3, 0xbf, 0x33,
    0x10, 0x0, 0xa, 0xf0, 0x0, 0x0, 0x0, 0xaf,
    0x0, 0x0, 0x0, 0xa, 0xf0, 0x0, 0x0, 0x0,
    0xaf, 0x11, 0x0, 0x0, 0xa, 0xff, 0xff, 0xfa,
    0x10, 0xaf, 0x44, 0x48, 0xf9, 0xa, 0xf0, 0x0,
    0xe, 0xc0, 0xaf, 0x55, 0x59, 0xf8, 0xa, 0xff,
    0xff, 0xe8, 0x0,

    /* U+048E "Ҏ" */
    0x7f, 0xff, 0xfc, 0x60, 0x7, 0xf9, 0x79, 0xef,
    0x70, 0x7f, 0x40, 0x1, 0xfe, 0x7, 0xf4, 0x0,
    0xb, 0xf0, 0x7f, 0x41, 0xa0, 0xdf, 0x7, 0xf4,
    0x1e, 0xdf, 0x90, 0x7f, 0xff, 0xff, 0xc1, 0x7,
    0xfa, 0x76, 0xad, 0x0, 0x7f, 0x40, 0x0, 0x80,
    0x7, 0xf4, 0x0, 0x0, 0x0, 0x7f, 0x40, 0x0,
    0x0, 0x7, 0xf4, 0x0, 0x0, 0x0,

    /* U+048F "ҏ" */
    0xac, 0x3d, 0xfd, 0x60, 0xa, 0xfe, 0x65, 0xbf,
    0x50, 0xaf, 0x50, 0x0, 0xfd, 0xa, 0xf1, 0x0,
    0xb, 0xf0, 0xaf, 0x0, 0x0, 0xaf, 0x1a, 0xf2,
    0x3, 0xc, 0xf0, 0xaf, 0x60, 0xeb, 0xfc, 0xa,
    0xff, 0x9a, 0xff, 0x50, 0xaf, 0x3d, 0xfe, 0xf1,
    0xa, 0xf0, 0x0, 0xc, 0x50, 0xaf, 0x0, 0x0,
    0x0, 0xa, 0xf0, 0x0, 0x0, 0x0, 0xaf, 0x0,
    0x0, 0x0, 0x0,

    /* U+0490 "Ґ" */
    0x0, 0x0, 0x3, 0xf6, 0x0, 0x0, 0x3, 0xf6,
    0x8f, 0xff, 0xff, 0xf6, 0x8f, 0xa8, 0x88, 0x83,
    0x8f, 0x30, 0x0, 0x0, 0x8f, 0x30, 0x0, 0x0,
    0x8f, 0x30, 0x0, 0x0, 0x8f, 0x30, 0x0, 0x0,
    0x8f, 0x30, 0x0, 0x0, 0x8f, 0x30, 0x0, 0x0,
    0x8f, 0x30, 0x0, 0x0, 0x8f, 0x30, 0x0, 0x0,
    0x8f, 0x30, 0x0, 0x0, 0x8f, 0x30, 0x0, 0x0,

    /* U+0491 "ґ" */
    0x0, 0x0, 0xbe, 0x0, 0x0, 0xbe, 0x0, 0x0,
    0xbe, 0xaf, 0xff, 0xfe, 0xaf, 0x55, 0x54, 0xaf,
    0x0, 0x0, 0xaf, 0x0, 0x0, 0xaf, 0x0, 0x0,
    0xaf, 0x0, 0x0, 0xaf, 0x0, 0x0, 0xaf, 0x0,
    0x0, 0xaf, 0x0, 0x0,

    /* U+0492 "Ғ" */
    0x7, 0xff, 0xff, 0xff, 0x40, 0x7f, 0xa8, 0x88,
    0x82, 0x7, 0xf4, 0x0, 0x0, 0x0, 0x7f, 0x40,
    0x0, 0x0, 0x7, 0xf4, 0x0, 0x0, 0x5, 0xcf,
    0xa8, 0x84, 0x0, 0xaf, 0xff, 0xff, 0x80, 0x0,
    0x7f, 0x40, 0x0, 0x0, 0x7, 0xf4, 0x0, 0x0,
    0x0, 0x7f, 0x40, 0x0, 0x0, 0x7, 0xf4, 0x0,
    0x0, 0x0, 0x7f, 0x40, 0x0, 0x0,

    /* U+0493 "ғ" */
    0xb, 0xff, 0xff, 0xd0, 0xbf, 0x77, 0x76, 0xb,
    0xf0, 0x0, 0x1, 0xbf, 0x11, 0x0, 0xef, 0xff,
    0xfa, 0x3, 0xcf, 0x44, 0x20, 0xb, 0xf0, 0x0,
    0x0, 0xbf, 0x0, 0x0, 0xb, 0xf0, 0x0, 0x0,

    /* U+0494 "Ҕ" */
    0x7f, 0xff, 0xff, 0xf5, 0x0, 0x7f, 0xa8, 0x88,
    0x82, 0x0, 0x7f, 0x40, 0x0, 0x0, 0x0, 0x7f,
    0x40, 0x0, 0x0, 0x0, 0x7f, 0x40, 0x0, 0x0,
    0x0, 0x7f, 0x98, 0x86, 0x10, 0x0, 0x7f, 0xff,
    0xff, 0xf6, 0x0, 0x7f, 0x40, 0x26, 0xef, 0x40,
    0x7f, 0x40, 0x0, 0x3f, 0xc0, 0x7f, 0x40, 0x0,
    0xc, 0xf0, 0x7f, 0x40, 0x0, 0xa, 0xf2, 0x7f,
    0x40, 0x0, 0xa, 0xf1, 0x0, 0x0, 0x0, 0xd,
    0xf0, 0x0, 0x0, 0x0, 0x6f, 0xa0, 0x0, 0x5b,
    0x9b, 0xfe, 0x10, 0x0, 0x4d, 0xfe, 0xa2, 0x0,

    /* U+0495 "ҕ" */
    0xaf, 0xff, 0xff, 0x0, 0xaf, 0x77, 0x76, 0x0,
    0xaf, 0x0, 0x0, 0x0, 0xaf, 0x0, 0x0, 0x0,
    0xaf, 0xff, 0xd6, 0x0, 0xaf, 0x99, 0xef, 0x80,
    0xaf, 0x0, 0xd, 0xf1, 0xaf, 0x0, 0x7, 0xf4,
    0xaf, 0x0, 0x5, 0xf5, 0x0, 0x0, 0x7, 0xf4,
    0x0, 0x0, 0xc, 0xf1, 0x2, 0xb8, 0xcf, 0x90,
    0x1, 0xcf, 0xe8, 0x0,

    /* U+0496 "Җ" */
    0x7f, 0x60, 0x0, 0xcd, 0x0, 0x5, 0xf8, 0x0,
    0xbf, 0x20, 0xc, 0xd0, 0x1, 0xec, 0x0, 0x1,
    0xec, 0x0, 0xcd, 0x0, 0xbe, 0x10, 0x0, 0x4,
    0xf8, 0xc, 0xd0, 0x7f, 0x50, 0x0, 0x0, 0x8,
    0xf4, 0xcd, 0x3f, 0x90, 0x0, 0x0, 0x0, 0xc,
    0xed, 0xed, 0xd0, 0x0, 0x0, 0x0, 0x1, 0xec,
    0xcd, 0xbf, 0x20, 0x0, 0x0, 0x0, 0xbf, 0x2c,
    0xd1, 0xec, 0x0, 0x0, 0x0, 0x7f, 0x60, 0xcd,
    0x5, 0xf8, 0x0, 0x0, 0x3f, 0xb0, 0xc, 0xd0,
    0xa, 0xf4, 0x0, 0xd, 0xe1, 0x0, 0xcd, 0x0,
    0xe, 0xe9, 0x6a, 0xf4, 0x0, 0xc, 0xd0, 0x0,
    0x3f, 0xfc, 0x0, 0x0, 0x0, 0x0, 0x0, 0x0,
    0xe, 0xc0, 0x0, 0x0, 0x0, 0x0, 0x0, 0x0,
    0xec, 0x0, 0x0, 0x0, 0x0, 0x0, 0x0, 0xe,
    0xc0,

    /* U+0497 "җ" */
    0x5f, 0x80, 0x8, 0xf1, 0x0, 0xdd, 0x0, 0x8,
    0xf4, 0x8, 0xf1, 0xa, 0xf2, 0x0, 0x0, 0xbe,
    0x28, 0xf1, 0x7f, 0x50, 0x0, 0x0, 0x1d, 0xc8,
    0xf5, 0xf8, 0x0, 0x0, 0x0, 0x7, 0xfd, 0xfd,
    0xf1, 0x0, 0x0, 0x0, 0x3f, 0xa8, 0xf3, 0xec,
    0x0, 0x0, 0x1, 0xed, 0x8, 0xf1, 0x4f, 0x90,
    0x0, 0xc, 0xf2, 0x8, 0xf1, 0x7, 0xf8, 0x60,
    0x9f, 0x50, 0x8, 0xf1, 0x0, 0xbf, 0xf2, 0x0,
    0x0, 0x0, 0x0, 0x0, 0x7, 0xf2, 0x0, 0x0,
    0x0, 0x0, 0x0, 0x7, 0xf2, 0x0, 0x0, 0x0,
    0x0, 0x0, 0x7, 0xf2,

    /* U+0498 "Ҙ" */
    0x18, 0xde, 0xfc, 0x60, 0x0, 0xfc, 0x99, 0xef,
    0x80, 0x1, 0x0, 0x1, 0xef, 0x0, 0x0, 0x0,
    0xb, 0xf0, 0x0, 0x0, 0x0, 0xed, 0x0, 0x1,
    0x23, 0xbf, 0x40, 0x0, 0xef, 0xff, 0x60, 0x0,
    0x4, 0x56, 0x9f, 0xb0, 0x0, 0x0, 0x0, 0x8f,
    0x50, 0x0, 0x0, 0x9, 0xf5, 0x5c, 0x98, 0x8c,
    0xfd, 0x2, 0xbe, 0xff, 0xd8, 0x10, 0x0, 0x1,
    0xe3, 0x0, 0x0, 0x0, 0x9, 0xb0, 0x0, 0x0,
    0x2, 0xad, 0x0, 0x0, 0x0, 0xce, 0x50, 0x0,

    /* U+0499 "ҙ" */
    0x2a, 0xef, 0xe9, 0x10, 0x1c, 0x86, 0x9f, 0xb0,
    0x0, 0x0, 0xc, 0xe0, 0x0, 0x11, 0x5f, 0xa0,
    0x2, 0xff, 0xfb, 0x0, 0x0, 0x44, 0x6e, 0xc0,
    0x0, 0x0, 0x9, 0xf2, 0x59, 0x66, 0x8f, 0xe0,
    0x4c, 0xff, 0xeb, 0x20, 0x0, 0xb, 0x80, 0x0,
    0x0, 0x3, 0xf1, 0x0, 0x0, 0x15, 0xf2, 0x0,
    0x0, 0x7f, 0xa0, 0x0,

    /* U+049A "Қ" */
    0x7f, 0x40, 0x0, 0x6f, 0x80, 0x7f, 0x40, 0x3,
    0xfb, 0x0, 0x7f, 0x40, 0x1e, 0xd0, 0x0, 0x7f,
    0x40, 0xce, 0x20, 0x0, 0x7f, 0x4a, 0xf4, 0x0,
    0x0, 0x7f, 0xbf, 0x70, 0x0, 0x0, 0x7f, 0x8f,
    0xb0, 0x0, 0x0, 0x7f, 0x47, 0xf8, 0x0, 0x0,
    0x7f, 0x40, 0xbf, 0x50, 0x0, 0x7f, 0x40, 0xd,
    0xf2, 0x0, 0x7f, 0x40, 0x2, 0xfe, 0x97, 0x7f,
    0x40, 0x0, 0x4f, 0xfd, 0x0, 0x0, 0x0, 0x0,
    0xcd, 0x0, 0x0, 0x0, 0x0, 0xcd, 0x0, 0x0,
    0x0, 0x0, 0xcd,

    /* U+049B "қ" */
    0xbf, 0x0, 0xc, 0xe1, 0xb, 0xf0, 0xa, 0xf3,
    0x0, 0xbf, 0x7, 0xf5, 0x0, 0xb, 0xf5, 0xf8,
    0x0, 0x0, 0xbf, 0xcf, 0x10, 0x0, 0xb, 0xf2,
    0xed, 0x0, 0x0, 0xbf, 0x4, 0xfb, 0x0, 0xb,
    0xf0, 0x7, 0xfa, 0x81, 0xbf, 0x0, 0xa, 0xff,
    0x20, 0x0, 0x0, 0x7, 0xf2, 0x0, 0x0, 0x0,
    0x7f, 0x20, 0x0, 0x0, 0x7, 0xf2,

    /* U+049C "Ҝ" */
    0x8f, 0x30, 0x0, 0x6f, 0x80, 0x8f, 0x30, 0x3,
    0xfb, 0x0, 0x8f, 0x3d, 0x4d, 0xe1, 0x0, 0x8f,
    0x3d, 0xdf, 0x30, 0x0, 0x8f, 0x3d, 0xf6, 0x0,
    0x0, 0x8f, 0x8f, 0x90, 0x0, 0x0, 0x8f, 0xbf,
    0x90, 0x0, 0x0, 0x8f, 0x3d, 0xf6, 0x0, 0x0,
    0x8f, 0x3d, 0xef, 0x40, 0x0, 0x8f, 0x3d, 0x5e,
    0xe2, 0x0, 0x8f, 0x30, 0x3, 0xfd, 0x0, 0x8f,
    0x30, 0x0, 0x5f, 0xb0,

    /* U+049D "ҝ" */
    0xbf, 0x0, 0xc, 0xe2, 0xbf, 0x2e, 0x8f, 0x40,
    0xbf, 0x2f, 0xf7, 0x0, 0xbf, 0x3f, 0xa0, 0x0,
    0xbf, 0xcf, 0x10, 0x0, 0xbf, 0x5f, 0xa0, 0x0,
    0xbf, 0x2f, 0xf8, 0x0, 0xbf, 0x2e, 0x9f, 0x60,
    0xbf, 0x15, 0xa, 0xf4,

    /* U+049E "Ҟ" */
    0x7, 0xf4, 0x0, 0x5, 0xf8, 0x5, 0xcf, 0xa5,
    0x1, 0xed, 0x0, 0xaf, 0xff, 0xb0, 0x9f, 0x30,
    0x0, 0x7f, 0x40, 0x4f, 0x90, 0x0, 0x7, 0xf4,
    0xd, 0xe0, 0x0, 0x0, 0x7f, 0xff, 0xf5, 0x0,
    0x0, 0x7, 0xfa, 0x9f, 0xb0, 0x0, 0x0, 0x7f,
    0x40, 0xaf, 0x50, 0x0, 0x7, 0xf4, 0x1, 0xee,
    0x10, 0x0, 0x7f, 0x40, 0x6, 0xf9, 0x0, 0x7,
    0xf4, 0x0, 0xc, 0xf3, 0x0, 0x7f, 0x40, 0x0,
    0x2f, 0xd0,

    /* U+049F "ҟ" */
    0x5, 0x70, 0x0, 0x0, 0x0, 0xaf, 0x0, 0x0,
    0x0, 0xef, 0xff, 0xfc, 0x0, 0x2, 0xbf, 0x33,
    0x20, 0x0, 0xa, 0xf0, 0x0, 0xce, 0x20, 0xaf,
    0x0, 0x9f, 0x40, 0xa, 0xf0, 0x6f, 0x60, 0x0,
    0xaf, 0x4f, 0x90, 0x0, 0xa, 0xfc, 0xf2, 0x0,
    0x0, 0xaf, 0x3e, 0xc0, 0x0, 0xa, 0xf0, 0x4f,
    0xa0, 0x0, 0xaf, 0x0, 0x6f, 0x80, 0xa, 0xf0,
    0x0, 0x9f, 0x50,

    /* U+04A0 "Ҡ" */
    0xef, 0xff, 0x60, 0x0, 0x4f, 0xa0, 0x78, 0xaf,
    0x60, 0x2, 0xed, 0x0, 0x0, 0x5f, 0x60, 0xd,
    0xe1, 0x0, 0x0, 0x5f, 0x60, 0xbf, 0x30, 0x0,
    0x0, 0x5f, 0x68, 0xf6, 0x0, 0x0, 0x0, 0x5f,
    0xbf, 0xa0, 0x0, 0x0, 0x0, 0x5f, 0x9f, 0xd1,
    0x0, 0x0, 0x0, 0x5f, 0x65, 0xfb, 0x0, 0x0,
    0x0, 0x5f, 0x60, 0x8f, 0x80, 0x0, 0x0, 0x5f,
    0x60, 0xb, 0xf5, 0x0, 0x0, 0x5f, 0x60, 0x0,
    0xdf, 0x20, 0x0, 0x5f, 0x60, 0x0, 0x2f, 0xd0,

    /* U+04A1 "ҡ" */
    0xcf, 0xff, 0x90, 0x4, 0xf8, 0x4, 0x66, 0xf9,
    0x2, 0xeb, 0x0, 0x0, 0xf, 0x90, 0xdd, 0x0,
    0x0, 0x0, 0xf9, 0xbe, 0x20, 0x0, 0x0, 0xf,
    0xcf, 0x90, 0x0, 0x0, 0x0, 0xf9, 0x8f, 0x50,
    0x0, 0x0, 0xf, 0x90, 0xbf, 0x30, 0x0, 0x0,
    0xf9, 0x0, 0xde, 0x10, 0x0, 0xf, 0x90, 0x2,
    0xec, 0x0,

    /* U+04A2 "Ң" */
    0x7f, 0x40, 0x0, 0x4, 0xf7, 0x0, 0x7f, 0x40,
    0x0, 0x4, 0xf7, 0x0, 0x7f, 0x40, 0x0, 0x4,
    0xf7, 0x0, 0x7f, 0x40, 0x0, 0x4, 0xf7, 0x0,
    0x7f, 0x40, 0x0, 0x4, 0xf7, 0x0, 0x7f, 0xff,
    0xff, 0xff, 0xf7, 0x0, 0x7f, 0xa8, 0x88, 0x8a,
    0xf7, 0x0, 0x7f, 0x40, 0x0, 0x4, 0xf7, 0x0,
    0x7f, 0x40, 0x0, 0x4, 0xf7, 0x0, 0x7f, 0x40,
    0x0, 0x4, 0xf7, 0x0, 0x7f, 0x40, 0x0, 0x4,
    0xfd, 0xc1, 0x7f, 0x40, 0x0, 0x4, 0xff, 0xf1,
    0x0, 0x0, 0x0, 0x0, 0x9, 0xf1, 0x0, 0x0,
    0x0, 0x0, 0x9, 0xf1, 0x0, 0x0, 0x0, 0x0,
    0x9, 0xf1,

    /* U+04A3 "ң" */
    0xaf, 0x0, 0x0, 0xbf, 0x0, 0xaf, 0x0, 0x0,
    0xbf, 0x0, 0xaf, 0x0, 0x0, 0xbf, 0x0, 0xaf,
    0x11, 0x11, 0xbf, 0x0, 0xaf, 0xff, 0xff, 0xff,
    0x0, 0xaf, 0x44, 0x44, 0xcf, 0x0, 0xaf, 0x0,
    0x0, 0xbf, 0x0, 0xaf, 0x0, 0x0, 0xbf, 0x73,
    0xaf, 0x0, 0x0, 0xbf, 0xf8, 0x0, 0x0, 0x0,
    0x1, 0xf8, 0x0, 0x0, 0x0, 0x1, 0xf8, 0x0,
    0x0, 0x0, 0x1, 0xf8,

    /* U+04A4 "Ҥ" */
    0x7f, 0x40, 0x0, 0x4, 0xff, 0xff, 0x7, 0xf4,
    0x0, 0x0, 0x4f, 0xb8, 0x80, 0x7f, 0x40, 0x0,
    0x4, 0xf7, 0x0, 0x7, 0xf4, 0x0, 0x0, 0x4f,
    0x70, 0x0, 0x7f, 0x40, 0x0, 0x4, 0xf7, 0x0,
    0x7, 0xff, 0xff, 0xff, 0xff, 0x70, 0x0, 0x7f,
    0xa8, 0x88, 0x8a, 0xf7, 0x0, 0x7, 0xf4, 0x0,
    0x0, 0x4f, 0x70, 0x0, 0x7f, 0x40, 0x0, 0x4,
    0xf7, 0x0, 0x7, 0xf4, 0x0, 0x0, 0x4f, 0x70,
    0x0, 0x7f, 0x40, 0x0, 0x4, 0xf7, 0x0, 0x7,
    0xf4, 0x0, 0x0, 0x4f, 0x70, 0x0,

    /* U+04A5 "ҥ" */
    0xaf, 0x0, 0x0, 0xbf, 0xff, 0xba, 0xf0, 0x0,
    0xb, 0xf6, 0x64, 0xaf, 0x0, 0x0, 0xbf, 0x0,
    0xa, 0xf1, 0x11, 0x1b, 0xf0, 0x0, 0xaf, 0xff,
    0xff, 0xff, 0x0, 0xa, 0xf4, 0x44, 0x4c, 0xf0,
    0x0, 0xaf, 0x0, 0x0, 0xbf, 0x0, 0xa, 0xf0,
    0x0, 0xb, 0xf0, 0x0, 0xaf, 0x0, 0x0, 0xbf,
    0x0, 0x0,

    /* U+04A6 "Ҧ" */
    0x7f, 0xff, 0xff, 0xff, 0xd0, 0x0, 0x0, 0x0,
    0x7f, 0xa8, 0x88, 0x8e, 0xd0, 0x0, 0x0, 0x0,
    0x7f, 0x40, 0x0, 0xd, 0xd0, 0x0, 0x0, 0x0,
    0x7f, 0x40, 0x0, 0xd, 0xd0, 0x0, 0x0, 0x0,
    0x7f, 0x40, 0x0, 0xd, 0xd0, 0x0, 0x0, 0x0,
    0x7f, 0x40, 0x0, 0xd, 0xe8, 0x86, 0x20, 0x0,
    0x7f, 0x40, 0x0, 0xd, 0xff, 0xff, 0xfa, 0x0,
    0x7f, 0x40, 0x0, 0xd, 0xe0, 0x3, 0xaf, 0xa0,
    0x7f, 0x40, 0x0, 0xd, 0xd0, 0x0, 0xb, 0xf2,
    0x7f, 0x40, 0x0, 0xd, 0xd0, 0x0, 0x5, 0xf7,
    0x7f, 0x40, 0x0, 0xd, 0xd0, 0x0, 0x3, 0xf8,
    0x7f, 0x40, 0x0, 0xd, 0xd0, 0x0, 0x4, 0xf8,
    0x0, 0x0, 0x0, 0x0, 0x0, 0x0, 0x7, 0xf6,
    0x0, 0x0, 0x0, 0x0, 0x0, 0x0, 0x1e, 0xf1,
    0x0, 0x0, 0x0, 0x0, 0xc, 0x9a, 0xef, 0x70,
    0x0, 0x0, 0x0, 0x0, 0xb, 0xff, 0xd5, 0x0,

    /* U+04A7 "ҧ" */
    0xaf, 0xff, 0xff, 0xf8, 0x0, 0x0, 0xa, 0xf6,
    0x66, 0x8f, 0x80, 0x0, 0x0, 0xaf, 0x0, 0x3,
    0xf8, 0x0, 0x0, 0xa, 0xf0, 0x0, 0x3f, 0x80,
    0x0, 0x0, 0xaf, 0x0, 0x3, 0xff, 0xfd, 0x70,
    0xa, 0xf0, 0x0, 0x3f, 0xc9, 0xdf, 0x90, 0xaf,
    0x0, 0x3, 0xf8, 0x0, 0xcf, 0x1a, 0xf0, 0x0,
    0x3f, 0x80, 0x6, 0xf5, 0xaf, 0x0, 0x3, 0xf8,
    0x0, 0x4f, 0x60, 0x0, 0x0, 0x0, 0x0, 0x5,
    0xf5, 0x0, 0x0, 0x0, 0x0, 0x0, 0xaf, 0x20,
    0x0, 0x0, 0x0, 0xa8, 0xaf, 0xb0, 0x0, 0x0,
    0x0, 0x9, 0xff, 0xa1, 0x0,

    /* U+04A8 "Ҩ" */
    0x0, 0x6, 0xcf, 0xf8, 0x0, 0x0, 0x0, 0xaf,
    0xd9, 0x95, 0x0, 0x0, 0x5, 0xfb, 0x0, 0x0,
    0x0, 0x0, 0xb, 0xf3, 0x0, 0x3c, 0xfd, 0x40,
    0xe, 0xe0, 0x1, 0xfe, 0x7d, 0xf1, 0xf, 0xc0,
    0x5, 0xf6, 0x5, 0xf5, 0xf, 0xc0, 0x6, 0xf4,
    0x2, 0xf7, 0xe, 0xe0, 0x6, 0xf4, 0x3, 0xf6,
    0xa, 0xf2, 0x2, 0xf8, 0x8, 0xf3, 0x4, 0xfc,
    0x10, 0xce, 0x5f, 0xb0, 0x0, 0x8f, 0xe9, 0xaf,
    0xfe, 0x11, 0x0, 0x5, 0xce, 0xfd, 0xef, 0xfd,
    0x0, 0x0, 0x0, 0x0, 0x5, 0x75,

    /* U+04A9 "ҩ" */
    0x0, 0x5d, 0xfe, 0x0, 0x0, 0x5, 0xfc, 0x76,
    0x0, 0x0, 0xd, 0xe0, 0x8, 0xff, 0x90, 0x1f,
    0xa0, 0x3f, 0x98, 0xf4, 0x2f, 0x90, 0x6f, 0x10,
    0xf7, 0x1f, 0xa0, 0x6f, 0x31, 0xf6, 0xd, 0xe0,
    0x2f, 0x99, 0xf1, 0x4, 0xfd, 0x7d, 0xff, 0x94,
    0x0, 0x4c, 0xfe, 0xad, 0xfc,

    /* U+04AA "Ҫ" */
    0x0, 0x3, 0xae, 0xfe, 0xa3, 0x0, 0x5f, 0xfa,
    0x9b, 0xf5, 0x2, 0xfd, 0x10, 0x0, 0x0, 0x9,
    0xf5, 0x0, 0x0, 0x0, 0xe, 0xf0, 0x0, 0x0,
    0x0, 0xf, 0xd0, 0x0, 0x0, 0x0, 0xf, 0xd0,
    0x0, 0x0, 0x0, 0xe, 0xf0, 0x0, 0x0, 0x0,
    0xc, 0xf4, 0x0, 0x0, 0x0, 0x6, 0xfd, 0x10,
    0x0, 0x0, 0x0, 0xdf, 0xea, 0x89, 0xd3, 0x0,
    0x1c, 0xff, 0xfe, 0xb1, 0x0, 0x0, 0x2d, 0x90,
    0x0, 0x0, 0x0, 0x3, 0xf2, 0x0, 0x0, 0x0,
    0x14, 0xf3, 0x0, 0x0, 0x0, 0x5f, 0xb0, 0x0,

    /* U+04AB "ҫ" */
    0x0, 0x3b, 0xfe, 0xc2, 0x4, 0xfe, 0x88, 0xc0,
    0xc, 0xf1, 0x0, 0x0, 0xf, 0xb0, 0x0, 0x0,
    0x2f, 0x90, 0x0, 0x0, 0x1f, 0xb0, 0x0, 0x0,
    0xe, 0xf1, 0x0, 0x0, 0x8, 0xfe, 0x88, 0xc2,
    0x0, 0xaf, 0xff, 0xb1, 0x0, 0x3, 0xf6, 0x0,
    0x0, 0x0, 0x6f, 0x0, 0x0, 0x1, 0x7f, 0x0,
    0x0, 0x9, 0xf8, 0x0,

    /* U+04AC "Ҭ" */
    0xdf, 0xff, 0xff, 0xff, 0xc6, 0x88, 0xbf, 0xb8,
    0x86, 0x0, 0x6, 0xf5, 0x0, 0x0, 0x0, 0x6f,
    0x50, 0x0, 0x0, 0x6, 0xf5, 0x0, 0x0, 0x0,
    0x6f, 0x50, 0x0, 0x0, 0x6, 0xf5, 0x0, 0x0,
    0x0, 0x6f, 0x50, 0x0, 0x0, 0x6, 0xf5, 0x0,
    0x0, 0x0, 0x6f, 0x50, 0x0, 0x0, 0x6, 0xfd,
    0xc0, 0x0, 0x0, 0x6f, 0xff, 0x0, 0x0, 0x0,
    0xa, 0xf0, 0x0, 0x0, 0x0, 0xaf, 0x0, 0x0,
    0x0, 0xa, 0xf0, 0x0,

    /* U+04AD "ҭ" */
    0xaf, 0xff, 0xff, 0xf9, 0x46, 0x6e, 0xe6, 0x63,
    0x0, 0xd, 0xd0, 0x0, 0x0, 0xd, 0xd0, 0x0,
    0x0, 0xd, 0xd0, 0x0, 0x0, 0xd, 0xd0, 0x0,
    0x0, 0xd, 0xd0, 0x0, 0x0, 0xd, 0xe7, 0x20,
    0x0, 0xd, 0xff, 0x50, 0x0, 0x0, 0x4f, 0x50,
    0x0, 0x0, 0x4f, 0x50, 0x0, 0x0, 0x4f, 0x50,

    /* U+04AE "Ү" */
    0xbf, 0x20, 0x0, 0xc, 0xf1, 0x3f, 0xa0, 0x0,
    0x4f, 0x90, 0xb, 0xf2, 0x0, 0xcf, 0x10, 0x3,
    0xfa, 0x5, 0xf8, 0x0, 0x0, 0xbf, 0x2d, 0xf1,
    0x0, 0x0, 0x2f, 0xdf, 0x70, 0x0, 0x0, 0xa,
    0xfe, 0x0, 0x0, 0x0, 0x3, 0xf8, 0x0, 0x0,
    0x0, 0x3, 0xf8, 0x0, 0x0, 0x0, 0x3, 0xf8,
    0x0, 0x0, 0x0, 0x3, 0xf8, 0x0, 0x0, 0x0,
    0x3, 0xf8, 0x0, 0x0,

    /* U+04AF "ү" */
    0xdf, 0x0, 0x0, 0x8f, 0x37, 0xf5, 0x0, 0xe,
    0xd0, 0x1f, 0xb0, 0x4, 0xf8, 0x0, 0xbf, 0x10,
    0x9f, 0x20, 0x5, 0xf6, 0xf, 0xc0, 0x0, 0xe,
    0xb4, 0xf6, 0x0, 0x0, 0x9f, 0x9f, 0x0, 0x0,
    0x3, 0xff, 0xa0, 0x0, 0x0, 0xd, 0xf4, 0x0,
    0x0, 0x0, 0xaf, 0x10, 0x0, 0x0, 0xa, 0xf1,
    0x0, 0x0, 0x0, 0xaf, 0x10, 0x0, 0x0, 0xa,
    0xf1, 0x0, 0x0,

    /* U+04B0 "Ұ" */
    0xcf, 0x20, 0x0, 0xc, 0xf1, 0x4f, 0x90, 0x0,
    0x4f, 0x90, 0xc, 0xf1, 0x0, 0xbf, 0x10, 0x4,
    0xf9, 0x3, 0xf9, 0x0, 0x0, 0xcf, 0x1b, 0xf1,
    0x0, 0x0, 0x4f, 0xaf, 0x90, 0x0, 0x0, 0xc,
    0xff, 0x10, 0x0, 0x0, 0x4, 0xf9, 0x0, 0x0,
    0x9, 0xff, 0xff, 0xff, 0x0, 0x5, 0x8a, 0xfc,
    0x87, 0x0, 0x0, 0x3, 0xf8, 0x0, 0x0, 0x0,
    0x3, 0xf8, 0x0, 0x0,

    /* U+04B1 "ұ" */
    0xdf, 0x0, 0x0, 0x8f, 0x37, 0xf5, 0x0, 0xe,
    0xd0, 0x1f, 0xb0, 0x4, 0xf8, 0x0, 0xbf, 0x10,
    0x9f, 0x20, 0x4, 0xf6, 0xe, 0xc0, 0x0, 0xe,
    0xb4, 0xf6, 0x0, 0x0, 0x8f, 0xaf, 0x0, 0x0,
    0x2, 0xff, 0xa0, 0x0, 0x0, 0x1d, 0xf5, 0x10,
    0x0, 0xdf, 0xff, 0xff, 0x40, 0x3, 0x4b, 0xf4,
    0x41, 0x0, 0x0, 0xaf, 0x10, 0x0, 0x0, 0xa,
    0xf1, 0x0, 0x0,

    /* U+04B2 "Ҳ" */
    0x6f, 0x70, 0x0, 0xb, 0xf2, 0x0, 0xcf, 0x20,
    0x4, 0xf8, 0x0, 0x2, 0xfb, 0x0, 0xdd, 0x0,
    0x0, 0x8, 0xf4, 0x8f, 0x40, 0x0, 0x0, 0xd,
    0xdf, 0xa0, 0x0, 0x0, 0x0, 0x5f, 0xf1, 0x0,
    0x0, 0x0, 0xa, 0xff, 0x60, 0x0, 0x0, 0x3,
    0xf7, 0xde, 0x10, 0x0, 0x0, 0xdd, 0x4, 0xfa,
    0x0, 0x0, 0x7f, 0x50, 0xa, 0xf4, 0x0, 0x1f,
    0xc0, 0x0, 0x2f, 0xec, 0x4a, 0xf3, 0x0, 0x0,
    0x8f, 0xf6, 0x0, 0x0, 0x0, 0x0, 0x4f, 0x60,
    0x0, 0x0, 0x0, 0x4, 0xf6, 0x0, 0x0, 0x0,
    0x0, 0x4f, 0x60,

    /* U+04B3 "ҳ" */
    0x4f, 0xa0, 0x0, 0xde, 0x10, 0x9f, 0x40, 0x8f,
    0x50, 0x0, 0xee, 0x3f, 0xa0, 0x0, 0x4, 0xff,
    0xe1, 0x0, 0x0, 0xd, 0xf9, 0x0, 0x0, 0x6,
    0xfd, 0xf3, 0x0, 0x2, 0xfc, 0x1e, 0xd0, 0x0,
    0xbf, 0x20, 0x6f, 0xb7, 0x6f, 0x70, 0x0, 0xbf,
    0xf0, 0x0, 0x0, 0x0, 0xaf, 0x0, 0x0, 0x0,
    0xa, 0xf0, 0x0, 0x0, 0x0, 0xaf,

    /* U+04B4 "Ҵ" */
    0xdf, 0xff, 0xff, 0xff, 0x90, 0xaf, 0x10, 0x68,
    0x8d, 0xf9, 0x88, 0x50, 0xaf, 0x10, 0x0, 0xa,
    0xf1, 0x0, 0x0, 0xaf, 0x10, 0x0, 0xa, 0xf1,
    0x0, 0x0, 0xaf, 0x10, 0x0, 0xa, 0xf1, 0x0,
    0x0, 0xaf, 0x10, 0x0, 0xa, 0xf1, 0x0, 0x0,
    0xaf, 0x10, 0x0, 0xa, 0xf1, 0x0, 0x0, 0xaf,
    0x10, 0x0, 0xa, 0xf1, 0x0, 0x0, 0xaf, 0x10,
    0x0, 0xa, 0xf1, 0x0, 0x0, 0xaf, 0x10, 0x0,
    0xa, 0xf1, 0x0, 0x0, 0xaf, 0x10, 0x0, 0xa,
    0xf9, 0x88, 0x88, 0xdf, 0x96, 0x0, 0xa, 0xff,
    0xff, 0xff, 0xff, 0xfc, 0x0, 0x0, 0x0, 0x0,
    0x0, 0x0, 0xec, 0x0, 0x0, 0x0, 0x0, 0x0,
    0x0, 0xec, 0x0, 0x0, 0x0, 0x0, 0x0, 0x0,
    0xec,

    /* U+04B5 "ҵ" */
    0xaf, 0xff, 0xff, 0xf0, 0x9f, 0x10, 0x46, 0x9f,
    0x96, 0x60, 0x9f, 0x10, 0x0, 0x5f, 0x50, 0x0,
    0x9f, 0x10, 0x0, 0x5f, 0x50, 0x0, 0x9f, 0x10,
    0x0, 0x5f, 0x50, 0x0, 0x9f, 0x10, 0x0, 0x5f,
    0x50, 0x0, 0x9f, 0x10, 0x0, 0x5f, 0x50, 0x0,
    0x9f, 0x10, 0x0, 0x5f, 0x96, 0x66, 0xcf, 0x73,
    0x0, 0x5f, 0xff, 0xff, 0xff, 0xfa, 0x0, 0x0,
    0x0, 0x0, 0x0, 0xfa, 0x0, 0x0, 0x0, 0x0,
    0x0, 0xfa, 0x0, 0x0, 0x0, 0x0, 0x0, 0xfa,
    0x0, 0x0, 0x0, 0x0, 0x0, 0x10,

    /* U+04B6 "Ҷ" */
    0xde, 0x0, 0x0, 0xf, 0xc0, 0xd, 0xe0, 0x0,
    0x0, 0xfc, 0x0, 0xde, 0x0, 0x0, 0xf, 0xc0,
    0xd, 0xe0, 0x0, 0x0, 0xfc, 0x0, 0xde, 0x0,
    0x0, 0xf, 0xc0, 0xb, 0xf1, 0x0, 0x0, 0xfc,
    0x0, 0x6f, 0xd9, 0x9b, 0xff, 0xc0, 0x0, 0x7d,
    0xfe, 0xb7, 0xfc, 0x0, 0x0, 0x0, 0x0, 0xf,
    0xc0, 0x0, 0x0, 0x0, 0x0, 0xfc, 0x0, 0x0,
    0x0, 0x0, 0xf, 0xfc, 0x50, 0x0, 0x0, 0x0,
    0xff, 0xf7, 0x0, 0x0, 0x0, 0x0, 0x3f, 0x70,
    0x0, 0x0, 0x0, 0x3, 0xf7, 0x0, 0x0, 0x0,
    0x0, 0x3f, 0x70,

    /* U+04B7 "ҷ" */
    0xed, 0x0, 0x0, 0xfb, 0x0, 0xed, 0x0, 0x0,
    0xfb, 0x0, 0xed, 0x0, 0x0, 0xfb, 0x0, 0xdd,
    0x0, 0x0, 0xfb, 0x0, 0xaf, 0x42, 0x4b, 0xfb,
    0x0, 0x2e, 0xff, 0xf9, 0xfb, 0x0, 0x0, 0x32,
    0x0, 0xfb, 0x0, 0x0, 0x0, 0x0, 0xfd, 0x71,
    0x0, 0x0, 0x0, 0xff, 0xf3, 0x0, 0x0, 0x0,
    0x6, 0xf3, 0x0, 0x0, 0x0, 0x6, 0xf3, 0x0,
    0x0, 0x0, 0x6, 0xf3,

    /* U+04B8 "Ҹ" */
    0xcf, 0x0, 0x0, 0xe, 0xdc, 0xf0, 0x0, 0x0,
    0xed, 0xcf, 0x0, 0x0, 0xe, 0xdc, 0xf0, 0x0,
    0x0, 0xed, 0xcf, 0x0, 0xf0, 0xe, 0xdb, 0xf2,
    0xf, 0x0, 0xed, 0x5f, 0xe9, 0xfb, 0xef, 0xd0,
    0x6c, 0xff, 0xc8, 0xed, 0x0, 0x0, 0xf0, 0xe,
    0xd0, 0x0, 0xf, 0x0, 0xed, 0x0, 0x0, 0xa0,
    0xe, 0xd0, 0x0, 0x0, 0x0, 0xed,

    /* U+04B9 "ҹ" */
    0xec, 0x0, 0x1, 0xfa, 0xec, 0x0, 0x1, 0xfa,
    0xec, 0x5, 0x11, 0xfa, 0xed, 0xc, 0x31, 0xfa,
    0xbf, 0x4c, 0x7b, 0xfa, 0x3e, 0xff, 0xfa, 0xfa,
    0x0, 0x3d, 0x31, 0xfa, 0x0, 0xc, 0x31, 0xfa,
    0x0, 0x0, 0x1, 0xfa,

    /* U+04BA "Һ" */
    0x8f, 0x30, 0x0, 0x0, 0x0, 0x8f, 0x30, 0x0,
    0x0, 0x0, 0x8f, 0x30, 0x0, 0x0, 0x0, 0x8f,
    0x30, 0x0, 0x0, 0x0, 0x8f, 0x32, 0x57, 0x62,
    0x0, 0x8f, 0xef, 0xff, 0xff, 0x60, 0x8f, 0xa4,
    0x10, 0x3e, 0xf0, 0x8f, 0x30, 0x0, 0xa, 0xf2,
    0x8f, 0x30, 0x0, 0x9, 0xf2, 0x8f, 0x30, 0x0,
    0x9, 0xf2, 0x8f, 0x30, 0x0, 0x9, 0xf2, 0x8f,
    0x30, 0x0, 0x9, 0xf2,

    /* U+04BB "һ" */
    0x57, 0x0, 0x0, 0x0, 0xbf, 0x0, 0x0, 0x0,
    0xbf, 0x0, 0x0, 0x0, 0xbf, 0x0, 0x0, 0x0,
    0xbf, 0x3c, 0xfe, 0x80, 0xbf, 0xe9, 0x7c, 0xf6,
    0xbf, 0x60, 0x1, 0xfa, 0xbf, 0x10, 0x0, 0xec,
    0xbf, 0x0, 0x0, 0xec, 0xbf, 0x0, 0x0, 0xec,
    0xbf, 0x0, 0x0, 0xec, 0xbf, 0x0, 0x0, 0xec,
    0xbf, 0x0, 0x0, 0xec,

    /* U+04BC "Ҽ" */
    0x0, 0x0, 0x6, 0xcf, 0xfd, 0x70, 0x0, 0x0,
    0xa, 0xfe, 0xa9, 0xdf, 0xb0, 0x0, 0x5, 0xfb,
    0x0, 0x0, 0x9f, 0x59, 0xd0, 0xcf, 0x10, 0x0,
    0x1, 0xfb, 0xae, 0x1f, 0xc0, 0x0, 0x0, 0xe,
    0xe6, 0xff, 0xff, 0xff, 0xff, 0xff, 0xff, 0x4,
    0x8f, 0xd8, 0x88, 0x88, 0x88, 0x70, 0x0, 0xfd,
    0x0, 0x0, 0x0, 0x0, 0x0, 0xb, 0xf2, 0x0,
    0x0, 0x0, 0x0, 0x0, 0x4f, 0xc0, 0x0, 0x0,
    0x11, 0x0, 0x0, 0x8f, 0xe9, 0x89, 0xcf, 0x50,
    0x0, 0x0, 0x5b, 0xef, 0xfc, 0x81,

    /* U+04BD "ҽ" */
    0x0, 0x0, 0x7d, 0xfd, 0x50, 0x0, 0x0, 0x9f,
    0x96, 0xbf, 0x40, 0x89, 0x1f, 0xa0, 0x0, 0xec,
    0xb, 0xc6, 0xf6, 0x0, 0xb, 0xf0, 0x5f, 0xff,
    0xff, 0xff, 0xff, 0x0, 0x19, 0xf7, 0x33, 0x33,
    0x30, 0x0, 0x4f, 0x90, 0x0, 0x0, 0x0, 0x0,
    0xbf, 0xa7, 0x79, 0x80, 0x0, 0x0, 0x7d, 0xff,
    0xc5, 0x0,

    /* U+04BE "Ҿ" */
    0x0, 0x0, 0x6, 0xcf, 0xfd, 0x70, 0x0, 0x0,
    0xa, 0xfe, 0xa9, 0xcf, 0xb0, 0x0, 0x5, 0xfb,
    0x0, 0x0, 0x8f, 0x59, 0xd0, 0xcf, 0x10, 0x0,
    0x1, 0xfb, 0xae, 0x1f, 0xc0, 0x0, 0x0, 0xe,
    0xe6, 0xff, 0xff, 0xff, 0xff, 0xff, 0xff, 0x4,
    0x8f, 0xd8, 0x88, 0x88, 0x88, 0x70, 0x0, 0xed,
    0x0, 0x0, 0x0, 0x0, 0x0, 0xb, 0xf2, 0x0,
    0x0, 0x0, 0x0, 0x0, 0x3f, 0xc0, 0x0, 0x0,
    0x1, 0x0, 0x0, 0x9f, 0xe9, 0x78, 0xbf, 0x50,
    0x0, 0x0, 0x5c, 0xff, 0xfd, 0x91, 0x0, 0x0,
    0x0, 0xa, 0xf0, 0x0, 0x0, 0x0, 0x0, 0x0,
    0xaf, 0x0, 0x0, 0x0, 0x0, 0x0, 0xa, 0xf0,
    0x0, 0x0,

    /* U+04BF "ҿ" */
    0x0, 0x0, 0x7d, 0xfd, 0x50, 0x0, 0x0, 0x9f,
    0x96, 0xbf, 0x40, 0x89, 0x1f, 0xa0, 0x0, 0xec,
    0xb, 0xc6, 0xf6, 0x0, 0xb, 0xf0, 0x5f, 0xff,
    0xff, 0xff, 0xff, 0x0, 0x18, 0xf7, 0x33, 0x33,
    0x30, 0x0, 0x3f, 0x90, 0x0, 0x0, 0x0, 0x0,
    0xbf, 0xa6, 0x68, 0x70, 0x0, 0x0, 0x8e, 0xff,
    0xd5, 0x0, 0x0, 0x0, 0x5f, 0x40, 0x0, 0x0,
    0x0, 0x5, 0xf4, 0x0, 0x0, 0x0, 0x0, 0x5f,
    0x40, 0x0,

    /* U+04C0 "Ӏ" */
    0x6f, 0xff, 0xf0, 0x5, 0xfd, 0x30, 0x0, 0xfb,
    0x0, 0x0, 0xfb, 0x0, 0x0, 0xfb, 0x0, 0x0,
    0xfb, 0x0, 0x0, 0xfb, 0x0, 0x0, 0xfb, 0x0,
    0x0, 0xfb, 0x0, 0x0, 0xfb, 0x0, 0x5, 0xfd,
    0x30, 0x6f, 0xff, 0xf0,

    /* U+04C1 "Ӂ" */
    0x0, 0x0, 0x2, 0x0, 0x2, 0x0, 0x0, 0x0,
    0x0, 0x0, 0xf9, 0x9, 0xf1, 0x0, 0x0, 0x0,
    0x0, 0x6, 0xff, 0xf6, 0x0, 0x0, 0x0, 0x0,
    0x0, 0x0, 0x10, 0x0, 0x0, 0x0, 0x4f, 0x70,
    0x0, 0x6f, 0x40, 0x0, 0xaf, 0x30, 0xaf, 0x20,
    0x6, 0xf4, 0x0, 0x3f, 0x90, 0x1, 0xfb, 0x0,
    0x6f, 0x40, 0xd, 0xe0, 0x0, 0x6, 0xf5, 0x6,
    0xf4, 0x7, 0xf5, 0x0, 0x0, 0xc, 0xe1, 0x6f,
    0x42, 0xfb, 0x0, 0x0, 0x0, 0x3f, 0xff, 0xff,
    0xff, 0x20, 0x0, 0x0, 0x9, 0xf9, 0xbf, 0xaa,
    0xf7, 0x0, 0x0, 0x3, 0xfb, 0x6, 0xf4, 0xd,
    0xf1, 0x0, 0x0, 0xcf, 0x20, 0x6f, 0x40, 0x4f,
    0xa0, 0x0, 0x6f, 0x80, 0x6, 0xf4, 0x0, 0xaf,
    0x40, 0x1e, 0xe0, 0x0, 0x6f, 0x40, 0x1, 0xfd,
    0xa, 0xf5, 0x0, 0x6, 0xf4, 0x0, 0x7, 0xf8,

    /* U+04C2 "ӂ" */
    0x0, 0x2, 0x81, 0x4, 0x70, 0x0, 0x0, 0x0,
    0x1f, 0x80, 0xdb, 0x0, 0x0, 0x0, 0x0, 0x6f,
    0xfd, 0x20, 0x0, 0x0, 0x0, 0x0, 0x1, 0x0,
    0x0, 0x0, 0x5f, 0x60, 0x8, 0xf2, 0x0, 0xce,
    0x10, 0xbe, 0x10, 0x8f, 0x20, 0x5f, 0x50, 0x2,
    0xf9, 0x8, 0xf2, 0xe, 0xb0, 0x0, 0x7, 0xf4,
    0x8f, 0x39, 0xf2, 0x0, 0x0, 0xf, 0xff, 0xff,
    0xfa, 0x0, 0x0, 0x8, 0xf7, 0xaf, 0x6b, 0xf3,
    0x0, 0x3, 0xfa, 0x8, 0xf2, 0x1e, 0xd0, 0x0,
    0xde, 0x10, 0x8f, 0x20, 0x6f, 0x80, 0x8f, 0x50,
    0x8, 0xf2, 0x0, 0xbf, 0x30,

    /* U+04C3 "Ӄ" */
    0x7f, 0x40, 0x0, 0x6f, 0x90, 0x7f, 0x40, 0x3,
    0xfc, 0x0, 0x7f, 0x40, 0x1e, 0xe1, 0x0, 0x7f,
    0x40, 0xcf, 0x20, 0x0, 0x7f, 0x48, 0xf5, 0x0,
    0x0, 0x7f, 0x8f, 0x90, 0x0, 0x0, 0x7f, 0xff,
    0xff, 0xc5, 0x0, 0x7f, 0x95, 0x58, 0xef, 0x70,
    0x7f, 0x40, 0x0, 0x1d, 0xf2, 0x7f, 0x40, 0x0,
    0x5, 0xf7, 0x7f, 0x40, 0x0, 0x2, 0xf9, 0x7f,
    0x40, 0x0, 0x3, 0xf8, 0x0, 0x0, 0x0, 0x6,
    0xf6, 0x0, 0x0, 0x0, 0x1d, 0xf1, 0x0, 0xc,
    0x9a, 0xef, 0x70, 0x0, 0xc, 0xff, 0xc5, 0x0,

    /* U+04C4 "ӄ" */
    0xaf, 0x0, 0xc, 0xe2, 0xaf, 0x0, 0xbf, 0x30,
    0xaf, 0x9, 0xf4, 0x0, 0xaf, 0x8f, 0x50, 0x0,
    0xaf, 0xff, 0xfc, 0x30, 0xaf, 0x54, 0x7f, 0xf2,
    0xaf, 0x0, 0x4, 0xf8, 0xaf, 0x0, 0x0, 0xfb,
    0xaf, 0x0, 0x0, 0xdc, 0x0, 0x0, 0x0, 0xfb,
    0x0, 0x0, 0x5, 0xf7, 0x0, 0x78, 0x9f, 0xe1,
    0x0, 0x6e, 0xfb, 0x20,

    /* U+04C5 "Ӆ" */
    0x0, 0xa, 0xff, 0xff, 0xff, 0x0, 0x0, 0xb,
    0xe8, 0x88, 0xef, 0x0, 0x0, 0xd, 0xc0, 0x0,
    0xcf, 0x0, 0x0, 0xf, 0xa0, 0x0, 0xcf, 0x0,
    0x0, 0x2f, 0x70, 0x0, 0xcf, 0x0, 0x0, 0x4f,
    0x50, 0x0, 0xcf, 0x0, 0x0, 0x6f, 0x30, 0x0,
    0xcf, 0x0, 0x0, 0x9f, 0x10, 0x0, 0xcf, 0x0,
    0x0, 0xce, 0x0, 0x0, 0xcf, 0x0, 0x1, 0xfa,
    0x0, 0x0, 0xcf, 0x0, 0x6a, 0xf4, 0x0, 0x0,
    0xcf, 0xc8, 0xff, 0x80, 0x0, 0x0, 0xcf, 0xf8,
    0x0, 0x0, 0x0, 0x0, 0x3, 0xf4, 0x0, 0x0,
    0x0, 0x0, 0xa, 0xf0, 0x0, 0x0, 0x0, 0x0,
    0x1f, 0xc0,

    /* U+04C6 "ӆ" */
    0x0, 0x6f, 0xff, 0xff, 0x30, 0x0, 0x7f, 0x76,
    0xaf, 0x30, 0x0, 0x9f, 0x0, 0x7f, 0x30, 0x0,
    0xbe, 0x0, 0x7f, 0x30, 0x0, 0xdc, 0x0, 0x7f,
    0x30, 0x0, 0xf9, 0x0, 0x7f, 0x30, 0x5, 0xf5,
    0x0, 0x7f, 0x30, 0x5e, 0xe0, 0x0, 0x7f, 0x85,
    0xee, 0x40, 0x0, 0x7f, 0xfb, 0x0, 0x0, 0x0,
    0x0, 0xe8, 0x0, 0x0, 0x0, 0x4, 0xf4, 0x0,
    0x0, 0x0, 0x9, 0xf0, 0x0, 0x0, 0x0, 0x0,
    0x10,

    /* U+04C7 "Ӈ" */
    0x7f, 0x40, 0x0, 0x4, 0xf7, 0x7f, 0x40, 0x0,
    0x4, 0xf7, 0x7f, 0x40, 0x0, 0x4, 0xf7, 0x7f,
    0x40, 0x0, 0x4, 0xf7, 0x7f, 0x40, 0x0, 0x4,
    0xf7, 0x7f, 0xff, 0xff, 0xff, 0xf7, 0x7f, 0xa8,
    0x88, 0x8a, 0xf7, 0x7f, 0x40, 0x0, 0x4, 0xf7,
    0x7f, 0x40, 0x0, 0x4, 0xf7, 0x7f, 0x40, 0x0,
    0x4, 0xf7, 0x7f, 0x40, 0x0, 0x4, 0xf6, 0x7f,
    0x40, 0x0, 0x5, 0xf6, 0x0, 0x0, 0x0, 0x8,
    0xf4, 0x0, 0x0, 0x0, 0x2e, 0xe0, 0x0, 0x1c,
    0x9a, 0xef, 0x50, 0x0, 0x1c, 0xff, 0xc4, 0x0,

    /* U+04C8 "ӈ" */
    0xaf, 0x0, 0x0, 0xbf, 0xaf, 0x0, 0x0, 0xbf,
    0xaf, 0x0, 0x0, 0xbf, 0xaf, 0x11, 0x11, 0xbf,
    0xaf, 0xff, 0xff, 0xff, 0xaf, 0x44, 0x44, 0xcf,
    0xaf, 0x0, 0x0, 0xbf, 0xaf, 0x0, 0x0, 0xbf,
    0xaf, 0x0, 0x0, 0xbf, 0x0, 0x0, 0x0, 0xce,
    0x0, 0x0, 0x1, 0xfb, 0x0, 0x3a, 0x8d, 0xf4,
    0x0, 0x2d, 0xfd, 0x50,

    /* U+04C9 "Ӊ" */
    0x7f, 0x40, 0x0, 0x4, 0xf7, 0x0, 0x7f, 0x40,
    0x0, 0x4, 0xf7, 0x0, 0x7f, 0x40, 0x0, 0x4,
    0xf7, 0x0, 0x7f, 0x40, 0x0, 0x4, 0xf7, 0x0,
    0x7f, 0x40, 0x0, 0x4, 0xf7, 0x0, 0x7f, 0xff,
    0xff, 0xff, 0xf7, 0x0, 0x7f, 0xa8, 0x88, 0x8a,
    0xf7, 0x0, 0x7f, 0x40, 0x0, 0x4, 0xf7, 0x0,
    0x7f, 0x40, 0x0, 0x4, 0xf7, 0x0, 0x7f, 0x40,
    0x0, 0x4, 0xf7, 0x0, 0x7f, 0x40, 0x0, 0x4,
    0xfd, 0xc2, 0x7f, 0x40, 0x0, 0x4, 0xff, 0xf0,
    0x0, 0x0, 0x0, 0x0, 0xc, 0xb0, 0x0, 0x0,
    0x0, 0x0, 0x3f, 0x70, 0x0, 0x0, 0x0, 0x0,
    0xaf, 0x30,

    /* U+04CA "ӊ" */
    0xaf, 0x0, 0x0, 0xbf, 0x0, 0xaf, 0x0, 0x0,
    0xbf, 0x0, 0xaf, 0x0, 0x0, 0xbf, 0x0, 0xaf,
    0x11, 0x11, 0xbf, 0x0, 0xaf, 0xff, 0xff, 0xff,
    0x0, 0xaf, 0x44, 0x44, 0xcf, 0x0, 0xaf, 0x0,
    0x0, 0xbf, 0x0, 0xaf, 0x0, 0x0, 0xbf, 0x74,
    0xaf, 0x0, 0x0, 0xbf, 0xf7, 0x0, 0x0, 0x0,
    0x3, 0xf3, 0x0, 0x0, 0x0, 0x8, 0xf0, 0x0,
    0x0, 0x0, 0xd, 0xc0,

    /* U+04CB "Ӌ" */
    0xcf, 0x0, 0x0, 0xe, 0xdc, 0xf0, 0x0, 0x0,
    0xed, 0xcf, 0x0, 0x0, 0xe, 0xdc, 0xf0, 0x0,
    0x0, 0xed, 0xcf, 0x0, 0x0, 0xe, 0xdb, 0xf2,
    0x0, 0x0, 0xed, 0x5f, 0xe9, 0x9b, 0xff, 0xd0,
    0x6d, 0xfe, 0xc7, 0xed, 0x0, 0x0, 0x0, 0xe,
    0xd0, 0x0, 0x0, 0x0, 0xed, 0x0, 0x0, 0x4,
    0xbf, 0xd0, 0x0, 0x0, 0x6f, 0xfd, 0x0, 0x0,
    0x6, 0xf4, 0x0, 0x0, 0x0, 0x6f, 0x40, 0x0,
    0x0, 0x6, 0xf4, 0x0,

    /* U+04CC "ӌ" */
    0xed, 0x0, 0x0, 0xfb, 0xed, 0x0, 0x0, 0xfb,
    0xed, 0x0, 0x0, 0xfb, 0xdd, 0x0, 0x0, 0xfb,
    0xaf, 0x42, 0x4b, 0xfb, 0x2e, 0xff, 0xf9, 0xfb,
    0x0, 0x32, 0x0, 0xfb, 0x0, 0x0, 0x37, 0xfb,
    0x0, 0x0, 0x6f, 0xfb, 0x0, 0x0, 0x6f, 0x30,
    0x0, 0x0, 0x6f, 0x30, 0x0, 0x0, 0x6f, 0x30,

    /* U+04CD "Ӎ" */
    0x7f, 0xf2, 0x0, 0x0, 0x7, 0xff, 0x20, 0x7,
    0xff, 0x80, 0x0, 0x0, 0xdf, 0xf2, 0x0, 0x7f,
    0xbd, 0x0, 0x0, 0x2f, 0xbf, 0x20, 0x7, 0xf6,
    0xf3, 0x0, 0x8, 0xe7, 0xf2, 0x0, 0x7f, 0x2f,
    0x80, 0x0, 0xe9, 0x8f, 0x20, 0x7, 0xf1, 0xbe,
    0x0, 0x3f, 0x38, 0xf2, 0x0, 0x7f, 0x15, 0xf3,
    0x9, 0xe0, 0x8f, 0x20, 0x7, 0xf1, 0xf, 0x90,
    0xe8, 0x8, 0xf2, 0x0, 0x7f, 0x10, 0xae, 0x5f,
    0x30, 0x8f, 0x20, 0x7, 0xf1, 0x5, 0xfe, 0xd0,
    0x8, 0xf2, 0x0, 0x7f, 0x10, 0xf, 0xf8, 0x0,
    0x8f, 0xcb, 0x7, 0xf1, 0x0, 0xaf, 0x20, 0x8,
    0xff, 0xb0, 0x0, 0x0, 0x0, 0x0, 0x0, 0x1,
    0xf7, 0x0, 0x0, 0x0, 0x0, 0x0, 0x0, 0x7f,
    0x30, 0x0, 0x0, 0x0, 0x0, 0x0, 0xe, 0xe0,
    0x0,

    /* U+04CE "ӎ" */
    0xaf, 0xd0, 0x0, 0x6, 0xff, 0x10, 0xaf, 0xf3,
    0x0, 0xc, 0xff, 0x10, 0xad, 0xe9, 0x0, 0x2f,
    0xcf, 0x10, 0xad, 0x8e, 0x0, 0x8e, 0x8f, 0x10,
    0xae, 0x2f, 0x50, 0xe8, 0x7f, 0x10, 0xae, 0xc,
    0xa4, 0xf2, 0x7f, 0x10, 0xae, 0x6, 0xfc, 0xc0,
    0x7f, 0x10, 0xae, 0x1, 0xff, 0x60, 0x7f, 0x75,
    0xae, 0x0, 0xaf, 0x10, 0x7f, 0xf8, 0x0, 0x0,
    0x0, 0x0, 0x1, 0xf5, 0x0, 0x0, 0x0, 0x0,
    0x7, 0xf1, 0x0, 0x0, 0x0, 0x0, 0xc, 0xd0,

    /* U+04CF "ӏ" */
    0x6f, 0xff, 0xf0, 0x5, 0xfd, 0x30, 0x0, 0xfb,
    0x0, 0x0, 0xfb, 0x0, 0x0, 0xfb, 0x0, 0x0,
    0xfb, 0x0, 0x0, 0xfb, 0x0, 0x0, 0xfb, 0x0,
    0x0, 0xfb, 0x0, 0x0, 0xfb, 0x0, 0x5, 0xfd,
    0x30, 0x6f, 0xff, 0xf0,

    /* U+04D0 "Ӑ" */
    0x0, 0x1, 0x0, 0x11, 0x0, 0x0, 0x4, 0xf5,
    0xc, 0xc0, 0x0, 0x0, 0x9, 0xff, 0xe3, 0x0,
    0x0, 0x0, 0x0, 0x10, 0x0, 0x0, 0x0, 0x0,
    0xdf, 0x40, 0x0, 0x0, 0x0, 0x3f, 0xfa, 0x0,
    0x0, 0x0, 0x9, 0xf9, 0xf0, 0x0, 0x0, 0x0,
    0xeb, 0x4f, 0x60, 0x0, 0x0, 0x4f, 0x60, 0xec,
    0x0, 0x0, 0xa, 0xf1, 0x9, 0xf1, 0x0, 0x0,
    0xfb, 0x0, 0x3f, 0x70, 0x0, 0x5f, 0xff, 0xff,
    0xfd, 0x0, 0xb, 0xf8, 0x88, 0x8c, 0xf3, 0x1,
    0xfb, 0x0, 0x0, 0x4f, 0x80, 0x7f, 0x50, 0x0,
    0x0, 0xee, 0xd, 0xf0, 0x0, 0x0, 0x8, 0xf4,

    /* U+04D1 "ӑ" */
    0x0, 0x65, 0x1, 0x82, 0x0, 0xae, 0x16, 0xf2,
    0x0, 0x2d, 0xff, 0x70, 0x0, 0x0, 0x10, 0x0,
    0x1, 0x9d, 0xfe, 0x90, 0x1, 0xe8, 0x6a, 0xf9,
    0x0, 0x0, 0x0, 0xed, 0x0, 0x0, 0x0, 0xce,
    0x2, 0xad, 0xff, 0xfe, 0xe, 0xe5, 0x32, 0xde,
    0x3f, 0x80, 0x0, 0xee, 0x1f, 0xd4, 0x4b, 0xfe,
    0x5, 0xdf, 0xd7, 0x7e,

    /* U+04D2 "Ӓ" */
    0x0, 0x1e, 0x50, 0xd7, 0x0, 0x0, 0x0, 0xa3,
    0x9, 0x50, 0x0, 0x0, 0x0, 0x0, 0x0, 0x0,
    0x0, 0x0, 0xd, 0xf4, 0x0, 0x0, 0x0, 0x3,
    0xff, 0xa0, 0x0, 0x0, 0x0, 0x9f, 0x9f, 0x0,
    0x0, 0x0, 0xe, 0xb4, 0xf6, 0x0, 0x0, 0x4,
    0xf6, 0xe, 0xc0, 0x0, 0x0, 0xaf, 0x10, 0x9f,
    0x10, 0x0, 0xf, 0xb0, 0x3, 0xf7, 0x0, 0x5,
    0xff, 0xff, 0xff, 0xd0, 0x0, 0xbf, 0x88, 0x88,
    0xcf, 0x30, 0x1f, 0xb0, 0x0, 0x4, 0xf8, 0x7,
    0xf5, 0x0, 0x0, 0xe, 0xe0, 0xdf, 0x0, 0x0,
    0x0, 0x8f, 0x40,

    /* U+04D3 "ӓ" */
    0x0, 0xab, 0x8, 0xd0, 0x0, 0x78, 0x5, 0x90,
    0x0, 0x0, 0x0, 0x0, 0x1, 0x9d, 0xfe, 0x90,
    0x1, 0xe8, 0x6a, 0xf9, 0x0, 0x0, 0x0, 0xed,
    0x0, 0x0, 0x0, 0xce, 0x2, 0xad, 0xff, 0xfe,
    0xe, 0xe5, 0x32, 0xde, 0x3f, 0x80, 0x0, 0xee,
    0x1f, 0xd4, 0x4b, 0xfe, 0x5, 0xdf, 0xd7, 0x7e,

    /* U+04D4 "Ӕ" */
    0x0, 0x0, 0x0, 0xef, 0xff, 0xff, 0xff, 0x70,
    0x0, 0x0, 0x5f, 0x9d, 0xf8, 0x88, 0x83, 0x0,
    0x0, 0xc, 0xd0, 0xbf, 0x0, 0x0, 0x0, 0x0,
    0x3, 0xf7, 0xb, 0xf0, 0x0, 0x0, 0x0, 0x0,
    0xaf, 0x10, 0xbf, 0x0, 0x0, 0x0, 0x0, 0x2f,
    0x90, 0xb, 0xff, 0xff, 0xf3, 0x0, 0x9, 0xf2,
    0x0, 0xbf, 0x88, 0x88, 0x10, 0x0, 0xff, 0xff,
    0xff, 0xf0, 0x0, 0x0, 0x0, 0x7f, 0xa8, 0x88,
    0xef, 0x0, 0x0, 0x0, 0xe, 0xd0, 0x0, 0xb,
    0xf0, 0x0, 0x0, 0x5, 0xf6, 0x0, 0x0, 0xbf,
    0x88, 0x88, 0x30, 0xcf, 0x0, 0x0, 0xb, 0xff,
    0xff, 0xf7,

    /* U+04D5 "ӕ" */
    0x2, 0xad, 0xfd, 0x62, 0xbf, 0xe8, 0x0, 0x3,
    0xd8, 0x6c, 0xfe, 0xd6, 0x9f, 0x90, 0x0, 0x0,
    0x1, 0xff, 0x20, 0xb, 0xf0, 0x0, 0x0, 0x0,
    0xfe, 0x0, 0x7, 0xf3, 0x3, 0xbe, 0xff, 0xff,
    0xff, 0xff, 0xf4, 0x1f, 0xe6, 0x33, 0xfd, 0x33,
    0x33, 0x30, 0x3f, 0x80, 0x2, 0xff, 0x20, 0x0,
    0x0, 0x1f, 0xe7, 0x8e, 0xae, 0xe8, 0x78, 0xb0,
    0x5, 0xdf, 0xe7, 0x2, 0xbf, 0xfd, 0x70,

    /* U+04D6 "Ӗ" */
    0x1, 0x10, 0x1, 0x0, 0xbe, 0x13, 0xf6, 0x2,
    0xdf, 0xfb, 0x0, 0x0, 0x11, 0x0, 0x7f, 0xff,
    0xff, 0xf7, 0xfa, 0x88, 0x87, 0x7f, 0x40, 0x0,
    0x7, 0xf4, 0x0, 0x0, 0x7f, 0x40, 0x0, 0x7,
    0xff, 0xff, 0xfa, 0x7f, 0xa8, 0x88, 0x57, 0xf4,
    0x0, 0x0, 0x7f, 0x40, 0x0, 0x7, 0xf4, 0x0,
    0x0, 0x7f, 0xa8, 0x88, 0x87, 0xff, 0xff, 0xff,

    /* U+04D7 "ӗ" */
    0x0, 0x65, 0x0, 0x83, 0x0, 0x9, 0xe1, 0x6f,
    0x30, 0x0, 0x1d, 0xff, 0x70, 0x0, 0x0, 0x1,
    0x0, 0x0, 0x0, 0x4c, 0xfe, 0x90, 0x0, 0x4f,
    0xd6, 0x8f, 0x90, 0xc, 0xf1, 0x0, 0x9f, 0x10,
    0xfb, 0x0, 0x6, 0xf4, 0x2f, 0xff, 0xff, 0xff,
    0x60, 0xfb, 0x33, 0x33, 0x31, 0xd, 0xe1, 0x0,
    0x0, 0x0, 0x4f, 0xd8, 0x68, 0xc0, 0x0, 0x3b,
    0xff, 0xd8, 0x0,

    /* U+04D8 "Ә" */
    0x7, 0xce, 0xfe, 0xb4, 0x0, 0x4, 0xfc, 0x98,
    0x9e, 0xf8, 0x0, 0x11, 0x0, 0x0, 0xb, 0xf5,
    0x0, 0x0, 0x0, 0x0, 0x2f, 0xc0, 0x0, 0x0,
    0x0, 0x0, 0xcf, 0x18, 0x88, 0x88, 0x88, 0x8d,
    0xf2, 0xef, 0xff, 0xff, 0xff, 0xff, 0x2d, 0xe0,
    0x0, 0x0, 0xb, 0xf1, 0xaf, 0x10, 0x0, 0x0,
    0xed, 0x4, 0xf9, 0x0, 0x0, 0xaf, 0x60, 0xa,
    0xfc, 0x89, 0xdf, 0xa0, 0x0, 0x6, 0xcf, 0xfc,
    0x60, 0x0,

    /* U+04D9 "ә" */
    0x6, 0xdf, 0xfc, 0x50, 0x0, 0xa9, 0x77, 0xdf,
    0x60, 0x0, 0x0, 0x0, 0xdf, 0x0, 0x0, 0x0,
    0x8, 0xf3, 0x3f, 0xff, 0xff, 0xff, 0x52, 0xfa,
    0x33, 0x3a, 0xf3, 0xf, 0xc0, 0x0, 0xcf, 0x0,
    0x7f, 0x96, 0xbf, 0x70, 0x0, 0x7e, 0xfd, 0x60,
    0x0,

    /* U+04DA "Ӛ" */
    0x0, 0x6e, 0x14, 0xe2, 0x0, 0x0, 0x3, 0xa0,
    0x2b, 0x10, 0x0, 0x0, 0x0, 0x0, 0x0, 0x0,
    0x0, 0x7c, 0xef, 0xeb, 0x40, 0x0, 0x4f, 0xc9,
    0x89, 0xef, 0x80, 0x1, 0x10, 0x0, 0x0, 0xbf,
    0x50, 0x0, 0x0, 0x0, 0x2, 0xfc, 0x0, 0x0,
    0x0, 0x0, 0xc, 0xf1, 0x88, 0x88, 0x88, 0x88,
    0xdf, 0x2e, 0xff, 0xff, 0xff, 0xff, 0xf2, 0xde,
    0x0, 0x0, 0x0, 0xbf, 0x1a, 0xf1, 0x0, 0x0,
    0xe, 0xd0, 0x4f, 0x90, 0x0, 0xa, 0xf6, 0x0,
    0xaf, 0xc8, 0x9d, 0xfa, 0x0, 0x0, 0x6c, 0xff,
    0xc6, 0x0, 0x0,

    /* U+04DB "ӛ" */
    0x0, 0xb9, 0x9, 0xb0, 0x0, 0x8, 0x60, 0x68,
    0x0, 0x0, 0x0, 0x0, 0x0, 0x0, 0x6d, 0xff,
    0xc5, 0x0, 0xa, 0x97, 0x7d, 0xf6, 0x0, 0x0,
    0x0, 0xd, 0xf0, 0x0, 0x0, 0x0, 0x8f, 0x33,
    0xff, 0xff, 0xff, 0xf5, 0x2f, 0xa3, 0x33, 0xaf,
    0x30, 0xfc, 0x0, 0xc, 0xf0, 0x7, 0xf9, 0x6b,
    0xf7, 0x0, 0x7, 0xef, 0xd6, 0x0,

    /* U+04DC "Ӝ" */
    0x0, 0x0, 0xc, 0x80, 0xab, 0x0, 0x0, 0x0,
    0x0, 0x0, 0x86, 0x7, 0x80, 0x0, 0x0, 0x0,
    0x0, 0x0, 0x0, 0x0, 0x0, 0x0, 0x4, 0xf7,
    0x0, 0x6, 0xf4, 0x0, 0xa, 0xf3, 0xa, 0xf2,
    0x0, 0x6f, 0x40, 0x3, 0xf9, 0x0, 0x1f, 0xb0,
    0x6, 0xf4, 0x0, 0xde, 0x0, 0x0, 0x6f, 0x50,
    0x6f, 0x40, 0x7f, 0x50, 0x0, 0x0, 0xce, 0x16,
    0xf4, 0x2f, 0xb0, 0x0, 0x0, 0x3, 0xff, 0xff,
    0xff, 0xf2, 0x0, 0x0, 0x0, 0x9f, 0x9b, 0xfa,
    0xaf, 0x70, 0x0, 0x0, 0x3f, 0xb0, 0x6f, 0x40,
    0xdf, 0x10, 0x0, 0xc, 0xf2, 0x6, 0xf4, 0x4,
    0xfa, 0x0, 0x6, 0xf8, 0x0, 0x6f, 0x40, 0xa,
    0xf4, 0x1, 0xee, 0x0, 0x6, 0xf4, 0x0, 0x1f,
    0xd0, 0xaf, 0x50, 0x0, 0x6f, 0x40, 0x0, 0x7f,
    0x80,

    /* U+04DD "ӝ" */
    0x0, 0x0, 0xd6, 0xc, 0x90, 0x0, 0x0, 0x0,
    0xa, 0x40, 0x86, 0x0, 0x0, 0x0, 0x0, 0x0,
    0x0, 0x0, 0x0, 0x5, 0xf6, 0x0, 0x8f, 0x20,
    0xc, 0xe1, 0xb, 0xe1, 0x8, 0xf2, 0x5, 0xf5,
    0x0, 0x2f, 0x90, 0x8f, 0x20, 0xeb, 0x0, 0x0,
    0x7f, 0x48, 0xf3, 0x9f, 0x20, 0x0, 0x0, 0xff,
    0xff, 0xff, 0xa0, 0x0, 0x0, 0x8f, 0x7a, 0xf6,
    0xbf, 0x30, 0x0, 0x3f, 0xa0, 0x8f, 0x21, 0xed,
    0x0, 0xd, 0xe1, 0x8, 0xf2, 0x6, 0xf8, 0x8,
    0xf5, 0x0, 0x8f, 0x20, 0xb, 0xf3,

    /* U+04DE "Ӟ" */
    0x1, 0xe5, 0xd, 0x70, 0x0, 0xa, 0x30, 0x95,
    0x0, 0x0, 0x0, 0x0, 0x0, 0x1, 0x8d, 0xef,
    0xd7, 0x0, 0xe, 0xb9, 0x9d, 0xfa, 0x0, 0x0,
    0x0, 0xd, 0xf0, 0x0, 0x0, 0x0, 0xce, 0x0,
    0x1, 0x23, 0x9f, 0x60, 0x0, 0xef, 0xff, 0x60,
    0x0, 0x4, 0x56, 0xaf, 0x90, 0x0, 0x0, 0x0,
    0xaf, 0x30, 0x0, 0x0, 0x7, 0xf6, 0x0, 0x0,
    0x0, 0xbf, 0x45, 0xea, 0x89, 0xdf, 0xb0, 0x2b,
    0xef, 0xec, 0x60, 0x0,

    /* U+04DF "ӟ" */
    0x6, 0xd0, 0x4e, 0x20, 0x4, 0xa0, 0x3a, 0x10,
    0x0, 0x0, 0x0, 0x0, 0x2a, 0xef, 0xe9, 0x10,
    0x1c, 0x86, 0x9f, 0xb0, 0x0, 0x0, 0xc, 0xe0,
    0x0, 0x11, 0x5f, 0xa0, 0x2, 0xff, 0xfb, 0x0,
    0x0, 0x44, 0x6e, 0xc0, 0x0, 0x0, 0x9, 0xf2,
    0x5a, 0x76, 0x8f, 0xe0, 0x4c, 0xef, 0xea, 0x20,

    /* U+04E0 "Ӡ" */
    0x2f, 0xff, 0xff, 0xff, 0x11, 0x88, 0x88, 0xbf,
    0xc0, 0x0, 0x0, 0x3f, 0xc0, 0x0, 0x0, 0x4f,
    0xc0, 0x0, 0x0, 0x4f, 0xb0, 0x0, 0x0, 0xa,
    0xff, 0xea, 0x20, 0x0, 0x24, 0x59, 0xfe, 0x10,
    0x0, 0x0, 0x7, 0xf7, 0x0, 0x0, 0x0, 0x4f,
    0x81, 0x0, 0x0, 0x9, 0xf5, 0x7e, 0x97, 0x8b,
    0xfc, 0x3, 0xae, 0xff, 0xd7, 0x0,

    /* U+04E1 "ӡ" */
    0x7f, 0xff, 0xff, 0xf6, 0x36, 0x66, 0x6e, 0xf2,
    0x0, 0x0, 0x9f, 0x30, 0x0, 0x8, 0xf5, 0x0,
    0x0, 0x6f, 0x60, 0x0, 0x0, 0xff, 0xc7, 0x0,
    0x0, 0x78, 0xbf, 0xd1, 0x0, 0x0, 0x6, 0xf8,
    0x0, 0x0, 0x0, 0xfc, 0x0, 0x0, 0x0, 0xfb,
    0x0, 0x0, 0x6, 0xf7, 0xbb, 0x87, 0xaf, 0xd0,
    0x5c, 0xef, 0xe9, 0x10,

    /* U+04E2 "Ӣ" */
    0x0, 0x0, 0x0, 0x0, 0x0, 0x0, 0x5f, 0xff,
    0xf9, 0x0, 0x0, 0x13, 0x33, 0x32, 0x0, 0x7f,
    0x40, 0x0, 0x9, 0xfb, 0x7f, 0x40, 0x0, 0x2f,
    0xfb, 0x7f, 0x40, 0x0, 0xbf, 0xfb, 0x7f, 0x40,
    0x5, 0xf7, 0xeb, 0x7f, 0x40, 0xe, 0xd0, 0xfb,
    0x7f, 0x40, 0x8f, 0x50, 0xfb, 0x7f, 0x31, 0xfb,
    0x0, 0xfb, 0x7f, 0x3a, 0xf2, 0x0, 0xfb, 0x7f,
    0x7f, 0x80, 0x0, 0xfb, 0x7f, 0xee, 0x0, 0x0,
    0xfb, 0x7f, 0xf5, 0x0, 0x0, 0xfb, 0x7f, 0xc0,
    0x0, 0x0, 0xfb,

    /* U+04E3 "ӣ" */
    0x0, 0x0, 0x0, 0x0, 0x5, 0xff, 0xff, 0x80,
    0x1, 0x33, 0x33, 0x20, 0xaf, 0x0, 0x7, 0xfd,
    0xaf, 0x0, 0x1f, 0xfd, 0xaf, 0x0, 0x9e, 0xdd,
    0xaf, 0x2, 0xf7, 0xcd, 0xaf, 0xa, 0xd0, 0xcd,
    0xaf, 0x3f, 0x50, 0xdd, 0xae, 0xcc, 0x0, 0xdd,
    0xaf, 0xf3, 0x0, 0xdd, 0xaf, 0xa0, 0x0, 0xdd,

    /* U+04E4 "Ӥ" */
    0x0, 0x2e, 0x41, 0xe6, 0x0, 0x0, 0x1b, 0x20,
    0xa4, 0x0, 0x0, 0x0, 0x0, 0x0, 0x0, 0x7f,
    0x40, 0x0, 0x9, 0xfb, 0x7f, 0x40, 0x0, 0x2f,
    0xfb, 0x7f, 0x40, 0x0, 0xbf, 0xfb, 0x7f, 0x40,
    0x5, 0xf7, 0xeb, 0x7f, 0x40, 0xe, 0xd0, 0xfb,
    0x7f, 0x40, 0x8f, 0x50, 0xfb, 0x7f, 0x31, 0xfb,
    0x0, 0xfb, 0x7f, 0x3a, 0xf2, 0x0, 0xfb, 0x7f,
    0x7f, 0x80, 0x0, 0xfb, 0x7f, 0xee, 0x0, 0x0,
    0xfb, 0x7f, 0xf5, 0x0, 0x0, 0xfb, 0x7f, 0xc0,
    0x0, 0x0, 0xfb,

    /* U+04E5 "ӥ" */
    0x2, 0xe3, 0x1e, 0x50, 0x1, 0xb2, 0xa, 0x30,
    0x0, 0x0, 0x0, 0x0, 0xaf, 0x0, 0x7, 0xfd,
    0xaf, 0x0, 0x1f, 0xfd, 0xaf, 0x0, 0x9e, 0xdd,
    0xaf, 0x2, 0xf7, 0xcd, 0xaf, 0xa, 0xd0, 0xcd,
    0xaf, 0x3f, 0x50, 0xdd, 0xae, 0xcc, 0x0, 0xdd,
    0xaf, 0xf3, 0x0, 0xdd, 0xaf, 0xa0, 0x0, 0xdd,

    /* U+04E6 "Ӧ" */
    0x0, 0x0, 0xe6, 0xd, 0x80, 0x0, 0x0, 0x0,
    0xa4, 0x9, 0x50, 0x0, 0x0, 0x0, 0x0, 0x0,
    0x0, 0x0, 0x0, 0x4, 0xbe, 0xfd, 0x81, 0x0,
    0x0, 0x8f, 0xe9, 0x8b, 0xfe, 0x20, 0x4, 0xfc,
    0x0, 0x0, 0x5f, 0xc0, 0xa, 0xf4, 0x0, 0x0,
    0xb, 0xf3, 0xe, 0xf0, 0x0, 0x0, 0x6, 0xf7,
    0xf, 0xd0, 0x0, 0x0, 0x4, 0xf8, 0xf, 0xd0,
    0x0, 0x0, 0x4, 0xf8, 0xe, 0xf0, 0x0, 0x0,
    0x6, 0xf7, 0xa, 0xf4, 0x0, 0x0, 0xb, 0xf3,
    0x4, 0xfc, 0x0, 0x0, 0x4f, 0xc0, 0x0, 0x8f,
    0xe9, 0x8b, 0xfe, 0x20, 0x0, 0x5, 0xbe, 0xfd,
    0x81, 0x0,

    /* U+04E7 "ӧ" */
    0x0, 0x5e, 0x13, 0xe2, 0x0, 0x3, 0xa0, 0x2b,
    0x10, 0x0, 0x0, 0x0, 0x0, 0x0, 0x4, 0xcf,
    0xea, 0x20, 0x4, 0xfd, 0x78, 0xfe, 0x10, 0xdf,
    0x10, 0x4, 0xf9, 0x1f, 0xb0, 0x0, 0xe, 0xd2,
    0xf9, 0x0, 0x0, 0xde, 0xf, 0xb0, 0x0, 0xe,
    0xd0, 0xcf, 0x10, 0x4, 0xf9, 0x4, 0xfd, 0x78,
    0xfe, 0x20, 0x3, 0xcf, 0xfb, 0x20,

    /* U+04E8 "Ө" */
    0x0, 0x4, 0xbe, 0xfd, 0x81, 0x0, 0x0, 0x8f,
    0xe9, 0x8b, 0xfe, 0x20, 0x4, 0xfb, 0x0, 0x0,
    0x3f, 0xc0, 0xa, 0xf1, 0x0, 0x0, 0x9, 0xf3,
    0xe, 0xd2, 0x22, 0x22, 0x26, 0xf7, 0xf, 0xff,
    0xff, 0xff, 0xff, 0xf8, 0xf, 0xd5, 0x55, 0x55,
    0x57, 0xf8, 0xe, 0xf0, 0x0, 0x0, 0x6, 0xf7,
    0xa, 0xf3, 0x0, 0x0, 0xb, 0xf3, 0x4, 0xfc,
    0x0, 0x0, 0x4f, 0xc0, 0x0, 0x8f, 0xe9, 0x8a,
    0xfe, 0x20, 0x0, 0x5, 0xbe, 0xfd, 0x81, 0x0,

    /* U+04E9 "ө" */
    0x0, 0x4c, 0xfe, 0xa2, 0x0, 0x5f, 0xd8, 0x8f,
    0xe1, 0xd, 0xf1, 0x0, 0x4f, 0x81, 0xfb, 0x11,
    0x11, 0xfd, 0x2f, 0xff, 0xff, 0xff, 0xe1, 0xfc,
    0x44, 0x44, 0xfd, 0xc, 0xe0, 0x0, 0x3f, 0x90,
    0x4f, 0xd7, 0x8e, 0xe1, 0x0, 0x4c, 0xff, 0xa2,
    0x0,

    /* U+04EA "Ӫ" */
    0x0, 0x0, 0xe5, 0xc, 0x80, 0x0, 0x0, 0x0,
    0xa4, 0x9, 0x60, 0x0, 0x0, 0x0, 0x0, 0x0,
    0x0, 0x0, 0x0, 0x4, 0xbe, 0xfd, 0x81, 0x0,
    0x0, 0x8f, 0xe9, 0x8b, 0xfe, 0x20, 0x4, 0xfb,
    0x0, 0x0, 0x3f, 0xc0, 0xa, 0xf1, 0x0, 0x0,
    0x9, 0xf3, 0xe, 0xd2, 0x22, 0x22, 0x26, 0xf7,
    0xf, 0xff, 0xff, 0xff, 0xff, 0xf8, 0xf, 0xd5,
    0x55, 0x55, 0x57, 0xf8, 0xe, 0xf0, 0x0, 0x0,
    0x6, 0xf7, 0xa, 0xf3, 0x0, 0x0, 0xb, 0xf3,
    0x4, 0xfc, 0x0, 0x0, 0x4f, 0xc0, 0x0, 0x8f,
    0xe9, 0x8a, 0xfe, 0x20, 0x0, 0x5, 0xbe, 0xfd,
    0x81, 0x0,

    /* U+04EB "ӫ" */
    0x0, 0x5e, 0x13, 0xe2, 0x0, 0x3, 0xa0, 0x2b,
    0x10, 0x0, 0x0, 0x0, 0x0, 0x0, 0x4, 0xcf,
    0xea, 0x20, 0x5, 0xfd, 0x88, 0xfe, 0x10, 0xdf,
    0x10, 0x4, 0xf8, 0x1f, 0xb1, 0x11, 0x1f, 0xd2,
    0xff, 0xff, 0xff, 0xfe, 0x1f, 0xc4, 0x44, 0x4f,
    0xd0, 0xce, 0x0, 0x3, 0xf9, 0x4, 0xfd, 0x78,
    0xee, 0x10, 0x4, 0xcf, 0xfa, 0x20,

    /* U+04EC "Ӭ" */
    0x2, 0xe5, 0xe, 0x70, 0x0, 0x0, 0xa3, 0xa,
    0x40, 0x0, 0x0, 0x0, 0x0, 0x0, 0x0, 0x18,
    0xdf, 0xfd, 0x70, 0x0, 0xf, 0xc9, 0x9d, 0xfc,
    0x10, 0x0, 0x0, 0x0, 0x8f, 0xa0, 0x0, 0x0,
    0x0, 0xc, 0xf1, 0x0, 0x0, 0x0, 0x8, 0xf5,
    0x0, 0xcf, 0xff, 0xff, 0xf6, 0x0, 0x68, 0x88,
    0x8b, 0xf6, 0x0, 0x0, 0x0, 0x8, 0xf4, 0x0,
    0x0, 0x0, 0xd, 0xf0, 0x0, 0x0, 0x0, 0x8f,
    0x90, 0x2e, 0xa8, 0xad, 0xfc, 0x10, 0x1a, 0xef,
    0xfc, 0x70, 0x0,

    /* U+04ED "ӭ" */
    0xb, 0xa0, 0x8c, 0x0, 0x8, 0x70, 0x68, 0x0,
    0x0, 0x0, 0x0, 0x0, 0x2b, 0xef, 0xd5, 0x0,
    0xb, 0x77, 0xdf, 0x70, 0x0, 0x0, 0xe, 0xf0,
    0x0, 0x11, 0x19, 0xf3, 0x6, 0xff, 0xff, 0xf4,
    0x1, 0x44, 0x4a, 0xf3, 0x0, 0x0, 0xd, 0xf0,
    0x49, 0x77, 0xdf, 0x60, 0x3c, 0xff, 0xc5, 0x0,

    /* U+04EE "Ӯ" */
    0x0, 0x0, 0x0, 0x0, 0x0, 0x0, 0x6f, 0xff,
    0xf8, 0x0, 0x0, 0x13, 0x33, 0x31, 0x0, 0xaf,
    0x30, 0x0, 0x0, 0xfc, 0x3f, 0xa0, 0x0, 0x6,
    0xf5, 0xb, 0xf2, 0x0, 0xd, 0xe0, 0x3, 0xf9,
    0x0, 0x3f, 0x80, 0x0, 0xcf, 0x10, 0xaf, 0x10,
    0x0, 0x4f, 0x81, 0xfa, 0x0, 0x0, 0xc, 0xe7,
    0xf3, 0x0, 0x0, 0x5, 0xff, 0xd0, 0x0, 0x0,
    0x0, 0xdf, 0x60, 0x0, 0x0, 0x2, 0xfd, 0x0,
    0x0, 0x8, 0xae, 0xf4, 0x0, 0x0, 0xa, 0xfd,
    0x50, 0x0, 0x0,

    /* U+04EF "ӯ" */
    0x0, 0x0, 0x0, 0x0, 0x0, 0x3f, 0xff, 0xfa,
    0x0, 0x0, 0x33, 0x33, 0x20, 0xc, 0xf0, 0x0,
    0x8, 0xf4, 0x6f, 0x50, 0x0, 0xde, 0x1, 0xfb,
    0x0, 0x3f, 0x80, 0xa, 0xf1, 0x8, 0xf2, 0x0,
    0x4f, 0x60, 0xdc, 0x0, 0x0, 0xeb, 0x3f, 0x70,
    0x0, 0x8, 0xf8, 0xf1, 0x0, 0x0, 0x2f, 0xfb,
    0x0, 0x0, 0x0, 0xbf, 0x50, 0x0, 0x0, 0xb,
    0xf0, 0x0, 0x0, 0x2, 0xf9, 0x0, 0x0, 0x69,
    0xee, 0x10, 0x0, 0xa, 0xfc, 0x30, 0x0, 0x0,

    /* U+04F0 "Ӱ" */
    0x0, 0x3e, 0x32, 0xe5, 0x0, 0x0, 0x2b, 0x20,
    0xa3, 0x0, 0x0, 0x0, 0x0, 0x0, 0x0, 0xaf,
    0x30, 0x0, 0x0, 0xfc, 0x3f, 0xa0, 0x0, 0x6,
    0xf5, 0xb, 0xf2, 0x0, 0xd, 0xe0, 0x3, 0xf9,
    0x0, 0x3f, 0x80, 0x0, 0xcf, 0x10, 0xaf, 0x10,
    0x0, 0x4f, 0x81, 0xfa, 0x0, 0x0, 0xc, 0xe7,
    0xf3, 0x0, 0x0, 0x5, 0xff, 0xd0, 0x0, 0x0,
    0x0, 0xdf, 0x60, 0x0, 0x0, 0x2, 0xfd, 0x0,
    0x0, 0x8, 0xae, 0xf4, 0x0, 0x0, 0xa, 0xfd,
    0x50, 0x0, 0x0,

    /* U+04F1 "ӱ" */
    0x1, 0xe5, 0xd, 0x70, 0x0, 0xa, 0x30, 0xa5,
    0x0, 0x0, 0x0, 0x0, 0x0, 0xc, 0xf0, 0x0,
    0x8, 0xf4, 0x6f, 0x50, 0x0, 0xde, 0x1, 0xfb,
    0x0, 0x3f, 0x80, 0xa, 0xf1, 0x8, 0xf2, 0x0,
    0x4f, 0x60, 0xdc, 0x0, 0x0, 0xeb, 0x3f, 0x70,
    0x0, 0x8, 0xf8, 0xf1, 0x0, 0x0, 0x2f, 0xfb,
    0x0, 0x0, 0x0, 0xbf, 0x50, 0x0, 0x0, 0xb,
    0xf0, 0x0, 0x0, 0x2, 0xf9, 0x0, 0x0, 0x69,
    0xee, 0x10, 0x0, 0xa, 0xfc, 0x30, 0x0, 0x0,

    /* U+04F2 "Ӳ" */
    0x0, 0x0, 0x5a, 0x26, 0x91, 0x0, 0x1, 0xea,
    0x1f, 0x80, 0x0, 0x9, 0xa0, 0xb9, 0x0, 0x0,
    0x0, 0x0, 0x0, 0x0, 0xaf, 0x30, 0x0, 0x0,
    0xfc, 0x3f, 0xa0, 0x0, 0x6, 0xf5, 0xb, 0xf2,
    0x0, 0xd, 0xe0, 0x3, 0xf9, 0x0, 0x3f, 0x80,
    0x0, 0xcf, 0x10, 0xaf, 0x10, 0x0, 0x4f, 0x81,
    0xfa, 0x0, 0x0, 0xc, 0xe7, 0xf3, 0x0, 0x0,
    0x5, 0xff, 0xd0, 0x0, 0x0, 0x0, 0xdf, 0x60,
    0x0, 0x0, 0x2, 0xfd, 0x0, 0x0, 0x8, 0xae,
    0xf4, 0x0, 0x0, 0xa, 0xfd, 0x50, 0x0, 0x0,

    /* U+04F3 "ӳ" */
    0x0, 0x7, 0x91, 0x79, 0x0, 0x2, 0xf7, 0x3f,
    0x50, 0x0, 0xc8, 0xd, 0x60, 0x0, 0x0, 0x0,
    0x0, 0x0, 0xcf, 0x0, 0x0, 0x8f, 0x46, 0xf5,
    0x0, 0xd, 0xe0, 0xf, 0xb0, 0x3, 0xf8, 0x0,
    0xaf, 0x10, 0x8f, 0x20, 0x4, 0xf6, 0xd, 0xd0,
    0x0, 0xd, 0xb3, 0xf7, 0x0, 0x0, 0x7f, 0x8f,
    0x10, 0x0, 0x1, 0xff, 0xb0, 0x0, 0x0, 0xb,
    0xf5, 0x0, 0x0, 0x0, 0xbf, 0x0, 0x0, 0x0,
    0x3f, 0x90, 0x0, 0x5, 0x7e, 0xf2, 0x0, 0x0,
    0xaf, 0xc3, 0x0, 0x0, 0x0,

    /* U+04F4 "Ӵ" */
    0x0, 0xd7, 0xc, 0x90, 0x0, 0xa, 0x50, 0x86,
    0x0, 0x0, 0x0, 0x0, 0x0, 0xd, 0xe0, 0x0,
    0x4, 0xf7, 0xde, 0x0, 0x0, 0x4f, 0x7d, 0xe0,
    0x0, 0x4, 0xf7, 0xde, 0x0, 0x0, 0x4f, 0x7b,
    0xf0, 0x0, 0x4, 0xf7, 0x8f, 0x91, 0x2, 0x8f,
    0x71, 0xdf, 0xff, 0xff, 0xf7, 0x0, 0x47, 0x74,
    0x5f, 0x70, 0x0, 0x0, 0x4, 0xf7, 0x0, 0x0,
    0x0, 0x4f, 0x70, 0x0, 0x0, 0x4, 0xf7, 0x0,
    0x0, 0x0, 0x4f, 0x70,

    /* U+04F5 "ӵ" */
    0x0, 0x9c, 0x7, 0xd0, 0x0, 0x6, 0x80, 0x4a,
    0x0, 0x0, 0x0, 0x0, 0x0, 0x0, 0xfa, 0x0,
    0x6, 0xf5, 0xf, 0xa0, 0x0, 0x6f, 0x50, 0xfa,
    0x0, 0x6, 0xf5, 0xf, 0xb0, 0x0, 0x6f, 0x50,
    0xcf, 0x52, 0x3a, 0xf5, 0x3, 0xef, 0xff, 0xff,
    0x50, 0x0, 0x34, 0x26, 0xf5, 0x0, 0x0, 0x0,
    0x6f, 0x50, 0x0, 0x0, 0x6, 0xf5,

    /* U+04F6 "Ӷ" */
    0x7f, 0xff, 0xff, 0xf4, 0x7f, 0xa8, 0x88, 0x82,
    0x7f, 0x40, 0x0, 0x0, 0x7f, 0x40, 0x0, 0x0,
    0x7f, 0x40, 0x0, 0x0, 0x7f, 0x40, 0x0, 0x0,
    0x7f, 0x40, 0x0, 0x0, 0x7f, 0x40, 0x0, 0x0,
    0x7f, 0x40, 0x0, 0x0, 0x7f, 0x40, 0x0, 0x0,
    0x7f, 0xda, 0x0, 0x0, 0x7f, 0xfe, 0x0, 0x0,
    0x0, 0xce, 0x0, 0x0, 0x0, 0xce, 0x0, 0x0,
    0x0, 0xce, 0x0, 0x0,

    /* U+04F7 "ӷ" */
    0xaf, 0xff, 0xfc, 0xaf, 0x66, 0x65, 0xaf, 0x0,
    0x0, 0xaf, 0x0, 0x0, 0xaf, 0x0, 0x0, 0xaf,
    0x0, 0x0, 0xaf, 0x0, 0x0, 0xaf, 0x73, 0x0,
    0xaf, 0xf8, 0x0, 0x1, 0xf8, 0x0, 0x1, 0xf8,
    0x0, 0x1, 0xf8, 0x0,

    /* U+04F8 "Ӹ" */
    0x0, 0x5, 0xe2, 0x3e, 0x30, 0x0, 0x0, 0x3,
    0xa0, 0x1b, 0x20, 0x0, 0x0, 0x0, 0x0, 0x0,
    0x0, 0x0, 0x7f, 0x30, 0x0, 0x0, 0x5, 0xf6,
    0x7f, 0x30, 0x0, 0x0, 0x5, 0xf6, 0x7f, 0x30,
    0x0, 0x0, 0x5, 0xf6, 0x7f, 0x30, 0x0, 0x0,
    0x5, 0xf6, 0x7f, 0x52, 0x10, 0x0, 0x5, 0xf6,
    0x7f, 0xff, 0xfe, 0x80, 0x5, 0xf6, 0x7f, 0x75,
    0x6c, 0xf9, 0x5, 0xf6, 0x7f, 0x40, 0x0, 0xef,
    0x5, 0xf6, 0x7f, 0x40, 0x0, 0xbf, 0x5, 0xf6,
    0x7f, 0x40, 0x1, 0xee, 0x5, 0xf6, 0x7f, 0xa8,
    0x9e, 0xf7, 0x5, 0xf6, 0x7f, 0xff, 0xfc, 0x50,
    0x5, 0xf6,

    /* U+04F9 "ӹ" */
    0x0, 0xd, 0x60, 0xc8, 0x0, 0x0, 0x0, 0xa4,
    0x9, 0x60, 0x0, 0x0, 0x0, 0x0, 0x0, 0x0,
    0xa, 0xf0, 0x0, 0x0, 0x7, 0xf4, 0xaf, 0x0,
    0x0, 0x0, 0x7f, 0x4a, 0xf2, 0x10, 0x0, 0x7,
    0xf4, 0xaf, 0xff, 0xfb, 0x20, 0x7f, 0x4a, 0xf5,
    0x47, 0xfd, 0x7, 0xf4, 0xaf, 0x0, 0xa, 0xf1,
    0x7f, 0x4a, 0xf0, 0x0, 0xbf, 0x17, 0xf4, 0xaf,
    0x66, 0x9f, 0xb0, 0x7f, 0x4a, 0xff, 0xfe, 0x91,
    0x7, 0xf4,

    /* U+04FA "Ӻ" */
    0x7, 0xff, 0xff, 0xff, 0x40, 0x7f, 0xa8, 0x88,
    0x82, 0x7, 0xf4, 0x0, 0x0, 0x0, 0x7f, 0x40,
    0x0, 0x0, 0x7, 0xf4, 0x0, 0x0, 0x5, 0xcf,
    0xa8, 0x84, 0x0, 0xaf, 0xff, 0xff, 0x80, 0x0,
    0x7f, 0x40, 0x0, 0x0, 0x7, 0xf4, 0x0, 0x0,
    0x0, 0x7f, 0x40, 0x0, 0x0, 0x7, 0xfa, 0x70,
    0x0, 0x0, 0x7f, 0xfd, 0x0, 0x0, 0x0, 0xb,
    0xd0, 0x0, 0x0, 0x13, 0xec, 0x0, 0x0, 0x6,
    0xff, 0x60, 0x0, 0x0, 0x14, 0x20, 0x0, 0x0,

    /* U+04FB "ӻ" */
    0xb, 0xff, 0xff, 0xd0, 0xbf, 0x77, 0x76, 0xb,
    0xf0, 0x0, 0x1, 0xbf, 0x11, 0x0, 0xef, 0xff,
    0xfa, 0x3, 0xcf, 0x44, 0x20, 0xb, 0xf0, 0x0,
    0x0, 0xbf, 0x52, 0x0, 0xb, 0xff, 0x60, 0x0,
    0x1, 0xf6, 0x0, 0x1, 0x4f, 0x50, 0x0, 0xaf,
    0xe1, 0x0, 0x1, 0x31, 0x0, 0x0,

    /* U+04FC "Ӽ" */
    0x6f, 0x80, 0x0, 0xb, 0xf2, 0x0, 0xcf, 0x20,
    0x5, 0xf8, 0x0, 0x2, 0xfb, 0x0, 0xed, 0x0,
    0x0, 0x8, 0xf4, 0x8f, 0x40, 0x0, 0x0, 0xe,
    0xdf, 0xa0, 0x0, 0x0, 0x0, 0x5f, 0xf1, 0x0,
    0x0, 0x0, 0x9, 0xff, 0x50, 0x0, 0x0, 0x3,
    0xf9, 0xde, 0x0, 0x0, 0x0, 0xce, 0x14, 0xf8,
    0x0, 0x0, 0x6f, 0x60, 0xb, 0xf2, 0x0, 0x1e,
    0xc0, 0x0, 0x2f, 0xd9, 0x2a, 0xf3, 0x0, 0x0,
    0x8f, 0xf3, 0x0, 0x0, 0x0, 0x0, 0x5f, 0x30,
    0x0, 0x0, 0x0, 0x29, 0xf2, 0x0, 0x0, 0x0,
    0xf, 0xfb, 0x0, 0x0, 0x0, 0x0, 0x33, 0x0,

    /* U+04FD "ӽ" */
    0x4f, 0x90, 0x0, 0xde, 0x10, 0xaf, 0x40, 0x8f,
    0x50, 0x1, 0xed, 0x3f, 0xa0, 0x0, 0x4, 0xff,
    0xe1, 0x0, 0x0, 0xd, 0xf8, 0x0, 0x0, 0x7,
    0xfe, 0xf2, 0x0, 0x2, 0xfb, 0x1f, 0xc0, 0x0,
    0xcf, 0x20, 0x6f, 0x84, 0x7f, 0x70, 0x0, 0xcf,
    0xe0, 0x0, 0x0, 0x0, 0x9e, 0x0, 0x0, 0x0,
    0x2b, 0xd0, 0x0, 0x0, 0x2f, 0xf7, 0x0, 0x0,
    0x0, 0x32, 0x0,

    /* U+04FE "Ӿ" */
    0x6f, 0x80, 0x0, 0xb, 0xf2, 0xc, 0xf1, 0x0,
    0x5f, 0x80, 0x3, 0xfa, 0x0, 0xde, 0x0, 0x0,
    0x9f, 0x47, 0xf5, 0x0, 0x0, 0x1e, 0xdf, 0xb0,
    0x0, 0x1f, 0xff, 0xff, 0xff, 0xd0, 0x8, 0x8e,
    0xff, 0xc8, 0x60, 0x0, 0x3f, 0x9e, 0xe0, 0x0,
    0x0, 0xce, 0x15, 0xf8, 0x0, 0x6, 0xf6, 0x0,
    0xbf, 0x30, 0x1f, 0xc0, 0x0, 0x2f, 0xc0, 0xaf,
    0x30, 0x0, 0x8, 0xf6,

    /* U+04FF "ӿ" */
    0x5f, 0x90, 0x0, 0xde, 0x10, 0xaf, 0x30, 0x7f,
    0x50, 0x1, 0xfc, 0x2f, 0xb0, 0x0, 0x17, 0xfe,
    0xf3, 0x0, 0x2f, 0xff, 0xff, 0xfd, 0x0, 0x49,
    0xff, 0xf5, 0x30, 0x1, 0xed, 0x2f, 0xb0, 0x0,
    0xbf, 0x20, 0x7f, 0x60, 0x6f, 0x70, 0x0, 0xcf,
    0x20,

    /* U+0500 "Ԁ" */
    0x0, 0x0, 0x0, 0x2f, 0x90, 0x0, 0x0, 0x2,
    0xf9, 0x0, 0x0, 0x0, 0x2f, 0x90, 0x0, 0x0,
    0x2, 0xf9, 0x0, 0x0, 0x0, 0x2f, 0x90, 0x5,
    0xbe, 0xff, 0xf9, 0x6, 0xfe, 0x98, 0x9f, 0x90,
    0xee, 0x10, 0x2, 0xf9, 0xf, 0xb0, 0x0, 0x2f,
    0x90, 0xee, 0x0, 0x2, 0xf9, 0x8, 0xfe, 0x98,
    0x9f, 0x90, 0x7, 0xdf, 0xff, 0xf9,

    /* U+0501 "ԁ" */
    0x0, 0x0, 0x0, 0xa, 0x60, 0x0, 0x0, 0x1,
    0xf9, 0x0, 0x0, 0x0, 0x1f, 0x90, 0x0, 0x0,
    0x1, 0xf9, 0x0, 0x7e, 0xfc, 0x3f, 0x90, 0x6f,
    0xd8, 0x9e, 0xf9, 0xe, 0xf1, 0x0, 0x7f, 0x91,
    0xfb, 0x0, 0x2, 0xf9, 0x2f, 0x90, 0x0, 0x1f,
    0x91, 0xfb, 0x0, 0x1, 0xf9, 0xe, 0xf0, 0x0,
    0x6f, 0x90, 0x7f, 0xd7, 0x9d, 0xf9, 0x0, 0x7e,
    0xfc, 0x2d, 0x90,

    /* U+0502 "Ԃ" */
    0x0, 0x0, 0x0, 0x8f, 0x30, 0x0, 0x0, 0x0,
    0x0, 0x0, 0x8f, 0x30, 0x0, 0x0, 0x0, 0x0,
    0x0, 0x8f, 0x30, 0x0, 0x0, 0x0, 0x0, 0x0,
    0x8f, 0x30, 0x0, 0x0, 0x0, 0x0, 0x1, 0x9f,
    0x30, 0x1, 0x10, 0x0, 0x6d, 0xff, 0xff, 0x30,
    0x9, 0xf2, 0x7, 0xfc, 0x64, 0xaf, 0x30, 0x9,
    0xf2, 0xe, 0xe0, 0x0, 0x8f, 0x30, 0x9, 0xf2,
    0xf, 0xb0, 0x0, 0x8f, 0x30, 0x9, 0xf1, 0xf,
    0xe0, 0x0, 0xaf, 0x50, 0xc, 0xf0, 0x8, 0xfc,
    0x8b, 0xff, 0xe8, 0xaf, 0xa0, 0x0, 0x8d, 0xfd,
    0x62, 0xbf, 0xe9, 0x10,

    /* U+0503 "ԃ" */
    0x0, 0x0, 0x0, 0x28, 0x20, 0x0, 0x0, 0x0,
    0x0, 0x0, 0x5f, 0x50, 0x0, 0x0, 0x0, 0x0,
    0x0, 0x5f, 0x50, 0x0, 0x0, 0x0, 0x0, 0x0,
    0x5f, 0x50, 0x0, 0x0, 0x0, 0x7e, 0xfb, 0x6f,
    0x50, 0x0, 0x0, 0x7, 0xfc, 0x7a, 0xef, 0x50,
    0x0, 0x0, 0xe, 0xe0, 0x0, 0xaf, 0x50, 0x0,
    0x0, 0x1f, 0xa0, 0x0, 0x6f, 0x50, 0x4, 0xa2,
    0x2f, 0x90, 0x0, 0x4f, 0x50, 0x7, 0xf4, 0x1f,
    0xa0, 0x0, 0x5f, 0x50, 0x7, 0xf3, 0xe, 0xe0,
    0x0, 0x9f, 0x70, 0x9, 0xf2, 0x7, 0xfc, 0x7a,
    0xfd, 0xe8, 0x8f, 0xd0, 0x0, 0x6d, 0xfd, 0x61,
    0xbf, 0xeb, 0x20,

    /* U+0504 "Ԅ" */
    0x6, 0xcf, 0xfd, 0x60, 0x0, 0x0, 0x0, 0x4f,
    0xc8, 0x8d, 0xf7, 0x0, 0x0, 0x0, 0x2, 0x0,
    0x0, 0xfc, 0x0, 0x0, 0x0, 0x0, 0x0, 0x0,
    0xfb, 0x0, 0x0, 0x0, 0x0, 0x22, 0x4c, 0xf3,
    0x0, 0x1, 0x20, 0x4, 0xff, 0xfc, 0x30, 0x0,
    0x9, 0xf1, 0x1, 0x55, 0x7d, 0xf5, 0x0, 0x9,
    0xf1, 0x0, 0x0, 0x0, 0xee, 0x0, 0x9, 0xf1,
    0x0, 0x0, 0x0, 0xaf, 0x10, 0x9, 0xf1, 0x0,
    0x0, 0x0, 0x7f, 0x40, 0xc, 0xf0, 0x0, 0x0,
    0x0, 0x2f, 0xe9, 0xbf, 0xa0, 0x0, 0x0, 0x0,
    0x4, 0xcf, 0xe9, 0x10,

    /* U+0505 "ԅ" */
    0x2a, 0xef, 0xe9, 0x0, 0x0, 0x0, 0x1d, 0x86,
    0x9f, 0xa0, 0x0, 0x0, 0x0, 0x0, 0xc, 0xd0,
    0x0, 0x0, 0x0, 0x1, 0x5f, 0x80, 0x0, 0x56,
    0x0, 0xff, 0xfc, 0x10, 0x0, 0xbf, 0x0, 0x34,
    0x7f, 0xd0, 0x0, 0xbf, 0x0, 0x0, 0x9, 0xf2,
    0x0, 0xde, 0x0, 0x0, 0x5, 0xfd, 0x7a, 0xfa,
    0x0, 0x0, 0x0, 0x7d, 0xfe, 0x91,

    /* U+0506 "Ԇ" */
    0x6, 0xcf, 0xfd, 0x80, 0x0, 0x4, 0xfc, 0x87,
    0xbf, 0xc0, 0x0, 0x2, 0x0, 0x0, 0xbf, 0x10,
    0x0, 0x0, 0x0, 0xb, 0xf0, 0x0, 0x0, 0x11,
    0x39, 0xf6, 0x0, 0x0, 0x5f, 0xff, 0xe5, 0x0,
    0x0, 0x1, 0x44, 0x6b, 0xf8, 0x0, 0x0, 0x0,
    0x0, 0x9, 0xf3, 0x0, 0x0, 0x0, 0x0, 0x5f,
    0x50, 0x0, 0x0, 0x0, 0x4, 0xf6, 0x0, 0x0,
    0x0, 0x0, 0x4f, 0xb9, 0x0, 0x0, 0x0, 0x4,
    0xff, 0xf1, 0x0, 0x0, 0x0, 0x0, 0x9f, 0x10,
    0x0, 0x0, 0x0, 0x9, 0xf1, 0x0, 0x0, 0x0,
    0x0, 0x9f, 0x10,

    /* U+0507 "ԇ" */
    0x2a, 0xef, 0xea, 0x20, 0x1, 0xd8, 0x67, 0xed,
    0x0, 0x0, 0x0, 0x7, 0xf1, 0x0, 0x1, 0x14,
    0xdc, 0x0, 0x0, 0xef, 0xfd, 0x20, 0x0, 0x3,
    0x46, 0xde, 0x10, 0x0, 0x0, 0x4, 0xf5, 0x0,
    0x0, 0x0, 0x4f, 0xa6, 0x0, 0x0, 0x4, 0xff,
    0xe0, 0x0, 0x0, 0x0, 0xae, 0x0, 0x0, 0x0,
    0xa, 0xe0, 0x0, 0x0, 0x0, 0xae,

    /* U+0508 "Ԉ" */
    0x0, 0xa, 0xff, 0xff, 0xfb, 0x0, 0x0, 0x0,
    0x0, 0xce, 0x88, 0x8f, 0xb0, 0x0, 0x0, 0x0,
    0xe, 0xb0, 0x0, 0xfb, 0x0, 0x0, 0x0, 0x0,
    0xf9, 0x0, 0xf, 0xb0, 0x0, 0x0, 0x0, 0x2f,
    0x70, 0x0, 0xfb, 0x0, 0x0, 0x0, 0x4, 0xf5,
    0x0, 0xf, 0xb0, 0x2, 0xf9, 0x0, 0x7f, 0x30,
    0x0, 0xfb, 0x0, 0x2f, 0x90, 0xa, 0xf1, 0x0,
    0xf, 0xb0, 0x2, 0xf9, 0x0, 0xde, 0x0, 0x0,
    0xfb, 0x0, 0x2f, 0x90, 0x2f, 0xa0, 0x0, 0xf,
    0xd0, 0x4, 0xf7, 0x8c, 0xf4, 0x0, 0x0, 0xaf,
    0xb9, 0xef, 0x2e, 0xf8, 0x0, 0x0, 0x1, 0x9e,
    0xfc, 0x40,

    /* U+0509 "ԉ" */
    0x0, 0x6f, 0xff, 0xff, 0x10, 0x0, 0x0, 0x7,
    0xf7, 0x6c, 0xf1, 0x0, 0x0, 0x0, 0x9f, 0x0,
    0xaf, 0x10, 0x0, 0x0, 0xb, 0xe0, 0xa, 0xf1,
    0x0, 0xaa, 0x0, 0xdc, 0x0, 0xaf, 0x10, 0xd,
    0xd0, 0x1f, 0x90, 0x9, 0xf1, 0x0, 0xdd, 0x6,
    0xf5, 0x0, 0x8f, 0x20, 0xf, 0xb7, 0xee, 0x0,
    0x3, 0xfd, 0x7b, 0xf7, 0xde, 0x40, 0x0, 0x5,
    0xdf, 0xe8, 0x0,

    /* U+050A "Ԋ" */
    0x7f, 0x40, 0x0, 0x9, 0xf1, 0x0, 0x0, 0x7f,
    0x40, 0x0, 0x9, 0xf1, 0x0, 0x0, 0x7f, 0x40,
    0x0, 0x9, 0xf1, 0x0, 0x0, 0x7f, 0x40, 0x0,
    0x9, 0xf1, 0x0, 0x0, 0x7f, 0x52, 0x22, 0x2a,
    0xf1, 0x0, 0x11, 0x7f, 0xff, 0xff, 0xff, 0xf1,
    0x0, 0xbf, 0x7f, 0x75, 0x55, 0x5b, 0xf1, 0x0,
    0xbf, 0x7f, 0x40, 0x0, 0x9, 0xf1, 0x0, 0xbf,
    0x7f, 0x40, 0x0, 0x9, 0xf1, 0x0, 0xbf, 0x7f,
    0x40, 0x0, 0x8, 0xf3, 0x0, 0xed, 0x7f, 0x40,
    0x0, 0x3, 0xfe, 0x8b, 0xf8, 0x7f, 0x40, 0x0,
    0x0, 0x5d, 0xfe, 0x80,

    /* U+050B "ԋ" */
    0xaf, 0x0, 0x0, 0xed, 0x0, 0x0, 0xa, 0xf0,
    0x0, 0xe, 0xd0, 0x0, 0x0, 0xaf, 0x0, 0x0,
    0xed, 0x0, 0x0, 0xa, 0xf1, 0x11, 0x1e, 0xd0,
    0x0, 0x74, 0xaf, 0xff, 0xff, 0xfd, 0x0, 0x1f,
    0x9a, 0xf4, 0x44, 0x4e, 0xd0, 0x1, 0xf8, 0xaf,
    0x0, 0x0, 0xce, 0x0, 0x3f, 0x7a, 0xf0, 0x0,
    0x8, 0xfb, 0x7d, 0xf3, 0xaf, 0x0, 0x0, 0x8,
    0xef, 0xd6, 0x0,

    /* U+050C "Ԍ" */
    0x0, 0x2, 0x9d, 0xfe, 0xd8, 0x10, 0x0, 0x5f,
    0xfb, 0x8a, 0xcf, 0x10, 0x2, 0xfe, 0x20, 0x0,
    0x1, 0x0, 0x9, 0xf5, 0x0, 0x0, 0x0, 0x0,
    0xe, 0xf0, 0x0, 0x0, 0x0, 0x0, 0xf, 0xd0,
    0x0, 0x28, 0x88, 0x83, 0xf, 0xc0, 0x0, 0x5f,
    0xff, 0xf6, 0xe, 0xe0, 0x0, 0x0, 0x6, 0xf5,
    0xa, 0xf4, 0x0, 0x0, 0x9, 0xf2, 0x3, 0xfd,
    0x10, 0x0, 0x2f, 0xd0, 0x0, 0x6f, 0xfa, 0x8a,
    0xff, 0x30, 0x0, 0x3, 0xae, 0xfe, 0xa3, 0x0,

    /* U+050D "ԍ" */
    0x0, 0x2a, 0xef, 0xec, 0x50, 0x3, 0xff, 0x97,
    0x8b, 0x60, 0xc, 0xf3, 0x0, 0x0, 0x0, 0x1f,
    0xb0, 0x1, 0x11, 0x10, 0x2f, 0x90, 0xb, 0xff,
    0xf8, 0x1f, 0xb0, 0x3, 0x47, 0xf7, 0xd, 0xf2,
    0x0, 0x7, 0xf4, 0x4, 0xfe, 0x87, 0xaf, 0xc0,
    0x0, 0x3b, 0xef, 0xe8, 0x0,

    /* U+050E "Ԏ" */
    0xdf, 0xff, 0xff, 0xff, 0xb0, 0x6, 0x88, 0xbf,
    0xa8, 0x86, 0x0, 0x0, 0x7, 0xf4, 0x0, 0x0,
    0x0, 0x0, 0x7f, 0x40, 0x0, 0x0, 0x0, 0x7,
    0xf4, 0x0, 0x0, 0x0, 0x0, 0x7f, 0x40, 0x7,
    0xf3, 0x0, 0x7, 0xf4, 0x0, 0x7f, 0x30, 0x0,
    0x7f, 0x40, 0x7, 0xf3, 0x0, 0x7, 0xf4, 0x0,
    0x7f, 0x30, 0x0, 0x6f, 0x60, 0xa, 0xf1, 0x0,
    0x1, 0xff, 0x9a, 0xfc, 0x0, 0x0, 0x3, 0xcf,
    0xea, 0x10,

    /* U+050F "ԏ" */
    0xaf, 0xff, 0xff, 0xf8, 0x0, 0x36, 0x6f, 0xd6,
    0x63, 0x0, 0x0, 0xe, 0xc0, 0x0, 0x0, 0x0,
    0xe, 0xc0, 0x0, 0xc7, 0x0, 0xe, 0xc0, 0x1,
    0xf9, 0x0, 0xe, 0xc0, 0x1, 0xf9, 0x0, 0xc,
    0xe0, 0x3, 0xf7, 0x0, 0x8, 0xfb, 0x7d, 0xf3,
    0x0, 0x0, 0x8e, 0xfd, 0x50,

    /* U+0510 "Ԑ" */
    0x0, 0x5c, 0xef, 0xd9, 0x20, 0x6, 0xfe, 0x88,
    0xbf, 0xc0, 0xc, 0xf1, 0x0, 0x1, 0x10, 0xb,
    0xf0, 0x0, 0x0, 0x0, 0x3, 0xfc, 0x42, 0x11,
    0x0, 0x0, 0x2b, 0xff, 0xf9, 0x0, 0x5, 0xfd,
    0x75, 0x42, 0x0, 0xf, 0xd0, 0x0, 0x0, 0x0,
    0x2f, 0xa0, 0x0, 0x0, 0x0, 0x1f, 0xd0, 0x0,
    0x0, 0x10, 0x8, 0xfe, 0x98, 0x9c, 0xf0, 0x0,
    0x6c, 0xff, 0xec, 0x70,

    /* U+0511 "ԑ" */
    0x1, 0x9e, 0xfe, 0xb3, 0xb, 0xf8, 0x68, 0xd2,
    0xf, 0xa0, 0x0, 0x0, 0xb, 0xe4, 0x10, 0x0,
    0x1, 0xcf, 0xff, 0x0, 0xd, 0xd6, 0x43, 0x0,
    0x4f, 0x60, 0x0, 0x0, 0x1f, 0xe8, 0x67, 0xa7,
    0x3, 0xbf, 0xfe, 0xb3,

    /* U+0512 "Ԓ" */
    0x0, 0xa, 0xff, 0xff, 0xff, 0x0, 0x0, 0xb,
    0xe8, 0x88, 0xef, 0x0, 0x0, 0xd, 0xc0, 0x0,
    0xcf, 0x0, 0x0, 0xf, 0xa0, 0x0, 0xcf, 0x0,
    0x0, 0x2f, 0x80, 0x0, 0xcf, 0x0, 0x0, 0x4f,
    0x50, 0x0, 0xcf, 0x0, 0x0, 0x6f, 0x30, 0x0,
    0xcf, 0x0, 0x0, 0x9f, 0x10, 0x0, 0xcf, 0x0,
    0x0, 0xce, 0x0, 0x0, 0xcf, 0x0, 0x0, 0xfa,
    0x0, 0x0, 0xcf, 0x0, 0x59, 0xf5, 0x0, 0x0,
    0xcf, 0x95, 0xff, 0x80, 0x0, 0x0, 0xcf, 0xf8,
    0x0, 0x0, 0x0, 0x0, 0x0, 0xf8, 0x0, 0x0,
    0x0, 0x0, 0x25, 0xf7, 0x0, 0x0, 0x0, 0x0,
    0xbf, 0xe2, 0x0, 0x0, 0x0, 0x0, 0x24, 0x10,

    /* U+0513 "ԓ" */
    0x0, 0x6f, 0xff, 0xff, 0x30, 0x0, 0x7f, 0x76,
    0xaf, 0x30, 0x0, 0x8f, 0x0, 0x7f, 0x30, 0x0,
    0xae, 0x0, 0x7f, 0x30, 0x0, 0xdc, 0x0, 0x7f,
    0x30, 0x0, 0xf9, 0x0, 0x7f, 0x30, 0x5, 0xf5,
    0x0, 0x7f, 0x30, 0x4d, 0xe0, 0x0, 0x7f, 0x73,
    0xee, 0x40, 0x0, 0x7f, 0xfb, 0x0, 0x0, 0x0,
    0x0, 0xcb, 0x0, 0x0, 0x0, 0x12, 0xea, 0x0,
    0x0, 0x0, 0x5f, 0xf4, 0x0, 0x0, 0x0, 0x4,
    0x20,

    /* U+0514 "Ԕ" */
    0x0, 0xa, 0xff, 0xff, 0x30, 0x0, 0x1e, 0xd0,
    0x0, 0xc, 0xe8, 0x8f, 0xc0, 0x0, 0x9f, 0x30,
    0x0, 0xe, 0xc0, 0x7, 0xf6, 0x3, 0xf9, 0x0,
    0x0, 0xf, 0xa0, 0x0, 0xce, 0x1c, 0xe0, 0x0,
    0x0, 0x2f, 0x80, 0x0, 0x3f, 0xdf, 0x50, 0x0,
    0x0, 0x4f, 0x60, 0x0, 0xa, 0xfc, 0x0, 0x0,
    0x0, 0x7f, 0x30, 0x0, 0xe, 0xff, 0x10, 0x0,
    0x0, 0xaf, 0x10, 0x0, 0x8f, 0x5f, 0xb0, 0x0,
    0x0, 0xde, 0x0, 0x2, 0xf9, 0x8, 0xf4, 0x0,
    0x1, 0xfa, 0x0, 0xb, 0xf1, 0x0, 0xed, 0x0,
    0x8c, 0xf4, 0x0, 0x5f, 0x70, 0x0, 0x6f, 0x80,
    0xee, 0x80, 0x0, 0xed, 0x0, 0x0, 0xd, 0xf2,

    /* U+0515 "ԕ" */
    0x0, 0x6f, 0xff, 0xf3, 0x0, 0x5f, 0x90, 0x0,
    0x7f, 0x76, 0xfd, 0x1, 0xed, 0x0, 0x0, 0x9f,
    0x0, 0x6f, 0x79, 0xf3, 0x0, 0x0, 0xbe, 0x0,
    0xb, 0xff, 0x80, 0x0, 0x0, 0xdc, 0x0, 0x4,
    0xff, 0x20, 0x0, 0x0, 0xf9, 0x0, 0xd, 0xef,
    0xb0, 0x0, 0x5, 0xf5, 0x0, 0x8f, 0x46, 0xf6,
    0x0, 0x6e, 0xe0, 0x3, 0xfa, 0x0, 0xcf, 0x10,
    0xde, 0x40, 0xd, 0xf1, 0x0, 0x3f, 0xb0,

    /* U+0516 "Ԗ" */
    0x7f, 0xff, 0xfc, 0x50, 0x2, 0xfa, 0x7, 0xfa,
    0x89, 0xef, 0x40, 0xcf, 0x10, 0x7f, 0x40, 0x2,
    0xfb, 0x6f, 0x60, 0x7, 0xf4, 0x0, 0xc, 0xee,
    0xc0, 0x0, 0x7f, 0x40, 0x0, 0xef, 0xf3, 0x0,
    0x7, 0xf4, 0x2, 0x9f, 0xf9, 0x0, 0x0, 0x7f,
    0xff, 0xff, 0xcf, 0xc0, 0x0, 0x7, 0xfa, 0x87,
    0x30, 0x8f, 0x60, 0x0, 0x7f, 0x40, 0x0, 0x0,
    0xee, 0x10, 0x7, 0xf4, 0x0, 0x0, 0x5, 0xf9,
    0x0, 0x7f, 0x40, 0x0, 0x0, 0xb, 0xf3, 0x7,
    0xf4, 0x0, 0x0, 0x0, 0x2f, 0xd0,

    /* U+0517 "ԗ" */
    0xbc, 0x4d, 0xfd, 0x60, 0x5, 0xf8, 0xb, 0xfe,
    0x65, 0xcf, 0x51, 0xed, 0x0, 0xbf, 0x50, 0x1,
    0xfc, 0xaf, 0x30, 0xb, 0xf1, 0x0, 0xc, 0xff,
    0x90, 0x0, 0xbf, 0x0, 0x0, 0xbf, 0xf2, 0x0,
    0xb, 0xf1, 0x0, 0xc, 0xff, 0xb0, 0x0, 0xbf,
    0x50, 0x1, 0xfb, 0x8f, 0x60, 0xb, 0xfe, 0x65,
    0xcf, 0x40, 0xdf, 0x10, 0xbf, 0x5d, 0xfd, 0x50,
    0x3, 0xfb, 0xb, 0xf0, 0x0, 0x0, 0x0, 0x0,
    0x0, 0xbf, 0x0, 0x0, 0x0, 0x0, 0x0, 0xb,
    0xf0, 0x0, 0x0, 0x0, 0x0, 0x0, 0xbf, 0x0,
    0x0, 0x0, 0x0, 0x0, 0x0,

    /* U+0518 "Ԙ" */
    0x0, 0x3b, 0xef, 0xff, 0xff, 0xff, 0xf8, 0x3,
    0xff, 0xa8, 0x8e, 0xe8, 0x88, 0x84, 0xa, 0xf5,
    0x0, 0xd, 0xd0, 0x0, 0x0, 0xc, 0xf0, 0x0,
    0xd, 0xd0, 0x0, 0x0, 0xa, 0xf2, 0x0, 0xd,
    0xd0, 0x0, 0x0, 0x3, 0xfc, 0x30, 0xd, 0xff,
    0xff, 0xf3, 0x0, 0x3d, 0xff, 0xff, 0xe8, 0x88,
    0x81, 0x0, 0x1e, 0xf8, 0x8e, 0xd0, 0x0, 0x0,
    0x0, 0x9f, 0x70, 0xd, 0xd0, 0x0, 0x0, 0x3,
    0xfd, 0x0, 0xd, 0xd0, 0x0, 0x0, 0xd, 0xf3,
    0x0, 0xd, 0xe8, 0x88, 0x84, 0x7f, 0x90, 0x0,
    0xd, 0xff, 0xff, 0xf8,

    /* U+0519 "ԙ" */
    0x3, 0xcf, 0xff, 0xfa, 0xbf, 0xe9, 0x0, 0x1e,
    0xd4, 0x33, 0xff, 0xb4, 0x6f, 0xa0, 0x4f, 0x60,
    0x0, 0xff, 0x10, 0x9, 0xf2, 0x2f, 0xc3, 0x11,
    0xfb, 0x0, 0x6, 0xf5, 0x9, 0xff, 0xff, 0xff,
    0xff, 0xff, 0xf6, 0x0, 0xaf, 0x54, 0xec, 0x33,
    0x33, 0x31, 0x3, 0xf8, 0x0, 0xae, 0x10, 0x0,
    0x0, 0xd, 0xe0, 0x0, 0x2f, 0xe8, 0x79, 0xe0,
    0x7f, 0x60, 0x0, 0x2, 0xbe, 0xfe, 0x90,

    /* U+051A "Ԛ" */
    0x0, 0x4, 0xbe, 0xfd, 0x81, 0x0, 0x0, 0x8f,
    0xe9, 0x8b, 0xfe, 0x20, 0x4, 0xfc, 0x0, 0x0,
    0x5f, 0xc0, 0xa, 0xf4, 0x0, 0x0, 0xb, 0xf3,
    0xe, 0xf0, 0x0, 0x0, 0x6, 0xf7, 0xf, 0xd0,
    0x0, 0x0, 0x4, 0xf8, 0xf, 0xd0, 0x0, 0x0,
    0x4, 0xf8, 0xe, 0xf0, 0x0, 0x0, 0x6, 0xf7,
    0xa, 0xf4, 0x0, 0x0, 0xb, 0xf3, 0x4, 0xfc,
    0x0, 0x0, 0x4f, 0xc0, 0x0, 0x8f, 0xe9, 0x8b,
    0xfe, 0x20, 0x0, 0x5, 0xbe, 0xff, 0xc1, 0x0,
    0x0, 0x0, 0x0, 0x1d, 0xf4, 0x0, 0x0, 0x0,
    0x0, 0x2, 0xef, 0x30, 0x0, 0x0, 0x0, 0x0,
    0x38, 0x70,

    /* U+051B "ԛ" */
    0x0, 0x7e, 0xfc, 0x3d, 0x90, 0x6f, 0xd7, 0x9e,
    0xf9, 0xe, 0xf1, 0x0, 0x7f, 0x91, 0xfb, 0x0,
    0x2, 0xf9, 0x2f, 0x90, 0x0, 0xf, 0x91, 0xfb,
    0x0, 0x1, 0xf9, 0xe, 0xf0, 0x0, 0x6f, 0x90,
    0x7f, 0xd7, 0x9e, 0xf9, 0x0, 0x7e, 0xfc, 0x4f,
    0x90, 0x0, 0x0, 0x1, 0xf9, 0x0, 0x0, 0x0,
    0x1f, 0x90, 0x0, 0x0, 0x1, 0xf9, 0x0, 0x0,
    0x0, 0x1f, 0x90,

    /* U+051C "Ԝ" */
    0xcf, 0x0, 0x0, 0x8f, 0x70, 0x0, 0xf, 0xc8,
    0xf4, 0x0, 0xc, 0xfc, 0x0, 0x3, 0xf8, 0x4f,
    0x70, 0x0, 0xfd, 0xf0, 0x0, 0x7f, 0x40, 0xfb,
    0x0, 0x5f, 0x6f, 0x50, 0xa, 0xf0, 0xc, 0xf0,
    0x9, 0xf0, 0xf9, 0x0, 0xec, 0x0, 0x8f, 0x30,
    0xdb, 0xb, 0xd0, 0x2f, 0x80, 0x4, 0xf7, 0x1f,
    0x60, 0x6f, 0x26, 0xf4, 0x0, 0xf, 0xa6, 0xf2,
    0x2, 0xf6, 0x9f, 0x0, 0x0, 0xce, 0x9e, 0x0,
    0xe, 0xad, 0xc0, 0x0, 0x8, 0xfd, 0x90, 0x0,
    0x9d, 0xf8, 0x0, 0x0, 0x4f, 0xf5, 0x0, 0x5,
    0xff, 0x40, 0x0, 0x0, 0xff, 0x10, 0x0, 0x1f,
    0xf0, 0x0,

    /* U+051D "ԝ" */
    0xbf, 0x0, 0x9, 0xf8, 0x0, 0x1f, 0x96, 0xf4,
    0x0, 0xef, 0xc0, 0x5, 0xf5, 0x2f, 0x80, 0x2f,
    0x9f, 0x10, 0x9f, 0x10, 0xec, 0x7, 0xf2, 0xf5,
    0xd, 0xc0, 0xa, 0xf0, 0xbb, 0xd, 0xa1, 0xf8,
    0x0, 0x5f, 0x4f, 0x70, 0x9e, 0x5f, 0x40, 0x1,
    0xfa, 0xf2, 0x4, 0xfa, 0xf0, 0x0, 0xd, 0xfe,
    0x0, 0xf, 0xfb, 0x0, 0x0, 0x9f, 0x90, 0x0,
    0xbf, 0x70, 0x0,

    /* U+051E "Ԟ" */
    0x7f, 0x40, 0x91, 0x5f, 0x80, 0x7f, 0x40, 0xdd,
    0xed, 0x0, 0x7f, 0x40, 0x1e, 0xf4, 0x0, 0x7f,
    0x40, 0x4f, 0xfc, 0x0, 0x7f, 0x40, 0xde, 0x2e,
    0x50, 0x7f, 0xff, 0xf5, 0x0, 0x0, 0x7f, 0xa9,
    0xfb, 0x0, 0x0, 0x7f, 0x40, 0xaf, 0x50, 0x0,
    0x7f, 0x40, 0x1e, 0xe1, 0x0, 0x7f, 0x40, 0x6,
    0xf9, 0x0, 0x7f, 0x40, 0x0, 0xcf, 0x30, 0x7f,
    0x40, 0x0, 0x2f, 0xd0,

    /* U+051F "ԟ" */
    0x0, 0x0, 0x0, 0x0, 0xaf, 0x6, 0x98, 0xf3,
    0xaf, 0x2, 0xef, 0x90, 0xaf, 0x0, 0xcf, 0x70,
    0xaf, 0x27, 0xf8, 0xf2, 0xaf, 0xff, 0xd0, 0x10,
    0xaf, 0x59, 0xf6, 0x0, 0xaf, 0x0, 0xdf, 0x10,
    0xaf, 0x0, 0x3f, 0xb0, 0xaf, 0x0, 0x7, 0xf7,

    /* U+0520 "Ԡ" */
    0x0, 0x9, 0xff, 0xff, 0xf4, 0x0, 0x0, 0x0,
    0x0, 0xb, 0xe8, 0x8b, 0xf4, 0x0, 0x0, 0x0,
    0x0, 0xd, 0xc0, 0x7, 0xf4, 0x0, 0x0, 0x0,
    0x0, 0xf, 0xa0, 0x7, 0xf4, 0x0, 0x0, 0x0,
    0x0, 0x2f, 0x80, 0x7, 0xf4, 0x0, 0x0, 0x0,
    0x0, 0x4f, 0x50, 0x7, 0xfa, 0x98, 0x50, 0x0,
    0x0, 0x6f, 0x30, 0x7, 0xff, 0xff, 0xfe, 0x40,
    0x0, 0x9f, 0x10, 0x7, 0xf4, 0x1, 0x6f, 0xf2,
    0x0, 0xce, 0x0, 0x7, 0xf4, 0x0, 0x5, 0xf9,
    0x1, 0xfa, 0x0, 0x7, 0xf4, 0x0, 0x0, 0xed,
    0x5a, 0xf4, 0x0, 0x7, 0xf4, 0x0, 0x0, 0xcf,
    0xff, 0x80, 0x0, 0x7, 0xf4, 0x0, 0x0, 0xde,
    0x0, 0x0, 0x0, 0x0, 0x0, 0x0, 0x1, 0xfc,
    0x0, 0x0, 0x0, 0x0, 0x0, 0x0, 0x9, 0xf7,
    0x0, 0x0, 0x0, 0x0, 0x7, 0xa9, 0xcf, 0xd0,
    0x0, 0x0, 0x0, 0x0, 0x6, 0xef, 0xe9, 0x10,

    /* U+0521 "ԡ" */
    0x0, 0x6f, 0xff, 0xfc, 0x0, 0x0, 0x0, 0x7,
    0xf7, 0x6f, 0xc0, 0x0, 0x0, 0x0, 0x8f, 0x0,
    0xfc, 0x0, 0x0, 0x0, 0xa, 0xe0, 0xf, 0xc0,
    0x0, 0x0, 0x0, 0xdb, 0x0, 0xff, 0xfe, 0xa2,
    0x0, 0xf, 0x90, 0xf, 0xe8, 0xbf, 0xe1, 0x5,
    0xf5, 0x0, 0xfc, 0x0, 0x6f, 0x84, 0xde, 0x0,
    0xf, 0xc0, 0x0, 0xfc, 0xee, 0x40, 0x0, 0xfc,
    0x0, 0xd, 0xd0, 0x0, 0x0, 0x0, 0x0, 0x0,
    0xec, 0x0, 0x0, 0x0, 0x0, 0x0, 0x4f, 0x90,
    0x0, 0x0, 0x0, 0x89, 0x9f, 0xf2, 0x0, 0x0,
    0x0, 0x7, 0xef, 0xc3, 0x0,

    /* U+0522 "Ԣ" */
    0x7f, 0x40, 0x0, 0x5, 0xf6, 0x0, 0x0, 0x0,
    0x7, 0xf4, 0x0, 0x0, 0x5f, 0x60, 0x0, 0x0,
    0x0, 0x7f, 0x40, 0x0, 0x5, 0xf6, 0x0, 0x0,
    0x0, 0x7, 0xf4, 0x0, 0x0, 0x5f, 0x60, 0x0,
    0x0, 0x0, 0x7f, 0x40, 0x0, 0x5, 0xf6, 0x0,
    0x0, 0x0, 0x7, 0xff, 0xff, 0xff, 0xff, 0xb9,
    0x86, 0x10, 0x0, 0x7f, 0xa8, 0x88, 0x8b, 0xff,
    0xff, 0xff, 0x50, 0x7, 0xf4, 0x0, 0x0, 0x5f,
    0x60, 0x16, 0xef, 0x30, 0x7f, 0x40, 0x0, 0x5,
    0xf6, 0x0, 0x3, 0xfb, 0x7, 0xf4, 0x0, 0x0,
    0x5f, 0x60, 0x0, 0xc, 0xf0, 0x7f, 0x40, 0x0,
    0x5, 0xf6, 0x0, 0x0, 0xbf, 0x17, 0xf4, 0x0,
    0x0, 0x5f, 0x60, 0x0, 0xb, 0xf0, 0x0, 0x0,
    0x0, 0x0, 0x0, 0x0, 0x0, 0xee, 0x0, 0x0,
    0x0, 0x0, 0x0, 0x0, 0x0, 0x7f, 0x90, 0x0,
    0x0, 0x0, 0x0, 0x6, 0xa9, 0xcf, 0xe1, 0x0,
    0x0, 0x0, 0x0, 0x0, 0x4d, 0xfe, 0xa1, 0x0,

    /* U+0523 "ԣ" */
    0xaf, 0x0, 0x2, 0xf8, 0x0, 0x0, 0xa, 0xf0,
    0x0, 0x2f, 0x80, 0x0, 0x0, 0xaf, 0x0, 0x2,
    0xf8, 0x0, 0x0, 0xa, 0xf0, 0x0, 0x2f, 0x80,
    0x0, 0x0, 0xaf, 0xff, 0xff, 0xfe, 0xfe, 0x90,
    0xa, 0xf6, 0x66, 0x7f, 0xdb, 0xef, 0xc0, 0xaf,
    0x0, 0x2, 0xf8, 0x0, 0xbf, 0x5a, 0xf0, 0x0,
    0x2f, 0x80, 0x3, 0xf8, 0xaf, 0x0, 0x2, 0xf8,
    0x0, 0x1f, 0x90, 0x0, 0x0, 0x0, 0x0, 0x2,
    0xf8, 0x0, 0x0, 0x0, 0x0, 0x0, 0x7f, 0x50,
    0x0, 0x0, 0x0, 0xa8, 0xaf, 0xd0, 0x0, 0x0,
    0x0, 0x9, 0xff, 0xb1, 0x0,

    /* U+0524 "Ԥ" */
    0x7f, 0xff, 0xff, 0xff, 0xf3, 0x7, 0xfa, 0x88,
    0x88, 0xcf, 0x30, 0x7f, 0x40, 0x0, 0x7, 0xf3,
    0x7, 0xf4, 0x0, 0x0, 0x7f, 0x30, 0x7f, 0x40,
    0x0, 0x7, 0xf3, 0x7, 0xf4, 0x0, 0x0, 0x7f,
    0x30, 0x7f, 0x40, 0x0, 0x7, 0xf3, 0x7, 0xf4,
    0x0, 0x0, 0x7f, 0x30, 0x7f, 0x40, 0x0, 0x7,
    0xf3, 0x7, 0xf4, 0x0, 0x0, 0x7f, 0x30, 0x7f,
    0x40, 0x0, 0x7, 0xfc, 0xa7, 0xf4, 0x0, 0x0,
    0x7f, 0xfe, 0x0, 0x0, 0x0, 0x0, 0xc, 0xe0,
    0x0, 0x0, 0x0, 0x0, 0xce, 0x0, 0x0, 0x0,
    0x0, 0xc, 0xe0,

    /* U+0525 "ԥ" */
    0xaf, 0xff, 0xff, 0xfc, 0x0, 0xaf, 0x77, 0x77,
    0xfc, 0x0, 0xaf, 0x0, 0x0, 0xec, 0x0, 0xaf,
    0x0, 0x0, 0xec, 0x0, 0xaf, 0x0, 0x0, 0xec,
    0x0, 0xaf, 0x0, 0x0, 0xec, 0x0, 0xaf, 0x0,
    0x0, 0xec, 0x0, 0xaf, 0x0, 0x0, 0xee, 0x72,
    0xaf, 0x0, 0x0, 0xef, 0xf4, 0x0, 0x0, 0x0,
    0x5, 0xf4, 0x0, 0x0, 0x0, 0x5, 0xf4, 0x0,
    0x0, 0x0, 0x5, 0xf4,

    /* U+0526 "Ԧ" */
    0x7f, 0x40, 0x0, 0x0, 0x0, 0x7, 0xf4, 0x0,
    0x0, 0x0, 0x0, 0x7f, 0x40, 0x0, 0x0, 0x0,
    0x7, 0xf4, 0x0, 0x0, 0x0, 0x0, 0x7f, 0x42,
    0x67, 0x73, 0x0, 0x7, 0xff, 0xff, 0xff, 0xf7,
    0x0, 0x7f, 0xa4, 0x10, 0x3e, 0xf0, 0x7, 0xf4,
    0x0, 0x0, 0x9f, 0x20, 0x7f, 0x40, 0x0, 0x9,
    0xf2, 0x7, 0xf4, 0x0, 0x0, 0x9f, 0x20, 0x7f,
    0x40, 0x0, 0x9, 0xfc, 0x97, 0xf4, 0x0, 0x0,
    0x9f, 0xfd, 0x0, 0x0, 0x0, 0x0, 0xe, 0xd0,
    0x0, 0x0, 0x0, 0x0, 0xed, 0x0, 0x0, 0x0,
    0x0, 0xe, 0xd0,

    /* U+0527 "ԧ" */
    0x57, 0x0, 0x0, 0x0, 0x0, 0xbf, 0x0, 0x0,
    0x0, 0x0, 0xbf, 0x0, 0x0, 0x0, 0x0, 0xbf,
    0x0, 0x0, 0x0, 0x0, 0xbf, 0x3c, 0xfe, 0x80,
    0x0, 0xbf, 0xe9, 0x7c, 0xf6, 0x0, 0xbf, 0x60,
    0x1, 0xfa, 0x0, 0xbf, 0x10, 0x0, 0xec, 0x0,
    0xbf, 0x0, 0x0, 0xec, 0x0, 0xbf, 0x0, 0x0,
    0xec, 0x0, 0xbf, 0x0, 0x0, 0xec, 0x0, 0xbf,
    0x0, 0x0, 0xee, 0x71, 0xbf, 0x0, 0x0, 0xef,
    0xf4, 0x0, 0x0, 0x0, 0x5, 0xf4, 0x0, 0x0,
    0x0, 0x5, 0xf4, 0x0, 0x0, 0x0, 0x5, 0xf4,

    /* U+0528 "Ԩ" */
    0x0, 0x8f, 0x30, 0x0, 0x6, 0xf5, 0x0, 0x8f,
    0x30, 0x0, 0x6, 0xf5, 0x0, 0x8f, 0x30, 0x0,
    0x6, 0xf5, 0x0, 0x8f, 0x30, 0x0, 0x6, 0xf5,
    0x0, 0x8f, 0x30, 0x0, 0x6, 0xf5, 0x0, 0x8f,
    0xff, 0xff, 0xff, 0xf5, 0x0, 0x8f, 0x98, 0x88,
    0x8b, 0xf5, 0x0, 0x8f, 0x30, 0x0, 0x6, 0xf5,
    0x0, 0x8f, 0x30, 0x0, 0x6, 0xf5, 0x0, 0x8f,
    0x30, 0x0, 0x6, 0xf5, 0x0, 0x8f, 0x30, 0x0,
    0x6, 0xf5, 0x0, 0x8f, 0x30, 0x0, 0x6, 0xf5,
    0x0, 0x8f, 0x30, 0x0, 0x0, 0x0, 0x12, 0xcf,
    0x10, 0x0, 0x0, 0x0, 0x5f, 0xfa, 0x0, 0x0,
    0x0, 0x0, 0x4, 0x30, 0x0, 0x0, 0x0, 0x0,

    /* U+0529 "ԩ" */
    0x0, 0xbf, 0x0, 0x0, 0xdd, 0x0, 0xbf, 0x0,
    0x0, 0xdd, 0x0, 0xbf, 0x0, 0x0, 0xdd, 0x0,
    0xbf, 0x11, 0x11, 0xdd, 0x0, 0xbf, 0xff, 0xff,
    0xfd, 0x0, 0xbf, 0x44, 0x44, 0xed, 0x0, 0xbf,
    0x0, 0x0, 0xdd, 0x0, 0xbf, 0x0, 0x0, 0xdd,
    0x0, 0xbf, 0x0, 0x0, 0xdd, 0x0, 0xbf, 0x0,
    0x0, 0x0, 0x0, 0xce, 0x0, 0x0, 0x0, 0x58,
    0xfb, 0x0, 0x0, 0x0, 0x9f, 0xc2, 0x0, 0x0,
    0x0,

    /* U+052A "Ԫ" */
    0x0, 0xe, 0xff, 0xff, 0xff, 0x30, 0x0, 0xbf,
    0x0, 0x0, 0x9f, 0x40, 0x0, 0xed, 0x88, 0x8c,
    0xf3, 0x0, 0xb, 0xf0, 0x0, 0x3f, 0x90, 0x0,
    0xf, 0x90, 0x0, 0x7f, 0x30, 0x0, 0xbf, 0x0,
    0xd, 0xd0, 0x0, 0x0, 0xf8, 0x0, 0x7, 0xf3,
    0x0, 0xb, 0xf0, 0x8, 0xf3, 0x0, 0x0, 0x1f,
    0x80, 0x0, 0x7f, 0x41, 0x11, 0xbf, 0x13, 0xf8,
    0x0, 0x0, 0x2, 0xf7, 0x0, 0x7, 0xff, 0xff,
    0xff, 0xff, 0xff, 0x10, 0x0, 0x0, 0x4f, 0x50,
    0x0, 0x7f, 0x64, 0x44, 0xcf, 0x47, 0xf9, 0x0,
    0x0, 0x6, 0xf3, 0x0, 0x7, 0xf3, 0x0, 0xb,
    0xf0, 0xc, 0xf3, 0x0, 0x0, 0xaf, 0x0, 0x0,
    0x7f, 0x30, 0x0, 0xbf, 0x0, 0x2f, 0xc0, 0x0,
    0x2f, 0xa0, 0x0, 0x7, 0xf3, 0x0, 0xb, 0xf0,
    0x0, 0x8f, 0x60, 0x7c, 0xfa, 0x88, 0x88, 0xcf,
    0xa6, 0x0, 0xbf, 0x0, 0x0, 0xef, 0x1d, 0xff,
    0xff, 0xff, 0xff, 0xff, 0xb0, 0xb, 0xf0, 0x0,
    0x5, 0xfa, 0xdd, 0x0, 0x0, 0x0, 0x0, 0xfb,
    0x0, 0x0, 0x0, 0x0, 0x0, 0xd, 0xd0, 0x0,
    0x0, 0x0, 0xf, 0xb0, 0x0, 0x0, 0x0, 0x0,
    0x0, 0x77, 0x0, 0x0, 0x0, 0x0, 0x86, 0x0,
    0x0, 0x0, 0x0, 0x0, 0x0,

    /* U+052B "ԫ" */
    0x0, 0xaf, 0xff, 0xff, 0x60, 0x0, 0xde, 0x0,
    0xa, 0xf2, 0x0, 0xae, 0x66, 0x9f, 0x60, 0x0,
    0xde, 0x0, 0x4f, 0x70, 0x0, 0xbc, 0x0, 0x4f,
    0x60, 0x0, 0xde, 0x0, 0xec, 0x0, 0x0, 0xcb,
    0x0, 0x4f, 0x72, 0x22, 0xde, 0x29, 0xf3, 0x0,
    0x0, 0xea, 0x0, 0x4f, 0xff, 0xff, 0xff, 0xff,
    0xb0, 0x0, 0x0, 0xf8, 0x0, 0x4f, 0x95, 0x55,
    0xde, 0x5b, 0xf3, 0x0, 0x5, 0xf3, 0x0, 0x4f,
    0x60, 0x0, 0xde, 0x1, 0xed, 0x0, 0x5d, 0xf6,
    0x66, 0x9f, 0xa4, 0x0, 0xde, 0x0, 0x5f, 0x90,
    0xdf, 0xff, 0xff, 0xff, 0xfb, 0x0, 0xde, 0x0,
    0xa, 0xf4, 0xdc, 0x0, 0x0, 0x0, 0xeb, 0x0,
    0x0, 0x0, 0x0, 0x0, 0xdc, 0x0, 0x0, 0x0,
    0xeb, 0x0, 0x0, 0x0, 0x0, 0x0, 0x43, 0x0,
    0x0, 0x0, 0x43, 0x0, 0x0, 0x0, 0x0, 0x0,

    /* U+052C "Ԭ" */
    0x4f, 0x50, 0x5f, 0xff, 0xfc, 0x0, 0x4f, 0x50,
    0x7f, 0x88, 0xfc, 0x0, 0x4f, 0x50, 0x9e, 0x0,
    0xfc, 0x0, 0x4f, 0x50, 0xbc, 0x0, 0xfc, 0x0,
    0x4f, 0x50, 0xe9, 0x0, 0xfc, 0x0, 0x3f, 0x72,
    0xf6, 0x0, 0xfc, 0x0, 0xf, 0xea, 0xf5, 0x5a,
    0xfc, 0x0, 0x5, 0xff, 0xff, 0xfb, 0xfc, 0x0,
    0x0, 0x2f, 0xa3, 0x10, 0xfc, 0x0, 0x0, 0x9f,
    0x20, 0x0, 0xfc, 0x0, 0x78, 0xfd, 0x88, 0x88,
    0xfe, 0x80, 0xef, 0xff, 0xff, 0xff, 0xff, 0xf1,
    0xec, 0x0, 0x0, 0x0, 0x9, 0xf1, 0xec, 0x0,
    0x0, 0x0, 0x9, 0xf1, 0xec, 0x0, 0x0, 0x0,
    0x9, 0xf1, 0x32, 0x0, 0x0, 0x0, 0x2, 0x30,

    /* U+052D "ԭ" */
    0x9e, 0x6, 0xff, 0xff, 0x60, 0x9e, 0x7, 0xe6,
    0x9f, 0x60, 0x9e, 0x9, 0xc0, 0x5f, 0x60, 0x8e,
    0xc, 0xa0, 0x5f, 0x60, 0x5f, 0x7f, 0x85, 0xdf,
    0x60, 0xb, 0xff, 0xfe, 0xaf, 0x60, 0x0, 0xcd,
    0x20, 0x5f, 0x60, 0x48, 0xfa, 0x66, 0x9f, 0xa3,
    0xbf, 0xff, 0xff, 0xff, 0xf9, 0xbd, 0x0, 0x0,
    0x0, 0xf9, 0xbd, 0x0, 0x0, 0x0, 0xf9, 0xbd,
    0x0, 0x0, 0x0, 0xf9, 0x11, 0x0, 0x0, 0x0,
    0x10,

    /* U+052E "Ԯ" */
    0x0, 0x4f, 0xff, 0xff, 0xfd, 0x0, 0x0, 0x5f,
    0xa8, 0x88, 0xfd, 0x0, 0x0, 0x6f, 0x30, 0x0,
    0xed, 0x0, 0x0, 0x6f, 0x20, 0x0, 0xed, 0x0,
    0x0, 0x7f, 0x20, 0x0, 0xed, 0x0, 0x0, 0x8f,
    0x10, 0x0, 0xed, 0x0, 0x0, 0x9f, 0x0, 0x0,
    0xed, 0x0, 0x0, 0xaf, 0x0, 0x0, 0xed, 0x0,
    0x0, 0xcd, 0x0, 0x0, 0xed, 0x0, 0x1, 0xfb,
    0x0, 0x0, 0xed, 0x0, 0xad, 0xf6, 0x0, 0x0,
    0xef, 0xa3, 0xde, 0x90, 0x0, 0x0, 0xef, 0xf5,
    0x0, 0x0, 0x0, 0x0, 0x5, 0xf5, 0x0, 0x0,
    0x0, 0x0, 0x5, 0xf5, 0x0, 0x0, 0x0, 0x0,
    0x5, 0xf5, 0x0, 0x0, 0x0, 0x0, 0x0, 0x0,

    /* U+052F "ԯ" */
    0x0, 0xdf, 0xff, 0xff, 0x40, 0x0, 0xec, 0x77,
    0xaf, 0x40, 0x0, 0xf9, 0x0, 0x7f, 0x40, 0x0,
    0xf8, 0x0, 0x7f, 0x40, 0x1, 0xf7, 0x0, 0x7f,
    0x40, 0x2, 0xf5, 0x0, 0x7f, 0x40, 0x5, 0xf3,
    0x0, 0x7f, 0x40, 0x8d, 0xf0, 0x0, 0x7f, 0xa3,
    0xee, 0x50, 0x0, 0x7f, 0xf7, 0x0, 0x0, 0x0,
    0x0, 0xf7, 0x0, 0x0, 0x0, 0x0, 0xf7, 0x0,
    0x0, 0x0, 0x0, 0xf7,

    /* U+1E80 "Ẁ" */
    0x0, 0x0, 0x5, 0x82, 0x0, 0x0, 0x0, 0x0,
    0x0, 0x0, 0x2e, 0xc0, 0x0, 0x0, 0x0, 0x0,
    0x0, 0x0, 0x1d, 0x80, 0x0, 0x0, 0x0, 0x0,
    0x0, 0x0, 0x0, 0x0, 0x0, 0x0, 0xcf, 0x0,
    0x0, 0x8f, 0x70, 0x0, 0xf, 0xc8, 0xf4, 0x0,
    0xc, 0xfc, 0x0, 0x3, 0xf8, 0x4f, 0x70, 0x0,
    0xfd, 0xf0, 0x0, 0x7f, 0x40, 0xfb, 0x0, 0x5f,
    0x6f, 0x50, 0xa, 0xf0, 0xc, 0xf0, 0x9, 0xf0,
    0xf9, 0x0, 0xec, 0x0, 0x8f, 0x30, 0xdb, 0xb,
    0xd0, 0x2f, 0x80, 0x4, 0xf7, 0x1f, 0x60, 0x6f,
    0x26, 0xf4, 0x0, 0xf, 0xa6, 0xf2, 0x2, 0xf6,
    0x9f, 0x0, 0x0, 0xce, 0x9e, 0x0, 0xe, 0xad,
    0xc0, 0x0, 0x8, 0xfd, 0x90, 0x0, 0x9d, 0xf8,
    0x0, 0x0, 0x4f, 0xf5, 0x0, 0x5, 0xff, 0x40,
    0x0, 0x0, 0xff, 0x10, 0x0, 0x1f, 0xf0, 0x0,

    /* U+1E81 "ẁ" */
    0x0, 0x0, 0x5f, 0x90, 0x0, 0x0, 0x0, 0x0,
    0x0, 0x3e, 0x70, 0x0, 0x0, 0x0, 0x0, 0x0,
    0x1, 0x0, 0x0, 0xb, 0xf0, 0x0, 0x9f, 0x80,
    0x1, 0xf9, 0x6f, 0x40, 0xe, 0xfc, 0x0, 0x5f,
    0x52, 0xf8, 0x2, 0xf9, 0xf1, 0x9, 0xf1, 0xe,
    0xc0, 0x7f, 0x2f, 0x50, 0xdc, 0x0, 0xaf, 0xb,
    0xb0, 0xda, 0x1f, 0x80, 0x5, 0xf4, 0xf7, 0x9,
    0xe5, 0xf4, 0x0, 0x1f, 0xaf, 0x20, 0x4f, 0xaf,
    0x0, 0x0, 0xdf, 0xe0, 0x0, 0xff, 0xb0, 0x0,
    0x9, 0xf9, 0x0, 0xb, 0xf7, 0x0,

    /* U+1E82 "Ẃ" */
    0x0, 0x0, 0x0, 0x0, 0x77, 0x0, 0x0, 0x0,
    0x0, 0x0, 0x0, 0x9f, 0x40, 0x0, 0x0, 0x0,
    0x0, 0x0, 0x5e, 0x30, 0x0, 0x0, 0x0, 0x0,
    0x0, 0x0, 0x0, 0x0, 0x0, 0x0, 0xcf, 0x0,
    0x0, 0x8f, 0x70, 0x0, 0xf, 0xc8, 0xf4, 0x0,
    0xc, 0xfc, 0x0, 0x3, 0xf8, 0x4f, 0x70, 0x0,
    0xfd, 0xf0, 0x0, 0x7f, 0x40, 0xfb, 0x0, 0x5f,
    0x6f, 0x50, 0xa, 0xf0, 0xc, 0xf0, 0x9, 0xf0,
    0xf9, 0x0, 0xec, 0x0, 0x8f, 0x30, 0xdb, 0xb,
    0xd0, 0x2f, 0x80, 0x4, 0xf7, 0x1f, 0x60, 0x6f,
    0x26, 0xf4, 0x0, 0xf, 0xa6, 0xf2, 0x2, 0xf6,
    0x9f, 0x0, 0x0, 0xce, 0x9e, 0x0, 0xe, 0xad,
    0xc0, 0x0, 0x8, 0xfd, 0x90, 0x0, 0x9d, 0xf8,
    0x0, 0x0, 0x4f, 0xf5, 0x0, 0x5, 0xff, 0x40,
    0x0, 0x0, 0xff, 0x10, 0x0, 0x1f, 0xf0, 0x0,

    /* U+1E83 "ẃ" */
    0x0, 0x0, 0x0, 0x4f, 0xa0, 0x0, 0x0, 0x0,
    0x0, 0x2e, 0x70, 0x0, 0x0, 0x0, 0x0, 0x1,
    0x10, 0x0, 0x0, 0xb, 0xf0, 0x0, 0x9f, 0x80,
    0x1, 0xf9, 0x6f, 0x40, 0xe, 0xfc, 0x0, 0x5f,
    0x52, 0xf8, 0x2, 0xf9, 0xf1, 0x9, 0xf1, 0xe,
    0xc0, 0x7f, 0x2f, 0x50, 0xdc, 0x0, 0xaf, 0xb,
    0xb0, 0xda, 0x1f, 0x80, 0x5, 0xf4, 0xf7, 0x9,
    0xe5, 0xf4, 0x0, 0x1f, 0xaf, 0x20, 0x4f, 0xaf,
    0x0, 0x0, 0xdf, 0xe0, 0x0, 0xff, 0xb0, 0x0,
    0x9, 0xf9, 0x0, 0xb, 0xf7, 0x0,

    /* U+1E84 "Ẅ" */
    0x0, 0x0, 0xb, 0xa0, 0x9c, 0x0, 0x0, 0x0,
    0x0, 0x0, 0x87, 0x6, 0x80, 0x0, 0x0, 0x0,
    0x0, 0x0, 0x0, 0x0, 0x0, 0x0, 0xc, 0xf0,
    0x0, 0x8, 0xf7, 0x0, 0x0, 0xfc, 0x8f, 0x40,
    0x0, 0xcf, 0xc0, 0x0, 0x3f, 0x84, 0xf7, 0x0,
    0xf, 0xdf, 0x0, 0x7, 0xf4, 0xf, 0xb0, 0x5,
    0xf6, 0xf5, 0x0, 0xaf, 0x0, 0xcf, 0x0, 0x9f,
    0xf, 0x90, 0xe, 0xc0, 0x8, 0xf3, 0xd, 0xb0,
    0xbd, 0x2, 0xf8, 0x0, 0x4f, 0x71, 0xf6, 0x6,
    0xf2, 0x6f, 0x40, 0x0, 0xfa, 0x6f, 0x20, 0x2f,
    0x69, 0xf0, 0x0, 0xc, 0xe9, 0xe0, 0x0, 0xea,
    0xdc, 0x0, 0x0, 0x8f, 0xd9, 0x0, 0x9, 0xdf,
    0x80, 0x0, 0x4, 0xff, 0x50, 0x0, 0x5f, 0xf4,
    0x0, 0x0, 0xf, 0xf1, 0x0, 0x1, 0xff, 0x0,
    0x0,

    /* U+1E85 "ẅ" */
    0x0, 0x0, 0xb9, 0x9, 0xb0, 0x0, 0x0, 0x0,
    0x8, 0x60, 0x68, 0x0, 0x0, 0x0, 0x0, 0x0,
    0x0, 0x0, 0x0, 0xb, 0xf0, 0x0, 0x9f, 0x80,
    0x1, 0xf9, 0x6f, 0x40, 0xe, 0xfc, 0x0, 0x5f,
    0x52, 0xf8, 0x2, 0xf9, 0xf1, 0x9, 0xf1, 0xe,
    0xc0, 0x7f, 0x2f, 0x50, 0xdc, 0x0, 0xaf, 0xb,
    0xb0, 0xda, 0x1f, 0x80, 0x5, 0xf4, 0xf7, 0x9,
    0xe5, 0xf4, 0x0, 0x1f, 0xaf, 0x20, 0x4f, 0xaf,
    0x0, 0x0, 0xdf, 0xe0, 0x0, 0xff, 0xb0, 0x0,
    0x9, 0xf9, 0x0, 0xb, 0xf7, 0x0,

    /* U+1E9E "ẞ" */
    0x0, 0x7d, 0xfe, 0xb3, 0x0, 0x0, 0xaf, 0xd9,
    0x9f, 0xf3, 0x0, 0x3f, 0xb0, 0x0, 0x3f, 0xb0,
    0x7, 0xf4, 0x0, 0xc, 0xf3, 0x0, 0x9f, 0x20,
    0xb, 0xf4, 0x0, 0x9, 0xf2, 0x4, 0xff, 0xe8,
    0x0, 0x9f, 0x20, 0x3, 0x5b, 0xf9, 0x9, 0xf2,
    0x0, 0x0, 0xe, 0xe0, 0x9f, 0x20, 0x0, 0x0,
    0xbf, 0x9, 0xf2, 0x0, 0x0, 0x1e, 0xe0, 0x9f,
    0x2e, 0xa7, 0x8d, 0xf6, 0x9, 0xf2, 0x8d, 0xff,
    0xc6, 0x0,

    /* U+1EF2 "Ỳ" */
    0x0, 0x38, 0x40, 0x0, 0x0, 0x0, 0xb, 0xf2,
    0x0, 0x0, 0x0, 0x0, 0xac, 0x0, 0x0, 0x0,
    0x0, 0x0, 0x0, 0x0, 0xbf, 0x20, 0x0, 0xc,
    0xf1, 0x3f, 0xa0, 0x0, 0x4f, 0x90, 0xb, 0xf2,
    0x0, 0xcf, 0x10, 0x3, 0xfa, 0x5, 0xf8, 0x0,
    0x0, 0xbf, 0x2d, 0xf1, 0x0, 0x0, 0x2f, 0xdf,
    0x70, 0x0, 0x0, 0xa, 0xfe, 0x0, 0x0, 0x0,
    0x3, 0xf8, 0x0, 0x0, 0x0, 0x3, 0xf8, 0x0,
    0x0, 0x0, 0x3, 0xf8, 0x0, 0x0, 0x0, 0x3,
    0xf8, 0x0, 0x0, 0x0, 0x3, 0xf8, 0x0, 0x0,

    /* U+1EF3 "ỳ" */
    0x0, 0x8f, 0x50, 0x0, 0x0, 0x0, 0x6e, 0x30,
    0x0, 0x0, 0x0, 0x11, 0x0, 0xc, 0xf0, 0x0,
    0x8, 0xf4, 0x6f, 0x50, 0x0, 0xde, 0x0, 0xfb,
    0x0, 0x3f, 0x80, 0xa, 0xf1, 0x8, 0xf2, 0x0,
    0x4f, 0x60, 0xdd, 0x0, 0x0, 0xdb, 0x3f, 0x70,
    0x0, 0x7, 0xf8, 0xf1, 0x0, 0x0, 0x1f, 0xfb,
    0x0, 0x0, 0x0, 0xbf, 0x50, 0x0, 0x0, 0xb,
    0xf0, 0x0, 0x0, 0x3, 0xf9, 0x0, 0x0, 0x57,
    0xef, 0x20, 0x0, 0xa, 0xfc, 0x30, 0x0, 0x0,

    /* U+2010 "‐" */
    0x38, 0x88, 0x46, 0xff, 0xf9,

    /* U+2011 "‑" */
    0x38, 0x88, 0x46, 0xff, 0xf9,

    /* U+2012 "‒" */
    0x2, 0x22, 0x22, 0x22, 0x15, 0xff, 0xff, 0xff,
    0xf8, 0x14, 0x44, 0x44, 0x44, 0x20,

    /* U+2013 "–" */
    0x2, 0x22, 0x22, 0x20, 0x6f, 0xff, 0xff, 0xf6,
    0x15, 0x55, 0x55, 0x51,

    /* U+2014 "—" */
    0x2, 0x22, 0x22, 0x22, 0x22, 0x22, 0x22, 0x20,
    0x6f, 0xff, 0xff, 0xff, 0xff, 0xff, 0xff, 0xf5,
    0x15, 0x55, 0x55, 0x55, 0x55, 0x55, 0x55, 0x51,

    /* U+2015 "―" */
    0x2, 0x22, 0x22, 0x22, 0x22, 0x22, 0x22, 0x20,
    0x6f, 0xff, 0xff, 0xff, 0xff, 0xff, 0xff, 0xf5,
    0x15, 0x55, 0x55, 0x55, 0x55, 0x55, 0x55, 0x51,

    /* U+2016 "‖" */
    0x1f, 0x30, 0x6e, 0x1f, 0x30, 0x6e, 0x1f, 0x30,
    0x6e, 0x1f, 0x30, 0x6e, 0x1f, 0x30, 0x6e, 0x1f,
    0x30, 0x6e, 0x1f, 0x30, 0x6e, 0x1f, 0x30, 0x6e,
    0x1f, 0x30, 0x6e, 0x1f, 0x30, 0x6e, 0x1f, 0x30,
    0x6e, 0x1f, 0x30, 0x6e, 0x1f, 0x30, 0x6e, 0x1f,
    0x30, 0x6e, 0x1f, 0x30, 0x6e, 0x1f, 0x30, 0x6e,

    /* U+2017 "‗" */
    0xf, 0xff, 0xff, 0xf9, 0x2, 0x22, 0x22, 0x21,
    0xf, 0xff, 0xff, 0xf9, 0x2, 0x22, 0x22, 0x21,

    /* U+2018 "‘" */
    0xa, 0xa1, 0xf7, 0x6f, 0x4b, 0xf1, 0x0, 0x0,

    /* U+2019 "’" */
    0x1f, 0xa4, 0xf6, 0x7f, 0x1b, 0xa0, 0x0, 0x0,

    /* U+201A "‚" */
    0x0, 0x0, 0xd, 0xf0, 0xf, 0xa0, 0x3f, 0x50,
    0x6e, 0x0,

    /* U+201B "‛" */
    0xbf, 0x16, 0xf4, 0x1f, 0x70, 0xab, 0x0, 0x0,

    /* U+201C "“" */
    0xa, 0xa0, 0x7d, 0x1f, 0x70, 0xe9, 0x6f, 0x44,
    0xf6, 0xbf, 0x18, 0xf4, 0x0, 0x0, 0x0,

    /* U+201D "”" */
    0x1f, 0xa0, 0xfd, 0x4f, 0x52, 0xf8, 0x7f, 0x15,
    0xf3, 0xba, 0x8, 0xc0, 0x0, 0x0, 0x0,

    /* U+201E "„" */
    0x0, 0x0, 0x0, 0x0, 0xcf, 0xa, 0xf2, 0xf,
    0xa0, 0xdd, 0x2, 0xf5, 0xf, 0x70, 0x6e, 0x4,
    0xf1, 0x0,

    /* U+201F "‟" */
    0xbf, 0x18, 0xf3, 0x6f, 0x34, 0xf6, 0x1f, 0x70,
    0xe9, 0xa, 0xa0, 0x7d, 0x0, 0x0, 0x0,

    /* U+2020 "†" */
    0x0, 0xcd, 0x0, 0x0, 0xa, 0xb0, 0x0, 0x0,
    0x89, 0x0, 0xf, 0xee, 0xed, 0xf3, 0x76, 0xaa,
    0x57, 0x10, 0x8, 0x90, 0x0, 0x0, 0x9a, 0x0,
    0x0, 0xa, 0xa0, 0x0, 0x0, 0xab, 0x0, 0x0,
    0xb, 0xc0, 0x0, 0x0, 0xcd, 0x0, 0x0, 0xd,
    0xe0, 0x0,

    /* U+2021 "‡" */
    0x0, 0xb, 0xe0, 0x0, 0x0, 0x9, 0xc0, 0x0,
    0x4, 0x28, 0xb2, 0x31, 0x1f, 0xff, 0xff, 0xf4,
    0x2, 0x8, 0xa0, 0x10, 0x0, 0xa, 0xd0, 0x0,
    0x0, 0xa, 0xd0, 0x0, 0x2, 0x7, 0xa0, 0x10,
    0x1f, 0xff, 0xff, 0xf4, 0x4, 0x28, 0xb2, 0x31,
    0x0, 0x9, 0xc0, 0x0, 0x0, 0xb, 0xe0, 0x0,

    /* U+2022 "•" */
    0x4, 0x40, 0x9f, 0xf9, 0xdf, 0xfd, 0xcf, 0xfd,
    0x4e, 0xe4,

    /* U+2023 "‣" */
    0x60, 0x0, 0xf, 0xd3, 0x0, 0xff, 0xfa, 0x1f,
    0xff, 0x70, 0xf9, 0x10, 0x3, 0x0, 0x0,

    /* U+2024 "․" */
    0x3, 0x30, 0xf, 0xf0, 0xd, 0xd0,

    /* U+2025 "‥" */
    0x24, 0x0, 0x5, 0x1d, 0xf3, 0x7, 0xfa, 0xae,
    0x10, 0x4f, 0x70,

    /* U+2026 "…" */
    0x24, 0x0, 0x15, 0x0, 0x4, 0x2d, 0xf3, 0x8,
    0xf8, 0x4, 0xfc, 0xae, 0x10, 0x6f, 0x50, 0x2e,
    0x90,

    /* U+2027 "‧" */
    0x24, 0xd, 0xf3, 0xae, 0x10,

    /* U+2030 "‰" */
    0x4, 0xde, 0x70, 0x0, 0x1e, 0x60, 0x0, 0x0,
    0x0, 0x0, 0xe9, 0x6f, 0x30, 0x8, 0xd0, 0x0,
    0x0, 0x0, 0x0, 0x3f, 0x20, 0xd8, 0x1, 0xf5,
    0x0, 0x0, 0x0, 0x0, 0x4, 0xf1, 0xc, 0x90,
    0x9d, 0x0, 0x0, 0x0, 0x0, 0x0, 0x3f, 0x20,
    0xd8, 0x2f, 0x40, 0x0, 0x0, 0x0, 0x0, 0x0,
    0xf7, 0x3f, 0x4a, 0xc1, 0xcf, 0xa0, 0x4, 0xde,
    0x70, 0x6, 0xff, 0xb3, 0xf4, 0xab, 0x1d, 0x80,
    0xe7, 0x3f, 0x30, 0x0, 0x10, 0xbb, 0xe, 0x70,
    0x8c, 0x3f, 0x20, 0xd8, 0x0, 0x0, 0x3f, 0x30,
    0xf6, 0x7, 0xe4, 0xf1, 0xc, 0x90, 0x0, 0xc,
    0xa0, 0xe, 0x70, 0x8d, 0x3f, 0x20, 0xd8, 0x0,
    0x4, 0xf2, 0x0, 0x9c, 0x1d, 0x80, 0xe7, 0x3f,
    0x30, 0x0, 0xc9, 0x0, 0x1, 0xbf, 0xb1, 0x4,
    0xde, 0x80,

    /* U+2039 "‹" */
    0x0, 0x1a, 0x30, 0xb, 0xe2, 0x8, 0xf4, 0x3,
    0xf9, 0x0, 0xb, 0xf2, 0x0, 0x1d, 0xd0, 0x0,
    0x2e, 0x40, 0x0, 0x0,

    /* U+203A "›" */
    0x1a, 0x20, 0x0, 0xcd, 0x10, 0x2, 0xeb, 0x0,
    0x6, 0xf7, 0x0, 0xde, 0x10, 0xaf, 0x30, 0x2e,
    0x50, 0x0, 0x0, 0x0,

    /* U+20A4 "₤" */
    0x0, 0x6, 0xdf, 0xda, 0x10, 0x5, 0xfc, 0x79,
    0xd0, 0x0, 0xbf, 0x0, 0x0, 0x0, 0xd, 0xd0,
    0x0, 0x0, 0x0, 0xec, 0x0, 0x0, 0x6, 0xff,
    0xff, 0xfe, 0x0, 0x12, 0xed, 0x22, 0x20, 0x6,
    0xff, 0xff, 0xfe, 0x0, 0x13, 0xfc, 0x33, 0x20,
    0x0, 0x3f, 0x80, 0x0, 0x0, 0x3e, 0xf9, 0x88,
    0x88, 0x57, 0xff, 0xff, 0xff, 0xfa,

    /* U+20A5 "₥" */
    0x0, 0x0, 0x0, 0x0, 0xd7, 0x0, 0x0, 0x0,
    0x0, 0x0, 0x4f, 0x10, 0x0, 0xbb, 0x4d, 0xfd,
    0x6b, 0xfe, 0xea, 0x1b, 0xfe, 0x98, 0xef, 0xfb,
    0x7b, 0xf8, 0xbf, 0x60, 0x6, 0xfc, 0x0, 0xe,
    0xdb, 0xf1, 0x0, 0x4f, 0x80, 0x0, 0xce, 0xbf,
    0x0, 0x8, 0xf7, 0x0, 0xc, 0xeb, 0xf0, 0x0,
    0xef, 0x70, 0x0, 0xce, 0xbf, 0x0, 0x6f, 0xf7,
    0x0, 0xc, 0xeb, 0xf0, 0xd, 0xaf, 0x70, 0x0,
    0xce, 0xbf, 0x4, 0xe4, 0xf7, 0x0, 0xc, 0xe0,
    0x0, 0xb8, 0x0, 0x0, 0x0, 0x0, 0x0, 0x2f,
    0x10, 0x0, 0x0, 0x0, 0x0,

    /* U+20A6 "₦" */
    0xb, 0xf6, 0x0, 0x9d, 0x0, 0xbf, 0xc0, 0x9,
    0xd0, 0xb, 0xdf, 0x10, 0x9d, 0x0, 0xba, 0xe7,
    0x9, 0xd0, 0xcf, 0xff, 0xff, 0xff, 0xf1, 0xbb,
    0x5f, 0x49, 0xd2, 0xb, 0xb0, 0xf5, 0x8d, 0xc,
    0xff, 0xff, 0xff, 0xff, 0x1b, 0xc2, 0x7f, 0xad,
    0x20, 0xbb, 0x0, 0xfd, 0xd0, 0xb, 0xb0, 0xa,
    0xfd, 0x0, 0xbb, 0x0, 0x4f, 0xd0,

    /* U+20A7 "₧" */
    0xcf, 0xfe, 0xb3, 0x0, 0x0, 0x0, 0xce, 0x79,
    0xff, 0x20, 0x0, 0x0, 0xce, 0x0, 0x4f, 0x80,
    0x0, 0x0, 0xce, 0x0, 0xf, 0xa0, 0xb6, 0x0,
    0xce, 0x0, 0x3f, 0x81, 0xf6, 0x0, 0xce, 0x25,
    0xdf, 0x6e, 0xff, 0xf3, 0xcf, 0xff, 0xe5, 0x16,
    0xf8, 0x30, 0xce, 0x43, 0x0, 0x3, 0xf6, 0x0,
    0xce, 0x0, 0x0, 0x3, 0xf6, 0x0, 0xce, 0x0,
    0x0, 0x3, 0xf6, 0x0, 0xce, 0x0, 0x0, 0x1,
    0xfb, 0x32, 0xce, 0x0, 0x0, 0x0, 0x7e, 0xf5,

    /* U+20A8 "₨" */
    0xbf, 0xfe, 0xa2, 0x0, 0x0, 0x0, 0xb, 0xf7,
    0x9f, 0xd0, 0x0, 0x0, 0x0, 0xbe, 0x0, 0x8f,
    0x20, 0x0, 0x0, 0xb, 0xe0, 0x6, 0xf4, 0x1b,
    0xfe, 0xa0, 0xbe, 0x0, 0x7f, 0x3a, 0xf7, 0x7a,
    0xb, 0xe2, 0x4e, 0xd0, 0xcc, 0x0, 0x0, 0xbf,
    0xff, 0xe2, 0x9, 0xfa, 0x10, 0xb, 0xe5, 0xce,
    0x0, 0xa, 0xfe, 0x30, 0xbe, 0x5, 0xf6, 0x0,
    0x5, 0xfe, 0xb, 0xe0, 0xe, 0xd0, 0x0, 0x8,
    0xf1, 0xbe, 0x0, 0x8f, 0x49, 0x53, 0xcd, 0xb,
    0xe0, 0x1, 0xfb, 0xbf, 0xfc, 0x30,

    /* U+20A9 "₩" */
    0xad, 0x0, 0x6f, 0x70, 0xc, 0xa7, 0xf0, 0x9,
    0xfa, 0x0, 0xe7, 0x4f, 0x20, 0xbb, 0xd0, 0x1f,
    0x51, 0xf4, 0xe, 0x7f, 0x3, 0xf2, 0xf, 0x71,
    0xf2, 0xf2, 0x6f, 0xc, 0xff, 0xff, 0xff, 0xff,
    0xfd, 0x1a, 0xc8, 0xd2, 0xc9, 0xbb, 0x10, 0x7d,
    0x9a, 0x9, 0xac, 0x80, 0x4, 0xfb, 0x70, 0x6c,
    0xe5, 0x0, 0x2f, 0xf5, 0x3, 0xff, 0x30, 0x0,
    0xff, 0x20, 0x1f, 0xf1, 0x0, 0xd, 0xf0, 0x0,
    0xee, 0x0,

    /* U+20AA "₪" */
    0xaf, 0xff, 0xfd, 0x50, 0x8, 0xf0, 0xae, 0x55,
    0x6c, 0xf5, 0x8, 0xf0, 0xae, 0x0, 0x0, 0xeb,
    0x8, 0xf0, 0xae, 0x9, 0xe0, 0xae, 0x8, 0xf0,
    0xae, 0x9, 0xe0, 0x9f, 0x8, 0xf0, 0xae, 0x9,
    0xe0, 0x9f, 0x8, 0xf0, 0xae, 0x9, 0xe0, 0x9f,
    0x8, 0xf0, 0xae, 0x9, 0xe0, 0x9f, 0x8, 0xf0,
    0xae, 0x9, 0xe0, 0x9e, 0x9, 0xf0, 0xae, 0x9,
    0xe0, 0x0, 0xd, 0xd0, 0xae, 0x9, 0xf5, 0x56,
    0xbf, 0x60, 0xae, 0x9, 0xff, 0xff, 0xd6, 0x0,

    /* U+20AB "₫" */
    0x0, 0x0, 0x0, 0x1f, 0x90, 0x0, 0x3, 0xff,
    0xff, 0xfd, 0x0, 0x0, 0x33, 0x4f, 0xb2, 0x0,
    0x7e, 0xfc, 0x3f, 0x90, 0x7, 0xfd, 0x89, 0xef,
    0x90, 0xe, 0xf1, 0x0, 0x7f, 0x90, 0x1f, 0xc0,
    0x0, 0x2f, 0x90, 0x2f, 0xa0, 0x0, 0x1f, 0x90,
    0x1f, 0xc0, 0x0, 0x1f, 0x90, 0xe, 0xf1, 0x0,
    0x6f, 0x90, 0x7, 0xfd, 0x78, 0xef, 0x90, 0x0,
    0x7e, 0xfc, 0x2e, 0x90, 0x0, 0x0, 0x0, 0x0,
    0x0, 0x2, 0xff, 0xff, 0xff, 0xc0, 0x0, 0x22,
    0x22, 0x22, 0x10,

    /* U+20AC "€" */
    0x0, 0x3, 0xbf, 0xfd, 0x60, 0x4, 0xfe, 0x98,
    0xb9, 0x0, 0xee, 0x10, 0x0, 0x0, 0x3f, 0x70,
    0x0, 0x0, 0x9f, 0xff, 0xff, 0xf0, 0x1, 0x9f,
    0x53, 0x32, 0x0, 0x8, 0xf3, 0x0, 0x0, 0x9,
    0xff, 0xff, 0xf7, 0x0, 0x15, 0xf9, 0x22, 0x10,
    0x0, 0xe, 0xe1, 0x0, 0x0, 0x0, 0x4f, 0xe9,
    0x8a, 0x80, 0x0, 0x3b, 0xef, 0xd5,

    /* U+20AD "₭" */
    0x8, 0xf2, 0x0, 0x3f, 0xa0, 0x8, 0xf2, 0x0,
    0xdd, 0x0, 0x8, 0xf2, 0xa, 0xf2, 0x0, 0x8,
    0xf2, 0x6f, 0x50, 0x0, 0x8, 0xf5, 0xf9, 0x0,
    0x0, 0xcf, 0xff, 0xff, 0xff, 0x40, 0x29, 0xfb,
    0xde, 0x33, 0x0, 0x8, 0xf2, 0x4f, 0x70, 0x0,
    0x8, 0xf2, 0xb, 0xf1, 0x0, 0x8, 0xf2, 0x2,
    0xfa, 0x0, 0x8, 0xf2, 0x0, 0x9f, 0x40, 0x8,
    0xf2, 0x0, 0x1f, 0xd0,

    /* U+20AE "₮" */
    0xbf, 0xff, 0xff, 0xff, 0xd5, 0x88, 0xaf, 0xb8,
    0x86, 0x0, 0x4, 0xf7, 0x1, 0x0, 0x0, 0x4f,
    0x9c, 0x90, 0x0, 0x4, 0xff, 0x80, 0x0, 0x1,
    0xcf, 0x80, 0x10, 0x4, 0xec, 0xf9, 0xc9, 0x0,
    0x25, 0x4f, 0xf8, 0x0, 0x0, 0x1c, 0xf8, 0x0,
    0x0, 0x4e, 0xcf, 0x70, 0x0, 0x2, 0x54, 0xf7,
    0x0, 0x0, 0x0, 0x4f, 0x70, 0x0,

    /* U+20AF "₯" */
    0x4b, 0xef, 0xec, 0x50, 0x0, 0x0, 0x0, 0x0,
    0x5e, 0x98, 0x9d, 0xfa, 0x0, 0x0, 0x0, 0x0,
    0x0, 0x25, 0x0, 0xaf, 0x70, 0x0, 0x0, 0x0,
    0x0, 0x9f, 0x0, 0xe, 0xd0, 0x0, 0x0, 0x0,
    0x0, 0xdd, 0x0, 0xb, 0xf0, 0x0, 0x0, 0x0,
    0x0, 0xfa, 0x0, 0xa, 0xf0, 0x0, 0x0, 0x0,
    0x3, 0xf6, 0x0, 0xc, 0xf0, 0x0, 0x0, 0x0,
    0x6, 0xf3, 0x0, 0x1f, 0xb0, 0x3d, 0xfe, 0x50,
    0xa, 0xf0, 0x0, 0x8f, 0x51, 0xea, 0x4b, 0xf0,
    0xd, 0xc0, 0x6, 0xfc, 0x7, 0xf0, 0x6, 0xf1,
    0xf, 0xd8, 0xdf, 0xc1, 0xb, 0xf3, 0x3d, 0xc0,
    0x4f, 0xfe, 0xc6, 0x0, 0xe, 0xde, 0xfb, 0x10,
    0x0, 0x0, 0x0, 0x0, 0x2f, 0x50, 0x0, 0x0,
    0x0, 0x0, 0x0, 0x0, 0x5f, 0x20, 0x0, 0x0,
    0x0, 0x0, 0x0, 0x0, 0x9f, 0x0, 0x0, 0x0,
    0x0, 0x0, 0x0, 0x0, 0xcb, 0x0, 0x0, 0x0,

    /* U+20B0 "₰" */
    0x0, 0x0, 0x6e, 0xe7, 0x0, 0x0, 0x2f, 0xa9,
    0xf3, 0x0, 0x5, 0xf3, 0x2f, 0x50, 0x0, 0x5f,
    0x43, 0xf4, 0x0, 0x3, 0xf7, 0x6f, 0x10, 0x0,
    0xe, 0xcc, 0xb0, 0x0, 0x0, 0x8f, 0xf3, 0x0,
    0x1, 0x1, 0xfc, 0x0, 0x1, 0xe1, 0x6f, 0xf1,
    0x0, 0x8f, 0x9e, 0x9f, 0x70, 0x1f, 0x8f, 0xd0,
    0xdd, 0x9, 0xc0, 0xa4, 0x8, 0xf2, 0x0, 0x0,
    0x0, 0x4f, 0x50, 0x0, 0x0, 0x3, 0xf6, 0x0,
    0x0, 0x26, 0xbf, 0x30, 0x0, 0x4, 0xfe, 0x70,

    /* U+20B1 "₱" */
    0x9, 0xff, 0xfc, 0x40, 0x0, 0x9, 0xf6, 0x7e,
    0xf3, 0x0, 0x9, 0xf0, 0x2, 0xfb, 0x0, 0xdf,
    0xff, 0xff, 0xff, 0xf0, 0x9, 0xf0, 0x0, 0x9f,
    0x0, 0xdf, 0xff, 0xff, 0xff, 0xf0, 0x9, 0xf2,
    0x28, 0xf8, 0x0, 0x9, 0xff, 0xff, 0x90, 0x0,
    0x9, 0xf5, 0x31, 0x0, 0x0, 0x9, 0xf0, 0x0,
    0x0, 0x0, 0x9, 0xf0, 0x0, 0x0, 0x0, 0x9,
    0xf0, 0x0, 0x0, 0x0,

    /* U+20B2 "₲" */
    0x0, 0x2, 0x9e, 0xff, 0xd9, 0x10, 0x5, 0xff,
    0xdf, 0x9c, 0xe0, 0x2, 0xff, 0x32, 0xf0, 0x1,
    0x0, 0x9f, 0x60, 0x2f, 0x0, 0x0, 0xe, 0xf0,
    0x2, 0xf0, 0x0, 0x0, 0xfd, 0x0, 0x2f, 0x0,
    0x0, 0xf, 0xc0, 0x2, 0xff, 0xff, 0x60, 0xee,
    0x0, 0x2f, 0x8a, 0xf6, 0xb, 0xf3, 0x2, 0xf0,
    0x4f, 0x60, 0x5f, 0xd1, 0x2f, 0x4, 0xf6, 0x0,
    0xaf, 0xea, 0xf7, 0xbf, 0x60, 0x0, 0x7d, 0xff,
    0xfe, 0xb3, 0x0, 0x0, 0x2, 0xf0, 0x0, 0x0,
    0x0, 0x0, 0x1c, 0x0, 0x0,

    /* U+20B3 "₳" */
    0x0, 0x1, 0xff, 0x0, 0x0, 0x0, 0x6, 0xff,
    0x50, 0x0, 0x0, 0xb, 0xef, 0x90, 0x0, 0x0,
    0xf, 0xac, 0xe0, 0x0, 0x0, 0x5f, 0x57, 0xf3,
    0x0, 0xcf, 0xff, 0xff, 0xff, 0xfb, 0x13, 0xfb,
    0x22, 0xcf, 0x21, 0xcf, 0xff, 0xff, 0xff, 0xfb,
    0x1d, 0xe2, 0x22, 0x2f, 0xc1, 0x2f, 0x90, 0x0,
    0xb, 0xf1, 0x7f, 0x40, 0x0, 0x5, 0xf6, 0xde,
    0x0, 0x0, 0x1, 0xfb,

    /* U+20B4 "₴" */
    0x4, 0xbe, 0xfe, 0x91, 0x0, 0x8e, 0xa9, 0xcf,
    0xb0, 0x0, 0x0, 0x0, 0xcf, 0x0, 0x0, 0x0,
    0xb, 0xf0, 0xcf, 0xff, 0xff, 0xff, 0xb1, 0x22,
    0x7e, 0xfc, 0x21, 0x1, 0xbf, 0xe6, 0x0, 0xc,
    0xff, 0xff, 0xff, 0xfb, 0x3f, 0xa2, 0x22, 0x22,
    0x12, 0xfa, 0x0, 0x0, 0x0, 0xd, 0xfb, 0x89,
    0xbf, 0x0, 0x19, 0xef, 0xec, 0x80,

    /* U+20B5 "₵" */
    0x0, 0x3, 0xbe, 0xfe, 0xb3, 0x0, 0x6f, 0xfc,
    0xea, 0xf4, 0x2, 0xfe, 0x25, 0xd0, 0x0, 0x9,
    0xf4, 0x5, 0xd0, 0x0, 0xe, 0xf0, 0x5, 0xd0,
    0x0, 0xf, 0xd0, 0x5, 0xd0, 0x0, 0xf, 0xd0,
    0x5, 0xd0, 0x0, 0xe, 0xe0, 0x5, 0xd0, 0x0,
    0xb, 0xf4, 0x5, 0xd0, 0x0, 0x5, 0xfd, 0x15,
    0xd0, 0x0, 0x0, 0xaf, 0xec, 0xe9, 0xc2, 0x0,
    0x7, 0xdf, 0xff, 0xc1, 0x0, 0x0, 0x5, 0xd0,
    0x0, 0x0, 0x0, 0x3, 0x90, 0x0,

    /* U+20B6 "₶" */
    0x0, 0xf3, 0x0, 0xf2, 0x0, 0x3, 0xf3, 0x5,
    0xf2, 0x0, 0x5e, 0xff, 0xff, 0xff, 0xf9, 0x3a,
    0xf8, 0x5b, 0xf7, 0x53, 0x7, 0xf3, 0x9, 0xf2,
    0x0, 0x7, 0xf3, 0x9, 0xf2, 0x0, 0x7, 0xf3,
    0x9, 0xf2, 0x0, 0x7, 0xf3, 0x9, 0xf2, 0x0,
    0x7, 0xf3, 0x8, 0xf3, 0x0, 0x7, 0xf3, 0x5,
    0xfc, 0x76, 0x7, 0xf3, 0x0, 0x9e, 0xf9,

    /* U+20B7 "₷" */
    0x0, 0x0, 0x8, 0xef, 0xeb, 0x40, 0x0, 0xb,
    0xfb, 0x8a, 0xe7, 0x0, 0x1, 0xfa, 0x0, 0x0,
    0x0, 0x0, 0x2f, 0x90, 0x0, 0x0, 0x0, 0x0,
    0xef, 0x60, 0x0, 0x0, 0x0, 0x2, 0xef, 0xe6,
    0x0, 0x0, 0x0, 0x0, 0x7e, 0xfd, 0x10, 0x0,
    0x0, 0x0, 0x7, 0xfa, 0x5c, 0x6b, 0xc5, 0xcb,
    0xb, 0xe9, 0x7e, 0x8, 0xb0, 0xb4, 0xbc, 0x2d,
    0xe4, 0x78, 0xa, 0xbf, 0x50, 0x2e, 0xbe, 0xff,
    0xfc, 0x40, 0x2, 0xc0, 0x68, 0xa, 0x40, 0x0,

    /* U+20B8 "₸" */
    0xbf, 0xff, 0xff, 0xff, 0x95, 0x88, 0x88, 0x88,
    0x84, 0x0, 0x0, 0x0, 0x0, 0xb, 0xff, 0xff,
    0xff, 0xf9, 0x58, 0x8b, 0xfa, 0x88, 0x40, 0x0,
    0x7f, 0x40, 0x0, 0x0, 0x7, 0xf4, 0x0, 0x0,
    0x0, 0x7f, 0x40, 0x0, 0x0, 0x7, 0xf4, 0x0,
    0x0, 0x0, 0x7f, 0x40, 0x0, 0x0, 0x7, 0xf4,
    0x0, 0x0, 0x0, 0x7f, 0x40, 0x0,

    /* U+20B9 "₹" */
    0x56, 0x66, 0x66, 0x68, 0xbf, 0xfb, 0xaa, 0x0,
    0x2f, 0xb0, 0x9, 0xbb, 0xff, 0xbb, 0x45, 0x5e,
    0xf5, 0x50, 0x17, 0xf9, 0x0, 0xcf, 0xe8, 0x0,
    0x6, 0xf6, 0x0, 0x0, 0xd, 0xe1, 0x0, 0x0,
    0x4f, 0xa0, 0x0, 0x0, 0xbf, 0x30, 0x0, 0x2,
    0xfd, 0x0,

    /* U+20BA "₺" */
    0x1, 0xf9, 0x0, 0x0, 0x0, 0x1f, 0x90, 0x56,
    0x0, 0x1, 0xfd, 0xed, 0x50, 0x6, 0xdf, 0xc3,
    0x1, 0x0, 0x76, 0xfa, 0x8e, 0x90, 0x1, 0x7f,
    0xfa, 0x40, 0x0, 0xbc, 0xf9, 0x0, 0xd, 0x90,
    0x1f, 0x90, 0x0, 0xf9, 0x1, 0xf9, 0x0, 0x5f,
    0x50, 0x1f, 0x90, 0x1d, 0xd0, 0x1, 0xfc, 0x9e,
    0xf3, 0x0, 0x1f, 0xfe, 0x92, 0x0,

    /* U+20BB "₻" */
    0x2c, 0xe9, 0x0, 0x0, 0x0, 0x0, 0xa, 0x60,
    0xe5, 0x0, 0x0, 0x0, 0x0, 0xb8, 0xb, 0x80,
    0x0, 0x0, 0x0, 0x5, 0xff, 0xff, 0xff, 0xff,
    0xfb, 0x20, 0x2, 0x7d, 0xc8, 0x88, 0x88, 0xce,
    0x0, 0x0, 0xa9, 0x3, 0x2, 0x0, 0xd4, 0x0,
    0xa, 0xbc, 0xf9, 0xfa, 0x1d, 0x30, 0x0, 0x9f,
    0x63, 0xd3, 0x8e, 0xa0, 0x0, 0x4f, 0xf1, 0x0,
    0x0, 0x0, 0x0, 0xa, 0x5f, 0x90, 0x0, 0x0,
    0x0, 0x0, 0x0, 0x6f, 0xc9, 0x9c, 0x0, 0x0,
    0x0, 0x0, 0x5c, 0xff, 0xc0, 0x0,

    /* U+20BC "₼" */
    0x0, 0x0, 0x3, 0xf6, 0x0, 0x0, 0x0, 0x0,
    0x0, 0x3f, 0x60, 0x0, 0x0, 0x0, 0x0, 0x3,
    0xf6, 0x0, 0x0, 0x0, 0x0, 0x16, 0x9f, 0xb7,
    0x30, 0x0, 0x0, 0x7f, 0xff, 0xff, 0xff, 0xa0,
    0x0, 0x4f, 0xc2, 0x3f, 0x61, 0xaf, 0x80, 0xb,
    0xf1, 0x3, 0xf6, 0x0, 0xde, 0x0, 0xec, 0x0,
    0x3f, 0x60, 0x9, 0xf2, 0xf, 0xa0, 0x3, 0xf6,
    0x0, 0x7f, 0x31, 0xf9, 0x0, 0x0, 0x0, 0x6,
    0xf4, 0x1f, 0x90, 0x0, 0x0, 0x0, 0x6f, 0x41,
    0xf9, 0x0, 0x0, 0x0, 0x6, 0xf4,

    /* U+20BD "₽" */
    0x7, 0xff, 0xff, 0xc4, 0x0, 0x7f, 0x97, 0x9f,
    0xf4, 0x7, 0xf4, 0x0, 0x3f, 0xb0, 0x7f, 0x40,
    0x0, 0xed, 0x7, 0xf4, 0x0, 0x1f, 0xc1, 0x8f,
    0x52, 0x4c, 0xf6, 0xdf, 0xff, 0xff, 0xf8, 0x4,
    0xaf, 0x75, 0x40, 0x0, 0x7, 0xf4, 0x0, 0x0,
    0xd, 0xff, 0xff, 0xd0, 0x0, 0x29, 0xf6, 0x32,
    0x0, 0x0, 0x7f, 0x40, 0x0, 0x0,

    /* U+20BE "₾" */
    0x0, 0x4c, 0xff, 0xf8, 0x0, 0x0, 0x7f, 0xfc,
    0x7f, 0xfc, 0x0, 0x3f, 0xb6, 0xa2, 0xf5, 0xf8,
    0xa, 0xf2, 0x6a, 0x2f, 0xc, 0xe0, 0xde, 0x6,
    0xa2, 0xf0, 0x8f, 0x3f, 0xc0, 0x6a, 0x2f, 0x5,
    0xf5, 0xed, 0x5, 0x92, 0xd0, 0x4e, 0x6b, 0xf0,
    0x0, 0x0, 0x0, 0x0, 0x6f, 0x60, 0x0, 0x0,
    0x0, 0x0, 0xce, 0x30, 0x0, 0x0, 0x0, 0x15,
    0xef, 0xa7, 0x77, 0x75, 0x4, 0xff, 0xff, 0xff,
    0xff, 0xc0,

    /* U+20BF "₿" */
    0x0, 0x70, 0x61, 0x0, 0x0, 0xf1, 0xd3, 0x0,
    0x7f, 0xff, 0xfb, 0x20, 0x7f, 0x98, 0xbf, 0xe0,
    0x7f, 0x40, 0xa, 0xf3, 0x7f, 0x40, 0x8, 0xf3,
    0x7f, 0x52, 0x4e, 0xd0, 0x7f, 0xff, 0xfd, 0x20,
    0x7f, 0x75, 0x7e, 0xe1, 0x7f, 0x40, 0x6, 0xf7,
    0x7f, 0x40, 0x4, 0xf9, 0x7f, 0x40, 0x8, 0xf7,
    0x7f, 0x97, 0xaf, 0xf1, 0x7f, 0xff, 0xfc, 0x20,
    0x0, 0xf1, 0xd3, 0x0, 0x0, 0x70, 0x61, 0x0,

    /* U+2116 "№" */
    0x36, 0x30, 0x0, 0x6, 0x30, 0x0, 0x0, 0x8,
    0xfd, 0x0, 0x0, 0xf8, 0x0, 0x0, 0x0, 0x8f,
    0xf5, 0x0, 0xf, 0x80, 0x0, 0x0, 0x8, 0xdc,
    0xd0, 0x0, 0xf8, 0x0, 0x0, 0x0, 0x8e, 0x4f,
    0x60, 0xf, 0x80, 0x17, 0x94, 0x8, 0xf0, 0xbe,
    0x0, 0xf8, 0xc, 0xb7, 0xe5, 0x8f, 0x3, 0xf7,
    0xf, 0x82, 0xf1, 0x8, 0xa8, 0xf0, 0xb, 0xe0,
    0xf8, 0x2f, 0x0, 0x8b, 0x8f, 0x0, 0x2f, 0x8e,
    0x80, 0xe8, 0x3d, 0x78, 0xf0, 0x0, 0xaf, 0xe8,
    0x2, 0xbc, 0x80, 0x8f, 0x0, 0x2, 0xff, 0x80,
    0x33, 0x33, 0x18, 0xf0, 0x0, 0x9, 0xf8, 0xf,
    0xff, 0xf7,

    /* U+2122 "™" */
    0x89, 0x99, 0x39, 0x50, 0x5, 0x90, 0x47, 0xc4,
    0x1f, 0xd0, 0xc, 0xf0, 0x4, 0xb0, 0xf, 0xb3,
    0x2b, 0xf0, 0x4, 0xb0, 0xf, 0x69, 0x85, 0xf0,
    0x4, 0xb0, 0xf, 0xe, 0xd0, 0xf0, 0x4, 0xb0,
    0xf, 0xa, 0x90, 0xf0, 0x0, 0x0, 0x0, 0x0,
    0x0, 0x0,

    /* U+F001 "" */
    0x0, 0x0, 0x0, 0x0, 0x0, 0x0, 0x0, 0x0,
    0x0, 0x0, 0x0, 0x0, 0x0, 0x0, 0x49, 0xdc,
    0x0, 0x0, 0x0, 0x0, 0x16, 0xbf, 0xff, 0xff,
    0x0, 0x0, 0x3, 0x8d, 0xff, 0xff, 0xff, 0xff,
    0x0, 0x0, 0xcf, 0xff, 0xff, 0xff, 0xff, 0xff,
    0x0, 0x0, 0xff, 0xff, 0xff, 0xff, 0xc7, 0xff,
    0x0, 0x0, 0xff, 0xff, 0xfa, 0x51, 0x0, 0xff,
    0x0, 0x0, 0xff, 0x84, 0x0, 0x0, 0x0, 0xff,
    0x0, 0x0, 0xff, 0x0, 0x0, 0x0, 0x0, 0xff,
    0x0, 0x0, 0xff, 0x0, 0x0, 0x0, 0x0, 0xff,
    0x0, 0x0, 0xff, 0x0, 0x0, 0x0, 0x0, 0xff,
    0x0, 0x0, 0xff, 0x0, 0x0, 0x2b, 0xee, 0xff,
    0x0, 0x0, 0xff, 0x0, 0x0, 0xdf, 0xff, 0xff,
    0x2b, 0xee, 0xff, 0x0, 0x0, 0xdf, 0xff, 0xfd,
    0xdf, 0xff, 0xff, 0x0, 0x0, 0x2b, 0xff, 0xb2,
    0xdf, 0xff, 0xfd, 0x0, 0x0, 0x0, 0x0, 0x0,
    0x2b, 0xff, 0xb2, 0x0, 0x0, 0x0, 0x0, 0x0,

    /* U+F005 "" */
    0x0, 0x0, 0x0, 0x0, 0xcc, 0x0, 0x0, 0x0,
    0x0, 0x0, 0x0, 0x0, 0x5, 0xff, 0x50, 0x0,
    0x0, 0x0, 0x0, 0x0, 0x0, 0xd, 0xff, 0xd0,
    0x0, 0x0, 0x0, 0x0, 0x0, 0x0, 0x5f, 0xff,
    0xf5, 0x0, 0x0, 0x0, 0x0, 0x0, 0x13, 0xdf,
    0xff, 0xfd, 0x31, 0x0, 0x0, 0x19, 0xce, 0xff,
    0xff, 0xff, 0xff, 0xff, 0xec, 0x91, 0x4f, 0xff,
    0xff, 0xff, 0xff, 0xff, 0xff, 0xff, 0xf4, 0x9,
    0xff, 0xff, 0xff, 0xff, 0xff, 0xff, 0xff, 0x90,
    0x0, 0x9f, 0xff, 0xff, 0xff, 0xff, 0xff, 0xf9,
    0x0, 0x0, 0x8, 0xff, 0xff, 0xff, 0xff, 0xff,
    0x80, 0x0, 0x0, 0x0, 0xdf, 0xff, 0xff, 0xff,
    0xfd, 0x0, 0x0, 0x0, 0x0, 0xff, 0xff, 0xff,
    0xff, 0xff, 0x0, 0x0, 0x0, 0x2, 0xff, 0xff,
    0xff, 0xff, 0xff, 0x20, 0x0, 0x0, 0x4, 0xff,
    0xff, 0xff, 0xff, 0xff, 0x40, 0x0, 0x0, 0x7,
    0xff, 0xf8, 0x11, 0x8f, 0xff, 0x70, 0x0, 0x0,
    0x5, 0xe9, 0x10, 0x0, 0x1, 0x9e, 0x50, 0x0,
    0x0, 0x0, 0x0, 0x0, 0x0, 0x0, 0x0, 0x0,
    0x0,

    /* U+F008 "" */
    0xd0, 0xf, 0xff, 0xff, 0xff, 0xff, 0xf0, 0xd,
    0xff, 0xff, 0xc8, 0x88, 0x88, 0x8c, 0xff, 0xff,
    0xf0, 0xf, 0x80, 0x0, 0x0, 0x8, 0xf0, 0xf,
    0xf0, 0xf, 0x80, 0x0, 0x0, 0x8, 0xf0, 0xf,
    0xff, 0xff, 0x80, 0x0, 0x0, 0x8, 0xff, 0xff,
    0xf0, 0xf, 0xec, 0xcc, 0xcc, 0xce, 0xf0, 0xf,
    0xf0, 0xf, 0xec, 0xcc, 0xcc, 0xce, 0xf0, 0xf,
    0xff, 0xff, 0x80, 0x0, 0x0, 0x8, 0xff, 0xff,
    0xf0, 0xf, 0x80, 0x0, 0x0, 0x8, 0xf0, 0xf,
    0xf0, 0xf, 0x80, 0x0, 0x0, 0x8, 0xf0, 0xf,
    0xff, 0xff, 0xc8, 0x88, 0x88, 0x8c, 0xff, 0xff,
    0xd0, 0xf, 0xff, 0xff, 0xff, 0xff, 0xf0, 0xd,

    /* U+F00B "" */
    0xdf, 0xff, 0x73, 0xff, 0xff, 0xff, 0xff, 0xfd,
    0xff, 0xff, 0xa5, 0xff, 0xff, 0xff, 0xff, 0xff,
    0xff, 0xff, 0xa5, 0xff, 0xff, 0xff, 0xff, 0xff,
    0xdf, 0xff, 0x73, 0xff, 0xff, 0xff, 0xff, 0xfd,
    0x0, 0x0, 0x0, 0x0, 0x0, 0x0, 0x0, 0x0,
    0xdf, 0xff, 0x73, 0xff, 0xff, 0xff, 0xff, 0xfd,
    0xff, 0xff, 0xa5, 0xff, 0xff, 0xff, 0xff, 0xff,
    0xff, 0xff, 0xa5, 0xff, 0xff, 0xff, 0xff, 0xff,
    0xdf, 0xff, 0x73, 0xff, 0xff, 0xff, 0xff, 0xfd,
    0x0, 0x0, 0x0, 0x0, 0x0, 0x0, 0x0, 0x0,
    0xdf, 0xff, 0x73, 0xff, 0xff, 0xff, 0xff, 0xfd,
    0xff, 0xff, 0xa5, 0xff, 0xff, 0xff, 0xff, 0xff,
    0xff, 0xff, 0xa5, 0xff, 0xff, 0xff, 0xff, 0xff,
    0xdf, 0xff, 0x73, 0xff, 0xff, 0xff, 0xff, 0xfd,

    /* U+F00C "" */
    0x0, 0x0, 0x0, 0x0, 0x0, 0x0, 0xa, 0xb1,
    0x0, 0x0, 0x0, 0x0, 0x0, 0x0, 0xbf, 0xfc,
    0x0, 0x0, 0x0, 0x0, 0x0, 0xb, 0xff, 0xfb,
    0x0, 0x0, 0x0, 0x0, 0x0, 0xbf, 0xff, 0xc0,
    0x1b, 0xa0, 0x0, 0x0, 0xb, 0xff, 0xfc, 0x0,
    0xcf, 0xfb, 0x0, 0x0, 0xbf, 0xff, 0xc0, 0x0,
    0xbf, 0xff, 0xb0, 0xb, 0xff, 0xfc, 0x0, 0x0,
    0xc, 0xff, 0xfb, 0xbf, 0xff, 0xc0, 0x0, 0x0,
    0x0, 0xcf, 0xff, 0xff, 0xfb, 0x0, 0x0, 0x0,
    0x0, 0xc, 0xff, 0xff, 0xb0, 0x0, 0x0, 0x0,
    0x0, 0x0, 0xbf, 0xfb, 0x0, 0x0, 0x0, 0x0,
    0x0, 0x0, 0xb, 0xb0, 0x0, 0x0, 0x0, 0x0,

    /* U+F00D "" */
    0x3, 0x0, 0x0, 0x0, 0x3, 0x8, 0xfc, 0x10,
    0x0, 0x1c, 0xf8, 0xff, 0xfc, 0x10, 0x1c, 0xff,
    0xf5, 0xff, 0xfc, 0x2c, 0xff, 0xf5, 0x5, 0xff,
    0xff, 0xff, 0xf5, 0x0, 0x5, 0xff, 0xff, 0xf5,
    0x0, 0x0, 0x1d, 0xff, 0xfd, 0x10, 0x0, 0x1c,
    0xff, 0xff, 0xfc, 0x10, 0x1c, 0xff, 0xf9, 0xff,
    0xfc, 0x1c, 0xff, 0xf5, 0x5, 0xff, 0xfc, 0xdf,
    0xf5, 0x0, 0x5, 0xff, 0xd1, 0xa4, 0x0, 0x0,
    0x4, 0xa1,

    /* U+F011 "" */
    0x0, 0x0, 0x0, 0x4f, 0xe0, 0x0, 0x0, 0x0,
    0x0, 0x2, 0x10, 0x6f, 0xf1, 0x3, 0x10, 0x0,
    0x0, 0x5f, 0xd0, 0x6f, 0xf1, 0x3f, 0xd1, 0x0,
    0x3, 0xff, 0xf1, 0x6f, 0xf1, 0x5f, 0xfd, 0x0,
    0xd, 0xff, 0x40, 0x6f, 0xf1, 0x9, 0xff, 0x70,
    0x4f, 0xf7, 0x0, 0x6f, 0xf1, 0x0, 0xcf, 0xe0,
    0x9f, 0xf0, 0x0, 0x6f, 0xf1, 0x0, 0x5f, 0xf3,
    0xbf, 0xc0, 0x0, 0x6f, 0xf1, 0x0, 0x2f, 0xf5,
    0xbf, 0xc0, 0x0, 0x4f, 0xe0, 0x0, 0x1f, 0xf6,
    0xaf, 0xe0, 0x0, 0x0, 0x0, 0x0, 0x4f, 0xf4,
    0x6f, 0xf4, 0x0, 0x0, 0x0, 0x0, 0xaf, 0xf0,
    0xf, 0xfe, 0x10, 0x0, 0x0, 0x5, 0xff, 0xa0,
    0x6, 0xff, 0xd3, 0x0, 0x0, 0x7f, 0xff, 0x20,
    0x0, 0x9f, 0xff, 0xda, 0xbe, 0xff, 0xf4, 0x0,
    0x0, 0x6, 0xff, 0xff, 0xff, 0xfd, 0x30, 0x0,
    0x0, 0x0, 0x17, 0xbd, 0xca, 0x50, 0x0, 0x0,

    /* U+F013 "" */
    0x0, 0x0, 0x0, 0x8b, 0xb8, 0x0, 0x0, 0x0,
    0x0, 0x0, 0x0, 0xff, 0xff, 0x0, 0x0, 0x0,
    0x0, 0x30, 0x6, 0xff, 0xff, 0x60, 0x3, 0x0,
    0x4, 0xfd, 0xdf, 0xff, 0xff, 0xfd, 0xef, 0x40,
    0xd, 0xff, 0xff, 0xff, 0xff, 0xff, 0xff, 0xd0,
    0x4f, 0xff, 0xff, 0xf9, 0x9f, 0xff, 0xff, 0xf4,
    0x8, 0xff, 0xff, 0x20, 0x2, 0xff, 0xff, 0x80,
    0x0, 0xff, 0xf9, 0x0, 0x0, 0x9f, 0xff, 0x0,
    0x0, 0xff, 0xf9, 0x0, 0x0, 0x9f, 0xff, 0x0,
    0x8, 0xff, 0xff, 0x20, 0x2, 0xff, 0xff, 0x80,
    0x4f, 0xff, 0xff, 0xf9, 0x9f, 0xff, 0xff, 0xf4,
    0xd, 0xff, 0xff, 0xff, 0xff, 0xff, 0xff, 0xd0,
    0x4, 0xfe, 0xdf, 0xff, 0xff, 0xfd, 0xdf, 0x40,
    0x0, 0x30, 0x6, 0xff, 0xff, 0x60, 0x3, 0x0,
    0x0, 0x0, 0x0, 0xff, 0xff, 0x0, 0x0, 0x0,
    0x0, 0x0, 0x0, 0x8b, 0xb8, 0x0, 0x0, 0x0,

    /* U+F015 "" */
    0x0, 0x0, 0x0, 0x3, 0xdd, 0x30, 0x3f, 0xf3,
    0x0, 0x0, 0x0, 0x0, 0x6f, 0xff, 0xf5, 0x4f,
    0xf4, 0x0, 0x0, 0x0, 0x9, 0xff, 0x99, 0xff,
    0xbf, 0xf4, 0x0, 0x0, 0x1, 0xbf, 0xf6, 0x22,
    0x6f, 0xff, 0xf4, 0x0, 0x0, 0x2d, 0xfe, 0x35,
    0xff, 0x53, 0xef, 0xf4, 0x0, 0x4, 0xff, 0xc1,
    0x8f, 0xff, 0xf8, 0x1c, 0xfe, 0x40, 0x7f, 0xfa,
    0x1a, 0xff, 0xff, 0xff, 0xa1, 0xaf, 0xf7, 0xcf,
    0x82, 0xdf, 0xff, 0xff, 0xff, 0xfd, 0x28, 0xfc,
    0x14, 0xe, 0xff, 0xff, 0xff, 0xff, 0xff, 0xe0,
    0x41, 0x0, 0xf, 0xff, 0xff, 0xff, 0xff, 0xff,
    0xf0, 0x0, 0x0, 0xf, 0xff, 0xf9, 0x0, 0x8f,
    0xff, 0xf0, 0x0, 0x0, 0xf, 0xff, 0xf8, 0x0,
    0x8f, 0xff, 0xf0, 0x0, 0x0, 0xf, 0xff, 0xf8,
    0x0, 0x8f, 0xff, 0xf0, 0x0, 0x0, 0xe, 0xff,
    0xf6, 0x0, 0x6f, 0xff, 0xe0, 0x0,

    /* U+F017 "" */
    0x0, 0x0, 0x18, 0xce, 0xec, 0x81, 0x0, 0x0,
    0x0, 0x7, 0xff, 0xff, 0xff, 0xff, 0x70, 0x0,
    0x0, 0x9f, 0xff, 0xff, 0xff, 0xff, 0xf9, 0x0,
    0x6, 0xff, 0xff, 0xf0, 0xf, 0xff, 0xff, 0x60,
    0xe, 0xff, 0xff, 0xe0, 0xe, 0xff, 0xff, 0xe0,
    0x5f, 0xff, 0xff, 0xe0, 0xe, 0xff, 0xff, 0xf5,
    0x9f, 0xff, 0xff, 0xe0, 0xe, 0xff, 0xff, 0xf9,
    0xaf, 0xff, 0xff, 0xe0, 0xd, 0xff, 0xff, 0xfa,
    0xaf, 0xff, 0xff, 0xf0, 0x1, 0xbf, 0xff, 0xfa,
    0x8f, 0xff, 0xff, 0xfb, 0x10, 0xe, 0xff, 0xf8,
    0x3f, 0xff, 0xff, 0xff, 0xe3, 0x6f, 0xff, 0xf3,
    0xc, 0xff, 0xff, 0xff, 0xff, 0xff, 0xff, 0xc0,
    0x2, 0xff, 0xff, 0xff, 0xff, 0xff, 0xff, 0x20,
    0x0, 0x3e, 0xff, 0xff, 0xff, 0xff, 0xe3, 0x0,
    0x0, 0x2, 0xbf, 0xff, 0xff, 0xfb, 0x20, 0x0,
    0x0, 0x0, 0x1, 0x68, 0x86, 0x10, 0x0, 0x0,

    /* U+F019 "" */
    0x0, 0x0, 0x0, 0xdf, 0xfd, 0x0, 0x0, 0x0,
    0x0, 0x0, 0x0, 0xff, 0xff, 0x0, 0x0, 0x0,
    0x0, 0x0, 0x0, 0xff, 0xff, 0x0, 0x0, 0x0,
    0x0, 0x0, 0x0, 0xff, 0xff, 0x0, 0x0, 0x0,
    0x0, 0x0, 0x0, 0xff, 0xff, 0x0, 0x0, 0x0,
    0x0, 0x0, 0x0, 0xff, 0xff, 0x0, 0x0, 0x0,
    0x0, 0x4f, 0xff, 0xff, 0xff, 0xff, 0xf4, 0x0,
    0x0, 0xb, 0xff, 0xff, 0xff, 0xff, 0xb0, 0x0,
    0x0, 0x0, 0xbf, 0xff, 0xff, 0xfb, 0x0, 0x0,
    0x0, 0x0, 0xb, 0xff, 0xff, 0xb0, 0x0, 0x0,
    0x0, 0x0, 0x0, 0xbf, 0xfb, 0x0, 0x0, 0x0,
    0xdf, 0xff, 0xfc, 0x1b, 0xb1, 0xcf, 0xff, 0xfd,
    0xff, 0xff, 0xff, 0xc2, 0x2c, 0xff, 0xff, 0xff,
    0xff, 0xff, 0xff, 0xff, 0xff, 0xff, 0xff, 0xff,
    0xff, 0xff, 0xff, 0xff, 0xff, 0xf0, 0xe0, 0xff,
    0xdf, 0xff, 0xff, 0xff, 0xff, 0xff, 0xff, 0xfd,

    /* U+F01C "" */
    0x0, 0x4, 0xef, 0xff, 0xff, 0xff, 0xfe, 0x40,
    0x0, 0x0, 0x1e, 0xff, 0xff, 0xff, 0xff, 0xff,
    0xe1, 0x0, 0x0, 0xaf, 0xb0, 0x0, 0x0, 0x0,
    0xb, 0xfa, 0x0, 0x5, 0xff, 0x10, 0x0, 0x0,
    0x0, 0x1, 0xff, 0x50, 0x1e, 0xf6, 0x0, 0x0,
    0x0, 0x0, 0x0, 0x6f, 0xe1, 0xaf, 0xb0, 0x0,
    0x0, 0x0, 0x0, 0x0, 0xb, 0xfa, 0xff, 0xff,
    0xff, 0x70, 0x0, 0x8, 0xff, 0xff, 0xff, 0xff,
    0xff, 0xff, 0xe0, 0x0, 0xf, 0xff, 0xff, 0xff,
    0xff, 0xff, 0xff, 0xff, 0xff, 0xff, 0xff, 0xff,
    0xff, 0xff, 0xff, 0xff, 0xff, 0xff, 0xff, 0xff,
    0xff, 0xff, 0xff, 0xff, 0xff, 0xff, 0xff, 0xff,
    0xff, 0xff, 0xff, 0x8f, 0xff, 0xff, 0xff, 0xff,
    0xff, 0xff, 0xff, 0xf8,

    /* U+F021 "" */
    0x0, 0x0, 0x6, 0xbd, 0xda, 0x50, 0x2, 0xff,
    0x0, 0x5, 0xef, 0xff, 0xff, 0xfe, 0x42, 0xff,
    0x0, 0x7f, 0xff, 0xa7, 0x7b, 0xff, 0xf9, 0xff,
    0x5, 0xff, 0xc1, 0x0, 0x0, 0x2c, 0xff, 0xff,
    0xe, 0xfc, 0x0, 0x0, 0x2, 0x22, 0xdf, 0xff,
    0x5f, 0xf2, 0x0, 0x0, 0xf, 0xff, 0xff, 0xff,
    0x8f, 0xb0, 0x0, 0x0, 0xf, 0xff, 0xff, 0xff,
    0x0, 0x0, 0x0, 0x0, 0x0, 0x0, 0x0, 0x0,
    0x0, 0x0, 0x0, 0x0, 0x0, 0x0, 0x0, 0x0,
    0xff, 0xff, 0xff, 0xf0, 0x0, 0x0, 0xb, 0xf8,
    0xff, 0xff, 0xff, 0xf0, 0x0, 0x0, 0x2f, 0xf4,
    0xff, 0xfd, 0x22, 0x20, 0x0, 0x0, 0xcf, 0xe0,
    0xff, 0xff, 0xc2, 0x0, 0x0, 0x2c, 0xff, 0x40,
    0xff, 0x9f, 0xff, 0xb7, 0x6a, 0xff, 0xf7, 0x0,
    0xff, 0x24, 0xdf, 0xff, 0xff, 0xfe, 0x50, 0x0,
    0xff, 0x20, 0x5, 0xac, 0xdb, 0x60, 0x0, 0x0,

    /* U+F024 "" */
    0x0, 0x0, 0x0, 0x0, 0x0, 0x0, 0x0, 0x0,
    0x3e, 0xe3, 0x0, 0x0, 0x0, 0x0, 0x0, 0x0,
    0xbf, 0xfb, 0x0, 0x0, 0x0, 0x0, 0x0, 0x0,
    0x8f, 0xfe, 0xdf, 0xeb, 0x72, 0x0, 0x27, 0xdc,
    0xf, 0xff, 0xff, 0xff, 0xff, 0xff, 0xff, 0xff,
    0xf, 0xff, 0xff, 0xff, 0xff, 0xff, 0xff, 0xff,
    0xf, 0xff, 0xff, 0xff, 0xff, 0xff, 0xff, 0xff,
    0xf, 0xff, 0xff, 0xff, 0xff, 0xff, 0xff, 0xff,
    0xf, 0xff, 0xff, 0xff, 0xff, 0xff, 0xff, 0xff,
    0xf, 0xff, 0xff, 0xff, 0xff, 0xff, 0xff, 0xff,
    0xf, 0xff, 0xff, 0xff, 0xff, 0xff, 0xff, 0xff,
    0xf, 0xff, 0xff, 0xff, 0xff, 0xff, 0xff, 0xff,
    0xf, 0xff, 0xdb, 0x9b, 0xff, 0xff, 0xff, 0xf6,
    0xf, 0xf2, 0x0, 0x0, 0x4, 0x8a, 0x96, 0x10,
    0xf, 0xf0, 0x0, 0x0, 0x0, 0x0, 0x0, 0x0,
    0xf, 0xf0, 0x0, 0x0, 0x0, 0x0, 0x0, 0x0,
    0xd, 0xd0, 0x0, 0x0, 0x0, 0x0, 0x0, 0x0,

    /* U+F026 "" */
    0x0, 0x0, 0x0, 0x0, 0x0, 0x0, 0x0, 0x8d,
    0x0, 0x0, 0x8, 0xff, 0x0, 0x0, 0x8f, 0xff,
    0xdf, 0xff, 0xff, 0xff, 0xff, 0xff, 0xff, 0xff,
    0xff, 0xff, 0xff, 0xff, 0xff, 0xff, 0xff, 0xff,
    0xff, 0xff, 0xff, 0xff, 0xdf, 0xff, 0xff, 0xff,
    0x0, 0x0, 0x9f, 0xff, 0x0, 0x0, 0x9, 0xff,
    0x0, 0x0, 0x0, 0x8d, 0x0, 0x0, 0x0, 0x0,

    /* U+F027 "" */
    0x0, 0x0, 0x0, 0x0, 0x0, 0x0, 0x0, 0x0,
    0x0, 0x8d, 0x0, 0x0, 0x0, 0x0, 0x8, 0xff,
    0x0, 0x0, 0x0, 0x0, 0x8f, 0xff, 0x0, 0x0,
    0xcf, 0xff, 0xff, 0xff, 0x1, 0x50, 0xff, 0xff,
    0xff, 0xff, 0x6, 0xf7, 0xff, 0xff, 0xff, 0xff,
    0x0, 0xbe, 0xff, 0xff, 0xff, 0xff, 0x0, 0xae,
    0xff, 0xff, 0xff, 0xff, 0x5, 0xf8, 0xdf, 0xff,
    0xff, 0xff, 0x2, 0x60, 0x0, 0x0, 0x9f, 0xff,
    0x0, 0x0, 0x0, 0x0, 0x9, 0xff, 0x0, 0x0,
    0x0, 0x0, 0x0, 0x9e, 0x0, 0x0, 0x0, 0x0,
    0x0, 0x0, 0x0, 0x0,

    /* U+F028 "" */
    0x0, 0x0, 0x0, 0x0, 0x0, 0x0, 0x6, 0x10,
    0x0, 0x0, 0x0, 0x0, 0x0, 0x0, 0x0, 0x1f,
    0xd2, 0x0, 0x0, 0x0, 0x0, 0x8d, 0x0, 0x0,
    0x3, 0xee, 0x10, 0x0, 0x0, 0x8, 0xff, 0x0,
    0xa, 0xb1, 0x2f, 0xb0, 0x0, 0x0, 0x8f, 0xff,
    0x0, 0x5, 0xfc, 0x7, 0xf4, 0xdf, 0xff, 0xff,
    0xff, 0x2, 0x50, 0x5f, 0x60, 0xf9, 0xff, 0xff,
    0xff, 0xff, 0x6, 0xf7, 0xd, 0xc0, 0xbd, 0xff,
    0xff, 0xff, 0xff, 0x0, 0xae, 0x9, 0xf0, 0x9f,
    0xff, 0xff, 0xff, 0xff, 0x0, 0xae, 0x9, 0xe0,
    0x8f, 0xff, 0xff, 0xff, 0xff, 0x6, 0xf7, 0xd,
    0xc0, 0xad, 0xdf, 0xff, 0xff, 0xff, 0x2, 0x50,
    0x5f, 0x60, 0xe9, 0x0, 0x0, 0x9f, 0xff, 0x0,
    0x5, 0xfc, 0x6, 0xf4, 0x0, 0x0, 0x9, 0xff,
    0x0, 0xa, 0xb1, 0x2f, 0xb0, 0x0, 0x0, 0x0,
    0x8d, 0x0, 0x0, 0x2, 0xee, 0x10, 0x0, 0x0,
    0x0, 0x0, 0x0, 0x0, 0x1f, 0xd2, 0x0, 0x0,
    0x0, 0x0, 0x0, 0x0, 0x0, 0x6, 0x10, 0x0,

    /* U+F03E "" */
    0x8f, 0xff, 0xff, 0xff, 0xff, 0xff, 0xff, 0xf8,
    0xff, 0xfc, 0xff, 0xff, 0xff, 0xff, 0xff, 0xff,
    0xff, 0x20, 0x2f, 0xff, 0xff, 0xff, 0xff, 0xff,
    0xfc, 0x0, 0xc, 0xff, 0xff, 0xee, 0xff, 0xff,
    0xff, 0x20, 0x2f, 0xff, 0xfe, 0x12, 0xef, 0xff,
    0xff, 0xfc, 0xff, 0xff, 0xe1, 0x0, 0x2e, 0xff,
    0xff, 0xfe, 0x4e, 0xfe, 0x10, 0x0, 0x2, 0xff,
    0xff, 0xe1, 0x2, 0xc1, 0x0, 0x0, 0x0, 0xff,
    0xff, 0x10, 0x0, 0x0, 0x0, 0x0, 0x0, 0xff,
    0xff, 0x0, 0x0, 0x0, 0x0, 0x0, 0x0, 0xff,
    0xff, 0xff, 0xff, 0xff, 0xff, 0xff, 0xff, 0xff,
    0x8f, 0xff, 0xff, 0xff, 0xff, 0xff, 0xff, 0xf8,

    /* U+F043 "" */
    0x0, 0x0, 0x4e, 0x40, 0x0, 0x0, 0x0, 0xb,
    0xfb, 0x0, 0x0, 0x0, 0x1, 0xff, 0xf1, 0x0,
    0x0, 0x0, 0x9f, 0xff, 0x90, 0x0, 0x0, 0x2f,
    0xff, 0xff, 0x30, 0x0, 0xc, 0xff, 0xff, 0xfc,
    0x0, 0x7, 0xff, 0xff, 0xff, 0xf8, 0x2, 0xff,
    0xff, 0xff, 0xff, 0xf2, 0x9f, 0xff, 0xff, 0xff,
    0xff, 0x9e, 0xff, 0xff, 0xff, 0xff, 0xfe, 0xff,
    0x2f, 0xff, 0xff, 0xff, 0xfe, 0xf2, 0xbf, 0xff,
    0xff, 0xfe, 0x9f, 0xa1, 0xbf, 0xff, 0xff, 0x92,
    0xff, 0xa2, 0x2f, 0xff, 0xf2, 0x4, 0xff, 0xff,
    0xff, 0xf4, 0x0, 0x2, 0x9e, 0xfe, 0x92, 0x0,

    /* U+F048 "" */
    0x0, 0x0, 0x0, 0x0, 0x0, 0xff, 0x30, 0x0,
    0x1, 0xcc, 0xff, 0x40, 0x0, 0x2d, 0xff, 0xff,
    0x40, 0x3, 0xef, 0xff, 0xff, 0x40, 0x3f, 0xff,
    0xff, 0xff, 0x44, 0xff, 0xff, 0xff, 0xff, 0x9f,
    0xff, 0xff, 0xff, 0xff, 0xff, 0xff, 0xff, 0xff,
    0xff, 0xff, 0xff, 0xff, 0xff, 0xff, 0xaf, 0xff,
    0xff, 0xff, 0xff, 0x45, 0xff, 0xff, 0xff, 0xff,
    0x40, 0x4f, 0xff, 0xff, 0xff, 0x40, 0x3, 0xef,
    0xff, 0xff, 0x40, 0x0, 0x2d, 0xff, 0xff, 0x30,
    0x0, 0x1, 0xcc, 0x0, 0x0, 0x0, 0x0, 0x0,

    /* U+F04B "" */
    0x0, 0x0, 0x0, 0x0, 0x0, 0x0, 0x0, 0x8f,
    0x91, 0x0, 0x0, 0x0, 0x0, 0x0, 0xff, 0xff,
    0x70, 0x0, 0x0, 0x0, 0x0, 0xff, 0xff, 0xfd,
    0x40, 0x0, 0x0, 0x0, 0xff, 0xff, 0xff, 0xfa,
    0x10, 0x0, 0x0, 0xff, 0xff, 0xff, 0xff, 0xf7,
    0x0, 0x0, 0xff, 0xff, 0xff, 0xff, 0xff, 0xd5,
    0x0, 0xff, 0xff, 0xff, 0xff, 0xff, 0xff, 0xb2,
    0xff, 0xff, 0xff, 0xff, 0xff, 0xff, 0xfd, 0xff,
    0xff, 0xff, 0xff, 0xff, 0xff, 0xfd, 0xff, 0xff,
    0xff, 0xff, 0xff, 0xff, 0xb2, 0xff, 0xff, 0xff,
    0xff, 0xff, 0xd5, 0x0, 0xff, 0xff, 0xff, 0xff,
    0xf7, 0x0, 0x0, 0xff, 0xff, 0xff, 0xfa, 0x20,
    0x0, 0x0, 0xff, 0xff, 0xfd, 0x40, 0x0, 0x0,
    0x0, 0xff, 0xff, 0x70, 0x0, 0x0, 0x0, 0x0,
    0x8e, 0xa1, 0x0, 0x0, 0x0, 0x0, 0x0, 0x0,
    0x0, 0x0, 0x0, 0x0, 0x0, 0x0,

    /* U+F04C "" */
    0x0, 0x0, 0x0, 0x0, 0x0, 0x0, 0x0, 0x8f,
    0xff, 0xf8, 0x0, 0x8f, 0xff, 0xf8, 0xff, 0xff,
    0xff, 0x0, 0xff, 0xff, 0xff, 0xff, 0xff, 0xff,
    0x0, 0xff, 0xff, 0xff, 0xff, 0xff, 0xff, 0x0,
    0xff, 0xff, 0xff, 0xff, 0xff, 0xff, 0x0, 0xff,
    0xff, 0xff, 0xff, 0xff, 0xff, 0x0, 0xff, 0xff,
    0xff, 0xff, 0xff, 0xff, 0x0, 0xff, 0xff, 0xff,
    0xff, 0xff, 0xff, 0x0, 0xff, 0xff, 0xff, 0xff,
    0xff, 0xff, 0x0, 0xff, 0xff, 0xff, 0xff, 0xff,
    0xff, 0x0, 0xff, 0xff, 0xff, 0xff, 0xff, 0xff,
    0x0, 0xff, 0xff, 0xff, 0xff, 0xff, 0xff, 0x0,
    0xff, 0xff, 0xff, 0xff, 0xff, 0xff, 0x0, 0xff,
    0xff, 0xff, 0x7f, 0xff, 0xf7, 0x0, 0x7f, 0xff,
    0xf7,

    /* U+F04D "" */
    0x8f, 0xff, 0xff, 0xff, 0xff, 0xff, 0xf8, 0xff,
    0xff, 0xff, 0xff, 0xff, 0xff, 0xff, 0xff, 0xff,
    0xff, 0xff, 0xff, 0xff, 0xff, 0xff, 0xff, 0xff,
    0xff, 0xff, 0xff, 0xff, 0xff, 0xff, 0xff, 0xff,
    0xff, 0xff, 0xff, 0xff, 0xff, 0xff, 0xff, 0xff,
    0xff, 0xff, 0xff, 0xff, 0xff, 0xff, 0xff, 0xff,
    0xff, 0xff, 0xff, 0xff, 0xff, 0xff, 0xff, 0xff,
    0xff, 0xff, 0xff, 0xff, 0xff, 0xff, 0xff, 0xff,
    0xff, 0xff, 0xff, 0xff, 0xff, 0xff, 0xff, 0xff,
    0xff, 0xff, 0xff, 0xff, 0xff, 0xff, 0xff, 0xff,
    0xff, 0xff, 0xff, 0xff, 0xff, 0xff, 0xff, 0xff,
    0xff, 0xff, 0xff, 0x8f, 0xff, 0xff, 0xff, 0xff,
    0xff, 0xf8,

    /* U+F051 "" */
    0x0, 0x0, 0x0, 0x0, 0x0, 0xcc, 0x10, 0x0,
    0x3, 0xff, 0xff, 0xd2, 0x0, 0x4, 0xff, 0xff,
    0xfe, 0x30, 0x4, 0xff, 0xff, 0xff, 0xf4, 0x4,
    0xff, 0xff, 0xff, 0xff, 0x54, 0xff, 0xff, 0xff,
    0xff, 0xfa, 0xff, 0xff, 0xff, 0xff, 0xff, 0xff,
    0xff, 0xff, 0xff, 0xff, 0xff, 0xff, 0xff, 0xff,
    0xf9, 0xff, 0xff, 0xff, 0xff, 0x44, 0xff, 0xff,
    0xff, 0xf3, 0x4, 0xff, 0xff, 0xfe, 0x30, 0x4,
    0xff, 0xff, 0xd2, 0x0, 0x4, 0xff, 0xcc, 0x10,
    0x0, 0x3, 0xff, 0x0, 0x0, 0x0, 0x0, 0x0,

    /* U+F052 "" */
    0x0, 0x0, 0x0, 0x2d, 0xd2, 0x0, 0x0, 0x0,
    0x0, 0x0, 0x1, 0xef, 0xfe, 0x10, 0x0, 0x0,
    0x0, 0x0, 0x1d, 0xff, 0xff, 0xd1, 0x0, 0x0,
    0x0, 0x0, 0xcf, 0xff, 0xff, 0xfc, 0x0, 0x0,
    0x0, 0xb, 0xff, 0xff, 0xff, 0xff, 0xb0, 0x0,
    0x0, 0xaf, 0xff, 0xff, 0xff, 0xff, 0xfa, 0x0,
    0x9, 0xff, 0xff, 0xff, 0xff, 0xff, 0xff, 0x90,
    0xf, 0xff, 0xff, 0xff, 0xff, 0xff, 0xff, 0xf0,
    0x8, 0xff, 0xff, 0xff, 0xff, 0xff, 0xff, 0x80,
    0x0, 0x0, 0x0, 0x0, 0x0, 0x0, 0x0, 0x0,
    0xc, 0xff, 0xff, 0xff, 0xff, 0xff, 0xff, 0xc0,
    0xf, 0xff, 0xff, 0xff, 0xff, 0xff, 0xff, 0xf0,
    0xf, 0xff, 0xff, 0xff, 0xff, 0xff, 0xff, 0xf0,
    0xc, 0xff, 0xff, 0xff, 0xff, 0xff, 0xff, 0xc0,

    /* U+F053 "" */
    0x0, 0x0, 0x0, 0x1a, 0x40, 0x0, 0x0, 0x1,
    0xdf, 0xf0, 0x0, 0x0, 0x1d, 0xff, 0xa0, 0x0,
    0x1, 0xdf, 0xfa, 0x0, 0x0, 0x1d, 0xff, 0xa0,
    0x0, 0x1, 0xdf, 0xfa, 0x0, 0x0, 0xc, 0xff,
    0xa0, 0x0, 0x0, 0xd, 0xff, 0x80, 0x0, 0x0,
    0x1, 0xdf, 0xf8, 0x0, 0x0, 0x0, 0x1d, 0xff,
    0x80, 0x0, 0x0, 0x1, 0xdf, 0xf8, 0x0, 0x0,
    0x0, 0x1d, 0xff, 0x80, 0x0, 0x0, 0x1, 0xdf,
    0xf0, 0x0, 0x0, 0x0, 0x1b, 0x50,

    /* U+F054 "" */
    0x4, 0xa1, 0x0, 0x0, 0x0, 0xf, 0xfc, 0x10,
    0x0, 0x0, 0xa, 0xff, 0xc1, 0x0, 0x0, 0x0,
    0xaf, 0xfc, 0x10, 0x0, 0x0, 0xa, 0xff, 0xc1,
    0x0, 0x0, 0x0, 0xaf, 0xfc, 0x10, 0x0, 0x0,
    0xa, 0xff, 0xc0, 0x0, 0x0, 0x8, 0xff, 0xd0,
    0x0, 0x0, 0x8f, 0xfd, 0x10, 0x0, 0x8, 0xff,
    0xd1, 0x0, 0x0, 0x8f, 0xfd, 0x10, 0x0, 0x8,
    0xff, 0xd1, 0x0, 0x0, 0xf, 0xfd, 0x10, 0x0,
    0x0, 0x5, 0xb1, 0x0, 0x0, 0x0,

    /* U+F067 "" */
    0x0, 0x0, 0x4, 0xff, 0x40, 0x0, 0x0, 0x0,
    0x0, 0x8, 0xff, 0x80, 0x0, 0x0, 0x0, 0x0,
    0x8, 0xff, 0x80, 0x0, 0x0, 0x0, 0x0, 0x8,
    0xff, 0x80, 0x0, 0x0, 0x0, 0x0, 0x8, 0xff,
    0x80, 0x0, 0x0, 0x48, 0x88, 0x8c, 0xff, 0xc8,
    0x88, 0x84, 0xff, 0xff, 0xff, 0xff, 0xff, 0xff,
    0xff, 0xff, 0xff, 0xff, 0xff, 0xff, 0xff, 0xff,
    0x48, 0x88, 0x8c, 0xff, 0xc8, 0x88, 0x84, 0x0,
    0x0, 0x8, 0xff, 0x80, 0x0, 0x0, 0x0, 0x0,
    0x8, 0xff, 0x80, 0x0, 0x0, 0x0, 0x0, 0x8,
    0xff, 0x80, 0x0, 0x0, 0x0, 0x0, 0x8, 0xff,
    0x80, 0x0, 0x0, 0x0, 0x0, 0x4, 0xff, 0x40,
    0x0, 0x0,

    /* U+F068 "" */
    0x14, 0x44, 0x44, 0x44, 0x44, 0x44, 0x41, 0xef,
    0xff, 0xff, 0xff, 0xff, 0xff, 0xfe, 0xff, 0xff,
    0xff, 0xff, 0xff, 0xff, 0xff, 0x7b, 0xbb, 0xbb,
    0xbb, 0xbb, 0xbb, 0xb7,

    /* U+F06E "" */
    0x0, 0x0, 0x5, 0xad, 0xff, 0xda, 0x50, 0x0,
    0x0, 0x0, 0x4, 0xdf, 0xfc, 0x88, 0xcf, 0xfd,
    0x40, 0x0, 0x0, 0x7f, 0xfe, 0x40, 0x0, 0x4,
    0xef, 0xf7, 0x0, 0x7, 0xff, 0xf4, 0x0, 0x9e,
    0x80, 0x4f, 0xff, 0x70, 0x4f, 0xff, 0xc0, 0x0,
    0xaf, 0xf8, 0xc, 0xff, 0xf4, 0xdf, 0xff, 0x80,
    0x9a, 0xff, 0xfe, 0x8, 0xff, 0xfd, 0xdf, 0xff,
    0x80, 0xef, 0xff, 0xfe, 0x8, 0xff, 0xfd, 0x4f,
    0xff, 0xc0, 0x8f, 0xff, 0xf8, 0xc, 0xff, 0xf4,
    0x7, 0xff, 0xf4, 0x8, 0xee, 0x80, 0x4f, 0xff,
    0x70, 0x0, 0x7f, 0xfe, 0x40, 0x0, 0x4, 0xef,
    0xf8, 0x0, 0x0, 0x4, 0xdf, 0xfc, 0x88, 0xcf,
    0xfd, 0x40, 0x0, 0x0, 0x0, 0x5, 0xad, 0xff,
    0xda, 0x50, 0x0, 0x0,

    /* U+F070 "" */
    0x8c, 0x20, 0x0, 0x0, 0x0, 0x0, 0x0, 0x0,
    0x0, 0x0, 0xdf, 0xe4, 0x0, 0x0, 0x0, 0x0,
    0x0, 0x0, 0x0, 0x0, 0x1b, 0xff, 0x80, 0x49,
    0xdf, 0xfd, 0xa5, 0x0, 0x0, 0x0, 0x0, 0x7f,
    0xff, 0xff, 0xd8, 0x8c, 0xff, 0xd4, 0x0, 0x0,
    0x0, 0x4, 0xef, 0xf8, 0x0, 0x0, 0x4e, 0xff,
    0x70, 0x0, 0x0, 0x0, 0x1c, 0xff, 0x69, 0xe8,
    0x4, 0xff, 0xf7, 0x0, 0x4, 0xe3, 0x0, 0x9f,
    0xfe, 0xff, 0x80, 0xcf, 0xff, 0x40, 0xd, 0xff,
    0x70, 0x5, 0xff, 0xff, 0xe0, 0x8f, 0xff, 0xd0,
    0xd, 0xff, 0xf7, 0x0, 0x2d, 0xff, 0xe0, 0x8f,
    0xff, 0xd0, 0x4, 0xff, 0xfc, 0x0, 0x0, 0xaf,
    0xf8, 0xcf, 0xff, 0x30, 0x0, 0x7f, 0xff, 0x40,
    0x0, 0x6, 0xff, 0xff, 0xf7, 0x0, 0x0, 0x8,
    0xff, 0xf4, 0x0, 0x0, 0x3e, 0xff, 0xa0, 0x0,
    0x0, 0x0, 0x4d, 0xff, 0xc8, 0x82, 0x1, 0xbf,
    0xf7, 0x0, 0x0, 0x0, 0x0, 0x5a, 0xdf, 0xfc,
    0x10, 0x8, 0xff, 0xb0, 0x0, 0x0, 0x0, 0x0,
    0x0, 0x0, 0x0, 0x0, 0x4e, 0xfd, 0x0, 0x0,
    0x0, 0x0, 0x0, 0x0, 0x0, 0x0, 0x2, 0xc8,

    /* U+F071 "" */
    0x0, 0x0, 0x0, 0x0, 0x2d, 0xd2, 0x0, 0x0,
    0x0, 0x0, 0x0, 0x0, 0x0, 0x0, 0xbf, 0xfb,
    0x0, 0x0, 0x0, 0x0, 0x0, 0x0, 0x0, 0x5,
    0xff, 0xff, 0x50, 0x0, 0x0, 0x0, 0x0, 0x0,
    0x0, 0xd, 0xff, 0xff, 0xd0, 0x0, 0x0, 0x0,
    0x0, 0x0, 0x0, 0x7f, 0xff, 0xff, 0xf7, 0x0,
    0x0, 0x0, 0x0, 0x0, 0x1, 0xff, 0xd8, 0x8d,
    0xff, 0x10, 0x0, 0x0, 0x0, 0x0, 0xa, 0xff,
    0xa0, 0xa, 0xff, 0xa0, 0x0, 0x0, 0x0, 0x0,
    0x3f, 0xff, 0xb0, 0xb, 0xff, 0xf3, 0x0, 0x0,
    0x0, 0x0, 0xcf, 0xff, 0xc0, 0xc, 0xff, 0xfc,
    0x0, 0x0, 0x0, 0x5, 0xff, 0xff, 0xd0, 0xd,
    0xff, 0xff, 0x50, 0x0, 0x0, 0xe, 0xff, 0xff,
    0xf9, 0x9f, 0xff, 0xff, 0xe0, 0x0, 0x0, 0x8f,
    0xff, 0xff, 0xe2, 0x2e, 0xff, 0xff, 0xf8, 0x0,
    0x2, 0xff, 0xff, 0xff, 0x90, 0x9, 0xff, 0xff,
    0xff, 0x10, 0xa, 0xff, 0xff, 0xff, 0xe3, 0x3e,
    0xff, 0xff, 0xff, 0xa0, 0xf, 0xff, 0xff, 0xff,
    0xff, 0xff, 0xff, 0xff, 0xff, 0xf0, 0x8, 0xff,
    0xff, 0xff, 0xff, 0xff, 0xff, 0xff, 0xff, 0x80,

    /* U+F074 "" */
    0x0, 0x0, 0x0, 0x0, 0x0, 0x0, 0x0, 0x0,
    0x0, 0x0, 0x0, 0x0, 0x0, 0x0, 0xd8, 0x0,
    0x0, 0x0, 0x0, 0x0, 0x0, 0x0, 0xff, 0x80,
    0xff, 0xff, 0x70, 0x0, 0x7, 0xff, 0xff, 0xf8,
    0xff, 0xff, 0xf6, 0x0, 0x6f, 0xff, 0xff, 0xfd,
    0x78, 0x8e, 0xff, 0x15, 0xff, 0xe8, 0xff, 0xe2,
    0x0, 0x2, 0xe5, 0x4f, 0xfe, 0x20, 0xfe, 0x20,
    0x0, 0x0, 0x13, 0xff, 0xf3, 0x0, 0x52, 0x0,
    0x0, 0x0, 0x3f, 0xff, 0x31, 0x0, 0x52, 0x0,
    0x0, 0x2, 0xef, 0xf4, 0x5e, 0x20, 0xfe, 0x20,
    0x78, 0x8e, 0xff, 0x51, 0xff, 0xe8, 0xff, 0xe2,
    0xff, 0xff, 0xf6, 0x0, 0x6f, 0xff, 0xff, 0xfd,
    0xff, 0xff, 0x70, 0x0, 0x7, 0xff, 0xff, 0xf8,
    0x0, 0x0, 0x0, 0x0, 0x0, 0x0, 0xff, 0x80,
    0x0, 0x0, 0x0, 0x0, 0x0, 0x0, 0xd8, 0x0,
    0x0, 0x0, 0x0, 0x0, 0x0, 0x0, 0x0, 0x0,

    /* U+F077 "" */
    0x0, 0x0, 0x0, 0x0, 0x0, 0x0, 0x0, 0x0,
    0x0, 0x1, 0xdd, 0x10, 0x0, 0x0, 0x0, 0x0,
    0x1d, 0xff, 0xd1, 0x0, 0x0, 0x0, 0x1, 0xdf,
    0xff, 0xfd, 0x10, 0x0, 0x0, 0x1d, 0xff, 0x99,
    0xff, 0xd1, 0x0, 0x1, 0xdf, 0xf9, 0x0, 0x9f,
    0xfd, 0x10, 0x1d, 0xff, 0x90, 0x0, 0x9, 0xff,
    0xd1, 0xbf, 0xf9, 0x0, 0x0, 0x0, 0x9f, 0xfb,
    0x5f, 0x90, 0x0, 0x0, 0x0, 0x9, 0xf5, 0x0,
    0x0, 0x0, 0x0, 0x0, 0x0, 0x0,

    /* U+F078 "" */
    0x0, 0x0, 0x0, 0x0, 0x0, 0x0, 0x0, 0x5f,
    0x90, 0x0, 0x0, 0x0, 0x9, 0xf5, 0xbf, 0xf9,
    0x0, 0x0, 0x0, 0x9f, 0xfb, 0x1d, 0xff, 0x90,
    0x0, 0x9, 0xff, 0xd1, 0x1, 0xdf, 0xf9, 0x0,
    0x9f, 0xfd, 0x10, 0x0, 0x1d, 0xff, 0x99, 0xff,
    0xd1, 0x0, 0x0, 0x1, 0xdf, 0xff, 0xfd, 0x10,
    0x0, 0x0, 0x0, 0x1d, 0xff, 0xd1, 0x0, 0x0,
    0x0, 0x0, 0x1, 0xdd, 0x10, 0x0, 0x0, 0x0,
    0x0, 0x0, 0x0, 0x0, 0x0, 0x0,

    /* U+F079 "" */
    0x0, 0x0, 0x0, 0x0, 0x0, 0x0, 0x0, 0x0,
    0x0, 0x0, 0x0, 0x1d, 0xd1, 0x0, 0x0, 0x0,
    0x0, 0x0, 0x0, 0x0, 0x1, 0xdf, 0xfd, 0x10,
    0xef, 0xff, 0xff, 0xff, 0xd0, 0x0, 0x1d, 0xff,
    0xff, 0xd1, 0xaf, 0xff, 0xff, 0xff, 0xf0, 0x0,
    0xcf, 0xcf, 0xfc, 0xfc, 0x0, 0x0, 0x0, 0xf,
    0xf0, 0x0, 0x6b, 0x1f, 0xf1, 0xb6, 0x0, 0x0,
    0x0, 0xf, 0xf0, 0x0, 0x0, 0xf, 0xf0, 0x0,
    0x0, 0x0, 0x0, 0xf, 0xf0, 0x0, 0x0, 0xf,
    0xf0, 0x0, 0x0, 0x0, 0x0, 0xf, 0xf0, 0x0,
    0x0, 0xf, 0xf0, 0x0, 0x0, 0x0, 0x6b, 0x1f,
    0xf1, 0xb6, 0x0, 0xf, 0xf0, 0x0, 0x0, 0x0,
    0xcf, 0xcf, 0xfc, 0xfc, 0x0, 0xf, 0xff, 0xff,
    0xff, 0xfa, 0x1d, 0xff, 0xff, 0xd1, 0x0, 0xd,
    0xff, 0xff, 0xff, 0xfe, 0x1, 0xdf, 0xfd, 0x10,
    0x0, 0x0, 0x0, 0x0, 0x0, 0x0, 0x0, 0x1d,
    0xd1, 0x0, 0x0, 0x0, 0x0, 0x0, 0x0, 0x0,
    0x0, 0x0, 0x0, 0x0,

    /* U+F07B "" */
    0x8f, 0xff, 0xff, 0xd1, 0x0, 0x0, 0x0, 0x0,
    0xff, 0xff, 0xff, 0xfd, 0x10, 0x0, 0x0, 0x0,
    0xff, 0xff, 0xff, 0xff, 0xff, 0xff, 0xff, 0xf8,
    0xff, 0xff, 0xff, 0xff, 0xff, 0xff, 0xff, 0xff,
    0xff, 0xff, 0xff, 0xff, 0xff, 0xff, 0xff, 0xff,
    0xff, 0xff, 0xff, 0xff, 0xff, 0xff, 0xff, 0xff,
    0xff, 0xff, 0xff, 0xff, 0xff, 0xff, 0xff, 0xff,
    0xff, 0xff, 0xff, 0xff, 0xff, 0xff, 0xff, 0xff,
    0xff, 0xff, 0xff, 0xff, 0xff, 0xff, 0xff, 0xff,
    0xff, 0xff, 0xff, 0xff, 0xff, 0xff, 0xff, 0xff,
    0xff, 0xff, 0xff, 0xff, 0xff, 0xff, 0xff, 0xff,
    0x8f, 0xff, 0xff, 0xff, 0xff, 0xff, 0xff, 0xf8,

    /* U+F080 "" */
    0xee, 0x0, 0x0, 0x0, 0x0, 0x0, 0xf, 0xf0,
    0xff, 0x0, 0x0, 0xf, 0xf0, 0x0, 0xf, 0xf0,
    0xff, 0x0, 0x0, 0xf, 0xf0, 0x0, 0xf, 0xf0,
    0xff, 0x0, 0x0, 0xf, 0xf0, 0xff, 0xf, 0xf0,
    0xff, 0x0, 0x0, 0xf, 0xf0, 0xff, 0xf, 0xf0,
    0xff, 0x0, 0xff, 0xf, 0xf0, 0xff, 0xf, 0xf0,
    0xff, 0x0, 0xff, 0xf, 0xf0, 0xff, 0xf, 0xf0,
    0xff, 0x0, 0xff, 0xf, 0xf0, 0xff, 0xf, 0xf0,
    0xff, 0x0, 0x0, 0x0, 0x0, 0x0, 0x0, 0x0,
    0xff, 0x0, 0x0, 0x0, 0x0, 0x0, 0x0, 0x0,
    0xff, 0xff, 0xff, 0xff, 0xff, 0xff, 0xff, 0xfe,
    0xcf, 0xff, 0xff, 0xff, 0xff, 0xff, 0xff, 0xfe,

    /* U+F084 "" */
    0x0, 0x0, 0x0, 0x2, 0x9d, 0xfe, 0x92, 0x0,
    0x0, 0x0, 0x0, 0x4f, 0xff, 0xff, 0xff, 0x40,
    0x0, 0x0, 0x2, 0xff, 0xff, 0xfa, 0xaf, 0xf2,
    0x0, 0x0, 0x9, 0xff, 0xff, 0xa0, 0xa, 0xf9,
    0x0, 0x0, 0xd, 0xff, 0xff, 0xa0, 0xa, 0xfe,
    0x0, 0x0, 0xf, 0xff, 0xff, 0xfa, 0xaf, 0xff,
    0x0, 0x0, 0xe, 0xff, 0xff, 0xff, 0xff, 0xfe,
    0x0, 0x0, 0x1e, 0xff, 0xff, 0xff, 0xff, 0xf9,
    0x0, 0x1, 0xef, 0xff, 0xff, 0xff, 0xff, 0xf2,
    0x0, 0x1e, 0xff, 0xff, 0xff, 0xff, 0xff, 0x40,
    0x1, 0xef, 0xff, 0xff, 0xff, 0xfe, 0x92, 0x0,
    0x1e, 0xff, 0xff, 0xff, 0xd1, 0x0, 0x0, 0x0,
    0xdf, 0xff, 0xff, 0xf0, 0x0, 0x0, 0x0, 0x0,
    0xff, 0xff, 0xff, 0xd0, 0x0, 0x0, 0x0, 0x0,
    0xff, 0xff, 0xf0, 0x0, 0x0, 0x0, 0x0, 0x0,
    0xdf, 0xff, 0xd0, 0x0, 0x0, 0x0, 0x0, 0x0,

    /* U+F08D "" */
    0xd, 0xff, 0xff, 0xff, 0xff, 0xd0, 0xf, 0xff,
    0xff, 0xff, 0xff, 0xf0, 0xd, 0xff, 0xff, 0xff,
    0xff, 0xd0, 0x0, 0xf, 0xff, 0xff, 0xf0, 0x0,
    0x0, 0x1f, 0xff, 0xff, 0xf1, 0x0, 0x0, 0x3f,
    0xff, 0xff, 0xf3, 0x0, 0x0, 0x5f, 0xff, 0xff,
    0xf5, 0x0, 0x8, 0xff, 0xff, 0xff, 0xff, 0x80,
    0x6f, 0xff, 0xff, 0xff, 0xff, 0xf6, 0xdf, 0xff,
    0xff, 0xff, 0xff, 0xfe, 0xdf, 0xff, 0xff, 0xff,
    0xff, 0xfd, 0x0, 0x0, 0xf, 0xf0, 0x0, 0x0,
    0x0, 0x0, 0xf, 0xf0, 0x0, 0x0, 0x0, 0x0,
    0xf, 0xf0, 0x0, 0x0, 0x0, 0x0, 0xe, 0xe0,
    0x0, 0x0, 0x0, 0x0, 0x6, 0x60, 0x0, 0x0,

    /* U+F093 "" */
    0x0, 0x0, 0x0, 0xb, 0xb0, 0x0, 0x0, 0x0,
    0x0, 0x0, 0x0, 0xbf, 0xfb, 0x0, 0x0, 0x0,
    0x0, 0x0, 0xb, 0xff, 0xff, 0xb0, 0x0, 0x0,
    0x0, 0x0, 0xbf, 0xff, 0xff, 0xfb, 0x0, 0x0,
    0x0, 0xb, 0xff, 0xff, 0xff, 0xff, 0xb0, 0x0,
    0x0, 0x4f, 0xff, 0xff, 0xff, 0xff, 0xf4, 0x0,
    0x0, 0x0, 0x0, 0xff, 0xff, 0x0, 0x0, 0x0,
    0x0, 0x0, 0x0, 0xff, 0xff, 0x0, 0x0, 0x0,
    0x0, 0x0, 0x0, 0xff, 0xff, 0x0, 0x0, 0x0,
    0x0, 0x0, 0x0, 0xff, 0xff, 0x0, 0x0, 0x0,
    0x0, 0x0, 0x0, 0xff, 0xff, 0x0, 0x0, 0x0,
    0xdf, 0xff, 0xf0, 0xdf, 0xfd, 0xf, 0xff, 0xfd,
    0xff, 0xff, 0xf9, 0x0, 0x0, 0x9f, 0xff, 0xff,
    0xff, 0xff, 0xff, 0xff, 0xff, 0xff, 0xff, 0xff,
    0xff, 0xff, 0xff, 0xff, 0xff, 0xf0, 0xe0, 0xff,
    0xdf, 0xff, 0xff, 0xff, 0xff, 0xff, 0xff, 0xfd,

    /* U+F095 "" */
    0x0, 0x0, 0x0, 0x0, 0x0, 0x0, 0x0, 0x0,
    0x0, 0x0, 0x0, 0x0, 0x0, 0x0, 0xa, 0xea,
    0x62, 0x0, 0x0, 0x0, 0x0, 0x0, 0x2, 0xff,
    0xff, 0xf0, 0x0, 0x0, 0x0, 0x0, 0x0, 0x9f,
    0xff, 0xff, 0x0, 0x0, 0x0, 0x0, 0x0, 0xf,
    0xff, 0xff, 0xd0, 0x0, 0x0, 0x0, 0x0, 0x2,
    0xff, 0xff, 0xfb, 0x0, 0x0, 0x0, 0x0, 0x0,
    0x3, 0xef, 0xff, 0x70, 0x0, 0x0, 0x0, 0x0,
    0x0, 0x4, 0xff, 0xf2, 0x0, 0x0, 0x0, 0x0,
    0x0, 0x0, 0xbf, 0xfb, 0x0, 0x0, 0x0, 0x0,
    0x0, 0x0, 0x6f, 0xff, 0x30, 0x0, 0x0, 0x2,
    0x0, 0x0, 0x4f, 0xff, 0x90, 0x0, 0x2, 0x8f,
    0xf3, 0x0, 0x6f, 0xff, 0xd0, 0x0, 0xa, 0xff,
    0xff, 0xe4, 0xbf, 0xff, 0xd1, 0x0, 0x0, 0xef,
    0xff, 0xff, 0xff, 0xff, 0xd1, 0x0, 0x0, 0xa,
    0xff, 0xff, 0xff, 0xff, 0x90, 0x0, 0x0, 0x0,
    0x6f, 0xff, 0xff, 0xfb, 0x30, 0x0, 0x0, 0x0,
    0x2, 0xff, 0xdb, 0x72, 0x0, 0x0, 0x0, 0x0,
    0x0,

    /* U+F0AC "" */
    0x0, 0x0, 0x1, 0x2a, 0x70, 0x20, 0x0, 0x0,
    0x0, 0x6, 0xe1, 0xdf, 0xf5, 0x7c, 0x20, 0x0,
    0x0, 0xaf, 0x94, 0xff, 0xfd, 0x1f, 0xf3, 0x0,
    0x8, 0xff, 0x4a, 0xff, 0xff, 0x2c, 0xfe, 0x10,
    0x2f, 0xff, 0x1d, 0xff, 0xff, 0x68, 0xff, 0xa0,
    0x0, 0x0, 0x0, 0x0, 0x0, 0x0, 0x0, 0x0,
    0xdf, 0xfd, 0x2f, 0xff, 0xff, 0xb4, 0xff, 0xf5,
    0xff, 0xfc, 0x3f, 0xff, 0xff, 0xb4, 0xff, 0xf7,
    0xff, 0xfc, 0x3f, 0xff, 0xff, 0xb4, 0xff, 0xf7,
    0xdf, 0xfd, 0x2f, 0xff, 0xff, 0xb4, 0xff, 0xf5,
    0x0, 0x0, 0x0, 0x0, 0x0, 0x0, 0x0, 0x0,
    0x2f, 0xff, 0x1d, 0xff, 0xff, 0x68, 0xff, 0xa0,
    0x8, 0xff, 0x4a, 0xff, 0xff, 0x2c, 0xfe, 0x10,
    0x0, 0xaf, 0x94, 0xff, 0xfd, 0x1f, 0xf3, 0x0,
    0x0, 0x6, 0xe1, 0xdf, 0xf5, 0x7c, 0x20, 0x0,
    0x0, 0x0, 0x1, 0x2a, 0x70, 0x20, 0x0, 0x0,

    /* U+F0C0 "" */
    0x0, 0x0, 0x0, 0x2, 0xbf, 0xe8, 0x0, 0x0,
    0x0, 0x0, 0x0, 0x0, 0x0, 0x1e, 0xff, 0xff,
    0x90, 0x0, 0x0, 0x0, 0x4, 0xee, 0x40, 0x8f,
    0xff, 0xff, 0xf1, 0x4, 0xee, 0x40, 0xe, 0xff,
    0xe0, 0xbf, 0xff, 0xff, 0xf4, 0xe, 0xff, 0xe0,
    0xe, 0xff, 0xe0, 0x8f, 0xff, 0xff, 0xf1, 0xe,
    0xff, 0xe0, 0x4, 0xee, 0x40, 0x1e, 0xff, 0xff,
    0x90, 0x4, 0xee, 0x40, 0x0, 0x0, 0x0, 0x2,
    0xbf, 0xe8, 0x0, 0x0, 0x0, 0x0, 0x4e, 0xff,
    0xe1, 0x0, 0x0, 0x0, 0x0, 0x2e, 0xff, 0xe4,
    0xef, 0xff, 0x45, 0xdf, 0xb8, 0x9d, 0xfc, 0x45,
    0xff, 0xfe, 0xff, 0xf9, 0x4f, 0xff, 0xff, 0xff,
    0xff, 0xf4, 0x9f, 0xff, 0xcf, 0xf3, 0xcf, 0xff,
    0xff, 0xff, 0xff, 0xfc, 0x3f, 0xfc, 0x0, 0x0,
    0xff, 0xff, 0xff, 0xff, 0xff, 0xff, 0x0, 0x0,
    0x0, 0x0, 0xff, 0xff, 0xff, 0xff, 0xff, 0xff,
    0x0, 0x0, 0x0, 0x0, 0x8f, 0xff, 0xff, 0xff,
    0xff, 0xf8, 0x0, 0x0,

    /* U+F0C4 "" */
    0x8, 0xee, 0x80, 0x0, 0x0, 0x6, 0x61, 0x8,
    0xff, 0xff, 0x80, 0x0, 0x2d, 0xff, 0xd0, 0xef,
    0x33, 0xfe, 0x0, 0x2e, 0xff, 0xf3, 0xe, 0xf3,
    0x3f, 0xe0, 0x2e, 0xff, 0xf3, 0x0, 0x8f, 0xff,
    0xff, 0x6e, 0xff, 0xf3, 0x0, 0x0, 0x8e, 0xff,
    0xff, 0xff, 0xf3, 0x0, 0x0, 0x0, 0x2, 0xef,
    0xff, 0xf3, 0x0, 0x0, 0x0, 0x0, 0x2e, 0xff,
    0xff, 0x30, 0x0, 0x0, 0x8, 0xef, 0xff, 0xff,
    0xff, 0x30, 0x0, 0x8, 0xff, 0xff, 0xf6, 0xef,
    0xff, 0x30, 0x0, 0xef, 0x33, 0xfe, 0x2, 0xef,
    0xff, 0x30, 0xe, 0xf3, 0x3f, 0xe0, 0x2, 0xef,
    0xff, 0x30, 0x8f, 0xff, 0xf8, 0x0, 0x2, 0xdf,
    0xfd, 0x0, 0x8e, 0xe8, 0x0, 0x0, 0x0, 0x66,
    0x10,

    /* U+F0C5 "" */
    0x0, 0x0, 0xdf, 0xff, 0xff, 0xd, 0x10, 0x0,
    0x0, 0xff, 0xff, 0xff, 0xf, 0xd1, 0x0, 0x0,
    0xff, 0xff, 0xff, 0xf, 0xfd, 0xdf, 0xf0, 0xff,
    0xff, 0xff, 0x20, 0x0, 0xff, 0xf0, 0xff, 0xff,
    0xff, 0xff, 0xff, 0xff, 0xf0, 0xff, 0xff, 0xff,
    0xff, 0xff, 0xff, 0xf0, 0xff, 0xff, 0xff, 0xff,
    0xff, 0xff, 0xf0, 0xff, 0xff, 0xff, 0xff, 0xff,
    0xff, 0xf0, 0xff, 0xff, 0xff, 0xff, 0xff, 0xff,
    0xf0, 0xff, 0xff, 0xff, 0xff, 0xff, 0xff, 0xf0,
    0xff, 0xff, 0xff, 0xff, 0xff, 0xff, 0xf0, 0xff,
    0xff, 0xff, 0xff, 0xff, 0xff, 0xf0, 0xdf, 0xff,
    0xff, 0xff, 0xfd, 0xff, 0xf9, 0x0, 0x0, 0x0,
    0x0, 0x0, 0xff, 0xff, 0xff, 0xff, 0xff, 0x0,
    0x0, 0xdf, 0xff, 0xff, 0xff, 0xfd, 0x0, 0x0,

    /* U+F0C7 "" */
    0x8f, 0xff, 0xff, 0xff, 0xff, 0xc1, 0x0, 0xff,
    0xff, 0xff, 0xff, 0xff, 0xfd, 0x10, 0xff, 0x0,
    0x0, 0x0, 0x1, 0xff, 0xd1, 0xff, 0x0, 0x0,
    0x0, 0x0, 0xff, 0xfc, 0xff, 0x0, 0x0, 0x0,
    0x0, 0xff, 0xff, 0xff, 0x0, 0x0, 0x0, 0x0,
    0xff, 0xff, 0xff, 0xff, 0xff, 0xff, 0xff, 0xff,
    0xff, 0xff, 0xff, 0xff, 0xff, 0xff, 0xff, 0xff,
    0xff, 0xff, 0xfb, 0x11, 0xbf, 0xff, 0xff, 0xff,
    0xff, 0xf1, 0x0, 0x1f, 0xff, 0xff, 0xff, 0xff,
    0xf1, 0x0, 0x1f, 0xff, 0xff, 0xff, 0xff, 0xfb,
    0x11, 0xbf, 0xff, 0xff, 0xff, 0xff, 0xff, 0xff,
    0xff, 0xff, 0xff, 0x8f, 0xff, 0xff, 0xff, 0xff,
    0xff, 0xf8,

    /* U+F0C9 "" */
    0x12, 0x22, 0x22, 0x22, 0x22, 0x22, 0x21, 0xff,
    0xff, 0xff, 0xff, 0xff, 0xff, 0xff, 0xff, 0xff,
    0xff, 0xff, 0xff, 0xff, 0xff, 0x12, 0x22, 0x22,
    0x22, 0x22, 0x22, 0x21, 0x0, 0x0, 0x0, 0x0,
    0x0, 0x0, 0x0, 0x12, 0x22, 0x22, 0x22, 0x22,
    0x22, 0x21, 0xff, 0xff, 0xff, 0xff, 0xff, 0xff,
    0xff, 0xff, 0xff, 0xff, 0xff, 0xff, 0xff, 0xff,
    0x12, 0x22, 0x22, 0x22, 0x22, 0x22, 0x21, 0x0,
    0x0, 0x0, 0x0, 0x0, 0x0, 0x0, 0x12, 0x22,
    0x22, 0x22, 0x22, 0x22, 0x21, 0xff, 0xff, 0xff,
    0xff, 0xff, 0xff, 0xff, 0xff, 0xff, 0xff, 0xff,
    0xff, 0xff, 0xff, 0x12, 0x22, 0x22, 0x22, 0x22,
    0x22, 0x21,

    /* U+F0E0 "" */
    0x8f, 0xff, 0xff, 0xff, 0xff, 0xff, 0xff, 0xf8,
    0xff, 0xff, 0xff, 0xff, 0xff, 0xff, 0xff, 0xff,
    0xcf, 0xff, 0xff, 0xff, 0xff, 0xff, 0xff, 0xfc,
    0x9, 0xff, 0xff, 0xff, 0xff, 0xff, 0xff, 0x90,
    0xd2, 0x5f, 0xff, 0xff, 0xff, 0xff, 0xf5, 0x2d,
    0xff, 0x62, 0xcf, 0xff, 0xff, 0xfc, 0x26, 0xff,
    0xff, 0xfa, 0x18, 0xff, 0xff, 0x81, 0xaf, 0xff,
    0xff, 0xff, 0xe3, 0x4d, 0xd4, 0x3e, 0xff, 0xff,
    0xff, 0xff, 0xff, 0x81, 0x18, 0xff, 0xff, 0xff,
    0xff, 0xff, 0xff, 0xff, 0xff, 0xff, 0xff, 0xff,
    0xff, 0xff, 0xff, 0xff, 0xff, 0xff, 0xff, 0xff,
    0x8f, 0xff, 0xff, 0xff, 0xff, 0xff, 0xff, 0xf8,

    /* U+F0E7 "" */
    0x0, 0xdf, 0xff, 0xfd, 0x0, 0x0, 0x1, 0xff,
    0xff, 0xfc, 0x0, 0x0, 0x3, 0xff, 0xff, 0xf7,
    0x0, 0x0, 0x6, 0xff, 0xff, 0xf2, 0x0, 0x0,
    0x8, 0xff, 0xff, 0xd0, 0x0, 0x0, 0xa, 0xff,
    0xff, 0xff, 0xff, 0xd0, 0xc, 0xff, 0xff, 0xff,
    0xff, 0xa0, 0xe, 0xff, 0xff, 0xff, 0xff, 0x20,
    0xd, 0xff, 0xff, 0xff, 0xf8, 0x0, 0x0, 0x0,
    0xa, 0xff, 0xe0, 0x0, 0x0, 0x0, 0xe, 0xff,
    0x50, 0x0, 0x0, 0x0, 0x2f, 0xfc, 0x0, 0x0,
    0x0, 0x0, 0x5f, 0xf3, 0x0, 0x0, 0x0, 0x0,
    0x9f, 0xa0, 0x0, 0x0, 0x0, 0x0, 0xdf, 0x10,
    0x0, 0x0, 0x0, 0x0, 0xd7, 0x0, 0x0, 0x0,

    /* U+F0EA "" */
    0x0, 0x4, 0xde, 0x40, 0x0, 0x0, 0x0, 0xdf,
    0xff, 0x99, 0xff, 0xfd, 0x0, 0x0, 0xff, 0xff,
    0x99, 0xff, 0xff, 0x0, 0x0, 0xff, 0xff, 0xff,
    0xff, 0xff, 0x0, 0x0, 0xff, 0xff, 0x90, 0x0,
    0x0, 0x0, 0x0, 0xff, 0xff, 0xd, 0xff, 0xff,
    0xd, 0x10, 0xff, 0xff, 0xf, 0xff, 0xff, 0xf,
    0xd1, 0xff, 0xff, 0xf, 0xff, 0xff, 0xf, 0xfd,
    0xff, 0xff, 0xf, 0xff, 0xff, 0x20, 0x0, 0xff,
    0xff, 0xf, 0xff, 0xff, 0xff, 0xff, 0xff, 0xff,
    0xf, 0xff, 0xff, 0xff, 0xff, 0xff, 0xff, 0xf,
    0xff, 0xff, 0xff, 0xff, 0xdf, 0xff, 0xf, 0xff,
    0xff, 0xff, 0xff, 0x0, 0x0, 0xf, 0xff, 0xff,
    0xff, 0xff, 0x0, 0x0, 0xf, 0xff, 0xff, 0xff,
    0xff, 0x0, 0x0, 0xd, 0xff, 0xff, 0xff, 0xfd,

    /* U+F0F3 "" */
    0x0, 0x0, 0x0, 0xcc, 0x0, 0x0, 0x0, 0x0,
    0x0, 0x2, 0xff, 0x30, 0x0, 0x0, 0x0, 0x1,
    0xbf, 0xff, 0xfc, 0x20, 0x0, 0x0, 0x1e, 0xff,
    0xff, 0xff, 0xe1, 0x0, 0x0, 0x9f, 0xff, 0xff,
    0xff, 0xf8, 0x0, 0x0, 0xef, 0xff, 0xff, 0xff,
    0xfd, 0x0, 0x0, 0xff, 0xff, 0xff, 0xff, 0xff,
    0x0, 0x1, 0xff, 0xff, 0xff, 0xff, 0xff, 0x0,
    0x3, 0xff, 0xff, 0xff, 0xff, 0xff, 0x30, 0x8,
    0xff, 0xff, 0xff, 0xff, 0xff, 0x80, 0x1e, 0xff,
    0xff, 0xff, 0xff, 0xff, 0xe1, 0xcf, 0xff, 0xff,
    0xff, 0xff, 0xff, 0xfc, 0xcf, 0xff, 0xff, 0xff,
    0xff, 0xff, 0xfc, 0x0, 0x0, 0x0, 0x0, 0x0,
    0x0, 0x0, 0x0, 0x0, 0xe, 0xff, 0xe0, 0x0,
    0x0, 0x0, 0x0, 0x4, 0xee, 0x40, 0x0, 0x0,

    /* U+F11C "" */
    0x8f, 0xff, 0xff, 0xff, 0xff, 0xff, 0xff, 0xff,
    0xf8, 0xff, 0xff, 0xff, 0xff, 0xff, 0xff, 0xff,
    0xff, 0xff, 0xff, 0x0, 0xf0, 0xf, 0x0, 0xf0,
    0xf, 0x0, 0xff, 0xff, 0x0, 0xf0, 0xf, 0x0,
    0xf0, 0xf, 0x0, 0xff, 0xff, 0xff, 0xff, 0xff,
    0xff, 0xff, 0xff, 0xff, 0xff, 0xff, 0xf8, 0x8,
    0x80, 0x88, 0x8, 0x80, 0x8f, 0xff, 0xff, 0xf8,
    0x8, 0x80, 0x88, 0x8, 0x80, 0x8f, 0xff, 0xff,
    0xff, 0xff, 0xff, 0xff, 0xff, 0xff, 0xff, 0xff,
    0xff, 0x0, 0xf0, 0x0, 0x0, 0x0, 0xf, 0x0,
    0xff, 0xff, 0x0, 0xf0, 0x0, 0x0, 0x0, 0xf,
    0x0, 0xff, 0xff, 0xff, 0xff, 0xff, 0xff, 0xff,
    0xff, 0xff, 0xff, 0x8f, 0xff, 0xff, 0xff, 0xff,
    0xff, 0xff, 0xff, 0xf8,

    /* U+F124 "" */
    0x0, 0x0, 0x0, 0x0, 0x0, 0x0, 0x0, 0x0,
    0x0, 0x0, 0x0, 0x0, 0x0, 0x0, 0x0, 0x3,
    0xaf, 0x70, 0x0, 0x0, 0x0, 0x0, 0x0, 0x4,
    0xcf, 0xff, 0xf0, 0x0, 0x0, 0x0, 0x0, 0x6,
    0xdf, 0xff, 0xff, 0xa0, 0x0, 0x0, 0x0, 0x17,
    0xef, 0xff, 0xff, 0xff, 0x30, 0x0, 0x0, 0x18,
    0xff, 0xff, 0xff, 0xff, 0xfc, 0x0, 0x0, 0x2a,
    0xff, 0xff, 0xff, 0xff, 0xff, 0xf4, 0x0, 0x8,
    0xff, 0xff, 0xff, 0xff, 0xff, 0xff, 0xd0, 0x0,
    0xf, 0xff, 0xff, 0xff, 0xff, 0xff, 0xff, 0x60,
    0x0, 0x8, 0xff, 0xff, 0xff, 0xff, 0xff, 0xfe,
    0x0, 0x0, 0x0, 0x0, 0x0, 0x0, 0xff, 0xff,
    0xf7, 0x0, 0x0, 0x0, 0x0, 0x0, 0x0, 0xff,
    0xff, 0xf1, 0x0, 0x0, 0x0, 0x0, 0x0, 0x0,
    0xff, 0xff, 0x80, 0x0, 0x0, 0x0, 0x0, 0x0,
    0x0, 0xff, 0xff, 0x10, 0x0, 0x0, 0x0, 0x0,
    0x0, 0x0, 0xff, 0xfa, 0x0, 0x0, 0x0, 0x0,
    0x0, 0x0, 0x0, 0xff, 0xf2, 0x0, 0x0, 0x0,
    0x0, 0x0, 0x0, 0x0, 0x8f, 0x80, 0x0, 0x0,
    0x0, 0x0, 0x0, 0x0, 0x0, 0x0, 0x0, 0x0,
    0x0, 0x0,

    /* U+F14E "" */
    0x0, 0x0, 0x16, 0xab, 0xa8, 0x30, 0x0, 0x0,
    0x0, 0x7, 0xff, 0xff, 0xff, 0xfc, 0x20, 0x0,
    0x0, 0xaf, 0xff, 0xff, 0xff, 0xff, 0xf3, 0x0,
    0x8, 0xff, 0xff, 0xff, 0xff, 0xff, 0xfe, 0x20,
    0x2f, 0xff, 0xff, 0xff, 0xfb, 0x36, 0xff, 0xa0,
    0x8f, 0xff, 0xff, 0xf9, 0x20, 0x9, 0xff, 0xf1,
    0xdf, 0xff, 0xfe, 0x20, 0x0, 0x1f, 0xff, 0xf5,
    0xff, 0xff, 0xf7, 0x1e, 0x80, 0x8f, 0xff, 0xf7,
    0xff, 0xff, 0xf1, 0x1e, 0x80, 0xef, 0xff, 0xf7,
    0xdf, 0xff, 0x80, 0x0, 0x8, 0xff, 0xff, 0xf5,
    0x8f, 0xff, 0x10, 0x6, 0xdf, 0xff, 0xff, 0xf1,
    0x2f, 0xfd, 0x17, 0xef, 0xff, 0xff, 0xff, 0xa0,
    0x8, 0xff, 0xff, 0xff, 0xff, 0xff, 0xfe, 0x20,
    0x0, 0xaf, 0xff, 0xff, 0xff, 0xff, 0xf3, 0x0,
    0x0, 0x7, 0xff, 0xff, 0xff, 0xfc, 0x20, 0x0,
    0x0, 0x0, 0x16, 0xab, 0xa8, 0x30, 0x0, 0x0,

    /* U+F15B "" */
    0xdf, 0xff, 0xff, 0xf0, 0xd1, 0x0, 0xff, 0xff,
    0xff, 0xf0, 0xfd, 0x10, 0xff, 0xff, 0xff, 0xf0,
    0xff, 0xd1, 0xff, 0xff, 0xff, 0xf0, 0xff, 0xfd,
    0xff, 0xff, 0xff, 0xf2, 0x0, 0x0, 0xff, 0xff,
    0xff, 0xff, 0xff, 0xff, 0xff, 0xff, 0xff, 0xff,
    0xff, 0xff, 0xff, 0xff, 0xff, 0xff, 0xff, 0xff,
    0xff, 0xff, 0xff, 0xff, 0xff, 0xff, 0xff, 0xff,
    0xff, 0xff, 0xff, 0xff, 0xff, 0xff, 0xff, 0xff,
    0xff, 0xff, 0xff, 0xff, 0xff, 0xff, 0xff, 0xff,
    0xff, 0xff, 0xff, 0xff, 0xff, 0xff, 0xff, 0xff,
    0xff, 0xff, 0xff, 0xff, 0xff, 0xff, 0xff, 0xff,
    0xff, 0xff, 0xdf, 0xff, 0xff, 0xff, 0xff, 0xfd,

    /* U+F1EB "" */
    0x0, 0x0, 0x0, 0x0, 0x0, 0x0, 0x0, 0x0,
    0x0, 0x0, 0x0, 0x0, 0x4, 0x9c, 0xef, 0xfe,
    0xc9, 0x40, 0x0, 0x0, 0x0, 0x7, 0xef, 0xff,
    0xff, 0xff, 0xff, 0xfe, 0x70, 0x0, 0x4, 0xdf,
    0xff, 0xfc, 0xa8, 0x8a, 0xcf, 0xff, 0xfd, 0x40,
    0x6f, 0xff, 0xd5, 0x0, 0x0, 0x0, 0x0, 0x5d,
    0xff, 0xf6, 0xcf, 0xf6, 0x0, 0x0, 0x0, 0x0,
    0x0, 0x0, 0x6f, 0xfc, 0x1a, 0x30, 0x0, 0x5a,
    0xdf, 0xfd, 0xa5, 0x0, 0x3, 0xa1, 0x0, 0x0,
    0x4d, 0xff, 0xff, 0xff, 0xff, 0xd4, 0x0, 0x0,
    0x0, 0x5, 0xff, 0xfe, 0xa8, 0x8a, 0xef, 0xff,
    0x50, 0x0, 0x0, 0x1, 0xdf, 0x70, 0x0, 0x0,
    0x7, 0xfd, 0x10, 0x0, 0x0, 0x0, 0x12, 0x0,
    0x0, 0x0, 0x0, 0x21, 0x0, 0x0, 0x0, 0x0,
    0x0, 0x0, 0x4e, 0xe4, 0x0, 0x0, 0x0, 0x0,
    0x0, 0x0, 0x0, 0x0, 0xef, 0xfe, 0x0, 0x0,
    0x0, 0x0, 0x0, 0x0, 0x0, 0x0, 0xef, 0xfe,
    0x0, 0x0, 0x0, 0x0, 0x0, 0x0, 0x0, 0x0,
    0x4e, 0xe4, 0x0, 0x0, 0x0, 0x0,

    /* U+F240 "" */
    0x8f, 0xff, 0xff, 0xff, 0xff, 0xff, 0xff, 0xff,
    0xff, 0x80, 0xff, 0xff, 0xff, 0xff, 0xff, 0xff,
    0xff, 0xff, 0xff, 0xf0, 0xff, 0x0, 0x0, 0x0,
    0x0, 0x0, 0x0, 0x0, 0xf, 0xfd, 0xff, 0xf,
    0xff, 0xff, 0xff, 0xff, 0xff, 0xff, 0xf, 0xff,
    0xff, 0xf, 0xff, 0xff, 0xff, 0xff, 0xff, 0xff,
    0x0, 0xff, 0xff, 0xf, 0xff, 0xff, 0xff, 0xff,
    0xff, 0xff, 0x0, 0xff, 0xff, 0xf, 0xff, 0xff,
    0xff, 0xff, 0xff, 0xff, 0xf, 0xff, 0xff, 0x0,
    0x0, 0x0, 0x0, 0x0, 0x0, 0x0, 0xf, 0xfd,
    0xff, 0xff, 0xff, 0xff, 0xff, 0xff, 0xff, 0xff,
    0xff, 0xf0, 0x8f, 0xff, 0xff, 0xff, 0xff, 0xff,
    0xff, 0xff, 0xff, 0x80,

    /* U+F241 "" */
    0x8f, 0xff, 0xff, 0xff, 0xff, 0xff, 0xff, 0xff,
    0xff, 0x80, 0xff, 0xff, 0xff, 0xff, 0xff, 0xff,
    0xff, 0xff, 0xff, 0xf0, 0xff, 0x0, 0x0, 0x0,
    0x0, 0x0, 0x0, 0x0, 0xf, 0xfd, 0xff, 0xf,
    0xff, 0xff, 0xff, 0xff, 0xf0, 0x0, 0xf, 0xff,
    0xff, 0xf, 0xff, 0xff, 0xff, 0xff, 0xf0, 0x0,
    0x0, 0xff, 0xff, 0xf, 0xff, 0xff, 0xff, 0xff,
    0xf0, 0x0, 0x0, 0xff, 0xff, 0xf, 0xff, 0xff,
    0xff, 0xff, 0xf0, 0x0, 0xf, 0xff, 0xff, 0x0,
    0x0, 0x0, 0x0, 0x0, 0x0, 0x0, 0xf, 0xfd,
    0xff, 0xff, 0xff, 0xff, 0xff, 0xff, 0xff, 0xff,
    0xff, 0xf0, 0x8f, 0xff, 0xff, 0xff, 0xff, 0xff,
    0xff, 0xff, 0xff, 0x80,

    /* U+F242 "" */
    0x8f, 0xff, 0xff, 0xff, 0xff, 0xff, 0xff, 0xff,
    0xff, 0x80, 0xff, 0xff, 0xff, 0xff, 0xff, 0xff,
    0xff, 0xff, 0xff, 0xf0, 0xff, 0x0, 0x0, 0x0,
    0x0, 0x0, 0x0, 0x0, 0xf, 0xfd, 0xff, 0xf,
    0xff, 0xff, 0xff, 0x0, 0x0, 0x0, 0xf, 0xff,
    0xff, 0xf, 0xff, 0xff, 0xff, 0x0, 0x0, 0x0,
    0x0, 0xff, 0xff, 0xf, 0xff, 0xff, 0xff, 0x0,
    0x0, 0x0, 0x0, 0xff, 0xff, 0xf, 0xff, 0xff,
    0xff, 0x0, 0x0, 0x0, 0xf, 0xff, 0xff, 0x0,
    0x0, 0x0, 0x0, 0x0, 0x0, 0x0, 0xf, 0xfd,
    0xff, 0xff, 0xff, 0xff, 0xff, 0xff, 0xff, 0xff,
    0xff, 0xf0, 0x8f, 0xff, 0xff, 0xff, 0xff, 0xff,
    0xff, 0xff, 0xff, 0x80,

    /* U+F243 "" */
    0x8f, 0xff, 0xff, 0xff, 0xff, 0xff, 0xff, 0xff,
    0xff, 0x80, 0xff, 0xff, 0xff, 0xff, 0xff, 0xff,
    0xff, 0xff, 0xff, 0xf0, 0xff, 0x0, 0x0, 0x0,
    0x0, 0x0, 0x0, 0x0, 0xf, 0xfd, 0xff, 0xf,
    0xff, 0xf0, 0x0, 0x0, 0x0, 0x0, 0xf, 0xff,
    0xff, 0xf, 0xff, 0xf0, 0x0, 0x0, 0x0, 0x0,
    0x0, 0xff, 0xff, 0xf, 0xff, 0xf0, 0x0, 0x0,
    0x0, 0x0, 0x0, 0xff, 0xff, 0xf, 0xff, 0xf0,
    0x0, 0x0, 0x0, 0x0, 0xf, 0xff, 0xff, 0x0,
    0x0, 0x0, 0x0, 0x0, 0x0, 0x0, 0xf, 0xfd,
    0xff, 0xff, 0xff, 0xff, 0xff, 0xff, 0xff, 0xff,
    0xff, 0xf0, 0x8f, 0xff, 0xff, 0xff, 0xff, 0xff,
    0xff, 0xff, 0xff, 0x80,

    /* U+F244 "" */
    0x8f, 0xff, 0xff, 0xff, 0xff, 0xff, 0xff, 0xff,
    0xff, 0x80, 0xff, 0xff, 0xff, 0xff, 0xff, 0xff,
    0xff, 0xff, 0xff, 0xf0, 0xff, 0x0, 0x0, 0x0,
    0x0, 0x0, 0x0, 0x0, 0xf, 0xfd, 0xff, 0x0,
    0x0, 0x0, 0x0, 0x0, 0x0, 0x0, 0xf, 0xff,
    0xff, 0x0, 0x0, 0x0, 0x0, 0x0, 0x0, 0x0,
    0x0, 0xff, 0xff, 0x0, 0x0, 0x0, 0x0, 0x0,
    0x0, 0x0, 0x0, 0xff, 0xff, 0x0, 0x0, 0x0,
    0x0, 0x0, 0x0, 0x0, 0xf, 0xff, 0xff, 0x0,
    0x0, 0x0, 0x0, 0x0, 0x0, 0x0, 0xf, 0xfd,
    0xff, 0xff, 0xff, 0xff, 0xff, 0xff, 0xff, 0xff,
    0xff, 0xf0, 0x8f, 0xff, 0xff, 0xff, 0xff, 0xff,
    0xff, 0xff, 0xff, 0x80,

    /* U+F279 "" */
    0x0, 0x0, 0x0, 0x0, 0x0, 0x0, 0x0, 0x0,
    0x0, 0x0, 0x6, 0xc0, 0xd7, 0x20, 0x0, 0x0,
    0x2, 0x9e, 0x29, 0xff, 0xf0, 0xff, 0xfd, 0x72,
    0x3, 0xaf, 0xff, 0xef, 0xff, 0xf0, 0xff, 0xff,
    0xff, 0xf, 0xff, 0xff, 0xff, 0xff, 0xf0, 0xff,
    0xff, 0xff, 0xf, 0xff, 0xff, 0xff, 0xff, 0xf0,
    0xff, 0xff, 0xff, 0xf, 0xff, 0xff, 0xff, 0xff,
    0xf0, 0xff, 0xff, 0xff, 0xf, 0xff, 0xff, 0xff,
    0xff, 0xf0, 0xff, 0xff, 0xff, 0xf, 0xff, 0xff,
    0xff, 0xff, 0xf0, 0xff, 0xff, 0xff, 0xf, 0xff,
    0xff, 0xff, 0xff, 0xf0, 0xff, 0xff, 0xff, 0xf,
    0xff, 0xff, 0xff, 0xff, 0xf0, 0xff, 0xff, 0xff,
    0xf, 0xff, 0xff, 0xff, 0xff, 0xf0, 0xff, 0xff,
    0xff, 0xf, 0xff, 0xff, 0xff, 0xff, 0xf0, 0xff,
    0xff, 0xff, 0xf, 0xff, 0xfe, 0xff, 0xfa, 0x30,
    0x28, 0xdf, 0xff, 0xf, 0xff, 0x92, 0xd9, 0x20,
    0x0, 0x0, 0x2, 0x8d, 0xc, 0x60, 0x0, 0x0,
    0x0, 0x0, 0x0, 0x0, 0x0, 0x0, 0x0, 0x0,

    /* U+F287 "" */
    0x0, 0x0, 0x0, 0x0, 0x0, 0x1, 0x0, 0x0,
    0x0, 0x0, 0x0, 0x0, 0x0, 0x0, 0x0, 0x7,
    0xfd, 0x10, 0x0, 0x0, 0x0, 0x0, 0x0, 0x0,
    0x1, 0xcf, 0xff, 0xf5, 0x0, 0x0, 0x0, 0x0,
    0x0, 0x0, 0x0, 0xb9, 0x29, 0xfe, 0x10, 0x0,
    0x0, 0x0, 0x0, 0x0, 0x0, 0x3f, 0x10, 0x2,
    0x0, 0x0, 0x0, 0x0, 0x3, 0xdf, 0x80, 0xa,
    0x90, 0x0, 0x0, 0x0, 0x3, 0x70, 0x0, 0xdf,
    0xff, 0x77, 0xf7, 0x55, 0x55, 0x55, 0x55, 0x8f,
    0xd3, 0xf, 0xff, 0xfd, 0xcc, 0xdf, 0xdc, 0xcc,
    0xcc, 0xcd, 0xff, 0xb0, 0x8f, 0xfe, 0x10, 0x0,
    0xaa, 0x0, 0x0, 0x0, 0x4d, 0x40, 0x0, 0x46,
    0x10, 0x0, 0x1, 0xf2, 0x2, 0x33, 0x10, 0x0,
    0x0, 0x0, 0x0, 0x0, 0x0, 0x9, 0xb1, 0xcf,
    0xf9, 0x0, 0x0, 0x0, 0x0, 0x0, 0x0, 0x0,
    0xa, 0xff, 0xff, 0x90, 0x0, 0x0, 0x0, 0x0,
    0x0, 0x0, 0x0, 0x0, 0xbf, 0xf9, 0x0, 0x0,
    0x0, 0x0, 0x0, 0x0, 0x0, 0x0, 0x1, 0x22,
    0x0, 0x0, 0x0,

    /* U+F293 "" */
    0x0, 0x18, 0xdf, 0xfd, 0x92, 0x0, 0x2, 0xef,
    0xfb, 0xef, 0xff, 0x40, 0xd, 0xff, 0xfa, 0x2e,
    0xff, 0xe0, 0x4f, 0xff, 0xfa, 0x3, 0xff, 0xf5,
    0x9f, 0xfa, 0xfa, 0x35, 0x4f, 0xfa, 0xcf, 0xc0,
    0x8a, 0x3d, 0xb, 0xfd, 0xef, 0xfb, 0x3, 0x11,
    0x8f, 0xfe, 0xff, 0xff, 0xb0, 0x6, 0xff, 0xff,
    0xff, 0xff, 0xd1, 0x8, 0xff, 0xff, 0xef, 0xfd,
    0x11, 0x10, 0x9f, 0xff, 0xdf, 0xd1, 0x59, 0x3b,
    0xb, 0xfd, 0xaf, 0xd6, 0xfa, 0x37, 0x1d, 0xfb,
    0x5f, 0xff, 0xfa, 0x1, 0xdf, 0xf7, 0xd, 0xff,
    0xfa, 0x1d, 0xff, 0xf1, 0x3, 0xef, 0xfc, 0xdf,
    0xff, 0x50, 0x0, 0x18, 0xdf, 0xfe, 0xa3, 0x0,

    /* U+F2ED "" */
    0x0, 0x0, 0x7f, 0xff, 0xf7, 0x0, 0x0, 0xef,
    0xff, 0xff, 0xff, 0xff, 0xff, 0xfe, 0xef, 0xff,
    0xff, 0xff, 0xff, 0xff, 0xfe, 0x0, 0x0, 0x0,
    0x0, 0x0, 0x0, 0x0, 0xf, 0xff, 0xff, 0xff,
    0xff, 0xff, 0xf0, 0xf, 0xff, 0xff, 0xff, 0xff,
    0xff, 0xf0, 0xf, 0xf9, 0x9f, 0x99, 0xf9, 0x9f,
    0xf0, 0xf, 0xf8, 0x8f, 0x88, 0xf8, 0x8f, 0xf0,
    0xf, 0xf8, 0x8f, 0x88, 0xf8, 0x8f, 0xf0, 0xf,
    0xf8, 0x8f, 0x88, 0xf8, 0x8f, 0xf0, 0xf, 0xf8,
    0x8f, 0x88, 0xf8, 0x8f, 0xf0, 0xf, 0xf8, 0x8f,
    0x88, 0xf8, 0x8f, 0xf0, 0xf, 0xf8, 0x8f, 0x88,
    0xf8, 0x8f, 0xf0, 0xf, 0xf9, 0x9f, 0x99, 0xf9,
    0x9f, 0xf0, 0xf, 0xff, 0xff, 0xff, 0xff, 0xff,
    0xf0, 0x8, 0xff, 0xff, 0xff, 0xff, 0xff, 0x80,

    /* U+F2F2 "" */
    0x0, 0x0, 0x3f, 0xff, 0xf3, 0x0, 0x0, 0x0,
    0x0, 0x3f, 0xff, 0xf3, 0x0, 0x0, 0x0, 0x0,
    0x0, 0xff, 0x0, 0x0, 0x0, 0x0, 0x1, 0x7c,
    0xff, 0xc7, 0x1, 0x40, 0x0, 0x3e, 0xff, 0xff,
    0xff, 0xed, 0xf4, 0x2, 0xff, 0xff, 0x88, 0xff,
    0xff, 0xd1, 0xb, 0xff, 0xff, 0x0, 0xff, 0xff,
    0xb0, 0x2f, 0xff, 0xff, 0x0, 0xff, 0xff, 0xf2,
    0x6f, 0xff, 0xff, 0x0, 0xff, 0xff, 0xf6, 0x7f,
    0xff, 0xff, 0x0, 0xff, 0xff, 0xf7, 0x6f, 0xff,
    0xff, 0x0, 0xff, 0xff, 0xf6, 0x2f, 0xff, 0xff,
    0xff, 0xff, 0xff, 0xf2, 0xc, 0xff, 0xff, 0xff,
    0xff, 0xff, 0xb0, 0x2, 0xef, 0xff, 0xff, 0xff,
    0xfe, 0x20, 0x0, 0x3e, 0xff, 0xff, 0xff, 0xe3,
    0x0, 0x0, 0x0, 0x7d, 0xff, 0xc7, 0x0, 0x0,

    /* U+F304 "" */
    0x0, 0x0, 0x0, 0x0, 0x0, 0x0, 0x7f, 0xa0,
    0x0, 0x0, 0x0, 0x0, 0x0, 0x0, 0x7f, 0xff,
    0xb0, 0x0, 0x0, 0x0, 0x0, 0x0, 0xd, 0xff,
    0xff, 0xa0, 0x0, 0x0, 0x0, 0x0, 0x7a, 0x1d,
    0xff, 0xff, 0x0, 0x0, 0x0, 0x0, 0x7f, 0xfa,
    0x1d, 0xff, 0x70, 0x0, 0x0, 0x0, 0x7f, 0xff,
    0xfa, 0x1d, 0x70, 0x0, 0x0, 0x0, 0x7f, 0xff,
    0xff, 0xfa, 0x0, 0x0, 0x0, 0x0, 0x7f, 0xff,
    0xff, 0xff, 0x70, 0x0, 0x0, 0x0, 0x7f, 0xff,
    0xff, 0xff, 0x70, 0x0, 0x0, 0x0, 0x7f, 0xff,
    0xff, 0xff, 0x70, 0x0, 0x0, 0x0, 0x7f, 0xff,
    0xff, 0xff, 0x70, 0x0, 0x0, 0x0, 0x6f, 0xff,
    0xff, 0xff, 0x70, 0x0, 0x0, 0x0, 0xb, 0xff,
    0xff, 0xff, 0x70, 0x0, 0x0, 0x0, 0x0, 0xdf,
    0xff, 0xff, 0x70, 0x0, 0x0, 0x0, 0x0, 0xe,
    0xff, 0xff, 0x70, 0x0, 0x0, 0x0, 0x0, 0x0,
    0xde, 0xdb, 0x60, 0x0, 0x0, 0x0, 0x0, 0x0,
    0x0, 0x0, 0x0, 0x0, 0x0, 0x0, 0x0, 0x0,
    0x0,

    /* U+F3C5 "" */
    0x0, 0x7, 0xcf, 0xfc, 0x70, 0x0, 0x1, 0xdf,
    0xff, 0xff, 0xfd, 0x10, 0xd, 0xff, 0xff, 0xff,
    0xff, 0xd0, 0x7f, 0xff, 0xf9, 0x9f, 0xff, 0xf7,
    0xcf, 0xff, 0x20, 0x2, 0xff, 0xfc, 0xff, 0xf9,
    0x0, 0x0, 0x9f, 0xff, 0xff, 0xf9, 0x0, 0x0,
    0x9f, 0xff, 0xcf, 0xff, 0x20, 0x2, 0xff, 0xfc,
    0x6f, 0xff, 0xf9, 0x9f, 0xff, 0xf6, 0xd, 0xff,
    0xff, 0xff, 0xff, 0xd0, 0x3, 0xff, 0xff, 0xff,
    0xff, 0x30, 0x0, 0x8f, 0xff, 0xff, 0xf8, 0x0,
    0x0, 0xc, 0xff, 0xff, 0xc0, 0x0, 0x0, 0x2,
    0xff, 0xff, 0x20, 0x0, 0x0, 0x0, 0x7f, 0xf7,
    0x0, 0x0, 0x0, 0x0, 0xb, 0xb0, 0x0, 0x0,

    /* U+F4D7 "" */
    0x0, 0x0, 0x0, 0x0, 0x0, 0x8, 0xee, 0x80,
    0x0, 0x0, 0x0, 0x0, 0x0, 0x8f, 0xff, 0xf8,
    0x0, 0x0, 0x0, 0x0, 0x0, 0xef, 0x33, 0xfe,
    0x0, 0x0, 0x0, 0x0, 0x0, 0xef, 0x33, 0xfe,
    0x0, 0x0, 0x0, 0x0, 0x0, 0x8f, 0xff, 0xf7,
    0x0, 0x0, 0x0, 0x0, 0x0, 0xe, 0xff, 0xe0,
    0x0, 0x0, 0x0, 0x0, 0x8e, 0xff, 0xff, 0x30,
    0x0, 0x0, 0x0, 0x8, 0xff, 0xff, 0xf6, 0x0,
    0x8, 0xee, 0x80, 0xe, 0xf3, 0x0, 0x0, 0x0,
    0x8f, 0xff, 0xf8, 0xe, 0xf3, 0x0, 0x0, 0x0,
    0xef, 0x33, 0xfe, 0x8, 0xff, 0xff, 0xfe, 0x80,
    0xef, 0x33, 0xfe, 0x0, 0x8e, 0xff, 0xff, 0xf8,
    0x7f, 0xff, 0xf7, 0x0, 0x0, 0x0, 0x3, 0xfe,
    0xd, 0xff, 0xe0, 0x0, 0x0, 0x0, 0x3, 0xfe,
    0x3, 0xff, 0x39, 0xff, 0xff, 0xff, 0xff, 0xf8,
    0x0, 0x66, 0x5f, 0xff, 0xff, 0xff, 0xfe, 0x80,

    /* U+F519 "" */
    0x3f, 0xc0, 0x0, 0x0, 0x0, 0x0, 0x0, 0x0,
    0xc, 0xf3, 0x9f, 0x70, 0x0, 0x0, 0x0, 0x0,
    0x0, 0x0, 0x8, 0xf9, 0xdf, 0x20, 0xbf, 0x20,
    0x4e, 0xe4, 0x2, 0xfb, 0x2, 0xfd, 0xff, 0x0,
    0xef, 0x10, 0xef, 0xfe, 0x1, 0xfe, 0x0, 0xff,
    0xff, 0x0, 0xef, 0x10, 0xef, 0xfe, 0x1, 0xfe,
    0x1, 0xff, 0xdf, 0x30, 0xbf, 0x20, 0xdf, 0xfd,
    0x2, 0xfb, 0x3, 0xfd, 0x9f, 0x70, 0x0, 0x3,
    0xfe, 0xef, 0x30, 0x0, 0x8, 0xf9, 0x3f, 0xc0,
    0x0, 0xa, 0xf8, 0x8f, 0xa0, 0x0, 0xc, 0xf3,
    0x0, 0x0, 0x0, 0x1f, 0xf2, 0x2f, 0xf1, 0x0,
    0x0, 0x0, 0x0, 0x0, 0x0, 0x7f, 0xb0, 0xb,
    0xf7, 0x0, 0x0, 0x0, 0x0, 0x0, 0x0, 0xdf,
    0xff, 0xff, 0xfd, 0x0, 0x0, 0x0, 0x0, 0x0,
    0x4, 0xff, 0xff, 0xff, 0xff, 0x40, 0x0, 0x0,
    0x0, 0x0, 0xb, 0xf7, 0x0, 0x0, 0x7f, 0xb0,
    0x0, 0x0, 0x0, 0x0, 0x2f, 0xf1, 0x0, 0x0,
    0x1f, 0xf2, 0x0, 0x0, 0x0, 0x0, 0x8f, 0x90,
    0x0, 0x0, 0x9, 0xf8, 0x0, 0x0, 0x0, 0x0,
    0x6e, 0x30, 0x0, 0x0, 0x3, 0xe6, 0x0, 0x0,
    0x0, 0x0, 0x0, 0x0, 0x0, 0x0, 0x0, 0x0,
    0x0, 0x0,

    /* U+F55A "" */
    0x0, 0x0, 0x1b, 0xff, 0xff, 0xff, 0xff, 0xff,
    0xff, 0xe4, 0x0, 0x1, 0xdf, 0xff, 0xff, 0xff,
    0xff, 0xff, 0xff, 0xfe, 0x0, 0x1d, 0xff, 0xff,
    0xfa, 0xef, 0xfe, 0xaf, 0xff, 0xff, 0x1, 0xdf,
    0xff, 0xff, 0xa0, 0x2e, 0xe2, 0xa, 0xff, 0xff,
    0x1d, 0xff, 0xff, 0xff, 0xe2, 0x2, 0x20, 0x2e,
    0xff, 0xff, 0xcf, 0xff, 0xff, 0xff, 0xfe, 0x20,
    0x2, 0xef, 0xff, 0xff, 0xcf, 0xff, 0xff, 0xff,
    0xfe, 0x20, 0x2, 0xef, 0xff, 0xff, 0x1d, 0xff,
    0xff, 0xff, 0xe2, 0x2, 0x20, 0x2e, 0xff, 0xff,
    0x1, 0xdf, 0xff, 0xff, 0xa0, 0x2e, 0xe2, 0xa,
    0xff, 0xff, 0x0, 0x1d, 0xff, 0xff, 0xfa, 0xef,
    0xfe, 0xaf, 0xff, 0xff, 0x0, 0x1, 0xdf, 0xff,
    0xff, 0xff, 0xff, 0xff, 0xff, 0xfe, 0x0, 0x0,
    0x1b, 0xff, 0xff, 0xff, 0xff, 0xff, 0xff, 0xe4,

    /* U+F6A9 "" */
    0x0, 0x0, 0x0, 0x0, 0x0, 0x0, 0x0, 0x0,
    0x0, 0x0, 0x0, 0x8, 0xd0, 0x0, 0x0, 0x0,
    0x0, 0x0, 0x0, 0x8, 0xff, 0x0, 0x0, 0x0,
    0x0, 0x0, 0x0, 0x8, 0xff, 0xf0, 0x0, 0x0,
    0x0, 0x0, 0xdf, 0xff, 0xff, 0xff, 0x0, 0x7c,
    0x11, 0xc7, 0xf, 0xff, 0xff, 0xff, 0xf0, 0xc,
    0xfd, 0xdf, 0xc0, 0xff, 0xff, 0xff, 0xff, 0x0,
    0x1d, 0xff, 0xd1, 0xf, 0xff, 0xff, 0xff, 0xf0,
    0x1, 0xdf, 0xfd, 0x10, 0xff, 0xff, 0xff, 0xff,
    0x0, 0xcf, 0xdd, 0xfc, 0xd, 0xff, 0xff, 0xff,
    0xf0, 0x7, 0xc1, 0x1c, 0x70, 0x0, 0x0, 0x9f,
    0xff, 0x0, 0x0, 0x0, 0x0, 0x0, 0x0, 0x0,
    0x9f, 0xf0, 0x0, 0x0, 0x0, 0x0, 0x0, 0x0,
    0x0, 0x8d, 0x0, 0x0, 0x0, 0x0, 0x0, 0x0,
    0x0, 0x0, 0x0, 0x0, 0x0, 0x0, 0x0,

    /* U+F7C2 "" */
    0x0, 0x7, 0xff, 0xff, 0xff, 0xe4, 0x0, 0x7f,
    0xff, 0xff, 0xff, 0xfe, 0x7, 0xf8, 0xf, 0xb,
    0x40, 0xff, 0x7f, 0xf8, 0xf, 0xb, 0x40, 0xff,
    0xff, 0xf8, 0xf, 0xb, 0x40, 0xff, 0xff, 0xff,
    0xff, 0xff, 0xff, 0xff, 0xff, 0xff, 0xff, 0xff,
    0xff, 0xff, 0xff, 0xff, 0xff, 0xff, 0xff, 0xff,
    0xff, 0xff, 0xff, 0xff, 0xff, 0xff, 0xff, 0xff,
    0xff, 0xff, 0xff, 0xff, 0xff, 0xff, 0xff, 0xff,
    0xff, 0xff, 0xff, 0xff, 0xff, 0xff, 0xff, 0xff,
    0xff, 0xff, 0xff, 0xff, 0xff, 0xff, 0xff, 0xff,
    0xff, 0xff, 0xff, 0xff, 0xef, 0xff, 0xff, 0xff,
    0xff, 0xfe, 0x4e, 0xff, 0xff, 0xff, 0xff, 0xe4,

    /* U+F8A2 "" */
    0x0, 0x0, 0x0, 0x0, 0x0, 0x0, 0x0, 0x1,
    0x0, 0x0, 0x0, 0x0, 0x0, 0x0, 0x0, 0x3,
    0xe0, 0x0, 0x0, 0x10, 0x0, 0x0, 0x0, 0x2,
    0xef, 0x10, 0x0, 0xbf, 0x0, 0x0, 0x0, 0x0,
    0x7f, 0xf1, 0x0, 0xcf, 0xf1, 0x0, 0x0, 0x0,
    0x7, 0xff, 0x11, 0xcf, 0xff, 0x77, 0x77, 0x77,
    0x77, 0xbf, 0xf1, 0xcf, 0xff, 0xff, 0xff, 0xff,
    0xff, 0xff, 0xff, 0x17, 0xff, 0xff, 0xff, 0xff,
    0xff, 0xff, 0xff, 0xe0, 0x7, 0xff, 0xf1, 0x0,
    0x0, 0x0, 0x0, 0x0, 0x0, 0x6, 0xff, 0x10,
    0x0, 0x0, 0x0, 0x0, 0x0, 0x0, 0x5, 0xa0,
    0x0, 0x0, 0x0, 0x0, 0x0, 0x0
};


/*---------------------
 *  GLYPH DESCRIPTION
 *--------------------*/

static const lv_font_fmt_txt_glyph_dsc_t glyph_dsc[] = {
    {.bitmap_index = 0, .adv_w = 0, .box_w = 0, .box_h = 0, .ofs_x = 0, .ofs_y = 0} /* id = 0 reserved */,
    {.bitmap_index = 0, .adv_w = 67, .box_w = 0, .box_h = 0, .ofs_x = 0, .ofs_y = 0},
    {.bitmap_index = 0, .adv_w = 70, .box_w = 3, .box_h = 12, .ofs_x = 1, .ofs_y = 0},
    {.bitmap_index = 18, .adv_w = 110, .box_w = 5, .box_h = 5, .ofs_x = 1, .ofs_y = 7},
    {.bitmap_index = 31, .adv_w = 165, .box_w = 10, .box_h = 12, .ofs_x = 0, .ofs_y = 0},
    {.bitmap_index = 91, .adv_w = 146, .box_w = 9, .box_h = 14, .ofs_x = 0, .ofs_y = -2},
    {.bitmap_index = 154, .adv_w = 218, .box_w = 13, .box_h = 12, .ofs_x = 0, .ofs_y = 0},
    {.bitmap_index = 232, .adv_w = 189, .box_w = 12, .box_h = 12, .ofs_x = 0, .ofs_y = 0},
    {.bitmap_index = 304, .adv_w = 61, .box_w = 2, .box_h = 5, .ofs_x = 1, .ofs_y = 7},
    {.bitmap_index = 309, .adv_w = 80, .box_w = 5, .box_h = 15, .ofs_x = 0, .ofs_y = -3},
    {.bitmap_index = 347, .adv_w = 80, .box_w = 5, .box_h = 15, .ofs_x = 0, .ofs_y = -3},
    {.bitmap_index = 385, .adv_w = 140, .box_w = 9, .box_h = 8, .ofs_x = 0, .ofs_y = 4},
    {.bitmap_index = 421, .adv_w = 146, .box_w = 9, .box_h = 8, .ofs_x = 0, .ofs_y = 2},
    {.bitmap_index = 457, .adv_w = 70, .box_w = 4, .box_h = 5, .ofs_x = 0, .ofs_y = -2},
    {.bitmap_index = 467, .adv_w = 82, .box_w = 5, .box_h = 2, .ofs_x = 0, .ofs_y = 4},
    {.bitmap_index = 472, .adv_w = 70, .box_w = 3, .box_h = 3, .ofs_x = 1, .ofs_y = 0},
    {.bitmap_index = 477, .adv_w = 99, .box_w = 7, .box_h = 12, .ofs_x = 0, .ofs_y = 0},
    {.bitmap_index = 519, .adv_w = 146, .box_w = 9, .box_h = 12, .ofs_x = 0, .ofs_y = 0},
    {.bitmap_index = 573, .adv_w = 146, .box_w = 5, .box_h = 12, .ofs_x = 1, .ofs_y = 0},
    {.bitmap_index = 603, .adv_w = 146, .box_w = 9, .box_h = 12, .ofs_x = 0, .ofs_y = 0},
    {.bitmap_index = 657, .adv_w = 146, .box_w = 9, .box_h = 12, .ofs_x = 0, .ofs_y = 0},
    {.bitmap_index = 711, .adv_w = 146, .box_w = 9, .box_h = 12, .ofs_x = 0, .ofs_y = 0},
    {.bitmap_index = 765, .adv_w = 146, .box_w = 9, .box_h = 12, .ofs_x = 0, .ofs_y = 0},
    {.bitmap_index = 819, .adv_w = 146, .box_w = 9, .box_h = 12, .ofs_x = 0, .ofs_y = 0},
    {.bitmap_index = 873, .adv_w = 146, .box_w = 9, .box_h = 12, .ofs_x = 0, .ofs_y = 0},
    {.bitmap_index = 927, .adv_w = 146, .box_w = 9, .box_h = 12, .ofs_x = 0, .ofs_y = 0},
    {.bitmap_index = 981, .adv_w = 146, .box_w = 9, .box_h = 12, .ofs_x = 0, .ofs_y = 0},
    {.bitmap_index = 1035, .adv_w = 70, .box_w = 3, .box_h = 9, .ofs_x = 1, .ofs_y = 0},
    {.bitmap_index = 1049, .adv_w = 70, .box_w = 4, .box_h = 12, .ofs_x = 0, .ofs_y = -3},
    {.bitmap_index = 1073, .adv_w = 146, .box_w = 9, .box_h = 10, .ofs_x = 0, .ofs_y = 1},
    {.bitmap_index = 1118, .adv_w = 146, .box_w = 9, .box_h = 6, .ofs_x = 0, .ofs_y = 3},
    {.bitmap_index = 1145, .adv_w = 146, .box_w = 9, .box_h = 10, .ofs_x = 0, .ofs_y = 1},
    {.bitmap_index = 1190, .adv_w = 114, .box_w = 7, .box_h = 12, .ofs_x = 0, .ofs_y = 0},
    {.bitmap_index = 1232, .adv_w = 230, .box_w = 14, .box_h = 14, .ofs_x = 0, .ofs_y = -2},
    {.bitmap_index = 1330, .adv_w = 168, .box_w = 11, .box_h = 12, .ofs_x = 0, .ofs_y = 0},
    {.bitmap_index = 1396, .adv_w = 167, .box_w = 9, .box_h = 12, .ofs_x = 1, .ofs_y = 0},
    {.bitmap_index = 1450, .adv_w = 163, .box_w = 10, .box_h = 12, .ofs_x = 0, .ofs_y = 0},
    {.bitmap_index = 1510, .adv_w = 187, .box_w = 10, .box_h = 12, .ofs_x = 1, .ofs_y = 0},
    {.bitmap_index = 1570, .adv_w = 143, .box_w = 7, .box_h = 12, .ofs_x = 1, .ofs_y = 0},
    {.bitmap_index = 1612, .adv_w = 135, .box_w = 7, .box_h = 12, .ofs_x = 1, .ofs_y = 0},
    {.bitmap_index = 1654, .adv_w = 186, .box_w = 11, .box_h = 12, .ofs_x = 0, .ofs_y = 0},
    {.bitmap_index = 1720, .adv_w = 191, .box_w = 10, .box_h = 12, .ofs_x = 1, .ofs_y = 0},
    {.bitmap_index = 1780, .adv_w = 91, .box_w = 6, .box_h = 12, .ofs_x = 0, .ofs_y = 0},
    {.bitmap_index = 1816, .adv_w = 74, .box_w = 6, .box_h = 15, .ofs_x = -2, .ofs_y = -3},
    {.bitmap_index = 1861, .adv_w = 162, .box_w = 10, .box_h = 12, .ofs_x = 1, .ofs_y = 0},
    {.bitmap_index = 1921, .adv_w = 137, .box_w = 8, .box_h = 12, .ofs_x = 1, .ofs_y = 0},
    {.bitmap_index = 1969, .adv_w = 235, .box_w = 13, .box_h = 12, .ofs_x = 1, .ofs_y = 0},
    {.bitmap_index = 2047, .adv_w = 199, .box_w = 10, .box_h = 12, .ofs_x = 1, .ofs_y = 0},
    {.bitmap_index = 2107, .adv_w = 201, .box_w = 12, .box_h = 12, .ofs_x = 0, .ofs_y = 0},
    {.bitmap_index = 2179, .adv_w = 156, .box_w = 8, .box_h = 12, .ofs_x = 1, .ofs_y = 0},
    {.bitmap_index = 2227, .adv_w = 201, .box_w = 12, .box_h = 15, .ofs_x = 0, .ofs_y = -3},
    {.bitmap_index = 2317, .adv_w = 162, .box_w = 9, .box_h = 12, .ofs_x = 1, .ofs_y = 0},
    {.bitmap_index = 2371, .adv_w = 141, .box_w = 9, .box_h = 12, .ofs_x = 0, .ofs_y = 0},
    {.bitmap_index = 2425, .adv_w = 144, .box_w = 9, .box_h = 12, .ofs_x = 0, .ofs_y = 0},
    {.bitmap_index = 2479, .adv_w = 189, .box_w = 10, .box_h = 12, .ofs_x = 1, .ofs_y = 0},
    {.bitmap_index = 2539, .adv_w = 157, .box_w = 10, .box_h = 12, .ofs_x = 0, .ofs_y = 0},
    {.bitmap_index = 2599, .adv_w = 241, .box_w = 15, .box_h = 12, .ofs_x = 0, .ofs_y = 0},
    {.bitmap_index = 2689, .adv_w = 156, .box_w = 10, .box_h = 12, .ofs_x = 0, .ofs_y = 0},
    {.bitmap_index = 2749, .adv_w = 150, .box_w = 10, .box_h = 12, .ofs_x = 0, .ofs_y = 0},
    {.bitmap_index = 2809, .adv_w = 147, .box_w = 9, .box_h = 12, .ofs_x = 0, .ofs_y = 0},
    {.bitmap_index = 2863, .adv_w = 84, .box_w = 4, .box_h = 15, .ofs_x = 1, .ofs_y = -3},
    {.bitmap_index = 2893, .adv_w = 99, .box_w = 7, .box_h = 12, .ofs_x = 0, .ofs_y = 0},
    {.bitmap_index = 2935, .adv_w = 84, .box_w = 5, .box_h = 15, .ofs_x = 0, .ofs_y = -3},
    {.bitmap_index = 2973, .adv_w = 146, .box_w = 9, .box_h = 8, .ofs_x = 0, .ofs_y = 4},
    {.bitmap_index = 3009, .adv_w = 111, .box_w = 8, .box_h = 2, .ofs_x = -1, .ofs_y = -3},
    {.bitmap_index = 3017, .adv_w = 78, .box_w = 5, .box_h = 3, .ofs_x = 0, .ofs_y = 10},
    {.bitmap_index = 3025, .adv_w = 146, .box_w = 8, .box_h = 9, .ofs_x = 0, .ofs_y = 0},
    {.bitmap_index = 3061, .adv_w = 159, .box_w = 9, .box_h = 12, .ofs_x = 1, .ofs_y = 0},
    {.bitmap_index = 3115, .adv_w = 126, .box_w = 8, .box_h = 9, .ofs_x = 0, .ofs_y = 0},
    {.bitmap_index = 3151, .adv_w = 159, .box_w = 9, .box_h = 12, .ofs_x = 0, .ofs_y = 0},
    {.bitmap_index = 3205, .adv_w = 147, .box_w = 9, .box_h = 9, .ofs_x = 0, .ofs_y = 0},
    {.bitmap_index = 3246, .adv_w = 91, .box_w = 7, .box_h = 12, .ofs_x = 0, .ofs_y = 0},
    {.bitmap_index = 3288, .adv_w = 159, .box_w = 9, .box_h = 13, .ofs_x = 0, .ofs_y = -4},
    {.bitmap_index = 3347, .adv_w = 161, .box_w = 8, .box_h = 12, .ofs_x = 1, .ofs_y = 0},
    {.bitmap_index = 3395, .adv_w = 69, .box_w = 3, .box_h = 12, .ofs_x = 1, .ofs_y = 0},
    {.bitmap_index = 3413, .adv_w = 69, .box_w = 5, .box_h = 16, .ofs_x = -1, .ofs_y = -4},
    {.bitmap_index = 3453, .adv_w = 143, .box_w = 8, .box_h = 12, .ofs_x = 1, .ofs_y = 0},
    {.bitmap_index = 3501, .adv_w = 69, .box_w = 3, .box_h = 12, .ofs_x = 1, .ofs_y = 0},
    {.bitmap_index = 3519, .adv_w = 242, .box_w = 13, .box_h = 9, .ofs_x = 1, .ofs_y = 0},
    {.bitmap_index = 3578, .adv_w = 161, .box_w = 8, .box_h = 9, .ofs_x = 1, .ofs_y = 0},
    {.bitmap_index = 3614, .adv_w = 156, .box_w = 9, .box_h = 9, .ofs_x = 0, .ofs_y = 0},
    {.bitmap_index = 3655, .adv_w = 159, .box_w = 9, .box_h = 13, .ofs_x = 1, .ofs_y = -4},
    {.bitmap_index = 3714, .adv_w = 159, .box_w = 9, .box_h = 13, .ofs_x = 0, .ofs_y = -4},
    {.bitmap_index = 3773, .adv_w = 108, .box_w = 6, .box_h = 9, .ofs_x = 1, .ofs_y = 0},
    {.bitmap_index = 3800, .adv_w = 124, .box_w = 8, .box_h = 9, .ofs_x = 0, .ofs_y = 0},
    {.bitmap_index = 3836, .adv_w = 98, .box_w = 6, .box_h = 11, .ofs_x = 0, .ofs_y = 0},
    {.bitmap_index = 3869, .adv_w = 161, .box_w = 8, .box_h = 9, .ofs_x = 1, .ofs_y = 0},
    {.bitmap_index = 3905, .adv_w = 135, .box_w = 9, .box_h = 9, .ofs_x = 0, .ofs_y = 0},
    {.bitmap_index = 3946, .adv_w = 207, .box_w = 13, .box_h = 9, .ofs_x = 0, .ofs_y = 0},
    {.bitmap_index = 4005, .adv_w = 139, .box_w = 9, .box_h = 9, .ofs_x = 0, .ofs_y = 0},
    {.bitmap_index = 4046, .adv_w = 135, .box_w = 9, .box_h = 13, .ofs_x = 0, .ofs_y = -4},
    {.bitmap_index = 4105, .adv_w = 122, .box_w = 8, .box_h = 9, .ofs_x = 0, .ofs_y = 0},
    {.bitmap_index = 4141, .adv_w = 98, .box_w = 6, .box_h = 15, .ofs_x = 0, .ofs_y = -3},
    {.bitmap_index = 4186, .adv_w = 141, .box_w = 3, .box_h = 16, .ofs_x = 3, .ofs_y = -4},
    {.bitmap_index = 4210, .adv_w = 98, .box_w = 6, .box_h = 15, .ofs_x = 0, .ofs_y = -3},
    {.bitmap_index = 4255, .adv_w = 146, .box_w = 9, .box_h = 4, .ofs_x = 0, .ofs_y = 4},
    {.bitmap_index = 4273, .adv_w = 67, .box_w = 0, .box_h = 0, .ofs_x = 0, .ofs_y = 0},
    {.bitmap_index = 4273, .adv_w = 70, .box_w = 3, .box_h = 12, .ofs_x = 1, .ofs_y = -3},
    {.bitmap_index = 4291, .adv_w = 146, .box_w = 7, .box_h = 12, .ofs_x = 1, .ofs_y = 0},
    {.bitmap_index = 4333, .adv_w = 146, .box_w = 9, .box_h = 12, .ofs_x = 0, .ofs_y = 0},
    {.bitmap_index = 4387, .adv_w = 146, .box_w = 9, .box_h = 8, .ofs_x = 0, .ofs_y = 2},
    {.bitmap_index = 4423, .adv_w = 146, .box_w = 9, .box_h = 12, .ofs_x = 0, .ofs_y = 0},
    {.bitmap_index = 4477, .adv_w = 141, .box_w = 3, .box_h = 16, .ofs_x = 3, .ofs_y = -4},
    {.bitmap_index = 4501, .adv_w = 129, .box_w = 8, .box_h = 12, .ofs_x = 0, .ofs_y = 0},
    {.bitmap_index = 4549, .adv_w = 150, .box_w = 6, .box_h = 2, .ofs_x = 2, .ofs_y = 10},
    {.bitmap_index = 4555, .adv_w = 213, .box_w = 13, .box_h = 12, .ofs_x = 0, .ofs_y = 0},
    {.bitmap_index = 4633, .adv_w = 93, .box_w = 6, .box_h = 5, .ofs_x = 0, .ofs_y = 7},
    {.bitmap_index = 4648, .adv_w = 138, .box_w = 9, .box_h = 8, .ofs_x = 0, .ofs_y = 0},
    {.bitmap_index = 4684, .adv_w = 146, .box_w = 9, .box_h = 6, .ofs_x = 0, .ofs_y = 1},
    {.bitmap_index = 4711, .adv_w = 82, .box_w = 5, .box_h = 2, .ofs_x = 0, .ofs_y = 4},
    {.bitmap_index = 4716, .adv_w = 213, .box_w = 13, .box_h = 12, .ofs_x = 0, .ofs_y = 0},
    {.bitmap_index = 4794, .adv_w = 128, .box_w = 10, .box_h = 3, .ofs_x = -1, .ofs_y = 12},
    {.bitmap_index = 4809, .adv_w = 109, .box_w = 7, .box_h = 6, .ofs_x = 0, .ofs_y = 6},
    {.bitmap_index = 4830, .adv_w = 146, .box_w = 9, .box_h = 10, .ofs_x = 0, .ofs_y = 0},
    {.bitmap_index = 4875, .adv_w = 92, .box_w = 6, .box_h = 7, .ofs_x = 0, .ofs_y = 7},
    {.bitmap_index = 4896, .adv_w = 92, .box_w = 6, .box_h = 7, .ofs_x = 0, .ofs_y = 7},
    {.bitmap_index = 4917, .adv_w = 78, .box_w = 5, .box_h = 3, .ofs_x = 0, .ofs_y = 10},
    {.bitmap_index = 4925, .adv_w = 162, .box_w = 8, .box_h = 13, .ofs_x = 1, .ofs_y = -4},
    {.bitmap_index = 4977, .adv_w = 167, .box_w = 9, .box_h = 15, .ofs_x = 0, .ofs_y = -3},
    {.bitmap_index = 5045, .adv_w = 70, .box_w = 3, .box_h = 3, .ofs_x = 1, .ofs_y = 5},
    {.bitmap_index = 5050, .adv_w = 60, .box_w = 4, .box_h = 5, .ofs_x = 0, .ofs_y = -5},
    {.bitmap_index = 5060, .adv_w = 92, .box_w = 5, .box_h = 7, .ofs_x = 0, .ofs_y = 7},
    {.bitmap_index = 5078, .adv_w = 97, .box_w = 6, .box_h = 6, .ofs_x = 0, .ofs_y = 6},
    {.bitmap_index = 5096, .adv_w = 138, .box_w = 9, .box_h = 8, .ofs_x = 0, .ofs_y = 0},
    {.bitmap_index = 5132, .adv_w = 197, .box_w = 13, .box_h = 12, .ofs_x = 0, .ofs_y = 0},
    {.bitmap_index = 5210, .adv_w = 205, .box_w = 13, .box_h = 13, .ofs_x = 0, .ofs_y = -1},
    {.bitmap_index = 5295, .adv_w = 205, .box_w = 13, .box_h = 12, .ofs_x = 0, .ofs_y = 0},
    {.bitmap_index = 5373, .adv_w = 114, .box_w = 7, .box_h = 13, .ofs_x = 0, .ofs_y = -4},
    {.bitmap_index = 5419, .adv_w = 168, .box_w = 11, .box_h = 16, .ofs_x = 0, .ofs_y = 0},
    {.bitmap_index = 5507, .adv_w = 168, .box_w = 11, .box_h = 16, .ofs_x = 0, .ofs_y = 0},
    {.bitmap_index = 5595, .adv_w = 168, .box_w = 11, .box_h = 16, .ofs_x = 0, .ofs_y = 0},
    {.bitmap_index = 5683, .adv_w = 168, .box_w = 11, .box_h = 16, .ofs_x = 0, .ofs_y = 0},
    {.bitmap_index = 5771, .adv_w = 168, .box_w = 11, .box_h = 15, .ofs_x = 0, .ofs_y = 0},
    {.bitmap_index = 5854, .adv_w = 168, .box_w = 11, .box_h = 14, .ofs_x = 0, .ofs_y = 0},
    {.bitmap_index = 5931, .adv_w = 231, .box_w = 15, .box_h = 12, .ofs_x = -1, .ofs_y = 0},
    {.bitmap_index = 6021, .adv_w = 163, .box_w = 10, .box_h = 16, .ofs_x = 0, .ofs_y = -4},
    {.bitmap_index = 6101, .adv_w = 143, .box_w = 7, .box_h = 16, .ofs_x = 1, .ofs_y = 0},
    {.bitmap_index = 6157, .adv_w = 143, .box_w = 7, .box_h = 16, .ofs_x = 1, .ofs_y = 0},
    {.bitmap_index = 6213, .adv_w = 143, .box_w = 7, .box_h = 16, .ofs_x = 1, .ofs_y = 0},
    {.bitmap_index = 6269, .adv_w = 143, .box_w = 7, .box_h = 15, .ofs_x = 1, .ofs_y = 0},
    {.bitmap_index = 6322, .adv_w = 91, .box_w = 6, .box_h = 16, .ofs_x = 0, .ofs_y = 0},
    {.bitmap_index = 6370, .adv_w = 91, .box_w = 6, .box_h = 16, .ofs_x = 0, .ofs_y = 0},
    {.bitmap_index = 6418, .adv_w = 91, .box_w = 7, .box_h = 16, .ofs_x = -1, .ofs_y = 0},
    {.bitmap_index = 6474, .adv_w = 91, .box_w = 6, .box_h = 15, .ofs_x = 0, .ofs_y = 0},
    {.bitmap_index = 6519, .adv_w = 187, .box_w = 11, .box_h = 12, .ofs_x = 0, .ofs_y = 0},
    {.bitmap_index = 6585, .adv_w = 198, .box_w = 10, .box_h = 16, .ofs_x = 1, .ofs_y = 0},
    {.bitmap_index = 6665, .adv_w = 201, .box_w = 12, .box_h = 16, .ofs_x = 0, .ofs_y = 0},
    {.bitmap_index = 6761, .adv_w = 201, .box_w = 12, .box_h = 16, .ofs_x = 0, .ofs_y = 0},
    {.bitmap_index = 6857, .adv_w = 201, .box_w = 12, .box_h = 16, .ofs_x = 0, .ofs_y = 0},
    {.bitmap_index = 6953, .adv_w = 201, .box_w = 12, .box_h = 16, .ofs_x = 0, .ofs_y = 0},
    {.bitmap_index = 7049, .adv_w = 201, .box_w = 12, .box_h = 15, .ofs_x = 0, .ofs_y = 0},
    {.bitmap_index = 7139, .adv_w = 146, .box_w = 8, .box_h = 8, .ofs_x = 1, .ofs_y = 2},
    {.bitmap_index = 7171, .adv_w = 201, .box_w = 12, .box_h = 14, .ofs_x = 0, .ofs_y = -1},
    {.bitmap_index = 7255, .adv_w = 189, .box_w = 10, .box_h = 16, .ofs_x = 1, .ofs_y = 0},
    {.bitmap_index = 7335, .adv_w = 189, .box_w = 10, .box_h = 16, .ofs_x = 1, .ofs_y = 0},
    {.bitmap_index = 7415, .adv_w = 189, .box_w = 10, .box_h = 16, .ofs_x = 1, .ofs_y = 0},
    {.bitmap_index = 7495, .adv_w = 189, .box_w = 10, .box_h = 15, .ofs_x = 1, .ofs_y = 0},
    {.bitmap_index = 7570, .adv_w = 150, .box_w = 10, .box_h = 16, .ofs_x = 0, .ofs_y = 0},
    {.bitmap_index = 7650, .adv_w = 157, .box_w = 9, .box_h = 12, .ofs_x = 1, .ofs_y = 0},
    {.bitmap_index = 7704, .adv_w = 167, .box_w = 9, .box_h = 12, .ofs_x = 1, .ofs_y = 0},
    {.bitmap_index = 7758, .adv_w = 146, .box_w = 8, .box_h = 12, .ofs_x = 0, .ofs_y = 0},
    {.bitmap_index = 7806, .adv_w = 146, .box_w = 8, .box_h = 12, .ofs_x = 0, .ofs_y = 0},
    {.bitmap_index = 7854, .adv_w = 146, .box_w = 8, .box_h = 12, .ofs_x = 0, .ofs_y = 0},
    {.bitmap_index = 7902, .adv_w = 146, .box_w = 8, .box_h = 12, .ofs_x = 0, .ofs_y = 0},
    {.bitmap_index = 7950, .adv_w = 146, .box_w = 8, .box_h = 12, .ofs_x = 0, .ofs_y = 0},
    {.bitmap_index = 7998, .adv_w = 146, .box_w = 8, .box_h = 14, .ofs_x = 0, .ofs_y = 0},
    {.bitmap_index = 8054, .adv_w = 225, .box_w = 14, .box_h = 9, .ofs_x = 0, .ofs_y = 0},
    {.bitmap_index = 8117, .adv_w = 126, .box_w = 8, .box_h = 13, .ofs_x = 0, .ofs_y = -4},
    {.bitmap_index = 8169, .adv_w = 147, .box_w = 9, .box_h = 12, .ofs_x = 0, .ofs_y = 0},
    {.bitmap_index = 8223, .adv_w = 147, .box_w = 9, .box_h = 12, .ofs_x = 0, .ofs_y = 0},
    {.bitmap_index = 8277, .adv_w = 147, .box_w = 9, .box_h = 12, .ofs_x = 0, .ofs_y = 0},
    {.bitmap_index = 8331, .adv_w = 147, .box_w = 9, .box_h = 12, .ofs_x = 0, .ofs_y = 0},
    {.bitmap_index = 8385, .adv_w = 69, .box_w = 5, .box_h = 12, .ofs_x = -1, .ofs_y = 0},
    {.bitmap_index = 8415, .adv_w = 69, .box_w = 4, .box_h = 12, .ofs_x = 1, .ofs_y = 0},
    {.bitmap_index = 8439, .adv_w = 69, .box_w = 7, .box_h = 12, .ofs_x = -1, .ofs_y = 0},
    {.bitmap_index = 8481, .adv_w = 69, .box_w = 6, .box_h = 12, .ofs_x = -1, .ofs_y = 0},
    {.bitmap_index = 8517, .adv_w = 156, .box_w = 9, .box_h = 13, .ofs_x = 0, .ofs_y = 0},
    {.bitmap_index = 8576, .adv_w = 161, .box_w = 8, .box_h = 12, .ofs_x = 1, .ofs_y = 0},
    {.bitmap_index = 8624, .adv_w = 156, .box_w = 9, .box_h = 12, .ofs_x = 0, .ofs_y = 0},
    {.bitmap_index = 8678, .adv_w = 156, .box_w = 9, .box_h = 12, .ofs_x = 0, .ofs_y = 0},
    {.bitmap_index = 8732, .adv_w = 156, .box_w = 9, .box_h = 12, .ofs_x = 0, .ofs_y = 0},
    {.bitmap_index = 8786, .adv_w = 156, .box_w = 9, .box_h = 12, .ofs_x = 0, .ofs_y = 0},
    {.bitmap_index = 8840, .adv_w = 156, .box_w = 9, .box_h = 12, .ofs_x = 0, .ofs_y = 0},
    {.bitmap_index = 8894, .adv_w = 146, .box_w = 9, .box_h = 8, .ofs_x = 0, .ofs_y = 2},
    {.bitmap_index = 8930, .adv_w = 156, .box_w = 9, .box_h = 11, .ofs_x = 0, .ofs_y = -1},
    {.bitmap_index = 8980, .adv_w = 161, .box_w = 8, .box_h = 12, .ofs_x = 1, .ofs_y = 0},
    {.bitmap_index = 9028, .adv_w = 161, .box_w = 8, .box_h = 12, .ofs_x = 1, .ofs_y = 0},
    {.bitmap_index = 9076, .adv_w = 161, .box_w = 8, .box_h = 12, .ofs_x = 1, .ofs_y = 0},
    {.bitmap_index = 9124, .adv_w = 161, .box_w = 8, .box_h = 12, .ofs_x = 1, .ofs_y = 0},
    {.bitmap_index = 9172, .adv_w = 135, .box_w = 9, .box_h = 16, .ofs_x = 0, .ofs_y = -4},
    {.bitmap_index = 9244, .adv_w = 159, .box_w = 9, .box_h = 16, .ofs_x = 1, .ofs_y = -4},
    {.bitmap_index = 9316, .adv_w = 135, .box_w = 9, .box_h = 16, .ofs_x = 0, .ofs_y = -4},
    {.bitmap_index = 9388, .adv_w = 168, .box_w = 11, .box_h = 15, .ofs_x = 0, .ofs_y = 0},
    {.bitmap_index = 9471, .adv_w = 146, .box_w = 8, .box_h = 12, .ofs_x = 0, .ofs_y = 0},
    {.bitmap_index = 9519, .adv_w = 168, .box_w = 11, .box_h = 15, .ofs_x = 0, .ofs_y = 0},
    {.bitmap_index = 9602, .adv_w = 146, .box_w = 8, .box_h = 12, .ofs_x = 0, .ofs_y = 0},
    {.bitmap_index = 9650, .adv_w = 168, .box_w = 11, .box_h = 16, .ofs_x = 0, .ofs_y = -4},
    {.bitmap_index = 9738, .adv_w = 146, .box_w = 9, .box_h = 13, .ofs_x = 0, .ofs_y = -4},
    {.bitmap_index = 9797, .adv_w = 163, .box_w = 10, .box_h = 16, .ofs_x = 0, .ofs_y = 0},
    {.bitmap_index = 9877, .adv_w = 126, .box_w = 8, .box_h = 12, .ofs_x = 0, .ofs_y = 0},
    {.bitmap_index = 9925, .adv_w = 163, .box_w = 10, .box_h = 16, .ofs_x = 0, .ofs_y = 0},
    {.bitmap_index = 10005, .adv_w = 126, .box_w = 8, .box_h = 12, .ofs_x = 0, .ofs_y = 0},
    {.bitmap_index = 10053, .adv_w = 163, .box_w = 10, .box_h = 16, .ofs_x = 0, .ofs_y = 0},
    {.bitmap_index = 10133, .adv_w = 126, .box_w = 8, .box_h = 12, .ofs_x = 0, .ofs_y = 0},
    {.bitmap_index = 10181, .adv_w = 163, .box_w = 10, .box_h = 16, .ofs_x = 0, .ofs_y = 0},
    {.bitmap_index = 10261, .adv_w = 126, .box_w = 8, .box_h = 12, .ofs_x = 0, .ofs_y = 0},
    {.bitmap_index = 10309, .adv_w = 187, .box_w = 10, .box_h = 16, .ofs_x = 1, .ofs_y = 0},
    {.bitmap_index = 10389, .adv_w = 159, .box_w = 12, .box_h = 12, .ofs_x = 0, .ofs_y = 0},
    {.bitmap_index = 10461, .adv_w = 187, .box_w = 11, .box_h = 12, .ofs_x = 0, .ofs_y = 0},
    {.bitmap_index = 10527, .adv_w = 160, .box_w = 10, .box_h = 12, .ofs_x = 0, .ofs_y = 0},
    {.bitmap_index = 10587, .adv_w = 143, .box_w = 7, .box_h = 15, .ofs_x = 1, .ofs_y = 0},
    {.bitmap_index = 10640, .adv_w = 147, .box_w = 9, .box_h = 12, .ofs_x = 0, .ofs_y = 0},
    {.bitmap_index = 10694, .adv_w = 143, .box_w = 7, .box_h = 15, .ofs_x = 1, .ofs_y = 0},
    {.bitmap_index = 10747, .adv_w = 147, .box_w = 9, .box_h = 12, .ofs_x = 0, .ofs_y = 0},
    {.bitmap_index = 10801, .adv_w = 143, .box_w = 7, .box_h = 16, .ofs_x = 1, .ofs_y = 0},
    {.bitmap_index = 10857, .adv_w = 147, .box_w = 9, .box_h = 12, .ofs_x = 0, .ofs_y = 0},
    {.bitmap_index = 10911, .adv_w = 143, .box_w = 7, .box_h = 16, .ofs_x = 1, .ofs_y = -4},
    {.bitmap_index = 10967, .adv_w = 146, .box_w = 9, .box_h = 13, .ofs_x = 0, .ofs_y = -4},
    {.bitmap_index = 11026, .adv_w = 143, .box_w = 7, .box_h = 16, .ofs_x = 1, .ofs_y = 0},
    {.bitmap_index = 11082, .adv_w = 147, .box_w = 9, .box_h = 12, .ofs_x = 0, .ofs_y = 0},
    {.bitmap_index = 11136, .adv_w = 186, .box_w = 11, .box_h = 16, .ofs_x = 0, .ofs_y = 0},
    {.bitmap_index = 11224, .adv_w = 159, .box_w = 9, .box_h = 16, .ofs_x = 0, .ofs_y = -4},
    {.bitmap_index = 11296, .adv_w = 186, .box_w = 11, .box_h = 16, .ofs_x = 0, .ofs_y = 0},
    {.bitmap_index = 11384, .adv_w = 159, .box_w = 9, .box_h = 16, .ofs_x = 0, .ofs_y = -4},
    {.bitmap_index = 11456, .adv_w = 186, .box_w = 11, .box_h = 16, .ofs_x = 0, .ofs_y = 0},
    {.bitmap_index = 11544, .adv_w = 159, .box_w = 9, .box_h = 16, .ofs_x = 0, .ofs_y = -4},
    {.bitmap_index = 11616, .adv_w = 186, .box_w = 11, .box_h = 16, .ofs_x = 0, .ofs_y = -4},
    {.bitmap_index = 11704, .adv_w = 159, .box_w = 9, .box_h = 16, .ofs_x = 0, .ofs_y = -4},
    {.bitmap_index = 11776, .adv_w = 191, .box_w = 10, .box_h = 16, .ofs_x = 1, .ofs_y = 0},
    {.bitmap_index = 11856, .adv_w = 161, .box_w = 10, .box_h = 16, .ofs_x = -1, .ofs_y = 0},
    {.bitmap_index = 11936, .adv_w = 191, .box_w = 12, .box_h = 12, .ofs_x = 0, .ofs_y = 0},
    {.bitmap_index = 12008, .adv_w = 161, .box_w = 9, .box_h = 12, .ofs_x = 0, .ofs_y = 0},
    {.bitmap_index = 12062, .adv_w = 91, .box_w = 7, .box_h = 16, .ofs_x = -1, .ofs_y = 0},
    {.bitmap_index = 12118, .adv_w = 69, .box_w = 7, .box_h = 12, .ofs_x = -1, .ofs_y = 0},
    {.bitmap_index = 12160, .adv_w = 91, .box_w = 6, .box_h = 15, .ofs_x = 0, .ofs_y = 0},
    {.bitmap_index = 12205, .adv_w = 69, .box_w = 6, .box_h = 12, .ofs_x = -1, .ofs_y = 0},
    {.bitmap_index = 12241, .adv_w = 91, .box_w = 6, .box_h = 15, .ofs_x = 0, .ofs_y = 0},
    {.bitmap_index = 12286, .adv_w = 69, .box_w = 6, .box_h = 12, .ofs_x = -1, .ofs_y = 0},
    {.bitmap_index = 12322, .adv_w = 91, .box_w = 6, .box_h = 16, .ofs_x = 0, .ofs_y = -4},
    {.bitmap_index = 12370, .adv_w = 69, .box_w = 4, .box_h = 16, .ofs_x = 0, .ofs_y = -4},
    {.bitmap_index = 12402, .adv_w = 91, .box_w = 6, .box_h = 16, .ofs_x = 0, .ofs_y = 0},
    {.bitmap_index = 12450, .adv_w = 69, .box_w = 3, .box_h = 9, .ofs_x = 1, .ofs_y = 0},
    {.bitmap_index = 12464, .adv_w = 165, .box_w = 9, .box_h = 15, .ofs_x = 0, .ofs_y = -3},
    {.bitmap_index = 12532, .adv_w = 139, .box_w = 7, .box_h = 16, .ofs_x = 1, .ofs_y = -4},
    {.bitmap_index = 12588, .adv_w = 74, .box_w = 8, .box_h = 19, .ofs_x = -2, .ofs_y = -3},
    {.bitmap_index = 12664, .adv_w = 69, .box_w = 7, .box_h = 16, .ofs_x = -1, .ofs_y = -4},
    {.bitmap_index = 12720, .adv_w = 162, .box_w = 10, .box_h = 16, .ofs_x = 1, .ofs_y = -4},
    {.bitmap_index = 12800, .adv_w = 143, .box_w = 8, .box_h = 16, .ofs_x = 1, .ofs_y = -4},
    {.bitmap_index = 12864, .adv_w = 143, .box_w = 8, .box_h = 9, .ofs_x = 1, .ofs_y = 0},
    {.bitmap_index = 12900, .adv_w = 137, .box_w = 8, .box_h = 16, .ofs_x = 1, .ofs_y = 0},
    {.bitmap_index = 12964, .adv_w = 69, .box_w = 4, .box_h = 16, .ofs_x = 1, .ofs_y = 0},
    {.bitmap_index = 12996, .adv_w = 137, .box_w = 8, .box_h = 16, .ofs_x = 1, .ofs_y = -4},
    {.bitmap_index = 13060, .adv_w = 69, .box_w = 3, .box_h = 16, .ofs_x = 1, .ofs_y = -4},
    {.bitmap_index = 13084, .adv_w = 137, .box_w = 8, .box_h = 12, .ofs_x = 1, .ofs_y = 0},
    {.bitmap_index = 13132, .adv_w = 69, .box_w = 5, .box_h = 12, .ofs_x = 1, .ofs_y = 0},
    {.bitmap_index = 13162, .adv_w = 137, .box_w = 8, .box_h = 12, .ofs_x = 1, .ofs_y = 0},
    {.bitmap_index = 13210, .adv_w = 76, .box_w = 5, .box_h = 12, .ofs_x = 1, .ofs_y = 0},
    {.bitmap_index = 13240, .adv_w = 137, .box_w = 9, .box_h = 12, .ofs_x = 0, .ofs_y = 0},
    {.bitmap_index = 13294, .adv_w = 70, .box_w = 6, .box_h = 12, .ofs_x = -1, .ofs_y = 0},
    {.bitmap_index = 13330, .adv_w = 198, .box_w = 10, .box_h = 16, .ofs_x = 1, .ofs_y = 0},
    {.bitmap_index = 13410, .adv_w = 161, .box_w = 8, .box_h = 12, .ofs_x = 1, .ofs_y = 0},
    {.bitmap_index = 13458, .adv_w = 198, .box_w = 10, .box_h = 16, .ofs_x = 1, .ofs_y = -4},
    {.bitmap_index = 13538, .adv_w = 161, .box_w = 8, .box_h = 13, .ofs_x = 1, .ofs_y = -4},
    {.bitmap_index = 13590, .adv_w = 198, .box_w = 10, .box_h = 16, .ofs_x = 1, .ofs_y = 0},
    {.bitmap_index = 13670, .adv_w = 161, .box_w = 8, .box_h = 12, .ofs_x = 1, .ofs_y = 0},
    {.bitmap_index = 13718, .adv_w = 183, .box_w = 11, .box_h = 12, .ofs_x = 0, .ofs_y = 0},
    {.bitmap_index = 13784, .adv_w = 199, .box_w = 10, .box_h = 15, .ofs_x = 1, .ofs_y = -3},
    {.bitmap_index = 13859, .adv_w = 161, .box_w = 8, .box_h = 13, .ofs_x = 1, .ofs_y = -4},
    {.bitmap_index = 13911, .adv_w = 201, .box_w = 12, .box_h = 15, .ofs_x = 0, .ofs_y = 0},
    {.bitmap_index = 14001, .adv_w = 156, .box_w = 9, .box_h = 12, .ofs_x = 0, .ofs_y = 0},
    {.bitmap_index = 14055, .adv_w = 201, .box_w = 12, .box_h = 16, .ofs_x = 0, .ofs_y = 0},
    {.bitmap_index = 14151, .adv_w = 156, .box_w = 9, .box_h = 12, .ofs_x = 0, .ofs_y = 0},
    {.bitmap_index = 14205, .adv_w = 201, .box_w = 12, .box_h = 16, .ofs_x = 0, .ofs_y = 0},
    {.bitmap_index = 14301, .adv_w = 156, .box_w = 9, .box_h = 12, .ofs_x = 0, .ofs_y = 0},
    {.bitmap_index = 14355, .adv_w = 241, .box_w = 15, .box_h = 12, .ofs_x = 0, .ofs_y = 0},
    {.bitmap_index = 14445, .adv_w = 244, .box_w = 15, .box_h = 9, .ofs_x = 0, .ofs_y = 0},
    {.bitmap_index = 14513, .adv_w = 162, .box_w = 9, .box_h = 16, .ofs_x = 1, .ofs_y = 0},
    {.bitmap_index = 14585, .adv_w = 108, .box_w = 6, .box_h = 12, .ofs_x = 1, .ofs_y = 0},
    {.bitmap_index = 14621, .adv_w = 162, .box_w = 9, .box_h = 16, .ofs_x = 1, .ofs_y = -4},
    {.bitmap_index = 14693, .adv_w = 108, .box_w = 6, .box_h = 13, .ofs_x = 1, .ofs_y = -4},
    {.bitmap_index = 14732, .adv_w = 162, .box_w = 9, .box_h = 16, .ofs_x = 1, .ofs_y = 0},
    {.bitmap_index = 14804, .adv_w = 108, .box_w = 6, .box_h = 12, .ofs_x = 1, .ofs_y = 0},
    {.bitmap_index = 14840, .adv_w = 141, .box_w = 9, .box_h = 16, .ofs_x = 0, .ofs_y = 0},
    {.bitmap_index = 14912, .adv_w = 124, .box_w = 8, .box_h = 12, .ofs_x = 0, .ofs_y = 0},
    {.bitmap_index = 14960, .adv_w = 141, .box_w = 9, .box_h = 16, .ofs_x = 0, .ofs_y = 0},
    {.bitmap_index = 15032, .adv_w = 124, .box_w = 8, .box_h = 12, .ofs_x = 0, .ofs_y = 0},
    {.bitmap_index = 15080, .adv_w = 141, .box_w = 9, .box_h = 16, .ofs_x = 0, .ofs_y = -4},
    {.bitmap_index = 15152, .adv_w = 124, .box_w = 8, .box_h = 13, .ofs_x = 0, .ofs_y = -4},
    {.bitmap_index = 15204, .adv_w = 141, .box_w = 9, .box_h = 16, .ofs_x = 0, .ofs_y = 0},
    {.bitmap_index = 15276, .adv_w = 124, .box_w = 8, .box_h = 12, .ofs_x = 0, .ofs_y = 0},
    {.bitmap_index = 15324, .adv_w = 144, .box_w = 9, .box_h = 16, .ofs_x = 0, .ofs_y = -4},
    {.bitmap_index = 15396, .adv_w = 98, .box_w = 6, .box_h = 15, .ofs_x = 0, .ofs_y = -4},
    {.bitmap_index = 15441, .adv_w = 144, .box_w = 9, .box_h = 16, .ofs_x = 0, .ofs_y = 0},
    {.bitmap_index = 15513, .adv_w = 98, .box_w = 8, .box_h = 12, .ofs_x = 0, .ofs_y = 0},
    {.bitmap_index = 15561, .adv_w = 144, .box_w = 9, .box_h = 12, .ofs_x = 0, .ofs_y = 0},
    {.bitmap_index = 15615, .adv_w = 98, .box_w = 6, .box_h = 11, .ofs_x = 0, .ofs_y = 0},
    {.bitmap_index = 15648, .adv_w = 189, .box_w = 10, .box_h = 16, .ofs_x = 1, .ofs_y = 0},
    {.bitmap_index = 15728, .adv_w = 161, .box_w = 8, .box_h = 12, .ofs_x = 1, .ofs_y = 0},
    {.bitmap_index = 15776, .adv_w = 189, .box_w = 10, .box_h = 15, .ofs_x = 1, .ofs_y = 0},
    {.bitmap_index = 15851, .adv_w = 161, .box_w = 8, .box_h = 12, .ofs_x = 1, .ofs_y = 0},
    {.bitmap_index = 15899, .adv_w = 189, .box_w = 10, .box_h = 16, .ofs_x = 1, .ofs_y = 0},
    {.bitmap_index = 15979, .adv_w = 161, .box_w = 8, .box_h = 12, .ofs_x = 1, .ofs_y = 0},
    {.bitmap_index = 16027, .adv_w = 189, .box_w = 10, .box_h = 17, .ofs_x = 1, .ofs_y = 0},
    {.bitmap_index = 16112, .adv_w = 161, .box_w = 8, .box_h = 14, .ofs_x = 1, .ofs_y = 0},
    {.bitmap_index = 16168, .adv_w = 189, .box_w = 10, .box_h = 16, .ofs_x = 1, .ofs_y = 0},
    {.bitmap_index = 16248, .adv_w = 161, .box_w = 8, .box_h = 12, .ofs_x = 1, .ofs_y = 0},
    {.bitmap_index = 16296, .adv_w = 189, .box_w = 10, .box_h = 16, .ofs_x = 1, .ofs_y = -4},
    {.bitmap_index = 16376, .adv_w = 161, .box_w = 8, .box_h = 13, .ofs_x = 1, .ofs_y = -4},
    {.bitmap_index = 16428, .adv_w = 241, .box_w = 15, .box_h = 16, .ofs_x = 0, .ofs_y = 0},
    {.bitmap_index = 16548, .adv_w = 207, .box_w = 13, .box_h = 12, .ofs_x = 0, .ofs_y = 0},
    {.bitmap_index = 16626, .adv_w = 150, .box_w = 10, .box_h = 16, .ofs_x = 0, .ofs_y = 0},
    {.bitmap_index = 16706, .adv_w = 135, .box_w = 9, .box_h = 16, .ofs_x = 0, .ofs_y = -4},
    {.bitmap_index = 16778, .adv_w = 150, .box_w = 10, .box_h = 15, .ofs_x = 0, .ofs_y = 0},
    {.bitmap_index = 16853, .adv_w = 147, .box_w = 9, .box_h = 16, .ofs_x = 0, .ofs_y = 0},
    {.bitmap_index = 16925, .adv_w = 122, .box_w = 8, .box_h = 12, .ofs_x = 0, .ofs_y = 0},
    {.bitmap_index = 16973, .adv_w = 147, .box_w = 9, .box_h = 16, .ofs_x = 0, .ofs_y = 0},
    {.bitmap_index = 17045, .adv_w = 122, .box_w = 8, .box_h = 12, .ofs_x = 0, .ofs_y = 0},
    {.bitmap_index = 17093, .adv_w = 147, .box_w = 9, .box_h = 16, .ofs_x = 0, .ofs_y = 0},
    {.bitmap_index = 17165, .adv_w = 122, .box_w = 8, .box_h = 12, .ofs_x = 0, .ofs_y = 0},
    {.bitmap_index = 17213, .adv_w = 88, .box_w = 5, .box_h = 12, .ofs_x = 1, .ofs_y = 0},
    {.bitmap_index = 17243, .adv_w = 159, .box_w = 10, .box_h = 12, .ofs_x = 0, .ofs_y = 0},
    {.bitmap_index = 17303, .adv_w = 191, .box_w = 12, .box_h = 12, .ofs_x = 0, .ofs_y = 0},
    {.bitmap_index = 17375, .adv_w = 159, .box_w = 9, .box_h = 12, .ofs_x = 1, .ofs_y = 0},
    {.bitmap_index = 17429, .adv_w = 159, .box_w = 9, .box_h = 12, .ofs_x = 1, .ofs_y = 0},
    {.bitmap_index = 17483, .adv_w = 165, .box_w = 9, .box_h = 12, .ofs_x = 1, .ofs_y = 0},
    {.bitmap_index = 17537, .adv_w = 158, .box_w = 9, .box_h = 12, .ofs_x = 1, .ofs_y = 0},
    {.bitmap_index = 17591, .adv_w = 163, .box_w = 10, .box_h = 12, .ofs_x = 0, .ofs_y = 0},
    {.bitmap_index = 17651, .adv_w = 162, .box_w = 12, .box_h = 15, .ofs_x = 0, .ofs_y = 0},
    {.bitmap_index = 17741, .adv_w = 130, .box_w = 9, .box_h = 12, .ofs_x = 0, .ofs_y = 0},
    {.bitmap_index = 17795, .adv_w = 187, .box_w = 11, .box_h = 12, .ofs_x = 0, .ofs_y = 0},
    {.bitmap_index = 17861, .adv_w = 211, .box_w = 13, .box_h = 12, .ofs_x = 0, .ofs_y = 0},
    {.bitmap_index = 17939, .adv_w = 159, .box_w = 9, .box_h = 12, .ofs_x = 0, .ofs_y = 0},
    {.bitmap_index = 17993, .adv_w = 159, .box_w = 9, .box_h = 12, .ofs_x = 0, .ofs_y = 0},
    {.bitmap_index = 18047, .adv_w = 156, .box_w = 9, .box_h = 13, .ofs_x = 1, .ofs_y = -4},
    {.bitmap_index = 18106, .adv_w = 143, .box_w = 8, .box_h = 12, .ofs_x = 0, .ofs_y = 0},
    {.bitmap_index = 18154, .adv_w = 195, .box_w = 11, .box_h = 12, .ofs_x = 1, .ofs_y = 0},
    {.bitmap_index = 18220, .adv_w = 155, .box_w = 10, .box_h = 12, .ofs_x = 0, .ofs_y = 0},
    {.bitmap_index = 18280, .adv_w = 158, .box_w = 11, .box_h = 16, .ofs_x = -1, .ofs_y = -4},
    {.bitmap_index = 18368, .adv_w = 114, .box_w = 9, .box_h = 16, .ofs_x = -1, .ofs_y = -4},
    {.bitmap_index = 18440, .adv_w = 186, .box_w = 12, .box_h = 15, .ofs_x = 0, .ofs_y = 0},
    {.bitmap_index = 18530, .adv_w = 152, .box_w = 10, .box_h = 16, .ofs_x = 0, .ofs_y = -4},
    {.bitmap_index = 18610, .adv_w = 243, .box_w = 13, .box_h = 12, .ofs_x = 1, .ofs_y = 0},
    {.bitmap_index = 18688, .adv_w = 93, .box_w = 5, .box_h = 12, .ofs_x = 1, .ofs_y = 0},
    {.bitmap_index = 18718, .adv_w = 91, .box_w = 6, .box_h = 12, .ofs_x = 0, .ofs_y = 0},
    {.bitmap_index = 18754, .adv_w = 162, .box_w = 10, .box_h = 12, .ofs_x = 1, .ofs_y = 0},
    {.bitmap_index = 18814, .adv_w = 143, .box_w = 8, .box_h = 12, .ofs_x = 1, .ofs_y = 0},
    {.bitmap_index = 18862, .adv_w = 71, .box_w = 5, .box_h = 12, .ofs_x = 0, .ofs_y = 0},
    {.bitmap_index = 18892, .adv_w = 144, .box_w = 10, .box_h = 12, .ofs_x = -1, .ofs_y = 0},
    {.bitmap_index = 18952, .adv_w = 264, .box_w = 14, .box_h = 12, .ofs_x = 1, .ofs_y = 0},
    {.bitmap_index = 19036, .adv_w = 199, .box_w = 12, .box_h = 16, .ofs_x = -1, .ofs_y = -4},
    {.bitmap_index = 19132, .adv_w = 161, .box_w = 8, .box_h = 13, .ofs_x = 1, .ofs_y = -4},
    {.bitmap_index = 19184, .adv_w = 201, .box_w = 12, .box_h = 12, .ofs_x = 0, .ofs_y = 0},
    {.bitmap_index = 19256, .adv_w = 204, .box_w = 14, .box_h = 12, .ofs_x = 0, .ofs_y = 0},
    {.bitmap_index = 19340, .adv_w = 163, .box_w = 11, .box_h = 11, .ofs_x = 0, .ofs_y = 0},
    {.bitmap_index = 19401, .adv_w = 279, .box_w = 17, .box_h = 12, .ofs_x = 0, .ofs_y = 0},
    {.bitmap_index = 19503, .adv_w = 223, .box_w = 13, .box_h = 13, .ofs_x = 0, .ofs_y = -4},
    {.bitmap_index = 19588, .adv_w = 180, .box_w = 11, .box_h = 12, .ofs_x = 0, .ofs_y = 0},
    {.bitmap_index = 19654, .adv_w = 159, .box_w = 9, .box_h = 16, .ofs_x = 1, .ofs_y = -4},
    {.bitmap_index = 19726, .adv_w = 162, .box_w = 9, .box_h = 14, .ofs_x = 1, .ofs_y = -2},
    {.bitmap_index = 19789, .adv_w = 141, .box_w = 9, .box_h = 12, .ofs_x = 0, .ofs_y = 0},
    {.bitmap_index = 19843, .adv_w = 124, .box_w = 7, .box_h = 9, .ofs_x = 0, .ofs_y = 0},
    {.bitmap_index = 19875, .adv_w = 147, .box_w = 9, .box_h = 12, .ofs_x = 0, .ofs_y = 0},
    {.bitmap_index = 19929, .adv_w = 96, .box_w = 8, .box_h = 16, .ofs_x = -1, .ofs_y = -4},
    {.bitmap_index = 19993, .adv_w = 98, .box_w = 6, .box_h = 15, .ofs_x = 0, .ofs_y = -4},
    {.bitmap_index = 20038, .adv_w = 151, .box_w = 10, .box_h = 12, .ofs_x = 0, .ofs_y = 0},
    {.bitmap_index = 20098, .adv_w = 98, .box_w = 6, .box_h = 12, .ofs_x = 0, .ofs_y = 0},
    {.bitmap_index = 20134, .adv_w = 144, .box_w = 9, .box_h = 16, .ofs_x = 0, .ofs_y = -4},
    {.bitmap_index = 20206, .adv_w = 208, .box_w = 13, .box_h = 12, .ofs_x = 1, .ofs_y = 0},
    {.bitmap_index = 20284, .adv_w = 179, .box_w = 11, .box_h = 10, .ofs_x = 1, .ofs_y = 0},
    {.bitmap_index = 20339, .adv_w = 201, .box_w = 12, .box_h = 12, .ofs_x = 0, .ofs_y = 0},
    {.bitmap_index = 20411, .adv_w = 189, .box_w = 10, .box_h = 12, .ofs_x = 1, .ofs_y = 0},
    {.bitmap_index = 20471, .adv_w = 152, .box_w = 10, .box_h = 12, .ofs_x = 0, .ofs_y = 0},
    {.bitmap_index = 20531, .adv_w = 145, .box_w = 10, .box_h = 13, .ofs_x = 0, .ofs_y = -4},
    {.bitmap_index = 20596, .adv_w = 147, .box_w = 9, .box_h = 12, .ofs_x = 0, .ofs_y = 0},
    {.bitmap_index = 20650, .adv_w = 122, .box_w = 8, .box_h = 9, .ofs_x = 0, .ofs_y = 0},
    {.bitmap_index = 20686, .adv_w = 150, .box_w = 9, .box_h = 12, .ofs_x = 0, .ofs_y = 0},
    {.bitmap_index = 20740, .adv_w = 150, .box_w = 9, .box_h = 12, .ofs_x = 0, .ofs_y = 0},
    {.bitmap_index = 20794, .adv_w = 134, .box_w = 9, .box_h = 13, .ofs_x = 0, .ofs_y = -4},
    {.bitmap_index = 20853, .adv_w = 134, .box_w = 8, .box_h = 13, .ofs_x = 0, .ofs_y = -4},
    {.bitmap_index = 20905, .adv_w = 146, .box_w = 9, .box_h = 12, .ofs_x = 0, .ofs_y = 0},
    {.bitmap_index = 20959, .adv_w = 149, .box_w = 9, .box_h = 12, .ofs_x = 0, .ofs_y = 0},
    {.bitmap_index = 21013, .adv_w = 130, .box_w = 8, .box_h = 9, .ofs_x = 0, .ofs_y = 0},
    {.bitmap_index = 21049, .adv_w = 121, .box_w = 7, .box_h = 11, .ofs_x = 0, .ofs_y = 0},
    {.bitmap_index = 21088, .adv_w = 153, .box_w = 8, .box_h = 13, .ofs_x = 1, .ofs_y = -4},
    {.bitmap_index = 21140, .adv_w = 83, .box_w = 3, .box_h = 12, .ofs_x = 1, .ofs_y = 0},
    {.bitmap_index = 21158, .adv_w = 142, .box_w = 6, .box_h = 12, .ofs_x = 1, .ofs_y = 0},
    {.bitmap_index = 21194, .adv_w = 132, .box_w = 8, .box_h = 12, .ofs_x = 0, .ofs_y = 0},
    {.bitmap_index = 21242, .adv_w = 70, .box_w = 3, .box_h = 12, .ofs_x = 1, .ofs_y = 0},
    {.bitmap_index = 21260, .adv_w = 332, .box_w = 20, .box_h = 16, .ofs_x = 1, .ofs_y = 0},
    {.bitmap_index = 21420, .adv_w = 309, .box_w = 18, .box_h = 12, .ofs_x = 1, .ofs_y = 0},
    {.bitmap_index = 21528, .adv_w = 281, .box_w = 17, .box_h = 12, .ofs_x = 0, .ofs_y = 0},
    {.bitmap_index = 21630, .adv_w = 211, .box_w = 11, .box_h = 15, .ofs_x = 1, .ofs_y = -3},
    {.bitmap_index = 21713, .adv_w = 207, .box_w = 11, .box_h = 16, .ofs_x = 1, .ofs_y = -4},
    {.bitmap_index = 21801, .adv_w = 139, .box_w = 7, .box_h = 16, .ofs_x = 1, .ofs_y = -4},
    {.bitmap_index = 21857, .adv_w = 273, .box_w = 15, .box_h = 15, .ofs_x = 1, .ofs_y = -3},
    {.bitmap_index = 21970, .adv_w = 268, .box_w = 15, .box_h = 16, .ofs_x = 1, .ofs_y = -4},
    {.bitmap_index = 22090, .adv_w = 231, .box_w = 13, .box_h = 16, .ofs_x = 1, .ofs_y = -4},
    {.bitmap_index = 22194, .adv_w = 168, .box_w = 11, .box_h = 16, .ofs_x = 0, .ofs_y = 0},
    {.bitmap_index = 22282, .adv_w = 146, .box_w = 8, .box_h = 12, .ofs_x = 0, .ofs_y = 0},
    {.bitmap_index = 22330, .adv_w = 91, .box_w = 7, .box_h = 16, .ofs_x = -1, .ofs_y = 0},
    {.bitmap_index = 22386, .adv_w = 69, .box_w = 7, .box_h = 12, .ofs_x = -1, .ofs_y = 0},
    {.bitmap_index = 22428, .adv_w = 201, .box_w = 12, .box_h = 16, .ofs_x = 0, .ofs_y = 0},
    {.bitmap_index = 22524, .adv_w = 156, .box_w = 9, .box_h = 12, .ofs_x = 0, .ofs_y = 0},
    {.bitmap_index = 22578, .adv_w = 189, .box_w = 10, .box_h = 16, .ofs_x = 1, .ofs_y = 0},
    {.bitmap_index = 22658, .adv_w = 161, .box_w = 8, .box_h = 12, .ofs_x = 1, .ofs_y = 0},
    {.bitmap_index = 22706, .adv_w = 189, .box_w = 10, .box_h = 18, .ofs_x = 1, .ofs_y = 0},
    {.bitmap_index = 22796, .adv_w = 161, .box_w = 8, .box_h = 15, .ofs_x = 1, .ofs_y = 0},
    {.bitmap_index = 22856, .adv_w = 189, .box_w = 10, .box_h = 18, .ofs_x = 1, .ofs_y = 0},
    {.bitmap_index = 22946, .adv_w = 161, .box_w = 8, .box_h = 15, .ofs_x = 1, .ofs_y = 0},
    {.bitmap_index = 23006, .adv_w = 189, .box_w = 10, .box_h = 18, .ofs_x = 1, .ofs_y = 0},
    {.bitmap_index = 23096, .adv_w = 161, .box_w = 8, .box_h = 15, .ofs_x = 1, .ofs_y = 0},
    {.bitmap_index = 23156, .adv_w = 189, .box_w = 10, .box_h = 18, .ofs_x = 1, .ofs_y = 0},
    {.bitmap_index = 23246, .adv_w = 161, .box_w = 8, .box_h = 15, .ofs_x = 1, .ofs_y = 0},
    {.bitmap_index = 23306, .adv_w = 147, .box_w = 9, .box_h = 9, .ofs_x = 0, .ofs_y = 0},
    {.bitmap_index = 23347, .adv_w = 168, .box_w = 11, .box_h = 18, .ofs_x = 0, .ofs_y = 0},
    {.bitmap_index = 23446, .adv_w = 146, .box_w = 8, .box_h = 15, .ofs_x = 0, .ofs_y = 0},
    {.bitmap_index = 23506, .adv_w = 168, .box_w = 11, .box_h = 17, .ofs_x = 0, .ofs_y = 0},
    {.bitmap_index = 23600, .adv_w = 146, .box_w = 8, .box_h = 15, .ofs_x = 0, .ofs_y = 0},
    {.bitmap_index = 23660, .adv_w = 231, .box_w = 15, .box_h = 15, .ofs_x = -1, .ofs_y = 0},
    {.bitmap_index = 23773, .adv_w = 225, .box_w = 14, .box_h = 12, .ofs_x = 0, .ofs_y = 0},
    {.bitmap_index = 23857, .adv_w = 186, .box_w = 12, .box_h = 12, .ofs_x = 0, .ofs_y = 0},
    {.bitmap_index = 23929, .adv_w = 159, .box_w = 10, .box_h = 13, .ofs_x = 0, .ofs_y = -4},
    {.bitmap_index = 23994, .adv_w = 186, .box_w = 11, .box_h = 16, .ofs_x = 0, .ofs_y = 0},
    {.bitmap_index = 24082, .adv_w = 159, .box_w = 9, .box_h = 16, .ofs_x = 0, .ofs_y = -4},
    {.bitmap_index = 24154, .adv_w = 162, .box_w = 10, .box_h = 16, .ofs_x = 1, .ofs_y = 0},
    {.bitmap_index = 24234, .adv_w = 143, .box_w = 10, .box_h = 16, .ofs_x = -1, .ofs_y = 0},
    {.bitmap_index = 24314, .adv_w = 201, .box_w = 12, .box_h = 16, .ofs_x = 0, .ofs_y = -4},
    {.bitmap_index = 24410, .adv_w = 156, .box_w = 9, .box_h = 13, .ofs_x = 0, .ofs_y = -4},
    {.bitmap_index = 24469, .adv_w = 201, .box_w = 12, .box_h = 19, .ofs_x = 0, .ofs_y = -4},
    {.bitmap_index = 24583, .adv_w = 156, .box_w = 9, .box_h = 16, .ofs_x = 0, .ofs_y = -4},
    {.bitmap_index = 24655, .adv_w = 150, .box_w = 9, .box_h = 16, .ofs_x = 0, .ofs_y = 0},
    {.bitmap_index = 24727, .adv_w = 134, .box_w = 8, .box_h = 16, .ofs_x = 0, .ofs_y = -4},
    {.bitmap_index = 24791, .adv_w = 69, .box_w = 7, .box_h = 16, .ofs_x = -1, .ofs_y = -4},
    {.bitmap_index = 24847, .adv_w = 332, .box_w = 20, .box_h = 12, .ofs_x = 1, .ofs_y = 0},
    {.bitmap_index = 24967, .adv_w = 309, .box_w = 18, .box_h = 12, .ofs_x = 1, .ofs_y = 0},
    {.bitmap_index = 25075, .adv_w = 281, .box_w = 17, .box_h = 12, .ofs_x = 0, .ofs_y = 0},
    {.bitmap_index = 25177, .adv_w = 186, .box_w = 11, .box_h = 16, .ofs_x = 0, .ofs_y = 0},
    {.bitmap_index = 25265, .adv_w = 159, .box_w = 9, .box_h = 16, .ofs_x = 0, .ofs_y = -4},
    {.bitmap_index = 25337, .adv_w = 248, .box_w = 14, .box_h = 12, .ofs_x = 1, .ofs_y = 0},
    {.bitmap_index = 25421, .adv_w = 170, .box_w = 9, .box_h = 16, .ofs_x = 1, .ofs_y = -4},
    {.bitmap_index = 25493, .adv_w = 198, .box_w = 10, .box_h = 16, .ofs_x = 1, .ofs_y = 0},
    {.bitmap_index = 25573, .adv_w = 161, .box_w = 8, .box_h = 12, .ofs_x = 1, .ofs_y = 0},
    {.bitmap_index = 25621, .adv_w = 168, .box_w = 11, .box_h = 16, .ofs_x = 0, .ofs_y = 0},
    {.bitmap_index = 25709, .adv_w = 146, .box_w = 8, .box_h = 16, .ofs_x = 0, .ofs_y = 0},
    {.bitmap_index = 25773, .adv_w = 231, .box_w = 15, .box_h = 16, .ofs_x = -1, .ofs_y = 0},
    {.bitmap_index = 25893, .adv_w = 225, .box_w = 14, .box_h = 12, .ofs_x = 0, .ofs_y = 0},
    {.bitmap_index = 25977, .adv_w = 201, .box_w = 12, .box_h = 17, .ofs_x = 0, .ofs_y = -1},
    {.bitmap_index = 26079, .adv_w = 156, .box_w = 9, .box_h = 13, .ofs_x = 0, .ofs_y = -1},
    {.bitmap_index = 26138, .adv_w = 168, .box_w = 11, .box_h = 16, .ofs_x = 0, .ofs_y = 0},
    {.bitmap_index = 26226, .adv_w = 146, .box_w = 8, .box_h = 12, .ofs_x = 0, .ofs_y = 0},
    {.bitmap_index = 26274, .adv_w = 168, .box_w = 11, .box_h = 16, .ofs_x = 0, .ofs_y = 0},
    {.bitmap_index = 26362, .adv_w = 146, .box_w = 8, .box_h = 12, .ofs_x = 0, .ofs_y = 0},
    {.bitmap_index = 26410, .adv_w = 143, .box_w = 7, .box_h = 16, .ofs_x = 1, .ofs_y = 0},
    {.bitmap_index = 26466, .adv_w = 147, .box_w = 9, .box_h = 12, .ofs_x = 0, .ofs_y = 0},
    {.bitmap_index = 26520, .adv_w = 143, .box_w = 7, .box_h = 16, .ofs_x = 1, .ofs_y = 0},
    {.bitmap_index = 26576, .adv_w = 147, .box_w = 9, .box_h = 12, .ofs_x = 0, .ofs_y = 0},
    {.bitmap_index = 26630, .adv_w = 91, .box_w = 7, .box_h = 16, .ofs_x = -1, .ofs_y = 0},
    {.bitmap_index = 26686, .adv_w = 69, .box_w = 7, .box_h = 12, .ofs_x = -2, .ofs_y = 0},
    {.bitmap_index = 26728, .adv_w = 91, .box_w = 6, .box_h = 16, .ofs_x = 0, .ofs_y = 0},
    {.bitmap_index = 26776, .adv_w = 69, .box_w = 6, .box_h = 12, .ofs_x = -1, .ofs_y = 0},
    {.bitmap_index = 26812, .adv_w = 201, .box_w = 12, .box_h = 16, .ofs_x = 0, .ofs_y = 0},
    {.bitmap_index = 26908, .adv_w = 156, .box_w = 9, .box_h = 12, .ofs_x = 0, .ofs_y = 0},
    {.bitmap_index = 26962, .adv_w = 201, .box_w = 12, .box_h = 16, .ofs_x = 0, .ofs_y = 0},
    {.bitmap_index = 27058, .adv_w = 156, .box_w = 9, .box_h = 12, .ofs_x = 0, .ofs_y = 0},
    {.bitmap_index = 27112, .adv_w = 162, .box_w = 9, .box_h = 16, .ofs_x = 1, .ofs_y = 0},
    {.bitmap_index = 27184, .adv_w = 108, .box_w = 7, .box_h = 12, .ofs_x = 0, .ofs_y = 0},
    {.bitmap_index = 27226, .adv_w = 162, .box_w = 9, .box_h = 16, .ofs_x = 1, .ofs_y = 0},
    {.bitmap_index = 27298, .adv_w = 108, .box_w = 6, .box_h = 12, .ofs_x = 1, .ofs_y = 0},
    {.bitmap_index = 27334, .adv_w = 189, .box_w = 10, .box_h = 16, .ofs_x = 1, .ofs_y = 0},
    {.bitmap_index = 27414, .adv_w = 161, .box_w = 8, .box_h = 12, .ofs_x = 1, .ofs_y = 0},
    {.bitmap_index = 27462, .adv_w = 189, .box_w = 10, .box_h = 16, .ofs_x = 1, .ofs_y = 0},
    {.bitmap_index = 27542, .adv_w = 161, .box_w = 8, .box_h = 12, .ofs_x = 1, .ofs_y = 0},
    {.bitmap_index = 27590, .adv_w = 141, .box_w = 9, .box_h = 16, .ofs_x = 0, .ofs_y = -4},
    {.bitmap_index = 27662, .adv_w = 124, .box_w = 8, .box_h = 13, .ofs_x = 0, .ofs_y = -4},
    {.bitmap_index = 27714, .adv_w = 144, .box_w = 9, .box_h = 16, .ofs_x = 0, .ofs_y = -4},
    {.bitmap_index = 27786, .adv_w = 98, .box_w = 6, .box_h = 15, .ofs_x = 0, .ofs_y = -4},
    {.bitmap_index = 27831, .adv_w = 151, .box_w = 9, .box_h = 15, .ofs_x = 0, .ofs_y = -3},
    {.bitmap_index = 27899, .adv_w = 128, .box_w = 8, .box_h = 13, .ofs_x = 0, .ofs_y = -4},
    {.bitmap_index = 27951, .adv_w = 191, .box_w = 10, .box_h = 16, .ofs_x = 1, .ofs_y = 0},
    {.bitmap_index = 28031, .adv_w = 161, .box_w = 10, .box_h = 16, .ofs_x = -1, .ofs_y = 0},
    {.bitmap_index = 28111, .adv_w = 191, .box_w = 10, .box_h = 16, .ofs_x = 1, .ofs_y = -4},
    {.bitmap_index = 28191, .adv_w = 221, .box_w = 14, .box_h = 15, .ofs_x = 0, .ofs_y = -3},
    {.bitmap_index = 28296, .adv_w = 178, .box_w = 11, .box_h = 12, .ofs_x = 0, .ofs_y = 0},
    {.bitmap_index = 28362, .adv_w = 155, .box_w = 9, .box_h = 12, .ofs_x = 0, .ofs_y = 0},
    {.bitmap_index = 28416, .adv_w = 147, .box_w = 9, .box_h = 16, .ofs_x = 0, .ofs_y = -4},
    {.bitmap_index = 28488, .adv_w = 122, .box_w = 8, .box_h = 13, .ofs_x = 0, .ofs_y = -4},
    {.bitmap_index = 28540, .adv_w = 168, .box_w = 11, .box_h = 16, .ofs_x = 0, .ofs_y = 0},
    {.bitmap_index = 28628, .adv_w = 146, .box_w = 8, .box_h = 12, .ofs_x = 0, .ofs_y = 0},
    {.bitmap_index = 28676, .adv_w = 143, .box_w = 7, .box_h = 16, .ofs_x = 1, .ofs_y = -4},
    {.bitmap_index = 28732, .adv_w = 147, .box_w = 9, .box_h = 13, .ofs_x = 0, .ofs_y = -4},
    {.bitmap_index = 28791, .adv_w = 201, .box_w = 12, .box_h = 18, .ofs_x = 0, .ofs_y = 0},
    {.bitmap_index = 28899, .adv_w = 156, .box_w = 9, .box_h = 15, .ofs_x = 0, .ofs_y = 0},
    {.bitmap_index = 28967, .adv_w = 201, .box_w = 12, .box_h = 18, .ofs_x = 0, .ofs_y = 0},
    {.bitmap_index = 29075, .adv_w = 156, .box_w = 9, .box_h = 15, .ofs_x = 0, .ofs_y = 0},
    {.bitmap_index = 29143, .adv_w = 201, .box_w = 12, .box_h = 16, .ofs_x = 0, .ofs_y = 0},
    {.bitmap_index = 29239, .adv_w = 156, .box_w = 9, .box_h = 12, .ofs_x = 0, .ofs_y = 0},
    {.bitmap_index = 29293, .adv_w = 201, .box_w = 12, .box_h = 18, .ofs_x = 0, .ofs_y = 0},
    {.bitmap_index = 29401, .adv_w = 156, .box_w = 9, .box_h = 15, .ofs_x = 0, .ofs_y = 0},
    {.bitmap_index = 29469, .adv_w = 150, .box_w = 10, .box_h = 15, .ofs_x = 0, .ofs_y = 0},
    {.bitmap_index = 29544, .adv_w = 135, .box_w = 9, .box_h = 16, .ofs_x = 0, .ofs_y = -4},
    {.bitmap_index = 29616, .adv_w = 102, .box_w = 7, .box_h = 13, .ofs_x = 0, .ofs_y = -1},
    {.bitmap_index = 29662, .adv_w = 193, .box_w = 11, .box_h = 10, .ofs_x = 1, .ofs_y = -1},
    {.bitmap_index = 29717, .adv_w = 104, .box_w = 7, .box_h = 12, .ofs_x = 0, .ofs_y = -1},
    {.bitmap_index = 29759, .adv_w = 69, .box_w = 5, .box_h = 13, .ofs_x = -1, .ofs_y = -4},
    {.bitmap_index = 29792, .adv_w = 248, .box_w = 15, .box_h = 12, .ofs_x = 0, .ofs_y = 0},
    {.bitmap_index = 29882, .adv_w = 248, .box_w = 15, .box_h = 13, .ofs_x = 0, .ofs_y = -4},
    {.bitmap_index = 29980, .adv_w = 168, .box_w = 11, .box_h = 13, .ofs_x = 0, .ofs_y = -1},
    {.bitmap_index = 30052, .adv_w = 162, .box_w = 10, .box_h = 13, .ofs_x = 0, .ofs_y = -1},
    {.bitmap_index = 30117, .adv_w = 125, .box_w = 8, .box_h = 15, .ofs_x = 0, .ofs_y = -3},
    {.bitmap_index = 30177, .adv_w = 137, .box_w = 9, .box_h = 12, .ofs_x = 0, .ofs_y = 0},
    {.bitmap_index = 30231, .adv_w = 145, .box_w = 9, .box_h = 13, .ofs_x = 0, .ofs_y = -1},
    {.bitmap_index = 30290, .adv_w = 124, .box_w = 8, .box_h = 13, .ofs_x = 0, .ofs_y = -4},
    {.bitmap_index = 30342, .adv_w = 122, .box_w = 8, .box_h = 13, .ofs_x = 0, .ofs_y = -4},
    {.bitmap_index = 30394, .adv_w = 118, .box_w = 7, .box_h = 12, .ofs_x = 0, .ofs_y = 0},
    {.bitmap_index = 30436, .adv_w = 116, .box_w = 7, .box_h = 9, .ofs_x = 0, .ofs_y = 0},
    {.bitmap_index = 30468, .adv_w = 167, .box_w = 10, .box_h = 12, .ofs_x = 0, .ofs_y = 0},
    {.bitmap_index = 30528, .adv_w = 189, .box_w = 12, .box_h = 12, .ofs_x = 0, .ofs_y = 0},
    {.bitmap_index = 30600, .adv_w = 160, .box_w = 11, .box_h = 12, .ofs_x = 0, .ofs_y = 0},
    {.bitmap_index = 30666, .adv_w = 143, .box_w = 7, .box_h = 14, .ofs_x = 1, .ofs_y = -2},
    {.bitmap_index = 30715, .adv_w = 146, .box_w = 9, .box_h = 11, .ofs_x = 0, .ofs_y = -1},
    {.bitmap_index = 30765, .adv_w = 74, .box_w = 7, .box_h = 15, .ofs_x = -2, .ofs_y = -3},
    {.bitmap_index = 30818, .adv_w = 70, .box_w = 6, .box_h = 16, .ofs_x = -1, .ofs_y = -4},
    {.bitmap_index = 30866, .adv_w = 197, .box_w = 13, .box_h = 16, .ofs_x = 0, .ofs_y = -4},
    {.bitmap_index = 30970, .adv_w = 159, .box_w = 11, .box_h = 13, .ofs_x = 0, .ofs_y = -4},
    {.bitmap_index = 31042, .adv_w = 162, .box_w = 10, .box_h = 12, .ofs_x = 0, .ofs_y = 0},
    {.bitmap_index = 31102, .adv_w = 108, .box_w = 7, .box_h = 10, .ofs_x = 0, .ofs_y = 0},
    {.bitmap_index = 31137, .adv_w = 150, .box_w = 10, .box_h = 12, .ofs_x = 0, .ofs_y = 0},
    {.bitmap_index = 31197, .adv_w = 135, .box_w = 9, .box_h = 13, .ofs_x = 0, .ofs_y = -4},
    {.bitmap_index = 31256, .adv_w = 116, .box_w = 6, .box_h = 12, .ofs_x = 1, .ofs_y = 0},
    {.bitmap_index = 31292, .adv_w = 99, .box_w = 5, .box_h = 9, .ofs_x = 1, .ofs_y = 0},
    {.bitmap_index = 31315, .adv_w = 177, .box_w = 11, .box_h = 12, .ofs_x = 0, .ofs_y = 0},
    {.bitmap_index = 31381, .adv_w = 170, .box_w = 9, .box_h = 12, .ofs_x = 1, .ofs_y = 0},
    {.bitmap_index = 31435, .adv_w = 49, .box_w = 4, .box_h = 4, .ofs_x = 0, .ofs_y = 8},
    {.bitmap_index = 31443, .adv_w = 49, .box_w = 4, .box_h = 4, .ofs_x = -1, .ofs_y = -3},
    {.bitmap_index = 31451, .adv_w = 201, .box_w = 11, .box_h = 12, .ofs_x = 1, .ofs_y = 0},
    {.bitmap_index = 31517, .adv_w = 170, .box_w = 9, .box_h = 9, .ofs_x = 1, .ofs_y = 0},
    {.bitmap_index = 31558, .adv_w = 66, .box_w = 3, .box_h = 4, .ofs_x = 1, .ofs_y = -5},
    {.bitmap_index = 31564, .adv_w = 125, .box_w = 7, .box_h = 9, .ofs_x = 0, .ofs_y = 0},
    {.bitmap_index = 31596, .adv_w = 126, .box_w = 8, .box_h = 9, .ofs_x = 0, .ofs_y = 0},
    {.bitmap_index = 31632, .adv_w = 125, .box_w = 7, .box_h = 9, .ofs_x = 0, .ofs_y = 0},
    {.bitmap_index = 31664, .adv_w = 70, .box_w = 4, .box_h = 12, .ofs_x = 0, .ofs_y = -3},
    {.bitmap_index = 31688, .adv_w = 74, .box_w = 6, .box_h = 15, .ofs_x = -2, .ofs_y = -3},
    {.bitmap_index = 31733, .adv_w = 64, .box_w = 4, .box_h = 3, .ofs_x = 0, .ofs_y = 10},
    {.bitmap_index = 31739, .adv_w = 177, .box_w = 7, .box_h = 3, .ofs_x = 2, .ofs_y = 10},
    {.bitmap_index = 31750, .adv_w = 188, .box_w = 12, .box_h = 12, .ofs_x = 0, .ofs_y = 0},
    {.bitmap_index = 31822, .adv_w = 70, .box_w = 3, .box_h = 3, .ofs_x = 1, .ofs_y = 6},
    {.bitmap_index = 31827, .adv_w = 189, .box_w = 11, .box_h = 12, .ofs_x = 0, .ofs_y = 0},
    {.bitmap_index = 31893, .adv_w = 238, .box_w = 14, .box_h = 12, .ofs_x = 0, .ofs_y = 0},
    {.bitmap_index = 31977, .adv_w = 143, .box_w = 9, .box_h = 12, .ofs_x = 0, .ofs_y = 0},
    {.bitmap_index = 32031, .adv_w = 235, .box_w = 14, .box_h = 12, .ofs_x = 0, .ofs_y = 0},
    {.bitmap_index = 32115, .adv_w = 208, .box_w = 14, .box_h = 12, .ofs_x = 0, .ofs_y = 0},
    {.bitmap_index = 32199, .adv_w = 222, .box_w = 14, .box_h = 12, .ofs_x = 0, .ofs_y = 0},
    {.bitmap_index = 32283, .adv_w = 90, .box_w = 8, .box_h = 12, .ofs_x = -1, .ofs_y = 0},
    {.bitmap_index = 32331, .adv_w = 168, .box_w = 11, .box_h = 12, .ofs_x = 0, .ofs_y = 0},
    {.bitmap_index = 32397, .adv_w = 167, .box_w = 9, .box_h = 12, .ofs_x = 1, .ofs_y = 0},
    {.bitmap_index = 32451, .adv_w = 130, .box_w = 7, .box_h = 12, .ofs_x = 1, .ofs_y = 0},
    {.bitmap_index = 32493, .adv_w = 166, .box_w = 11, .box_h = 12, .ofs_x = 0, .ofs_y = 0},
    {.bitmap_index = 32559, .adv_w = 143, .box_w = 7, .box_h = 12, .ofs_x = 1, .ofs_y = 0},
    {.bitmap_index = 32601, .adv_w = 147, .box_w = 9, .box_h = 12, .ofs_x = 0, .ofs_y = 0},
    {.bitmap_index = 32655, .adv_w = 191, .box_w = 10, .box_h = 12, .ofs_x = 1, .ofs_y = 0},
    {.bitmap_index = 32715, .adv_w = 201, .box_w = 12, .box_h = 12, .ofs_x = 0, .ofs_y = 0},
    {.bitmap_index = 32787, .adv_w = 91, .box_w = 6, .box_h = 12, .ofs_x = 0, .ofs_y = 0},
    {.bitmap_index = 32823, .adv_w = 162, .box_w = 10, .box_h = 12, .ofs_x = 1, .ofs_y = 0},
    {.bitmap_index = 32883, .adv_w = 160, .box_w = 11, .box_h = 12, .ofs_x = 0, .ofs_y = 0},
    {.bitmap_index = 32949, .adv_w = 235, .box_w = 13, .box_h = 12, .ofs_x = 1, .ofs_y = 0},
    {.bitmap_index = 33027, .adv_w = 198, .box_w = 10, .box_h = 12, .ofs_x = 1, .ofs_y = 0},
    {.bitmap_index = 33087, .adv_w = 160, .box_w = 10, .box_h = 12, .ofs_x = 0, .ofs_y = 0},
    {.bitmap_index = 33147, .adv_w = 201, .box_w = 12, .box_h = 12, .ofs_x = 0, .ofs_y = 0},
    {.bitmap_index = 33219, .adv_w = 189, .box_w = 10, .box_h = 12, .ofs_x = 1, .ofs_y = 0},
    {.bitmap_index = 33279, .adv_w = 156, .box_w = 8, .box_h = 12, .ofs_x = 1, .ofs_y = 0},
    {.bitmap_index = 33327, .adv_w = 147, .box_w = 9, .box_h = 12, .ofs_x = 0, .ofs_y = 0},
    {.bitmap_index = 33381, .adv_w = 144, .box_w = 9, .box_h = 12, .ofs_x = 0, .ofs_y = 0},
    {.bitmap_index = 33435, .adv_w = 150, .box_w = 10, .box_h = 12, .ofs_x = 0, .ofs_y = 0},
    {.bitmap_index = 33495, .adv_w = 220, .box_w = 13, .box_h = 12, .ofs_x = 0, .ofs_y = 0},
    {.bitmap_index = 33573, .adv_w = 156, .box_w = 10, .box_h = 12, .ofs_x = 0, .ofs_y = 0},
    {.bitmap_index = 33633, .adv_w = 215, .box_w = 11, .box_h = 12, .ofs_x = 1, .ofs_y = 0},
    {.bitmap_index = 33699, .adv_w = 187, .box_w = 12, .box_h = 12, .ofs_x = 0, .ofs_y = 0},
    {.bitmap_index = 33771, .adv_w = 91, .box_w = 6, .box_h = 15, .ofs_x = 0, .ofs_y = 0},
    {.bitmap_index = 33816, .adv_w = 150, .box_w = 10, .box_h = 15, .ofs_x = 0, .ofs_y = 0},
    {.bitmap_index = 33891, .adv_w = 162, .box_w = 10, .box_h = 12, .ofs_x = 0, .ofs_y = 0},
    {.bitmap_index = 33951, .adv_w = 123, .box_w = 8, .box_h = 12, .ofs_x = 0, .ofs_y = 0},
    {.bitmap_index = 33999, .adv_w = 158, .box_w = 8, .box_h = 16, .ofs_x = 1, .ofs_y = -4},
    {.bitmap_index = 34063, .adv_w = 90, .box_w = 5, .box_h = 12, .ofs_x = 1, .ofs_y = 0},
    {.bitmap_index = 34093, .adv_w = 156, .box_w = 8, .box_h = 12, .ofs_x = 1, .ofs_y = 0},
    {.bitmap_index = 34141, .adv_w = 162, .box_w = 10, .box_h = 9, .ofs_x = 0, .ofs_y = 0},
    {.bitmap_index = 34186, .adv_w = 158, .box_w = 9, .box_h = 16, .ofs_x = 1, .ofs_y = -4},
    {.bitmap_index = 34258, .adv_w = 136, .box_w = 8, .box_h = 13, .ofs_x = 0, .ofs_y = -4},
    {.bitmap_index = 34310, .adv_w = 152, .box_w = 9, .box_h = 12, .ofs_x = 0, .ofs_y = 0},
    {.bitmap_index = 34364, .adv_w = 123, .box_w = 8, .box_h = 9, .ofs_x = 0, .ofs_y = 0},
    {.bitmap_index = 34400, .adv_w = 120, .box_w = 8, .box_h = 16, .ofs_x = 0, .ofs_y = -4},
    {.bitmap_index = 34464, .adv_w = 158, .box_w = 8, .box_h = 13, .ofs_x = 1, .ofs_y = -4},
    {.bitmap_index = 34516, .adv_w = 154, .box_w = 9, .box_h = 12, .ofs_x = 0, .ofs_y = 0},
    {.bitmap_index = 34570, .adv_w = 90, .box_w = 5, .box_h = 9, .ofs_x = 1, .ofs_y = 0},
    {.bitmap_index = 34593, .adv_w = 143, .box_w = 8, .box_h = 9, .ofs_x = 1, .ofs_y = 0},
    {.bitmap_index = 34629, .adv_w = 137, .box_w = 9, .box_h = 12, .ofs_x = 0, .ofs_y = 0},
    {.bitmap_index = 34683, .adv_w = 164, .box_w = 9, .box_h = 13, .ofs_x = 1, .ofs_y = -4},
    {.bitmap_index = 34742, .adv_w = 136, .box_w = 8, .box_h = 9, .ofs_x = 0, .ofs_y = 0},
    {.bitmap_index = 34778, .adv_w = 128, .box_w = 8, .box_h = 16, .ofs_x = 0, .ofs_y = -4},
    {.bitmap_index = 34842, .adv_w = 156, .box_w = 9, .box_h = 9, .ofs_x = 0, .ofs_y = 0},
    {.bitmap_index = 34883, .adv_w = 174, .box_w = 11, .box_h = 9, .ofs_x = 0, .ofs_y = 0},
    {.bitmap_index = 34933, .adv_w = 155, .box_w = 8, .box_h = 13, .ofs_x = 1, .ofs_y = -4},
    {.bitmap_index = 34985, .adv_w = 127, .box_w = 8, .box_h = 13, .ofs_x = 0, .ofs_y = -4},
    {.bitmap_index = 35037, .adv_w = 160, .box_w = 10, .box_h = 9, .ofs_x = 0, .ofs_y = 0},
    {.bitmap_index = 35082, .adv_w = 130, .box_w = 8, .box_h = 9, .ofs_x = 0, .ofs_y = 0},
    {.bitmap_index = 35118, .adv_w = 156, .box_w = 8, .box_h = 9, .ofs_x = 1, .ofs_y = 0},
    {.bitmap_index = 35154, .adv_w = 192, .box_w = 12, .box_h = 16, .ofs_x = 0, .ofs_y = -4},
    {.bitmap_index = 35250, .adv_w = 154, .box_w = 10, .box_h = 13, .ofs_x = 0, .ofs_y = -4},
    {.bitmap_index = 35315, .adv_w = 198, .box_w = 11, .box_h = 16, .ofs_x = 1, .ofs_y = -4},
    {.bitmap_index = 35403, .adv_w = 210, .box_w = 13, .box_h = 9, .ofs_x = 0, .ofs_y = 0},
    {.bitmap_index = 35462, .adv_w = 90, .box_w = 7, .box_h = 12, .ofs_x = -1, .ofs_y = 0},
    {.bitmap_index = 35504, .adv_w = 156, .box_w = 8, .box_h = 12, .ofs_x = 1, .ofs_y = 0},
    {.bitmap_index = 35552, .adv_w = 156, .box_w = 9, .box_h = 12, .ofs_x = 0, .ofs_y = 0},
    {.bitmap_index = 35606, .adv_w = 156, .box_w = 8, .box_h = 12, .ofs_x = 1, .ofs_y = 0},
    {.bitmap_index = 35654, .adv_w = 210, .box_w = 13, .box_h = 12, .ofs_x = 0, .ofs_y = 0},
    {.bitmap_index = 35732, .adv_w = 162, .box_w = 10, .box_h = 16, .ofs_x = 1, .ofs_y = -4},
    {.bitmap_index = 35812, .adv_w = 165, .box_w = 9, .box_h = 12, .ofs_x = 1, .ofs_y = 0},
    {.bitmap_index = 35866, .adv_w = 168, .box_w = 11, .box_h = 12, .ofs_x = 0, .ofs_y = 0},
    {.bitmap_index = 35932, .adv_w = 156, .box_w = 10, .box_h = 12, .ofs_x = 0, .ofs_y = 0},
    {.bitmap_index = 35992, .adv_w = 215, .box_w = 14, .box_h = 12, .ofs_x = 0, .ofs_y = 0},
    {.bitmap_index = 36076, .adv_w = 156, .box_w = 10, .box_h = 15, .ofs_x = 0, .ofs_y = 0},
    {.bitmap_index = 36151, .adv_w = 192, .box_w = 12, .box_h = 16, .ofs_x = 0, .ofs_y = -4},
    {.bitmap_index = 36247, .adv_w = 231, .box_w = 15, .box_h = 9, .ofs_x = 0, .ofs_y = 0},
    {.bitmap_index = 36315, .adv_w = 143, .box_w = 8, .box_h = 13, .ofs_x = 1, .ofs_y = -4},
    {.bitmap_index = 36367, .adv_w = 197, .box_w = 12, .box_h = 12, .ofs_x = 0, .ofs_y = 0},
    {.bitmap_index = 36439, .adv_w = 156, .box_w = 9, .box_h = 13, .ofs_x = 0, .ofs_y = -4},
    {.bitmap_index = 36498, .adv_w = 163, .box_w = 10, .box_h = 12, .ofs_x = 0, .ofs_y = 0},
    {.bitmap_index = 36558, .adv_w = 125, .box_w = 8, .box_h = 13, .ofs_x = 0, .ofs_y = -4},
    {.bitmap_index = 36610, .adv_w = 134, .box_w = 7, .box_h = 12, .ofs_x = 1, .ofs_y = 0},
    {.bitmap_index = 36652, .adv_w = 135, .box_w = 7, .box_h = 13, .ofs_x = 1, .ofs_y = -4},
    {.bitmap_index = 36698, .adv_w = 127, .box_w = 9, .box_h = 12, .ofs_x = -1, .ofs_y = 0},
    {.bitmap_index = 36752, .adv_w = 142, .box_w = 9, .box_h = 16, .ofs_x = 0, .ofs_y = -4},
    {.bitmap_index = 36824, .adv_w = 152, .box_w = 10, .box_h = 12, .ofs_x = -1, .ofs_y = 0},
    {.bitmap_index = 36884, .adv_w = 132, .box_w = 10, .box_h = 17, .ofs_x = -2, .ofs_y = -4},
    {.bitmap_index = 36969, .adv_w = 173, .box_w = 11, .box_h = 9, .ofs_x = 0, .ofs_y = 0},
    {.bitmap_index = 37019, .adv_w = 155, .box_w = 8, .box_h = 13, .ofs_x = 1, .ofs_y = -4},
    {.bitmap_index = 37071, .adv_w = 126, .box_w = 8, .box_h = 9, .ofs_x = 0, .ofs_y = 0},
    {.bitmap_index = 37107, .adv_w = 69, .box_w = 5, .box_h = 16, .ofs_x = -1, .ofs_y = -4},
    {.bitmap_index = 37147, .adv_w = 201, .box_w = 12, .box_h = 12, .ofs_x = 0, .ofs_y = 0},
    {.bitmap_index = 37219, .adv_w = 129, .box_w = 8, .box_h = 9, .ofs_x = 0, .ofs_y = 0},
    {.bitmap_index = 37255, .adv_w = 128, .box_w = 8, .box_h = 9, .ofs_x = 0, .ofs_y = 0},
    {.bitmap_index = 37291, .adv_w = 157, .box_w = 9, .box_h = 12, .ofs_x = 1, .ofs_y = 0},
    {.bitmap_index = 37345, .adv_w = 159, .box_w = 9, .box_h = 16, .ofs_x = 1, .ofs_y = -4},
    {.bitmap_index = 37417, .adv_w = 163, .box_w = 10, .box_h = 12, .ofs_x = 0, .ofs_y = 0},
    {.bitmap_index = 37477, .adv_w = 235, .box_w = 13, .box_h = 12, .ofs_x = 1, .ofs_y = 0},
    {.bitmap_index = 37555, .adv_w = 193, .box_w = 10, .box_h = 13, .ofs_x = 1, .ofs_y = -4},
    {.bitmap_index = 37620, .adv_w = 156, .box_w = 9, .box_h = 13, .ofs_x = 0, .ofs_y = -4},
    {.bitmap_index = 37679, .adv_w = 163, .box_w = 10, .box_h = 12, .ofs_x = 0, .ofs_y = 0},
    {.bitmap_index = 37739, .adv_w = 163, .box_w = 10, .box_h = 12, .ofs_x = 0, .ofs_y = 0},
    {.bitmap_index = 37799, .adv_w = 163, .box_w = 10, .box_h = 12, .ofs_x = 0, .ofs_y = 0},
    {.bitmap_index = 37859, .adv_w = 143, .box_w = 7, .box_h = 16, .ofs_x = 1, .ofs_y = 0},
    {.bitmap_index = 37915, .adv_w = 143, .box_w = 7, .box_h = 15, .ofs_x = 1, .ofs_y = 0},
    {.bitmap_index = 37968, .adv_w = 187, .box_w = 11, .box_h = 12, .ofs_x = 0, .ofs_y = 0},
    {.bitmap_index = 38034, .adv_w = 134, .box_w = 7, .box_h = 16, .ofs_x = 1, .ofs_y = 0},
    {.bitmap_index = 38090, .adv_w = 165, .box_w = 10, .box_h = 12, .ofs_x = 0, .ofs_y = 0},
    {.bitmap_index = 38150, .adv_w = 140, .box_w = 9, .box_h = 12, .ofs_x = 0, .ofs_y = 0},
    {.bitmap_index = 38204, .adv_w = 76, .box_w = 3, .box_h = 12, .ofs_x = 1, .ofs_y = 0},
    {.bitmap_index = 38222, .adv_w = 76, .box_w = 5, .box_h = 15, .ofs_x = 0, .ofs_y = 0},
    {.bitmap_index = 38260, .adv_w = 74, .box_w = 6, .box_h = 15, .ofs_x = -2, .ofs_y = -3},
    {.bitmap_index = 38305, .adv_w = 260, .box_w = 16, .box_h = 12, .ofs_x = 0, .ofs_y = 0},
    {.bitmap_index = 38401, .adv_w = 266, .box_w = 15, .box_h = 12, .ofs_x = 1, .ofs_y = 0},
    {.bitmap_index = 38491, .adv_w = 188, .box_w = 11, .box_h = 12, .ofs_x = 0, .ofs_y = 0},
    {.bitmap_index = 38557, .adv_w = 164, .box_w = 10, .box_h = 16, .ofs_x = 1, .ofs_y = 0},
    {.bitmap_index = 38637, .adv_w = 196, .box_w = 10, .box_h = 16, .ofs_x = 1, .ofs_y = 0},
    {.bitmap_index = 38717, .adv_w = 160, .box_w = 10, .box_h = 16, .ofs_x = 0, .ofs_y = 0},
    {.bitmap_index = 38797, .adv_w = 190, .box_w = 10, .box_h = 15, .ofs_x = 1, .ofs_y = -3},
    {.bitmap_index = 38872, .adv_w = 167, .box_w = 11, .box_h = 12, .ofs_x = 0, .ofs_y = 0},
    {.bitmap_index = 38938, .adv_w = 160, .box_w = 9, .box_h = 12, .ofs_x = 1, .ofs_y = 0},
    {.bitmap_index = 38992, .adv_w = 167, .box_w = 9, .box_h = 12, .ofs_x = 1, .ofs_y = 0},
    {.bitmap_index = 39046, .adv_w = 134, .box_w = 7, .box_h = 12, .ofs_x = 1, .ofs_y = 0},
    {.bitmap_index = 39088, .adv_w = 190, .box_w = 12, .box_h = 15, .ofs_x = 0, .ofs_y = -3},
    {.bitmap_index = 39178, .adv_w = 143, .box_w = 7, .box_h = 12, .ofs_x = 1, .ofs_y = 0},
    {.bitmap_index = 39220, .adv_w = 239, .box_w = 15, .box_h = 12, .ofs_x = 0, .ofs_y = 0},
    {.bitmap_index = 39310, .adv_w = 149, .box_w = 9, .box_h = 12, .ofs_x = 0, .ofs_y = 0},
    {.bitmap_index = 39364, .adv_w = 196, .box_w = 10, .box_h = 12, .ofs_x = 1, .ofs_y = 0},
    {.bitmap_index = 39424, .adv_w = 196, .box_w = 10, .box_h = 16, .ofs_x = 1, .ofs_y = 0},
    {.bitmap_index = 39504, .adv_w = 165, .box_w = 10, .box_h = 12, .ofs_x = 1, .ofs_y = 0},
    {.bitmap_index = 39564, .adv_w = 181, .box_w = 10, .box_h = 12, .ofs_x = 0, .ofs_y = 0},
    {.bitmap_index = 39624, .adv_w = 235, .box_w = 13, .box_h = 12, .ofs_x = 1, .ofs_y = 0},
    {.bitmap_index = 39702, .adv_w = 192, .box_w = 10, .box_h = 12, .ofs_x = 1, .ofs_y = 0},
    {.bitmap_index = 39762, .adv_w = 196, .box_w = 12, .box_h = 12, .ofs_x = 0, .ofs_y = 0},
    {.bitmap_index = 39834, .adv_w = 190, .box_w = 10, .box_h = 12, .ofs_x = 1, .ofs_y = 0},
    {.bitmap_index = 39894, .adv_w = 156, .box_w = 8, .box_h = 12, .ofs_x = 1, .ofs_y = 0},
    {.bitmap_index = 39942, .adv_w = 164, .box_w = 10, .box_h = 12, .ofs_x = 0, .ofs_y = 0},
    {.bitmap_index = 40002, .adv_w = 144, .box_w = 9, .box_h = 12, .ofs_x = 0, .ofs_y = 0},
    {.bitmap_index = 40056, .adv_w = 160, .box_w = 10, .box_h = 12, .ofs_x = 0, .ofs_y = 0},
    {.bitmap_index = 40116, .adv_w = 216, .box_w = 13, .box_h = 12, .ofs_x = 0, .ofs_y = 0},
    {.bitmap_index = 40194, .adv_w = 156, .box_w = 10, .box_h = 12, .ofs_x = 0, .ofs_y = 0},
    {.bitmap_index = 40254, .adv_w = 192, .box_w = 11, .box_h = 15, .ofs_x = 1, .ofs_y = -3},
    {.bitmap_index = 40337, .adv_w = 176, .box_w = 9, .box_h = 12, .ofs_x = 1, .ofs_y = 0},
    {.bitmap_index = 40391, .adv_w = 268, .box_w = 15, .box_h = 12, .ofs_x = 1, .ofs_y = 0},
    {.bitmap_index = 40481, .adv_w = 266, .box_w = 16, .box_h = 15, .ofs_x = 1, .ofs_y = -3},
    {.bitmap_index = 40601, .adv_w = 180, .box_w = 11, .box_h = 12, .ofs_x = 0, .ofs_y = 0},
    {.bitmap_index = 40667, .adv_w = 223, .box_w = 12, .box_h = 12, .ofs_x = 1, .ofs_y = 0},
    {.bitmap_index = 40739, .adv_w = 158, .box_w = 9, .box_h = 12, .ofs_x = 1, .ofs_y = 0},
    {.bitmap_index = 40793, .adv_w = 166, .box_w = 10, .box_h = 12, .ofs_x = 0, .ofs_y = 0},
    {.bitmap_index = 40853, .adv_w = 257, .box_w = 15, .box_h = 12, .ofs_x = 1, .ofs_y = 0},
    {.bitmap_index = 40943, .adv_w = 167, .box_w = 9, .box_h = 12, .ofs_x = 0, .ofs_y = 0},
    {.bitmap_index = 40997, .adv_w = 145, .box_w = 8, .box_h = 9, .ofs_x = 0, .ofs_y = 0},
    {.bitmap_index = 41033, .adv_w = 155, .box_w = 9, .box_h = 14, .ofs_x = 0, .ofs_y = 0},
    {.bitmap_index = 41096, .adv_w = 147, .box_w = 8, .box_h = 9, .ofs_x = 1, .ofs_y = 0},
    {.bitmap_index = 41132, .adv_w = 115, .box_w = 6, .box_h = 9, .ofs_x = 1, .ofs_y = 0},
    {.bitmap_index = 41159, .adv_w = 158, .box_w = 10, .box_h = 12, .ofs_x = 0, .ofs_y = -3},
    {.bitmap_index = 41219, .adv_w = 144, .box_w = 9, .box_h = 9, .ofs_x = 0, .ofs_y = 0},
    {.bitmap_index = 41260, .adv_w = 202, .box_w = 13, .box_h = 9, .ofs_x = 0, .ofs_y = 0},
    {.bitmap_index = 41319, .adv_w = 127, .box_w = 8, .box_h = 9, .ofs_x = 0, .ofs_y = 0},
    {.bitmap_index = 41355, .adv_w = 163, .box_w = 8, .box_h = 9, .ofs_x = 1, .ofs_y = 0},
    {.bitmap_index = 41391, .adv_w = 163, .box_w = 8, .box_h = 13, .ofs_x = 1, .ofs_y = 0},
    {.bitmap_index = 41443, .adv_w = 142, .box_w = 8, .box_h = 9, .ofs_x = 1, .ofs_y = 0},
    {.bitmap_index = 41479, .adv_w = 153, .box_w = 9, .box_h = 9, .ofs_x = 0, .ofs_y = 0},
    {.bitmap_index = 41520, .adv_w = 202, .box_w = 11, .box_h = 9, .ofs_x = 1, .ofs_y = 0},
    {.bitmap_index = 41570, .adv_w = 160, .box_w = 8, .box_h = 9, .ofs_x = 1, .ofs_y = 0},
    {.bitmap_index = 41606, .adv_w = 154, .box_w = 9, .box_h = 9, .ofs_x = 0, .ofs_y = 0},
    {.bitmap_index = 41647, .adv_w = 158, .box_w = 8, .box_h = 9, .ofs_x = 1, .ofs_y = 0},
    {.bitmap_index = 41683, .adv_w = 158, .box_w = 9, .box_h = 13, .ofs_x = 1, .ofs_y = -4},
    {.bitmap_index = 41742, .adv_w = 129, .box_w = 8, .box_h = 9, .ofs_x = 0, .ofs_y = 0},
    {.bitmap_index = 41778, .adv_w = 122, .box_w = 8, .box_h = 9, .ofs_x = 0, .ofs_y = 0},
    {.bitmap_index = 41814, .adv_w = 135, .box_w = 9, .box_h = 13, .ofs_x = 0, .ofs_y = -4},
    {.bitmap_index = 41873, .adv_w = 194, .box_w = 12, .box_h = 17, .ofs_x = 0, .ofs_y = -4},
    {.bitmap_index = 41975, .adv_w = 136, .box_w = 9, .box_h = 9, .ofs_x = 0, .ofs_y = 0},
    {.bitmap_index = 42016, .adv_w = 159, .box_w = 9, .box_h = 12, .ofs_x = 1, .ofs_y = -3},
    {.bitmap_index = 42070, .adv_w = 154, .box_w = 9, .box_h = 9, .ofs_x = 0, .ofs_y = 0},
    {.bitmap_index = 42111, .adv_w = 233, .box_w = 13, .box_h = 9, .ofs_x = 1, .ofs_y = 0},
    {.bitmap_index = 42170, .adv_w = 234, .box_w = 14, .box_h = 12, .ofs_x = 1, .ofs_y = -3},
    {.bitmap_index = 42254, .adv_w = 163, .box_w = 10, .box_h = 9, .ofs_x = 0, .ofs_y = 0},
    {.bitmap_index = 42299, .adv_w = 201, .box_w = 11, .box_h = 9, .ofs_x = 1, .ofs_y = 0},
    {.bitmap_index = 42349, .adv_w = 143, .box_w = 8, .box_h = 9, .ofs_x = 1, .ofs_y = 0},
    {.bitmap_index = 42385, .adv_w = 129, .box_w = 8, .box_h = 9, .ofs_x = 0, .ofs_y = 0},
    {.bitmap_index = 42421, .adv_w = 208, .box_w = 12, .box_h = 9, .ofs_x = 1, .ofs_y = 0},
    {.bitmap_index = 42475, .adv_w = 150, .box_w = 9, .box_h = 9, .ofs_x = 0, .ofs_y = 0},
    {.bitmap_index = 42516, .adv_w = 144, .box_w = 9, .box_h = 13, .ofs_x = 0, .ofs_y = 0},
    {.bitmap_index = 42575, .adv_w = 144, .box_w = 9, .box_h = 12, .ofs_x = 0, .ofs_y = 0},
    {.bitmap_index = 42629, .adv_w = 161, .box_w = 9, .box_h = 17, .ofs_x = 0, .ofs_y = -4},
    {.bitmap_index = 42706, .adv_w = 115, .box_w = 6, .box_h = 13, .ofs_x = 1, .ofs_y = 0},
    {.bitmap_index = 42745, .adv_w = 129, .box_w = 8, .box_h = 9, .ofs_x = 0, .ofs_y = 0},
    {.bitmap_index = 42781, .adv_w = 122, .box_w = 7, .box_h = 9, .ofs_x = 0, .ofs_y = 0},
    {.bitmap_index = 42813, .adv_w = 70, .box_w = 3, .box_h = 12, .ofs_x = 1, .ofs_y = 0},
    {.bitmap_index = 42831, .adv_w = 69, .box_w = 5, .box_h = 12, .ofs_x = 0, .ofs_y = 0},
    {.bitmap_index = 42861, .adv_w = 69, .box_w = 5, .box_h = 16, .ofs_x = -1, .ofs_y = -4},
    {.bitmap_index = 42901, .adv_w = 223, .box_w = 14, .box_h = 9, .ofs_x = 0, .ofs_y = 0},
    {.bitmap_index = 42964, .adv_w = 231, .box_w = 13, .box_h = 9, .ofs_x = 1, .ofs_y = 0},
    {.bitmap_index = 43023, .adv_w = 161, .box_w = 9, .box_h = 13, .ofs_x = 0, .ofs_y = 0},
    {.bitmap_index = 43082, .adv_w = 142, .box_w = 8, .box_h = 13, .ofs_x = 1, .ofs_y = 0},
    {.bitmap_index = 43134, .adv_w = 163, .box_w = 8, .box_h = 13, .ofs_x = 1, .ofs_y = 0},
    {.bitmap_index = 43186, .adv_w = 135, .box_w = 9, .box_h = 16, .ofs_x = 0, .ofs_y = -4},
    {.bitmap_index = 43258, .adv_w = 158, .box_w = 8, .box_h = 12, .ofs_x = 1, .ofs_y = -3},
    {.bitmap_index = 43306, .adv_w = 238, .box_w = 15, .box_h = 12, .ofs_x = 0, .ofs_y = 0},
    {.bitmap_index = 43396, .adv_w = 209, .box_w = 13, .box_h = 9, .ofs_x = 0, .ofs_y = 0},
    {.bitmap_index = 43455, .adv_w = 173, .box_w = 10, .box_h = 12, .ofs_x = 0, .ofs_y = 0},
    {.bitmap_index = 43515, .adv_w = 165, .box_w = 10, .box_h = 11, .ofs_x = 0, .ofs_y = 0},
    {.bitmap_index = 43570, .adv_w = 238, .box_w = 14, .box_h = 12, .ofs_x = 1, .ofs_y = 0},
    {.bitmap_index = 43654, .adv_w = 195, .box_w = 11, .box_h = 9, .ofs_x = 1, .ofs_y = 0},
    {.bitmap_index = 43704, .adv_w = 178, .box_w = 12, .box_h = 12, .ofs_x = 0, .ofs_y = 0},
    {.bitmap_index = 43776, .adv_w = 152, .box_w = 10, .box_h = 9, .ofs_x = 0, .ofs_y = 0},
    {.bitmap_index = 43821, .adv_w = 243, .box_w = 15, .box_h = 12, .ofs_x = 1, .ofs_y = 0},
    {.bitmap_index = 43911, .adv_w = 209, .box_w = 12, .box_h = 9, .ofs_x = 1, .ofs_y = 0},
    {.bitmap_index = 43965, .adv_w = 192, .box_w = 12, .box_h = 12, .ofs_x = 0, .ofs_y = 0},
    {.bitmap_index = 44037, .adv_w = 163, .box_w = 11, .box_h = 9, .ofs_x = 0, .ofs_y = 0},
    {.bitmap_index = 44087, .adv_w = 259, .box_w = 16, .box_h = 12, .ofs_x = 1, .ofs_y = 0},
    {.bitmap_index = 44183, .adv_w = 220, .box_w = 13, .box_h = 9, .ofs_x = 1, .ofs_y = 0},
    {.bitmap_index = 44242, .adv_w = 154, .box_w = 9, .box_h = 18, .ofs_x = 0, .ofs_y = -4},
    {.bitmap_index = 44323, .adv_w = 130, .box_w = 8, .box_h = 15, .ofs_x = 0, .ofs_y = -4},
    {.bitmap_index = 44383, .adv_w = 212, .box_w = 11, .box_h = 12, .ofs_x = 1, .ofs_y = 0},
    {.bitmap_index = 44449, .adv_w = 201, .box_w = 11, .box_h = 17, .ofs_x = 1, .ofs_y = -4},
    {.bitmap_index = 44543, .adv_w = 201, .box_w = 12, .box_h = 12, .ofs_x = 0, .ofs_y = 0},
    {.bitmap_index = 44615, .adv_w = 156, .box_w = 9, .box_h = 9, .ofs_x = 0, .ofs_y = 0},
    {.bitmap_index = 44656, .adv_w = 169, .box_w = 11, .box_h = 12, .ofs_x = 0, .ofs_y = 0},
    {.bitmap_index = 44722, .adv_w = 139, .box_w = 9, .box_h = 9, .ofs_x = 0, .ofs_y = 0},
    {.bitmap_index = 44763, .adv_w = 169, .box_w = 11, .box_h = 16, .ofs_x = 0, .ofs_y = 0},
    {.bitmap_index = 44851, .adv_w = 139, .box_w = 9, .box_h = 13, .ofs_x = 0, .ofs_y = 0},
    {.bitmap_index = 44910, .adv_w = 320, .box_w = 20, .box_h = 16, .ofs_x = 0, .ofs_y = -4},
    {.bitmap_index = 45070, .adv_w = 286, .box_w = 18, .box_h = 13, .ofs_x = 0, .ofs_y = -4},
    {.bitmap_index = 45187, .adv_w = 211, .box_w = 13, .box_h = 14, .ofs_x = 0, .ofs_y = -1},
    {.bitmap_index = 45278, .adv_w = 171, .box_w = 10, .box_h = 11, .ofs_x = 0, .ofs_y = -1},
    {.bitmap_index = 45333, .adv_w = 267, .box_w = 16, .box_h = 18, .ofs_x = 0, .ofs_y = 0},
    {.bitmap_index = 45477, .adv_w = 236, .box_w = 14, .box_h = 16, .ofs_x = 0, .ofs_y = 0},
    {.bitmap_index = 45589, .adv_w = 238, .box_w = 15, .box_h = 15, .ofs_x = 0, .ofs_y = 0},
    {.bitmap_index = 45702, .adv_w = 209, .box_w = 13, .box_h = 12, .ofs_x = 0, .ofs_y = 0},
    {.bitmap_index = 45780, .adv_w = 167, .box_w = 10, .box_h = 16, .ofs_x = 0, .ofs_y = -4},
    {.bitmap_index = 45860, .adv_w = 128, .box_w = 8, .box_h = 13, .ofs_x = 0, .ofs_y = -4},
    {.bitmap_index = 45912, .adv_w = 156, .box_w = 9, .box_h = 12, .ofs_x = 0, .ofs_y = -1},
    {.bitmap_index = 45966, .adv_w = 0, .box_w = 7, .box_h = 3, .ofs_x = -8, .ofs_y = 9},
    {.bitmap_index = 45977, .adv_w = 0, .box_w = 7, .box_h = 4, .ofs_x = -8, .ofs_y = 9},
    {.bitmap_index = 45991, .adv_w = 0, .box_w = 3, .box_h = 3, .ofs_x = -6, .ofs_y = 10},
    {.bitmap_index = 45996, .adv_w = 0, .box_w = 3, .box_h = 3, .ofs_x = -6, .ofs_y = 10},
    {.bitmap_index = 46001, .adv_w = 0, .box_w = 6, .box_h = 4, .ofs_x = -3, .ofs_y = 12},
    {.bitmap_index = 46013, .adv_w = 0, .box_w = 20, .box_h = 18, .ofs_x = -10, .ofs_y = -5},
    {.bitmap_index = 46193, .adv_w = 0, .box_w = 18, .box_h = 18, .ofs_x = -9, .ofs_y = -5},
    {.bitmap_index = 46355, .adv_w = 211, .box_w = 12, .box_h = 19, .ofs_x = 1, .ofs_y = -3},
    {.bitmap_index = 46469, .adv_w = 179, .box_w = 11, .box_h = 16, .ofs_x = 1, .ofs_y = -3},
    {.bitmap_index = 46557, .adv_w = 159, .box_w = 10, .box_h = 12, .ofs_x = 0, .ofs_y = 0},
    {.bitmap_index = 46617, .adv_w = 154, .box_w = 9, .box_h = 13, .ofs_x = 0, .ofs_y = 0},
    {.bitmap_index = 46676, .adv_w = 158, .box_w = 9, .box_h = 12, .ofs_x = 1, .ofs_y = 0},
    {.bitmap_index = 46730, .adv_w = 159, .box_w = 9, .box_h = 13, .ofs_x = 1, .ofs_y = -4},
    {.bitmap_index = 46789, .adv_w = 140, .box_w = 8, .box_h = 14, .ofs_x = 1, .ofs_y = 0},
    {.bitmap_index = 46845, .adv_w = 117, .box_w = 6, .box_h = 12, .ofs_x = 1, .ofs_y = 0},
    {.bitmap_index = 46881, .adv_w = 138, .box_w = 9, .box_h = 12, .ofs_x = 0, .ofs_y = 0},
    {.bitmap_index = 46935, .adv_w = 115, .box_w = 7, .box_h = 9, .ofs_x = 0, .ofs_y = 0},
    {.bitmap_index = 46967, .adv_w = 173, .box_w = 10, .box_h = 16, .ofs_x = 1, .ofs_y = -4},
    {.bitmap_index = 47047, .adv_w = 142, .box_w = 8, .box_h = 13, .ofs_x = 1, .ofs_y = -4},
    {.bitmap_index = 47099, .adv_w = 241, .box_w = 15, .box_h = 15, .ofs_x = 0, .ofs_y = -3},
    {.bitmap_index = 47212, .adv_w = 214, .box_w = 14, .box_h = 12, .ofs_x = 0, .ofs_y = -3},
    {.bitmap_index = 47296, .adv_w = 149, .box_w = 9, .box_h = 16, .ofs_x = 0, .ofs_y = -4},
    {.bitmap_index = 47368, .adv_w = 127, .box_w = 8, .box_h = 13, .ofs_x = 0, .ofs_y = -4},
    {.bitmap_index = 47420, .adv_w = 178, .box_w = 10, .box_h = 15, .ofs_x = 1, .ofs_y = -3},
    {.bitmap_index = 47495, .adv_w = 150, .box_w = 9, .box_h = 12, .ofs_x = 1, .ofs_y = -3},
    {.bitmap_index = 47549, .adv_w = 163, .box_w = 10, .box_h = 12, .ofs_x = 1, .ofs_y = 0},
    {.bitmap_index = 47609, .adv_w = 142, .box_w = 8, .box_h = 9, .ofs_x = 1, .ofs_y = 0},
    {.bitmap_index = 47645, .adv_w = 165, .box_w = 11, .box_h = 12, .ofs_x = 0, .ofs_y = 0},
    {.bitmap_index = 47711, .adv_w = 144, .box_w = 9, .box_h = 13, .ofs_x = 0, .ofs_y = 0},
    {.bitmap_index = 47770, .adv_w = 180, .box_w = 12, .box_h = 12, .ofs_x = 0, .ofs_y = 0},
    {.bitmap_index = 47842, .adv_w = 165, .box_w = 11, .box_h = 9, .ofs_x = 0, .ofs_y = 0},
    {.bitmap_index = 47892, .adv_w = 200, .box_w = 12, .box_h = 15, .ofs_x = 1, .ofs_y = -3},
    {.bitmap_index = 47982, .adv_w = 175, .box_w = 10, .box_h = 12, .ofs_x = 1, .ofs_y = -3},
    {.bitmap_index = 48042, .adv_w = 210, .box_w = 13, .box_h = 12, .ofs_x = 1, .ofs_y = 0},
    {.bitmap_index = 48120, .adv_w = 190, .box_w = 11, .box_h = 9, .ofs_x = 1, .ofs_y = 0},
    {.bitmap_index = 48170, .adv_w = 275, .box_w = 16, .box_h = 16, .ofs_x = 1, .ofs_y = -4},
    {.bitmap_index = 48298, .adv_w = 223, .box_w = 13, .box_h = 13, .ofs_x = 1, .ofs_y = -4},
    {.bitmap_index = 48383, .adv_w = 199, .box_w = 12, .box_h = 13, .ofs_x = 0, .ofs_y = -1},
    {.bitmap_index = 48461, .adv_w = 165, .box_w = 10, .box_h = 9, .ofs_x = 0, .ofs_y = 0},
    {.bitmap_index = 48506, .adv_w = 163, .box_w = 10, .box_h = 16, .ofs_x = 0, .ofs_y = -4},
    {.bitmap_index = 48586, .adv_w = 126, .box_w = 8, .box_h = 13, .ofs_x = 0, .ofs_y = -4},
    {.bitmap_index = 48638, .adv_w = 144, .box_w = 9, .box_h = 15, .ofs_x = 0, .ofs_y = -3},
    {.bitmap_index = 48706, .adv_w = 127, .box_w = 8, .box_h = 12, .ofs_x = 0, .ofs_y = -3},
    {.bitmap_index = 48754, .adv_w = 150, .box_w = 10, .box_h = 12, .ofs_x = 0, .ofs_y = 0},
    {.bitmap_index = 48814, .adv_w = 135, .box_w = 9, .box_h = 13, .ofs_x = 0, .ofs_y = -4},
    {.bitmap_index = 48873, .adv_w = 150, .box_w = 10, .box_h = 12, .ofs_x = 0, .ofs_y = 0},
    {.bitmap_index = 48933, .adv_w = 135, .box_w = 9, .box_h = 13, .ofs_x = 0, .ofs_y = -4},
    {.bitmap_index = 48992, .adv_w = 170, .box_w = 11, .box_h = 15, .ofs_x = 0, .ofs_y = -3},
    {.bitmap_index = 49075, .adv_w = 147, .box_w = 9, .box_h = 12, .ofs_x = 0, .ofs_y = -3},
    {.bitmap_index = 49129, .adv_w = 226, .box_w = 14, .box_h = 15, .ofs_x = 0, .ofs_y = -3},
    {.bitmap_index = 49234, .adv_w = 190, .box_w = 12, .box_h = 13, .ofs_x = 0, .ofs_y = -4},
    {.bitmap_index = 49312, .adv_w = 188, .box_w = 11, .box_h = 15, .ofs_x = 1, .ofs_y = -3},
    {.bitmap_index = 49395, .adv_w = 167, .box_w = 10, .box_h = 12, .ofs_x = 1, .ofs_y = -3},
    {.bitmap_index = 49455, .adv_w = 182, .box_w = 9, .box_h = 12, .ofs_x = 1, .ofs_y = 0},
    {.bitmap_index = 49509, .adv_w = 159, .box_w = 8, .box_h = 9, .ofs_x = 1, .ofs_y = 0},
    {.bitmap_index = 49545, .adv_w = 182, .box_w = 10, .box_h = 12, .ofs_x = 1, .ofs_y = 0},
    {.bitmap_index = 49605, .adv_w = 161, .box_w = 8, .box_h = 13, .ofs_x = 1, .ofs_y = 0},
    {.bitmap_index = 49657, .adv_w = 225, .box_w = 13, .box_h = 12, .ofs_x = 0, .ofs_y = 0},
    {.bitmap_index = 49735, .adv_w = 174, .box_w = 11, .box_h = 9, .ofs_x = 0, .ofs_y = 0},
    {.bitmap_index = 49785, .adv_w = 225, .box_w = 13, .box_h = 15, .ofs_x = 0, .ofs_y = -3},
    {.bitmap_index = 49883, .adv_w = 174, .box_w = 11, .box_h = 12, .ofs_x = 0, .ofs_y = -3},
    {.bitmap_index = 49949, .adv_w = 91, .box_w = 6, .box_h = 12, .ofs_x = 0, .ofs_y = 0},
    {.bitmap_index = 49985, .adv_w = 239, .box_w = 15, .box_h = 16, .ofs_x = 0, .ofs_y = 0},
    {.bitmap_index = 50105, .adv_w = 202, .box_w = 13, .box_h = 13, .ofs_x = 0, .ofs_y = 0},
    {.bitmap_index = 50190, .adv_w = 183, .box_w = 10, .box_h = 16, .ofs_x = 1, .ofs_y = -4},
    {.bitmap_index = 50270, .adv_w = 150, .box_w = 8, .box_h = 13, .ofs_x = 1, .ofs_y = -4},
    {.bitmap_index = 50322, .adv_w = 193, .box_w = 12, .box_h = 15, .ofs_x = 0, .ofs_y = -3},
    {.bitmap_index = 50412, .adv_w = 161, .box_w = 10, .box_h = 13, .ofs_x = 0, .ofs_y = -4},
    {.bitmap_index = 50477, .adv_w = 190, .box_w = 10, .box_h = 16, .ofs_x = 1, .ofs_y = -4},
    {.bitmap_index = 50557, .adv_w = 162, .box_w = 8, .box_h = 13, .ofs_x = 1, .ofs_y = -4},
    {.bitmap_index = 50609, .adv_w = 201, .box_w = 12, .box_h = 15, .ofs_x = 1, .ofs_y = -3},
    {.bitmap_index = 50699, .adv_w = 176, .box_w = 10, .box_h = 12, .ofs_x = 1, .ofs_y = -3},
    {.bitmap_index = 50759, .adv_w = 182, .box_w = 9, .box_h = 15, .ofs_x = 1, .ofs_y = -3},
    {.bitmap_index = 50827, .adv_w = 160, .box_w = 8, .box_h = 12, .ofs_x = 1, .ofs_y = -3},
    {.bitmap_index = 50875, .adv_w = 244, .box_w = 15, .box_h = 15, .ofs_x = 1, .ofs_y = -3},
    {.bitmap_index = 50988, .adv_w = 206, .box_w = 12, .box_h = 12, .ofs_x = 1, .ofs_y = -3},
    {.bitmap_index = 51060, .adv_w = 91, .box_w = 6, .box_h = 12, .ofs_x = 0, .ofs_y = 0},
    {.bitmap_index = 51096, .adv_w = 168, .box_w = 11, .box_h = 16, .ofs_x = 0, .ofs_y = 0},
    {.bitmap_index = 51184, .adv_w = 146, .box_w = 8, .box_h = 13, .ofs_x = 0, .ofs_y = 0},
    {.bitmap_index = 51236, .adv_w = 168, .box_w = 11, .box_h = 15, .ofs_x = 0, .ofs_y = 0},
    {.bitmap_index = 51319, .adv_w = 146, .box_w = 8, .box_h = 12, .ofs_x = 0, .ofs_y = 0},
    {.bitmap_index = 51367, .adv_w = 231, .box_w = 15, .box_h = 12, .ofs_x = -1, .ofs_y = 0},
    {.bitmap_index = 51457, .adv_w = 225, .box_w = 14, .box_h = 9, .ofs_x = 0, .ofs_y = 0},
    {.bitmap_index = 51520, .adv_w = 143, .box_w = 7, .box_h = 16, .ofs_x = 1, .ofs_y = 0},
    {.bitmap_index = 51576, .adv_w = 147, .box_w = 9, .box_h = 13, .ofs_x = 0, .ofs_y = 0},
    {.bitmap_index = 51635, .adv_w = 195, .box_w = 11, .box_h = 12, .ofs_x = 1, .ofs_y = 0},
    {.bitmap_index = 51701, .adv_w = 147, .box_w = 9, .box_h = 9, .ofs_x = 0, .ofs_y = 0},
    {.bitmap_index = 51742, .adv_w = 195, .box_w = 11, .box_h = 15, .ofs_x = 1, .ofs_y = 0},
    {.bitmap_index = 51825, .adv_w = 147, .box_w = 9, .box_h = 12, .ofs_x = 0, .ofs_y = 0},
    {.bitmap_index = 51879, .adv_w = 239, .box_w = 15, .box_h = 15, .ofs_x = 0, .ofs_y = 0},
    {.bitmap_index = 51992, .adv_w = 202, .box_w = 13, .box_h = 12, .ofs_x = 0, .ofs_y = 0},
    {.bitmap_index = 52070, .adv_w = 149, .box_w = 9, .box_h = 15, .ofs_x = 0, .ofs_y = 0},
    {.bitmap_index = 52138, .adv_w = 127, .box_w = 8, .box_h = 12, .ofs_x = 0, .ofs_y = 0},
    {.bitmap_index = 52186, .adv_w = 150, .box_w = 9, .box_h = 12, .ofs_x = 0, .ofs_y = 0},
    {.bitmap_index = 52240, .adv_w = 134, .box_w = 8, .box_h = 13, .ofs_x = 0, .ofs_y = -4},
    {.bitmap_index = 52292, .adv_w = 196, .box_w = 10, .box_h = 15, .ofs_x = 1, .ofs_y = 0},
    {.bitmap_index = 52367, .adv_w = 163, .box_w = 8, .box_h = 12, .ofs_x = 1, .ofs_y = 0},
    {.bitmap_index = 52415, .adv_w = 196, .box_w = 10, .box_h = 15, .ofs_x = 1, .ofs_y = 0},
    {.bitmap_index = 52490, .adv_w = 163, .box_w = 8, .box_h = 12, .ofs_x = 1, .ofs_y = 0},
    {.bitmap_index = 52538, .adv_w = 201, .box_w = 12, .box_h = 15, .ofs_x = 0, .ofs_y = 0},
    {.bitmap_index = 52628, .adv_w = 156, .box_w = 9, .box_h = 12, .ofs_x = 0, .ofs_y = 0},
    {.bitmap_index = 52682, .adv_w = 201, .box_w = 12, .box_h = 12, .ofs_x = 0, .ofs_y = 0},
    {.bitmap_index = 52754, .adv_w = 156, .box_w = 9, .box_h = 9, .ofs_x = 0, .ofs_y = 0},
    {.bitmap_index = 52795, .adv_w = 201, .box_w = 12, .box_h = 15, .ofs_x = 0, .ofs_y = 0},
    {.bitmap_index = 52885, .adv_w = 156, .box_w = 9, .box_h = 12, .ofs_x = 0, .ofs_y = 0},
    {.bitmap_index = 52939, .adv_w = 166, .box_w = 10, .box_h = 15, .ofs_x = 0, .ofs_y = 0},
    {.bitmap_index = 53014, .adv_w = 129, .box_w = 8, .box_h = 12, .ofs_x = 0, .ofs_y = 0},
    {.bitmap_index = 53062, .adv_w = 160, .box_w = 10, .box_h = 15, .ofs_x = 0, .ofs_y = 0},
    {.bitmap_index = 53137, .adv_w = 135, .box_w = 9, .box_h = 16, .ofs_x = 0, .ofs_y = -4},
    {.bitmap_index = 53209, .adv_w = 160, .box_w = 10, .box_h = 15, .ofs_x = 0, .ofs_y = 0},
    {.bitmap_index = 53284, .adv_w = 135, .box_w = 9, .box_h = 16, .ofs_x = 0, .ofs_y = -4},
    {.bitmap_index = 53356, .adv_w = 160, .box_w = 10, .box_h = 16, .ofs_x = 0, .ofs_y = 0},
    {.bitmap_index = 53436, .adv_w = 135, .box_w = 9, .box_h = 17, .ofs_x = 0, .ofs_y = -4},
    {.bitmap_index = 53513, .adv_w = 176, .box_w = 9, .box_h = 15, .ofs_x = 1, .ofs_y = 0},
    {.bitmap_index = 53581, .adv_w = 154, .box_w = 9, .box_h = 12, .ofs_x = 0, .ofs_y = 0},
    {.bitmap_index = 53635, .adv_w = 138, .box_w = 8, .box_h = 15, .ofs_x = 1, .ofs_y = -3},
    {.bitmap_index = 53695, .adv_w = 114, .box_w = 6, .box_h = 12, .ofs_x = 1, .ofs_y = -3},
    {.bitmap_index = 53731, .adv_w = 223, .box_w = 12, .box_h = 15, .ofs_x = 1, .ofs_y = 0},
    {.bitmap_index = 53821, .adv_w = 201, .box_w = 11, .box_h = 12, .ofs_x = 1, .ofs_y = 0},
    {.bitmap_index = 53887, .adv_w = 138, .box_w = 9, .box_h = 16, .ofs_x = 0, .ofs_y = -4},
    {.bitmap_index = 53959, .adv_w = 115, .box_w = 7, .box_h = 13, .ofs_x = 0, .ofs_y = -4},
    {.bitmap_index = 54005, .adv_w = 169, .box_w = 11, .box_h = 16, .ofs_x = 0, .ofs_y = -4},
    {.bitmap_index = 54093, .adv_w = 148, .box_w = 9, .box_h = 13, .ofs_x = 0, .ofs_y = -4},
    {.bitmap_index = 54152, .adv_w = 156, .box_w = 10, .box_h = 12, .ofs_x = 0, .ofs_y = 0},
    {.bitmap_index = 54212, .adv_w = 139, .box_w = 9, .box_h = 9, .ofs_x = 0, .ofs_y = 0},
    {.bitmap_index = 54253, .adv_w = 159, .box_w = 9, .box_h = 12, .ofs_x = 0, .ofs_y = 0},
    {.bitmap_index = 54307, .adv_w = 159, .box_w = 9, .box_h = 13, .ofs_x = 0, .ofs_y = 0},
    {.bitmap_index = 54366, .adv_w = 233, .box_w = 14, .box_h = 12, .ofs_x = 0, .ofs_y = 0},
    {.bitmap_index = 54450, .adv_w = 232, .box_w = 14, .box_h = 13, .ofs_x = 0, .ofs_y = 0},
    {.bitmap_index = 54541, .adv_w = 232, .box_w = 14, .box_h = 12, .ofs_x = 0, .ofs_y = 0},
    {.bitmap_index = 54625, .adv_w = 212, .box_w = 12, .box_h = 9, .ofs_x = 0, .ofs_y = 0},
    {.bitmap_index = 54679, .adv_w = 167, .box_w = 11, .box_h = 15, .ofs_x = 0, .ofs_y = -3},
    {.bitmap_index = 54762, .adv_w = 147, .box_w = 9, .box_h = 12, .ofs_x = 0, .ofs_y = -3},
    {.bitmap_index = 54816, .adv_w = 256, .box_w = 15, .box_h = 12, .ofs_x = 0, .ofs_y = 0},
    {.bitmap_index = 54906, .adv_w = 226, .box_w = 13, .box_h = 9, .ofs_x = 0, .ofs_y = 0},
    {.bitmap_index = 54965, .adv_w = 262, .box_w = 14, .box_h = 12, .ofs_x = 1, .ofs_y = 0},
    {.bitmap_index = 55049, .adv_w = 237, .box_w = 13, .box_h = 9, .ofs_x = 1, .ofs_y = 0},
    {.bitmap_index = 55108, .adv_w = 198, .box_w = 12, .box_h = 12, .ofs_x = 0, .ofs_y = 0},
    {.bitmap_index = 55180, .adv_w = 166, .box_w = 10, .box_h = 9, .ofs_x = 0, .ofs_y = 0},
    {.bitmap_index = 55225, .adv_w = 186, .box_w = 11, .box_h = 12, .ofs_x = 0, .ofs_y = 0},
    {.bitmap_index = 55291, .adv_w = 174, .box_w = 10, .box_h = 9, .ofs_x = 0, .ofs_y = 0},
    {.bitmap_index = 55336, .adv_w = 155, .box_w = 10, .box_h = 12, .ofs_x = 0, .ofs_y = 0},
    {.bitmap_index = 55396, .adv_w = 129, .box_w = 8, .box_h = 9, .ofs_x = 0, .ofs_y = 0},
    {.bitmap_index = 55432, .adv_w = 191, .box_w = 12, .box_h = 16, .ofs_x = 0, .ofs_y = -4},
    {.bitmap_index = 55528, .adv_w = 161, .box_w = 10, .box_h = 13, .ofs_x = 0, .ofs_y = -4},
    {.bitmap_index = 55593, .adv_w = 248, .box_w = 16, .box_h = 12, .ofs_x = 0, .ofs_y = 0},
    {.bitmap_index = 55689, .adv_w = 212, .box_w = 14, .box_h = 9, .ofs_x = 0, .ofs_y = 0},
    {.bitmap_index = 55752, .adv_w = 211, .box_w = 13, .box_h = 12, .ofs_x = 1, .ofs_y = 0},
    {.bitmap_index = 55830, .adv_w = 213, .box_w = 13, .box_h = 13, .ofs_x = 1, .ofs_y = -4},
    {.bitmap_index = 55915, .adv_w = 231, .box_w = 14, .box_h = 12, .ofs_x = 0, .ofs_y = 0},
    {.bitmap_index = 55999, .adv_w = 227, .box_w = 14, .box_h = 9, .ofs_x = 0, .ofs_y = 0},
    {.bitmap_index = 56062, .adv_w = 201, .box_w = 12, .box_h = 15, .ofs_x = 0, .ofs_y = -3},
    {.bitmap_index = 56152, .adv_w = 159, .box_w = 9, .box_h = 13, .ofs_x = 0, .ofs_y = -4},
    {.bitmap_index = 56211, .adv_w = 241, .box_w = 15, .box_h = 12, .ofs_x = 0, .ofs_y = 0},
    {.bitmap_index = 56301, .adv_w = 207, .box_w = 13, .box_h = 9, .ofs_x = 0, .ofs_y = 0},
    {.bitmap_index = 56360, .adv_w = 165, .box_w = 10, .box_h = 12, .ofs_x = 1, .ofs_y = 0},
    {.bitmap_index = 56420, .adv_w = 142, .box_w = 8, .box_h = 10, .ofs_x = 1, .ofs_y = 0},
    {.bitmap_index = 56460, .adv_w = 266, .box_w = 16, .box_h = 16, .ofs_x = 0, .ofs_y = -4},
    {.bitmap_index = 56588, .adv_w = 214, .box_w = 13, .box_h = 13, .ofs_x = 0, .ofs_y = -4},
    {.bitmap_index = 56673, .adv_w = 284, .box_w = 17, .box_h = 16, .ofs_x = 1, .ofs_y = -4},
    {.bitmap_index = 56809, .adv_w = 227, .box_w = 13, .box_h = 13, .ofs_x = 1, .ofs_y = -4},
    {.bitmap_index = 56894, .adv_w = 196, .box_w = 11, .box_h = 15, .ofs_x = 1, .ofs_y = -3},
    {.bitmap_index = 56977, .adv_w = 171, .box_w = 10, .box_h = 12, .ofs_x = 1, .ofs_y = -3},
    {.bitmap_index = 57037, .adv_w = 196, .box_w = 11, .box_h = 15, .ofs_x = 1, .ofs_y = -3},
    {.bitmap_index = 57120, .adv_w = 171, .box_w = 10, .box_h = 16, .ofs_x = 1, .ofs_y = -3},
    {.bitmap_index = 57200, .adv_w = 189, .box_w = 12, .box_h = 16, .ofs_x = -1, .ofs_y = -4},
    {.bitmap_index = 57296, .adv_w = 162, .box_w = 10, .box_h = 13, .ofs_x = -1, .ofs_y = -4},
    {.bitmap_index = 57361, .adv_w = 369, .box_w = 23, .box_h = 15, .ofs_x = 0, .ofs_y = -3},
    {.bitmap_index = 57534, .adv_w = 315, .box_w = 20, .box_h = 12, .ofs_x = 0, .ofs_y = -3},
    {.bitmap_index = 57654, .adv_w = 183, .box_w = 12, .box_h = 16, .ofs_x = 0, .ofs_y = -4},
    {.bitmap_index = 57750, .adv_w = 158, .box_w = 10, .box_h = 13, .ofs_x = 0, .ofs_y = -4},
    {.bitmap_index = 57815, .adv_w = 187, .box_w = 12, .box_h = 16, .ofs_x = 0, .ofs_y = -4},
    {.bitmap_index = 57911, .adv_w = 156, .box_w = 10, .box_h = 12, .ofs_x = 0, .ofs_y = -3},
    {.bitmap_index = 57971, .adv_w = 241, .box_w = 15, .box_h = 16, .ofs_x = 0, .ofs_y = 0},
    {.bitmap_index = 58091, .adv_w = 207, .box_w = 13, .box_h = 12, .ofs_x = 0, .ofs_y = 0},
    {.bitmap_index = 58169, .adv_w = 241, .box_w = 15, .box_h = 16, .ofs_x = 0, .ofs_y = 0},
    {.bitmap_index = 58289, .adv_w = 207, .box_w = 13, .box_h = 12, .ofs_x = 0, .ofs_y = 0},
    {.bitmap_index = 58367, .adv_w = 241, .box_w = 15, .box_h = 15, .ofs_x = 0, .ofs_y = 0},
    {.bitmap_index = 58480, .adv_w = 207, .box_w = 13, .box_h = 12, .ofs_x = 0, .ofs_y = 0},
    {.bitmap_index = 58558, .adv_w = 186, .box_w = 11, .box_h = 12, .ofs_x = 1, .ofs_y = 0},
    {.bitmap_index = 58624, .adv_w = 150, .box_w = 10, .box_h = 16, .ofs_x = 0, .ofs_y = 0},
    {.bitmap_index = 58704, .adv_w = 135, .box_w = 9, .box_h = 16, .ofs_x = 0, .ofs_y = -4},
    {.bitmap_index = 58776, .adv_w = 82, .box_w = 5, .box_h = 2, .ofs_x = 0, .ofs_y = 4},
    {.bitmap_index = 58781, .adv_w = 82, .box_w = 5, .box_h = 2, .ofs_x = 0, .ofs_y = 4},
    {.bitmap_index = 58786, .adv_w = 147, .box_w = 9, .box_h = 3, .ofs_x = 0, .ofs_y = 4},
    {.bitmap_index = 58800, .adv_w = 128, .box_w = 8, .box_h = 3, .ofs_x = 0, .ofs_y = 3},
    {.bitmap_index = 58812, .adv_w = 256, .box_w = 16, .box_h = 3, .ofs_x = 0, .ofs_y = 3},
    {.bitmap_index = 58836, .adv_w = 256, .box_w = 16, .box_h = 3, .ofs_x = 0, .ofs_y = 3},
    {.bitmap_index = 58860, .adv_w = 141, .box_w = 6, .box_h = 16, .ofs_x = 1, .ofs_y = -4},
    {.bitmap_index = 58908, .adv_w = 105, .box_w = 8, .box_h = 4, .ofs_x = -1, .ofs_y = -5},
    {.bitmap_index = 58924, .adv_w = 48, .box_w = 3, .box_h = 5, .ofs_x = 0, .ofs_y = 7},
    {.bitmap_index = 58932, .adv_w = 48, .box_w = 3, .box_h = 5, .ofs_x = 0, .ofs_y = 7},
    {.bitmap_index = 58940, .adv_w = 67, .box_w = 4, .box_h = 5, .ofs_x = 0, .ofs_y = -2},
    {.bitmap_index = 58950, .adv_w = 48, .box_w = 3, .box_h = 5, .ofs_x = 0, .ofs_y = 7},
    {.bitmap_index = 58958, .adv_w = 98, .box_w = 6, .box_h = 5, .ofs_x = 0, .ofs_y = 7},
    {.bitmap_index = 58973, .adv_w = 98, .box_w = 6, .box_h = 5, .ofs_x = 0, .ofs_y = 7},
    {.bitmap_index = 58988, .adv_w = 114, .box_w = 7, .box_h = 5, .ofs_x = 0, .ofs_y = -2},
    {.bitmap_index = 59006, .adv_w = 98, .box_w = 6, .box_h = 5, .ofs_x = 0, .ofs_y = 7},
    {.bitmap_index = 59021, .adv_w = 131, .box_w = 7, .box_h = 12, .ofs_x = 1, .ofs_y = 0},
    {.bitmap_index = 59063, .adv_w = 132, .box_w = 8, .box_h = 12, .ofs_x = 0, .ofs_y = 0},
    {.bitmap_index = 59111, .adv_w = 96, .box_w = 4, .box_h = 5, .ofs_x = 1, .ofs_y = 4},
    {.bitmap_index = 59121, .adv_w = 95, .box_w = 5, .box_h = 6, .ofs_x = 1, .ofs_y = 3},
    {.bitmap_index = 59136, .adv_w = 128, .box_w = 4, .box_h = 3, .ofs_x = 2, .ofs_y = 0},
    {.bitmap_index = 59142, .adv_w = 140, .box_w = 7, .box_h = 3, .ofs_x = 1, .ofs_y = 0},
    {.bitmap_index = 59153, .adv_w = 207, .box_w = 11, .box_h = 3, .ofs_x = 1, .ofs_y = 0},
    {.bitmap_index = 59170, .adv_w = 70, .box_w = 3, .box_h = 3, .ofs_x = 1, .ofs_y = 3},
    {.bitmap_index = 59175, .adv_w = 309, .box_w = 19, .box_h = 12, .ofs_x = 0, .ofs_y = 0},
    {.bitmap_index = 59289, .adv_w = 83, .box_w = 5, .box_h = 8, .ofs_x = 0, .ofs_y = 0},
    {.bitmap_index = 59309, .adv_w = 83, .box_w = 5, .box_h = 8, .ofs_x = 0, .ofs_y = 0},
    {.bitmap_index = 59329, .adv_w = 146, .box_w = 9, .box_h = 12, .ofs_x = 0, .ofs_y = 0},
    {.bitmap_index = 59383, .adv_w = 242, .box_w = 13, .box_h = 13, .ofs_x = 1, .ofs_y = -2},
    {.bitmap_index = 59468, .adv_w = 146, .box_w = 9, .box_h = 12, .ofs_x = 0, .ofs_y = 0},
    {.bitmap_index = 59522, .adv_w = 207, .box_w = 12, .box_h = 12, .ofs_x = 1, .ofs_y = 0},
    {.bitmap_index = 59594, .adv_w = 220, .box_w = 13, .box_h = 12, .ofs_x = 1, .ofs_y = 0},
    {.bitmap_index = 59672, .adv_w = 177, .box_w = 11, .box_h = 12, .ofs_x = 0, .ofs_y = 0},
    {.bitmap_index = 59738, .adv_w = 214, .box_w = 12, .box_h = 12, .ofs_x = 1, .ofs_y = 0},
    {.bitmap_index = 59810, .adv_w = 160, .box_w = 10, .box_h = 15, .ofs_x = 0, .ofs_y = -3},
    {.bitmap_index = 59885, .adv_w = 146, .box_w = 9, .box_h = 12, .ofs_x = 0, .ofs_y = 0},
    {.bitmap_index = 59939, .adv_w = 146, .box_w = 10, .box_h = 12, .ofs_x = 0, .ofs_y = 0},
    {.bitmap_index = 59999, .adv_w = 146, .box_w = 9, .box_h = 12, .ofs_x = 0, .ofs_y = 0},
    {.bitmap_index = 60053, .adv_w = 251, .box_w = 16, .box_h = 16, .ofs_x = 0, .ofs_y = -4},
    {.bitmap_index = 60181, .adv_w = 149, .box_w = 9, .box_h = 16, .ofs_x = 0, .ofs_y = -4},
    {.bitmap_index = 60253, .adv_w = 146, .box_w = 10, .box_h = 12, .ofs_x = 0, .ofs_y = 0},
    {.bitmap_index = 60313, .adv_w = 187, .box_w = 11, .box_h = 14, .ofs_x = 0, .ofs_y = -2},
    {.bitmap_index = 60390, .adv_w = 159, .box_w = 10, .box_h = 12, .ofs_x = 0, .ofs_y = 0},
    {.bitmap_index = 60450, .adv_w = 142, .box_w = 9, .box_h = 12, .ofs_x = 0, .ofs_y = 0},
    {.bitmap_index = 60504, .adv_w = 162, .box_w = 10, .box_h = 14, .ofs_x = 0, .ofs_y = -2},
    {.bitmap_index = 60574, .adv_w = 165, .box_w = 10, .box_h = 11, .ofs_x = 0, .ofs_y = 0},
    {.bitmap_index = 60629, .adv_w = 186, .box_w = 11, .box_h = 13, .ofs_x = 0, .ofs_y = -1},
    {.bitmap_index = 60701, .adv_w = 142, .box_w = 9, .box_h = 12, .ofs_x = 0, .ofs_y = 0},
    {.bitmap_index = 60755, .adv_w = 146, .box_w = 7, .box_h = 12, .ofs_x = 1, .ofs_y = 0},
    {.bitmap_index = 60797, .adv_w = 146, .box_w = 9, .box_h = 12, .ofs_x = 0, .ofs_y = 0},
    {.bitmap_index = 60851, .adv_w = 202, .box_w = 13, .box_h = 12, .ofs_x = 0, .ofs_y = 0},
    {.bitmap_index = 60929, .adv_w = 212, .box_w = 13, .box_h = 12, .ofs_x = 0, .ofs_y = 0},
    {.bitmap_index = 61007, .adv_w = 150, .box_w = 9, .box_h = 12, .ofs_x = 0, .ofs_y = 0},
    {.bitmap_index = 61061, .adv_w = 199, .box_w = 11, .box_h = 12, .ofs_x = 1, .ofs_y = 0},
    {.bitmap_index = 61127, .adv_w = 146, .box_w = 8, .box_h = 16, .ofs_x = 1, .ofs_y = -2},
    {.bitmap_index = 61191, .adv_w = 262, .box_w = 15, .box_h = 12, .ofs_x = 1, .ofs_y = 0},
    {.bitmap_index = 61281, .adv_w = 198, .box_w = 12, .box_h = 7, .ofs_x = 0, .ofs_y = 5},
    {.bitmap_index = 61323, .adv_w = 256, .box_w = 16, .box_h = 17, .ofs_x = 0, .ofs_y = -2},
    {.bitmap_index = 61459, .adv_w = 288, .box_w = 18, .box_h = 17, .ofs_x = 0, .ofs_y = -3},
    {.bitmap_index = 61612, .adv_w = 256, .box_w = 16, .box_h = 12, .ofs_x = 0, .ofs_y = 0},
    {.bitmap_index = 61708, .adv_w = 256, .box_w = 16, .box_h = 14, .ofs_x = 0, .ofs_y = -1},
    {.bitmap_index = 61820, .adv_w = 256, .box_w = 16, .box_h = 12, .ofs_x = 0, .ofs_y = 0},
    {.bitmap_index = 61916, .adv_w = 176, .box_w = 11, .box_h = 12, .ofs_x = 0, .ofs_y = 0},
    {.bitmap_index = 61982, .adv_w = 256, .box_w = 16, .box_h = 16, .ofs_x = 0, .ofs_y = -2},
    {.bitmap_index = 62110, .adv_w = 256, .box_w = 16, .box_h = 16, .ofs_x = 0, .ofs_y = -2},
    {.bitmap_index = 62238, .adv_w = 288, .box_w = 18, .box_h = 14, .ofs_x = 0, .ofs_y = -1},
    {.bitmap_index = 62364, .adv_w = 256, .box_w = 16, .box_h = 16, .ofs_x = 0, .ofs_y = -2},
    {.bitmap_index = 62492, .adv_w = 256, .box_w = 16, .box_h = 16, .ofs_x = 0, .ofs_y = -2},
    {.bitmap_index = 62620, .adv_w = 288, .box_w = 18, .box_h = 12, .ofs_x = 0, .ofs_y = 0},
    {.bitmap_index = 62728, .adv_w = 256, .box_w = 16, .box_h = 16, .ofs_x = 0, .ofs_y = -2},
    {.bitmap_index = 62856, .adv_w = 256, .box_w = 16, .box_h = 17, .ofs_x = 0, .ofs_y = -2},
    {.bitmap_index = 62992, .adv_w = 128, .box_w = 8, .box_h = 14, .ofs_x = 0, .ofs_y = -1},
    {.bitmap_index = 63048, .adv_w = 192, .box_w = 12, .box_h = 14, .ofs_x = 0, .ofs_y = -1},
    {.bitmap_index = 63132, .adv_w = 288, .box_w = 18, .box_h = 16, .ofs_x = 0, .ofs_y = -2},
    {.bitmap_index = 63276, .adv_w = 256, .box_w = 16, .box_h = 12, .ofs_x = 0, .ofs_y = 0},
    {.bitmap_index = 63372, .adv_w = 176, .box_w = 11, .box_h = 16, .ofs_x = 0, .ofs_y = -2},
    {.bitmap_index = 63460, .adv_w = 224, .box_w = 10, .box_h = 16, .ofs_x = 2, .ofs_y = -2},
    {.bitmap_index = 63540, .adv_w = 224, .box_w = 14, .box_h = 18, .ofs_x = 0, .ofs_y = -3},
    {.bitmap_index = 63666, .adv_w = 224, .box_w = 14, .box_h = 15, .ofs_x = 0, .ofs_y = -1},
    {.bitmap_index = 63771, .adv_w = 224, .box_w = 14, .box_h = 14, .ofs_x = 0, .ofs_y = -1},
    {.bitmap_index = 63869, .adv_w = 224, .box_w = 10, .box_h = 16, .ofs_x = 2, .ofs_y = -2},
    {.bitmap_index = 63949, .adv_w = 224, .box_w = 16, .box_h = 14, .ofs_x = -1, .ofs_y = -1},
    {.bitmap_index = 64061, .adv_w = 160, .box_w = 10, .box_h = 14, .ofs_x = 0, .ofs_y = -1},
    {.bitmap_index = 64131, .adv_w = 160, .box_w = 10, .box_h = 14, .ofs_x = 0, .ofs_y = -1},
    {.bitmap_index = 64201, .adv_w = 224, .box_w = 14, .box_h = 14, .ofs_x = 0, .ofs_y = -1},
    {.bitmap_index = 64299, .adv_w = 224, .box_w = 14, .box_h = 4, .ofs_x = 0, .ofs_y = 4},
    {.bitmap_index = 64327, .adv_w = 288, .box_w = 18, .box_h = 12, .ofs_x = 0, .ofs_y = 0},
    {.bitmap_index = 64435, .adv_w = 320, .box_w = 20, .box_h = 16, .ofs_x = 0, .ofs_y = -2},
    {.bitmap_index = 64595, .adv_w = 288, .box_w = 20, .box_h = 16, .ofs_x = -1, .ofs_y = -2},
    {.bitmap_index = 64755, .adv_w = 256, .box_w = 16, .box_h = 16, .ofs_x = 0, .ofs_y = -2},
    {.bitmap_index = 64883, .adv_w = 224, .box_w = 14, .box_h = 10, .ofs_x = 0, .ofs_y = 1},
    {.bitmap_index = 64953, .adv_w = 224, .box_w = 14, .box_h = 10, .ofs_x = 0, .ofs_y = 1},
    {.bitmap_index = 65023, .adv_w = 320, .box_w = 20, .box_h = 14, .ofs_x = 0, .ofs_y = -1},
    {.bitmap_index = 65163, .adv_w = 256, .box_w = 16, .box_h = 12, .ofs_x = 0, .ofs_y = 0},
    {.bitmap_index = 65259, .adv_w = 256, .box_w = 16, .box_h = 12, .ofs_x = 0, .ofs_y = 0},
    {.bitmap_index = 65355, .adv_w = 256, .box_w = 16, .box_h = 16, .ofs_x = 0, .ofs_y = -2},
    {.bitmap_index = 65483, .adv_w = 192, .box_w = 12, .box_h = 16, .ofs_x = 0, .ofs_y = -2},
    {.bitmap_index = 65579, .adv_w = 256, .box_w = 16, .box_h = 16, .ofs_x = 0, .ofs_y = -2},
    {.bitmap_index = 65707, .adv_w = 256, .box_w = 17, .box_h = 17, .ofs_x = -1, .ofs_y = -2},
    {.bitmap_index = 65852, .adv_w = 248, .box_w = 16, .box_h = 16, .ofs_x = 0, .ofs_y = -2},
    {.bitmap_index = 65980, .adv_w = 320, .box_w = 20, .box_h = 14, .ofs_x = 0, .ofs_y = -1},
    {.bitmap_index = 66120, .adv_w = 224, .box_w = 15, .box_h = 14, .ofs_x = 0, .ofs_y = -1},
    {.bitmap_index = 66225, .adv_w = 224, .box_w = 14, .box_h = 16, .ofs_x = 0, .ofs_y = -2},
    {.bitmap_index = 66337, .adv_w = 224, .box_w = 14, .box_h = 14, .ofs_x = 0, .ofs_y = -1},
    {.bitmap_index = 66435, .adv_w = 224, .box_w = 14, .box_h = 14, .ofs_x = 0, .ofs_y = -1},
    {.bitmap_index = 66533, .adv_w = 256, .box_w = 16, .box_h = 12, .ofs_x = 0, .ofs_y = 0},
    {.bitmap_index = 66629, .adv_w = 160, .box_w = 12, .box_h = 16, .ofs_x = -1, .ofs_y = -2},
    {.bitmap_index = 66725, .adv_w = 224, .box_w = 14, .box_h = 16, .ofs_x = 0, .ofs_y = -2},
    {.bitmap_index = 66837, .adv_w = 224, .box_w = 14, .box_h = 16, .ofs_x = 0, .ofs_y = -2},
    {.bitmap_index = 66949, .adv_w = 288, .box_w = 18, .box_h = 12, .ofs_x = 0, .ofs_y = 0},
    {.bitmap_index = 67057, .adv_w = 256, .box_w = 18, .box_h = 18, .ofs_x = -1, .ofs_y = -3},
    {.bitmap_index = 67219, .adv_w = 248, .box_w = 16, .box_h = 16, .ofs_x = 0, .ofs_y = -2},
    {.bitmap_index = 67347, .adv_w = 192, .box_w = 12, .box_h = 16, .ofs_x = 0, .ofs_y = -2},
    {.bitmap_index = 67443, .adv_w = 320, .box_w = 20, .box_h = 15, .ofs_x = 0, .ofs_y = -1},
    {.bitmap_index = 67593, .adv_w = 320, .box_w = 20, .box_h = 10, .ofs_x = 0, .ofs_y = 1},
    {.bitmap_index = 67693, .adv_w = 320, .box_w = 20, .box_h = 10, .ofs_x = 0, .ofs_y = 1},
    {.bitmap_index = 67793, .adv_w = 320, .box_w = 20, .box_h = 10, .ofs_x = 0, .ofs_y = 1},
    {.bitmap_index = 67893, .adv_w = 320, .box_w = 20, .box_h = 10, .ofs_x = 0, .ofs_y = 1},
    {.bitmap_index = 67993, .adv_w = 320, .box_w = 20, .box_h = 10, .ofs_x = 0, .ofs_y = 1},
    {.bitmap_index = 68093, .adv_w = 288, .box_w = 18, .box_h = 16, .ofs_x = 0, .ofs_y = -2},
    {.bitmap_index = 68237, .adv_w = 320, .box_w = 21, .box_h = 14, .ofs_x = 0, .ofs_y = -1},
    {.bitmap_index = 68384, .adv_w = 224, .box_w = 12, .box_h = 16, .ofs_x = 1, .ofs_y = -2},
    {.bitmap_index = 68480, .adv_w = 224, .box_w = 14, .box_h = 16, .ofs_x = 0, .ofs_y = -2},
    {.bitmap_index = 68592, .adv_w = 224, .box_w = 14, .box_h = 16, .ofs_x = 0, .ofs_y = -2},
    {.bitmap_index = 68704, .adv_w = 256, .box_w = 17, .box_h = 17, .ofs_x = -1, .ofs_y = -3},
    {.bitmap_index = 68849, .adv_w = 192, .box_w = 12, .box_h = 16, .ofs_x = 0, .ofs_y = -2},
    {.bitmap_index = 68945, .adv_w = 256, .box_w = 16, .box_h = 16, .ofs_x = 0, .ofs_y = -2},
    {.bitmap_index = 69073, .adv_w = 320, .box_w = 20, .box_h = 17, .ofs_x = 0, .ofs_y = -3},
    {.bitmap_index = 69243, .adv_w = 320, .box_w = 20, .box_h = 12, .ofs_x = 0, .ofs_y = 0},
    {.bitmap_index = 69363, .adv_w = 256, .box_w = 17, .box_h = 14, .ofs_x = 0, .ofs_y = -1},
    {.bitmap_index = 69482, .adv_w = 192, .box_w = 12, .box_h = 16, .ofs_x = 0, .ofs_y = -2},
    {.bitmap_index = 69578, .adv_w = 258, .box_w = 17, .box_h = 11, .ofs_x = 0, .ofs_y = 1}
};

/*---------------------
 *  CHARACTER MAPPING
 *--------------------*/

static const uint8_t glyph_id_ofs_list_3[] = {
    0, 1, 2, 3, 4, 5, 6, 7,
    0, 0, 8, 9, 10, 11, 12, 13,
    0, 0, 0, 0, 14, 15, 16, 17,
    18, 19, 20, 0, 21
};

static const uint16_t unicode_list_8[] = {
    0x0, 0x1, 0x2, 0x3, 0x4, 0x5, 0x1e, 0x72,
    0x73
};

static const uint16_t unicode_list_10[] = {
    0x0, 0x9, 0xa
};

static const uint16_t unicode_list_12[] = {
    0x0, 0xc, 0xceeb, 0xceef, 0xcef2, 0xcef5, 0xcef6, 0xcef7,
    0xcefb, 0xcefd, 0xceff, 0xcf01, 0xcf03, 0xcf06, 0xcf0b, 0xcf0e,
    0xcf10, 0xcf11, 0xcf12, 0xcf28, 0xcf2d, 0xcf32, 0xcf35, 0xcf36,
    0xcf37, 0xcf3b, 0xcf3c, 0xcf3d, 0xcf3e, 0xcf51, 0xcf52, 0xcf58,
    0xcf5a, 0xcf5b, 0xcf5e, 0xcf61, 0xcf62, 0xcf63, 0xcf65, 0xcf6a,
    0xcf6e, 0xcf77, 0xcf7d, 0xcf7f, 0xcf96, 0xcfaa, 0xcfae, 0xcfaf,
    0xcfb1, 0xcfb3, 0xcfca, 0xcfd1, 0xcfd4, 0xcfdd, 0xd006, 0xd00e,
    0xd038, 0xd045, 0xd0d5, 0xd12a, 0xd12b, 0xd12c, 0xd12d, 0xd12e,
    0xd163, 0xd171, 0xd17d, 0xd1d7, 0xd1dc, 0xd1ee, 0xd2af, 0xd3c1,
    0xd403, 0xd444, 0xd593, 0xd6ac, 0xd78c
};

/*Collect the unicode lists and glyph_id offsets*/
static const lv_font_fmt_txt_cmap_t cmaps[] =
{
    {
        .range_start = 32, .range_length = 95, .glyph_id_start = 1,
        .unicode_list = NULL, .glyph_id_ofs_list = NULL, .list_length = 0, .type = LV_FONT_FMT_TXT_CMAP_FORMAT0_TINY
    },
    {
        .range_start = 160, .range_length = 176, .glyph_id_start = 96,
        .unicode_list = NULL, .glyph_id_ofs_list = NULL, .list_length = 0, .type = LV_FONT_FMT_TXT_CMAP_FORMAT0_TINY
    },
    {
        .range_start = 336, .range_length = 256, .glyph_id_start = 272,
        .unicode_list = NULL, .glyph_id_ofs_list = NULL, .list_length = 0, .type = LV_FONT_FMT_TXT_CMAP_FORMAT0_TINY
    },
    {
        .range_start = 880, .range_length = 29, .glyph_id_start = 528,
        .unicode_list = NULL, .glyph_id_ofs_list = glyph_id_ofs_list_3, .list_length = 29, .type = LV_FONT_FMT_TXT_CMAP_FORMAT0_FULL
    },
    {
        .range_start = 910, .range_length = 20, .glyph_id_start = 550,
        .unicode_list = NULL, .glyph_id_ofs_list = NULL, .list_length = 0, .type = LV_FONT_FMT_TXT_CMAP_FORMAT0_TINY
    },
    {
        .range_start = 931, .range_length = 63, .glyph_id_start = 570,
        .unicode_list = NULL, .glyph_id_ofs_list = NULL, .list_length = 0, .type = LV_FONT_FMT_TXT_CMAP_FORMAT0_TINY
    },
    {
        .range_start = 1008, .range_length = 64, .glyph_id_start = 633,
        .unicode_list = NULL, .glyph_id_ofs_list = NULL, .list_length = 0, .type = LV_FONT_FMT_TXT_CMAP_FORMAT0_TINY
    },
    {
        .range_start = 1072, .range_length = 256, .glyph_id_start = 697,
        .unicode_list = NULL, .glyph_id_ofs_list = NULL, .list_length = 0, .type = LV_FONT_FMT_TXT_CMAP_FORMAT0_TINY
    },
    {
        .range_start = 7808, .range_length = 116, .glyph_id_start = 953,
        .unicode_list = unicode_list_8, .glyph_id_ofs_list = NULL, .list_length = 9, .type = LV_FONT_FMT_TXT_CMAP_SPARSE_TINY
    },
    {
        .range_start = 8208, .range_length = 24, .glyph_id_start = 962,
        .unicode_list = NULL, .glyph_id_ofs_list = NULL, .list_length = 0, .type = LV_FONT_FMT_TXT_CMAP_FORMAT0_TINY
    },
    {
        .range_start = 8240, .range_length = 11, .glyph_id_start = 986,
        .unicode_list = unicode_list_10, .glyph_id_ofs_list = NULL, .list_length = 3, .type = LV_FONT_FMT_TXT_CMAP_SPARSE_TINY
    },
    {
        .range_start = 8356, .range_length = 28, .glyph_id_start = 989,
        .unicode_list = NULL, .glyph_id_ofs_list = NULL, .list_length = 0, .type = LV_FONT_FMT_TXT_CMAP_FORMAT0_TINY
    },
    {
        .range_start = 8470, .range_length = 55181, .glyph_id_start = 1017,
        .unicode_list = unicode_list_12, .glyph_id_ofs_list = NULL, .list_length = 77, .type = LV_FONT_FMT_TXT_CMAP_SPARSE_TINY
    }
};

/*-----------------
 *    KERNING
 *----------------*/


/*Map glyph_ids to kern left classes*/
static const uint8_t kern_left_class_mapping[] =
{
    0, 0, 0, 0, 0, 0, 0, 1,
    0, 2, 0, 0, 0, 3, 4, 3,
    0, 0, 0, 0, 0, 0, 0, 0,
    0, 0, 0, 5, 0, 0, 0, 0,
    0, 0, 6, 7, 8, 9, 10, 11,
    0, 0, 0, 0, 8, 12, 0, 0,
    9, 13, 9, 14, 0, 15, 16, 17,
    17, 8, 18, 19, 2, 0, 0, 0,
    20, 0, 21, 22, 23, 0, 22, 24,
    0, 21, 0, 0, 0, 0, 21, 21,
    22, 22, 0, 25, 0, 23, 0, 26,
    26, 27, 26, 0, 2, 0, 0, 0,
    0, 28, 0, 0, 0, 0, 0, 0,
    0, 0, 0, 29, 0, 0, 0, 0,
    0, 0, 0, 0, 0, 0, 0, 0,
    0, 0, 0, 30, 0, 0, 0, 31,
    6, 6, 6, 6, 6, 6, 10, 8,
    10, 10, 10, 10, 0, 0, 0, 0,
    9, 0, 9, 9, 9, 9, 9, 0,
    9, 16, 16, 16, 16, 18, 13, 0,
    21, 21, 21, 21, 21, 21, 22, 0,
    22, 22, 22, 22, 0, 0, 32, 32,
    22, 0, 22, 22, 22, 22, 22, 0,
    22, 0, 0, 0, 0, 26, 22, 26,
    6, 21, 6, 21, 33, 21, 8, 0,
    8, 0, 8, 0, 8, 0, 9, 34,
    9, 0, 10, 22, 10, 22, 10, 22,
    10, 22, 10, 22, 0, 0, 0, 0,
    0, 0, 0, 0, 0, 21, 0, 0,
    0, 35, 0, 32, 0, 0, 36, 0,
    0, 0, 0, 0, 0, 0, 8, 0,
    27, 12, 0, 12, 0, 12, 34, 12,
    0, 12, 0, 0, 21, 0, 21, 0,
    0, 21, 0, 21, 9, 22, 9, 22,
    9, 22, 10, 22, 0, 25, 0, 25,
    0, 25, 0, 0, 0, 0, 0, 0,
    0, 0, 15, 23, 15, 37, 15, 23,
    16, 0, 16, 0, 16, 0, 16, 0,
    16, 0, 16, 0, 17, 26, 18, 26,
    18, 19, 0, 19, 0, 19, 0, 0,
    0, 0, 0, 0, 0, 0, 0, 0,
    0, 0, 0, 0, 0, 0, 0, 0,
    0, 0, 0, 0, 0, 0, 0, 0,
    0, 0, 0, 0, 0, 0, 0, 0,
    38, 39, 0, 0, 0, 0, 0, 0,
    0, 0, 0, 0, 0, 0, 0, 40,
    41, 0, 0, 0, 0, 0, 0, 0,
    0, 0, 0, 0, 0, 0, 0, 0,
    0, 0, 0, 0, 0, 0, 0, 0,
    0, 0, 0, 0, 0, 0, 0, 0,
    0, 0, 0, 0, 0, 0, 0, 0,
    0, 0, 0, 0, 0, 0, 0, 0,
    0, 0, 0, 0, 0, 0, 0, 0,
    0, 0, 0, 0, 0, 0, 0, 0,
    0, 0, 0, 0, 0, 0, 0, 0,
    0, 0, 6, 21, 10, 22, 9, 0,
    0, 0, 0, 0, 0, 0, 0, 0,
    0, 0, 0, 32, 0, 0, 0, 0,
    0, 0, 0, 0, 0, 0, 0, 0,
    0, 0, 15, 23, 0, 0, 0, 0,
    0, 0, 0, 0, 0, 0, 0, 0,
    0, 0, 0, 0, 0, 0, 0, 0,
    0, 0, 0, 0, 0, 0, 0, 0,
    0, 0, 0, 0, 0, 0, 0, 0,
    0, 0, 0, 0, 0, 0, 0, 0,
    0, 0, 0, 0, 0, 0, 0, 0,
    0, 0, 0, 0, 0, 0, 0, 0,
    0, 0, 0, 0, 0, 0, 42, 7,
    42, 0, 0, 0, 0, 43, 44, 0,
    45, 42, 7, 46, 42, 0, 47, 0,
    43, 0, 48, 42, 0, 0, 0, 43,
    0, 0, 47, 49, 44, 43, 0, 44,
    0, 0, 44, 50, 51, 52, 45, 53,
    50, 54, 55, 56, 51, 57, 52, 58,
    45, 0, 59, 50, 55, 60, 56, 51,
    56, 0, 61, 62, 53, 56, 63, 53,
    56, 45, 53, 56, 53, 56, 48, 0,
    0, 0, 0, 0, 56, 0, 0, 0,
    0, 0, 0, 0, 0, 0, 0, 0,
    0, 0, 0, 0, 0, 0, 0, 0,
    0, 0, 0, 0, 0, 0, 0, 0,
    0, 64, 64, 65, 66, 67, 68, 0,
    0, 0, 69, 69, 65, 70, 0, 71,
    0, 72, 73, 74, 66, 75, 64, 70,
    74, 0, 0, 70, 0, 0, 0, 76,
    0, 77, 67, 66, 71, 78, 70, 75,
    0, 0, 75, 69, 0, 69, 76, 76,
    0, 79, 80, 81, 82, 83, 84, 85,
    81, 86, 86, 85, 86, 86, 86, 84,
    86, 84, 87, 82, 88, 84, 85, 83,
    86, 86, 83, 89, 86, 89, 84, 84,
    86, 84, 84, 90, 91, 87, 92, 0,
    93, 94, 89, 89, 95, 85, 86, 88,
    86, 76, 96, 97, 89, 67, 87, 72,
    98, 72, 98, 99, 0, 99, 0, 100,
    0, 0, 84, 76, 84, 71, 96, 71,
    96, 88, 88, 76, 84, 76, 84, 76,
    96, 67, 0, 0, 0, 0, 0, 0,
    0, 0, 0, 75, 83, 97, 89, 77,
    84, 101, 102, 103, 104, 0, 0, 105,
    106, 100, 81, 105, 106, 70, 85, 70,
    85, 70, 85, 75, 83, 103, 102, 0,
    0, 0, 84, 67, 87, 101, 102, 107,
    108, 107, 108, 105, 106, 75, 83, 75,
    83, 0, 0, 0, 0, 109, 110, 109,
    110, 0, 70, 85, 0, 0, 75, 83,
    0, 0, 75, 83, 0, 0, 75, 83,
    0, 72, 79, 72, 79, 64, 110, 64,
    110, 76, 84, 76, 84, 70, 85, 100,
    81, 0, 0, 0, 86, 0, 86, 76,
    84, 76, 84, 76, 84, 76, 84, 71,
    88, 71, 88, 71, 88, 0, 86, 101,
    102, 0, 86, 103, 104, 105, 106, 70,
    106, 0, 0, 111, 112, 111, 112, 75,
    83, 111, 112, 111, 112, 0, 0, 0,
    112, 0, 0, 75, 83, 0, 0, 0,
    0, 0, 0, 0, 0, 0, 0, 70,
    0, 0, 0, 0, 0, 0, 0, 0,
    0, 0, 0, 70, 85, 0, 0, 0,
    83, 17, 26, 17, 26, 17, 26, 0,
    18, 26, 0, 0, 0, 4, 4, 4,
    0, 0, 0, 0, 3, 0, 0, 0,
    3, 0, 0, 0, 0, 0, 0, 0,
    0, 0, 0, 29, 30, 0, 0, 0,
    0, 0, 0, 0, 0, 0, 0, 0,
    0, 0, 0, 0, 0, 0, 0, 0,
    0, 0, 0, 0, 0, 0, 0, 0,
    0, 0, 0, 0, 0, 0, 0, 0,
    0, 0, 0, 0, 0, 0, 0, 0,
    0, 0, 0, 0, 0, 0, 0, 0,
    0, 0, 0, 0, 0, 0, 0, 0,
    0, 0, 0, 0, 0, 0, 0, 0,
    0, 0, 0, 0, 0, 0, 0, 0,
    0, 0, 0, 0, 0, 0, 0, 0,
    0, 0, 0, 0, 0, 0, 0, 0,
    0, 0, 0, 0, 0, 0, 0, 0,
    0, 0, 0, 0, 0, 0
};

/*Map glyph_ids to kern right classes*/
static const uint8_t kern_right_class_mapping[] =
{
    0, 0, 1, 2, 0, 0, 0, 3,
    2, 0, 4, 0, 0, 5, 6, 5,
    0, 0, 0, 0, 0, 0, 0, 0,
    0, 0, 0, 7, 7, 0, 0, 0,
    8, 0, 9, 0, 10, 0, 0, 0,
    10, 0, 11, 12, 0, 0, 0, 0,
    10, 0, 10, 0, 0, 13, 14, 15,
    15, 16, 17, 18, 0, 0, 4, 0,
    0, 0, 19, 20, 21, 21, 21, 22,
    23, 20, 0, 24, 20, 20, 25, 25,
    21, 25, 21, 25, 26, 22, 25, 27,
    27, 27, 27, 28, 0, 0, 4, 0,
    0, 0, 0, 0, 0, 0, 0, 0,
    0, 0, 0, 29, 0, 0, 0, 0,
    0, 0, 0, 0, 0, 0, 0, 0,
    0, 0, 0, 30, 0, 0, 0, 0,
    9, 9, 9, 9, 9, 9, 31, 10,
    0, 0, 0, 0, 0, 0, 0, 0,
    0, 0, 10, 10, 10, 10, 10, 0,
    10, 14, 14, 14, 14, 17, 0, 0,
    21, 19, 19, 19, 19, 19, 19, 21,
    21, 21, 21, 21, 0, 0, 0, 0,
    0, 0, 21, 21, 21, 21, 21, 0,
    21, 25, 25, 25, 25, 27, 20, 27,
    9, 19, 9, 19, 9, 19, 10, 21,
    10, 21, 10, 21, 10, 21, 0, 21,
    0, 21, 0, 21, 0, 21, 0, 21,
    0, 21, 0, 21, 10, 23, 10, 23,
    10, 23, 10, 23, 0, 20, 0, 32,
    0, 33, 0, 0, 0, 0, 0, 0,
    0, 0, 0, 0, 0, 0, 0, 20,
    25, 0, 20, 0, 20, 0, 20, 0,
    20, 0, 0, 0, 25, 0, 25, 0,
    0, 0, 0, 25, 10, 21, 10, 21,
    10, 21, 10, 21, 0, 25, 0, 25,
    0, 0, 0, 26, 0, 0, 0, 26,
    0, 0, 13, 22, 13, 22, 13, 22,
    14, 25, 14, 25, 14, 25, 14, 25,
    14, 25, 14, 25, 15, 27, 17, 27,
    17, 18, 28, 18, 28, 18, 28, 0,
    0, 0, 0, 0, 0, 0, 0, 0,
    0, 0, 0, 0, 0, 0, 0, 0,
    0, 0, 0, 0, 0, 0, 0, 0,
    0, 0, 0, 0, 0, 0, 0, 0,
    10, 21, 0, 0, 0, 0, 0, 0,
    0, 0, 0, 0, 0, 0, 0, 14,
    25, 0, 0, 0, 0, 0, 0, 0,
    0, 0, 0, 0, 0, 0, 0, 0,
    0, 0, 0, 0, 0, 0, 0, 0,
    0, 0, 0, 0, 0, 0, 0, 0,
    0, 0, 0, 0, 0, 0, 0, 0,
    0, 0, 0, 0, 0, 0, 0, 0,
    0, 0, 0, 0, 0, 0, 0, 0,
    0, 0, 0, 0, 0, 0, 0, 0,
    0, 0, 0, 0, 0, 0, 0, 0,
    0, 0, 9, 19, 31, 19, 10, 21,
    0, 0, 0, 0, 0, 0, 0, 0,
    0, 0, 0, 0, 0, 0, 0, 0,
    0, 0, 0, 0, 0, 0, 0, 0,
    0, 26, 13, 22, 0, 0, 0, 0,
    0, 0, 0, 0, 0, 0, 0, 0,
    0, 0, 0, 0, 0, 0, 0, 0,
    0, 0, 0, 0, 0, 0, 0, 0,
    0, 0, 0, 0, 0, 0, 0, 0,
    0, 0, 0, 0, 0, 0, 0, 0,
    0, 0, 0, 0, 0, 0, 0, 0,
    0, 0, 0, 0, 0, 0, 0, 0,
    0, 0, 0, 0, 0, 0, 34, 0,
    34, 0, 0, 0, 0, 35, 36, 0,
    37, 34, 0, 0, 34, 0, 38, 0,
    35, 0, 0, 34, 0, 0, 0, 35,
    0, 0, 38, 39, 36, 35, 40, 36,
    0, 0, 36, 41, 42, 0, 37, 43,
    41, 44, 45, 41, 42, 46, 0, 47,
    37, 44, 48, 44, 45, 49, 41, 50,
    44, 41, 41, 51, 43, 41, 52, 43,
    41, 37, 43, 41, 43, 41, 0, 0,
    0, 0, 0, 0, 41, 0, 0, 0,
    0, 0, 0, 0, 0, 0, 0, 0,
    0, 0, 0, 0, 0, 0, 0, 0,
    0, 0, 0, 0, 0, 0, 0, 0,
    0, 0, 0, 53, 0, 54, 55, 0,
    0, 56, 57, 0, 53, 0, 0, 58,
    0, 59, 0, 0, 0, 60, 0, 61,
    62, 0, 0, 0, 57, 0, 0, 54,
    0, 0, 54, 53, 58, 63, 61, 0,
    64, 0, 0, 53, 0, 0, 62, 0,
    65, 66, 67, 68, 68, 69, 70, 71,
    72, 68, 68, 68, 73, 68, 68, 70,
    68, 68, 70, 74, 75, 70, 71, 68,
    76, 68, 68, 74, 68, 68, 72, 68,
    77, 70, 70, 78, 68, 70, 79, 0,
    80, 81, 73, 68, 78, 68, 68, 75,
    68, 82, 83, 84, 0, 0, 85, 59,
    69, 0, 85, 0, 0, 0, 85, 62,
    0, 64, 0, 82, 66, 86, 83, 86,
    83, 82, 66, 82, 66, 82, 66, 82,
    83, 82, 66, 0, 0, 0, 0, 0,
    0, 0, 0, 0, 85, 84, 78, 0,
    85, 0, 85, 84, 0, 0, 85, 61,
    71, 62, 72, 0, 85, 0, 85, 0,
    78, 87, 74, 0, 85, 0, 85, 0,
    85, 82, 66, 82, 66, 53, 74, 88,
    89, 88, 89, 61, 71, 87, 74, 64,
    76, 64, 76, 0, 85, 90, 91, 90,
    91, 0, 61, 71, 0, 85, 92, 69,
    0, 85, 0, 85, 64, 76, 0, 85,
    0, 59, 93, 59, 93, 59, 93, 0,
    66, 94, 93, 94, 93, 61, 71, 62,
    72, 0, 0, 0, 68, 0, 68, 82,
    66, 82, 66, 82, 66, 62, 72, 58,
    75, 58, 75, 58, 75, 64, 76, 0,
    85, 0, 68, 84, 0, 61, 71, 61,
    71, 95, 66, 95, 66, 96, 97, 96,
    97, 92, 69, 0, 85, 82, 66, 87,
    74, 0, 66, 92, 69, 0, 0, 0,
    0, 0, 0, 0, 0, 0, 0, 0,
    68, 0, 0, 0, 0, 0, 0, 0,
    0, 0, 0, 60, 69, 0, 0, 57,
    73, 15, 27, 15, 27, 15, 27, 0,
    17, 0, 0, 0, 0, 6, 6, 6,
    0, 0, 98, 2, 5, 0, 98, 2,
    5, 0, 0, 0, 0, 0, 0, 0,
    5, 0, 0, 29, 30, 0, 0, 0,
    0, 0, 0, 0, 0, 0, 0, 0,
    0, 0, 0, 0, 0, 0, 0, 0,
    0, 0, 0, 0, 0, 0, 0, 0,
    0, 0, 0, 0, 0, 0, 0, 0,
    0, 0, 0, 0, 0, 0, 0, 0,
    0, 0, 0, 0, 0, 0, 0, 0,
    0, 0, 0, 0, 0, 0, 0, 0,
    0, 0, 0, 0, 0, 0, 0, 0,
    0, 0, 0, 0, 0, 0, 0, 0,
    0, 0, 0, 0, 0, 0, 0, 0,
    0, 0, 0, 0, 0, 0, 0, 0,
    0, 0, 0, 0, 0, 0, 0, 0,
    0, 0, 0, 0, 0, 0
};

/*Kern values between classes*/
static const int8_t kern_class_values[] =
{
    0, 0, 0, 0, 0, 0, 0, 0,
    0, 0, 0, 0, -15, 0, -5, 0,
    -8, 0, 0, 0, 0, 0, 0, 0,
    0, 0, 0, 0, 0, 0, 0, 0,
    0, 0, 0, 0, 0, 0, 0, 0,
    0, 0, 0, 0, 0, 0, 0, 0,
    0, 0, 0, 0, 0, 0, 0, 0,
    0, 0, 0, 0, 0, 0, 0, 0,
    0, 0, 0, 0, 0, 0, 0, 0,
    0, 0, 0, 0, 0, 0, 0, 0,
    0, 0, 0, 0, 0, 0, 0, 0,
    0, 0, 0, 0, 0, 0, 0, 0,
    0, 0, 0, 0, 0, 0, 0, 0,
    0, 0, 0, 0, 0, 23, 0, 0,
    0, 0, 0, 0, 0, 0, 0, 0,
    0, 10, 0, 0, 0, 0, 0, 0,
    0, 0, 0, 0, 0, 0, 0, 0,
    0, 0, 0, 0, 0, 0, 0, 0,
    0, 0, 0, 0, 0, 0, 0, 0,
    0, 26, 0, 0, 0, 0, 0, 0,
    -8, 0, 0, 0, 0, 0, 0, 0,
    0, 0, 0, 0, 0, 0, 0, 0,
    0, 0, 15, 0, 0, 0, 0, 0,
    0, 0, 0, 0, 0, 0, 0, 0,
    0, 0, 0, 0, 0, 0, 0, 0,
    0, 0, 0, 0, 0, -13, 0, 0,
    -18, -5, -15, 0, -15, 0, 0, 0,
    0, 0, 0, 0, 0, 0, 0, 0,
    0, 0, 0, 0, 0, 0, -13, -15,
    0, 0, -18, 0, 0, 0, 0, 0,
    0, 0, 0, 0, 0, 0, 0, 0,
    -13, 0, 0, 15, 0, -5, 0, 0,
    0, 0, -10, -20, 0, 0, 0, 0,
    0, 0, 0, 0, 0, -10, 0, -15,
    0, 0, 0, 0, 0, -13, 0, 0,
    0, -15, -18, -15, 0, -15, 0, 0,
    0, 0, 0, -18, -13, 0, 0, 0,
    0, 0, 0, 0, 0, 0, 0, 0,
    0, 0, -10, 0, 0, 0, 0, 0,
    0, 0, 0, 0, 0, 0, 0, 0,
    0, 0, 0, 0, 0, 0, 0, 0,
    0, 0, 0, 0, -10, 0, 0, 0,
    0, 0, 0, 0, 0, 0, 0, 0,
    0, 0, -10, 0, 0, 0, 0, -5,
    0, 0, -3, 0, 0, 0, 0, 0,
    0, 0, 0, 0, -3, 0, 0, -5,
    0, 0, 0, 0, 0, 0, 0, 0,
    0, 0, 0, 0, -10, 0, 0, 0,
    0, 0, 0, 0, 0, 0, 0, 0,
    0, 0, 0, 0, 0, 0, 0, 0,
    0, 0, 0, 0, 0, 0, 0, 0,
    0, 0, 0, 0, 0, 0, 0, 0,
    0, 0, 0, 0, 0, 0, 0, 0,
    0, 0, 0, 0, 0, 0, 0, 0,
    0, 0, 0, 0, 0, 0, 0, 0,
    0, 0, 0, 0, -6, 0, 0, 0,
    0, 0, 0, 0, -2, 0, -2, -2,
    0, 0, 0, 0, 0, 0, 0, 0,
    0, 0, 0, -2, 0, 0, 0, 0,
    0, 0, 0, 0, 0, 0, 0, 0,
    0, 0, 0, 0, 0, 0, 0, 0,
    0, 0, 0, -18, 0, 0, 0, 0,
    0, 0, 0, -5, 0, 13, -18, 0,
    -10, 0, -15, 0, 0, 0, 0, 0,
    0, 0, 0, 0, 0, 0, 0, 0,
    0, 0, 0, 0, 0, 0, 0, 0,
    0, 0, 0, 0, 0, 0, 0, 0,
    0, 0, 0, 0, 0, 0, 0, 0,
    0, 0, 0, 0, 0, 0, 0, 0,
    0, 0, 0, 0, 0, 0, 0, 0,
    0, 0, 0, 0, 0, 0, 0, 0,
    0, 0, 0, 0, 0, 0, 0, 0,
    0, 0, 0, 0, 0, 0, 0, 0,
    0, 0, 0, 0, 0, 0, 0, 0,
    -3, 0, 0, 0, 0, 0, 0, 0,
    0, 0, 0, 0, 0, 0, 0, 0,
    0, 0, 0, 0, 0, 0, 0, 0,
    0, 0, 0, 0, 0, 0, 0, 0,
    0, 0, 0, 0, 0, 0, 0, 0,
    0, 0, 0, 0, 0, 0, 0, 0,
    0, 0, 0, 0, 0, 0, 0, 0,
    0, 0, 0, 0, 0, 0, 0, 0,
    0, 0, 0, 0, 0, 0, 0, 0,
    0, 0, 0, 0, 0, 0, 0, 0,
    0, 0, 0, 0, 0, 0, 0, 0,
    0, 0, 0, 0, 0, 0, 0, 0,
    0, 0, 0, 0, 0, 0, 0, -5,
    0, 0, 0, 0, 0, 0, 0, 0,
    0, 0, 0, 0, 0, 0, 0, 0,
    0, 0, -5, 0, 0, 0, 0, 0,
    0, 0, 0, 0, 0, 0, 0, 0,
    0, 0, 0, 0, 0, 0, 0, 0,
    0, 0, 0, 0, 0, 0, 0, 0,
    0, 0, 0, 0, 0, 0, 0, 0,
    0, 0, 0, 0, 0, 0, 0, 0,
    0, 0, 0, 0, 0, 0, 0, 0,
    0, 0, 0, 0, 0, 0, 0, 0,
    0, 0, 0, 0, 0, 0, 0, 0,
    0, 0, 0, 0, -10, 0, 0, 0,
    -5, 0, 0, 0, -8, 0, -3, -5,
    -3, -3, 0, 0, 0, 0, 0, 0,
    0, 0, 0, 0, 0, 0, 0, 0,
    0, 0, 0, 0, 0, 0, 0, 0,
    0, 0, 0, 0, 0, 0, 0, 0,
    0, 0, 0, 0, 0, 0, 0, 0,
    0, 0, 0, 0, 0, 0, 0, 0,
    0, 0, 0, 0, 0, 0, 0, 0,
    0, 0, 0, 0, 0, 0, 0, 0,
    0, 0, 0, 0, 0, 0, 0, 0,
    0, 0, 0, 0, 0, 0, 0, 0,
    0, 0, 0, 0, 0, 0, 0, 0,
    0, 0, 0, 0, 0, 15, 0, 0,
    0, 0, 0, 0, 0, 0, 0, 0,
    0, 0, 0, 0, 0, 0, 0, 0,
    0, 0, 0, 0, 0, 0, 0, 0,
    0, 0, 0, 0, 0, 0, 0, 0,
    0, 0, 0, 0, 0, 0, 0, 0,
    0, 0, 0, 0, 0, 0, 0, 0,
    0, 0, 0, 0, 0, 0, 0, 0,
    0, 0, 0, 0, 0, 0, 0, 0,
    0, 0, 0, 0, 0, 0, 0, 0,
    0, 0, 0, 0, 0, 0, 0, 0,
    0, 0, 0, 0, 0, 0, 0, 5,
    -15, 0, 0, 5, -5, 0, 0, 0,
    0, 0, 0, 0, 0, 0, 0, 0,
    0, 0, 0, 0, 0, 0, 0, 0,
    0, 0, 0, 0, 0, 0, 0, 0,
    0, 0, 0, 0, 0, 0, 0, 0,
    0, 0, 0, 0, 0, 0, 0, 0,
    0, 0, 0, 0, 0, 0, 0, 0,
    0, 0, 0, 0, 0, 0, 0, 0,
    0, 0, 0, 0, 0, 0, 0, 0,
    0, 0, 0, 0, 0, 0, 0, 0,
    0, 0, 0, 0, 0, 0, 0, 0,
    0, 0, 0, 0, 0, 0, 0, -20,
    0, 0, 0, 0, 0, 0, 0, -5,
    0, 0, -5, -3, -5, 0, -8, 0,
    0, 0, 0, 0, 0, 0, 0, 0,
    0, 0, 0, 0, 0, 0, 0, 0,
    0, 0, 0, 0, 0, 0, 0, 0,
    0, 0, 0, 0, 0, 0, 0, 0,
    0, 0, 0, 0, 0, 0, 0, 0,
    0, 0, 0, 0, 0, 0, 0, 0,
    0, 0, 0, 0, 0, 0, 0, 0,
    0, 0, 0, 0, 0, 0, 0, 0,
    0, 0, 0, 0, 0, 0, 0, 0,
    0, 0, 0, 0, 0, 0, 0, 0,
    0, 0, -3, 0, -33, 0, 0, 0,
    -13, 0, 0, 0, 0, 0, 0, -5,
    0, -3, 0, 0, 0, 0, 0, 0,
    0, 0, 0, 0, -5, 0, -8, 0,
    0, 0, 0, 0, 0, 0, 0, 0,
    0, 0, 0, 0, 0, 0, 0, 0,
    0, 0, 0, 0, 0, 0, 0, 0,
    0, 0, 0, 0, 0, 0, 0, 0,
    0, 0, 0, 0, 0, 0, 0, 0,
    0, 0, 0, 0, 0, 0, 0, 0,
    0, 0, 0, 0, 0, 0, 0, 0,
    0, 0, 0, 0, 0, 0, 0, 0,
    0, 0, 0, 0, 0, 0, 0, 0,
    0, 0, 0, 0, 0, 0, 0, 0,
    0, 0, 0, 0, 0, 0, 0, 0,
    0, 0, 0, 0, 0, 0, -3, 0,
    0, 0, 0, 0, 0, 0, 0, 0,
    0, 0, 0, 0, 0, 0, 0, 0,
    0, 0, 0, 0, 0, 0, 0, 0,
    0, 0, 0, 0, 0, 0, 0, 0,
    0, 0, 0, 0, 0, 0, 0, 0,
    0, 0, 0, 0, 0, 0, 0, 0,
    0, 0, 0, 0, 0, 0, 0, 0,
    0, 0, 0, 0, 0, 0, 0, 0,
    0, 0, 0, 0, 0, 0, -5, 0,
    -15, -10, 0, 5, -18, -5, 0, 0,
    5, 0, 0, 0, 0, 0, -20, 0,
    -18, 0, -18, 0, -13, -15, -5, -10,
    -15, -8, 0, 0, 0, 0, 0, 0,
    0, 0, 0, 0, 0, 0, 0, 0,
    0, 0, 0, 0, 0, 0, 0, 0,
    0, 0, 0, 0, 0, 0, 0, 0,
    0, 0, 0, 0, 0, 0, 0, 0,
    0, 0, 0, 0, 0, 0, 0, 0,
    0, 0, 0, 0, 0, 0, 0, 0,
    0, 0, 0, 0, 0, 0, 0, 0,
    0, 0, 0, 0, 0, 0, 0, 0,
    0, 0, -5, 0, 0, 0, -3, 0,
    0, 0, 0, 0, 0, 0, 0, 0,
    0, 0, 0, 0, 0, 0, 0, 0,
    0, 0, 0, 0, 0, 0, 0, 0,
    0, 0, 0, 0, 0, 0, 0, 0,
    0, 0, 0, 0, 0, 0, 0, 0,
    0, 0, 0, 0, 0, 0, 0, 0,
    0, 0, 0, 0, 0, 0, 0, 0,
    0, 0, 0, 0, 0, 0, 0, 0,
    0, 0, 0, 0, 0, 0, 0, 0,
    0, 0, 0, 0, 0, 0, 0, 0,
    0, 0, 0, 0, 0, 0, 0, 0,
    0, 0, 0, 0, -13, 0, 0, 5,
    -10, -3, 0, 0, 0, 0, 0, 0,
    0, 0, -5, 0, -5, 0, -3, 0,
    -3, -3, 0, 0, -8, -3, 0, 0,
    0, 0, 0, 0, 0, 0, 0, 0,
    0, 0, 0, 0, 0, 0, 0, 0,
    0, 0, 0, 0, 0, 0, 0, 0,
    0, 0, 0, 0, 0, 0, 0, 0,
    0, 0, 0, 0, 0, 0, 0, 0,
    0, 0, 0, 0, 0, 0, 0, 0,
    0, 0, 0, 0, 0, 0, 0, 0,
    0, 0, 0, 0, 0, 0, 0, 0,
    0, 0, 0, 0, -8, 0, -15, 0,
    0, 5, -15, -5, 0, 0, 0, 0,
    0, 0, 0, 0, -13, 0, -13, 0,
    -13, 0, -8, -10, 0, -5, -20, -8,
    0, 0, 0, 0, 0, 0, 0, 0,
    0, 0, 0, 0, 0, 0, 0, 0,
    0, 0, 0, 0, 0, 0, 0, 0,
    0, 0, 0, 0, 0, 0, 0, 0,
    0, 0, 0, 0, 0, 0, 0, 0,
    0, 0, 0, 0, 0, 0, 0, 0,
    0, 0, 0, 0, 0, 0, 0, 0,
    0, 0, 0, 0, 0, 0, 0, 0,
    0, 0, 0, 0, 0, 0, 0, 0,
    0, 0, 0, 0, 0, -3, 0, 0,
    0, 0, 0, 0, 0, 0, 0, 0,
    0, 0, 0, 0, 0, 0, 0, 0,
    -5, 0, 0, 0, 0, 0, 0, 0,
    0, 0, 0, 0, 0, 0, 0, 0,
    0, 0, 0, 0, 0, 0, 0, 0,
    0, 0, 0, 0, 0, 0, 0, 0,
    0, 0, 0, 0, 0, 0, 0, 0,
    0, 0, 0, 0, 0, 0, 0, 0,
    0, 0, 0, 0, 0, 0, 0, 0,
    0, 0, 0, 0, 0, 0, 0, 0,
    0, 0, 0, 0, 0, 0, 0, 0,
    0, 0, 0, 0, 0, 0, 0, 0,
    0, 24, 0, 0, 0, 0, 0, 0,
    0, 0, 0, 0, 0, 0, 0, 0,
    0, 0, 0, 0, 0, 0, 0, 0,
    0, 0, 0, 0, 0, 0, 0, 0,
    0, 0, 0, 0, 0, 0, 0, 0,
    0, 0, 0, 0, 0, 0, 0, 0,
    0, 0, 0, 0, 0, 0, 0, 0,
    0, 0, 0, 0, 0, 0, 0, 0,
    0, 0, 0, 0, 0, 0, 0, 0,
    0, 0, 0, 0, 0, 0, 0, 0,
    0, 0, 0, 0, 0, 0, 0, 0,
    0, -3, 0, 0, 0, 0, 0, 0,
    0, 0, 0, 0, 0, 0, 0, 0,
    0, 0, 0, 0, 0, 0, 0, 0,
    0, 0, 0, 0, 0, 0, 0, 0,
    0, 0, 0, 0, 0, 0, 0, 0,
    0, 0, 0, 0, 0, 0, 0, 0,
    0, 0, 0, 0, 0, 0, 0, 0,
    0, 0, 0, 0, 0, 0, 0, 0,
    0, 0, 0, 0, 0, 0, 0, 0,
    0, 0, 0, 0, 0, 0, 0, 0,
    0, 0, 0, 0, 0, 0, 0, 0,
    0, 0, 0, 0, 0, 0, 0, 0,
    0, 0, 0, -3, 0, 0, 0, 0,
    0, 0, 0, 0, 0, 0, 0, 0,
    0, 0, 0, 0, 0, 0, 0, 0,
    0, 0, 0, 0, -5, -3, 0, 0,
    0, 0, 0, 0, 0, 0, 0, 0,
    0, 0, 0, 0, 0, 0, 0, 0,
    0, 0, 0, 0, 0, 0, 0, 0,
    0, 0, 0, 0, 0, 0, 0, 0,
    0, 0, 0, 0, 0, 0, 0, 0,
    0, 0, 0, 0, 0, 0, 0, 0,
    0, 0, 0, 0, 0, 0, 0, 0,
    0, 0, 0, 0, 0, 0, 0, 0,
    0, 0, 0, 0, 0, 5, 0, 0,
    0, 0, 0, 0, 0, 0, 0, 0,
    0, 0, 0, 0, 0, 0, 0, 0,
    0, 0, 0, 0, 0, 0, 0, 0,
    0, 0, 0, 0, 0, 0, 0, 0,
    0, 0, 0, 0, 0, 0, 0, 0,
    0, 0, 0, 0, 0, 0, 0, 0,
    0, 0, 0, 0, 0, 0, 0, 0,
    0, 0, 0, 0, 0, 0, 0, 0,
    0, 0, 0, 0, 0, 0, 0, 0,
    0, 0, 0, 0, 0, 0, 0, 0,
    0, 0, 0, 0, 0, 0, 0, 0,
    0, 0, 0, 0, 0, 0, 0, 15,
    0, 10, -5, 0, 0, 0, 0, 0,
    0, 0, 0, 0, 0, 0, 0, 0,
    0, 0, 0, 0, 0, 0, 0, 0,
    0, 0, 0, 0, 0, 0, 0, 0,
    0, 0, 0, 0, 0, 0, 0, 0,
    0, 0, 0, 0, 0, 0, 0, 0,
    0, 0, 0, 0, 0, 0, 0, 0,
    0, 0, 0, 0, 0, 0, 0, 0,
    0, 0, 0, 0, 0, 0, 0, 0,
    0, 0, 0, 0, 0, 0, 0, 0,
    0, 0, 0, 0, 0, 0, 0, 0,
    0, 0, 0, 0, 0, 0, 0, 0,
    0, 10, 0, 0, -41, 0, 0, 0,
    0, 0, 0, 0, 0, 0, 0, 0,
    0, 0, -5, 0, -5, 0, -3, 0,
    0, 0, 0, 0, 0, 0, 0, 0,
    0, 0, 0, 0, 0, 0, 0, 0,
    0, 0, 0, 0, 0, 0, 0, 0,
    0, 0, 0, 0, 0, 0, 0, 0,
    0, 0, 0, 0, 0, 0, 0, 0,
    0, 0, 0, 0, 0, 0, 0, 0,
    0, 0, 0, 0, 0, 0, 0, 0,
    0, 0, 0, 0, 0, 0, 0, 0,
    0, 0, 0, 0, 0, 0, 0, 0,
    0, 0, 0, 10, 0, 0, -10, 0,
    0, 5, 0, 0, 0, 0, 0, 0,
    0, 0, 0, 0, 0, 0, 0, 0,
    0, 0, 0, 0, 0, 0, 0, 0,
    0, 0, 0, 0, 0, 0, 0, 0,
    0, 0, 0, 0, 0, 0, 0, 0,
    0, 0, 0, 0, 0, 0, 0, 0,
    0, 0, 0, 0, 0, 0, 0, 0,
    0, 0, 0, 0, 0, 0, 0, 0,
    0, 0, 0, 0, 0, 0, 0, 0,
    0, 0, 0, 0, 0, 0, 0, 0,
    0, 0, 0, 0, 0, 0, 0, 0,
    0, 0, 0, 0, 0, 0, 0, 0,
    0, 0, 0, 0, 0, 0, 0, 0,
    0, 0, 0, 0, 0, 0, 0, 0,
    -5, 0, 0, 0, 0, 0, 0, 0,
    0, 0, 0, 0, 0, 0, 0, 0,
    0, 0, 0, 0, 0, 0, 0, 0,
    0, 0, 0, 0, 0, 0, 0, 0,
    0, 0, 0, 0, 0, 0, 0, 0,
    0, 0, 0, 0, 0, 0, 0, 0,
    0, 0, 0, 0, 0, 0, 0, 0,
    0, 0, 0, 0, 0, 0, 0, 0,
    0, 0, 0, 0, 0, 0, 0, 0,
    0, 0, 0, 0, 0, 0, 0, 0,
    0, 0, 0, 0, 0, 0, 0, 0,
    0, 13, -5, 0, -3, 0, -8, 0,
    0, 0, 0, 0, 0, 0, 0, 0,
    0, 0, 0, 0, 0, 0, 0, 0,
    0, 0, 0, 0, 0, 0, 0, 0,
    0, 0, 0, 0, 0, 0, 0, 0,
    0, 0, 0, 0, 0, 0, 0, 0,
    0, 0, 0, 0, 0, 0, 0, 0,
    0, 0, 0, 0, 0, 0, 0, 0,
    0, 0, 0, 0, 0, 0, 0, 0,
    0, 0, 0, 0, 0, 0, 0, 0,
    0, 0, 0, 0, 0, 0, 0, 0,
    0, 0, 0, 0, 0, 0, 0, 0,
    0, 0, 0, 0, -8, 0, -3, 0,
    -8, 0, 0, 0, 0, 0, 0, 0,
    0, 0, 0, 0, 0, 0, 0, 0,
    0, 0, 0, -8, 0, 0, -8, 0,
    0, 0, 0, 0, 0, 0, 0, 0,
    0, 0, 0, 0, -8, 0, 0, 0,
    0, 0, -3, 0, 0, 0, 0, 0,
    0, 0, 0, 0, 0, 0, 0, 0,
    0, 0, 0, 0, 0, 0, 0, 0,
    0, 0, 0, 0, 0, 0, -3, 0,
    0, 0, 0, 0, 0, 0, 0, 0,
    0, 0, 0, 0, 0, 0, 0, 0,
    0, 0, 0, 0, 0, 0, -15, 0,
    -8, -5, -20, 0, 0, 0, 0, 0,
    0, 0, 0, 0, 0, 0, 0, 0,
    0, 0, 0, 0, 0, -20, 0, 0,
    -15, -5, 0, 0, 0, 0, 0, 0,
    0, 0, 0, 0, 0, 0, -15, 0,
    0, 0, 0, -5, 0, 0, -5, 0,
    0, -5, 0, 0, 0, 0, 0, 0,
    0, 0, 0, 0, 0, 0, 0, 0,
    0, 0, 0, 0, 0, 0, 0, 0,
    -10, 0, 0, 0, 0, 0, 0, 0,
    0, 0, 0, 0, 0, 0, 0, 0,
    0, 0, 0, 0, 0, 0, 0, 26,
    -10, 0, -8, 0, -10, 0, 0, 0,
    0, 0, 0, 0, 0, 0, 0, 0,
    0, 0, 0, 0, 0, 0, 0, 0,
    0, 0, 0, 0, 0, 0, 0, 0,
    0, 0, 0, 0, 0, 0, 0, 0,
    0, 0, 0, 0, 0, 0, 0, 0,
    0, 0, 0, 0, 0, 0, 0, 0,
    0, 0, 0, 0, 0, 0, 0, 0,
    0, 0, 0, 0, 0, 0, 0, 0,
    0, 0, 0, 0, 0, 0, 0, 0,
    0, 0, 0, 0, 0, 0, 0, 0,
    0, 13, 0, 0, 0, 0, 0, 0,
    0, 0, 0, 0, 0, 0, 0, 0,
    0, 0, 0, 0, 0, 0, 0, 0,
    0, 0, 0, 0, 0, 0, 0, 0,
    0, 0, 0, 0, 0, 0, 0, 0,
    0, 0, 0, 0, 0, 0, 0, 0,
    0, 0, 0, 0, 0, 0, 0, 0,
    0, 0, 0, 0, 0, 0, 0, 0,
    0, 0, 0, 0, 0, 0, 0, 0,
    0, 0, 0, 0, 0, 0, 0, 0,
    0, 0, 0, 0, 0, 0, 0, 0,
    0, 0, 0, 0, 0, 0, 0, 0,
    0, -18, 0, 0, 0, 0, 0, 0,
    0, -5, 0, 28, -18, 0, -10, 0,
    -15, 0, 0, 0, 0, 0, 0, 0,
    0, 0, 0, 0, 0, 0, 0, 0,
    0, 0, 0, 0, 0, 0, 0, 0,
    0, 0, 0, 0, 0, 0, 0, 0,
    0, 0, 0, 0, 0, 0, 0, 0,
    0, 0, 0, 0, 0, 0, 0, 0,
    0, 0, 0, 0, 0, 0, 0, 0,
    0, 0, 0, 0, 0, 0, 0, 0,
    0, 0, 0, 0, 0, 0, 0, 0,
    0, 0, 0, 0, 0, 0, 0, 0,
    0, 0, 18, 17, 0, 27, 0, 0,
    0, 26, 0, 0, 0, 0, 0, 0,
    0, 0, 0, 0, 0, 8, 0, 0,
    0, 0, 0, 0, 0, 0, 0, 0,
    0, 18, 0, 0, 0, 0, 0, 0,
    0, 0, 0, 0, 0, 0, 0, 0,
    0, 0, 0, 0, 0, 0, 0, 0,
    0, 0, 0, 0, 0, 0, 0, 0,
    0, 0, 0, 0, 0, 0, 0, 0,
    0, 0, 0, 0, 0, 0, 0, 0,
    0, 0, 0, 0, 0, 0, 0, 0,
    0, 0, 0, 0, 0, 0, 0, 0,
    0, 0, 0, 20, 0, 0, 0, 13,
    0, 0, 0, 0, 0, 0, 0, 0,
    0, 0, 0, 0, 0, 0, 0, 0,
    0, 0, 0, 0, 0, 0, 0, 0,
    0, 0, 0, 0, 32, 0, 0, 0,
    0, 0, 0, 0, 0, 0, 0, 0,
    0, 0, 0, 0, 0, 0, 0, 0,
    0, 0, 0, 0, 0, 0, 0, 0,
    0, 0, 0, 0, 0, 0, 0, 0,
    0, 0, 0, 0, 0, 0, 0, 0,
    0, 0, 0, 0, 0, 0, 0, 0,
    0, 0, 0, 0, 0, 0, 0, 0,
    0, 0, 0, 0, 0, 0, 0, 0,
    0, 0, 0, 0, 0, 0, 0, 0,
    0, 13, 0, 0, 0, 0, 0, 0,
    0, 0, 0, 0, 0, 0, 0, 0,
    0, 0, 0, 0, 0, 0, 0, 0,
    0, 0, 0, 0, 0, 0, 0, 0,
    0, 0, 0, 0, 0, 0, 0, 0,
    0, 0, 0, 0, 0, 0, 0, 0,
    0, 0, 0, 0, 0, 0, 0, 0,
    0, 0, 0, 0, 0, 0, 0, 0,
    0, 0, 0, 0, 0, 0, 0, 0,
    0, 0, 0, 0, 0, 0, 0, 0,
    0, 0, 0, 0, 0, 0, 0, 0,
    23, 25, 0, 34, 0, 0, 0, 30,
    0, 0, 0, 0, 0, 0, 0, 0,
    0, 0, 0, 0, 0, 0, 0, 0,
    0, 0, 0, 0, 0, 0, 0, 0,
    0, 0, 0, 0, 0, 0, 0, 0,
    0, 0, 0, 0, 0, 0, 0, 0,
    0, 0, 0, 0, 0, 0, 0, 0,
    0, 0, 0, 0, 0, 0, 0, 0,
    0, 0, 0, 0, 0, 0, 0, 0,
    0, 0, 0, 0, 0, 0, 0, 0,
    0, 0, 0, 0, 0, 0, 0, 0,
    0, 0, 0, 0, 0, 0, 0, 0,
    0, 20, 0, 0, 0, 0, 0, 0,
    0, 0, -5, 0, 5, 0, 15, 0,
    18, 13, 15, 0, 0, 0, 0, 0,
    0, 0, 0, 0, 0, 0, 0, 0,
    0, 0, 0, 0, 0, 0, 0, 0,
    0, 0, 0, 0, 0, 0, 0, 0,
    0, 0, 0, 0, 0, 0, 0, 0,
    0, 0, 0, 0, 0, 0, 0, 0,
    0, 0, 0, 0, 0, 0, 0, 0,
    0, 0, 0, 0, 0, 0, 0, 0,
    0, 0, 0, 0, 0, 0, 0, 0,
    0, 0, 0, 0, 0, 0, 0, 0,
    0, 0, 0, 0, 0, 0, 0, 0,
    0, 0, 0, 0, 0, 0, 0, 0,
    0, 0, 0, 0, 0, 0, 0, 5,
    0, 10, 0, 0, 0, 0, 13, 0,
    0, 0, 0, 0, 0, 0, 0, 0,
    0, 0, 0, 0, 0, 0, 0, 0,
    0, 0, 0, 0, 0, 0, 0, 0,
    0, 0, 0, 0, 0, 0, 0, 0,
    0, 0, 0, 0, 0, 0, 0, 0,
    0, 0, 0, 0, 0, 0, 0, 0,
    0, 0, 0, 0, 0, 0, 0, 0,
    0, 0, 0, 0, 0, 0, 0, 0,
    0, 0, 0, 0, 0, 0, 0, 0,
    0, 0, 0, 0, 0, 0, -8, -3,
    5, 0, 18, 0, 18, 13, 15, 0,
    -8, 0, -5, 0, -5, 0, 0, 0,
    0, 0, 0, 0, 0, 0, 0, 0,
    0, 0, 0, 0, 0, 0, 0, 0,
    0, 0, 0, 0, 0, 0, 0, 0,
    0, 0, 0, 0, 0, 0, 0, 0,
    0, 0, 0, 0, 0, 0, 0, 0,
    0, 0, 0, 0, 0, 0, 0, 0,
    0, 0, 0, 0, 0, 0, 0, 0,
    0, 0, 0, 0, 0, 0, 0, 0,
    0, 0, 0, 0, 0, 0, 0, 0,
    0, 0, 0, 0, 0, 0, 0, 0,
    0, 0, 0, 0, 0, 0, 0, 0,
    0, 0, 0, 5, 0, 13, 0, 0,
    0, 0, 13, 0, 0, 0, 0, 0,
    0, 0, 0, 0, 0, 0, 0, 0,
    0, 0, 0, 0, 0, 0, 0, 0,
    0, 0, 0, 0, 0, 0, 0, 0,
    0, 0, 0, 0, 0, 0, 0, 0,
    0, 0, 0, 0, 0, 0, 0, 0,
    0, 0, 0, 0, 0, 0, 0, 0,
    0, 0, 0, 0, 0, 0, 0, 0,
    0, 0, 0, 0, 0, 0, 0, 0,
    0, 0, 0, -18, 0, 0, 0, 0,
    0, 0, 0, 0, 0, 0, 0, 0,
    0, 0, 0, 0, 0, 0, 0, 0,
    0, 0, 0, 0, 0, 0, 0, 0,
    0, 0, 0, 0, -5, -15, 0, 0,
    -18, 0, 0, 0, 0, 0, 0, 0,
    0, 0, 0, 0, 0, 0, 0, 0,
    0, 0, 0, 0, 0, 0, 0, 0,
    0, 0, 0, 0, 0, 0, 0, 0,
    0, 0, 0, 0, 0, 0, 0, 0,
    0, 0, 0, 0, 0, 0, 0, 0,
    0, 0, 0, 0, 0, 0, 0, 0,
    0, 0, 0, 0, 0, 0, 0, 0,
    -10, 0, 0, 0, 0, 0, 0, 0,
    0, 0, 0, 0, 0, 0, 0, 0,
    0, 0, 0, 0, 0, 0, 0, 0,
    0, 0, 0, 0, 0, -5, 0, -3,
    0, -3, -8, -5, 0, 0, 0, 0,
    0, 0, 0, 0, 0, 0, 0, 0,
    0, 0, 0, 0, 0, 0, 0, 0,
    0, 0, 0, 0, 0, 0, 0, 0,
    0, 0, 0, 0, 0, 0, 0, 0,
    0, 0, 0, 0, 0, 0, 0, 0,
    0, 0, 0, 0, 0, 0, 0, 0,
    0, 0, 0, 0, 0, 0, 0, 0,
    0, 0, -15, 0, 0, 0, 0, 0,
    0, 0, 0, 0, 0, 0, 0, 0,
    0, 0, 0, 0, 0, 0, 0, 0,
    0, 0, -20, -8, 0, 0, 0, -15,
    -5, 0, -8, 0, 0, 0, -13, -13,
    -8, -8, 0, -13, 0, 0, -13, 0,
    0, 0, 0, 0, 0, 0, 0, 0,
    0, 0, 0, 0, 0, 0, 0, 0,
    0, 0, 0, 0, 0, 0, 0, 0,
    0, 0, 0, 0, 0, 0, 0, 0,
    0, 0, 0, 0, 0, 0, 0, 0,
    0, 0, 0, 0, 0, 0, 0, 0,
    0, 10, 0, 0, -5, 0, 0, 0,
    0, 0, 0, 0, 0, 0, 0, 0,
    0, 0, 0, 0, 0, 0, 0, 0,
    0, 0, 0, 0, 0, 0, 0, 0,
    0, 0, 0, 0, 0, 0, 0, 0,
    -5, -5, -3, 0, -5, -5, -5, 0,
    -5, -5, -5, -5, 0, 0, 0, 0,
    0, 0, 0, 0, 0, 0, 0, 0,
    0, 0, 0, 0, 0, 0, 0, 0,
    0, 0, 0, 0, 0, 0, 0, 0,
    0, 0, 0, 0, 0, 0, 0, 0,
    0, 0, 0, 0, 0, 0, 0, 0,
    0, 0, 0, 0, 0, 0, -20, -10,
    0, 0, 0, 0, 0, 0, 0, 0,
    0, 0, 0, 0, 0, 0, 0, 0,
    0, 0, 0, 0, 0, 0, -15, -8,
    0, 0, 0, -18, -5, 0, -13, 0,
    5, 0, -18, -18, -13, -13, -5, -18,
    0, -5, -18, 0, 0, -5, 0, 0,
    0, 0, 0, 0, 0, 0, 0, 0,
    0, 0, 0, 0, 0, 0, 0, 0,
    0, 0, 0, 0, 0, 0, 0, 0,
    0, 0, 0, 0, 0, 0, 0, 0,
    0, 0, 0, 0, 0, 0, 0, 0,
    0, 0, 0, 0, 0, 0, 0, 0,
    0, 0, 0, 0, 0, 0, 0, 0,
    0, 0, 0, 0, 0, 0, 0, 0,
    0, 0, 0, 0, 0, 0, 0, 0,
    -5, 0, 0, 0, 0, 0, -3, 0,
    0, 0, 0, 0, 0, 0, 0, 0,
    0, 0, 0, 0, 0, 0, 0, 0,
    0, 0, 0, 0, 0, 0, 0, 0,
    0, 0, 0, 0, 0, 0, 0, 0,
    0, 0, 0, 0, 0, 0, 0, 0,
    0, 0, 0, 0, 0, 0, 0, 0,
    0, 0, 0, 0, 0, 0, 0, 0,
    0, 0, 0, 0, 0, 0, 0, 0,
    0, 0, 0, 0, 0, 0, 0, 0,
    0, 0, 0, 0, 0, 0, 0, 0,
    0, 0, 0, 0, 0, 0, 0, 0,
    0, 0, -5, 0, 0, 0, 0, 0,
    -5, 0, 0, 0, 0, 0, 0, 0,
    0, 0, 0, 0, 0, 0, 0, 0,
    0, 0, 0, 0, 0, 0, 0, 0,
    0, 0, 0, 0, 0, 0, 0, 0,
    0, 0, 0, 0, 0, 0, 0, 0,
    0, 0, 0, 0, 0, 0, 0, 0,
    0, 0, 0, 0, 0, 0, 0, 0,
    0, 0, 0, 0, 0, 0, 0, 0,
    0, 0, 0, 0, -15, -10, 0, 0,
    0, 0, 0, 0, 0, 0, 0, 0,
    0, 0, 0, 0, 0, 0, 0, 0,
    0, 0, 0, 0, -15, -8, 0, 0,
    0, -18, -5, 0, -13, 0, 5, 0,
    -18, -18, -13, -13, -5, -18, 0, -5,
    -18, 0, 0, -5, 0, 0, 0, 0,
    0, 0, 0, 0, 0, 0, 0, 0,
    0, 0, 0, 0, 0, 0, 0, 0,
    0, 0, 0, 0, 0, 0, 0, 0,
    0, 0, 0, 0, 0, 0, 0, 0,
    0, 0, 0, 0, 0, 0, 0, 0,
    0, 0, 0, 10, 0, 0, -5, 0,
    0, 0, 0, 0, 0, 0, 0, 0,
    0, 0, 0, 0, 0, 0, 0, 0,
    0, 0, 0, 0, 0, 0, 0, 0,
    0, 0, 0, 0, 0, 0, 0, 0,
    0, 0, -3, -5, -3, 0, -1, -5,
    -3, 0, -5, -3, -3, -3, 0, 0,
    0, 0, 0, 0, 0, 0, 0, 0,
    0, 0, 0, 0, 0, 0, 0, 0,
    0, 0, 0, 0, 0, 0, 0, 0,
    0, 0, 0, 0, 0, 0, 0, 0,
    0, 0, 0, 0, 0, 0, 0, 0,
    0, 0, 0, 0, 0, 5, 0, 0,
    0, 0, 0, 0, 0, 0, 0, 0,
    0, 0, 0, 0, 0, 0, 0, 0,
    0, 0, 0, 0, 0, 0, 0, 0,
    0, 0, 0, 0, 0, 0, 0, 0,
    0, 0, 0, 0, -3, 0, 0, 0,
    0, 0, 0, 0, 0, 0, 0, 0,
    0, 0, 0, 0, 0, 0, 0, 0,
    0, 0, 0, 0, 0, 0, 0, 0,
    0, 0, 0, 0, 0, 0, 0, 0,
    0, 0, 0, 0, 0, 0, 0, 0,
    0, 0, 0, 0, 0, 0, 0, 0,
    0, 0, 0, 0, 0, 0, 0, -3,
    0, 0, 0, 0, 0, 0, 0, 0,
    0, 0, 0, 0, 0, 0, 0, 0,
    0, 0, 0, 0, 0, 0, 0, 0,
    0, 0, 0, 0, 0, 0, 0, 0,
    0, 0, 0, 0, 0, 0, 0, 0,
    0, 0, -1, 0, 0, 0, 0, -3,
    0, 0, 0, 0, 0, 0, 0, 0,
    0, 0, 0, 0, 0, 0, 0, 0,
    0, 0, 0, 0, 0, 0, 0, 0,
    0, 0, 0, 0, 0, 0, 0, 0,
    0, 0, 0, 0, 0, 0, 0, 0,
    0, 0, 0, 0, 0, 0, 0, 0,
    0, -3, 0, 0, 0, 0, 0, 0,
    0, 0, 0, 0, 0, 0, 0, 0,
    0, 0, 0, 0, 0, 0, 0, 0,
    0, 0, 0, 0, 0, 0, 0, 0,
    0, 0, 0, 0, 0, 0, 0, 0,
    0, 0, 0, 0, -5, 0, 0, -8,
    0, -3, -3, -5, 0, 0, 0, 0,
    0, 0, 0, 0, 0, 0, 0, 0,
    0, 0, 0, 0, 0, 0, 0, 0,
    0, 0, 0, 0, 0, 0, 0, 0,
    0, 0, 0, 0, 0, 0, 0, 0,
    0, 0, 0, 0, 0, 0, 0, 0,
    0, 0, 0, -3, 0, 0, 0, 0,
    0, 0, 0, 0, 0, 0, 0, 0,
    0, 0, 0, 0, 0, 0, 0, 0,
    0, 0, 0, 0, 0, 0, 0, 0,
    0, 0, 0, 0, 0, 0, 0, 0,
    0, 0, 0, 0, 0, 0, -5, 0,
    0, -5, 0, 0, 0, -5, 0, 0,
    0, 0, 0, 0, 0, 0, 0, 0,
    0, 0, 0, 0, 0, 0, 0, 0,
    0, 0, 0, 0, 0, 0, 0, 0,
    0, 0, 0, 0, 0, 0, 0, 0,
    0, 0, 0, 0, 0, 0, 0, 0,
    0, 0, 0, 0, 0, 10, 0, 0,
    -10, 0, 0, 0, 0, 0, 0, 0,
    0, 0, 0, 0, 0, 0, 0, 0,
    0, 0, 0, 0, 0, 0, 0, 0,
    0, 0, 0, 0, 0, 0, 0, 0,
    0, 0, 0, 0, -3, 0, 0, 0,
    0, 0, 0, -3, 0, 0, 0, 0,
    0, 0, 0, 0, 0, 0, 0, 0,
    0, 0, 0, 0, 0, 0, 0, 0,
    0, 0, 0, 0, 0, 0, 0, 0,
    0, 0, 0, 0, 0, 0, 0, 0,
    0, 0, 0, 0, 0, 0, 0, 0,
    0, 0, 0, 0, 0, 0, 0, -3,
    0, 0, 0, 0, 0, 0, 0, 0,
    0, 0, 0, 0, 0, 0, 0, 0,
    0, 0, 0, 0, 0, 0, 0, 0,
    0, 0, 0, 0, 0, 0, 0, 0,
    0, 0, 0, 0, 0, 0, 0, 0,
    0, 0, -5, 0, 0, -5, 0, -3,
    -3, -5, 0, 0, 0, 0, 0, 0,
    0, 0, 0, 0, 0, 0, 0, 0,
    0, 0, 0, 0, 0, 0, 0, 0,
    0, 0, 0, 0, 0, 0, 0, 0,
    0, 0, 0, 0, 0, 0, 0, 0,
    0, 0, 0, 0, 0, 0, 0, 0,
    0, 5, 0, 0, 0, 0, 0, 0,
    0, 0, 0, 0, 0, 0, 0, 0,
    0, 0, 0, 0, 0, 0, 0, 0,
    0, 0, 0, 0, 0, 0, 0, 0,
    0, 0, 0, 0, 0, 0, 0, 0,
    -6, -3, 0, 0, 0, 0, 0, 0,
    0, 0, -3, 0, 0, 0, 0, 0,
    0, 0, 0, 0, 0, 0, 0, 0,
    0, 0, 0, 0, 0, 0, 0, 0,
    0, 0, 0, 0, 0, 0, 0, 0,
    0, 0, 0, 0, 0, 0, 0, 0,
    0, 0, 0, 0, 0, 0, 0, 0,
    0, 0, 0, 0, 0, 0, 0, 0,
    0, 0, 0, 0, 0, 0, 0, 0,
    0, 0, 0, 0, 0, 0, 0, 0,
    0, 0, 0, 0, 0, 0, 0, 0,
    0, 0, 0, 0, 0, 0, 0, 0,
    0, 0, 0, -3, 0, 0, 0, 0,
    0, -5, 0, 0, 0, 0, 0, 0,
    0, 0, 0, 0, 0, 0, 0, 0,
    0, 0, 0, 0, 0, 0, 0, 0,
    0, 0, 0, 0, 0, 0, 0, 0,
    0, 0, 0, 0, 0, 0, 0, 0,
    0, 0, 0, 0, 0, 0, 0, 0,
    0, 0, 0, 0, 0, 10, 0, 0,
    -5, 0, 0, 0, 0, 0, 0, 0,
    0, 0, 0, 0, 0, 0, 0, 0,
    0, 0, 0, 0, 0, 0, 0, 0,
    0, 0, 0, 0, 0, 0, 0, 0,
    0, 0, 0, 0, -3, 0, 0, 0,
    -5, 0, -5, 0, -3, -3, -5, -13,
    0, 0, 0, 0, 0, 0, 0, 0,
    0, 0, 0, 0, 0, 0, 0, 0,
    0, 0, 0, 0, 0, 0, 0, 0,
    0, 0, 0, 0, 0, 0, 0, 0,
    0, 0, 0, 0, 0, 0, 0, 0,
    0, 0, 0, 0, 0, 0, 0, 5,
    0, 0, 0, 0, 0, 0, 0, 0,
    0, 0, 0, 0, 0, 0, 0, 0,
    0, 0, 0, 0, 0, 0, 0, 0,
    0, 0, 0, 0, 0, 0, 0, 0,
    0, 0, -3, 0, 0, 0, -3, 0,
    -5, 0, 0, 0, 0, 0, 0, 0,
    0, 0, 0, 0, 0, 0, 0, 0,
    0, 0, 0, 0, 0, 0, 0, 0,
    0, 0, 0, 0, 0, 0, 0, 0,
    0, 0, 0, 0, 0, 0, 0, 0,
    0, 0, 0, 0, 0, 0, 0, 0,
    0, 0, 0, 0, 0, 0, 0, 0,
    0, 10, 0, 0, -10, 0, 0, 0,
    0, 0, 0, 0, 0, 0, 0, 0,
    0, 0, 0, 0, 0, 0, 0, 0,
    0, 0, 0, 0, 0, 0, 0, 0,
    0, 0, 0, 0, 0, 0, 0, 0,
    -5, -5, 0, 0, 0, -5, 0, 0,
    -5, 0, 0, 0, 0, 0, 0, 0,
    0, 0, 0, 0, 0, 0, 0, 0,
    0, 0, 0, 0, 0, 0, 0, 0,
    0, 0, 0, 0, 0, 0, 0, 0,
    0, 0, 0, 0, 0, 0, 0, 0,
    0, 0, 0, 0, 0, 0, 0, 0,
    0, 0, 0, 10, 0, 0, -5, 0,
    0, 0, 0, 0, 0, 0, 0, 0,
    0, 0, 0, 0, 0, 0, 0, 0,
    0, 0, 0, 0, 0, 0, 0, 0,
    0, 0, 0, 0, 0, 0, 0, 0,
    0, 0, -5, -5, 0, 0, 0, -5,
    0, 0, -5, 0, 0, 0, 0, 0,
    0, 0, 0, 0, 0, 0, 0, 0,
    0, 0, 0, 0, 0, 0, 0, 0,
    0, 0, 0, 0, 0, 0, 0, 0,
    0, 0, 0, 0, 0, 0, 0, 0,
    0, 0, 0, 0, 0, 0, 0, 0,
    0, 0, 0, 0, 0, 10, 0, 0,
    0, 0, 0, 0, 0, 0, 0, 0,
    0, 0, 0, 0, 0, 0, 0, 0,
    0, 0, 0, 0, 0, 0, 0, 0,
    0, 0, 0, 0, 0, 0, 0, 0,
    0, 0, 0, 0, -8, -5, -3, 0,
    0, 0, 0, -8, 0, 0, 0, 0,
    0, 0, 0, 0, 0, 0, 0, 0,
    0, 0, 0, 0, 0, 0, 0, 0,
    0, 0, 0, 0, 0, 0, 0, 0,
    0, 0, 0, 0, 0, 0, 0, 0,
    0, 0, 0, 0, 0, 0, 0, 0,
    0, 0, 0, 0, 0, 0, 0, 0,
    0, 0, 0, 0, 0, 0, 0, 0,
    0, 0, 0, 0, 0, 0, 0, 0,
    0, 0, 0, 0, 0, 0, 0, 0,
    0, 0, 0, 0, 0, 0, 0, 0,
    0, 0, 0, 0, 0, 0, 0, 0,
    0, 0, 0, 0, 0, 0, 0, 0,
    0, 0, 0, 0, 0, 13, 0, 0,
    0, 0, 0, 0, 0, 0, 0, 0,
    0, 0, 0, 0, 0, 0, 0, 0,
    0, 0, 0, 0, 0, 0, 0, 0,
    0, 0, 0, 0, 0, 0, 0, 0,
    0, 0, 0, 0, 0, 0, 0, 0,
    0, -18, 0, 0, 0, 0, 0, 0,
    0, 0, 0, 0, 0, 0, 0, 0,
    0, 0, 0, 0, 0, 0, 0, 0,
    0, 0, 0, 0, 0, 0, 0, 0,
    0, 0, 0, 0, 0, 0, 0, 0,
    0, 0, 0, 0, 0, 0, 0, 0,
    0, 0, 0, 0, -13, 0, 0, 0,
    0, -5, 0, 0, 0, 0, 0, -8,
    0, 0, 0, 0, 0, 0, 0, 0,
    0, -5, -5, -5, 0, 0, 0, 0,
    0, 0, 0, -5, 0, -10, -15, -13,
    -5, 0, 0, 0, 0, 0, 0, -13,
    -8, -8, 0, 5, 0, 0, -13, -10,
    -8, 0, 0, 0, 0, 0, 0, 0,
    0, 0, 0, 0, 0, 0, 0, 0,
    0, 0, 0, 0, 0, 0, 0, -8,
    0, 0, 0, 0, 0, 0, 0, 0,
    0, 0, 0, 0, 0, 0, 0, 0,
    0, 0, 0, 0, 0, 0, 5, -5,
    0, 0, -6, 0, -18, -6, 0, 0,
    -9, 0, 0, -10, -5, -8, -10, -10,
    -3, -3, -8, -3, -4, -8, -10, 0,
    -5, 0, 0, 0, 0, 0, 0, 0,
    3, 0, 0, 0, 0, 0, 0, 0,
    0, 0, 0, 0, 0, 0, 0, 0,
    0, 0, 0, 0, 0, 0, 0, 0,
    0, 0, 0, 0, 0, 0, 0, 0,
    0, 0, 0, 0, 0, 0, 0, 0,
    -5, 0, 0, 0, 0, 0, 0, 0,
    0, 0, 0, 0, 0, 0, 0, 0,
    0, 0, 0, 0, 0, 0, 0, 0,
    0, -5, 0, 0, 0, 0, 0, 0,
    0, 0, -8, 0, 0, 0, 0, 0,
    0, 0, 0, 0, 0, 0, 0, -5,
    0, 0, 0, 0, 0, -5, 0, 0,
    0, 0, 0, 0, 0, -5, 0, 0,
    0, 0, -5, 0, -5, 0, 0, 0,
    0, 0, -5, 0, 0, 0, 0, 0,
    0, 0, 0, 0, 0, 0, 0, 0,
    0, 0, 0, 0, 0, 0, 0, 0,
    0, 0, 0, 0, 0, 0, 0, 0,
    0, 0, 0, 0, 0, 0, 0, 0,
    0, 0, 0, 0, 0, 0, 0, 0,
    0, 0, 0, 0, 0, 0, 0, 0,
    0, 0, 0, 0, -3, 0, 0, 0,
    0, 0, 0, 0, 0, 0, 0, 0,
    0, 0, 0, 0, 0, 0, 0, 0,
    0, 0, 0, 0, 0, 0, 0, 0,
    0, 0, 0, 0, 0, 0, 0, 0,
    0, -23, 0, 0, -3, 0, 0, 0,
    0, 0, 0, 0, 0, 0, 0, 0,
    0, 0, 0, 0, 0, 0, 0, 0,
    0, 0, 0, 0, 0, 0, 0, 0,
    0, 0, 0, 0, 0, 0, 0, 0,
    0, 0, 0, 0, 0, 0, 0, 0,
    0, 0, 0, 0, -15, 0, 0, 0,
    0, -5, 0, 0, 0, 0, 0, -8,
    0, 0, 0, 0, 0, 0, -5, 0,
    0, -5, -5, 0, -5, 0, 0, 0,
    0, 0, 0, 0, 0, 0, -8, 0,
    0, 0, 0, 0, 0, 0, 0, 0,
    0, -15, 0, 5, 0, 0, 0, -3,
    -3, 0, 0, 0, 0, 0, 0, 0,
    0, 0, 0, 0, 0, 0, 0, 0,
    0, 0, 0, 0, 0, 0, -5, 0,
    0, 0, 0, 0, 0, 0, 0, 0,
    0, 0, 0, 0, 0, 0, 0, 0,
    0, 0, 0, 0, 0, 0, 0, -5,
    0, 0, 0, 0, 0, 0, 0, 0,
    -10, -3, 0, -3, -5, 0, 0, -5,
    0, 0, 0, -3, -3, -5, 0, 0,
    0, 0, 0, -5, 0, 0, 0, 0,
    0, 0, 0, -13, 0, 0, 0, 0,
    -5, 0, -5, 0, 0, 5, 0, 0,
    -18, -5, -3, 0, 0, 0, 0, 0,
    0, 0, 0, 0, 0, 0, 0, 0,
    0, 0, 0, 0, 0, 0, 0, 0,
    -13, -5, 0, 0, 0, 0, 0, 0,
    0, 0, 0, 0, 0, 0, 0, 0,
    0, 0, 0, 0, 0, 0, 0, 0,
    0, -10, -5, 0, -22, 0, -31, -26,
    0, 0, -8, 0, -8, -13, -10, -3,
    -25, -16, -8, -5, -13, 0, 0, -5,
    -13, 13, -8, 0, 0, -3, 0, 0,
    0, 0, 0, 0, 0, -5, -8, -13,
    0, 0, -18, 0, 0, 0, 0, -18,
    0, 0, 0, 0, 0, 0, 0, 0,
    0, 0, 0, 0, 0, 0, 0, 0,
    0, 0, 0, 0, 0, 0, 0, 0,
    0, 0, 0, -3, 0, 0, 0, 0,
    0, 0, 0, 0, 0, 0, 0, 0,
    0, 0, 0, 0, 0, 0, 0, 0,
    0, 0, -18, -5, 0, 13, 0, -7,
    0, 0, 0, 0, -9, -15, 0, 0,
    0, 0, 0, -3, 0, 0, 0, -8,
    -5, -8, 0, 0, 0, 0, 0, 0,
    0, -5, 0, -10, -13, -15, 0, -13,
    0, 0, 0, -3, 0, -18, -8, -10,
    0, 0, 0, 0, 0, 0, 0, 0,
    0, 0, 0, 0, 0, 0, 0, 0,
    0, 0, 0, 0, 0, 0, 0, 0,
    0, 0, 0, 0, 0, 0, 0, 0,
    0, 0, 0, 0, 0, 0, 0, 0,
    0, 0, 0, 0, 0, 0, 0, 0,
    0, 0, 0, 0, 0, 0, 0, 0,
    0, 0, 0, 0, 0, 0, 0, 0,
    0, 0, 0, 0, 0, 0, -3, 0,
    0, 0, -3, 0, 0, 0, 0, 0,
    0, 0, 0, 0, 0, 0, 0, 0,
    0, 0, 0, 0, 0, 0, 0, 0,
    0, 0, 0, 0, 0, -5, 0, 0,
    0, 0, 0, 0, 0, 0, 0, 0,
    0, 0, 0, 0, 0, 0, 0, 0,
    0, 0, 0, 0, 0, 0, 0, 0,
    0, 0, 0, 0, 0, 0, 0, 0,
    0, 0, 0, 0, 0, 0, 0, 0,
    0, 0, 0, 0, 0, 0, 0, 0,
    0, 0, 0, 0, 0, 0, 0, 0,
    0, 0, 0, 0, 0, 0, 0, 0,
    -3, 0, 0, 0, 0, -4, -3, 0,
    0, 0, 0, 0, 0, 0, 0, 0,
    0, 0, 0, 0, 0, 0, 0, 0,
    0, 0, 0, 0, 0, 0, 0, 0,
    8, 0, 0, 0, 0, 0, 0, 0,
    0, 0, 0, 0, 0, 0, 0, 0,
    0, 0, 0, 0, 0, 0, 0, 0,
    0, 0, 0, 0, 0, 0, 0, 0,
    0, 0, 0, 0, 0, 0, 0, 0,
    0, 0, 0, 0, 0, 0, 0, 0,
    0, 0, 0, 23, 8, 0, 0, 10,
    0, 0, -3, -6, 0, 0, 0, 0,
    8, 0, 0, 0, 8, -3, 8, -5,
    0, 0, 0, 0, 18, 0, 0, 0,
    0, 0, 0, 0, 0, 0, 0, 0,
    0, 0, 0, 0, -5, 0, 0, 0,
    0, 0, -10, 0, 0, 0, 0, 0,
    0, 0, 0, 0, 0, 0, 0, 0,
    0, 0, 0, 0, 0, 0, 0, 0,
    0, 0, 0, 0, 0, 0, 0, 0,
    0, 0, 0, 0, 0, 0, 0, 0,
    0, 0, 0, 0, 0, 0, 0, 0,
    0, 0, -5, 0, 0, 0, -3, -10,
    -5, -3, -5, -3, 0, 0, 0, 0,
    0, 0, -3, 0, -4, 0, -3, 0,
    0, 0, -3, 0, 0, 0, 0, 0,
    0, 0, 0, -3, -3, -3, 0, 0,
    0, -5, 0, 0, 0, -5, 0, 0,
    0, 0, 0, 0, -33, -3, -3, 0,
    0, 0, 0, 0, 0, 0, 0, 0,
    0, 0, 0, 0, 0, 0, 0, 0,
    0, 0, 0, 0, -5, -3, 0, 0,
    0, 0, 0, 0, 0, 0, 0, 0,
    0, 0, 0, 0, 0, 0, 0, 0,
    0, 0, 0, 0, 0, 0, 0, 0,
    -15, -5, -13, -15, -5, 0, -3, 0,
    0, -6, 0, 0, -13, -3, 0, 0,
    -10, 0, 0, 0, -3, 0, 0, 0,
    0, 0, 0, 0, 0, 0, 0, 0,
    0, 0, 0, -15, 0, 0, -10, 0,
    0, 0, 0, -3, 0, -6, -10, 0,
    -3, 0, 0, 0, 0, 0, 0, 0,
    0, 0, 0, 0, 0, 0, 0, 0,
    0, 0, 0, 0, 0, 0, 0, 0,
    0, 0, 0, 0, 0, 0, 0, 0,
    0, 0, 0, 0, 0, 0, 0, 0,
    0, 0, 0, 0, 0, 0, -9, 0,
    -3, 0, -6, -8, -9, -8, -10, -8,
    0, 0, -3, 0, 0, 0, -6, 0,
    -4, 0, -4, 0, 0, 0, -3, 0,
    0, 0, 0, 0, 0, 0, 0, 0,
    -5, 0, 0, 0, 0, 0, 0, 0,
    0, 0, 0, 0, 0, -3, 0, 0,
    0, 0, 0, 0, 0, 0, 0, 0,
    0, 0, 0, 0, 0, 0, 0, 0,
    0, 0, 0, 0, 0, 0, 0, 0,
    0, 0, 0, 0, 0, 0, 0, 0,
    0, 0, 0, 0, 0, 0, 0, 0,
    0, 0, 0, 0, 0, 0, 0, 0,
    -10, 0, 0, 0, 0, -10, 0, 0,
    0, 0, 0, 0, 0, 0, 0, 0,
    0, 0, -5, 0, 0, -3, -3, 0,
    0, 0, 0, 0, 0, 0, 0, 0,
    0, 0, 0, 0, 0, 0, 0, 0,
    0, 0, 0, 0, 0, 0, 0, -1,
    0, 0, 0, 0, 0, 0, 0, 0,
    0, 0, 0, 0, 0, 0, 0, 0,
    0, 0, 0, 0, 0, 0, 0, 0,
    0, 0, 0, 0, 0, 0, 0, 0,
    0, 0, 0, 0, 0, 0, 0, 0,
    0, 0, 0, 0, 0, 0, 0, 0,
    0, 0, -5, 0, 0, 0, 0, -10,
    -3, 0, -3, 0, 0, 0, -5, 0,
    0, 0, -3, 0, -5, 0, 0, -3,
    -8, -3, -3, 0, 0, 0, 0, 0,
    0, 0, 0, 0, 0, 0, 0, 0,
    0, 0, 0, 0, 0, 0, -3, 0,
    0, 0, 0, -2, 0, 0, 0, 0,
    0, 0, 0, 0, 0, 0, 0, 0,
    0, 0, 0, 0, 0, 0, 0, 0,
    0, 0, 0, 0, 0, 0, 0, 0,
    0, 0, 0, 0, 0, 0, 0, 0,
    0, 0, 0, 0, 0, 0, 0, 0,
    0, 0, 0, 0, -8, 0, 0, 0,
    0, -3, 0, 0, -3, 0, 0, 0,
    -3, 0, 0, 0, 0, 0, -5, 0,
    0, -3, -3, 0, 0, 0, 0, 0,
    0, 0, 0, 0, 0, 0, 0, 0,
    0, 0, 0, 0, 0, 0, 0, 0,
    0, 0, 0, 8, 0, 0, -10, -5,
    0, 0, 0, 0, 0, 0, 0, 0,
    0, 0, 0, 0, 0, 0, 0, 0,
    0, 0, 0, 0, 0, 0, 0, 0,
    0, 0, 0, 0, 0, 0, 0, 0,
    0, 0, 0, 0, 0, 0, 0, 0,
    0, 0, 0, 0, 0, 0, 0, 0,
    0, 0, -5, 0, -8, -8, -3, 0,
    0, 0, 0, 0, 0, 0, -10, -3,
    0, 0, -8, 0, 0, 0, 0, 0,
    0, 0, 0, 0, 0, 0, 0, 0,
    0, 0, 0, 0, 0, 0, 0, 0,
    0, 0, 0, 10, 0, -3, 0, 0,
    5, 0, 0, 0, 0, 0, 0, 0,
    0, 0, 0, 0, 0, 0, 0, 0,
    0, 0, 0, 0, 0, 0, 0, 0,
    0, 0, 0, 0, 0, 0, 0, 0,
    0, 0, 0, 0, 0, 0, 0, 0,
    0, 0, 0, 0, 0, 0, 0, 0,
    -8, 0, 0, 26, 5, 0, 0, 8,
    0, 0, 0, -4, 0, 0, 0, 0,
    5, 0, 0, 0, 6, -4, 0, -8,
    0, 0, 0, 0, 15, 0, 0, 0,
    0, 0, 0, 0, 0, 0, 0, 0,
    0, 0, 0, 0, 0, 0, 0, -1,
    0, 0, 0, 0, 0, 0, 0, 0,
    0, 0, 0, 0, 0, 0, 0, 0,
    0, 0, 0, 0, 0, 0, 0, 0,
    0, 0, 0, 0, 0, 0, 0, 0,
    0, 0, 0, 0, 0, 0, 0, 0,
    0, 0, 0, 0, 0, 0, 0, 0,
    0, 0, -10, 0, 0, 0, 0, -10,
    -3, 0, -5, 0, 0, 0, -5, 0,
    0, 0, -3, 0, -5, 0, 0, -3,
    -8, -3, -3, 0, 0, 0, 0, 0,
    0, 0, 0, 0, 0, 0, 0, 0,
    0, 0, 0, 0, 0, 0, -3, 0,
    0, 0, 0, 0, 0, -3, 0, 0,
    0, 0, 0, 0, 0, 0, 0, 0,
    0, 0, 0, 0, 0, 0, 0, 0,
    0, 0, 0, 0, 0, 0, 0, 0,
    0, 0, 0, 0, 0, 0, 0, 0,
    0, 0, 0, 0, 0, 0, 0, 0,
    0, 0, 0, 0, -3, -4, 0, 0,
    0, -3, 0, 0, 0, 0, -4, -3,
    0, -5, 0, 0, 0, -5, 0, 0,
    0, 0, 0, -5, -3, 0, 0, 0,
    0, 0, 0, 0, 0, 0, 0, 0,
    0, 0, -5, 0, 0, 0, 0, 0,
    0, 8, 0, 0, 0, 0, 0, 0,
    0, 0, 0, 0, 0, 0, 0, 0,
    0, 0, 0, 0, 0, 0, 0, 0,
    0, 0, 0, 0, 0, 0, 0, 0,
    0, 0, 0, 0, 0, 0, 0, 0,
    0, 0, 0, 0, 0, 0, 0, 0,
    0, 0, 0, 0, 0, 0, -8, 0,
    0, 0, 0, 0, 0, 0, 0, 0,
    0, 0, 0, 0, 0, 0, 0, 0,
    0, 0, 0, 0, 0, 0, 0, -1,
    0, 0, 0, 0, 0, 0, 0, 0,
    0, 0, 0, 0, 0, 0, 0, 0,
    0, 0, 0, 0, 0, 5, 0, 0,
    0, 0, 0, 0, 0, 0, 0, 0,
    0, 0, 0, 0, 0, 0, 0, 0,
    0, 0, 0, 0, 0, 0, 0, 0,
    0, 0, 0, 0, 0, 0, 0, 0,
    0, 0, 0, 0, 0, 0, 0, 0,
    0, 0, 0, 0, 0, 0, 0, 0,
    -5, 0, 0, 0, 0, 0, 0, 0,
    0, 0, 0, 0, 0, 0, 0, 0,
    0, -3, 0, 0, 0, 0, 0, 0,
    -3, 0, 0, 0, 0, 0, 0, 0,
    0, 0, 0, 0, 0, 0, 0, 0,
    0, 0, 0, 0, 0, 0, 0, 5,
    0, 0, -10, 0, 0, 0, 0, 0,
    0, 0, 0, 0, 0, 0, 0, 0,
    0, 0, 0, 0, 0, 0, 0, 0,
    0, 0, 0, 0, 0, 0, 0, 0,
    0, 0, 0, 0, 0, 0, 0, 0,
    0, 0, 0, 0, 0, 0, 0, 0,
    0, 0, 0, 0, 0, 0, -5, 0,
    -5, -8, -3, 0, 0, 0, 0, -3,
    0, 0, -13, -8, 0, 0, -13, 0,
    0, 0, -8, 0, 0, 0, 0, 0,
    0, 0, 0, 0, 0, 0, 0, 0,
    0, 0, 0, 0, 0, 0, 0, 10,
    0, -20, 0, 0, 0, 0, -3, 0,
    0, 0, 0, 0, 0, 0, 0, 0,
    0, 0, 0, 0, 0, 0, 0, 0,
    0, 0, 0, 0, 0, 0, 0, 0,
    0, 0, 0, 0, 0, 0, 0, 0,
    0, 0, 0, 0, 0, 0, 0, 0,
    0, 0, 0, 0, -15, 0, 0, 0,
    0, -5, -3, 0, -3, 0, -3, -18,
    -5, 0, 0, 0, 0, 0, -5, 0,
    0, -15, -12, -10, -5, 0, 0, 0,
    0, 0, -5, 0, 0, 0, 0, 0,
    -8, 0, -5, 0, 0, 0, 0, 0,
    -13, -8, 0, -3, 0, 0, 0, 0,
    0, 0, 0, 0, 0, 0, 0, 0,
    0, 0, 0, 0, 0, 0, 0, 0,
    0, 0, 0, 0, 0, 0, 0, 0,
    0, 0, 0, 0, 0, 0, 0, 0,
    0, 0, 0, 0, 0, 0, 0, 0,
    0, 0, 0, 0, 0, 0, -10, 0,
    0, 10, 0, 0, 0, 0, 0, 0,
    0, 0, 0, 0, 0, 0, 0, 0,
    0, 0, 0, -8, -13, 0, 0, 0,
    0, 0, 5, 0, 0, 0, 0, 0,
    0, 0, 0, 0, 0, 0, 0, 0,
    0, 0, -5, 0, 0, 8, 0, 0,
    -10, -5, 0, 0, 0, 0, 0, 0,
    0, 0, 0, 0, 0, 0, 0, 0,
    0, 0, 0, 0, 0, 0, 0, 0,
    0, 0, 0, 0, 0, 0, 0, 0,
    0, 0, 0, 0, 0, 0, 0, 0,
    0, 0, 0, 0, 0, 0, 0, 0,
    0, 0, 0, 0, -5, 2, -8, -8,
    -3, 0, 0, 0, 0, 0, 0, 0,
    -10, -3, 0, 0, -8, 0, 0, 0,
    0, 2, 0, 2, 0, 0, 0, 0,
    0, 0, 0, 0, 0, 0, 0, 0,
    0, 0, 0, 0, 0, 10, 0, 0,
    0, 0, 0, 0, 0, 0, 0, 0,
    0, 0, 0, 0, 0, 0, 0, 0,
    0, 0, 0, 0, 0, 0, 0, 0,
    0, 0, 0, 0, 0, 0, 0, 0,
    0, 0, 0, 0, 0, 0, 0, 0,
    0, 0, 0, 0, 0, 0, 0, 0,
    0, 0, -5, 0, 0, 0, 0, -8,
    0, 0, 0, 0, 0, 0, -3, 0,
    0, 0, 0, 0, 0, 0, 0, 0,
    0, 0, -5, 0, 0, 0, 0, 0,
    0, 0, 0, 0, 0, 0, 0, 0,
    0, 0, 0, 0, 0, 0, 0, 0,
    0, 8, 0, 0, 0, 0, 0, 0,
    0, 0, 0, 0, 0, 0, 0, 0,
    0, 0, 0, 0, 0, 0, 0, 0,
    0, 0, 0, 0, 0, 0, 0, 0,
    0, 0, 0, 0, 0, 0, 0, 0,
    0, 0, 0, 0, 0, 0, 0, 0,
    0, 0, 0, 0, 5, 0, 0, 0,
    0, 0, 0, 0, 0, 0, 0, 0,
    0, 0, 0, 0, 0, 0, 0, 0,
    0, 0, 0, 0, 0, 9, 0, 3,
    0, 0, 0, 0, 0, 0, 0, 0,
    0, 0, 0, 0, 0, 0, 0, 0,
    0, 0, 0, 0, 0, 0, 0, 0,
    0, 0, 0, 0, 0, 0, 0, 0,
    0, 0, 0, 0, 0, 0, 0, 0,
    0, 0, 0, 0, 0, 0, 0, 0,
    0, 0, 0, 0, 0, 0, 0, 0,
    0, 0, 0, 0, 0, 0, 0, 0,
    0, 0, 0, 0, 0, 0, 0, 0,
    0, 8, 0, 0, 0, 0, 0, 0,
    0, 0, 0, 0, 0, 0, 0, 0,
    0, 0, 0, 0, 0, 0, 0, 0,
    0, 0, 5, 0, 0, 0, 0, 0,
    0, 0, 0, 0, 0, 0, 0, 0,
    0, 0, 0, 0, 0, -3, 0, 0,
    0, 0, 0, 0, 0, 0, 0, 0,
    0, 0, 0, 0, 0, 0, 0, 0,
    0, 0, 0, 0, 0, 0, 0, 0,
    0, 0, 0, 0, 0, 0, 0, 0,
    0, 0, 0, 0, 0, 0, 0, 0,
    0, 0, 0, 0, 0, 0, 0, 0,
    -10, 0, 0, 10, 0, 0, 0, 0,
    0, 0, 0, 0, 0, 0, 0, 0,
    0, 0, 0, 0, 0, -8, -13, 0,
    0, 0, 0, 0, 0, 0, 0, 0,
    0, 0, 0, 0, 0, 0, 0, 0,
    0, 0, 0, 0, -5, 0, 0, 0,
    0, 0, -10, 0, 0, 0, 0, 0,
    0, 0, 0, 0, 0, 0, 0, 0,
    0, 0, 0, 0, 0, 0, 0, 0,
    0, 0, 0, 0, 0, 0, 0, 0,
    0, 0, 0, 0, 0, 0, 0, 0,
    0, 0, 0, 0, 0, 0, 0, 0,
    0, 0, 0, 0, 0, 0, 0, 0,
    0, 0, 0, 0, 0, 0, 0, 0,
    0, 0, -5, 0, 0, 0, 0, 0,
    0, 0, 0, 0, 0, 0, 0, 0,
    0, 0, 0, 0, 0, 0, 0, 0,
    0, 0, 0, 0, 0, 0, 0, 0,
    0, -10, 0, 0, 0, 0, 0, 0,
    0, 0, 0, 0, 0, 0, 0, 0,
    0, 0, 0, 0, 0, 0, 0, 0,
    0, 0, 0, 0, 0, 0, 0, 0,
    0, 0, 0, 0, 0, 0, 0, 0,
    0, 0, 0, 0, 0, 0, 0, 0,
    0, 0, 0, 0, -10, 0, 0, 0,
    0, 0, 0, 0, 0, 0, 0, -10,
    0, 0, 0, 0, 0, 0, 0, 0,
    0, -5, 0, 0, 0, 0, 0, 0,
    0, 0, 0, 0, 0, -8, -5, -8,
    0, 0, 0, 0, 0, 0, 0, -13,
    0, 0, 0, -18, 0, 0, 0, 0,
    0, 0, 0, 0, 0, 0, 0, 0,
    0, 0, 0, 0, 0, 0, 0, 0,
    0, 0, 0, 0, 0, 0, 0, 0,
    0, 0, 0, 0, 0, 0, 0, 0,
    0, 0, 0, 0, 0, 0, 0, 0,
    0, 0, 0, 0, 0, 0, 0, 0,
    0, 0, 0, 0, 0, 0, 0, 0,
    0, 0, 0, -5, 0, 0, 0, 0,
    0, 0, 0, -13, -8, -8, 0, 0,
    0, 0, 0, 0, -5, 0, 0, 0,
    0, 0, -5, 0, -5, 0, 0, 0,
    0, 0, -15, 0, 0, 0, 0, 0,
    0, 0, 0, 0, 0, 0, 0, 0,
    0, 0, 0, 0, 0, 0, 0, 0,
    0, 0, 0, 0, 0, 0, 0, 0,
    0, 0, 0, 0, 0, 0, 0, 0,
    0, 0, 0, 0, 0, 0, 0, 0,
    0, 0, 0, 0, 0, 0, 0, 0,
    0, 0, 0, 0, 0, 0, 0, 0,
    0, 0, 0, 0, 0, 0, 0, 0,
    0, 0, 0, 0, 0, 0, 0, 0,
    0, 0, 0, 0, 0, 0, 0, 0,
    0, 0, 0, 0, 0, 0, 0, 0,
    0, 0, 0, -3, 0, 0, 0, 0,
    0, 0, -10, 0, 0, 0, 0, 0,
    0, 0, 0, 0, 0, 0, 0, 0,
    0, 0, 0, 0, 0, 0, 0, 0,
    0, 0, 0, 0, 0, 0, 0, 0,
    0, 0, 0, 0, 0, 0, 0, 0,
    0, 0, 0, 0, 0, 0, 0, 0,
    0, 0, 0, 0, 0, 0, 0, 0,
    0, 0, 0, 0, 0, 0, 0, 0,
    0, 0, 0, 0, 0, 0, 0, 0,
    0, 0, 0, 0, 0, 0, 0, 0,
    0, 0, 0, -3, 0, -3, 0, 0,
    0, 0, 0, 0, 0, -5, 0, 0,
    0, 0, 0, 0, -15, -10, 0, 0,
    0, 0, 0, 0, 0, 0, 0, 0,
    0, 0, 0, 0, 0, 0, 0, 0,
    0, 0, 0, 0, -15, -8, 0, 0,
    0, 0, 0, 0, 0, 0, 0, 0,
    0, 0, 0, 0, 0, 0, 0, 0,
    0, 0, 0, 0, 5, -5, 0, 0,
    -10, 0, -18, -13, 0, 0, -8, 0,
    0, -18, 0, 0, -15, 0, -5, -5,
    0, -10, -10, -13, 0, 0, 0, 0,
    0, -5, -5, 0, -13, 0, 0, 0,
    -10, -13, -18, -13, -20, 0, -18, 0,
    -13, 0, 0, 0, 0, 0, -13, -5,
    0, 0, 0, 0, 0, 0, 0, 0,
    0, 0, 0, 0, 0, 0, 0, 0,
    0, 0, 0, 0, 0, 0, 0, 0,
    0, 0, 0, 0, 0, 0, 0, 0,
    0, 0, 0, 0, 0, 0, 0, 0,
    0, 0, 0, 0, 0, 0, 0, 0,
    0, 0, 0, 0, -8, 0, 0, 0,
    0, 0, 0, -3, 0, 0, -10, -3,
    0, 0, -8, 0, 0, 0, 0, 0,
    0, 0, 0, 0, 0, 0, 0, 0,
    0, 0, 0, 0, 0, 0, 0, 0,
    0, 0, 0, 0, 0, 0, 0, 0,
    -13, -5, 0, 0, 0, 0, 0, 0,
    0, 0, 0, 0, 0, 0, 0, 0,
    0, 0, 0, 0, 0, 0, 0, 0,
    0, 0, 0, 0, 0, 0, 0, 0,
    0, 0, 0, 0, 0, 0, 0, 0,
    0, 0, 0, 0, 0, 0, 0, 0,
    5, 0, 0, 0, 0, 0, -15, 0,
    0, 0, 0, 0, 0, -10, 0, 0,
    -13, 0, -5, -5, 0, 0, 0, -13,
    0, 5, 0, 0, 0, -5, 0, 0,
    -8, 0, 5, 0, 0, -5, -8, -10,
    0, 0, -13, 0, -5, 0, 0, 0,
    0, 0, -8, 0, 0, 0, 0, 0,
    0, 0, 0, 0, 0, 0, 0, 0,
    0, 0, 0, 0, 0, 0, 0, 0,
    0, 0, 0, 0, 0, 0, 0, 0,
    0, 0, 0, 0, 0, 0, 0, 0,
    0, 0, 0, 0, 0, 0, 0, 0,
    0, 0, 0, 0, 0, 0, 0, 0,
    0, 0, 0, 0, 0, 0, 0, -5,
    0, 0, -8, 0, 0, 0, 0, 0,
    0, 0, 0, 0, 0, 0, 0, 0,
    0, 0, 0, 0, 0, 0, 0, 0,
    0, 0, 0, 0, 0, 0, 0, 0,
    0, 0, 0, 0, 0, 0, 0, 0,
    0, 0, 0, 0, 0, 0, 0, 0,
    0, 0, 0, 0, 0, 0, 0, 0,
    0, 0, 0, 0, 0, 0, 0, 0,
    0, 0, 0, 0, 0, 0, 0, 0,
    0, 0, 0, 0, 0, 0, 0, 0,
    0, 0, 0, 0, 0, 0, 0, 0,
    0, 0, 0, 0, 0, 0, 0, 0,
    0, 0, 0, 0, 0, 0, 0, 0,
    0, -5, 0, -13, 0, 0, 0, 0,
    0, -5, 0, 0, 0, 0, 0, 0,
    0, -13, -5, 0, 0, 0, 0, 0,
    -5, 0, 0, 0, 0, 0, 0, 0,
    0, 0, 0, 0, 0, 0, 0, 0,
    0, 0, 0, 0, 0, 0, 0, 0,
    0, 0, 0, 0, 0, 0, 0, 0,
    0, 0, 0, 0, 0, 0, 0, 0,
    0, 0, 0, 0, 0, 0, 0, 0,
    0, 0, 0, 0, 0, 0, 0, 0,
    0, 0, 0, 0, 0, 0, 0, 0,
    0, 0, 0, -3, 0, 0, 0, 0,
    0, 0, 0, 0, 0, -3, 0, 0,
    0, 0, 0, 0, 0, 0, 0, 0,
    0, 0, 0, 0, 0, 0, 0, 0,
    0, 0, -5, 0, 0, 0, 0, 0,
    -15, 0, 0, 0, 0, 0, 0, 0,
    0, 0, 0, 0, 0, 0, 0, 0,
    0, 0, 0, 0, 0, 0, 0, 0,
    0, 0, 0, 0, 0, 0, 0, 0,
    0, 0, 0, 0, 0, 0, 0, 0,
    0, 0, 0, 0, 0, 0, 0, 0,
    0, 0, 0, 0, 0, 0, -15, 0,
    0, 0, 0, 0, 0, -13, 0, 0,
    -13, 0, 0, 0, 0, 0, 0, -10,
    0, 5, 0, 0, 0, -5, 0, 0,
    -8, 0, 0, 0, 0, 0, -10, -10,
    -10, -3, -10, 0, -5, 0, 0, 0,
    0, 0, -10, 0, 0, 0, 0, 0,
    0, 0, 0, 0, 0, 0, 0, 0,
    0, 0, 0, 0, 0, 0, 0, 0,
    0, 0, 0, 0, 0, 0, 0, 0,
    0, 0, 0, 0, 0, 0, 0, 0,
    0, 0, 0, 0, 0, 0, 0, 0,
    0, 0, 0, 0, 0, 0, 0, 0,
    0, 0, 0, 0, 0, 0, 0, 0,
    0, 0, -3, 0, 0, 0, 0, 0,
    0, 0, 0, 0, 0, 0, 0, 0,
    0, 0, 0, 0, 0, 0, 0, 0,
    0, 0, 0, 0, 0, 0, 0, 0,
    0, 0, 0, 0, 0, 0, 0, 0,
    0, 0, 0, 0, 0, 0, 0, 0,
    0, 0, 0, 0, 0, 0, 0, 0,
    0, 0, 0, 0, 0, 0, 0, 0,
    0, 0, 0, 0, 0, 0, 0, 0,
    0, 0, 0, 0, 0, 0, 0, 0,
    0, 0, 0, 0, -5, 0, 0, 0,
    0, 0, 0, 0, 0, 0, 0, 0,
    0, 0, 0, 0, 0, 0, 0, 0,
    0, 0, 0, 0, 0, 0, 0, 0,
    0, 0, 0, 0, 0, -3, 0, -3,
    0, 0, 0, 0, 0, 0, 0, -3,
    0, 0, 0, -3, 0, 0, 0, 0,
    0, 0, 0, 0, 0, 0, 0, 0,
    0, 0, 0, 0, 0, 0, 0, 0,
    0, 0, 0, 0, 0, 0, 0, 0,
    0, 0, 0, 0, 0, 0, 0, 0,
    0, 0, 0, 0, 0, 0, 0, 0,
    0, 0, 0, 0, 0, 0, 0, 0,
    0, 0, 0, 0, 0, 0, 0, 0,
    0, 0, 0, 0, 0, 0, 0, 0,
    -5, 0, 0, 0, -3, 0, 0, 0,
    0, 0, 0, 0, 0, 0, 0, 0,
    0, 0, 0, 0, 0, 0, 0, 0,
    0, 0, 0, 0, 0, -13, 0, 0,
    0, 0, 0, 0, 0, 0, 0, 0,
    0, 0, 0, 0, 0, 0, 0, 0,
    0, 0, 0, 0, 0, 0, 0, 0,
    0, 0, 0, 0, 0, 0, 0, 0,
    0, 0, 0, 0, 0, 0, 0, 0,
    0, 0, 0, 0, 0, 0, 0, 0,
    -18, 0, 0, 0, 0, -8, -8, 0,
    -8, 0, 0, -8, 0, 0, 0, 0,
    0, 0, -5, 0, 0, -8, 0, -5,
    0, 0, 0, 0, 0, 0, 0, 0,
    0, -8, -10, -10, 0, 0, 0, 0,
    0, 0, 0, -8, -5, 0, 0, -13,
    0, 0, 0, 0, 0, 0, 0, 0,
    0, 0, 0, 0, 0, 0, 0, 0,
    0, 0, 0, 0, 0, 0, 0, 0,
    0, 0, 0, 0, 0, 0, 0, 0,
    0, 0, 0, 0, 0, 0, 0, 0,
    0, 0, 0, 0, 0, 0, 0, 0,
    0, 0, 0, 0, 0, 0, 0, 0,
    0, 0, 0, 0, 0, 0, 0, 0,
    0, 0, 0, 0, -5, 0, 0, -8,
    -5, -5, 0, 0, 0, 0, 0, 0,
    0, 0, 0, 0, 0, 0, 0, 0,
    0, 0, 0, 0, 0, 0, -13, 0
};


/*Collect the kern class' data in one place*/
static const lv_font_fmt_txt_kern_classes_t kern_classes =
{
    .class_pair_values   = kern_class_values,
    .left_class_mapping  = kern_left_class_mapping,
    .right_class_mapping = kern_right_class_mapping,
    .left_class_cnt      = 112,
    .right_class_cnt     = 98,
};

/*--------------------
 *  ALL CUSTOM DATA
 *--------------------*/

#if LVGL_VERSION_MAJOR == 8
/*Store all the custom data of the font*/
static  lv_font_fmt_txt_glyph_cache_t cache;
#endif

#if LVGL_VERSION_MAJOR >= 8
static const lv_font_fmt_txt_dsc_t font_dsc = {
#else
static lv_font_fmt_txt_dsc_t font_dsc = {
#endif
    .glyph_bitmap = glyph_bitmap,
    .glyph_dsc = glyph_dsc,
    .cmaps = cmaps,
    .kern_dsc = &kern_classes,
    .kern_scale = 16,
    .cmap_num = 13,
    .bpp = 4,
    .kern_classes = 1,
    .bitmap_format = 0,
#if LVGL_VERSION_MAJOR == 8
    .cache = &cache
#endif
};



/*-----------------
 *  PUBLIC FONT
 *----------------*/

/*Initialize a public general font descriptor*/
#if LVGL_VERSION_MAJOR >= 8
const lv_font_t ui_font_16 = {
#else
lv_font_t ui_font_16 = {
#endif
    .get_glyph_dsc = lv_font_get_glyph_dsc_fmt_txt,    /*Function pointer to get glyph's data*/
    .get_glyph_bitmap = lv_font_get_bitmap_fmt_txt,    /*Function pointer to get glyph's bitmap*/
    .line_height = 23,          /*The maximum line height required by the font*/
    .base_line = 5,             /*Baseline measured from the bottom of the line*/
#if !(LVGL_VERSION_MAJOR == 6 && LVGL_VERSION_MINOR == 0)
    .subpx = LV_FONT_SUBPX_NONE,
#endif
#if LV_VERSION_CHECK(7, 4, 0) || LVGL_VERSION_MAJOR >= 8
    .underline_position = -2,
    .underline_thickness = 1,
#endif
    .dsc = &font_dsc,          /*The custom font data. Will be accessed by `get_glyph_bitmap/dsc` */
#if LV_VERSION_CHECK(8, 2, 0) || LVGL_VERSION_MAJOR >= 9
    .fallback = &ui_emoji_16,
#endif
    .user_data = NULL,
};



#endif /*#if UI_FONT_16*/

