/*******************************************************************************
 * Size: 12 px
 * Bpp: 4
 * Opts: --bpp 4 --size 12 --no-compress --force-fast-kern-format --font /var/folders/1d/dgkmygls6x5gsb16pbn2mwlr0000gn/T//meshcore-ui-fonts/NotoSans-Medium.ttf -r 0x20-0x7E,0xA0-0x24F,0x370-0x3FF,0x400-0x52F,0x1E80-0x1E85,0x1E9E,0x1EF2-0x1EF3,0x2010-0x2027,0x2030,0x2039-0x203A,0x20A4-0x20BF,0x2116,0x2122 --font /var/folders/1d/dgkmygls6x5gsb16pbn2mwlr0000gn/T//meshcore-ui-fonts/fa.woff -r 61581,63145,61572,62679,61568,62745,61463,62194,61612,61445,62073,61632,61774,61476,62405,61441,61448,61451,61452,61453,61457,61459,61461,61465,61468,61473,61478,61479,61480,61502,61507,61512,61515,61516,61517,61521,61522,61523,61524,61543,61544,61550,61552,61553,61556,61559,61560,61561,61563,61587,61589,61636,61637,61639,61641,61664,61671,61674,61683,61724,61732,61787,61931,62016,62017,62018,62019,62020,62087,62099,62212,62189,62810,63426,63650 --format lvgl --lv-include lvgl.h --lv-font-name ui_font_12 -o /Users/jakub/Documents/MeshCore/MeshCore/examples/companion_radio/ui-lvgl/fonts/ui_font_12.c
 ******************************************************************************/

#ifdef LV_LVGL_H_INCLUDE_SIMPLE
#include "lvgl.h"
#else
#include "lvgl.h"
#endif

#ifndef UI_FONT_12
#define UI_FONT_12 1
#endif

#if UI_FONT_12

/*-----------------
 *    BITMAPS
 *----------------*/

/*Store the image of the glyphs*/
static LV_ATTRIBUTE_LARGE_CONST const uint8_t glyph_bitmap[] = {
    /* U+0020 " " */

    /* U+0021 "!" */
    0x1f, 0x50, 0xf5, 0xf, 0x40, 0xf3, 0xe, 0x20,
    0xd2, 0x5, 0x1, 0xb3, 0x1e, 0x40,

    /* U+0022 "\"" */
    0x3f, 0xe, 0x51, 0xf0, 0xd4, 0xe, 0xb, 0x30,
    0x30, 0x30,

    /* U+0023 "#" */
    0x0, 0x2d, 0x9, 0x50, 0x0, 0x5a, 0xc, 0x30,
    0x0, 0x78, 0xe, 0x0, 0x4f, 0xff, 0xff, 0xf7,
    0x0, 0xd1, 0x59, 0x0, 0xbf, 0xff, 0xff, 0xf0,
    0x5, 0xa0, 0xc2, 0x0, 0x7, 0x80, 0xf0, 0x0,
    0x9, 0x51, 0xd0, 0x0,

    /* U+0024 "$" */
    0x0, 0xc, 0x0, 0x0, 0x6c, 0xfc, 0x90, 0x2f,
    0x6d, 0x57, 0x4, 0xf1, 0xc0, 0x0, 0xd, 0xee,
    0x20, 0x0, 0x6, 0xff, 0x80, 0x0, 0xc, 0x4f,
    0x22, 0x30, 0xc4, 0xf2, 0x3f, 0xff, 0xf6, 0x0,
    0x1, 0xc0, 0x0, 0x0, 0x5, 0x0, 0x0,

    /* U+0025 "%" */
    0xa, 0xe6, 0x0, 0x5c, 0x0, 0x4c, 0x1e, 0x0,
    0xd3, 0x0, 0x79, 0xd, 0x25, 0xb0, 0x0, 0x79,
    0xd, 0x3d, 0x7d, 0xb0, 0x4c, 0x1e, 0x7a, 0xc4,
    0x97, 0xa, 0xe7, 0xe2, 0xf0, 0x6a, 0x0, 0x7,
    0x90, 0xf0, 0x5a, 0x0, 0x1e, 0x10, 0xc3, 0x87,
    0x0, 0x88, 0x0, 0x4d, 0xc1,

    /* U+0026 "&" */
    0x1, 0xbf, 0xd3, 0x0, 0x0, 0x8c, 0x29, 0xc0,
    0x0, 0x8, 0xc0, 0x9b, 0x0, 0x0, 0x1e, 0xcd,
    0x10, 0x0, 0x6, 0xff, 0x70, 0xa, 0x22, 0xf5,
    0x3f, 0x65, 0xf0, 0x5f, 0x0, 0x4f, 0xe7, 0x3,
    0xf6, 0x14, 0xdf, 0x60, 0x6, 0xdf, 0xd7, 0x5f,
    0x50,

    /* U+0027 "'" */
    0x3f, 0x1, 0xf0, 0xe, 0x0, 0x30,

    /* U+0028 "(" */
    0x1, 0xe2, 0xa, 0x80, 0x1f, 0x20, 0x4e, 0x0,
    0x7c, 0x0, 0x7b, 0x0, 0x7c, 0x0, 0x5e, 0x0,
    0x1f, 0x20, 0xb, 0x80, 0x2, 0xe1, 0x0, 0x10,

    /* U+0029 ")" */
    0x5c, 0x0, 0xd, 0x60, 0x7, 0xc0, 0x3, 0xf0,
    0x0, 0xf2, 0x0, 0xf3, 0x0, 0xf3, 0x2, 0xf1,
    0x6, 0xd0, 0xc, 0x70, 0x4d, 0x0, 0x10, 0x0,

    /* U+002A "*" */
    0x0, 0x5d, 0x0, 0x1, 0x3, 0xc0, 0x20, 0x7f,
    0xce, 0xdf, 0x0, 0x1c, 0xf5, 0x10, 0x5, 0xe6,
    0xd0, 0x0, 0x46, 0x9, 0x10,

    /* U+002B "+" */
    0x0, 0x2, 0x0, 0x0, 0x1, 0xe0, 0x0, 0x0,
    0x1e, 0x0, 0x6, 0xee, 0xfe, 0xe3, 0x1, 0x2e,
    0x11, 0x0, 0x1, 0xe0, 0x0, 0x0, 0x1e, 0x0,
    0x0,

    /* U+002C "," */
    0x1, 0x0, 0xf4, 0x3e, 0x7, 0x90,

    /* U+002D "-" */
    0x9f, 0xf6, 0x12, 0x21,

    /* U+002E "." */
    0x1b, 0x31, 0xe4,

    /* U+002F "/" */
    0x0, 0xe, 0x50, 0x3, 0xf0, 0x0, 0x99, 0x0,
    0xe, 0x40, 0x4, 0xe0, 0x0, 0xa8, 0x0, 0xf,
    0x30, 0x5, 0xd0, 0x0, 0xb7, 0x0, 0x0,

    /* U+0030 "0" */
    0x3, 0xdf, 0xc2, 0x0, 0xe9, 0x3b, 0xb0, 0x4f,
    0x0, 0x3f, 0x16, 0xd0, 0x0, 0xf3, 0x6d, 0x0,
    0xf, 0x45, 0xd0, 0x0, 0xf4, 0x3f, 0x0, 0x2f,
    0x10, 0xd9, 0x3b, 0xc0, 0x3, 0xdf, 0xc2, 0x0,

    /* U+0031 "1" */
    0x0, 0x4e, 0x70, 0x6e, 0xe7, 0x9, 0x2c, 0x70,
    0x0, 0xc7, 0x0, 0xc, 0x70, 0x0, 0xc7, 0x0,
    0xc, 0x70, 0x0, 0xc7, 0x0, 0xc, 0x70,

    /* U+0032 "2" */
    0x7, 0xef, 0xc2, 0x2, 0xc5, 0x3b, 0xc0, 0x0,
    0x0, 0x5f, 0x0, 0x0, 0x9, 0xc0, 0x0, 0x3,
    0xf3, 0x0, 0x2, 0xe5, 0x0, 0x2, 0xe6, 0x0,
    0x2, 0xea, 0x33, 0x31, 0x7f, 0xff, 0xff, 0x50,

    /* U+0033 "3" */
    0x19, 0xef, 0xc2, 0x1, 0xa4, 0x2b, 0xc0, 0x0,
    0x0, 0x5e, 0x0, 0x0, 0x1b, 0x90, 0x2, 0xff,
    0xb1, 0x0, 0x2, 0x3a, 0xd0, 0x0, 0x0, 0x2f,
    0x34, 0x52, 0x3a, 0xf0, 0x4d, 0xff, 0xc3, 0x0,

    /* U+0034 "4" */
    0x0, 0x2, 0xf7, 0x0, 0x0, 0xce, 0x70, 0x0,
    0x6b, 0xc7, 0x0, 0x1e, 0x1c, 0x70, 0xb, 0x60,
    0xc7, 0x5, 0xc0, 0xc, 0x70, 0xcf, 0xff, 0xff,
    0x91, 0x22, 0x2d, 0x81, 0x0, 0x0, 0xc7, 0x0,

    /* U+0035 "5" */
    0xd, 0xff, 0xfa, 0x0, 0xe6, 0x33, 0x10, 0xf,
    0x30, 0x0, 0x0, 0xfe, 0xeb, 0x20, 0x4, 0x33,
    0xbe, 0x0, 0x0, 0x2, 0xf2, 0x0, 0x0, 0x2f,
    0x13, 0x63, 0x3c, 0xc0, 0x2c, 0xfe, 0xa1, 0x0,

    /* U+0036 "6" */
    0x0, 0x6d, 0xfa, 0x0, 0x7d, 0x41, 0x10, 0xf,
    0x30, 0x0, 0x4, 0xe7, 0xed, 0x40, 0x5f, 0x92,
    0x7f, 0x16, 0xf0, 0x0, 0xf4, 0x3f, 0x0, 0xf,
    0x40, 0xda, 0x28, 0xe0, 0x2, 0xcf, 0xc3, 0x0,

    /* U+0037 "7" */
    0x8f, 0xff, 0xff, 0x51, 0x33, 0x35, 0xf1, 0x0,
    0x0, 0x9a, 0x0, 0x0, 0x1f, 0x40, 0x0, 0x7,
    0xd0, 0x0, 0x0, 0xe6, 0x0, 0x0, 0x5f, 0x0,
    0x0, 0xc, 0x80, 0x0, 0x3, 0xf2, 0x0, 0x0,

    /* U+0038 "8" */
    0x4, 0xdf, 0xc4, 0x1, 0xf6, 0x18, 0xe0, 0x1f,
    0x20, 0x4f, 0x0, 0x9d, 0x6d, 0x60, 0x3, 0xff,
    0xc1, 0x2, 0xf4, 0x9, 0xe0, 0x6c, 0x0, 0xf,
    0x44, 0xf4, 0x16, 0xf1, 0x7, 0xef, 0xd5, 0x0,

    /* U+0039 "9" */
    0x5, 0xdf, 0xb1, 0x2, 0xf5, 0x2a, 0xc0, 0x6d,
    0x0, 0x1f, 0x24, 0xf2, 0x6, 0xf4, 0xa, 0xff,
    0x8f, 0x30, 0x0, 0x2, 0xf2, 0x0, 0x0, 0x7e,
    0x0, 0x22, 0x6f, 0x60, 0xc, 0xfd, 0x60, 0x0,

    /* U+003A ":" */
    0x1e, 0x41, 0xb3, 0x0, 0x0, 0x0, 0x0, 0x1,
    0xb3, 0x1e, 0x40,

    /* U+003B ";" */
    0x1e, 0x41, 0xb3, 0x0, 0x0, 0x0, 0x0, 0x0,
    0x20, 0x2f, 0x35, 0xe0, 0x88, 0x0,

    /* U+003C "<" */
    0x0, 0x0, 0x6, 0x30, 0x0, 0x5d, 0xb1, 0x4,
    0xcb, 0x30, 0x6, 0xf7, 0x0, 0x0, 0x5, 0xdc,
    0x50, 0x0, 0x0, 0x4c, 0xe2, 0x0, 0x0, 0x3,
    0x20,

    /* U+003D "=" */
    0x5e, 0xee, 0xee, 0x30, 0x11, 0x11, 0x10, 0x0,
    0x0, 0x0, 0x5, 0xff, 0xff, 0xf3, 0x1, 0x11,
    0x11, 0x0,

    /* U+003E ">" */
    0x45, 0x0, 0x0, 0x2, 0xcc, 0x40, 0x0, 0x0,
    0x4c, 0xb3, 0x0, 0x0, 0x9, 0xf3, 0x0, 0x6d,
    0xc4, 0x4, 0xea, 0x30, 0x0, 0x32, 0x0, 0x0,
    0x0,

    /* U+003F "?" */
    0x6d, 0xfd, 0x40, 0x55, 0x28, 0xe0, 0x0, 0x3,
    0xf0, 0x0, 0x1c, 0x80, 0x0, 0xd8, 0x0, 0x3,
    0xd0, 0x0, 0x1, 0x20, 0x0, 0x5, 0xb0, 0x0,
    0x6, 0xd0, 0x0,

    /* U+0040 "@" */
    0x0, 0x8, 0xdf, 0xea, 0x30, 0x0, 0x1d, 0x92,
    0x0, 0x5e, 0x30, 0xa, 0x81, 0xbe, 0xe6, 0x4c,
    0x1, 0xf0, 0xb8, 0x8, 0x70, 0xe0, 0x4b, 0xe,
    0x20, 0x96, 0xe, 0x15, 0xb0, 0xd5, 0xd, 0x83,
    0xd0, 0x3d, 0x4, 0xdd, 0x3c, 0xc3, 0x0, 0xe3,
    0x0, 0x0, 0x0, 0x0, 0x5, 0xe5, 0x10, 0x37,
    0x0, 0x0, 0x3, 0xbe, 0xed, 0x80, 0x0,

    /* U+0041 "A" */
    0x0, 0xe, 0xc0, 0x0, 0x0, 0x4d, 0xf2, 0x0,
    0x0, 0xa8, 0xb7, 0x0, 0x0, 0xf3, 0x5d, 0x0,
    0x6, 0xd0, 0xf, 0x30, 0xb, 0xff, 0xff, 0x90,
    0x1f, 0x43, 0x36, 0xe0, 0x7d, 0x0, 0x0, 0xf4,
    0xd8, 0x0, 0x0, 0xaa,

    /* U+0042 "B" */
    0xef, 0xfe, 0xb2, 0xe, 0x72, 0x3c, 0xc0, 0xe6,
    0x0, 0x6e, 0xe, 0x60, 0xb, 0xa0, 0xef, 0xff,
    0xd1, 0xe, 0x82, 0x3a, 0xd0, 0xe6, 0x0, 0x3f,
    0x2e, 0x82, 0x3a, 0xf0, 0xef, 0xff, 0xc3, 0x0,

    /* U+0043 "C" */
    0x0, 0x5c, 0xfe, 0xb1, 0x5, 0xf9, 0x44, 0x70,
    0xe, 0x90, 0x0, 0x0, 0x3f, 0x30, 0x0, 0x0,
    0x4f, 0x10, 0x0, 0x0, 0x3f, 0x30, 0x0, 0x0,
    0xf, 0x80, 0x0, 0x0, 0x7, 0xf8, 0x43, 0x60,
    0x0, 0x6d, 0xfe, 0xa0,

    /* U+0044 "D" */
    0xef, 0xfe, 0xb3, 0x0, 0xe8, 0x24, 0xbf, 0x30,
    0xe6, 0x0, 0xc, 0xb0, 0xe6, 0x0, 0x6, 0xf0,
    0xe6, 0x0, 0x5, 0xf0, 0xe6, 0x0, 0x7, 0xf0,
    0xe6, 0x0, 0xd, 0xb0, 0xe8, 0x35, 0xcf, 0x20,
    0xef, 0xfe, 0xa2, 0x0,

    /* U+0045 "E" */
    0xdf, 0xff, 0xfd, 0x82, 0x22, 0xd7, 0x0, 0xd,
    0x70, 0x0, 0xdf, 0xff, 0xbd, 0x82, 0x22, 0xd7,
    0x0, 0xd, 0x83, 0x32, 0xdf, 0xff, 0xf0,

    /* U+0046 "F" */
    0xdf, 0xff, 0xfd, 0x82, 0x22, 0xd6, 0x0, 0xd,
    0x60, 0x0, 0xdf, 0xff, 0xbd, 0x82, 0x22, 0xd6,
    0x0, 0xd, 0x60, 0x0, 0xd6, 0x0, 0x0,

    /* U+0047 "G" */
    0x0, 0x4b, 0xef, 0xd6, 0x5, 0xfa, 0x43, 0x63,
    0xe, 0xa0, 0x0, 0x0, 0x2f, 0x30, 0x0, 0x0,
    0x4f, 0x10, 0x4f, 0xfd, 0x3f, 0x20, 0x3, 0x9d,
    0xe, 0x80, 0x0, 0x7d, 0x7, 0xf8, 0x33, 0xad,
    0x0, 0x6d, 0xff, 0xd8,

    /* U+0048 "H" */
    0xd7, 0x0, 0x7, 0xdd, 0x70, 0x0, 0x7d, 0xd7,
    0x0, 0x7, 0xdd, 0x70, 0x0, 0x7d, 0xdf, 0xff,
    0xff, 0xdd, 0x82, 0x22, 0x8d, 0xd7, 0x0, 0x7,
    0xdd, 0x70, 0x0, 0x7d, 0xd7, 0x0, 0x7, 0xd0,

    /* U+0049 "I" */
    0x7f, 0xfb, 0x8, 0xc0, 0x8, 0xc0, 0x8, 0xc0,
    0x8, 0xc0, 0x8, 0xc0, 0x8, 0xc0, 0x8, 0xc0,
    0x7f, 0xfb,

    /* U+004A "J" */
    0x0, 0xe6, 0x0, 0xe6, 0x0, 0xe6, 0x0, 0xe6,
    0x0, 0xe6, 0x0, 0xe6, 0x0, 0xe6, 0x0, 0xe6,
    0x0, 0xe5, 0x3, 0xf3, 0xef, 0xa0, 0x11, 0x0,

    /* U+004B "K" */
    0xd7, 0x0, 0x6e, 0x2d, 0x70, 0x4f, 0x40, 0xd7,
    0x2e, 0x60, 0xd, 0x7d, 0x90, 0x0, 0xdf, 0xf9,
    0x0, 0xd, 0xa4, 0xf4, 0x0, 0xd7, 0x9, 0xd0,
    0xd, 0x70, 0xe, 0x90, 0xd7, 0x0, 0x4f, 0x40,

    /* U+004C "L" */
    0xe6, 0x0, 0x0, 0xe6, 0x0, 0x0, 0xe6, 0x0,
    0x0, 0xe6, 0x0, 0x0, 0xe6, 0x0, 0x0, 0xe6,
    0x0, 0x0, 0xe6, 0x0, 0x0, 0xe8, 0x33, 0x30,
    0xef, 0xff, 0xf1,

    /* U+004D "M" */
    0xdf, 0x20, 0x0, 0x2f, 0xed, 0xe7, 0x0, 0x7,
    0xee, 0xd9, 0xd0, 0x0, 0xd9, 0xed, 0x5f, 0x20,
    0x3e, 0x6e, 0xd5, 0xa8, 0x8, 0x86, 0xed, 0x55,
    0xd0, 0xe3, 0x6e, 0xd5, 0xf, 0x7d, 0x6, 0xed,
    0x50, 0xaf, 0x80, 0x6e, 0xd5, 0x4, 0xf2, 0x6,
    0xe0,

    /* U+004E "N" */
    0xde, 0x10, 0x0, 0xf2, 0xdf, 0x90, 0x0, 0xf2,
    0xd8, 0xf3, 0x0, 0xf2, 0xd4, 0xac, 0x0, 0xf2,
    0xd4, 0x2f, 0x50, 0xf2, 0xd5, 0x7, 0xe0, 0xf2,
    0xd5, 0x0, 0xd8, 0xf2, 0xd5, 0x0, 0x4f, 0xf2,
    0xd5, 0x0, 0xb, 0xf2,

    /* U+004F "O" */
    0x0, 0x6d, 0xfe, 0x91, 0x0, 0x7f, 0x83, 0x5d,
    0xd0, 0xf, 0x80, 0x0, 0x2f, 0x53, 0xf3, 0x0,
    0x0, 0xc9, 0x4f, 0x10, 0x0, 0xb, 0xa3, 0xf3,
    0x0, 0x0, 0xc9, 0xf, 0x80, 0x0, 0x2f, 0x50,
    0x7f, 0x83, 0x5d, 0xd0, 0x0, 0x6d, 0xfe, 0x91,
    0x0,

    /* U+0050 "P" */
    0xef, 0xfe, 0x90, 0xe8, 0x25, 0xe7, 0xe6, 0x0,
    0xab, 0xe6, 0x3, 0xe8, 0xef, 0xff, 0xa0, 0xe8,
    0x20, 0x0, 0xe6, 0x0, 0x0, 0xe6, 0x0, 0x0,
    0xe6, 0x0, 0x0,

    /* U+0051 "Q" */
    0x0, 0x6d, 0xfe, 0x91, 0x0, 0x7f, 0x83, 0x5d,
    0xd0, 0xf, 0x80, 0x0, 0x2f, 0x53, 0xf3, 0x0,
    0x0, 0xc9, 0x4f, 0x10, 0x0, 0xb, 0xa3, 0xf3,
    0x0, 0x0, 0xc9, 0xf, 0x80, 0x0, 0x2f, 0x50,
    0x7f, 0x83, 0x5d, 0xc0, 0x0, 0x6d, 0xff, 0xb1,
    0x0, 0x0, 0x0, 0xae, 0x10, 0x0, 0x0, 0x0,
    0xcd, 0x10,

    /* U+0052 "R" */
    0xef, 0xfe, 0x90, 0xe, 0x82, 0x4e, 0x80, 0xe6,
    0x0, 0xab, 0xe, 0x60, 0x2e, 0x70, 0xef, 0xff,
    0x90, 0xe, 0x82, 0xd7, 0x0, 0xe6, 0x5, 0xf1,
    0xe, 0x60, 0xd, 0x90, 0xe6, 0x0, 0x4f, 0x30,

    /* U+0053 "S" */
    0x5, 0xdf, 0xe8, 0x1, 0xf7, 0x35, 0x50, 0x4f,
    0x0, 0x0, 0x0, 0xeb, 0x20, 0x0, 0x2, 0xbf,
    0xa1, 0x0, 0x0, 0x2c, 0xc0, 0x0, 0x0, 0x4f,
    0x4, 0x63, 0x3b, 0xc0, 0x3d, 0xfe, 0xb2, 0x0,

    /* U+0054 "T" */
    0xdf, 0xff, 0xff, 0x92, 0x36, 0xf3, 0x31, 0x0,
    0x4f, 0x0, 0x0, 0x4, 0xf0, 0x0, 0x0, 0x4f,
    0x0, 0x0, 0x4, 0xf0, 0x0, 0x0, 0x4f, 0x0,
    0x0, 0x4, 0xf0, 0x0, 0x0, 0x4f, 0x0, 0x0,

    /* U+0055 "U" */
    0xf5, 0x0, 0x8, 0xcf, 0x50, 0x0, 0x8c, 0xf5,
    0x0, 0x8, 0xcf, 0x50, 0x0, 0x8c, 0xf5, 0x0,
    0x8, 0xce, 0x50, 0x0, 0x8c, 0xd8, 0x0, 0xa,
    0xa7, 0xf6, 0x37, 0xf5, 0x7, 0xdf, 0xd6, 0x0,

    /* U+0056 "V" */
    0xd7, 0x0, 0x2, 0xf3, 0x8d, 0x0, 0x7, 0xd0,
    0x2f, 0x20, 0xc, 0x80, 0xd, 0x70, 0x1f, 0x30,
    0x7, 0xc0, 0x6d, 0x0, 0x2, 0xf2, 0xc8, 0x0,
    0x0, 0xd7, 0xf3, 0x0, 0x0, 0x7e, 0xd0, 0x0,
    0x0, 0x2f, 0x80, 0x0,

    /* U+0057 "W" */
    0xc8, 0x0, 0x2f, 0x60, 0x4, 0xf1, 0x8c, 0x0,
    0x6f, 0xa0, 0x7, 0xc0, 0x4f, 0x0, 0xba, 0xe0,
    0xb, 0x80, 0xf, 0x40, 0xf3, 0xf3, 0xf, 0x40,
    0xc, 0x73, 0xe0, 0xa8, 0x3f, 0x10, 0x8, 0xb8,
    0xa0, 0x6c, 0x6c, 0x0, 0x4, 0xeb, 0x60, 0x2f,
    0xa8, 0x0, 0x0, 0xff, 0x10, 0xd, 0xf4, 0x0,
    0x0, 0xcd, 0x0, 0x9, 0xf0, 0x0,

    /* U+0058 "X" */
    0x7e, 0x0, 0xa, 0xc0, 0xd, 0x80, 0x3f, 0x20,
    0x3, 0xf2, 0xc8, 0x0, 0x0, 0x9e, 0xe0, 0x0,
    0x0, 0x4f, 0x90, 0x0, 0x0, 0xcb, 0xf2, 0x0,
    0x6, 0xe0, 0xab, 0x0, 0x1f, 0x50, 0x1f, 0x50,
    0xab, 0x0, 0x7, 0xe1,

    /* U+0059 "Y" */
    0xba, 0x0, 0xa, 0xc0, 0x3f, 0x20, 0x2f, 0x30,
    0xb, 0xa0, 0xab, 0x0, 0x3, 0xf4, 0xf3, 0x0,
    0x0, 0xbf, 0xa0, 0x0, 0x0, 0x3f, 0x30, 0x0,
    0x0, 0x2f, 0x20, 0x0, 0x0, 0x2f, 0x20, 0x0,
    0x0, 0x2f, 0x20, 0x0,

    /* U+005A "Z" */
    0x7f, 0xff, 0xff, 0x51, 0x33, 0x39, 0xe1, 0x0,
    0x1, 0xf6, 0x0, 0x0, 0xbb, 0x0, 0x0, 0x5f,
    0x20, 0x0, 0x1e, 0x70, 0x0, 0x9, 0xc0, 0x0,
    0x4, 0xf5, 0x33, 0x31, 0x9f, 0xff, 0xff, 0x70,

    /* U+005B "[" */
    0x1f, 0xfa, 0x1f, 0x10, 0x1f, 0x10, 0x1f, 0x10,
    0x1f, 0x10, 0x1f, 0x10, 0x1f, 0x10, 0x1f, 0x10,
    0x1f, 0x10, 0x1f, 0x10, 0x1f, 0xe9, 0x1, 0x11,

    /* U+005C "\\" */
    0xb7, 0x0, 0x5, 0xd0, 0x0, 0xf, 0x30, 0x0,
    0xa9, 0x0, 0x4, 0xe0, 0x0, 0xe, 0x40, 0x0,
    0x9a, 0x0, 0x3, 0xf0, 0x0, 0xe, 0x50,

    /* U+005D "]" */
    0xbf, 0xf0, 0x2, 0xf0, 0x2, 0xf0, 0x2, 0xf0,
    0x2, 0xf0, 0x2, 0xf0, 0x2, 0xf0, 0x2, 0xf0,
    0x2, 0xf0, 0x2, 0xf0, 0xae, 0xf0, 0x11, 0x10,

    /* U+005E "^" */
    0x0, 0x4d, 0x0, 0x0, 0xa, 0xd5, 0x0, 0x1,
    0xd3, 0xc0, 0x0, 0x87, 0xc, 0x40, 0xe, 0x10,
    0x4b, 0x6, 0xa0, 0x0, 0xd3,

    /* U+005F "_" */
    0xd, 0xdd, 0xdd, 0x30,

    /* U+0060 "`" */
    0x3f, 0x40, 0x4, 0xd0,

    /* U+0061 "a" */
    0x6, 0xdf, 0xd3, 0x4, 0x41, 0xac, 0x0, 0x0,
    0x5e, 0x7, 0xcd, 0xee, 0x5f, 0x20, 0x5e, 0x6e,
    0x10, 0xbe, 0xb, 0xfd, 0x6e,

    /* U+0062 "b" */
    0xf, 0x40, 0x0, 0x0, 0xf4, 0x0, 0x0, 0xf,
    0x30, 0x0, 0x0, 0xf7, 0xee, 0x90, 0xf, 0xc3,
    0x4f, 0x60, 0xf5, 0x0, 0xaa, 0xf, 0x40, 0x8,
    0xc0, 0xf5, 0x0, 0xaa, 0xf, 0xc3, 0x4f, 0x60,
    0xf5, 0xee, 0x90,

    /* U+0063 "c" */
    0x2, 0xcf, 0xe4, 0xe, 0xa3, 0x41, 0x4f, 0x10,
    0x0, 0x5f, 0x0, 0x0, 0x4f, 0x10, 0x0, 0xe,
    0xa3, 0x42, 0x3, 0xcf, 0xe3,

    /* U+0064 "d" */
    0x0, 0x0, 0xd, 0x70, 0x0, 0x0, 0xd7, 0x0,
    0x0, 0xc, 0x70, 0x3d, 0xf9, 0xc7, 0xe, 0xa2,
    0x7f, 0x73, 0xf1, 0x0, 0xe7, 0x5f, 0x0, 0xc,
    0x73, 0xf1, 0x0, 0xd7, 0xe, 0x92, 0x6f, 0x70,
    0x4d, 0xf9, 0xa7,

    /* U+0065 "e" */
    0x2, 0xcf, 0xc2, 0x0, 0xd9, 0x18, 0xd0, 0x3f,
    0x10, 0xf, 0x25, 0xff, 0xff, 0xf4, 0x4f, 0x0,
    0x0, 0x0, 0xea, 0x22, 0x50, 0x2, 0xbf, 0xeb,
    0x0,

    /* U+0066 "f" */
    0x1, 0xcf, 0x90, 0x9c, 0x21, 0xb, 0x90, 0x9,
    0xff, 0xf2, 0xb, 0x90, 0x0, 0xb9, 0x0, 0xb,
    0x90, 0x0, 0xb9, 0x0, 0xb, 0x90, 0x0, 0xb9,
    0x0,

    /* U+0067 "g" */
    0x3, 0xdf, 0x9a, 0x70, 0xea, 0x27, 0xf7, 0x3f,
    0x10, 0xe, 0x75, 0xf0, 0x0, 0xc7, 0x3f, 0x0,
    0xd, 0x70, 0xe9, 0x26, 0xf7, 0x4, 0xdf, 0x9c,
    0x70, 0x0, 0x0, 0xd6, 0x7, 0x32, 0x7f, 0x20,
    0xae, 0xfd, 0x50,

    /* U+0068 "h" */
    0xf, 0x40, 0x0, 0x0, 0xf4, 0x0, 0x0, 0xf,
    0x30, 0x0, 0x0, 0xf7, 0xdf, 0xa0, 0xf, 0xd3,
    0x3f, 0x60, 0xf6, 0x0, 0xb9, 0xf, 0x40, 0xa,
    0x90, 0xf4, 0x0, 0xa9, 0xf, 0x40, 0xa, 0x90,
    0xf4, 0x0, 0xa9,

    /* U+0069 "i" */
    0xe, 0x30, 0x71, 0x0, 0x0, 0xf4, 0xf, 0x40,
    0xf4, 0xf, 0x40, 0xf4, 0xf, 0x40, 0xf4,

    /* U+006A "j" */
    0x0, 0xe3, 0x0, 0x71, 0x0, 0x0, 0x0, 0xf4,
    0x0, 0xf4, 0x0, 0xf4, 0x0, 0xf4, 0x0, 0xf4,
    0x0, 0xf4, 0x0, 0xf4, 0x0, 0xf3, 0x15, 0xf2,
    0x9f, 0x90,

    /* U+006B "k" */
    0xf4, 0x0, 0x0, 0xf4, 0x0, 0x0, 0xf4, 0x0,
    0x0, 0xf4, 0x7, 0xe2, 0xf4, 0x4f, 0x30, 0xf6,
    0xf4, 0x0, 0xff, 0xf3, 0x0, 0xf6, 0x9d, 0x0,
    0xf4, 0xd, 0x90, 0xf4, 0x3, 0xf4,

    /* U+006C "l" */
    0xf, 0x40, 0xf4, 0xf, 0x40, 0xf4, 0xf, 0x40,
    0xf4, 0xf, 0x40, 0xf4, 0xf, 0x40, 0xf4,

    /* U+006D "m" */
    0xf, 0x5e, 0xf9, 0x4d, 0xf9, 0x0, 0xfc, 0x36,
    0xfd, 0x35, 0xf4, 0xf, 0x50, 0xf, 0x70, 0xd,
    0x60, 0xf4, 0x0, 0xf5, 0x0, 0xd6, 0xf, 0x40,
    0xf, 0x50, 0xd, 0x60, 0xf4, 0x0, 0xf5, 0x0,
    0xd6, 0xf, 0x40, 0xf, 0x50, 0xd, 0x60,

    /* U+006E "n" */
    0xf, 0x5d, 0xfa, 0x0, 0xfd, 0x34, 0xf6, 0xf,
    0x60, 0xb, 0x90, 0xf4, 0x0, 0xa9, 0xf, 0x40,
    0xa, 0x90, 0xf4, 0x0, 0xa9, 0xf, 0x40, 0xa,
    0x90,

    /* U+006F "o" */
    0x2, 0xbf, 0xd5, 0x0, 0xda, 0x26, 0xf3, 0x3f,
    0x10, 0xc, 0x95, 0xf0, 0x0, 0xaa, 0x3f, 0x10,
    0xc, 0x80, 0xd9, 0x25, 0xf3, 0x2, 0xcf, 0xd5,
    0x0,

    /* U+0070 "p" */
    0xf, 0x5d, 0xe9, 0x0, 0xfc, 0x34, 0xf6, 0xf,
    0x50, 0xa, 0xa0, 0xf4, 0x0, 0x8c, 0xf, 0x50,
    0xa, 0xa0, 0xfd, 0x35, 0xf5, 0xf, 0x8e, 0xe8,
    0x0, 0xf3, 0x0, 0x0, 0xf, 0x40, 0x0, 0x0,
    0xf4, 0x0, 0x0,

    /* U+0071 "q" */
    0x3, 0xdf, 0x9a, 0x70, 0xe9, 0x27, 0xf7, 0x3f,
    0x10, 0xe, 0x75, 0xf0, 0x0, 0xc7, 0x3f, 0x10,
    0xe, 0x70, 0xe9, 0x26, 0xf7, 0x4, 0xdf, 0x9c,
    0x70, 0x0, 0x0, 0xd7, 0x0, 0x0, 0xd, 0x70,
    0x0, 0x0, 0xd7,

    /* U+0072 "r" */
    0xf, 0x3d, 0xd0, 0xfd, 0x63, 0xf, 0x70, 0x0,
    0xf4, 0x0, 0xf, 0x40, 0x0, 0xf4, 0x0, 0xf,
    0x40, 0x0,

    /* U+0073 "s" */
    0x9, 0xef, 0xb0, 0x5e, 0x21, 0x50, 0x3f, 0x70,
    0x0, 0x5, 0xdf, 0x70, 0x0, 0x5, 0xf2, 0x34,
    0x13, 0xf2, 0x4d, 0xfe, 0x70,

    /* U+0074 "t" */
    0x3, 0x30, 0x0, 0xb6, 0x0, 0x9f, 0xff, 0x30,
    0xe6, 0x0, 0xe, 0x60, 0x0, 0xe6, 0x0, 0xe,
    0x60, 0x0, 0xda, 0x21, 0x5, 0xef, 0x30,

    /* U+0075 "u" */
    0x1f, 0x30, 0xb, 0x81, 0xf3, 0x0, 0xb8, 0x1f,
    0x30, 0xb, 0x81, 0xf3, 0x0, 0xb8, 0x1f, 0x30,
    0xd, 0x80, 0xe8, 0x5, 0xf8, 0x5, 0xdf, 0xaa,
    0x80,

    /* U+0076 "v" */
    0xd8, 0x0, 0x3f, 0x27, 0xd0, 0x8, 0xc0, 0x2f,
    0x20, 0xd7, 0x0, 0xc7, 0x2f, 0x10, 0x6, 0xc7,
    0xb0, 0x0, 0x1f, 0xd6, 0x0, 0x0, 0xbf, 0x10,
    0x0,

    /* U+0077 "w" */
    0xc8, 0x0, 0xfa, 0x0, 0xd6, 0x7c, 0x4, 0xde,
    0x1, 0xf2, 0x3f, 0x8, 0x8e, 0x35, 0xe0, 0xf,
    0x4c, 0x4a, 0x79, 0xa0, 0xb, 0x8f, 0x6, 0xbc,
    0x60, 0x7, 0xec, 0x1, 0xef, 0x10, 0x3, 0xf7,
    0x0, 0xdd, 0x0,

    /* U+0078 "x" */
    0x6f, 0x10, 0x8d, 0x0, 0xca, 0x2f, 0x40, 0x2,
    0xfd, 0xa0, 0x0, 0xb, 0xf3, 0x0, 0x3, 0xfb,
    0xb0, 0x0, 0xd8, 0x1e, 0x60, 0x8e, 0x0, 0x6e,
    0x10,

    /* U+0079 "y" */
    0xc8, 0x0, 0x2f, 0x26, 0xe0, 0x8, 0xd0, 0x1f,
    0x30, 0xd7, 0x0, 0xa9, 0x2f, 0x10, 0x4, 0xe7,
    0xc0, 0x0, 0xe, 0xe6, 0x0, 0x0, 0x8f, 0x10,
    0x0, 0x9, 0xb0, 0x0, 0x14, 0xf4, 0x0, 0xb,
    0xe7, 0x0, 0x0,

    /* U+007A "z" */
    0x5f, 0xff, 0xf2, 0x0, 0x9, 0xc0, 0x0, 0x3f,
    0x20, 0x0, 0xd8, 0x0, 0x7, 0xd0, 0x0, 0x2f,
    0x40, 0x0, 0x8f, 0xff, 0xf4,

    /* U+007B "{" */
    0x0, 0x8e, 0x30, 0x2f, 0x40, 0x3, 0xf0, 0x0,
    0x3f, 0x0, 0x7, 0xd0, 0xb, 0xe3, 0x0, 0x29,
    0xc0, 0x0, 0x3f, 0x0, 0x3, 0xf0, 0x0, 0x2f,
    0x20, 0x0, 0xaf, 0x30, 0x0, 0x0,

    /* U+007C "|" */
    0x3c, 0x3c, 0x3c, 0x3c, 0x3c, 0x3c, 0x3c, 0x3c,
    0x3c, 0x3c, 0x3c, 0x3c, 0x3c,

    /* U+007D "}" */
    0x9d, 0x30, 0x0, 0x9c, 0x0, 0x5, 0xd0, 0x0,
    0x5d, 0x0, 0x3, 0xf2, 0x0, 0x8, 0xf4, 0x3,
    0xf5, 0x0, 0x5d, 0x0, 0x5, 0xd0, 0x0, 0x8c,
    0x0, 0x9e, 0x50, 0x0, 0x0, 0x0,

    /* U+007E "~" */
    0x1c, 0xd7, 0x3, 0x35, 0x44, 0xbf, 0xd1, 0x0,
    0x0, 0x0, 0x0,

    /* U+00A0 " " */

    /* U+00A1 "¡" */
    0x1e, 0x41, 0xb3, 0x0, 0x0, 0xd1, 0xe, 0x20,
    0xf3, 0xf, 0x40, 0xf4, 0x1f, 0x50, 0x62,

    /* U+00A2 "¢" */
    0x0, 0x94, 0x0, 0x9f, 0xf9, 0x8e, 0x43, 0x4d,
    0x70, 0x0, 0xf5, 0x0, 0xe, 0x60, 0x0, 0xac,
    0x10, 0x21, 0xcf, 0xfb, 0x0, 0xa5, 0x0,

    /* U+00A3 "£" */
    0x0, 0x8e, 0xfb, 0x0, 0x4f, 0x42, 0x50, 0x6,
    0xd0, 0x0, 0x0, 0x7d, 0x0, 0x0, 0x9f, 0xff,
    0xf3, 0x0, 0x7d, 0x0, 0x0, 0x7, 0xc0, 0x0,
    0x2, 0xd8, 0x33, 0x31, 0x9f, 0xff, 0xff, 0x70,

    /* U+00A4 "¤" */
    0x2, 0x0, 0x2, 0x1, 0xec, 0xfc, 0xd0, 0xb,
    0x70, 0x98, 0x0, 0xe0, 0x3, 0xb0, 0xb, 0x70,
    0x98, 0x1, 0xec, 0xfc, 0xd0, 0x2, 0x0, 0x2,
    0x0,

    /* U+00A5 "¥" */
    0xab, 0x0, 0xd, 0x72, 0xf2, 0x4, 0xf0, 0xb,
    0x90, 0xc8, 0x0, 0x4f, 0x5f, 0x10, 0x0, 0xcf,
    0x90, 0x0, 0xcf, 0xfe, 0xa0, 0xc, 0xef, 0xea,
    0x0, 0x3, 0xf0, 0x0, 0x0, 0x3f, 0x0, 0x0,

    /* U+00A6 "¦" */
    0x3c, 0x3c, 0x3c, 0x3c, 0x2b, 0x0, 0x0, 0x0,
    0x2b, 0x3c, 0x3c, 0x3c, 0x3c,

    /* U+00A7 "§" */
    0x8, 0xef, 0xc1, 0x2f, 0x10, 0x40, 0xe, 0x91,
    0x0, 0xa, 0xce, 0x80, 0x2e, 0x1, 0xe3, 0x1f,
    0x50, 0xd3, 0x4, 0xde, 0xb0, 0x0, 0x5, 0xf2,
    0x22, 0x1, 0xe3, 0x3d, 0xfe, 0x80,

    /* U+00A8 "¨" */
    0x0, 0x0, 0x3, 0xe0, 0xd3, 0x2, 0x2, 0x0,

    /* U+00A9 "©" */
    0x0, 0x18, 0xbb, 0x81, 0x0, 0x2, 0xb3, 0x0,
    0x3b, 0x20, 0xb, 0x13, 0xcd, 0x62, 0xb0, 0x38,
    0xe, 0x30, 0x10, 0x92, 0x55, 0x2c, 0x0, 0x0,
    0x65, 0x55, 0x2c, 0x0, 0x0, 0x65, 0x39, 0xd,
    0x20, 0x0, 0x92, 0xc, 0x13, 0xcd, 0x52, 0xc0,
    0x2, 0xc3, 0x0, 0x4c, 0x20, 0x0, 0x19, 0xbb,
    0x91, 0x0,

    /* U+00AA "ª" */
    0x2b, 0xc6, 0x3b, 0xac, 0x95, 0x3c, 0x5c, 0x9b,

    /* U+00AB "«" */
    0x0, 0x0, 0x0, 0x0, 0x1d, 0x35, 0xb0, 0xb,
    0x93, 0xf3, 0x6, 0xf0, 0xd8, 0x0, 0xd, 0x75,
    0xe1, 0x0, 0x2f, 0x38, 0xb0, 0x0, 0x20, 0x1,
    0x0,

    /* U+00AC "¬" */
    0x6e, 0xee, 0xee, 0x30, 0x11, 0x11, 0xb4, 0x0,
    0x0, 0xb, 0x40, 0x0, 0x0, 0x62,

    /* U+00AD "­" */
    0x9f, 0xf6, 0x12, 0x21,

    /* U+00AE "®" */
    0x0, 0x18, 0xbb, 0x81, 0x0, 0x2, 0xb3, 0x0,
    0x3b, 0x20, 0xb, 0x19, 0xdc, 0x32, 0xb0, 0x38,
    0xa, 0x44, 0xb0, 0x92, 0x55, 0xa, 0x45, 0xb0,
    0x65, 0x55, 0xa, 0xdf, 0x20, 0x65, 0x39, 0xa,
    0x4a, 0x50, 0x92, 0xc, 0x1a, 0x42, 0xd3, 0xc0,
    0x2, 0xc3, 0x0, 0x4c, 0x20, 0x0, 0x19, 0xbb,
    0x91, 0x0,

    /* U+00AF "¯" */
    0xf, 0xff, 0xff, 0xf0,

    /* U+00B0 "°" */
    0x9, 0xda, 0x4, 0xa0, 0x86, 0x4b, 0x8, 0x60,
    0x9d, 0xa0,

    /* U+00B1 "±" */
    0x0, 0x1e, 0x0, 0x0, 0x1, 0xe0, 0x0, 0x0,
    0x1e, 0x0, 0x6, 0xee, 0xfe, 0xe3, 0x1, 0x2e,
    0x11, 0x0, 0x1, 0xe0, 0x0, 0x0, 0x3, 0x0,
    0x6, 0xff, 0xff, 0xf4,

    /* U+00B2 "²" */
    0x4c, 0xd4, 0x22, 0x5b, 0x0, 0x79, 0x3, 0xd1,
    0x2d, 0x20, 0xbf, 0xfc,

    /* U+00B3 "³" */
    0x5c, 0xd4, 0x31, 0x5b, 0x0, 0x5a, 0xc, 0xf4,
    0x0, 0x2e, 0x9d, 0xd7,

    /* U+00B4 "´" */
    0x9, 0xd0, 0x4c, 0x10,

    /* U+00B5 "µ" */
    0xf, 0x40, 0xa, 0x90, 0xf4, 0x0, 0xa9, 0xf,
    0x40, 0xa, 0x90, 0xf4, 0x0, 0xa9, 0xf, 0x40,
    0xc, 0x90, 0xf9, 0x4, 0xf9, 0xf, 0xdf, 0xb9,
    0x90, 0xf3, 0x0, 0x0, 0xf, 0x30, 0x0, 0x0,
    0xf4, 0x0, 0x0,

    /* U+00B6 "¶" */
    0x5, 0xef, 0xfd, 0xa1, 0xff, 0xfb, 0x2a, 0x4f,
    0xff, 0xb2, 0xa5, 0xff, 0xfb, 0x2a, 0x3f, 0xff,
    0xb2, 0xa0, 0xbf, 0xfb, 0x2a, 0x0, 0x45, 0xb2,
    0xa0, 0x0, 0x1b, 0x2a, 0x0, 0x1, 0xb2, 0xa0,
    0x0, 0x1b, 0x2a, 0x0, 0x1, 0xb2, 0xa0, 0x0,
    0x3, 0x3,

    /* U+00B7 "·" */
    0x1c, 0x31, 0xe4,

    /* U+00B8 "¸" */
    0x1, 0x2, 0xc1, 0x8, 0x9a, 0xc3,

    /* U+00B9 "¹" */
    0x2, 0x80, 0x4d, 0xf0, 0x11, 0xf0, 0x0, 0xf0,
    0x0, 0xf0, 0x0, 0xf0,

    /* U+00BA "º" */
    0x1b, 0xc7, 0x7, 0x60, 0xd0, 0x94, 0xb, 0x27,
    0x70, 0xd0, 0xa, 0xc5, 0x0,

    /* U+00BB "»" */
    0x0, 0x0, 0x0, 0x4, 0xc0, 0xb6, 0x0, 0xb,
    0xa3, 0xf3, 0x0, 0x1f, 0x48, 0xd0, 0x9, 0xc1,
    0xe5, 0x4, 0xe1, 0xb9, 0x0, 0x1, 0x1, 0x0,
    0x0,

    /* U+00BC "¼" */
    0xa, 0xe0, 0x0, 0x97, 0x0, 0x56, 0xe0, 0x2,
    0xd0, 0x0, 0x1, 0xe0, 0xb, 0x50, 0x0, 0x1,
    0xe0, 0x4c, 0x6, 0x30, 0x1, 0xe0, 0xd3, 0x4f,
    0x60, 0x0, 0x66, 0xa0, 0xcb, 0x60, 0x0, 0xd,
    0x18, 0x5a, 0x60, 0x0, 0x88, 0xd, 0xdf, 0xe1,
    0x1, 0xd0, 0x0, 0xa, 0x60,

    /* U+00BD "½" */
    0x1b, 0xd0, 0x0, 0xd3, 0x0, 0x55, 0xd0, 0x6,
    0xa0, 0x0, 0x2, 0xd0, 0xd, 0x10, 0x0, 0x2,
    0xd0, 0x89, 0xbd, 0x80, 0x2, 0xd2, 0xd1, 0x51,
    0xf0, 0x1, 0x6a, 0x60, 0x2, 0xe0, 0x0, 0x3c,
    0x0, 0x1d, 0x40, 0x0, 0xc3, 0x0, 0xc6, 0x0,
    0x5, 0xa0, 0x5, 0xff, 0xf1,

    /* U+00BE "¾" */
    0x4c, 0xd5, 0x0, 0x1c, 0x0, 0x10, 0x5b, 0x0,
    0x97, 0x0, 0xb, 0xf4, 0x2, 0xd0, 0x0, 0x0,
    0x2d, 0xb, 0x43, 0x50, 0x30, 0x3d, 0x5b, 0xd,
    0xc0, 0x7d, 0xc4, 0xd2, 0x8c, 0xc0, 0x0, 0x7,
    0x92, 0xb4, 0xc0, 0x0, 0x1e, 0x18, 0xde, 0xf6,
    0x0, 0x97, 0x0, 0x4, 0xc0,

    /* U+00BF "¿" */
    0x0, 0x8b, 0x0, 0x0, 0x79, 0x0, 0x0, 0x1,
    0x0, 0x0, 0x79, 0x0, 0x3, 0xe4, 0x0, 0x3f,
    0x50, 0x0, 0xa9, 0x0, 0x0, 0xab, 0x1, 0x50,
    0x2e, 0xff, 0xc1, 0x0, 0x21, 0x0,

    /* U+00C0 "À" */
    0x0, 0x6f, 0x10, 0x0, 0x0, 0x7, 0xb0, 0x0,
    0x0, 0x0, 0x0, 0x0, 0x0, 0xe, 0xc0, 0x0,
    0x0, 0x4d, 0xf2, 0x0, 0x0, 0xa8, 0xb7, 0x0,
    0x0, 0xf3, 0x5d, 0x0, 0x6, 0xd0, 0xf, 0x30,
    0xb, 0xff, 0xff, 0x90, 0x1f, 0x43, 0x36, 0xe0,
    0x7d, 0x0, 0x0, 0xf4, 0xd8, 0x0, 0x0, 0xaa,

    /* U+00C1 "Á" */
    0x0, 0x0, 0xd8, 0x0, 0x0, 0x8, 0x90, 0x0,
    0x0, 0x0, 0x0, 0x0, 0x0, 0xe, 0xc0, 0x0,
    0x0, 0x4d, 0xf2, 0x0, 0x0, 0xa8, 0xb7, 0x0,
    0x0, 0xf3, 0x5d, 0x0, 0x6, 0xd0, 0xf, 0x30,
    0xb, 0xff, 0xff, 0x90, 0x1f, 0x43, 0x36, 0xe0,
    0x7d, 0x0, 0x0, 0xf4, 0xd8, 0x0, 0x0, 0xaa,

    /* U+00C2 "Â" */
    0x0, 0x2f, 0xd0, 0x0, 0x0, 0xc4, 0x7b, 0x0,
    0x0, 0x0, 0x0, 0x0, 0x0, 0xe, 0xc0, 0x0,
    0x0, 0x4d, 0xf2, 0x0, 0x0, 0xa8, 0xb7, 0x0,
    0x0, 0xf3, 0x5d, 0x0, 0x6, 0xd0, 0xf, 0x30,
    0xb, 0xff, 0xff, 0x90, 0x1f, 0x43, 0x36, 0xe0,
    0x7d, 0x0, 0x0, 0xf4, 0xd8, 0x0, 0x0, 0xaa,

    /* U+00C3 "Ã" */
    0x0, 0xcd, 0x2a, 0x10, 0x3, 0x84, 0xda, 0x0,
    0x0, 0x0, 0x0, 0x0, 0x0, 0xe, 0xc0, 0x0,
    0x0, 0x4d, 0xf2, 0x0, 0x0, 0xa8, 0xb7, 0x0,
    0x0, 0xf3, 0x5d, 0x0, 0x6, 0xd0, 0xf, 0x30,
    0xb, 0xff, 0xff, 0x90, 0x1f, 0x43, 0x36, 0xe0,
    0x7d, 0x0, 0x0, 0xf4, 0xd8, 0x0, 0x0, 0xaa,

    /* U+00C4 "Ä" */
    0x0, 0x0, 0x0, 0x0, 0x0, 0xc4, 0x7a, 0x0,
    0x0, 0x20, 0x11, 0x0, 0x0, 0x0, 0x0, 0x0,
    0x0, 0xe, 0xc0, 0x0, 0x0, 0x4d, 0xf2, 0x0,
    0x0, 0xa8, 0xb7, 0x0, 0x0, 0xf3, 0x5d, 0x0,
    0x6, 0xd0, 0xf, 0x30, 0xb, 0xff, 0xff, 0x90,
    0x1f, 0x43, 0x36, 0xe0, 0x7d, 0x0, 0x0, 0xf4,
    0xd8, 0x0, 0x0, 0xaa,

    /* U+00C5 "Å" */
    0x0, 0x2b, 0xa0, 0x0, 0x0, 0x66, 0x93, 0x0,
    0x0, 0x1f, 0xf0, 0x0, 0x0, 0x4d, 0xf2, 0x0,
    0x0, 0xa8, 0xb7, 0x0, 0x0, 0xf3, 0x5d, 0x0,
    0x6, 0xd0, 0xf, 0x30, 0xb, 0xff, 0xff, 0x90,
    0x1f, 0x43, 0x36, 0xe0, 0x7d, 0x0, 0x0, 0xf4,
    0xd8, 0x0, 0x0, 0xaa,

    /* U+00C6 "Æ" */
    0x0, 0x0, 0x3f, 0xff, 0xff, 0xf1, 0x0, 0x0,
    0xa9, 0x9c, 0x22, 0x20, 0x0, 0x2, 0xf2, 0x8c,
    0x0, 0x0, 0x0, 0x9, 0xa0, 0x8c, 0x0, 0x0,
    0x0, 0xf, 0x30, 0x8f, 0xff, 0xe0, 0x0, 0x7f,
    0xff, 0xfc, 0x0, 0x0, 0x0, 0xe7, 0x33, 0xac,
    0x0, 0x0, 0x5, 0xe0, 0x0, 0x8c, 0x33, 0x30,
    0xc, 0x80, 0x0, 0x8f, 0xff, 0xf1,

    /* U+00C7 "Ç" */
    0x0, 0x5c, 0xfe, 0xb1, 0x5, 0xf9, 0x44, 0x70,
    0xe, 0x90, 0x0, 0x0, 0x3f, 0x30, 0x0, 0x0,
    0x4f, 0x10, 0x0, 0x0, 0x3f, 0x30, 0x0, 0x0,
    0xf, 0x80, 0x0, 0x0, 0x7, 0xf8, 0x43, 0x60,
    0x0, 0x6d, 0xfe, 0xa0, 0x0, 0x2, 0xd1, 0x0,
    0x0, 0x0, 0x7a, 0x0, 0x0, 0x9, 0xd5, 0x0,

    /* U+00C8 "È" */
    0xc, 0xa0, 0x0, 0xc, 0x50, 0x0, 0x0, 0xd,
    0xff, 0xff, 0xd8, 0x22, 0x2d, 0x70, 0x0, 0xd7,
    0x0, 0xd, 0xff, 0xfb, 0xd8, 0x22, 0x2d, 0x70,
    0x0, 0xd8, 0x33, 0x2d, 0xff, 0xff,

    /* U+00C9 "É" */
    0x0, 0x4f, 0x30, 0xd, 0x40, 0x0, 0x0, 0xd,
    0xff, 0xff, 0xd8, 0x22, 0x2d, 0x70, 0x0, 0xd7,
    0x0, 0xd, 0xff, 0xfb, 0xd8, 0x22, 0x2d, 0x70,
    0x0, 0xd8, 0x33, 0x2d, 0xff, 0xff,

    /* U+00CA "Ê" */
    0x5, 0xf9, 0x3, 0xc2, 0xb6, 0x0, 0x0, 0xd,
    0xff, 0xff, 0xd8, 0x22, 0x2d, 0x70, 0x0, 0xd7,
    0x0, 0xd, 0xff, 0xfb, 0xd8, 0x22, 0x2d, 0x70,
    0x0, 0xd8, 0x33, 0x2d, 0xff, 0xff,

    /* U+00CB "Ë" */
    0x0, 0x0, 0x1, 0xf0, 0xb5, 0x2, 0x2, 0x0,
    0x0, 0x0, 0xdf, 0xff, 0xfd, 0x82, 0x22, 0xd7,
    0x0, 0xd, 0x70, 0x0, 0xdf, 0xff, 0xbd, 0x82,
    0x22, 0xd7, 0x0, 0xd, 0x83, 0x32, 0xdf, 0xff,
    0xf0,

    /* U+00CC "Ì" */
    0x4f, 0x20, 0x5, 0xc0, 0x0, 0x0, 0x7f, 0xfb,
    0x8, 0xc0, 0x8, 0xc0, 0x8, 0xc0, 0x8, 0xc0,
    0x8, 0xc0, 0x8, 0xc0, 0x8, 0xc0, 0x7f, 0xfb,

    /* U+00CD "Í" */
    0x0, 0xca, 0x0, 0x6b, 0x0, 0x0, 0x0, 0x7,
    0xff, 0xb0, 0x8, 0xc0, 0x0, 0x8c, 0x0, 0x8,
    0xc0, 0x0, 0x8c, 0x0, 0x8, 0xc0, 0x0, 0x8c,
    0x0, 0x8, 0xc0, 0x7, 0xff, 0xb0,

    /* U+00CE "Î" */
    0x0, 0xdf, 0x20, 0xa, 0x74, 0xc1, 0x0, 0x0,
    0x0, 0x7, 0xff, 0xb0, 0x0, 0x8c, 0x0, 0x0,
    0x8c, 0x0, 0x0, 0x8c, 0x0, 0x0, 0x8c, 0x0,
    0x0, 0x8c, 0x0, 0x0, 0x8c, 0x0, 0x0, 0x8c,
    0x0, 0x7, 0xff, 0xb0,

    /* U+00CF "Ï" */
    0x0, 0x0, 0x97, 0x3d, 0x11, 0x2, 0x0, 0x0,
    0x7f, 0xfb, 0x8, 0xc0, 0x8, 0xc0, 0x8, 0xc0,
    0x8, 0xc0, 0x8, 0xc0, 0x8, 0xc0, 0x8, 0xc0,
    0x7f, 0xfb,

    /* U+00D0 "Ð" */
    0xd, 0xff, 0xeb, 0x30, 0x0, 0xd9, 0x24, 0xbf,
    0x30, 0xd, 0x80, 0x0, 0xcb, 0x0, 0xd8, 0x0,
    0x6, 0xf0, 0xaf, 0xff, 0x70, 0x5f, 0x1, 0xd9,
    0x21, 0x7, 0xf0, 0xd, 0x80, 0x0, 0xdb, 0x0,
    0xd9, 0x35, 0xcf, 0x20, 0xd, 0xff, 0xea, 0x20,
    0x0,

    /* U+00D1 "Ñ" */
    0x2, 0xea, 0x1b, 0x0, 0x8, 0x46, 0xe6, 0x0,
    0x0, 0x0, 0x0, 0x0, 0xde, 0x10, 0x0, 0xf2,
    0xdf, 0x90, 0x0, 0xf2, 0xd8, 0xf3, 0x0, 0xf2,
    0xd4, 0xac, 0x0, 0xf2, 0xd4, 0x2f, 0x50, 0xf2,
    0xd5, 0x7, 0xe0, 0xf2, 0xd5, 0x0, 0xd8, 0xf2,
    0xd5, 0x0, 0x4f, 0xf2, 0xd5, 0x0, 0xb, 0xf2,

    /* U+00D2 "Ò" */
    0x0, 0x9, 0xd0, 0x0, 0x0, 0x0, 0xa, 0x70,
    0x0, 0x0, 0x0, 0x0, 0x0, 0x0, 0x6, 0xdf,
    0xe9, 0x10, 0x7, 0xf8, 0x35, 0xdd, 0x0, 0xf8,
    0x0, 0x2, 0xf5, 0x3f, 0x30, 0x0, 0xc, 0x94,
    0xf1, 0x0, 0x0, 0xba, 0x3f, 0x30, 0x0, 0xc,
    0x90, 0xf8, 0x0, 0x2, 0xf5, 0x7, 0xf8, 0x35,
    0xdd, 0x0, 0x6, 0xdf, 0xe9, 0x10,

    /* U+00D3 "Ó" */
    0x0, 0x0, 0x2f, 0x50, 0x0, 0x0, 0xb, 0x60,
    0x0, 0x0, 0x0, 0x0, 0x0, 0x0, 0x6, 0xdf,
    0xe9, 0x10, 0x7, 0xf8, 0x35, 0xdd, 0x0, 0xf8,
    0x0, 0x2, 0xf5, 0x3f, 0x30, 0x0, 0xc, 0x94,
    0xf1, 0x0, 0x0, 0xba, 0x3f, 0x30, 0x0, 0xc,
    0x90, 0xf8, 0x0, 0x2, 0xf5, 0x7, 0xf8, 0x35,
    0xdd, 0x0, 0x6, 0xdf, 0xe9, 0x10,

    /* U+00D4 "Ô" */
    0x0, 0x4, 0xfa, 0x0, 0x0, 0x2, 0xd3, 0xa8,
    0x0, 0x0, 0x0, 0x0, 0x0, 0x0, 0x6, 0xdf,
    0xe9, 0x10, 0x7, 0xf8, 0x35, 0xdd, 0x0, 0xf8,
    0x0, 0x2, 0xf5, 0x3f, 0x30, 0x0, 0xc, 0x94,
    0xf1, 0x0, 0x0, 0xba, 0x3f, 0x30, 0x0, 0xc,
    0x90, 0xf8, 0x0, 0x2, 0xf5, 0x7, 0xf8, 0x35,
    0xdd, 0x0, 0x6, 0xdf, 0xe9, 0x10,

    /* U+00D5 "Õ" */
    0x0, 0x1d, 0xb1, 0xb0, 0x0, 0x7, 0x56, 0xe7,
    0x0, 0x0, 0x0, 0x0, 0x0, 0x0, 0x6, 0xdf,
    0xe9, 0x10, 0x7, 0xf8, 0x35, 0xdd, 0x0, 0xf8,
    0x0, 0x2, 0xf5, 0x3f, 0x30, 0x0, 0xc, 0x94,
    0xf1, 0x0, 0x0, 0xba, 0x3f, 0x30, 0x0, 0xc,
    0x90, 0xf8, 0x0, 0x2, 0xf5, 0x7, 0xf8, 0x35,
    0xdd, 0x0, 0x6, 0xdf, 0xe9, 0x10,

    /* U+00D6 "Ö" */
    0x0, 0x0, 0x0, 0x0, 0x0, 0x0, 0xf1, 0xa7,
    0x0, 0x0, 0x2, 0x1, 0x10, 0x0, 0x0, 0x0,
    0x0, 0x0, 0x0, 0x6d, 0xfe, 0x91, 0x0, 0x7f,
    0x83, 0x5d, 0xd0, 0xf, 0x80, 0x0, 0x2f, 0x53,
    0xf3, 0x0, 0x0, 0xc9, 0x4f, 0x10, 0x0, 0xb,
    0xa3, 0xf3, 0x0, 0x0, 0xc9, 0xf, 0x80, 0x0,
    0x2f, 0x50, 0x7f, 0x83, 0x5d, 0xd0, 0x0, 0x6d,
    0xfe, 0x91, 0x0,

    /* U+00D7 "×" */
    0x1, 0x0, 0x1, 0x0, 0xe4, 0x6, 0xd0, 0x4,
    0xe8, 0xe2, 0x0, 0x8, 0xf5, 0x0, 0x3, 0xe8,
    0xe2, 0x0, 0xe4, 0x6, 0xc0, 0x1, 0x0, 0x1,
    0x0,

    /* U+00D8 "Ø" */
    0x0, 0x0, 0x0, 0x1, 0x0, 0x6, 0xdf, 0xea,
    0xd0, 0x7, 0xf8, 0x35, 0xfd, 0x0, 0xf8, 0x0,
    0x8b, 0xf5, 0x3f, 0x30, 0x3d, 0x1c, 0x94, 0xf1,
    0xd, 0x40, 0xba, 0x3f, 0x39, 0x90, 0xc, 0x90,
    0xeb, 0xd0, 0x2, 0xf5, 0x7, 0xf9, 0x35, 0xdd,
    0x0, 0x9b, 0xdf, 0xe9, 0x10, 0x1, 0x0, 0x0,
    0x0, 0x0,

    /* U+00D9 "Ù" */
    0x1, 0xe7, 0x0, 0x0, 0x2, 0xd2, 0x0, 0x0,
    0x0, 0x0, 0xf, 0x50, 0x0, 0x8c, 0xf5, 0x0,
    0x8, 0xcf, 0x50, 0x0, 0x8c, 0xf5, 0x0, 0x8,
    0xcf, 0x50, 0x0, 0x8c, 0xe5, 0x0, 0x8, 0xcd,
    0x80, 0x0, 0xaa, 0x7f, 0x63, 0x7f, 0x50, 0x7d,
    0xfd, 0x60,

    /* U+00DA "Ú" */
    0x0, 0x7, 0xe1, 0x0, 0x2, 0xd2, 0x0, 0x0,
    0x0, 0x0, 0xf, 0x50, 0x0, 0x8c, 0xf5, 0x0,
    0x8, 0xcf, 0x50, 0x0, 0x8c, 0xf5, 0x0, 0x8,
    0xcf, 0x50, 0x0, 0x8c, 0xe5, 0x0, 0x8, 0xcd,
    0x80, 0x0, 0xaa, 0x7f, 0x63, 0x7f, 0x50, 0x7d,
    0xfd, 0x60,

    /* U+00DB "Û" */
    0x0, 0x9f, 0x60, 0x0, 0x6b, 0x2c, 0x40, 0x0,
    0x0, 0x0, 0xf, 0x50, 0x0, 0x8c, 0xf5, 0x0,
    0x8, 0xcf, 0x50, 0x0, 0x8c, 0xf5, 0x0, 0x8,
    0xcf, 0x50, 0x0, 0x8c, 0xe5, 0x0, 0x8, 0xcd,
    0x80, 0x0, 0xaa, 0x7f, 0x63, 0x7f, 0x50, 0x7d,
    0xfd, 0x60,

    /* U+00DC "Ü" */
    0x0, 0x0, 0x0, 0x0, 0x4c, 0xe, 0x20, 0x0,
    0x20, 0x20, 0x0, 0x0, 0x0, 0x0, 0xf5, 0x0,
    0x8, 0xcf, 0x50, 0x0, 0x8c, 0xf5, 0x0, 0x8,
    0xcf, 0x50, 0x0, 0x8c, 0xf5, 0x0, 0x8, 0xce,
    0x50, 0x0, 0x8c, 0xd8, 0x0, 0xa, 0xa7, 0xf6,
    0x37, 0xf5, 0x7, 0xdf, 0xd6, 0x0,

    /* U+00DD "Ý" */
    0x0, 0x4, 0xf3, 0x0, 0x0, 0x1d, 0x30, 0x0,
    0x0, 0x0, 0x0, 0x0, 0xba, 0x0, 0xa, 0xc0,
    0x3f, 0x20, 0x2f, 0x30, 0xb, 0xa0, 0xab, 0x0,
    0x3, 0xf4, 0xf3, 0x0, 0x0, 0xbf, 0xa0, 0x0,
    0x0, 0x3f, 0x30, 0x0, 0x0, 0x2f, 0x20, 0x0,
    0x0, 0x2f, 0x20, 0x0, 0x0, 0x2f, 0x20, 0x0,

    /* U+00DE "Þ" */
    0xd7, 0x0, 0x0, 0xdf, 0xfd, 0x70, 0xd8, 0x36,
    0xf6, 0xd7, 0x0, 0xaa, 0xd7, 0x0, 0xab, 0xd7,
    0x4, 0xf6, 0xdf, 0xff, 0x90, 0xd8, 0x20, 0x0,
    0xd7, 0x0, 0x0,

    /* U+00DF "ß" */
    0x3, 0xcf, 0xe9, 0x0, 0xd, 0xb2, 0x4e, 0x60,
    0xf, 0x40, 0xe, 0x60, 0xf, 0x40, 0xbb, 0x0,
    0xf, 0x44, 0xf0, 0x0, 0xf, 0x42, 0xfa, 0x0,
    0xf, 0x40, 0x3d, 0xc0, 0xf, 0x40, 0x2, 0xf4,
    0xf, 0x44, 0x13, 0xf3, 0xf, 0x49, 0xfe, 0x80,

    /* U+00E0 "à" */
    0x0, 0xd8, 0x0, 0x0, 0x2e, 0x20, 0x0, 0x1,
    0x10, 0x6, 0xdf, 0xd3, 0x4, 0x41, 0xac, 0x0,
    0x0, 0x5e, 0x7, 0xcd, 0xee, 0x5f, 0x20, 0x5e,
    0x6e, 0x10, 0xbe, 0xb, 0xfd, 0x6e,

    /* U+00E1 "á" */
    0x0, 0x5, 0xf2, 0x0, 0xd, 0x40, 0x0, 0x2,
    0x0, 0x6, 0xdf, 0xd3, 0x4, 0x41, 0xac, 0x0,
    0x0, 0x5e, 0x7, 0xcd, 0xee, 0x5f, 0x20, 0x5e,
    0x6e, 0x10, 0xbe, 0xb, 0xfd, 0x6e,

    /* U+00E2 "â" */
    0x0, 0x8f, 0x60, 0x4, 0xd4, 0xd2, 0x2, 0x0,
    0x11, 0x6, 0xdf, 0xd3, 0x4, 0x41, 0xac, 0x0,
    0x0, 0x5e, 0x7, 0xcd, 0xee, 0x5f, 0x20, 0x5e,
    0x6e, 0x10, 0xbe, 0xb, 0xfd, 0x6e,

    /* U+00E3 "ã" */
    0x4, 0xe8, 0x2a, 0xa, 0x29, 0xe3, 0x0, 0x0,
    0x0, 0x6, 0xdf, 0xd3, 0x4, 0x41, 0xac, 0x0,
    0x0, 0x5e, 0x7, 0xcd, 0xee, 0x5f, 0x20, 0x5e,
    0x6e, 0x10, 0xbe, 0xb, 0xfd, 0x6e,

    /* U+00E4 "ä" */
    0x4, 0xc0, 0xd2, 0x0, 0x30, 0x40, 0x6, 0xdf,
    0xd3, 0x4, 0x41, 0xac, 0x0, 0x0, 0x5e, 0x7,
    0xcd, 0xee, 0x5f, 0x20, 0x5e, 0x6e, 0x10, 0xbe,
    0xb, 0xfd, 0x6e,

    /* U+00E5 "å" */
    0x0, 0x7b, 0x50, 0x0, 0xc0, 0xc0, 0x0, 0x7b,
    0x50, 0x0, 0x0, 0x0, 0x6, 0xdf, 0xd3, 0x4,
    0x41, 0xac, 0x0, 0x0, 0x5e, 0x7, 0xcd, 0xee,
    0x5f, 0x20, 0x5e, 0x6e, 0x10, 0xbe, 0xb, 0xfd,
    0x6e,

    /* U+00E6 "æ" */
    0x7, 0xdf, 0xb3, 0xdf, 0xb1, 0x5, 0x31, 0xcf,
    0x72, 0xc9, 0x0, 0x0, 0x7e, 0x0, 0x6e, 0x8,
    0xef, 0xff, 0xff, 0xff, 0x5f, 0x30, 0x8e, 0x0,
    0x0, 0x6f, 0x33, 0xde, 0x72, 0x24, 0xa, 0xfd,
    0x53, 0xcf, 0xe6,

    /* U+00E7 "ç" */
    0x2, 0xcf, 0xe4, 0xe, 0xa3, 0x41, 0x4f, 0x10,
    0x0, 0x5f, 0x0, 0x0, 0x4f, 0x10, 0x0, 0xe,
    0xa3, 0x42, 0x3, 0xcf, 0xe3, 0x0, 0x2d, 0x10,
    0x0, 0x7, 0xa0, 0x0, 0xad, 0x50,

    /* U+00E8 "è" */
    0x0, 0xd9, 0x0, 0x0, 0x2, 0xe2, 0x0, 0x0,
    0x1, 0x10, 0x0, 0x2c, 0xfc, 0x20, 0xd, 0x91,
    0x8d, 0x3, 0xf1, 0x0, 0xf2, 0x5f, 0xff, 0xff,
    0x44, 0xf0, 0x0, 0x0, 0xe, 0xa2, 0x25, 0x0,
    0x2b, 0xfe, 0xb0,

    /* U+00E9 "é" */
    0x0, 0x5, 0xf3, 0x0, 0x0, 0xd5, 0x0, 0x0,
    0x2, 0x0, 0x0, 0x2c, 0xfc, 0x20, 0xd, 0x91,
    0x8d, 0x3, 0xf1, 0x0, 0xf2, 0x5f, 0xff, 0xff,
    0x44, 0xf0, 0x0, 0x0, 0xe, 0xa2, 0x25, 0x0,
    0x2b, 0xfe, 0xb0,

    /* U+00EA "ê" */
    0x0, 0x7f, 0x60, 0x0, 0x3d, 0x4d, 0x30, 0x2,
    0x10, 0x12, 0x0, 0x2c, 0xfc, 0x20, 0xd, 0x91,
    0x8d, 0x3, 0xf1, 0x0, 0xf2, 0x5f, 0xff, 0xff,
    0x44, 0xf0, 0x0, 0x0, 0xe, 0xa2, 0x25, 0x0,
    0x2b, 0xfe, 0xb0,

    /* U+00EB "ë" */
    0x3, 0xc0, 0xd2, 0x0, 0x3, 0x4, 0x0, 0x2,
    0xcf, 0xc2, 0x0, 0xd9, 0x18, 0xd0, 0x3f, 0x10,
    0xf, 0x25, 0xff, 0xff, 0xf4, 0x4f, 0x0, 0x0,
    0x0, 0xea, 0x22, 0x50, 0x2, 0xbf, 0xeb, 0x0,

    /* U+00EC "ì" */
    0xb, 0xb0, 0x0, 0xc5, 0x0, 0x1, 0x0, 0xf4,
    0x0, 0xf4, 0x0, 0xf4, 0x0, 0xf4, 0x0, 0xf4,
    0x0, 0xf4, 0x0, 0xf4,

    /* U+00ED "í" */
    0x3, 0xf4, 0xc, 0x60, 0x1, 0x0, 0xf, 0x40,
    0xf, 0x40, 0xf, 0x40, 0xf, 0x40, 0xf, 0x40,
    0xf, 0x40, 0xf, 0x40,

    /* U+00EE "î" */
    0x5, 0xf9, 0x2, 0xd3, 0xc5, 0x0, 0x0, 0x10,
    0xf, 0x40, 0x0, 0xf4, 0x0, 0xf, 0x40, 0x0,
    0xf4, 0x0, 0xf, 0x40, 0x0, 0xf4, 0x0, 0xf,
    0x40,

    /* U+00EF "ï" */
    0x1e, 0xb, 0x40, 0x40, 0x31, 0x0, 0xf4, 0x0,
    0xf, 0x40, 0x0, 0xf4, 0x0, 0xf, 0x40, 0x0,
    0xf4, 0x0, 0xf, 0x40, 0x0, 0xf4, 0x0,

    /* U+00F0 "ð" */
    0x0, 0x42, 0x4, 0x0, 0x6, 0xfe, 0x80, 0x0,
    0xac, 0xf5, 0x0, 0x3, 0x5, 0xe1, 0x3, 0xce,
    0xbe, 0x61, 0xe9, 0x25, 0xf9, 0x4f, 0x0, 0xa,
    0xa4, 0xf0, 0x0, 0xb9, 0x1f, 0x81, 0x4f, 0x30,
    0x3c, 0xfd, 0x50,

    /* U+00F1 "ñ" */
    0x1, 0xdb, 0x2b, 0x0, 0x66, 0x5e, 0x70, 0x0,
    0x0, 0x0, 0x0, 0xf5, 0xdf, 0xa0, 0xf, 0xd3,
    0x4f, 0x60, 0xf6, 0x0, 0xb9, 0xf, 0x40, 0xa,
    0x90, 0xf4, 0x0, 0xa9, 0xf, 0x40, 0xa, 0x90,
    0xf4, 0x0, 0xa9,

    /* U+00F2 "ò" */
    0x0, 0xac, 0x0, 0x0, 0x0, 0xc5, 0x0, 0x0,
    0x0, 0x20, 0x0, 0x2b, 0xfd, 0x50, 0xd, 0xa2,
    0x6f, 0x33, 0xf1, 0x0, 0xc9, 0x5f, 0x0, 0xa,
    0xa3, 0xf1, 0x0, 0xc8, 0xd, 0x92, 0x5f, 0x30,
    0x2c, 0xfd, 0x50,

    /* U+00F3 "ó" */
    0x0, 0x2, 0xf5, 0x0, 0x0, 0xb8, 0x0, 0x0,
    0x3, 0x0, 0x0, 0x2b, 0xfd, 0x50, 0xd, 0xa2,
    0x6f, 0x33, 0xf1, 0x0, 0xc9, 0x5f, 0x0, 0xa,
    0xa3, 0xf1, 0x0, 0xc8, 0xd, 0x92, 0x5f, 0x30,
    0x2c, 0xfd, 0x50,

    /* U+00F4 "ô" */
    0x0, 0x4f, 0x90, 0x0, 0x1d, 0x4c, 0x50, 0x1,
    0x10, 0x2, 0x0, 0x2b, 0xfd, 0x50, 0xd, 0xa2,
    0x6f, 0x33, 0xf1, 0x0, 0xc9, 0x5f, 0x0, 0xa,
    0xa3, 0xf1, 0x0, 0xc8, 0xd, 0x92, 0x5f, 0x30,
    0x2c, 0xfd, 0x50,

    /* U+00F5 "õ" */
    0x1, 0xea, 0x1b, 0x0, 0x74, 0x6e, 0x60, 0x0,
    0x0, 0x0, 0x0, 0x2b, 0xfd, 0x50, 0xd, 0xa2,
    0x6f, 0x33, 0xf1, 0x0, 0xc9, 0x5f, 0x0, 0xa,
    0xa3, 0xf1, 0x0, 0xc8, 0xd, 0x92, 0x5f, 0x30,
    0x2c, 0xfd, 0x50,

    /* U+00F6 "ö" */
    0x0, 0xe0, 0xa5, 0x0, 0x4, 0x3, 0x10, 0x2,
    0xbf, 0xd5, 0x0, 0xda, 0x26, 0xf3, 0x3f, 0x10,
    0xc, 0x95, 0xf0, 0x0, 0xaa, 0x3f, 0x10, 0xc,
    0x80, 0xd9, 0x25, 0xf3, 0x2, 0xcf, 0xd5, 0x0,

    /* U+00F7 "÷" */
    0x0, 0x3e, 0x0, 0x0, 0x1, 0x80, 0x0, 0x6e,
    0xee, 0xee, 0x40, 0x11, 0x11, 0x10, 0x0, 0x18,
    0x0, 0x0, 0x2, 0xe0, 0x0,

    /* U+00F8 "ø" */
    0x0, 0x0, 0x0, 0x0, 0x2b, 0xfd, 0xd2, 0xd,
    0xa2, 0xbf, 0x23, 0xf1, 0x3d, 0xd8, 0x5f, 0xd,
    0x4a, 0xa3, 0xf9, 0x90, 0xc9, 0xd, 0xf3, 0x6f,
    0x30, 0xdc, 0xfd, 0x50, 0x1, 0x0, 0x0, 0x0,

    /* U+00F9 "ù" */
    0x0, 0x9d, 0x0, 0x0, 0x0, 0xa8, 0x0, 0x0,
    0x0, 0x10, 0x1, 0xf3, 0x0, 0xb8, 0x1f, 0x30,
    0xb, 0x81, 0xf3, 0x0, 0xb8, 0x1f, 0x30, 0xb,
    0x81, 0xf3, 0x0, 0xd8, 0xe, 0x80, 0x5f, 0x80,
    0x5d, 0xfa, 0xa8,

    /* U+00FA "ú" */
    0x0, 0x1, 0xf6, 0x0, 0x0, 0xa8, 0x0, 0x0,
    0x1, 0x0, 0x1, 0xf3, 0x0, 0xb8, 0x1f, 0x30,
    0xb, 0x81, 0xf3, 0x0, 0xb8, 0x1f, 0x30, 0xb,
    0x81, 0xf3, 0x0, 0xd8, 0xe, 0x80, 0x5f, 0x80,
    0x5d, 0xfa, 0xa8,

    /* U+00FB "û" */
    0x0, 0x3f, 0xb0, 0x0, 0x1d, 0x4a, 0x70, 0x0,
    0x0, 0x1, 0x1, 0xf3, 0x0, 0xb8, 0x1f, 0x30,
    0xb, 0x81, 0xf3, 0x0, 0xb8, 0x1f, 0x30, 0xb,
    0x81, 0xf3, 0x0, 0xd8, 0xe, 0x80, 0x5f, 0x80,
    0x5d, 0xfa, 0xa8,

    /* U+00FC "ü" */
    0x0, 0xd2, 0x87, 0x0, 0x4, 0x2, 0x10, 0x1f,
    0x30, 0xb, 0x81, 0xf3, 0x0, 0xb8, 0x1f, 0x30,
    0xb, 0x81, 0xf3, 0x0, 0xb8, 0x1f, 0x30, 0xd,
    0x80, 0xe8, 0x5, 0xf8, 0x5, 0xdf, 0xaa, 0x80,

    /* U+00FD "ý" */
    0x0, 0xa, 0xc0, 0x0, 0x4, 0xd1, 0x0, 0x0,
    0x0, 0x0, 0xc, 0x80, 0x2, 0xf2, 0x6e, 0x0,
    0x8d, 0x1, 0xf3, 0xd, 0x70, 0xa, 0x92, 0xf1,
    0x0, 0x4e, 0x7c, 0x0, 0x0, 0xee, 0x60, 0x0,
    0x8, 0xf1, 0x0, 0x0, 0x9b, 0x0, 0x1, 0x4f,
    0x40, 0x0, 0xbe, 0x70, 0x0, 0x0,

    /* U+00FE "þ" */
    0xf, 0x40, 0x0, 0x0, 0xf4, 0x0, 0x0, 0xf,
    0x30, 0x0, 0x0, 0xf7, 0xde, 0x80, 0xf, 0xc3,
    0x4f, 0x60, 0xf5, 0x0, 0x9a, 0xf, 0x40, 0x8,
    0xc0, 0xf5, 0x0, 0xaa, 0xf, 0xd3, 0x4f, 0x50,
    0xf8, 0xee, 0x80, 0xf, 0x30, 0x0, 0x0, 0xf4,
    0x0, 0x0, 0xf, 0x40, 0x0, 0x0,

    /* U+00FF "ÿ" */
    0x8, 0x72, 0xd0, 0x0, 0x22, 0x4, 0x0, 0xc8,
    0x0, 0x2f, 0x26, 0xe0, 0x8, 0xd0, 0x1f, 0x30,
    0xd7, 0x0, 0xa9, 0x2f, 0x10, 0x4, 0xe7, 0xc0,
    0x0, 0xe, 0xe6, 0x0, 0x0, 0x8f, 0x10, 0x0,
    0x9, 0xb0, 0x0, 0x14, 0xf4, 0x0, 0xb, 0xe7,
    0x0, 0x0,

    /* U+0100 "Ā" */
    0x0, 0xff, 0xfc, 0x0, 0x0, 0x0, 0x0, 0x0,
    0x0, 0xe, 0xc0, 0x0, 0x0, 0x4d, 0xf2, 0x0,
    0x0, 0xa8, 0xb7, 0x0, 0x0, 0xf3, 0x5d, 0x0,
    0x6, 0xd0, 0xf, 0x30, 0xb, 0xff, 0xff, 0x90,
    0x1f, 0x43, 0x36, 0xe0, 0x7d, 0x0, 0x0, 0xf4,
    0xd8, 0x0, 0x0, 0xaa,

    /* U+0101 "ā" */
    0x6, 0xff, 0xf4, 0x0, 0x0, 0x0, 0x6, 0xdf,
    0xd3, 0x4, 0x41, 0xac, 0x0, 0x0, 0x5e, 0x7,
    0xcd, 0xee, 0x5f, 0x20, 0x5e, 0x6e, 0x10, 0xbe,
    0xb, 0xfd, 0x6e,

    /* U+0102 "Ă" */
    0x0, 0xc0, 0x1c, 0x0, 0x0, 0x7f, 0xf4, 0x0,
    0x0, 0x0, 0x0, 0x0, 0x0, 0xe, 0xc0, 0x0,
    0x0, 0x4d, 0xf2, 0x0, 0x0, 0xa8, 0xb7, 0x0,
    0x0, 0xf3, 0x5d, 0x0, 0x6, 0xd0, 0xf, 0x30,
    0xb, 0xff, 0xff, 0x90, 0x1f, 0x43, 0x36, 0xe0,
    0x7d, 0x0, 0x0, 0xf4, 0xd8, 0x0, 0x0, 0xaa,

    /* U+0103 "ă" */
    0x6, 0x60, 0x85, 0x1, 0xdf, 0xc0, 0x0, 0x1,
    0x0, 0x6, 0xdf, 0xd3, 0x4, 0x41, 0xac, 0x0,
    0x0, 0x5e, 0x7, 0xcd, 0xee, 0x5f, 0x20, 0x5e,
    0x6e, 0x10, 0xbe, 0xb, 0xfd, 0x6e,

    /* U+0104 "Ą" */
    0x0, 0xe, 0xc0, 0x0, 0x0, 0x4d, 0xf2, 0x0,
    0x0, 0xa8, 0xb7, 0x0, 0x0, 0xf3, 0x5d, 0x0,
    0x6, 0xd0, 0xf, 0x30, 0xb, 0xff, 0xff, 0x90,
    0x1f, 0x43, 0x36, 0xe0, 0x7d, 0x0, 0x0, 0xf4,
    0xd8, 0x0, 0x0, 0xbb, 0x0, 0x0, 0x0, 0xb2,
    0x0, 0x0, 0x3, 0xc0, 0x0, 0x0, 0x1, 0xdb,

    /* U+0105 "ą" */
    0x6, 0xdf, 0xd3, 0x0, 0x44, 0x1a, 0xc0, 0x0,
    0x0, 0x5e, 0x0, 0x7c, 0xde, 0xe0, 0x5f, 0x20,
    0x5e, 0x6, 0xe1, 0xb, 0xe0, 0xb, 0xfd, 0x6f,
    0x0, 0x0, 0x6, 0x70, 0x0, 0x0, 0xd1, 0x0,
    0x0, 0x9, 0xe2,

    /* U+0106 "Ć" */
    0x0, 0x0, 0x4f, 0x30, 0x0, 0x0, 0xd4, 0x0,
    0x0, 0x0, 0x0, 0x0, 0x0, 0x5c, 0xfe, 0xb1,
    0x5, 0xf9, 0x44, 0x70, 0xe, 0x90, 0x0, 0x0,
    0x3f, 0x30, 0x0, 0x0, 0x4f, 0x10, 0x0, 0x0,
    0x3f, 0x30, 0x0, 0x0, 0xf, 0x80, 0x0, 0x0,
    0x7, 0xf8, 0x43, 0x60, 0x0, 0x6d, 0xfe, 0xa0,

    /* U+0107 "ć" */
    0x0, 0x5, 0xf2, 0x0, 0xd, 0x40, 0x0, 0x12,
    0x0, 0x2, 0xcf, 0xe4, 0xe, 0xa3, 0x41, 0x4f,
    0x10, 0x0, 0x5f, 0x0, 0x0, 0x4f, 0x10, 0x0,
    0xe, 0xa3, 0x42, 0x3, 0xcf, 0xe3,

    /* U+0108 "Ĉ" */
    0x0, 0x7, 0xf8, 0x0, 0x0, 0x4c, 0x2c, 0x50,
    0x0, 0x0, 0x0, 0x0, 0x0, 0x5c, 0xfe, 0xb1,
    0x5, 0xf9, 0x44, 0x70, 0xe, 0x90, 0x0, 0x0,
    0x3f, 0x30, 0x0, 0x0, 0x4f, 0x10, 0x0, 0x0,
    0x3f, 0x30, 0x0, 0x0, 0xf, 0x80, 0x0, 0x0,
    0x7, 0xf8, 0x43, 0x60, 0x0, 0x6d, 0xfe, 0xa0,

    /* U+0109 "ĉ" */
    0x0, 0x8f, 0x50, 0x4, 0xd4, 0xd2, 0x2, 0x0,
    0x11, 0x2, 0xcf, 0xe4, 0xe, 0xa3, 0x41, 0x4f,
    0x10, 0x0, 0x5f, 0x0, 0x0, 0x4f, 0x10, 0x0,
    0xe, 0xa3, 0x42, 0x3, 0xcf, 0xe3,

    /* U+010A "Ċ" */
    0x0, 0x1, 0xe2, 0x0, 0x0, 0x0, 0x70, 0x0,
    0x0, 0x0, 0x0, 0x0, 0x0, 0x5c, 0xfe, 0xb1,
    0x5, 0xf9, 0x44, 0x70, 0xe, 0x90, 0x0, 0x0,
    0x3f, 0x30, 0x0, 0x0, 0x4f, 0x10, 0x0, 0x0,
    0x3f, 0x30, 0x0, 0x0, 0xf, 0x80, 0x0, 0x0,
    0x7, 0xf8, 0x43, 0x60, 0x0, 0x6d, 0xfe, 0xa0,

    /* U+010B "ċ" */
    0x0, 0x2e, 0x0, 0x0, 0x7, 0x0, 0x0, 0x0,
    0x0, 0x2, 0xcf, 0xe4, 0xe, 0xa3, 0x41, 0x4f,
    0x10, 0x0, 0x5f, 0x0, 0x0, 0x4f, 0x10, 0x0,
    0xe, 0xa3, 0x42, 0x3, 0xcf, 0xe3,

    /* U+010C "Č" */
    0x0, 0x4c, 0x2b, 0x60, 0x0, 0x7, 0xf9, 0x0,
    0x0, 0x0, 0x0, 0x0, 0x0, 0x5c, 0xfe, 0xb1,
    0x5, 0xf9, 0x44, 0x70, 0xe, 0x90, 0x0, 0x0,
    0x3f, 0x30, 0x0, 0x0, 0x4f, 0x10, 0x0, 0x0,
    0x3f, 0x30, 0x0, 0x0, 0xf, 0x80, 0x0, 0x0,
    0x7, 0xf8, 0x43, 0x60, 0x0, 0x6d, 0xfe, 0xa0,

    /* U+010D "č" */
    0x7, 0xa1, 0xb5, 0x0, 0xbf, 0x90, 0x0, 0x13,
    0x0, 0x2, 0xcf, 0xe4, 0xe, 0xa3, 0x41, 0x4f,
    0x10, 0x0, 0x5f, 0x0, 0x0, 0x4f, 0x10, 0x0,
    0xe, 0xa3, 0x42, 0x3, 0xcf, 0xe3,

    /* U+010E "Ď" */
    0x7, 0xa2, 0xc4, 0x0, 0x0, 0xaf, 0x60, 0x0,
    0x0, 0x0, 0x0, 0x0, 0xef, 0xfe, 0xb3, 0x0,
    0xe8, 0x24, 0xbf, 0x30, 0xe6, 0x0, 0xc, 0xb0,
    0xe6, 0x0, 0x6, 0xf0, 0xe6, 0x0, 0x5, 0xf0,
    0xe6, 0x0, 0x7, 0xf0, 0xe6, 0x0, 0xd, 0xb0,
    0xe8, 0x35, 0xcf, 0x20, 0xef, 0xfe, 0xa2, 0x0,

    /* U+010F "ď" */
    0x0, 0x0, 0xd, 0x7c, 0x60, 0x0, 0x0, 0xd7,
    0xd0, 0x0, 0x0, 0xc, 0x70, 0x0, 0x3d, 0xf9,
    0xc7, 0x0, 0xe, 0xa2, 0x7f, 0x70, 0x3, 0xf1,
    0x0, 0xe7, 0x0, 0x5f, 0x0, 0xc, 0x70, 0x3,
    0xf1, 0x0, 0xd7, 0x0, 0xe, 0x92, 0x6f, 0x70,
    0x0, 0x4d, 0xf9, 0xa7, 0x0,

    /* U+0110 "Đ" */
    0xd, 0xff, 0xeb, 0x30, 0x0, 0xd9, 0x24, 0xbf,
    0x30, 0xd, 0x80, 0x0, 0xcb, 0x0, 0xd8, 0x0,
    0x6, 0xf0, 0xaf, 0xff, 0x70, 0x5f, 0x1, 0xd9,
    0x21, 0x7, 0xf0, 0xd, 0x80, 0x0, 0xdb, 0x0,
    0xd9, 0x35, 0xcf, 0x20, 0xd, 0xff, 0xea, 0x20,
    0x0,

    /* U+0111 "đ" */
    0x0, 0x0, 0xd, 0x70, 0x0, 0x2f, 0xff, 0xf5,
    0x0, 0x0, 0xc, 0x70, 0x3, 0xdf, 0x9c, 0x70,
    0xe, 0xa2, 0x7f, 0x70, 0x3f, 0x10, 0xe, 0x70,
    0x5f, 0x0, 0xc, 0x70, 0x4f, 0x10, 0xd, 0x70,
    0xe, 0xa2, 0x6f, 0x70, 0x4, 0xdf, 0x8b, 0x70,

    /* U+0112 "Ē" */
    0x3f, 0xff, 0x70, 0x0, 0x0, 0xdf, 0xff, 0xfd,
    0x82, 0x22, 0xd7, 0x0, 0xd, 0x70, 0x0, 0xdf,
    0xff, 0xbd, 0x82, 0x22, 0xd7, 0x0, 0xd, 0x83,
    0x32, 0xdf, 0xff, 0xf0,

    /* U+0113 "ē" */
    0x6, 0xff, 0xf4, 0x0, 0x0, 0x0, 0x0, 0x2,
    0xcf, 0xc2, 0x0, 0xd9, 0x18, 0xd0, 0x3f, 0x10,
    0xf, 0x25, 0xff, 0xff, 0xf4, 0x4f, 0x0, 0x0,
    0x0, 0xea, 0x22, 0x50, 0x2, 0xbf, 0xeb, 0x0,

    /* U+0114 "Ĕ" */
    0x39, 0x4, 0x80, 0xbf, 0xd2, 0x0, 0x10, 0xd,
    0xff, 0xff, 0xd8, 0x22, 0x2d, 0x70, 0x0, 0xd7,
    0x0, 0xd, 0xff, 0xfb, 0xd8, 0x22, 0x2d, 0x70,
    0x0, 0xd8, 0x33, 0x2d, 0xff, 0xff,

    /* U+0115 "ĕ" */
    0x6, 0x60, 0x76, 0x0, 0xd, 0xfc, 0x0, 0x0,
    0x1, 0x0, 0x0, 0x2c, 0xfc, 0x20, 0xd, 0x91,
    0x8d, 0x3, 0xf1, 0x0, 0xf2, 0x5f, 0xff, 0xff,
    0x44, 0xf0, 0x0, 0x0, 0xe, 0xa2, 0x25, 0x0,
    0x2b, 0xfe, 0xb0,

    /* U+0116 "Ė" */
    0x0, 0x61, 0x0, 0xe, 0x30, 0x0, 0x0, 0xd,
    0xff, 0xff, 0xd8, 0x22, 0x2d, 0x70, 0x0, 0xd7,
    0x0, 0xd, 0xff, 0xfb, 0xd8, 0x22, 0x2d, 0x70,
    0x0, 0xd8, 0x33, 0x2d, 0xff, 0xff,

    /* U+0117 "ė" */
    0x0, 0x2e, 0x10, 0x0, 0x0, 0x70, 0x0, 0x0,
    0x0, 0x0, 0x0, 0x2c, 0xfc, 0x20, 0xd, 0x91,
    0x8d, 0x3, 0xf1, 0x0, 0xf2, 0x5f, 0xff, 0xff,
    0x44, 0xf0, 0x0, 0x0, 0xe, 0xa2, 0x25, 0x0,
    0x2b, 0xfe, 0xb0,

    /* U+0118 "Ę" */
    0xdf, 0xff, 0xfd, 0x82, 0x22, 0xd7, 0x0, 0xd,
    0x70, 0x0, 0xdf, 0xff, 0xbd, 0x82, 0x22, 0xd7,
    0x0, 0xd, 0x83, 0x32, 0xdf, 0xff, 0xf0, 0x0,
    0xa3, 0x0, 0x1d, 0x0, 0x0, 0xdd,

    /* U+0119 "ę" */
    0x2, 0xcf, 0xc2, 0x0, 0xd9, 0x18, 0xd0, 0x3f,
    0x10, 0xf, 0x25, 0xff, 0xff, 0xf4, 0x4f, 0x0,
    0x0, 0x0, 0xea, 0x22, 0x50, 0x2, 0xbf, 0xfd,
    0x0, 0x0, 0xc, 0x20, 0x0, 0x2, 0xd0, 0x0,
    0x0, 0xd, 0xc0,

    /* U+011A "Ě" */
    0x3c, 0x2a, 0x80, 0x6f, 0xb0, 0x0, 0x0, 0xd,
    0xff, 0xff, 0xd8, 0x22, 0x2d, 0x70, 0x0, 0xd7,
    0x0, 0xd, 0xff, 0xfb, 0xd8, 0x22, 0x2d, 0x70,
    0x0, 0xd8, 0x33, 0x2d, 0xff, 0xff,

    /* U+011B "ě" */
    0x6, 0xb1, 0xb6, 0x0, 0xa, 0xfa, 0x0, 0x0,
    0x3, 0x0, 0x0, 0x2c, 0xfc, 0x20, 0xd, 0x91,
    0x8d, 0x3, 0xf1, 0x0, 0xf2, 0x5f, 0xff, 0xff,
    0x44, 0xf0, 0x0, 0x0, 0xe, 0xa2, 0x25, 0x0,
    0x2b, 0xfe, 0xb0,

    /* U+011C "Ĝ" */
    0x0, 0x3, 0xfc, 0x0, 0x0, 0x1c, 0x38, 0xa0,
    0x0, 0x0, 0x0, 0x0, 0x0, 0x4b, 0xef, 0xd6,
    0x5, 0xfa, 0x43, 0x63, 0xe, 0xa0, 0x0, 0x0,
    0x2f, 0x30, 0x0, 0x0, 0x4f, 0x10, 0x4f, 0xfd,
    0x3f, 0x20, 0x3, 0x9d, 0xe, 0x80, 0x0, 0x7d,
    0x7, 0xf8, 0x33, 0xad, 0x0, 0x6d, 0xff, 0xd8,

    /* U+011D "ĝ" */
    0x0, 0x5f, 0x80, 0x0, 0x2d, 0x4d, 0x40, 0x1,
    0x10, 0x2, 0x0, 0x3d, 0xf9, 0xa7, 0xe, 0xa2,
    0x7f, 0x73, 0xf1, 0x0, 0xe7, 0x5f, 0x0, 0xc,
    0x73, 0xf0, 0x0, 0xd7, 0xe, 0x92, 0x6f, 0x70,
    0x4d, 0xf9, 0xc7, 0x0, 0x0, 0xd, 0x60, 0x73,
    0x27, 0xf2, 0xa, 0xef, 0xd5, 0x0,

    /* U+011E "Ğ" */
    0x0, 0xc, 0x2, 0xb0, 0x0, 0x8, 0xfe, 0x40,
    0x0, 0x0, 0x0, 0x0, 0x0, 0x4b, 0xef, 0xd6,
    0x5, 0xfa, 0x43, 0x63, 0xe, 0xa0, 0x0, 0x0,
    0x2f, 0x30, 0x0, 0x0, 0x4f, 0x10, 0x4f, 0xfd,
    0x3f, 0x20, 0x3, 0x9d, 0xe, 0x80, 0x0, 0x7d,
    0x7, 0xf8, 0x33, 0xad, 0x0, 0x6d, 0xff, 0xd8,

    /* U+011F "ğ" */
    0x4, 0x90, 0x58, 0x0, 0xb, 0xfd, 0x10, 0x0,
    0x1, 0x0, 0x0, 0x3d, 0xf9, 0xa7, 0xe, 0xa2,
    0x7f, 0x73, 0xf1, 0x0, 0xe7, 0x5f, 0x0, 0xc,
    0x73, 0xf0, 0x0, 0xd7, 0xe, 0x92, 0x6f, 0x70,
    0x4d, 0xf9, 0xc7, 0x0, 0x0, 0xd, 0x60, 0x73,
    0x27, 0xf2, 0xa, 0xef, 0xd5, 0x0,

    /* U+0120 "Ġ" */
    0x0, 0x0, 0xb6, 0x0, 0x0, 0x0, 0x52, 0x0,
    0x0, 0x0, 0x0, 0x0, 0x0, 0x4b, 0xef, 0xd6,
    0x5, 0xfa, 0x43, 0x63, 0xe, 0xa0, 0x0, 0x0,
    0x2f, 0x30, 0x0, 0x0, 0x4f, 0x10, 0x4f, 0xfd,
    0x3f, 0x20, 0x3, 0x9d, 0xe, 0x80, 0x0, 0x7d,
    0x7, 0xf8, 0x33, 0xad, 0x0, 0x6d, 0xff, 0xd8,

    /* U+0121 "ġ" */
    0x0, 0xe, 0x30, 0x0, 0x0, 0x71, 0x0, 0x0,
    0x0, 0x0, 0x0, 0x3d, 0xf9, 0xa7, 0xe, 0xa2,
    0x7f, 0x73, 0xf1, 0x0, 0xe7, 0x5f, 0x0, 0xc,
    0x73, 0xf0, 0x0, 0xd7, 0xe, 0x92, 0x6f, 0x70,
    0x4d, 0xf9, 0xc7, 0x0, 0x0, 0xd, 0x60, 0x73,
    0x27, 0xf2, 0xa, 0xef, 0xd5, 0x0,

    /* U+0122 "Ģ" */
    0x0, 0x4b, 0xef, 0xd6, 0x5, 0xfa, 0x43, 0x63,
    0xe, 0xa0, 0x0, 0x0, 0x2f, 0x30, 0x0, 0x0,
    0x4f, 0x10, 0x4f, 0xfd, 0x3f, 0x20, 0x3, 0x9d,
    0xe, 0x80, 0x0, 0x7d, 0x7, 0xf8, 0x33, 0xad,
    0x0, 0x6d, 0xff, 0xd8, 0x0, 0x0, 0x0, 0x0,
    0x0, 0x0, 0xb7, 0x0, 0x0, 0x0, 0xd0, 0x0,

    /* U+0123 "ģ" */
    0x0, 0x8, 0x60, 0x0, 0x0, 0xf2, 0x0, 0x0,
    0x0, 0x0, 0x0, 0x3d, 0xf9, 0xa7, 0xe, 0xa2,
    0x7f, 0x73, 0xf1, 0x0, 0xe7, 0x5f, 0x0, 0xc,
    0x73, 0xf0, 0x0, 0xd7, 0xe, 0x92, 0x6f, 0x70,
    0x4d, 0xf9, 0xc7, 0x0, 0x0, 0xd, 0x60, 0x73,
    0x27, 0xf2, 0xa, 0xef, 0xd5, 0x0,

    /* U+0124 "Ĥ" */
    0x0, 0x8f, 0x70, 0x0, 0x5b, 0x2c, 0x40, 0x0,
    0x0, 0x0, 0xd, 0x70, 0x0, 0x7d, 0xd7, 0x0,
    0x7, 0xdd, 0x70, 0x0, 0x7d, 0xd7, 0x0, 0x7,
    0xdd, 0xff, 0xff, 0xfd, 0xd8, 0x22, 0x28, 0xdd,
    0x70, 0x0, 0x7d, 0xd7, 0x0, 0x7, 0xdd, 0x70,
    0x0, 0x7d,

    /* U+0125 "ĥ" */
    0x1, 0x83, 0x0, 0x0, 0xb, 0xad, 0x10, 0x0,
    0x35, 0x3, 0x50, 0x0, 0x0, 0xf4, 0x0, 0x0,
    0x0, 0xf4, 0x0, 0x0, 0x0, 0xf3, 0x0, 0x0,
    0x0, 0xf7, 0xdf, 0xa0, 0x0, 0xfd, 0x33, 0xf6,
    0x0, 0xf6, 0x0, 0xb9, 0x0, 0xf4, 0x0, 0xa9,
    0x0, 0xf4, 0x0, 0xa9, 0x0, 0xf4, 0x0, 0xa9,
    0x0, 0xf4, 0x0, 0xa9,

    /* U+0126 "Ħ" */
    0xd, 0x70, 0x0, 0x7d, 0xe, 0xff, 0xee, 0xef,
    0xfe, 0x1d, 0x71, 0x11, 0x8d, 0x10, 0xd7, 0x0,
    0x7, 0xd0, 0xd, 0xff, 0xff, 0xfd, 0x0, 0xd8,
    0x33, 0x39, 0xd0, 0xd, 0x70, 0x0, 0x7d, 0x0,
    0xd7, 0x0, 0x7, 0xd0, 0xd, 0x70, 0x0, 0x7d,
    0x0,

    /* U+0127 "ħ" */
    0xf, 0x40, 0x0, 0xd, 0xff, 0xf9, 0x0, 0xf,
    0x40, 0x0, 0x0, 0xf7, 0xdf, 0xa0, 0xf, 0xd3,
    0x3f, 0x60, 0xf6, 0x0, 0xb9, 0xf, 0x40, 0xa,
    0x90, 0xf4, 0x0, 0xa9, 0xf, 0x40, 0xa, 0x90,
    0xf4, 0x0, 0xa9,

    /* U+0128 "Ĩ" */
    0xa, 0xd3, 0x83, 0x2a, 0x3c, 0xb0, 0x0, 0x0,
    0x0, 0x7, 0xff, 0xb0, 0x0, 0x8c, 0x0, 0x0,
    0x8c, 0x0, 0x0, 0x8c, 0x0, 0x0, 0x8c, 0x0,
    0x0, 0x8c, 0x0, 0x0, 0x8c, 0x0, 0x0, 0x8c,
    0x0, 0x7, 0xff, 0xb0,

    /* U+0129 "ĩ" */
    0x2e, 0xa1, 0xb8, 0x47, 0xe5, 0x0, 0x0, 0x0,
    0xf, 0x40, 0x0, 0xf4, 0x0, 0xf, 0x40, 0x0,
    0xf4, 0x0, 0xf, 0x40, 0x0, 0xf4, 0x0, 0xf,
    0x40,

    /* U+012A "Ī" */
    0xbf, 0xff, 0x0, 0x0, 0x7f, 0xfb, 0x8, 0xc0,
    0x8, 0xc0, 0x8, 0xc0, 0x8, 0xc0, 0x8, 0xc0,
    0x8, 0xc0, 0x8, 0xc0, 0x7f, 0xfb,

    /* U+012B "ī" */
    0x3f, 0xff, 0x70, 0x0, 0x0, 0x0, 0xf4, 0x0,
    0xf, 0x40, 0x0, 0xf4, 0x0, 0xf, 0x40, 0x0,
    0xf4, 0x0, 0xf, 0x40, 0x0, 0xf4, 0x0,

    /* U+012C "Ĭ" */
    0xb1, 0xc, 0x4, 0xff, 0x70, 0x0, 0x0, 0x7,
    0xff, 0xb0, 0x8, 0xc0, 0x0, 0x8c, 0x0, 0x8,
    0xc0, 0x0, 0x8c, 0x0, 0x8, 0xc0, 0x0, 0x8c,
    0x0, 0x8, 0xc0, 0x7, 0xff, 0xb0,

    /* U+012D "ĭ" */
    0x39, 0x5, 0x80, 0xbf, 0xd1, 0x0, 0x10, 0x0,
    0xf, 0x40, 0x0, 0xf4, 0x0, 0xf, 0x40, 0x0,
    0xf4, 0x0, 0xf, 0x40, 0x0, 0xf4, 0x0, 0xf,
    0x40,

    /* U+012E "Į" */
    0x7f, 0xfb, 0x8, 0xc0, 0x8, 0xc0, 0x8, 0xc0,
    0x8, 0xc0, 0x8, 0xc0, 0x8, 0xc0, 0x8, 0xc0,
    0x7f, 0xfb, 0x0, 0xb1, 0x4, 0xb0, 0x1, 0xea,

    /* U+012F "į" */
    0xe, 0x30, 0x71, 0x0, 0x0, 0xf4, 0xf, 0x40,
    0xf4, 0xf, 0x40, 0xf4, 0xf, 0x40, 0xf4, 0x2b,
    0x9, 0x60, 0x5e, 0x60,

    /* U+0130 "İ" */
    0x3, 0x50, 0x7, 0xb0, 0x0, 0x0, 0x7f, 0xfb,
    0x8, 0xc0, 0x8, 0xc0, 0x8, 0xc0, 0x8, 0xc0,
    0x8, 0xc0, 0x8, 0xc0, 0x8, 0xc0, 0x7f, 0xfb,

    /* U+0131 "ı" */
    0xf, 0x40, 0xf4, 0xf, 0x40, 0xf4, 0xf, 0x40,
    0xf4, 0xf, 0x40,

    /* U+0132 "Ĳ" */
    0x7f, 0xfb, 0xa, 0xa0, 0x8c, 0x0, 0xaa, 0x8,
    0xc0, 0xa, 0xa0, 0x8c, 0x0, 0xaa, 0x8, 0xc0,
    0xa, 0xa0, 0x8c, 0x0, 0xaa, 0x8, 0xc0, 0xa,
    0xa0, 0x8c, 0x0, 0xaa, 0x7f, 0xfb, 0xa, 0xa0,
    0x0, 0x1, 0xd8, 0x0, 0xa, 0xfd, 0x10, 0x0,
    0x12, 0x0,

    /* U+0133 "ĳ" */
    0xe, 0x30, 0xa7, 0x7, 0x10, 0x53, 0x0, 0x0,
    0x0, 0xf, 0x40, 0xc8, 0xf, 0x40, 0xc8, 0xf,
    0x40, 0xc8, 0xf, 0x40, 0xc8, 0xf, 0x40, 0xc8,
    0xf, 0x40, 0xc8, 0xf, 0x40, 0xc8, 0x0, 0x0,
    0xc8, 0x0, 0x12, 0xe6, 0x0, 0x5f, 0xc1,

    /* U+0134 "Ĵ" */
    0x4, 0xfb, 0x2, 0xd3, 0x98, 0x0, 0x0, 0x0,
    0xe, 0x60, 0x0, 0xe6, 0x0, 0xe, 0x60, 0x0,
    0xe6, 0x0, 0xe, 0x60, 0x0, 0xe6, 0x0, 0xe,
    0x60, 0x0, 0xe6, 0x0, 0xe, 0x50, 0x3, 0xf3,
    0xe, 0xfa, 0x0, 0x11, 0x0, 0x0,

    /* U+0135 "ĵ" */
    0x5, 0xf9, 0x2, 0xd3, 0xc5, 0x0, 0x0, 0x10,
    0xf, 0x40, 0x0, 0xf4, 0x0, 0xf, 0x40, 0x0,
    0xf4, 0x0, 0xf, 0x40, 0x0, 0xf4, 0x0, 0xf,
    0x40, 0x0, 0xf3, 0x1, 0x5f, 0x20, 0x9f, 0x90,
    0x0,

    /* U+0136 "Ķ" */
    0xd7, 0x0, 0x6e, 0x2d, 0x70, 0x4f, 0x40, 0xd7,
    0x2e, 0x60, 0xd, 0x7d, 0x90, 0x0, 0xdf, 0xf9,
    0x0, 0xd, 0xa4, 0xf4, 0x0, 0xd7, 0x9, 0xd0,
    0xd, 0x70, 0xe, 0x90, 0xd7, 0x0, 0x4f, 0x40,
    0x0, 0x0, 0x0, 0x0, 0x7b, 0x0, 0x0, 0xb,
    0x30, 0x0,

    /* U+0137 "ķ" */
    0xf4, 0x0, 0x0, 0xf4, 0x0, 0x0, 0xf4, 0x0,
    0x0, 0xf4, 0x7, 0xe2, 0xf4, 0x4f, 0x30, 0xf6,
    0xf4, 0x0, 0xff, 0xf3, 0x0, 0xf6, 0x9d, 0x0,
    0xf4, 0xd, 0x90, 0xf4, 0x3, 0xf4, 0x0, 0x0,
    0x0, 0x1, 0xf1, 0x0, 0x5, 0x80, 0x0,

    /* U+0138 "ĸ" */
    0xf4, 0x6, 0xe2, 0xf4, 0x3f, 0x40, 0xf5, 0xe7,
    0x0, 0xfe, 0xf3, 0x0, 0xf8, 0x8d, 0x0, 0xf4,
    0xd, 0x90, 0xf4, 0x3, 0xf4,

    /* U+0139 "Ĺ" */
    0x1f, 0x60, 0x0, 0xb6, 0x0, 0x0, 0x0, 0x0,
    0x0, 0xe6, 0x0, 0x0, 0xe6, 0x0, 0x0, 0xe6,
    0x0, 0x0, 0xe6, 0x0, 0x0, 0xe6, 0x0, 0x0,
    0xe6, 0x0, 0x0, 0xe6, 0x0, 0x0, 0xe8, 0x33,
    0x30, 0xef, 0xff, 0xf1,

    /* U+013A "ĺ" */
    0x0, 0x73, 0x8, 0xc0, 0x7, 0x0, 0xf, 0x40,
    0xf, 0x40, 0xf, 0x40, 0xf, 0x40, 0xf, 0x40,
    0xf, 0x40, 0xf, 0x40, 0xf, 0x40, 0xf, 0x40,
    0xf, 0x40,

    /* U+013B "Ļ" */
    0xe6, 0x0, 0x0, 0xe6, 0x0, 0x0, 0xe6, 0x0,
    0x0, 0xe6, 0x0, 0x0, 0xe6, 0x0, 0x0, 0xe6,
    0x0, 0x0, 0xe6, 0x0, 0x0, 0xe8, 0x33, 0x30,
    0xef, 0xff, 0xf1, 0x0, 0x0, 0x0, 0x0, 0xd4,
    0x0, 0x1, 0xc0, 0x0,

    /* U+013C "ļ" */
    0xf, 0x40, 0xf4, 0xf, 0x40, 0xf4, 0xf, 0x40,
    0xf4, 0xf, 0x40, 0xf4, 0xf, 0x40, 0xf4, 0x0,
    0x0, 0xd4, 0x1c, 0x0,

    /* U+013D "Ľ" */
    0xe6, 0x2, 0xf1, 0xe6, 0x5, 0x90, 0xe6, 0x0,
    0x0, 0xe6, 0x0, 0x0, 0xe6, 0x0, 0x0, 0xe6,
    0x0, 0x0, 0xe6, 0x0, 0x0, 0xe8, 0x33, 0x30,
    0xef, 0xff, 0xf1,

    /* U+013E "ľ" */
    0xf, 0x4e, 0x40, 0xf5, 0xc0, 0xf, 0x40, 0x0,
    0xf4, 0x0, 0xf, 0x40, 0x0, 0xf4, 0x0, 0xf,
    0x40, 0x0, 0xf4, 0x0, 0xf, 0x40, 0x0, 0xf4,
    0x0,

    /* U+013F "Ŀ" */
    0xe6, 0x0, 0x0, 0xe6, 0x0, 0x0, 0xe6, 0x0,
    0x0, 0xe6, 0x6, 0x10, 0xe6, 0xd, 0x40, 0xe6,
    0x0, 0x0, 0xe6, 0x0, 0x0, 0xe8, 0x33, 0x30,
    0xef, 0xff, 0xf1,

    /* U+0140 "ŀ" */
    0xf, 0x40, 0x0, 0xf4, 0x0, 0xf, 0x40, 0x0,
    0xf4, 0x0, 0xf, 0x57, 0x0, 0xf7, 0xe0, 0xf,
    0x40, 0x0, 0xf4, 0x0, 0xf, 0x40, 0x0, 0xf4,
    0x0,

    /* U+0141 "Ł" */
    0xd, 0x70, 0x0, 0x0, 0xd7, 0x0, 0x0, 0xd,
    0x70, 0x0, 0x0, 0xd9, 0xc2, 0x0, 0xe, 0xf6,
    0x0, 0xa, 0xf7, 0x0, 0x0, 0xd, 0x70, 0x0,
    0x0, 0xd8, 0x33, 0x30, 0xd, 0xff, 0xff, 0x10,

    /* U+0142 "ł" */
    0x1, 0xf3, 0x0, 0x1f, 0x30, 0x1, 0xf3, 0x0,
    0x1f, 0x30, 0x1, 0xff, 0x30, 0x8f, 0x60, 0x9,
    0xf3, 0x0, 0x1f, 0x30, 0x1, 0xf3, 0x0, 0x1f,
    0x30,

    /* U+0143 "Ń" */
    0x0, 0x3, 0xf4, 0x0, 0x0, 0xc, 0x50, 0x0,
    0x0, 0x0, 0x0, 0x0, 0xde, 0x10, 0x0, 0xf2,
    0xdf, 0x90, 0x0, 0xf2, 0xd8, 0xf3, 0x0, 0xf2,
    0xd4, 0xac, 0x0, 0xf2, 0xd4, 0x2f, 0x50, 0xf2,
    0xd5, 0x7, 0xe0, 0xf2, 0xd5, 0x0, 0xd8, 0xf2,
    0xd5, 0x0, 0x4f, 0xf2, 0xd5, 0x0, 0xb, 0xf2,

    /* U+0144 "ń" */
    0x0, 0x1, 0xf7, 0x0, 0x0, 0x99, 0x0, 0x0,
    0x3, 0x0, 0x0, 0xf5, 0xdf, 0xa0, 0xf, 0xd3,
    0x4f, 0x60, 0xf6, 0x0, 0xb9, 0xf, 0x40, 0xa,
    0x90, 0xf4, 0x0, 0xa9, 0xf, 0x40, 0xa, 0x90,
    0xf4, 0x0, 0xa9,

    /* U+0145 "Ņ" */
    0xde, 0x10, 0x0, 0xf2, 0xdf, 0x90, 0x0, 0xf2,
    0xd8, 0xf3, 0x0, 0xf2, 0xd4, 0xac, 0x0, 0xf2,
    0xd4, 0x2f, 0x50, 0xf2, 0xd5, 0x7, 0xe0, 0xf2,
    0xd5, 0x0, 0xd8, 0xf2, 0xd5, 0x0, 0x4f, 0xf2,
    0xd5, 0x0, 0xb, 0xf2, 0x0, 0x0, 0x0, 0x0,
    0x0, 0xd, 0x50, 0x0, 0x0, 0x1c, 0x0, 0x0,

    /* U+0146 "ņ" */
    0xf, 0x5d, 0xfa, 0x0, 0xfd, 0x34, 0xf6, 0xf,
    0x60, 0xb, 0x90, 0xf4, 0x0, 0xa9, 0xf, 0x40,
    0xa, 0x90, 0xf4, 0x0, 0xa9, 0xf, 0x40, 0xa,
    0x90, 0x0, 0x0, 0x0, 0x0, 0xb, 0x70, 0x0,
    0x0, 0xd0, 0x0,

    /* U+0147 "Ň" */
    0x3, 0xc2, 0xa8, 0x0, 0x0, 0x6f, 0xb0, 0x0,
    0x0, 0x0, 0x0, 0x0, 0xde, 0x10, 0x0, 0xf2,
    0xdf, 0x90, 0x0, 0xf2, 0xd8, 0xf3, 0x0, 0xf2,
    0xd4, 0xac, 0x0, 0xf2, 0xd4, 0x2f, 0x50, 0xf2,
    0xd5, 0x7, 0xe0, 0xf2, 0xd5, 0x0, 0xd8, 0xf2,
    0xd5, 0x0, 0x4f, 0xf2, 0xd5, 0x0, 0xb, 0xf2,

    /* U+0148 "ň" */
    0x2, 0xd2, 0x7b, 0x0, 0x5, 0xfd, 0x10, 0x0,
    0x3, 0x10, 0x0, 0xf5, 0xdf, 0xa0, 0xf, 0xd3,
    0x4f, 0x60, 0xf6, 0x0, 0xb9, 0xf, 0x40, 0xa,
    0x90, 0xf4, 0x0, 0xa9, 0xf, 0x40, 0xa, 0x90,
    0xf4, 0x0, 0xa9,

    /* U+0149 "ŉ" */
    0x7d, 0x0, 0x0, 0x0, 0xa8, 0x0, 0x0, 0x0,
    0xd3, 0xf5, 0xdf, 0xb0, 0x30, 0xfd, 0x55, 0xf7,
    0x0, 0xf6, 0x0, 0xa9, 0x0, 0xf4, 0x0, 0xaa,
    0x0, 0xf4, 0x0, 0xaa, 0x0, 0xf4, 0x0, 0xaa,
    0x0, 0xf4, 0x0, 0xaa,

    /* U+014A "Ŋ" */
    0xde, 0x10, 0x0, 0xf2, 0xdf, 0xa0, 0x0, 0xf2,
    0xd8, 0xf4, 0x0, 0xf2, 0xd4, 0x9e, 0x0, 0xf2,
    0xd4, 0xe, 0x90, 0xf2, 0xd5, 0x4, 0xf3, 0xf2,
    0xd5, 0x0, 0x9d, 0xf2, 0xd5, 0x0, 0x1e, 0xf2,
    0xd5, 0x0, 0x5, 0xf2, 0x0, 0x0, 0x4, 0xf0,
    0x0, 0x3, 0xff, 0x70, 0x0, 0x0, 0x20, 0x0,

    /* U+014B "ŋ" */
    0xf, 0x6d, 0xfa, 0x0, 0xfc, 0x11, 0xe6, 0xf,
    0x50, 0xb, 0x90, 0xf4, 0x0, 0xa9, 0xf, 0x40,
    0xa, 0x90, 0xf4, 0x0, 0xa9, 0xf, 0x40, 0xa,
    0x90, 0x0, 0x0, 0xa9, 0x0, 0x0, 0x2d, 0x80,
    0x0, 0x2f, 0xd1,

    /* U+014C "Ō" */
    0x0, 0x2f, 0xff, 0x80, 0x0, 0x0, 0x0, 0x0,
    0x0, 0x0, 0x6d, 0xfe, 0x91, 0x0, 0x7f, 0x83,
    0x5d, 0xd0, 0xf, 0x80, 0x0, 0x2f, 0x53, 0xf3,
    0x0, 0x0, 0xc9, 0x4f, 0x10, 0x0, 0xb, 0xa3,
    0xf3, 0x0, 0x0, 0xc9, 0xf, 0x80, 0x0, 0x2f,
    0x50, 0x7f, 0x83, 0x5d, 0xd0, 0x0, 0x6d, 0xfe,
    0x91, 0x0,

    /* U+014D "ō" */
    0x2, 0xff, 0xf8, 0x0, 0x0, 0x0, 0x0, 0x2,
    0xbf, 0xd5, 0x0, 0xda, 0x26, 0xf3, 0x3f, 0x10,
    0xc, 0x95, 0xf0, 0x0, 0xaa, 0x3f, 0x10, 0xc,
    0x80, 0xd9, 0x25, 0xf3, 0x2, 0xcf, 0xd5, 0x0,

    /* U+014E "Ŏ" */
    0x0, 0x2a, 0x3, 0xa0, 0x0, 0x0, 0xaf, 0xe2,
    0x0, 0x0, 0x0, 0x0, 0x0, 0x0, 0x6, 0xdf,
    0xe9, 0x10, 0x7, 0xf8, 0x35, 0xdd, 0x0, 0xf8,
    0x0, 0x2, 0xf5, 0x3f, 0x30, 0x0, 0xc, 0x94,
    0xf1, 0x0, 0x0, 0xba, 0x3f, 0x30, 0x0, 0xc,
    0x90, 0xf8, 0x0, 0x2, 0xf5, 0x7, 0xf8, 0x35,
    0xdd, 0x0, 0x6, 0xdf, 0xe9, 0x10,

    /* U+014F "ŏ" */
    0x3, 0x90, 0x49, 0x0, 0xa, 0xfe, 0x20, 0x0,
    0x0, 0x0, 0x0, 0x2b, 0xfd, 0x50, 0xd, 0xa2,
    0x6f, 0x33, 0xf1, 0x0, 0xc9, 0x5f, 0x0, 0xa,
    0xa3, 0xf1, 0x0, 0xc8, 0xd, 0x92, 0x5f, 0x30,
    0x2c, 0xfd, 0x50,

    /* U+0150 "Ő" */
    0x0, 0x0, 0x0, 0x0, 0x0, 0x0, 0xd7, 0xaa,
    0x0, 0x0, 0x69, 0x3b, 0x0, 0x0, 0x0, 0x0,
    0x0, 0x0, 0x0, 0x6d, 0xfe, 0x91, 0x0, 0x7f,
    0x83, 0x5d, 0xd0, 0xf, 0x80, 0x0, 0x2f, 0x53,
    0xf3, 0x0, 0x0, 0xc9, 0x4f, 0x10, 0x0, 0xb,
    0xa3, 0xf3, 0x0, 0x0, 0xc9, 0xf, 0x80, 0x0,
    0x2f, 0x50, 0x7f, 0x83, 0x5d, 0xd0, 0x0, 0x6d,
    0xfe, 0x91, 0x0,

    /* U+0151 "ő" */
    0x0, 0xd7, 0xaa, 0x0, 0x69, 0x3b, 0x0, 0x0,
    0x0, 0x0, 0x0, 0x2b, 0xfd, 0x50, 0xd, 0xa2,
    0x6f, 0x33, 0xf1, 0x0, 0xc9, 0x5f, 0x0, 0xa,
    0xa3, 0xf1, 0x0, 0xc8, 0xd, 0x92, 0x5f, 0x30,
    0x2c, 0xfd, 0x50,

    /* U+0152 "Œ" */
    0x0, 0x6d, 0xff, 0xff, 0xff, 0x90, 0x7f, 0x95,
    0x6f, 0x65, 0x52, 0xf, 0x80, 0x1, 0xf2, 0x0,
    0x3, 0xf3, 0x0, 0x1f, 0x20, 0x0, 0x4f, 0x10,
    0x1, 0xff, 0xff, 0x53, 0xf2, 0x0, 0x1f, 0x52,
    0x20, 0xf, 0x70, 0x1, 0xf2, 0x0, 0x0, 0x7f,
    0x73, 0x4f, 0x53, 0x31, 0x0, 0x6d, 0xff, 0xff,
    0xff, 0x90,

    /* U+0153 "œ" */
    0x2, 0xcf, 0xd3, 0x5e, 0xe9, 0x0, 0xe8, 0x16,
    0xff, 0x42, 0xd7, 0x4f, 0x0, 0xd, 0xb0, 0x7,
    0xc5, 0xf0, 0x0, 0xbf, 0xff, 0xfd, 0x4f, 0x10,
    0xd, 0xa0, 0x0, 0x0, 0xe9, 0x26, 0xff, 0x51,
    0x33, 0x2, 0xcf, 0xd4, 0x5d, 0xfe, 0x50,

    /* U+0154 "Ŕ" */
    0x0, 0x1f, 0x70, 0x0, 0xa, 0x70, 0x0, 0x0,
    0x0, 0x0, 0xe, 0xff, 0xe9, 0x0, 0xe8, 0x24,
    0xe8, 0xe, 0x60, 0xa, 0xb0, 0xe6, 0x2, 0xe7,
    0xe, 0xff, 0xf9, 0x0, 0xe8, 0x2d, 0x70, 0xe,
    0x60, 0x5f, 0x10, 0xe6, 0x0, 0xd9, 0xe, 0x60,
    0x4, 0xf3,

    /* U+0155 "ŕ" */
    0x0, 0xd, 0x90, 0x7, 0xb0, 0x0, 0x20, 0x0,
    0xf3, 0xdd, 0xf, 0xd6, 0x30, 0xf7, 0x0, 0xf,
    0x40, 0x0, 0xf4, 0x0, 0xf, 0x40, 0x0, 0xf4,
    0x0,

    /* U+0156 "Ŗ" */
    0xef, 0xfe, 0x90, 0xe, 0x82, 0x4e, 0x80, 0xe6,
    0x0, 0xab, 0xe, 0x60, 0x2e, 0x70, 0xef, 0xff,
    0x90, 0xe, 0x82, 0xd7, 0x0, 0xe6, 0x5, 0xf1,
    0xe, 0x60, 0xd, 0x90, 0xe6, 0x0, 0x4f, 0x30,
    0x0, 0x0, 0x0, 0x0, 0x7a, 0x0, 0x0, 0xb,
    0x20, 0x0,

    /* U+0157 "ŗ" */
    0xf, 0x3d, 0xd0, 0xfd, 0x63, 0xf, 0x70, 0x0,
    0xf4, 0x0, 0xf, 0x40, 0x0, 0xf4, 0x0, 0xf,
    0x40, 0x0, 0x0, 0x0, 0xe, 0x40, 0x2, 0xc0,
    0x0,

    /* U+0158 "Ř" */
    0x1d, 0x37, 0xa0, 0x0, 0x3f, 0xd0, 0x0, 0x0,
    0x0, 0x0, 0xe, 0xff, 0xe9, 0x0, 0xe8, 0x24,
    0xe8, 0xe, 0x60, 0xa, 0xb0, 0xe6, 0x2, 0xe7,
    0xe, 0xff, 0xf9, 0x0, 0xe8, 0x2d, 0x70, 0xe,
    0x60, 0x5f, 0x10, 0xe6, 0x0, 0xd9, 0xe, 0x60,
    0x4, 0xf3,

    /* U+0159 "ř" */
    0x1d, 0x35, 0xc0, 0x3, 0xff, 0x20, 0x0, 0x22,
    0x0, 0xf, 0x3d, 0xd0, 0xf, 0xd6, 0x30, 0xf,
    0x70, 0x0, 0xf, 0x40, 0x0, 0xf, 0x40, 0x0,
    0xf, 0x40, 0x0, 0xf, 0x40, 0x0,

    /* U+015A "Ś" */
    0x0, 0x7, 0xe1, 0x0, 0x2, 0xd2, 0x0, 0x0,
    0x0, 0x0, 0x0, 0x5d, 0xfe, 0x80, 0x1f, 0x73,
    0x55, 0x4, 0xf0, 0x0, 0x0, 0xe, 0xb2, 0x0,
    0x0, 0x2b, 0xfa, 0x10, 0x0, 0x2, 0xcc, 0x0,
    0x0, 0x4, 0xf0, 0x46, 0x33, 0xbc, 0x3, 0xdf,
    0xeb, 0x20,

    /* U+015B "ś" */
    0x0, 0xd, 0x90, 0x0, 0x7b, 0x0, 0x0, 0x20,
    0x0, 0x9, 0xef, 0xb0, 0x5e, 0x21, 0x50, 0x3f,
    0x70, 0x0, 0x5, 0xdf, 0x70, 0x0, 0x5, 0xf2,
    0x34, 0x13, 0xf2, 0x4d, 0xfe, 0x70,

    /* U+015C "Ŝ" */
    0x0, 0x9f, 0x60, 0x0, 0x6b, 0x2c, 0x30, 0x0,
    0x0, 0x0, 0x0, 0x5d, 0xfe, 0x80, 0x1f, 0x73,
    0x55, 0x4, 0xf0, 0x0, 0x0, 0xe, 0xb2, 0x0,
    0x0, 0x2b, 0xfa, 0x10, 0x0, 0x2, 0xcc, 0x0,
    0x0, 0x4, 0xf0, 0x46, 0x33, 0xbc, 0x3, 0xdf,
    0xeb, 0x20,

    /* U+015D "ŝ" */
    0x1, 0xfd, 0x0, 0xc, 0x6a, 0x90, 0x2, 0x0,
    0x30, 0x9, 0xef, 0xb0, 0x5e, 0x21, 0x50, 0x3f,
    0x70, 0x0, 0x5, 0xdf, 0x70, 0x0, 0x5, 0xf2,
    0x34, 0x13, 0xf2, 0x4d, 0xfe, 0x70,

    /* U+015E "Ş" */
    0x5, 0xdf, 0xe8, 0x1, 0xf7, 0x35, 0x50, 0x4f,
    0x0, 0x0, 0x0, 0xeb, 0x20, 0x0, 0x2, 0xbf,
    0xa1, 0x0, 0x0, 0x2c, 0xc0, 0x0, 0x0, 0x4f,
    0x4, 0x63, 0x3b, 0xc0, 0x3d, 0xff, 0xb2, 0x0,
    0x7, 0x90, 0x0, 0x0, 0xc, 0x40, 0x0, 0x1d,
    0xc1, 0x0,

    /* U+015F "ş" */
    0x9, 0xef, 0xb0, 0x5e, 0x21, 0x50, 0x3f, 0x70,
    0x0, 0x5, 0xdf, 0x70, 0x0, 0x5, 0xf2, 0x34,
    0x13, 0xf2, 0x4d, 0xff, 0x70, 0x0, 0xb5, 0x0,
    0x0, 0x1f, 0x10, 0x4, 0xdb, 0x0,

    /* U+0160 "Š" */
    0x6, 0xb2, 0xc4, 0x0, 0x9, 0xf7, 0x0, 0x0,
    0x0, 0x0, 0x0, 0x5d, 0xfe, 0x80, 0x1f, 0x73,
    0x55, 0x4, 0xf0, 0x0, 0x0, 0xe, 0xb2, 0x0,
    0x0, 0x2b, 0xfa, 0x10, 0x0, 0x2, 0xcc, 0x0,
    0x0, 0x4, 0xf0, 0x46, 0x33, 0xbc, 0x3, 0xdf,
    0xeb, 0x20,

    /* U+0161 "š" */
    0x1d, 0x35, 0xc0, 0x3, 0xff, 0x20, 0x0, 0x22,
    0x0, 0x9, 0xef, 0xb0, 0x5e, 0x21, 0x50, 0x3f,
    0x70, 0x0, 0x5, 0xdf, 0x70, 0x0, 0x5, 0xf2,
    0x34, 0x13, 0xf2, 0x4d, 0xfe, 0x70,

    /* U+0162 "Ţ" */
    0xdf, 0xff, 0xff, 0x92, 0x36, 0xf3, 0x31, 0x0,
    0x4f, 0x0, 0x0, 0x4, 0xf0, 0x0, 0x0, 0x4f,
    0x0, 0x0, 0x4, 0xf0, 0x0, 0x0, 0x4f, 0x0,
    0x0, 0x4, 0xf0, 0x0, 0x0, 0x4f, 0x0, 0x0,
    0x2, 0xc0, 0x0, 0x0, 0x9, 0x80, 0x0, 0xb,
    0xd4, 0x0,

    /* U+0163 "ţ" */
    0x3, 0x30, 0x0, 0xb6, 0x0, 0x9f, 0xff, 0x30,
    0xe6, 0x0, 0xe, 0x60, 0x0, 0xe6, 0x0, 0xe,
    0x60, 0x0, 0xda, 0x21, 0x5, 0xff, 0x30, 0xc,
    0x40, 0x0, 0x1f, 0x0, 0x5d, 0xa0,

    /* U+0164 "Ť" */
    0x7, 0xa2, 0xc4, 0x0, 0xa, 0xf7, 0x0, 0x0,
    0x0, 0x0, 0xd, 0xff, 0xff, 0xf9, 0x23, 0x6f,
    0x33, 0x10, 0x4, 0xf0, 0x0, 0x0, 0x4f, 0x0,
    0x0, 0x4, 0xf0, 0x0, 0x0, 0x4f, 0x0, 0x0,
    0x4, 0xf0, 0x0, 0x0, 0x4f, 0x0, 0x0, 0x4,
    0xf0, 0x0,

    /* U+0165 "ť" */
    0x0, 0x0, 0x5d, 0x5, 0x40, 0x86, 0xb, 0x60,
    0x0, 0xaf, 0xff, 0x30, 0xe, 0x60, 0x0, 0xe,
    0x60, 0x0, 0xe, 0x60, 0x0, 0xe, 0x60, 0x0,
    0xd, 0xa2, 0x10, 0x5, 0xef, 0x30,

    /* U+0166 "Ŧ" */
    0xdf, 0xff, 0xff, 0x92, 0x36, 0xf3, 0x31, 0x0,
    0x4f, 0x0, 0x0, 0x4, 0xf0, 0x0, 0xf, 0xff,
    0xfa, 0x0, 0x26, 0xf2, 0x10, 0x0, 0x4f, 0x0,
    0x0, 0x4, 0xf0, 0x0, 0x0, 0x4f, 0x0, 0x0,

    /* U+0167 "ŧ" */
    0x3, 0x30, 0x0, 0xb6, 0x0, 0x9f, 0xff, 0x30,
    0xe6, 0x0, 0xaf, 0xff, 0x10, 0xe6, 0x0, 0xe,
    0x60, 0x0, 0xca, 0x21, 0x4, 0xef, 0x30,

    /* U+0168 "Ũ" */
    0x6, 0xe7, 0x48, 0x0, 0xb2, 0xae, 0x20, 0x0,
    0x0, 0x0, 0xf, 0x50, 0x0, 0x8c, 0xf5, 0x0,
    0x8, 0xcf, 0x50, 0x0, 0x8c, 0xf5, 0x0, 0x8,
    0xcf, 0x50, 0x0, 0x8c, 0xe5, 0x0, 0x8, 0xcd,
    0x80, 0x0, 0xaa, 0x7f, 0x63, 0x7f, 0x50, 0x7d,
    0xfd, 0x60,

    /* U+0169 "ũ" */
    0x1, 0xdb, 0x2b, 0x0, 0x66, 0x5e, 0x70, 0x0,
    0x0, 0x0, 0x1, 0xf3, 0x0, 0xb8, 0x1f, 0x30,
    0xb, 0x81, 0xf3, 0x0, 0xb8, 0x1f, 0x30, 0xb,
    0x81, 0xf3, 0x0, 0xd8, 0xe, 0x80, 0x5f, 0x80,
    0x5d, 0xfa, 0xa8,

    /* U+016A "Ū" */
    0x6, 0xff, 0xf4, 0x0, 0x0, 0x0, 0x0, 0xf5,
    0x0, 0x8, 0xcf, 0x50, 0x0, 0x8c, 0xf5, 0x0,
    0x8, 0xcf, 0x50, 0x0, 0x8c, 0xf5, 0x0, 0x8,
    0xce, 0x50, 0x0, 0x8c, 0xd8, 0x0, 0xa, 0xa7,
    0xf6, 0x37, 0xf5, 0x7, 0xdf, 0xd6, 0x0,

    /* U+016B "ū" */
    0x1, 0xff, 0xf9, 0x0, 0x0, 0x0, 0x0, 0x1f,
    0x30, 0xb, 0x81, 0xf3, 0x0, 0xb8, 0x1f, 0x30,
    0xb, 0x81, 0xf3, 0x0, 0xb8, 0x1f, 0x30, 0xd,
    0x80, 0xe8, 0x5, 0xf8, 0x5, 0xdf, 0xaa, 0x80,

    /* U+016C "Ŭ" */
    0x7, 0x60, 0x85, 0x0, 0x1d, 0xfc, 0x0, 0x0,
    0x1, 0x0, 0xf, 0x50, 0x0, 0x8c, 0xf5, 0x0,
    0x8, 0xcf, 0x50, 0x0, 0x8c, 0xf5, 0x0, 0x8,
    0xcf, 0x50, 0x0, 0x8c, 0xe5, 0x0, 0x8, 0xcd,
    0x80, 0x0, 0xaa, 0x7f, 0x63, 0x7f, 0x50, 0x7d,
    0xfd, 0x60,

    /* U+016D "ŭ" */
    0x1, 0xb0, 0x2a, 0x0, 0x9, 0xfe, 0x30, 0x0,
    0x0, 0x0, 0x1, 0xf3, 0x0, 0xb8, 0x1f, 0x30,
    0xb, 0x81, 0xf3, 0x0, 0xb8, 0x1f, 0x30, 0xb,
    0x81, 0xf3, 0x0, 0xd8, 0xe, 0x80, 0x5f, 0x80,
    0x5d, 0xfa, 0xa8,

    /* U+016E "Ů" */
    0x0, 0x7b, 0x40, 0x0, 0xc, 0x1b, 0x0, 0x0,
    0x7b, 0x40, 0x0, 0x0, 0x0, 0x0, 0xf5, 0x0,
    0x8, 0xcf, 0x50, 0x0, 0x8c, 0xf5, 0x0, 0x8,
    0xcf, 0x50, 0x0, 0x8c, 0xf5, 0x0, 0x8, 0xce,
    0x50, 0x0, 0x8c, 0xd8, 0x0, 0xa, 0xa7, 0xf6,
    0x37, 0xf5, 0x7, 0xdf, 0xd6, 0x0,

    /* U+016F "ů" */
    0x0, 0x3b, 0x90, 0x0, 0x8, 0x3b, 0x10, 0x0,
    0x3b, 0x90, 0x0, 0x0, 0x0, 0x0, 0x1f, 0x30,
    0xb, 0x81, 0xf3, 0x0, 0xb8, 0x1f, 0x30, 0xb,
    0x81, 0xf3, 0x0, 0xb8, 0x1f, 0x30, 0xd, 0x80,
    0xe8, 0x5, 0xf8, 0x5, 0xdf, 0xaa, 0x80,

    /* U+0170 "Ű" */
    0x0, 0x0, 0x0, 0x0, 0x2f, 0x4e, 0x60, 0xa,
    0x57, 0x80, 0x0, 0x0, 0x0, 0x0, 0xf5, 0x0,
    0x8, 0xcf, 0x50, 0x0, 0x8c, 0xf5, 0x0, 0x8,
    0xcf, 0x50, 0x0, 0x8c, 0xf5, 0x0, 0x8, 0xce,
    0x50, 0x0, 0x8c, 0xd8, 0x0, 0xa, 0xa7, 0xf6,
    0x37, 0xf5, 0x7, 0xdf, 0xd6, 0x0,

    /* U+0171 "ű" */
    0x0, 0xc9, 0x9b, 0x0, 0x5a, 0x2c, 0x10, 0x0,
    0x0, 0x0, 0x1, 0xf3, 0x0, 0xb8, 0x1f, 0x30,
    0xb, 0x81, 0xf3, 0x0, 0xb8, 0x1f, 0x30, 0xb,
    0x81, 0xf3, 0x0, 0xd8, 0xe, 0x80, 0x5f, 0x80,
    0x5d, 0xfa, 0xa8,

    /* U+0172 "Ų" */
    0xf5, 0x0, 0x8, 0xcf, 0x50, 0x0, 0x8c, 0xf5,
    0x0, 0x8, 0xcf, 0x50, 0x0, 0x8c, 0xf5, 0x0,
    0x8, 0xce, 0x50, 0x0, 0x8c, 0xd8, 0x0, 0xa,
    0xb7, 0xf6, 0x37, 0xf6, 0x7, 0xdf, 0xfb, 0x0,
    0x0, 0x1e, 0x10, 0x0, 0x4, 0xb0, 0x0, 0x0,
    0x1d, 0xa0,

    /* U+0173 "ų" */
    0x1f, 0x30, 0xb, 0x81, 0xf3, 0x0, 0xb8, 0x1f,
    0x30, 0xb, 0x81, 0xf3, 0x0, 0xb8, 0x1f, 0x30,
    0xd, 0x80, 0xe8, 0x5, 0xf8, 0x5, 0xdf, 0xab,
    0x80, 0x0, 0x1, 0xc0, 0x0, 0x0, 0x68, 0x0,
    0x0, 0x3, 0xe8,

    /* U+0174 "Ŵ" */
    0x0, 0x0, 0x5f, 0x90, 0x0, 0x0, 0x0, 0x3,
    0xc2, 0xb7, 0x0, 0x0, 0x0, 0x0, 0x0, 0x0,
    0x0, 0x0, 0xc8, 0x0, 0x2f, 0x60, 0x4, 0xf1,
    0x8c, 0x0, 0x6f, 0xa0, 0x7, 0xc0, 0x4f, 0x0,
    0xba, 0xe0, 0xb, 0x80, 0xf, 0x40, 0xf3, 0xf3,
    0xf, 0x40, 0xc, 0x73, 0xe0, 0xa8, 0x3f, 0x10,
    0x8, 0xb8, 0xa0, 0x6c, 0x6c, 0x0, 0x4, 0xeb,
    0x60, 0x2f, 0xa8, 0x0, 0x0, 0xff, 0x10, 0xd,
    0xf4, 0x0, 0x0, 0xcd, 0x0, 0x9, 0xf0, 0x0,

    /* U+0175 "ŵ" */
    0x0, 0x2, 0xfc, 0x0, 0x0, 0x0, 0xc, 0x59,
    0x90, 0x0, 0x0, 0x1, 0x0, 0x10, 0x0, 0xc8,
    0x0, 0xfa, 0x0, 0xd6, 0x7c, 0x4, 0xde, 0x1,
    0xf2, 0x3f, 0x8, 0x8e, 0x35, 0xe0, 0xf, 0x4c,
    0x4a, 0x79, 0xa0, 0xb, 0x8f, 0x6, 0xbc, 0x60,
    0x7, 0xec, 0x1, 0xef, 0x10, 0x3, 0xf7, 0x0,
    0xdd, 0x0,

    /* U+0176 "Ŷ" */
    0x0, 0x8f, 0x70, 0x0, 0x5, 0xc2, 0xc4, 0x0,
    0x0, 0x0, 0x0, 0x0, 0xba, 0x0, 0xa, 0xc0,
    0x3f, 0x20, 0x2f, 0x30, 0xb, 0xa0, 0xab, 0x0,
    0x3, 0xf4, 0xf3, 0x0, 0x0, 0xbf, 0xa0, 0x0,
    0x0, 0x3f, 0x30, 0x0, 0x0, 0x2f, 0x20, 0x0,
    0x0, 0x2f, 0x20, 0x0, 0x0, 0x2f, 0x20, 0x0,

    /* U+0177 "ŷ" */
    0x0, 0xcf, 0x20, 0x0, 0x99, 0x5c, 0x10, 0x1,
    0x0, 0x10, 0xc, 0x80, 0x2, 0xf2, 0x6e, 0x0,
    0x8d, 0x1, 0xf3, 0xd, 0x70, 0xa, 0x92, 0xf1,
    0x0, 0x4e, 0x7c, 0x0, 0x0, 0xee, 0x60, 0x0,
    0x8, 0xf1, 0x0, 0x0, 0x9b, 0x0, 0x1, 0x4f,
    0x40, 0x0, 0xbe, 0x70, 0x0, 0x0,

    /* U+0178 "Ÿ" */
    0x0, 0x0, 0x0, 0x0, 0x3, 0xd0, 0xd3, 0x0,
    0x0, 0x20, 0x20, 0x0, 0x0, 0x0, 0x0, 0x0,
    0xba, 0x0, 0xa, 0xc0, 0x3f, 0x20, 0x2f, 0x30,
    0xb, 0xa0, 0xab, 0x0, 0x3, 0xf4, 0xf3, 0x0,
    0x0, 0xbf, 0xa0, 0x0, 0x0, 0x3f, 0x30, 0x0,
    0x0, 0x2f, 0x20, 0x0, 0x0, 0x2f, 0x20, 0x0,
    0x0, 0x2f, 0x20, 0x0,

    /* U+0179 "Ź" */
    0x0, 0x6, 0xe2, 0x0, 0x1, 0xd2, 0x0, 0x0,
    0x0, 0x0, 0x7, 0xff, 0xff, 0xf5, 0x13, 0x33,
    0x9e, 0x10, 0x0, 0x1f, 0x60, 0x0, 0xb, 0xb0,
    0x0, 0x5, 0xf2, 0x0, 0x1, 0xe7, 0x0, 0x0,
    0x9c, 0x0, 0x0, 0x4f, 0x53, 0x33, 0x19, 0xff,
    0xff, 0xf7,

    /* U+017A "ź" */
    0x0, 0xe, 0x80, 0x0, 0x99, 0x0, 0x0, 0x10,
    0x0, 0x5f, 0xff, 0xf2, 0x0, 0x9, 0xc0, 0x0,
    0x3f, 0x20, 0x0, 0xd8, 0x0, 0x7, 0xd0, 0x0,
    0x2f, 0x40, 0x0, 0x8f, 0xff, 0xf4,

    /* U+017B "Ż" */
    0x0, 0x7, 0x0, 0x0, 0x1, 0xe1, 0x0, 0x0,
    0x0, 0x0, 0x7, 0xff, 0xff, 0xf5, 0x13, 0x33,
    0x9e, 0x10, 0x0, 0x1f, 0x60, 0x0, 0xb, 0xb0,
    0x0, 0x5, 0xf2, 0x0, 0x1, 0xe7, 0x0, 0x0,
    0x9c, 0x0, 0x0, 0x4f, 0x53, 0x33, 0x19, 0xff,
    0xff, 0xf7,

    /* U+017C "ż" */
    0x0, 0xb6, 0x0, 0x0, 0x53, 0x0, 0x0, 0x0,
    0x0, 0x5f, 0xff, 0xf2, 0x0, 0x9, 0xc0, 0x0,
    0x3f, 0x20, 0x0, 0xd8, 0x0, 0x7, 0xd0, 0x0,
    0x2f, 0x40, 0x0, 0x8f, 0xff, 0xf4,

    /* U+017D "Ž" */
    0x5, 0xb2, 0xb5, 0x0, 0x8, 0xf8, 0x0, 0x0,
    0x0, 0x0, 0x7, 0xff, 0xff, 0xf5, 0x13, 0x33,
    0x9e, 0x10, 0x0, 0x1f, 0x60, 0x0, 0xb, 0xb0,
    0x0, 0x5, 0xf2, 0x0, 0x1, 0xe7, 0x0, 0x0,
    0x9c, 0x0, 0x0, 0x4f, 0x53, 0x33, 0x19, 0xff,
    0xff, 0xf7,

    /* U+017E "ž" */
    0x1d, 0x36, 0xb0, 0x3, 0xfe, 0x10, 0x0, 0x11,
    0x0, 0x5f, 0xff, 0xf2, 0x0, 0x9, 0xc0, 0x0,
    0x3f, 0x20, 0x0, 0xd8, 0x0, 0x7, 0xd0, 0x0,
    0x2f, 0x40, 0x0, 0x8f, 0xff, 0xf4,

    /* U+017F "ſ" */
    0x4e, 0xf5, 0xd9, 0x20, 0xf4, 0x0, 0xf4, 0x0,
    0xf4, 0x0, 0xf4, 0x0, 0xf4, 0x0, 0xf4, 0x0,
    0xf4, 0x0, 0xf4, 0x0,

    /* U+0180 "ƀ" */
    0xf, 0x40, 0x0, 0xe, 0xff, 0xf9, 0x0, 0xf,
    0x40, 0x0, 0x0, 0xf7, 0xde, 0x90, 0xf, 0xd3,
    0x4f, 0x60, 0xf6, 0x0, 0x9b, 0xf, 0x40, 0x8,
    0xc0, 0xf6, 0x0, 0x9b, 0xf, 0xd3, 0x4f, 0x60,
    0xf5, 0xee, 0x90,

    /* U+0181 "Ɓ" */
    0x6e, 0xff, 0xfe, 0xb3, 0xd, 0x7c, 0x92, 0x4c,
    0xd0, 0x72, 0xc8, 0x0, 0x5f, 0x0, 0xc, 0x80,
    0x9, 0xc0, 0x0, 0xcf, 0xff, 0xe2, 0x0, 0xc,
    0x92, 0x39, 0xe1, 0x0, 0xc8, 0x0, 0x1f, 0x40,
    0xc, 0x92, 0x39, 0xf2, 0x0, 0xcf, 0xff, 0xd5,
    0x0,

    /* U+0182 "Ƃ" */
    0xdf, 0xff, 0xf5, 0xd8, 0x33, 0x30, 0xd7, 0x0,
    0x0, 0xd7, 0x0, 0x0, 0xdf, 0xfe, 0xa1, 0xd8,
    0x24, 0xda, 0xd7, 0x0, 0x8d, 0xd8, 0x24, 0xda,
    0xdf, 0xfe, 0xa1,

    /* U+0183 "ƃ" */
    0xff, 0xff, 0xf3, 0xf5, 0x11, 0x10, 0xf4, 0x0,
    0x0, 0xf7, 0xde, 0x90, 0xfd, 0x34, 0xf6, 0xf6,
    0x0, 0x9b, 0xf4, 0x0, 0x8c, 0xf6, 0x0, 0x9b,
    0xfd, 0x34, 0xf6, 0xf5, 0xee, 0x90,

    /* U+0184 "Ƅ" */
    0xf5, 0x0, 0x0, 0xf, 0x50, 0x0, 0x0, 0xf5,
    0x0, 0x0, 0xf, 0x50, 0x0, 0x0, 0xff, 0xfe,
    0xb2, 0xf, 0x72, 0x4b, 0xe0, 0xe6, 0x0, 0x3f,
    0x1b, 0xc3, 0x3b, 0xe0, 0x1b, 0xff, 0xc3, 0x0,

    /* U+0185 "ƅ" */
    0xf, 0x40, 0x0, 0x0, 0xf4, 0x0, 0x0, 0xf,
    0x30, 0x0, 0x0, 0xf7, 0xee, 0x90, 0xf, 0xc3,
    0x4f, 0x60, 0xf5, 0x0, 0xaa, 0xf, 0x40, 0x8,
    0xc0, 0xe6, 0x0, 0xaa, 0x9, 0xd3, 0x4f, 0x50,
    0x9, 0xee, 0x70,

    /* U+0186 "Ɔ" */
    0x4d, 0xff, 0xb3, 0x3, 0x63, 0x5c, 0xf2, 0x0,
    0x0, 0xe, 0x90, 0x0, 0x0, 0x9d, 0x0, 0x0,
    0x7, 0xe0, 0x0, 0x0, 0x9c, 0x0, 0x0, 0xe,
    0x82, 0x53, 0x5c, 0xe1, 0x3d, 0xfe, 0xa2, 0x0,

    /* U+0187 "Ƈ" */
    0x0, 0x0, 0x0, 0x6e, 0x50, 0x0, 0x0, 0xd,
    0x61, 0x0, 0x5c, 0xfe, 0xf2, 0x0, 0x5f, 0x94,
    0x47, 0x0, 0xe, 0x90, 0x0, 0x0, 0x2, 0xf3,
    0x0, 0x0, 0x0, 0x4f, 0x20, 0x0, 0x0, 0x3,
    0xf3, 0x0, 0x0, 0x0, 0xf, 0x90, 0x0, 0x0,
    0x0, 0x7f, 0x83, 0x46, 0x0, 0x0, 0x6d, 0xfe,
    0xa0, 0x0,

    /* U+0188 "ƈ" */
    0x0, 0x0, 0x2e, 0x90, 0x0, 0x8, 0xa2, 0x0,
    0x0, 0x97, 0x0, 0x3c, 0xff, 0x60, 0xe, 0xa3,
    0x51, 0x4, 0xf1, 0x0, 0x0, 0x5f, 0x0, 0x0,
    0x4, 0xf1, 0x0, 0x0, 0xe, 0xa3, 0x42, 0x0,
    0x3c, 0xfe, 0x30,

    /* U+0189 "Ɖ" */
    0xd, 0xff, 0xeb, 0x30, 0x0, 0xd9, 0x24, 0xbf,
    0x30, 0xd, 0x80, 0x0, 0xcb, 0x0, 0xd8, 0x0,
    0x6, 0xf0, 0xaf, 0xff, 0x70, 0x5f, 0x1, 0xd9,
    0x21, 0x7, 0xf0, 0xd, 0x80, 0x0, 0xdb, 0x0,
    0xd9, 0x35, 0xcf, 0x20, 0xd, 0xff, 0xea, 0x20,
    0x0,

    /* U+018A "Ɗ" */
    0x6f, 0xff, 0xff, 0xb4, 0x0, 0xd7, 0xc9, 0x24,
    0xaf, 0x40, 0x51, 0xc8, 0x0, 0xa, 0xd0, 0x0,
    0xc8, 0x0, 0x5, 0xf1, 0x0, 0xc8, 0x0, 0x3,
    0xf2, 0x0, 0xc8, 0x0, 0x5, 0xf1, 0x0, 0xc8,
    0x0, 0xb, 0xd0, 0x0, 0xc9, 0x24, 0xbf, 0x40,
    0x0, 0xcf, 0xfe, 0xb3, 0x0,

    /* U+018B "Ƌ" */
    0xd, 0xff, 0xff, 0x50, 0x23, 0x33, 0xf5, 0x0,
    0x0, 0xf, 0x50, 0x0, 0x0, 0xf5, 0x4, 0xcf,
    0xff, 0x52, 0xf9, 0x32, 0xf5, 0x5f, 0x0, 0xf,
    0x53, 0xf8, 0x32, 0xf5, 0x6, 0xdf, 0xff, 0x50,

    /* U+018C "ƌ" */
    0xb, 0xff, 0xff, 0x70, 0x11, 0x11, 0xd7, 0x0,
    0x0, 0xd, 0x70, 0x3d, 0xf9, 0xd7, 0xe, 0x92,
    0x7f, 0x74, 0xf1, 0x0, 0xe7, 0x5f, 0x0, 0xc,
    0x74, 0xf1, 0x0, 0xe7, 0xe, 0x92, 0x7f, 0x70,
    0x4d, 0xf9, 0xa7,

    /* U+018D "ƍ" */
    0x1, 0xbf, 0xe7, 0x0, 0xcb, 0x25, 0xf6, 0x2f,
    0x20, 0x9, 0xb2, 0xf1, 0x0, 0x8c, 0xe, 0x70,
    0xd, 0x70, 0x4f, 0x8c, 0xb0, 0x0, 0x2c, 0xe2,
    0x0, 0x0, 0xa, 0xb0, 0x7, 0x41, 0xab, 0x0,
    0x7e, 0xfc, 0x20,

    /* U+018E "Ǝ" */
    0x4f, 0xff, 0xf8, 0x2, 0x22, 0xc8, 0x0, 0x0,
    0xc8, 0x0, 0x0, 0xc8, 0xf, 0xff, 0xf8, 0x2,
    0x22, 0xc8, 0x0, 0x0, 0xc8, 0x3, 0x33, 0xc8,
    0x4f, 0xff, 0xf8,

    /* U+018F "Ə" */
    0x5, 0xcf, 0xfd, 0x60, 0x0, 0x76, 0x43, 0x7f,
    0x80, 0x0, 0x0, 0x0, 0x6f, 0x10, 0x0, 0x0,
    0x0, 0xf4, 0x3f, 0xff, 0xff, 0xff, 0x62, 0xf5,
    0x33, 0x33, 0xf4, 0xe, 0x60, 0x0, 0x5f, 0x10,
    0x7e, 0x63, 0x6e, 0x90, 0x0, 0x7d, 0xfd, 0x70,
    0x0,

    /* U+0190 "Ɛ" */
    0x2, 0xbf, 0xea, 0x20, 0xdb, 0x23, 0x86, 0xf,
    0x50, 0x0, 0x0, 0xbb, 0x20, 0x0, 0x1, 0xbf,
    0xfb, 0x1, 0xea, 0x42, 0x10, 0x5f, 0x0, 0x0,
    0x3, 0xf8, 0x22, 0x46, 0x5, 0xdf, 0xfd, 0x70,

    /* U+0191 "Ƒ" */
    0x0, 0x9, 0xff, 0xff, 0x0, 0x0, 0x9c, 0x22,
    0x20, 0x0, 0x9, 0xb0, 0x0, 0x0, 0x0, 0x9b,
    0x0, 0x0, 0x0, 0x9, 0xff, 0xfc, 0x0, 0x0,
    0x9c, 0x22, 0x20, 0x0, 0x9, 0xb0, 0x0, 0x0,
    0x0, 0x9b, 0x0, 0x0, 0x0, 0x9, 0xb0, 0x0,
    0x1, 0x60, 0x9b, 0x0, 0x0, 0x2f, 0x3c, 0x90,
    0x0, 0x0, 0xaf, 0xc2, 0x0, 0x0,

    /* U+0192 "ƒ" */
    0x0, 0x1, 0xcf, 0xa0, 0x0, 0x8d, 0x21, 0x0,
    0xa, 0x90, 0x0, 0x9, 0xff, 0xf3, 0x0, 0xa,
    0x90, 0x0, 0x0, 0xa9, 0x0, 0x0, 0xa, 0x90,
    0x0, 0x0, 0xa9, 0x0, 0x0, 0xa, 0x90, 0x0,
    0x0, 0xa9, 0x0, 0x6, 0xa, 0x90, 0x0, 0xf3,
    0xc8, 0x0, 0x8, 0xfd, 0x10, 0x0,

    /* U+0193 "Ɠ" */
    0x0, 0x0, 0x0, 0xc, 0xd0, 0x0, 0x0, 0x4,
    0xd3, 0x0, 0x4b, 0xef, 0xeb, 0x0, 0x4f, 0xa4,
    0x36, 0x30, 0xe, 0xa0, 0x0, 0x0, 0x2, 0xf3,
    0x0, 0x0, 0x0, 0x4f, 0x10, 0x3f, 0xfd, 0x3,
    0xf3, 0x0, 0x39, 0xd0, 0xe, 0x80, 0x0, 0x7d,
    0x0, 0x7f, 0x83, 0x3a, 0xd0, 0x0, 0x6d, 0xff,
    0xd8, 0x0,

    /* U+0194 "Ɣ" */
    0xd8, 0x0, 0x6, 0xe0, 0x6e, 0x0, 0xc, 0x80,
    0x1f, 0x40, 0x2f, 0x20, 0xa, 0x90, 0x8c, 0x0,
    0x4, 0xf0, 0xe6, 0x0, 0x0, 0xe8, 0xf0, 0x0,
    0x0, 0x8f, 0xa0, 0x0, 0x0, 0x3f, 0x50, 0x0,
    0x0, 0x8f, 0x90, 0x0, 0x0, 0xc7, 0xe0, 0x0,
    0x0, 0xe5, 0xf0, 0x0, 0x0, 0x7f, 0x80, 0x0,

    /* U+0195 "ƕ" */
    0xf4, 0x0, 0x0, 0x0, 0x0, 0xf4, 0x0, 0x0,
    0x0, 0x0, 0xf4, 0x0, 0x0, 0x0, 0x0, 0xf7,
    0xef, 0x80, 0x0, 0xd7, 0xfd, 0x35, 0xf3, 0x0,
    0xd7, 0xf6, 0x0, 0xf5, 0x0, 0xd7, 0xf4, 0x0,
    0xe5, 0x0, 0xd7, 0xf4, 0x0, 0xe6, 0x0, 0xe6,
    0xf4, 0x0, 0xbc, 0x26, 0xf3, 0xf4, 0x0, 0x2c,
    0xfe, 0x70,

    /* U+0196 "Ɩ" */
    0xf6, 0x0, 0xf6, 0x0, 0xf6, 0x0, 0xf6, 0x0,
    0xf6, 0x0, 0xf6, 0x0, 0xe6, 0x0, 0xda, 0x31,
    0x6e, 0xf3,

    /* U+0197 "Ɨ" */
    0x8f, 0xfb, 0x9, 0xc0, 0x8, 0xc0, 0x8, 0xc0,
    0x9f, 0xfd, 0x19, 0xd2, 0x8, 0xc0, 0x8, 0xc0,
    0x7f, 0xfb,

    /* U+0198 "Ƙ" */
    0xd7, 0x0, 0x6e, 0x6d, 0x70, 0x4f, 0x51, 0xd7,
    0x1e, 0x60, 0xd, 0x7c, 0x90, 0x0, 0xde, 0xf9,
    0x0, 0xd, 0xb4, 0xf3, 0x0, 0xd7, 0x9, 0xd0,
    0xd, 0x70, 0xd, 0x90, 0xd7, 0x0, 0x4f, 0x30,

    /* U+0199 "ƙ" */
    0x7f, 0x60, 0x0, 0xf7, 0x10, 0x0, 0xf4, 0x0,
    0x0, 0xf4, 0x7, 0xe2, 0xf4, 0x5f, 0x30, 0xf7,
    0xf4, 0x0, 0xff, 0xf3, 0x0, 0xf6, 0x9d, 0x0,
    0xf4, 0xd, 0x90, 0xf4, 0x3, 0xf4,

    /* U+019A "ƚ" */
    0xf, 0x40, 0xf, 0x40, 0xf, 0x40, 0xf, 0x40,
    0xf, 0x40, 0xcf, 0xe2, 0x1f, 0x50, 0xf, 0x40,
    0xf, 0x40, 0xf, 0x40,

    /* U+019B "ƛ" */
    0x6, 0xfb, 0x1, 0x0, 0x1, 0x6f, 0xe9, 0x0,
    0x0, 0xab, 0xc0, 0x0, 0x0, 0x6, 0xf2, 0x0,
    0x0, 0xd, 0xe7, 0x0, 0x0, 0x3f, 0x7d, 0x0,
    0x0, 0x9a, 0x2f, 0x20, 0x1, 0xf3, 0xc, 0x70,
    0x6, 0xd0, 0x7, 0xd2, 0xd, 0x70, 0x1, 0xdb,

    /* U+019C "Ɯ" */
    0xf5, 0x0, 0x8c, 0x0, 0x1f, 0x3f, 0x50, 0x8,
    0xc0, 0x1, 0xf3, 0xf5, 0x0, 0x8c, 0x0, 0x1f,
    0x3f, 0x50, 0x8, 0xc0, 0x1, 0xf3, 0xf5, 0x0,
    0x8c, 0x0, 0x1f, 0x3f, 0x50, 0x8, 0xc0, 0x1,
    0xf3, 0xe6, 0x0, 0xad, 0x0, 0x3f, 0x3c, 0xc3,
    0x6e, 0xf5, 0x3c, 0xf3, 0x3d, 0xfc, 0x29, 0xfe,
    0x5d, 0x30,

    /* U+019D "Ɲ" */
    0x0, 0xde, 0x10, 0x0, 0xf2, 0x0, 0xdf, 0x90,
    0x0, 0xf2, 0x0, 0xd8, 0xf3, 0x0, 0xf2, 0x0,
    0xd4, 0xac, 0x0, 0xf2, 0x0, 0xd4, 0x2f, 0x50,
    0xf2, 0x0, 0xd5, 0x7, 0xe1, 0xf2, 0x0, 0xd5,
    0x0, 0xd8, 0xf2, 0x0, 0xd5, 0x0, 0x4f, 0xf2,
    0x0, 0xd5, 0x0, 0xb, 0xf2, 0x0, 0xd4, 0x0,
    0x0, 0x0, 0x4, 0xf3, 0x0, 0x0, 0x0, 0x2f,
    0xb0, 0x0, 0x0, 0x0,

    /* U+019E "ƞ" */
    0xf, 0x6d, 0xfa, 0x0, 0xfc, 0x12, 0xf5, 0xf,
    0x50, 0xc, 0x70, 0xf4, 0x0, 0xc7, 0xf, 0x40,
    0xc, 0x70, 0xf4, 0x0, 0xc7, 0xf, 0x40, 0xc,
    0x70, 0x0, 0x0, 0xc7, 0x0, 0x0, 0xc, 0x70,
    0x0, 0x0, 0xc7,

    /* U+019F "Ɵ" */
    0x0, 0x6d, 0xfe, 0x91, 0x0, 0x7f, 0x73, 0x4d,
    0xd0, 0xf, 0x70, 0x0, 0x1f, 0x53, 0xf2, 0x0,
    0x0, 0xc9, 0x4f, 0xff, 0xff, 0xff, 0xa3, 0xf4,
    0x22, 0x22, 0xc9, 0xf, 0x60, 0x0, 0x1f, 0x50,
    0x7f, 0x63, 0x4c, 0xd0, 0x0, 0x6d, 0xfe, 0x91,
    0x0,

    /* U+01A0 "Ơ" */
    0x0, 0x0, 0x0, 0x0, 0xab, 0x0, 0x6d, 0xfe,
    0x91, 0xc7, 0x7, 0xf8, 0x35, 0xde, 0xd0, 0xf,
    0x80, 0x0, 0x2f, 0x50, 0x3f, 0x30, 0x0, 0xc,
    0x90, 0x4f, 0x10, 0x0, 0xb, 0xa0, 0x3f, 0x30,
    0x0, 0xc, 0x90, 0xf, 0x80, 0x0, 0x2f, 0x50,
    0x7, 0xf8, 0x35, 0xdd, 0x0, 0x0, 0x6d, 0xfe,
    0x91, 0x0,

    /* U+01A1 "ơ" */
    0x0, 0x0, 0x0, 0x7e, 0x2, 0xbf, 0xd5, 0xc8,
    0xd, 0x92, 0x6f, 0xa0, 0x3f, 0x10, 0xb, 0x90,
    0x5f, 0x0, 0xa, 0xa0, 0x3f, 0x10, 0xb, 0x90,
    0xd, 0x92, 0x5f, 0x30, 0x2, 0xcf, 0xd5, 0x0,

    /* U+01A2 "Ƣ" */
    0x0, 0x7d, 0xfd, 0x62, 0xcf, 0xd3, 0x0, 0x7f,
    0x73, 0x6f, 0xe6, 0x3b, 0xd0, 0xf, 0x70, 0x0,
    0x6f, 0x0, 0x5f, 0x3, 0xf3, 0x0, 0x1, 0xf4,
    0x4, 0xf0, 0x4f, 0x10, 0x0, 0xf, 0x50, 0x4f,
    0x3, 0xf3, 0x0, 0x2, 0xf4, 0x4, 0xf0, 0xf,
    0x80, 0x0, 0x6f, 0x10, 0x4f, 0x0, 0x7f, 0x73,
    0x6f, 0x80, 0x4, 0xf0, 0x0, 0x7d, 0xfe, 0x70,
    0x0, 0x4f, 0x0,

    /* U+01A3 "ƣ" */
    0x2, 0xcf, 0xc4, 0xbf, 0xb0, 0xe, 0x92, 0x9f,
    0x53, 0xf5, 0x3f, 0x10, 0xf, 0x40, 0xc7, 0x5f,
    0x0, 0xe, 0x60, 0xc7, 0x4f, 0x10, 0xf, 0x40,
    0xc7, 0xe, 0x92, 0x9e, 0x0, 0xc7, 0x3, 0xcf,
    0xc3, 0x0, 0xc7, 0x0, 0x0, 0x0, 0x0, 0xc7,
    0x0, 0x0, 0x0, 0x0, 0xc7, 0x0, 0x0, 0x0,
    0x0, 0xc7,

    /* U+01A4 "Ƥ" */
    0x6f, 0xff, 0xfe, 0xa1, 0xd7, 0xc9, 0x25, 0xe9,
    0x31, 0xc8, 0x0, 0x8d, 0x0, 0xc8, 0x2, 0xd9,
    0x0, 0xcf, 0xff, 0xb1, 0x0, 0xc9, 0x21, 0x0,
    0x0, 0xc8, 0x0, 0x0, 0x0, 0xc8, 0x0, 0x0,
    0x0, 0xc8, 0x0, 0x0,

    /* U+01A5 "ƥ" */
    0x7f, 0x60, 0x0, 0xf7, 0x10, 0x0, 0xf4, 0x0,
    0x0, 0xf7, 0xde, 0x90, 0xfc, 0x34, 0xf6, 0xf6,
    0x0, 0x9b, 0xf4, 0x0, 0x8c, 0xf6, 0x0, 0xab,
    0xfd, 0x34, 0xf6, 0xf8, 0xde, 0x90, 0xf4, 0x0,
    0x0, 0xf4, 0x0, 0x0, 0xf4, 0x0, 0x0,

    /* U+01A6 "Ʀ" */
    0xd7, 0x0, 0x0, 0xd, 0xff, 0xe9, 0x0, 0xd8,
    0x35, 0xe8, 0xd, 0x70, 0xa, 0xb0, 0xd7, 0x2,
    0xe7, 0xd, 0xff, 0xf9, 0x0, 0xd8, 0x2e, 0x70,
    0xd, 0x70, 0x7e, 0x0, 0xd7, 0x0, 0xe7, 0x0,
    0x0, 0x7, 0xe0, 0x0, 0x0, 0x18, 0x20,

    /* U+01A7 "Ƨ" */
    0x9, 0xef, 0xc3, 0x0, 0x64, 0x3b, 0xd0, 0x0,
    0x0, 0x5f, 0x0, 0x0, 0x4d, 0xb0, 0x4, 0xdf,
    0x90, 0x3, 0xf8, 0x10, 0x0, 0x6e, 0x0, 0x0,
    0x3, 0xf7, 0x35, 0x90, 0x6, 0xdf, 0xea, 0x0,

    /* U+01A8 "ƨ" */
    0xc, 0xfe, 0x80, 0x5, 0x23, 0xf2, 0x0, 0x19,
    0xf1, 0x8, 0xfc, 0x30, 0x5f, 0x30, 0x0, 0x6e,
    0x21, 0x51, 0xa, 0xef, 0xc1,

    /* U+01A9 "Ʃ" */
    0x7f, 0xff, 0xff, 0x52, 0xf9, 0x22, 0x20, 0x5,
    0xf3, 0x0, 0x0, 0x7, 0xe2, 0x0, 0x0, 0x1f,
    0x50, 0x0, 0xb, 0xa0, 0x0, 0x8, 0xd0, 0x0,
    0x4, 0xf5, 0x33, 0x31, 0x9f, 0xff, 0xff, 0x70,

    /* U+01AA "ƪ" */
    0xa, 0xfa, 0x0, 0x0, 0xf3, 0xf2, 0x0, 0xa,
    0xff, 0x30, 0x0, 0x1, 0xf3, 0x0, 0x0, 0x1f,
    0x30, 0x0, 0x1, 0xf3, 0x0, 0x0, 0x1f, 0x30,
    0x0, 0x1, 0xf3, 0x0, 0x0, 0x1f, 0x30, 0x0,
    0x1, 0xf3, 0x0, 0x0, 0x1f, 0x30, 0x0, 0x0,
    0xf7, 0x20, 0x0, 0x7, 0xee, 0x10,

    /* U+01AB "ƫ" */
    0x3, 0x30, 0x0, 0xb6, 0x0, 0x9f, 0xff, 0x40,
    0xe6, 0x0, 0xe, 0x60, 0x0, 0xe6, 0x0, 0xe,
    0x60, 0x0, 0xda, 0x21, 0x5, 0xef, 0x40, 0x0,
    0xd4, 0x0, 0x2e, 0x40, 0xe, 0xc0,

    /* U+01AC "Ƭ" */
    0x6e, 0xff, 0xff, 0xed, 0x73, 0xf7, 0x32, 0x61,
    0xf, 0x50, 0x0, 0x0, 0xf5, 0x0, 0x0, 0xf,
    0x50, 0x0, 0x0, 0xf5, 0x0, 0x0, 0xf, 0x50,
    0x0, 0x0, 0xf5, 0x0, 0x0, 0xf, 0x50, 0x0,

    /* U+01AD "ƭ" */
    0x4, 0xee, 0x0, 0xca, 0x30, 0xe, 0x60, 0x9,
    0xff, 0xf4, 0xe, 0x60, 0x0, 0xe6, 0x0, 0xe,
    0x60, 0x0, 0xe6, 0x0, 0xd, 0xa2, 0x10, 0x5e,
    0xf3,

    /* U+01AE "Ʈ" */
    0xdf, 0xff, 0xff, 0x92, 0x36, 0xf3, 0x31, 0x0,
    0x4f, 0x0, 0x0, 0x4, 0xf0, 0x0, 0x0, 0x4f,
    0x0, 0x0, 0x4, 0xf0, 0x0, 0x0, 0x4f, 0x0,
    0x0, 0x4, 0xf0, 0x0, 0x0, 0x4f, 0x0, 0x0,
    0x4, 0xf0, 0x0, 0x0, 0x3f, 0x51, 0x0, 0x0,
    0xbf, 0x40,

    /* U+01AF "Ư" */
    0x0, 0x0, 0x0, 0x5, 0xf0, 0xf5, 0x0, 0x8,
    0xc8, 0xa0, 0xf5, 0x0, 0x8, 0xfc, 0x10, 0xf5,
    0x0, 0x8, 0xc0, 0x0, 0xf5, 0x0, 0x8, 0xc0,
    0x0, 0xf5, 0x0, 0x8, 0xc0, 0x0, 0xe5, 0x0,
    0x8, 0xc0, 0x0, 0xd8, 0x0, 0xa, 0xb0, 0x0,
    0x7f, 0x63, 0x6f, 0x50, 0x0, 0x7, 0xdf, 0xd6,
    0x0, 0x0,

    /* U+01B0 "ư" */
    0x0, 0x0, 0x0, 0xa, 0xb1, 0xf3, 0x0, 0xbb,
    0xe5, 0x1f, 0x30, 0xb, 0xd5, 0x1, 0xf3, 0x0,
    0xb8, 0x0, 0x1f, 0x30, 0xb, 0x80, 0x1, 0xf3,
    0x0, 0xd8, 0x0, 0xe, 0x80, 0x5f, 0x80, 0x0,
    0x5d, 0xfa, 0xa8, 0x0,

    /* U+01B1 "Ʊ" */
    0x9f, 0xff, 0x9, 0xff, 0xf1, 0x3d, 0x80, 0x3e,
    0x62, 0x9, 0xb0, 0x0, 0x5e, 0x0, 0xf4, 0x0,
    0x0, 0xe6, 0x3f, 0x20, 0x0, 0xb, 0x93, 0xf2,
    0x0, 0x0, 0xca, 0x1f, 0x70, 0x0, 0x1f, 0x70,
    0x8f, 0x73, 0x5d, 0xe1, 0x0, 0x7d, 0xfe, 0xa1,
    0x0,

    /* U+01B2 "Ʋ" */
    0xf5, 0x0, 0xfe, 0x5f, 0x50, 0x1, 0xac, 0xf5,
    0x0, 0x9, 0xbf, 0x50, 0x0, 0xa9, 0xf5, 0x0,
    0xd, 0x6f, 0x50, 0x3, 0xf1, 0xe5, 0x0, 0xba,
    0xb, 0xb3, 0x9e, 0x10, 0x3d, 0xfb, 0x20, 0x0,

    /* U+01B3 "Ƴ" */
    0xba, 0x0, 0xa, 0xf0, 0x3f, 0x20, 0x4f, 0x20,
    0xb, 0xa0, 0xb8, 0x0, 0x3, 0xf5, 0xf1, 0x0,
    0x0, 0xbf, 0x90, 0x0, 0x0, 0x3f, 0x30, 0x0,
    0x0, 0x2f, 0x20, 0x0, 0x0, 0x2f, 0x20, 0x0,
    0x0, 0x2f, 0x20, 0x0,

    /* U+01B4 "ƴ" */
    0xc9, 0x0, 0x1d, 0xb6, 0xe0, 0x7, 0xe2, 0x1f,
    0x40, 0xc8, 0x0, 0xa9, 0x1f, 0x20, 0x4, 0xe7,
    0xc0, 0x0, 0xe, 0xe7, 0x0, 0x0, 0x8f, 0x10,
    0x0, 0x8, 0xb0, 0x0, 0x14, 0xf5, 0x0, 0xb,
    0xf8, 0x0, 0x0,

    /* U+01B5 "Ƶ" */
    0x7f, 0xff, 0xff, 0x51, 0x33, 0x38, 0xf1, 0x0,
    0x1, 0xe7, 0x0, 0x0, 0x9d, 0x0, 0x1f, 0xff,
    0xfd, 0x0, 0x2e, 0x92, 0x10, 0x8, 0xd0, 0x0,
    0x4, 0xf6, 0x33, 0x31, 0x9f, 0xff, 0xff, 0x70,

    /* U+01B6 "ƶ" */
    0x5f, 0xff, 0xf2, 0x0, 0x8, 0xd0, 0x0, 0x1f,
    0x40, 0x5e, 0xff, 0xe1, 0x7, 0xe2, 0x10, 0x2f,
    0x40, 0x0, 0x8f, 0xff, 0xf4,

    /* U+01B7 "Ʒ" */
    0x5f, 0xff, 0xff, 0x11, 0x33, 0x4e, 0x90, 0x0,
    0xc, 0xa0, 0x0, 0xb, 0xb0, 0x0, 0x3, 0xfe,
    0xb4, 0x0, 0x1, 0x28, 0xf3, 0x0, 0x0, 0xf,
    0x65, 0x42, 0x28, 0xf2, 0x5d, 0xff, 0xc4, 0x0,

    /* U+01B8 "Ƹ" */
    0xf, 0xff, 0xff, 0x60, 0x7f, 0x53, 0x31, 0x0,
    0x4e, 0x40, 0x0, 0x3b, 0xff, 0x0, 0x1e, 0xa3,
    0x10, 0x5, 0xf0, 0x0, 0x0, 0x5f, 0x0, 0x0,
    0x1, 0xfa, 0x32, 0x56, 0x3, 0xcf, 0xfd, 0x60,

    /* U+01B9 "ƹ" */
    0x3f, 0xff, 0xfe, 0x0, 0xbb, 0x11, 0x10, 0x0,
    0xd7, 0x0, 0x0, 0x1, 0xe5, 0x0, 0x6, 0xef,
    0xc0, 0x3, 0xf6, 0x0, 0x0, 0x8c, 0x0, 0x0,
    0x8, 0xd0, 0x0, 0x0, 0x3f, 0x82, 0x37, 0x0,
    0x5d, 0xfe, 0xb0,

    /* U+01BA "ƺ" */
    0x9f, 0xff, 0xf5, 0x1, 0x2d, 0xb0, 0x1, 0xca,
    0x0, 0x7, 0xff, 0xa0, 0x0, 0x3, 0xe7, 0x0,
    0x0, 0xa9, 0x0, 0x1, 0xe7, 0x2c, 0xff, 0xb0,
    0x8c, 0x43, 0x30, 0x2c, 0xfe, 0xa0,

    /* U+01BB "ƻ" */
    0x8, 0xee, 0x90, 0x2, 0xd4, 0x4f, 0x50, 0x0,
    0x0, 0xb9, 0x0, 0x0, 0xc, 0x80, 0x0, 0x1,
    0xf5, 0x2, 0xee, 0xef, 0xe3, 0x1, 0x6f, 0x31,
    0x0, 0x3f, 0x40, 0x0, 0x2f, 0x61, 0x11, 0x8,
    0xff, 0xff, 0xf4,

    /* U+01BC "Ƽ" */
    0x9f, 0xff, 0xff, 0x11, 0x9d, 0x33, 0x30, 0x7,
    0xd0, 0x0, 0x0, 0x7f, 0xfb, 0x30, 0x1, 0x23,
    0xbe, 0x10, 0x0, 0x0, 0xf5, 0x0, 0x0, 0x1f,
    0x46, 0x52, 0x3b, 0xe0, 0x5d, 0xfe, 0xb2, 0x0,

    /* U+01BD "ƽ" */
    0x7f, 0xff, 0xf4, 0x9, 0xa1, 0x10, 0x9, 0xfd,
    0x80, 0x1, 0x14, 0xe6, 0x0, 0x0, 0xb8, 0x54,
    0x14, 0xe5, 0x6e, 0xfe, 0x70,

    /* U+01BE "ƾ" */
    0x0, 0x60, 0x0, 0x3, 0xd0, 0x0, 0x5f, 0xff,
    0xa0, 0x6, 0xd0, 0x0, 0x5, 0xf1, 0x0, 0x0,
    0xbf, 0x60, 0x0, 0x6, 0xf0, 0x43, 0x15, 0xf0,
    0x5e, 0xfd, 0x50,

    /* U+01BF "ƿ" */
    0xf5, 0xee, 0x80, 0xfc, 0x35, 0xf5, 0xf5, 0x0,
    0xc9, 0xf4, 0x0, 0xc9, 0xf4, 0x3, 0xf4, 0xf5,
    0x6e, 0xa0, 0xff, 0xd7, 0x0, 0xf4, 0x0, 0x0,
    0xf4, 0x0, 0x0, 0xf4, 0x0, 0x0,

    /* U+01C0 "ǀ" */
    0x97, 0x97, 0x97, 0x97, 0x97, 0x97, 0x97, 0x97,
    0x97, 0x97,

    /* U+01C1 "ǁ" */
    0x97, 0xd, 0x39, 0x70, 0xd3, 0x97, 0xd, 0x39,
    0x70, 0xd3, 0x97, 0xd, 0x39, 0x70, 0xd3, 0x97,
    0xd, 0x39, 0x70, 0xd3, 0x97, 0xd, 0x39, 0x70,
    0xd3,

    /* U+01C2 "ǂ" */
    0x0, 0x69, 0x0, 0x0, 0x69, 0x0, 0x0, 0x69,
    0x0, 0x4f, 0xff, 0xf7, 0x0, 0x69, 0x0, 0x0,
    0x69, 0x0, 0x3e, 0xff, 0xe6, 0x1, 0x7a, 0x10,
    0x0, 0x69, 0x0, 0x0, 0x69, 0x0,

    /* U+01C3 "ǃ" */
    0x1f, 0x50, 0xf5, 0xf, 0x40, 0xf3, 0xe, 0x20,
    0xd2, 0x5, 0x1, 0xb3, 0x1e, 0x40,

    /* U+01C4 "Ǆ" */
    0x0, 0x0, 0x0, 0x0, 0xa, 0x73, 0xd2, 0x0,
    0x0, 0x0, 0x0, 0x0, 0xd, 0xf3, 0x0, 0x0,
    0x0, 0x0, 0x0, 0x0, 0x0, 0x0, 0xe, 0xff,
    0xeb, 0x30, 0xc, 0xff, 0xff, 0xf0, 0xe8, 0x24,
    0xbf, 0x30, 0x12, 0x22, 0xdb, 0xe, 0x60, 0x0,
    0xcb, 0x0, 0x0, 0x6f, 0x10, 0xe6, 0x0, 0x6,
    0xf0, 0x0, 0x1e, 0x60, 0xe, 0x60, 0x0, 0x5f,
    0x0, 0xa, 0xc0, 0x0, 0xe6, 0x0, 0x7, 0xf0,
    0x4, 0xf2, 0x0, 0xe, 0x60, 0x0, 0xdb, 0x0,
    0xe7, 0x0, 0x0, 0xe8, 0x35, 0xcf, 0x20, 0x9e,
    0x32, 0x22, 0xe, 0xff, 0xea, 0x20, 0xe, 0xff,
    0xff, 0xf2,

    /* U+01C5 "ǅ" */
    0x0, 0x0, 0x0, 0x0, 0x4c, 0x8, 0x90, 0xef,
    0xfe, 0xb3, 0x0, 0x8, 0xdd, 0x0, 0xe8, 0x24,
    0xbf, 0x30, 0x0, 0x52, 0x0, 0xe6, 0x0, 0xc,
    0xb0, 0x9f, 0xff, 0xf0, 0xe6, 0x0, 0x6, 0xf0,
    0x0, 0xc, 0x90, 0xe6, 0x0, 0x5, 0xf0, 0x0,
    0x6d, 0x0, 0xe6, 0x0, 0x7, 0xf0, 0x1, 0xf3,
    0x0, 0xe6, 0x0, 0xd, 0xb0, 0xb, 0x90, 0x0,
    0xe8, 0x35, 0xcf, 0x20, 0x6e, 0x32, 0x20, 0xef,
    0xfe, 0xa2, 0x0, 0xcf, 0xff, 0xf0,

    /* U+01C6 "ǆ" */
    0x0, 0x0, 0xd, 0x70, 0x89, 0x1c, 0x30, 0x0,
    0x0, 0xd7, 0x0, 0xcf, 0x70, 0x0, 0x0, 0xc,
    0x70, 0x1, 0x30, 0x0, 0x3d, 0xf9, 0xc7, 0xe,
    0xff, 0xfa, 0xe, 0xa2, 0x7f, 0x70, 0x12, 0x3f,
    0x53, 0xf1, 0x0, 0xe7, 0x0, 0xb, 0xa0, 0x5f,
    0x0, 0xc, 0x70, 0x6, 0xe1, 0x3, 0xf1, 0x0,
    0xd7, 0x2, 0xf4, 0x0, 0xe, 0x92, 0x6f, 0x70,
    0xcb, 0x11, 0x10, 0x4d, 0xf9, 0xa7, 0x1f, 0xff,
    0xfb,

    /* U+01C7 "Ǉ" */
    0xe6, 0x0, 0x0, 0x7d, 0xe6, 0x0, 0x0, 0x7d,
    0xe6, 0x0, 0x0, 0x7d, 0xe6, 0x0, 0x0, 0x7d,
    0xe6, 0x0, 0x0, 0x7d, 0xe6, 0x0, 0x0, 0x7d,
    0xe6, 0x0, 0x0, 0x7d, 0xe8, 0x33, 0x30, 0x7d,
    0xef, 0xff, 0xf1, 0x7c, 0x0, 0x0, 0x0, 0xca,
    0x0, 0x0, 0x7f, 0xe2, 0x0, 0x0, 0x2, 0x0,

    /* U+01C8 "ǈ" */
    0x0, 0x0, 0x0, 0x89, 0xe6, 0x0, 0x0, 0x34,
    0xe6, 0x0, 0x0, 0x0, 0xe6, 0x0, 0x0, 0x9b,
    0xe6, 0x0, 0x0, 0x9b, 0xe6, 0x0, 0x0, 0x9b,
    0xe6, 0x0, 0x0, 0x9b, 0xe6, 0x0, 0x0, 0x9b,
    0xe8, 0x33, 0x30, 0x9b, 0xef, 0xff, 0xf1, 0x9b,
    0x0, 0x0, 0x0, 0x9a, 0x0, 0x0, 0x2, 0xc9,
    0x0, 0x0, 0x3f, 0xd2,

    /* U+01C9 "ǉ" */
    0xf, 0x40, 0xb7, 0xf, 0x40, 0x74, 0xf, 0x40,
    0x0, 0xf, 0x40, 0xc8, 0xf, 0x40, 0xc8, 0xf,
    0x40, 0xc8, 0xf, 0x40, 0xc8, 0xf, 0x40, 0xc8,
    0xf, 0x40, 0xc8, 0xf, 0x40, 0xc8, 0x0, 0x0,
    0xc8, 0x0, 0x12, 0xe6, 0x0, 0x5f, 0xc1,

    /* U+01CA "Ǌ" */
    0xde, 0x10, 0x0, 0xf2, 0x9, 0xbd, 0xf9, 0x0,
    0xf, 0x20, 0x9b, 0xd8, 0xf3, 0x0, 0xf2, 0x9,
    0xbd, 0x4a, 0xc0, 0xf, 0x20, 0x9b, 0xd4, 0x2f,
    0x50, 0xf2, 0x9, 0xbd, 0x50, 0x7e, 0xf, 0x20,
    0x9b, 0xd5, 0x0, 0xd8, 0xf2, 0x9, 0xbd, 0x50,
    0x4, 0xff, 0x20, 0x9b, 0xd5, 0x0, 0xb, 0xf2,
    0x9, 0xa0, 0x0, 0x0, 0x0, 0x1, 0xd8, 0x0,
    0x0, 0x0, 0x9, 0xfd, 0x10, 0x0, 0x0, 0x0,
    0x2, 0x0,

    /* U+01CB "ǋ" */
    0x0, 0x0, 0x0, 0x0, 0xa, 0x8d, 0xe1, 0x0,
    0xf, 0x20, 0x43, 0xdd, 0x90, 0x0, 0xf2, 0x0,
    0xd, 0x6f, 0x30, 0xf, 0x20, 0xb9, 0xd4, 0x8c,
    0x0, 0xf2, 0xb, 0x9d, 0x50, 0xe5, 0xf, 0x20,
    0xb9, 0xd5, 0x6, 0xe0, 0xf2, 0xb, 0x9d, 0x50,
    0xc, 0x8f, 0x20, 0xb9, 0xd5, 0x0, 0x4f, 0xf2,
    0xb, 0x9d, 0x50, 0x0, 0xbf, 0x20, 0xb9, 0x0,
    0x0, 0x0, 0x0, 0xb, 0x80, 0x0, 0x0, 0x0,
    0x12, 0xd7, 0x0, 0x0, 0x0, 0x4, 0xfc, 0x10,

    /* U+01CC "ǌ" */
    0x0, 0x0, 0x0, 0x0, 0x6b, 0x0, 0x0, 0x0,
    0x0, 0x25, 0x0, 0x0, 0x0, 0x0, 0x0, 0xf,
    0x5d, 0xfa, 0x0, 0x7d, 0xf, 0xd3, 0x4f, 0x60,
    0x7d, 0xf, 0x60, 0xb, 0x90, 0x7d, 0xf, 0x40,
    0xa, 0x90, 0x7d, 0xf, 0x40, 0xa, 0x90, 0x7d,
    0xf, 0x40, 0xa, 0x90, 0x7d, 0xf, 0x40, 0xa,
    0x90, 0x7d, 0x0, 0x0, 0x0, 0x0, 0x7c, 0x0,
    0x0, 0x0, 0x2, 0xab, 0x0, 0x0, 0x0, 0x1f,
    0xe3,

    /* U+01CD "Ǎ" */
    0x0, 0xc4, 0x6c, 0x0, 0x0, 0x2e, 0xe1, 0x0,
    0x0, 0x0, 0x0, 0x0, 0x0, 0xe, 0xc0, 0x0,
    0x0, 0x4d, 0xf2, 0x0, 0x0, 0xa8, 0xb7, 0x0,
    0x0, 0xf3, 0x5d, 0x0, 0x6, 0xd0, 0xf, 0x30,
    0xb, 0xff, 0xff, 0x90, 0x1f, 0x43, 0x36, 0xe0,
    0x7d, 0x0, 0x0, 0xf4, 0xd8, 0x0, 0x0, 0xaa,

    /* U+01CE "ǎ" */
    0x6, 0xb1, 0xb5, 0x0, 0xaf, 0x90, 0x0, 0x3,
    0x0, 0x6, 0xdf, 0xd3, 0x4, 0x41, 0xac, 0x0,
    0x0, 0x5e, 0x7, 0xcd, 0xee, 0x5f, 0x20, 0x5e,
    0x6e, 0x10, 0xbe, 0xb, 0xfd, 0x6e,

    /* U+01CF "Ǐ" */
    0xb, 0x74, 0xd1, 0x0, 0xdf, 0x30, 0x0, 0x0,
    0x0, 0x7, 0xff, 0xb0, 0x0, 0x8c, 0x0, 0x0,
    0x8c, 0x0, 0x0, 0x8c, 0x0, 0x0, 0x8c, 0x0,
    0x0, 0x8c, 0x0, 0x0, 0x8c, 0x0, 0x0, 0x8c,
    0x0, 0x7, 0xff, 0xb0,

    /* U+01D0 "ǐ" */
    0x3c, 0x19, 0x80, 0x7f, 0xb0, 0x0, 0x10, 0x0,
    0xf, 0x40, 0x0, 0xf4, 0x0, 0xf, 0x40, 0x0,
    0xf4, 0x0, 0xf, 0x40, 0x0, 0xf4, 0x0, 0xf,
    0x40,

    /* U+01D1 "Ǒ" */
    0x0, 0x2d, 0x29, 0x90, 0x0, 0x0, 0x4f, 0xc0,
    0x0, 0x0, 0x0, 0x0, 0x0, 0x0, 0x6, 0xdf,
    0xe9, 0x10, 0x7, 0xf8, 0x35, 0xdd, 0x0, 0xf8,
    0x0, 0x2, 0xf5, 0x3f, 0x30, 0x0, 0xc, 0x94,
    0xf1, 0x0, 0x0, 0xba, 0x3f, 0x30, 0x0, 0xc,
    0x90, 0xf8, 0x0, 0x2, 0xf5, 0x7, 0xf8, 0x35,
    0xdd, 0x0, 0x6, 0xdf, 0xe9, 0x10,

    /* U+01D2 "ǒ" */
    0x3, 0xd1, 0x89, 0x0, 0x7, 0xfd, 0x0, 0x0,
    0x3, 0x10, 0x0, 0x2b, 0xfd, 0x50, 0xd, 0xa2,
    0x6f, 0x33, 0xf1, 0x0, 0xc9, 0x5f, 0x0, 0xa,
    0xa3, 0xf1, 0x0, 0xc8, 0xd, 0x92, 0x5f, 0x30,
    0x2c, 0xfd, 0x50,

    /* U+01D3 "Ǔ" */
    0x6, 0xb2, 0xc4, 0x0, 0x9, 0xf7, 0x0, 0x0,
    0x0, 0x0, 0xf, 0x50, 0x0, 0x8c, 0xf5, 0x0,
    0x8, 0xcf, 0x50, 0x0, 0x8c, 0xf5, 0x0, 0x8,
    0xcf, 0x50, 0x0, 0x8c, 0xe5, 0x0, 0x8, 0xcd,
    0x80, 0x0, 0xaa, 0x7f, 0x63, 0x7f, 0x50, 0x7d,
    0xfd, 0x60,

    /* U+01D4 "ǔ" */
    0x2, 0xd2, 0x7a, 0x0, 0x4, 0xfd, 0x0, 0x0,
    0x1, 0x0, 0x1, 0xf3, 0x0, 0xb8, 0x1f, 0x30,
    0xb, 0x81, 0xf3, 0x0, 0xb8, 0x1f, 0x30, 0xb,
    0x81, 0xf3, 0x0, 0xd8, 0xe, 0x80, 0x5f, 0x80,
    0x5d, 0xfa, 0xa8,

    /* U+01D5 "Ǖ" */
    0x6, 0xff, 0xf4, 0x0, 0x0, 0x0, 0x0, 0x3,
    0xc0, 0xe1, 0x0, 0x2, 0x2, 0x0, 0xf5, 0x0,
    0x8, 0xcf, 0x50, 0x0, 0x8c, 0xf5, 0x0, 0x8,
    0xcf, 0x50, 0x0, 0x8c, 0xf5, 0x0, 0x8, 0xce,
    0x50, 0x0, 0x8c, 0xd8, 0x0, 0xa, 0xa7, 0xf6,
    0x37, 0xf5, 0x7, 0xdf, 0xd6, 0x0,

    /* U+01D6 "ǖ" */
    0x1, 0xff, 0xf9, 0x0, 0x0, 0x0, 0x0, 0x0,
    0xd2, 0x96, 0x0, 0x3, 0x2, 0x10, 0x1f, 0x30,
    0xb, 0x81, 0xf3, 0x0, 0xb8, 0x1f, 0x30, 0xb,
    0x81, 0xf3, 0x0, 0xb8, 0x1f, 0x30, 0xd, 0x80,
    0xe8, 0x5, 0xf8, 0x5, 0xdf, 0xaa, 0x80,

    /* U+01D7 "Ǘ" */
    0x0, 0x2, 0x81, 0x0, 0x0, 0xaa, 0x0, 0x0,
    0x16, 0x0, 0x0, 0x3c, 0xe, 0x10, 0x0, 0x20,
    0x20, 0xf, 0x50, 0x0, 0x8c, 0xf5, 0x0, 0x8,
    0xcf, 0x50, 0x0, 0x8c, 0xf5, 0x0, 0x8, 0xcf,
    0x50, 0x0, 0x8c, 0xe5, 0x0, 0x8, 0xcd, 0x80,
    0x0, 0xaa, 0x7f, 0x63, 0x7f, 0x50, 0x7d, 0xfd,
    0x60,

    /* U+01D8 "ǘ" */
    0x0, 0x3, 0xe4, 0x0, 0x0, 0x62, 0x0, 0x0,
    0xd2, 0x96, 0x0, 0x3, 0x2, 0x10, 0x1f, 0x30,
    0xb, 0x81, 0xf3, 0x0, 0xb8, 0x1f, 0x30, 0xb,
    0x81, 0xf3, 0x0, 0xb8, 0x1f, 0x30, 0xd, 0x80,
    0xe8, 0x5, 0xf8, 0x5, 0xdf, 0xaa, 0x80,

    /* U+01D9 "Ǚ" */
    0x4, 0x30, 0x43, 0x0, 0x1d, 0xac, 0x0, 0x0,
    0x38, 0x10, 0x0, 0x3c, 0xe, 0x10, 0x0, 0x20,
    0x20, 0xf, 0x50, 0x0, 0x8c, 0xf5, 0x0, 0x8,
    0xcf, 0x50, 0x0, 0x8c, 0xf5, 0x0, 0x8, 0xcf,
    0x50, 0x0, 0x8c, 0xe5, 0x0, 0x8, 0xcd, 0x80,
    0x0, 0xaa, 0x7f, 0x63, 0x7f, 0x50, 0x7d, 0xfd,
    0x60,

    /* U+01DA "ǚ" */
    0x1, 0xb6, 0xa6, 0x0, 0x1, 0x74, 0x0, 0x0,
    0xd2, 0x96, 0x0, 0x3, 0x2, 0x10, 0x1f, 0x30,
    0xb, 0x81, 0xf3, 0x0, 0xb8, 0x1f, 0x30, 0xb,
    0x81, 0xf3, 0x0, 0xb8, 0x1f, 0x30, 0xd, 0x80,
    0xe8, 0x5, 0xf8, 0x5, 0xdf, 0xaa, 0x80,

    /* U+01DB "Ǜ" */
    0x3, 0x70, 0x0, 0x0, 0xb, 0x80, 0x0, 0x0,
    0x7, 0x0, 0x0, 0x3c, 0xe, 0x10, 0x0, 0x20,
    0x20, 0xf, 0x50, 0x0, 0x8c, 0xf5, 0x0, 0x8,
    0xcf, 0x50, 0x0, 0x8c, 0xf5, 0x0, 0x8, 0xcf,
    0x50, 0x0, 0x8c, 0xe5, 0x0, 0x8, 0xcd, 0x80,
    0x0, 0xaa, 0x7f, 0x63, 0x7f, 0x50, 0x7d, 0xfd,
    0x60,

    /* U+01DC "ǜ" */
    0x0, 0xba, 0x0, 0x0, 0x0, 0x62, 0x0, 0x0,
    0xd2, 0x96, 0x0, 0x3, 0x2, 0x10, 0x1f, 0x30,
    0xb, 0x81, 0xf3, 0x0, 0xb8, 0x1f, 0x30, 0xb,
    0x81, 0xf3, 0x0, 0xb8, 0x1f, 0x30, 0xd, 0x80,
    0xe8, 0x5, 0xf8, 0x5, 0xdf, 0xaa, 0x80,

    /* U+01DD "ǝ" */
    0xb, 0xef, 0xa1, 0x0, 0x52, 0x3c, 0xc0, 0x0,
    0x0, 0x2f, 0x25, 0xee, 0xee, 0xf3, 0x5f, 0x11,
    0x4f, 0x21, 0xf6, 0x1a, 0xc0, 0x4, 0xdf, 0xb1,
    0x0,

    /* U+01DE "Ǟ" */
    0x0, 0xef, 0xfb, 0x0, 0x0, 0x0, 0x0, 0x0,
    0x0, 0xc4, 0x79, 0x0, 0x0, 0x20, 0x11, 0x0,
    0x0, 0xe, 0xc0, 0x0, 0x0, 0x4d, 0xf2, 0x0,
    0x0, 0xa8, 0xb7, 0x0, 0x0, 0xf3, 0x5d, 0x0,
    0x6, 0xd0, 0xf, 0x30, 0xb, 0xff, 0xff, 0x90,
    0x1f, 0x43, 0x36, 0xe0, 0x7d, 0x0, 0x0, 0xf4,
    0xd8, 0x0, 0x0, 0xaa,

    /* U+01DF "ǟ" */
    0x6, 0xff, 0xf4, 0x0, 0x0, 0x0, 0x3, 0xc0,
    0xe1, 0x0, 0x30, 0x40, 0x6, 0xdf, 0xd3, 0x4,
    0x41, 0xac, 0x0, 0x0, 0x5e, 0x7, 0xcd, 0xee,
    0x5f, 0x20, 0x5e, 0x6e, 0x10, 0xbe, 0xb, 0xfd,
    0x6e,

    /* U+01E0 "Ǡ" */
    0x0, 0xff, 0xfc, 0x0, 0x0, 0x0, 0x0, 0x0,
    0x0, 0xa, 0x70, 0x0, 0x0, 0x2, 0x10, 0x0,
    0x0, 0xe, 0xc0, 0x0, 0x0, 0x4d, 0xf2, 0x0,
    0x0, 0xa8, 0xb7, 0x0, 0x0, 0xf3, 0x5d, 0x0,
    0x6, 0xd0, 0xf, 0x30, 0xb, 0xff, 0xff, 0x90,
    0x1f, 0x43, 0x36, 0xe0, 0x7d, 0x0, 0x0, 0xf4,
    0xd8, 0x0, 0x0, 0xaa,

    /* U+01E1 "ǡ" */
    0x6, 0xff, 0xf4, 0x0, 0x0, 0x0, 0x0, 0x2e,
    0x0, 0x0, 0x5, 0x0, 0x6, 0xdf, 0xd3, 0x4,
    0x41, 0xac, 0x0, 0x0, 0x5e, 0x7, 0xcd, 0xee,
    0x5f, 0x20, 0x5e, 0x6e, 0x10, 0xbe, 0xb, 0xfd,
    0x6e,

    /* U+01E2 "Ǣ" */
    0x0, 0x0, 0xe, 0xff, 0xc0, 0x0, 0x0, 0x0,
    0x0, 0x0, 0x0, 0x0, 0x0, 0x0, 0x3f, 0xff,
    0xff, 0xf1, 0x0, 0x0, 0xa9, 0x9c, 0x22, 0x20,
    0x0, 0x2, 0xf2, 0x8c, 0x0, 0x0, 0x0, 0x9,
    0xa0, 0x8c, 0x0, 0x0, 0x0, 0xf, 0x30, 0x8f,
    0xff, 0xe0, 0x0, 0x7f, 0xff, 0xfc, 0x0, 0x0,
    0x0, 0xe7, 0x33, 0xac, 0x0, 0x0, 0x5, 0xe0,
    0x0, 0x8c, 0x33, 0x30, 0xc, 0x80, 0x0, 0x8f,
    0xff, 0xf1,

    /* U+01E3 "ǣ" */
    0x0, 0x7, 0xff, 0xf3, 0x0, 0x0, 0x0, 0x0,
    0x0, 0x0, 0x7, 0xdf, 0xb3, 0xdf, 0xb1, 0x5,
    0x31, 0xcf, 0x72, 0xc9, 0x0, 0x0, 0x7e, 0x0,
    0x6e, 0x8, 0xef, 0xff, 0xff, 0xff, 0x5f, 0x30,
    0x8e, 0x0, 0x0, 0x6f, 0x33, 0xde, 0x72, 0x24,
    0xa, 0xfd, 0x53, 0xcf, 0xe6,

    /* U+01E4 "Ǥ" */
    0x0, 0x3b, 0xef, 0xd6, 0x0, 0x5f, 0xa4, 0x36,
    0x40, 0xe, 0x90, 0x0, 0x0, 0x2, 0xf3, 0x0,
    0x0, 0x0, 0x4f, 0x10, 0x4f, 0xfc, 0x3, 0xf2,
    0x0, 0x28, 0xd0, 0xf, 0x80, 0x2f, 0xff, 0x80,
    0x7f, 0x73, 0x29, 0xd0, 0x0, 0x6d, 0xff, 0xd7,
    0x0,

    /* U+01E5 "ǥ" */
    0x3, 0xde, 0x9a, 0x70, 0xe, 0xa3, 0x8f, 0x70,
    0x4f, 0x10, 0xe, 0x70, 0x5f, 0x0, 0xc, 0x70,
    0x4f, 0x0, 0xd, 0x70, 0xe, 0x91, 0x6f, 0x70,
    0x4, 0xde, 0x9d, 0x70, 0x0, 0xd, 0xff, 0xf1,
    0x7, 0x31, 0x7f, 0x20, 0xa, 0xef, 0xd5, 0x0,

    /* U+01E6 "Ǧ" */
    0x0, 0x1d, 0x37, 0xa0, 0x0, 0x3, 0xfd, 0x0,
    0x0, 0x0, 0x0, 0x0, 0x0, 0x4b, 0xef, 0xd6,
    0x5, 0xfa, 0x43, 0x63, 0xe, 0xa0, 0x0, 0x0,
    0x2f, 0x30, 0x0, 0x0, 0x4f, 0x10, 0x4f, 0xfd,
    0x3f, 0x20, 0x3, 0x9d, 0xe, 0x80, 0x0, 0x7d,
    0x7, 0xf8, 0x33, 0xad, 0x0, 0x6d, 0xff, 0xd8,

    /* U+01E7 "ǧ" */
    0x4, 0xc1, 0x98, 0x0, 0x8, 0xfc, 0x0, 0x0,
    0x3, 0x10, 0x0, 0x3d, 0xf9, 0xa7, 0xe, 0xa2,
    0x7f, 0x73, 0xf1, 0x0, 0xe7, 0x5f, 0x0, 0xc,
    0x73, 0xf0, 0x0, 0xd7, 0xe, 0x92, 0x6f, 0x70,
    0x4d, 0xf9, 0xc7, 0x0, 0x0, 0xd, 0x60, 0x73,
    0x27, 0xf2, 0xa, 0xef, 0xd5, 0x0,

    /* U+01E8 "Ǩ" */
    0xb, 0x73, 0xd1, 0x0, 0xd, 0xf3, 0x0, 0x0,
    0x0, 0x0, 0xd, 0x70, 0x6, 0xe2, 0xd7, 0x4,
    0xf4, 0xd, 0x72, 0xe6, 0x0, 0xd7, 0xd9, 0x0,
    0xd, 0xff, 0x90, 0x0, 0xda, 0x4f, 0x40, 0xd,
    0x70, 0x9d, 0x0, 0xd7, 0x0, 0xe9, 0xd, 0x70,
    0x4, 0xf4,

    /* U+01E9 "ǩ" */
    0x35, 0x2, 0x50, 0x0, 0xc, 0xae, 0x20, 0x0,
    0x1, 0x84, 0x0, 0x0, 0x0, 0xf4, 0x0, 0x0,
    0x0, 0xf4, 0x0, 0x0, 0x0, 0xf4, 0x0, 0x0,
    0x0, 0xf4, 0x7, 0xe2, 0x0, 0xf4, 0x4f, 0x30,
    0x0, 0xf6, 0xf4, 0x0, 0x0, 0xff, 0xf3, 0x0,
    0x0, 0xf6, 0x9d, 0x0, 0x0, 0xf4, 0xd, 0x90,
    0x0, 0xf4, 0x3, 0xf4,

    /* U+01EA "Ǫ" */
    0x0, 0x6d, 0xfe, 0x91, 0x0, 0x7f, 0x83, 0x5d,
    0xd0, 0xf, 0x80, 0x0, 0x2f, 0x53, 0xf3, 0x0,
    0x0, 0xc9, 0x4f, 0x10, 0x0, 0xb, 0xa3, 0xf3,
    0x0, 0x0, 0xc9, 0xf, 0x80, 0x0, 0x2f, 0x50,
    0x7f, 0x83, 0x5d, 0xd0, 0x0, 0x6d, 0xff, 0x91,
    0x0, 0x0, 0xc, 0x10, 0x0, 0x0, 0x3, 0xc0,
    0x0, 0x0, 0x0, 0x1d, 0xb0, 0x0,

    /* U+01EB "ǫ" */
    0x2, 0xbf, 0xd5, 0x0, 0xda, 0x26, 0xf3, 0x3f,
    0x10, 0xc, 0x95, 0xf0, 0x0, 0xaa, 0x3f, 0x10,
    0xc, 0x80, 0xd9, 0x25, 0xf3, 0x2, 0xcf, 0xe5,
    0x0, 0x0, 0xc1, 0x0, 0x0, 0x4b, 0x0, 0x0,
    0x1, 0xdb, 0x0,

    /* U+01EC "Ǭ" */
    0x0, 0x2f, 0xff, 0x80, 0x0, 0x0, 0x0, 0x0,
    0x0, 0x0, 0x6d, 0xfe, 0x91, 0x0, 0x7f, 0x83,
    0x5d, 0xd0, 0xf, 0x80, 0x0, 0x2f, 0x53, 0xf3,
    0x0, 0x0, 0xc9, 0x4f, 0x10, 0x0, 0xb, 0xa3,
    0xf3, 0x0, 0x0, 0xc9, 0xf, 0x80, 0x0, 0x2f,
    0x50, 0x7f, 0x83, 0x5d, 0xd0, 0x0, 0x6d, 0xff,
    0x91, 0x0, 0x0, 0xb, 0x30, 0x0, 0x0, 0x1,
    0xe0, 0x0, 0x0, 0x0, 0xc, 0xd0, 0x0,

    /* U+01ED "ǭ" */
    0x2, 0xff, 0xf8, 0x0, 0x0, 0x0, 0x0, 0x2,
    0xbf, 0xd5, 0x0, 0xda, 0x26, 0xf3, 0x3f, 0x10,
    0xc, 0x95, 0xf0, 0x0, 0xaa, 0x3f, 0x10, 0xc,
    0x80, 0xd9, 0x25, 0xf3, 0x2, 0xcf, 0xf5, 0x0,
    0x0, 0xc1, 0x0, 0x0, 0x4b, 0x0, 0x0, 0x1,
    0xdb, 0x0,

    /* U+01EE "Ǯ" */
    0x8, 0xa2, 0xc3, 0x0, 0xb, 0xf6, 0x0, 0x0,
    0x0, 0x0, 0x5, 0xff, 0xff, 0xf1, 0x13, 0x34,
    0xe9, 0x0, 0x0, 0xca, 0x0, 0x0, 0xbb, 0x0,
    0x0, 0x3f, 0xeb, 0x40, 0x0, 0x12, 0x8f, 0x30,
    0x0, 0x0, 0xf6, 0x54, 0x22, 0x8f, 0x25, 0xdf,
    0xfc, 0x40,

    /* U+01EF "ǯ" */
    0xc, 0x55, 0xc0, 0x2, 0xff, 0x20, 0x0, 0x11,
    0x0, 0x9f, 0xff, 0xf8, 0x1, 0x17, 0xe2, 0x0,
    0x3e, 0x30, 0x2, 0xe4, 0x0, 0x8, 0xff, 0x80,
    0x0, 0x3, 0xe7, 0x0, 0x0, 0x8c, 0x0, 0x0,
    0x8c, 0x64, 0x25, 0xf6, 0x8e, 0xfd, 0x70,

    /* U+01F0 "ǰ" */
    0x3c, 0x19, 0x80, 0x7f, 0xb0, 0x0, 0x10, 0x0,
    0xf, 0x40, 0x0, 0xf4, 0x0, 0xf, 0x40, 0x0,
    0xf4, 0x0, 0xf, 0x40, 0x0, 0xf4, 0x0, 0xf,
    0x40, 0x0, 0xf3, 0x1, 0x5f, 0x20, 0x9f, 0x90,
    0x0,

    /* U+01F1 "Ǳ" */
    0xef, 0xfe, 0xb3, 0x0, 0xcf, 0xff, 0xff, 0xe,
    0x82, 0x4b, 0xf3, 0x1, 0x22, 0x2d, 0xb0, 0xe6,
    0x0, 0xc, 0xb0, 0x0, 0x6, 0xf1, 0xe, 0x60,
    0x0, 0x6f, 0x0, 0x1, 0xe6, 0x0, 0xe6, 0x0,
    0x5, 0xf0, 0x0, 0xac, 0x0, 0xe, 0x60, 0x0,
    0x7f, 0x0, 0x4f, 0x20, 0x0, 0xe6, 0x0, 0xd,
    0xb0, 0xe, 0x70, 0x0, 0xe, 0x83, 0x5c, 0xf2,
    0x9, 0xe3, 0x22, 0x20, 0xef, 0xfe, 0xa2, 0x0,
    0xef, 0xff, 0xff, 0x20,

    /* U+01F2 "ǲ" */
    0xef, 0xfe, 0xb3, 0x0, 0x0, 0x0, 0x0, 0xe8,
    0x24, 0xbf, 0x30, 0x0, 0x0, 0x0, 0xe6, 0x0,
    0xc, 0xb0, 0x9f, 0xff, 0xf0, 0xe6, 0x0, 0x6,
    0xf0, 0x0, 0xc, 0x90, 0xe6, 0x0, 0x5, 0xf0,
    0x0, 0x6d, 0x0, 0xe6, 0x0, 0x7, 0xf0, 0x1,
    0xf3, 0x0, 0xe6, 0x0, 0xd, 0xb0, 0xb, 0x90,
    0x0, 0xe8, 0x35, 0xcf, 0x20, 0x6e, 0x32, 0x20,
    0xef, 0xfe, 0xa2, 0x0, 0xcf, 0xff, 0xf0,

    /* U+01F3 "ǳ" */
    0x0, 0x0, 0xd, 0x70, 0x0, 0x0, 0x0, 0x0,
    0x0, 0xd7, 0x0, 0x0, 0x0, 0x0, 0x0, 0xc,
    0x70, 0x0, 0x0, 0x0, 0x3d, 0xf9, 0xc7, 0xe,
    0xff, 0xfa, 0xe, 0xa2, 0x7f, 0x70, 0x12, 0x3f,
    0x53, 0xf1, 0x0, 0xe7, 0x0, 0xb, 0xa0, 0x5f,
    0x0, 0xc, 0x70, 0x6, 0xe1, 0x3, 0xf1, 0x0,
    0xd7, 0x2, 0xf4, 0x0, 0xe, 0x92, 0x6f, 0x70,
    0xcb, 0x11, 0x10, 0x4d, 0xf9, 0xa7, 0x1f, 0xff,
    0xfb,

    /* U+01F4 "Ǵ" */
    0x0, 0x0, 0x1f, 0x60, 0x0, 0x0, 0xb6, 0x0,
    0x0, 0x0, 0x0, 0x0, 0x0, 0x4b, 0xef, 0xd6,
    0x5, 0xfa, 0x43, 0x63, 0xe, 0xa0, 0x0, 0x0,
    0x2f, 0x30, 0x0, 0x0, 0x4f, 0x10, 0x4f, 0xfd,
    0x3f, 0x20, 0x3, 0x9d, 0xe, 0x80, 0x0, 0x7d,
    0x7, 0xf8, 0x33, 0xad, 0x0, 0x6d, 0xff, 0xd8,

    /* U+01F5 "ǵ" */
    0x0, 0x3, 0xf4, 0x0, 0x0, 0xc7, 0x0, 0x0,
    0x2, 0x0, 0x0, 0x3d, 0xf9, 0xa7, 0xe, 0xa2,
    0x7f, 0x73, 0xf1, 0x0, 0xe7, 0x5f, 0x0, 0xc,
    0x73, 0xf0, 0x0, 0xd7, 0xe, 0x92, 0x6f, 0x70,
    0x4d, 0xf9, 0xc7, 0x0, 0x0, 0xd, 0x60, 0x73,
    0x27, 0xf2, 0xa, 0xef, 0xd5, 0x0,

    /* U+01F6 "Ƕ" */
    0xd7, 0x0, 0x3f, 0x10, 0x0, 0xd7, 0x0, 0x3f,
    0x10, 0x0, 0xd7, 0x0, 0x3f, 0x10, 0xb9, 0xd7,
    0x0, 0x3f, 0x10, 0xb9, 0xdf, 0xff, 0xff, 0x10,
    0xb9, 0xd8, 0x22, 0x5f, 0x10, 0xb9, 0xd7, 0x0,
    0x3f, 0x10, 0xb8, 0xd7, 0x0, 0x1f, 0x73, 0xe6,
    0xd7, 0x0, 0x7, 0xef, 0xa0,

    /* U+01F7 "Ƿ" */
    0xd4, 0xaf, 0xd5, 0xd, 0xe7, 0x39, 0xf1, 0xda,
    0x0, 0xf, 0x4d, 0x70, 0x0, 0xf4, 0xd7, 0x0,
    0x3f, 0x2d, 0x70, 0xb, 0xc0, 0xd7, 0x8, 0xf2,
    0xd, 0x9c, 0xe3, 0x0, 0xdf, 0x91, 0x0, 0xd,
    0x70, 0x0, 0x0, 0xd7, 0x0, 0x0, 0xd, 0x70,
    0x0, 0x0,

    /* U+01F8 "Ǹ" */
    0x0, 0xac, 0x0, 0x0, 0x0, 0xa, 0x70, 0x0,
    0x0, 0x0, 0x0, 0x0, 0xde, 0x10, 0x0, 0xf2,
    0xdf, 0x90, 0x0, 0xf2, 0xd8, 0xf3, 0x0, 0xf2,
    0xd4, 0xac, 0x0, 0xf2, 0xd4, 0x2f, 0x50, 0xf2,
    0xd5, 0x7, 0xe0, 0xf2, 0xd5, 0x0, 0xd8, 0xf2,
    0xd5, 0x0, 0x4f, 0xf2, 0xd5, 0x0, 0xb, 0xf2,

    /* U+01F9 "ǹ" */
    0x0, 0x9d, 0x0, 0x0, 0x0, 0xb7, 0x0, 0x0,
    0x0, 0x20, 0x0, 0xf5, 0xdf, 0xa0, 0xf, 0xd3,
    0x4f, 0x60, 0xf6, 0x0, 0xb9, 0xf, 0x40, 0xa,
    0x90, 0xf4, 0x0, 0xa9, 0xf, 0x40, 0xa, 0x90,
    0xf4, 0x0, 0xa9,

    /* U+01FA "Ǻ" */
    0x0, 0x1, 0xe6, 0x0, 0x0, 0x4, 0x30, 0x0,
    0x0, 0x1b, 0xa0, 0x0, 0x0, 0x66, 0x93, 0x0,
    0x0, 0x1f, 0xe0, 0x0, 0x0, 0x6a, 0xd3, 0x0,
    0x0, 0xc4, 0x6a, 0x0, 0x2, 0xd0, 0xe, 0x10,
    0x9, 0xff, 0xff, 0x70, 0xf, 0x43, 0x36, 0xd0,
    0x6d, 0x0, 0x0, 0xf4, 0xc8, 0x0, 0x0, 0xaa,

    /* U+01FB "ǻ" */
    0x0, 0xa, 0x91, 0x0, 0x6b, 0x60, 0x0, 0xc0,
    0xc0, 0x0, 0x6b, 0x60, 0x0, 0x0, 0x0, 0x6,
    0xdf, 0xd3, 0x4, 0x41, 0xac, 0x0, 0x0, 0x5e,
    0x7, 0xcd, 0xee, 0x5f, 0x20, 0x5e, 0x6e, 0x10,
    0xbe, 0xb, 0xfd, 0x6e,

    /* U+01FC "Ǽ" */
    0x0, 0x0, 0x0, 0xe, 0x80, 0x0, 0x0, 0x0,
    0x0, 0x98, 0x0, 0x0, 0x0, 0x0, 0x0, 0x0,
    0x0, 0x0, 0x0, 0x0, 0x3f, 0xff, 0xff, 0xf1,
    0x0, 0x0, 0xa9, 0x9c, 0x22, 0x20, 0x0, 0x2,
    0xf2, 0x8c, 0x0, 0x0, 0x0, 0x9, 0xa0, 0x8c,
    0x0, 0x0, 0x0, 0xf, 0x30, 0x8f, 0xff, 0xe0,
    0x0, 0x7f, 0xff, 0xfc, 0x0, 0x0, 0x0, 0xe7,
    0x33, 0xac, 0x0, 0x0, 0x5, 0xe0, 0x0, 0x8c,
    0x33, 0x30, 0xc, 0x80, 0x0, 0x8f, 0xff, 0xf1,

    /* U+01FD "ǽ" */
    0x0, 0x0, 0x8, 0xe1, 0x0, 0x0, 0x0, 0x2e,
    0x20, 0x0, 0x0, 0x0, 0x11, 0x0, 0x0, 0x7,
    0xdf, 0xb3, 0xdf, 0xb1, 0x5, 0x31, 0xcf, 0x72,
    0xc9, 0x0, 0x0, 0x7e, 0x0, 0x6e, 0x8, 0xef,
    0xff, 0xff, 0xff, 0x5f, 0x30, 0x8e, 0x0, 0x0,
    0x6f, 0x33, 0xde, 0x72, 0x24, 0xa, 0xfd, 0x53,
    0xcf, 0xe6,

    /* U+01FE "Ǿ" */
    0x0, 0x0, 0x2f, 0x60, 0x0, 0x0, 0xb, 0x60,
    0x0, 0x0, 0x0, 0x0, 0x2, 0x0, 0x6, 0xdf,
    0xea, 0xe0, 0x7, 0xf8, 0x35, 0xfd, 0x0, 0xf8,
    0x0, 0x8b, 0xf5, 0x3f, 0x30, 0x3d, 0x1c, 0x94,
    0xf1, 0xd, 0x40, 0xba, 0x3f, 0x39, 0x90, 0xc,
    0x90, 0xeb, 0xd0, 0x2, 0xf5, 0x7, 0xf9, 0x35,
    0xdd, 0x0, 0x9b, 0xdf, 0xe9, 0x10, 0x1, 0x0,
    0x0, 0x0, 0x0,

    /* U+01FF "ǿ" */
    0x0, 0x3, 0xf4, 0x0, 0x0, 0xc6, 0x0, 0x0,
    0x2, 0x0, 0x0, 0x2b, 0xfd, 0xd2, 0xd, 0xa2,
    0xbf, 0x23, 0xf1, 0x3d, 0xd8, 0x5f, 0xd, 0x4a,
    0xa3, 0xf9, 0x90, 0xc9, 0xd, 0xf3, 0x6f, 0x30,
    0xdc, 0xfd, 0x50, 0x1, 0x0, 0x0, 0x0,

    /* U+0200 "Ȁ" */
    0xa, 0xa7, 0xd0, 0x0, 0x0, 0xc3, 0xa5, 0x0,
    0x0, 0x0, 0x0, 0x0, 0x0, 0xe, 0xc0, 0x0,
    0x0, 0x4d, 0xf2, 0x0, 0x0, 0xa8, 0xb7, 0x0,
    0x0, 0xf3, 0x5d, 0x0, 0x6, 0xd0, 0xf, 0x30,
    0xb, 0xff, 0xff, 0x90, 0x1f, 0x43, 0x36, 0xe0,
    0x7d, 0x0, 0x0, 0xf4, 0xd8, 0x0, 0x0, 0xaa,

    /* U+0201 "ȁ" */
    0x2f, 0x3e, 0x50, 0x5, 0xb3, 0xc0, 0x0, 0x0,
    0x0, 0x6, 0xdf, 0xd3, 0x4, 0x41, 0xac, 0x0,
    0x0, 0x5e, 0x7, 0xcd, 0xee, 0x5f, 0x20, 0x5e,
    0x6e, 0x10, 0xbe, 0xb, 0xfd, 0x6e,

    /* U+0202 "Ȃ" */
    0x0, 0x5d, 0xd3, 0x0, 0x0, 0xc3, 0x3c, 0x0,
    0x0, 0x0, 0x0, 0x0, 0x0, 0xe, 0xc0, 0x0,
    0x0, 0x4d, 0xf2, 0x0, 0x0, 0xa8, 0xb7, 0x0,
    0x0, 0xf3, 0x5d, 0x0, 0x6, 0xd0, 0xf, 0x30,
    0xb, 0xff, 0xff, 0x90, 0x1f, 0x43, 0x36, 0xe0,
    0x7d, 0x0, 0x0, 0xf4, 0xd8, 0x0, 0x0, 0xaa,

    /* U+0203 "ȃ" */
    0x0, 0xbf, 0xa0, 0x6, 0x71, 0x85, 0x0, 0x0,
    0x0, 0x6, 0xdf, 0xd3, 0x4, 0x41, 0xac, 0x0,
    0x0, 0x5e, 0x7, 0xcd, 0xee, 0x5f, 0x20, 0x5e,
    0x6e, 0x10, 0xbe, 0xb, 0xfd, 0x6e,

    /* U+0204 "Ȅ" */
    0xd, 0x5b, 0x80, 0x2, 0xc1, 0xc2, 0x0, 0x0,
    0x0, 0xd, 0xff, 0xff, 0xd, 0x82, 0x22, 0xd,
    0x70, 0x0, 0xd, 0x70, 0x0, 0xd, 0xff, 0xfb,
    0xd, 0x82, 0x22, 0xd, 0x70, 0x0, 0xd, 0x83,
    0x32, 0xd, 0xff, 0xff,

    /* U+0205 "ȅ" */
    0x2f, 0x4d, 0x60, 0x0, 0x4b, 0x2c, 0x0, 0x0,
    0x0, 0x0, 0x0, 0x2c, 0xfc, 0x20, 0xd, 0x91,
    0x8d, 0x3, 0xf1, 0x0, 0xf2, 0x5f, 0xff, 0xff,
    0x44, 0xf0, 0x0, 0x0, 0xe, 0xa2, 0x25, 0x0,
    0x2b, 0xfe, 0xb0,

    /* U+0206 "Ȇ" */
    0x8, 0xdb, 0x13, 0xa2, 0x68, 0x0, 0x0, 0xd,
    0xff, 0xff, 0xd8, 0x22, 0x2d, 0x70, 0x0, 0xd7,
    0x0, 0xd, 0xff, 0xfb, 0xd8, 0x22, 0x2d, 0x70,
    0x0, 0xd8, 0x33, 0x2d, 0xff, 0xff,

    /* U+0207 "ȇ" */
    0x0, 0xbf, 0xb0, 0x0, 0x68, 0x18, 0x50, 0x0,
    0x0, 0x0, 0x0, 0x2c, 0xfc, 0x20, 0xd, 0x91,
    0x8d, 0x3, 0xf1, 0x0, 0xf2, 0x5f, 0xff, 0xff,
    0x44, 0xf0, 0x0, 0x0, 0xe, 0xa2, 0x25, 0x0,
    0x2b, 0xfe, 0xb0,

    /* U+0208 "Ȉ" */
    0x6d, 0x4f, 0x10, 0x96, 0x69, 0x0, 0x0, 0x0,
    0x7f, 0xfb, 0x0, 0x8c, 0x0, 0x8, 0xc0, 0x0,
    0x8c, 0x0, 0x8, 0xc0, 0x0, 0x8c, 0x0, 0x8,
    0xc0, 0x0, 0x8c, 0x0, 0x7f, 0xfb,

    /* U+0209 "ȉ" */
    0xe, 0x5c, 0x80, 0x2, 0xc1, 0xc1, 0x0, 0x0,
    0x0, 0x0, 0xf, 0x40, 0x0, 0xf, 0x40, 0x0,
    0xf, 0x40, 0x0, 0xf, 0x40, 0x0, 0xf, 0x40,
    0x0, 0xf, 0x40, 0x0, 0xf, 0x40,

    /* U+020A "Ȋ" */
    0x2c, 0xd6, 0xb, 0x42, 0xc0, 0x0, 0x0, 0x7,
    0xff, 0xb0, 0x8, 0xc0, 0x0, 0x8c, 0x0, 0x8,
    0xc0, 0x0, 0x8c, 0x0, 0x8, 0xc0, 0x0, 0x8c,
    0x0, 0x8, 0xc0, 0x7, 0xff, 0xb0,

    /* U+020B "ȋ" */
    0x9, 0xfc, 0x14, 0x91, 0x68, 0x0, 0x0, 0x0,
    0xf, 0x40, 0x0, 0xf4, 0x0, 0xf, 0x40, 0x0,
    0xf4, 0x0, 0xf, 0x40, 0x0, 0xf4, 0x0, 0xf,
    0x40,

    /* U+020C "Ȍ" */
    0x0, 0x0, 0x0, 0x0, 0x0, 0xc, 0x7a, 0xa0,
    0x0, 0x0, 0x1c, 0x1c, 0x20, 0x0, 0x0, 0x0,
    0x0, 0x0, 0x0, 0x6d, 0xfe, 0x91, 0x0, 0x7f,
    0x83, 0x5d, 0xd0, 0xf, 0x80, 0x0, 0x2f, 0x53,
    0xf3, 0x0, 0x0, 0xc9, 0x4f, 0x10, 0x0, 0xb,
    0xa3, 0xf3, 0x0, 0x0, 0xc9, 0xf, 0x80, 0x0,
    0x2f, 0x50, 0x7f, 0x83, 0x5d, 0xd0, 0x0, 0x6d,
    0xfe, 0x91, 0x0,

    /* U+020D "ȍ" */
    0xd, 0x6b, 0x90, 0x0, 0x2c, 0x1c, 0x20, 0x0,
    0x0, 0x0, 0x0, 0x2b, 0xfd, 0x50, 0xd, 0xa2,
    0x6f, 0x33, 0xf1, 0x0, 0xc9, 0x5f, 0x0, 0xa,
    0xa3, 0xf1, 0x0, 0xc8, 0xd, 0x92, 0x5f, 0x30,
    0x2c, 0xfd, 0x50,

    /* U+020E "Ȏ" */
    0x0, 0x7, 0xdb, 0x10, 0x0, 0x2, 0xb2, 0x69,
    0x0, 0x0, 0x0, 0x0, 0x10, 0x0, 0x6, 0xdf,
    0xe9, 0x10, 0x7, 0xf8, 0x35, 0xdd, 0x0, 0xf8,
    0x0, 0x2, 0xf5, 0x3f, 0x30, 0x0, 0xc, 0x94,
    0xf1, 0x0, 0x0, 0xba, 0x3f, 0x30, 0x0, 0xc,
    0x90, 0xf8, 0x0, 0x2, 0xf5, 0x7, 0xf8, 0x35,
    0xdd, 0x0, 0x6, 0xdf, 0xe9, 0x10,

    /* U+020F "ȏ" */
    0x0, 0x8f, 0xc1, 0x0, 0x3a, 0x15, 0x80, 0x0,
    0x0, 0x0, 0x0, 0x2b, 0xfd, 0x50, 0xd, 0xa2,
    0x6f, 0x33, 0xf1, 0x0, 0xc9, 0x5f, 0x0, 0xa,
    0xa3, 0xf1, 0x0, 0xc8, 0xd, 0x92, 0x5f, 0x30,
    0x2c, 0xfd, 0x50,

    /* U+0210 "Ȑ" */
    0xc, 0x89, 0xb0, 0x0, 0x1, 0xc2, 0xb3, 0x0,
    0x0, 0x0, 0x0, 0x0, 0xe, 0xff, 0xe9, 0x0,
    0xe, 0x82, 0x4e, 0x80, 0xe, 0x60, 0xa, 0xb0,
    0xe, 0x60, 0x2e, 0x70, 0xe, 0xff, 0xf9, 0x0,
    0xe, 0x82, 0xd7, 0x0, 0xe, 0x60, 0x5f, 0x10,
    0xe, 0x60, 0xd, 0x90, 0xe, 0x60, 0x4, 0xf3,

    /* U+0211 "ȑ" */
    0xa9, 0x7c, 0x0, 0xc3, 0xa5, 0x0, 0x0, 0x0,
    0xf3, 0xdd, 0xf, 0xd6, 0x30, 0xf7, 0x0, 0xf,
    0x40, 0x0, 0xf4, 0x0, 0xf, 0x40, 0x0, 0xf4,
    0x0,

    /* U+0212 "Ȓ" */
    0x6, 0xdc, 0x20, 0x1, 0xc2, 0x4a, 0x0, 0x0,
    0x0, 0x0, 0xe, 0xff, 0xe9, 0x0, 0xe8, 0x24,
    0xe8, 0xe, 0x60, 0xa, 0xb0, 0xe6, 0x2, 0xe7,
    0xe, 0xff, 0xf9, 0x0, 0xe8, 0x2d, 0x70, 0xe,
    0x60, 0x5f, 0x10, 0xe6, 0x0, 0xd9, 0xe, 0x60,
    0x4, 0xf3,

    /* U+0213 "ȓ" */
    0x5, 0xee, 0x30, 0xc2, 0x2b, 0x0, 0x0, 0x0,
    0xf3, 0xdd, 0xf, 0xd6, 0x30, 0xf7, 0x0, 0xf,
    0x40, 0x0, 0xf4, 0x0, 0xf, 0x40, 0x0, 0xf4,
    0x0,

    /* U+0214 "Ȕ" */
    0x0, 0x0, 0x0, 0x2, 0xf3, 0xe5, 0x0, 0x4,
    0xb2, 0xc0, 0x0, 0x0, 0x0, 0x0, 0xf5, 0x0,
    0x8, 0xcf, 0x50, 0x0, 0x8c, 0xf5, 0x0, 0x8,
    0xcf, 0x50, 0x0, 0x8c, 0xf5, 0x0, 0x8, 0xce,
    0x50, 0x0, 0x8c, 0xd8, 0x0, 0xa, 0xa7, 0xf6,
    0x37, 0xf5, 0x7, 0xdf, 0xd6, 0x0,

    /* U+0215 "ȕ" */
    0xc, 0x79, 0xa0, 0x0, 0x1d, 0x2c, 0x30, 0x0,
    0x0, 0x0, 0x1, 0xf3, 0x0, 0xb8, 0x1f, 0x30,
    0xb, 0x81, 0xf3, 0x0, 0xb8, 0x1f, 0x30, 0xb,
    0x81, 0xf3, 0x0, 0xd8, 0xe, 0x80, 0x5f, 0x80,
    0x5d, 0xfa, 0xa8,

    /* U+0216 "Ȗ" */
    0x0, 0xae, 0xa0, 0x0, 0x68, 0x29, 0x50, 0x0,
    0x0, 0x0, 0xf, 0x50, 0x0, 0x8c, 0xf5, 0x0,
    0x8, 0xcf, 0x50, 0x0, 0x8c, 0xf5, 0x0, 0x8,
    0xcf, 0x50, 0x0, 0x8c, 0xe5, 0x0, 0x8, 0xcd,
    0x80, 0x0, 0xaa, 0x7f, 0x63, 0x7f, 0x50, 0x7d,
    0xfd, 0x60,

    /* U+0217 "ȗ" */
    0x0, 0x7f, 0xd2, 0x0, 0x1b, 0x14, 0xa0, 0x0,
    0x0, 0x0, 0x1, 0xf3, 0x0, 0xb8, 0x1f, 0x30,
    0xb, 0x81, 0xf3, 0x0, 0xb8, 0x1f, 0x30, 0xb,
    0x81, 0xf3, 0x0, 0xd8, 0xe, 0x80, 0x5f, 0x80,
    0x5d, 0xfa, 0xa8,

    /* U+0218 "Ș" */
    0x5, 0xdf, 0xe8, 0x1, 0xf7, 0x35, 0x50, 0x4f,
    0x0, 0x0, 0x0, 0xeb, 0x20, 0x0, 0x2, 0xbf,
    0xa1, 0x0, 0x0, 0x2c, 0xc0, 0x0, 0x0, 0x4f,
    0x4, 0x63, 0x3b, 0xc0, 0x3d, 0xfe, 0xb2, 0x0,
    0x0, 0x0, 0x0, 0x0, 0x5c, 0x0, 0x0, 0x9,
    0x40, 0x0,

    /* U+0219 "ș" */
    0x9, 0xef, 0xb0, 0x5e, 0x21, 0x50, 0x3f, 0x70,
    0x0, 0x5, 0xdf, 0x70, 0x0, 0x5, 0xf2, 0x34,
    0x13, 0xf2, 0x4d, 0xfe, 0x70, 0x0, 0x0, 0x0,
    0x0, 0x99, 0x0, 0x0, 0xc1, 0x0,

    /* U+021A "Ț" */
    0xdf, 0xff, 0xff, 0x92, 0x36, 0xf3, 0x31, 0x0,
    0x4f, 0x0, 0x0, 0x4, 0xf0, 0x0, 0x0, 0x4f,
    0x0, 0x0, 0x4, 0xf0, 0x0, 0x0, 0x4f, 0x0,
    0x0, 0x4, 0xf0, 0x0, 0x0, 0x4f, 0x0, 0x0,
    0x0, 0x0, 0x0, 0x0, 0x1f, 0x10, 0x0, 0x5,
    0x80, 0x0,

    /* U+021B "ț" */
    0x9, 0x60, 0x9, 0xff, 0xf3, 0xe, 0x60, 0x0,
    0xe6, 0x0, 0xe, 0x60, 0x0, 0xe6, 0x0, 0xd,
    0xa2, 0x10, 0x5e, 0xf3, 0x0, 0x0, 0x0, 0xd,
    0x50, 0x1, 0xd0, 0x0,

    /* U+021C "Ȝ" */
    0x19, 0xdf, 0xd5, 0x3, 0xa4, 0x28, 0xf1, 0x0,
    0x0, 0x1f, 0x30, 0x0, 0x1a, 0xd0, 0x1, 0xbf,
    0xf4, 0x0, 0x6, 0x17, 0xf1, 0x0, 0x0, 0xe,
    0x60, 0x0, 0x0, 0xf6, 0x0, 0x0, 0x9f, 0x10,
    0x5, 0xde, 0x40, 0x6f, 0xe8, 0x10, 0x3, 0x30,
    0x0, 0x0,

    /* U+021D "ȝ" */
    0x3c, 0xfd, 0x60, 0x25, 0x26, 0xf1, 0x0, 0x2,
    0xf2, 0x0, 0x4c, 0xa0, 0x7, 0xdc, 0xa0, 0x0,
    0x0, 0xf5, 0x0, 0x0, 0xe6, 0x0, 0x7, 0xf1,
    0x26, 0xde, 0x40, 0xac, 0x60, 0x0, 0x0, 0x0,
    0x0,

    /* U+021E "Ȟ" */
    0x5, 0xc2, 0xb6, 0x0, 0x8, 0xf8, 0x0, 0x0,
    0x0, 0x0, 0xd, 0x70, 0x0, 0x7d, 0xd7, 0x0,
    0x7, 0xdd, 0x70, 0x0, 0x7d, 0xd7, 0x0, 0x7,
    0xdd, 0xff, 0xff, 0xfd, 0xd8, 0x22, 0x28, 0xdd,
    0x70, 0x0, 0x7d, 0xd7, 0x0, 0x7, 0xdd, 0x70,
    0x0, 0x7d,

    /* U+021F "ȟ" */
    0x35, 0x2, 0x60, 0x0, 0xb, 0xae, 0x20, 0x0,
    0x1, 0x84, 0x0, 0x0, 0x0, 0xf4, 0x0, 0x0,
    0x0, 0xf4, 0x0, 0x0, 0x0, 0xf3, 0x0, 0x0,
    0x0, 0xf7, 0xdf, 0xa0, 0x0, 0xfd, 0x33, 0xf6,
    0x0, 0xf6, 0x0, 0xb9, 0x0, 0xf4, 0x0, 0xa9,
    0x0, 0xf4, 0x0, 0xa9, 0x0, 0xf4, 0x0, 0xa9,
    0x0, 0xf4, 0x0, 0xa9,

    /* U+0220 "Ƞ" */
    0xd4, 0x9e, 0xe9, 0xd, 0xe8, 0x35, 0xe8, 0xdb,
    0x0, 0x8, 0xcd, 0x70, 0x0, 0x6e, 0xd7, 0x0,
    0x6, 0xed, 0x70, 0x0, 0x6e, 0xd7, 0x0, 0x6,
    0xed, 0x70, 0x0, 0x6e, 0xd7, 0x0, 0x6, 0xe0,
    0x0, 0x0, 0x6e, 0x0, 0x0, 0x6, 0xe0, 0x0,
    0x0, 0x6e,

    /* U+0221 "ȡ" */
    0x0, 0x0, 0xd, 0x70, 0x0, 0x0, 0x0, 0x0,
    0xd7, 0x0, 0x0, 0x0, 0x0, 0xd, 0x70, 0x0,
    0x0, 0x3d, 0xf9, 0xd7, 0x0, 0x0, 0xe, 0xa2,
    0x7f, 0x70, 0x0, 0x4, 0xf1, 0x0, 0xe7, 0x0,
    0x0, 0x5f, 0x0, 0xc, 0x70, 0x0, 0x4, 0xf1,
    0x0, 0xe8, 0x9f, 0xc0, 0xe, 0x92, 0x7f, 0xfb,
    0x3e, 0x30, 0x4d, 0xfc, 0x2f, 0xef, 0xa0, 0x0,
    0x0, 0x2, 0xf0, 0x0, 0x0,

    /* U+0222 "Ȣ" */
    0xe, 0x60, 0x0, 0xf4, 0xd, 0x70, 0x1, 0xf3,
    0x9, 0xd2, 0x9, 0xe0, 0x1, 0xef, 0xff, 0x50,
    0xd, 0xc4, 0x38, 0xf3, 0x3f, 0x20, 0x0, 0xc9,
    0x4f, 0x20, 0x0, 0xc9, 0xe, 0xc4, 0x38, 0xf4,
    0x2, 0xaf, 0xfc, 0x50,

    /* U+0223 "ȣ" */
    0xf, 0x40, 0xf, 0x40, 0xf4, 0x0, 0xf4, 0xf,
    0x40, 0x1f, 0x30, 0xca, 0x6, 0xf0, 0x4, 0xff,
    0xf7, 0x1, 0xe8, 0x26, 0xf3, 0x5f, 0x0, 0xb,
    0x95, 0xf0, 0x0, 0xb9, 0x1f, 0x82, 0x5f, 0x40,
    0x4c, 0xfd, 0x60,

    /* U+0224 "Ȥ" */
    0x7f, 0xff, 0xff, 0x51, 0x33, 0x39, 0xe1, 0x0,
    0x1, 0xf6, 0x0, 0x0, 0xbb, 0x0, 0x0, 0x5f,
    0x20, 0x0, 0x1e, 0x70, 0x0, 0x9, 0xc0, 0x0,
    0x4, 0xf5, 0x33, 0x31, 0x9f, 0xff, 0xff, 0x70,
    0x0, 0x0, 0xb7, 0x0, 0x0, 0xc, 0x60, 0x0,
    0xe, 0xf2, 0x0, 0x0, 0x10, 0x0,

    /* U+0225 "ȥ" */
    0x6f, 0xff, 0xf2, 0x0, 0x9, 0xc0, 0x0, 0x3f,
    0x30, 0x0, 0xd8, 0x0, 0x8, 0xd0, 0x0, 0x2f,
    0x40, 0x0, 0x8f, 0xff, 0xf4, 0x0, 0x0, 0xe4,
    0x0, 0xf, 0xe1, 0x0, 0x1, 0x0,

    /* U+0226 "Ȧ" */
    0x0, 0x4, 0x30, 0x0, 0x0, 0xa, 0x70, 0x0,
    0x0, 0x0, 0x0, 0x0, 0x0, 0xe, 0xc0, 0x0,
    0x0, 0x4d, 0xf2, 0x0, 0x0, 0xa8, 0xb7, 0x0,
    0x0, 0xf3, 0x5d, 0x0, 0x6, 0xd0, 0xf, 0x30,
    0xb, 0xff, 0xff, 0x90, 0x1f, 0x43, 0x36, 0xe0,
    0x7d, 0x0, 0x0, 0xf4, 0xd8, 0x0, 0x0, 0xaa,

    /* U+0227 "ȧ" */
    0x0, 0x2e, 0x10, 0x0, 0x7, 0x0, 0x0, 0x0,
    0x0, 0x6, 0xdf, 0xd3, 0x4, 0x41, 0xac, 0x0,
    0x0, 0x5e, 0x7, 0xcd, 0xee, 0x5f, 0x20, 0x5e,
    0x6e, 0x10, 0xbe, 0xb, 0xfd, 0x6e,

    /* U+0228 "Ȩ" */
    0xdf, 0xff, 0xfd, 0x82, 0x22, 0xd7, 0x0, 0xd,
    0x70, 0x0, 0xdf, 0xff, 0xbd, 0x82, 0x22, 0xd7,
    0x0, 0xd, 0x83, 0x32, 0xdf, 0xff, 0xf0, 0xc,
    0x30, 0x0, 0x3f, 0x0, 0x5d, 0x90,

    /* U+0229 "ȩ" */
    0x2, 0xcf, 0xc2, 0x0, 0xd9, 0x18, 0xd0, 0x3f,
    0x10, 0xf, 0x25, 0xff, 0xff, 0xf4, 0x4f, 0x0,
    0x0, 0x0, 0xea, 0x22, 0x50, 0x2, 0xbf, 0xfb,
    0x0, 0x0, 0xd2, 0x0, 0x0, 0x4, 0xd0, 0x0,
    0x7, 0xd8, 0x0,

    /* U+022A "Ȫ" */
    0x0, 0x1f, 0xff, 0x80, 0x0, 0x0, 0x0, 0x0,
    0x0, 0x0, 0xf, 0x1a, 0x50, 0x0, 0x0, 0x20,
    0x10, 0x0, 0x0, 0x6d, 0xfe, 0x91, 0x0, 0x7f,
    0x83, 0x5d, 0xd0, 0xf, 0x80, 0x0, 0x2f, 0x53,
    0xf3, 0x0, 0x0, 0xc9, 0x4f, 0x10, 0x0, 0xb,
    0xa3, 0xf3, 0x0, 0x0, 0xc9, 0xf, 0x80, 0x0,
    0x2f, 0x50, 0x7f, 0x83, 0x5d, 0xd0, 0x0, 0x6d,
    0xfe, 0x91, 0x0,

    /* U+022B "ȫ" */
    0x2, 0xff, 0xf8, 0x0, 0x0, 0x0, 0x0, 0x0,
    0xe0, 0xa4, 0x0, 0x4, 0x3, 0x10, 0x2, 0xbf,
    0xd5, 0x0, 0xda, 0x26, 0xf3, 0x3f, 0x10, 0xc,
    0x95, 0xf0, 0x0, 0xaa, 0x3f, 0x10, 0xc, 0x80,
    0xd9, 0x25, 0xf3, 0x2, 0xcf, 0xd5, 0x0,

    /* U+022C "Ȭ" */
    0x0, 0x2f, 0xff, 0x80, 0x0, 0x0, 0xb9, 0x19,
    0x0, 0x0, 0x36, 0x4d, 0x40, 0x0, 0x0, 0x0,
    0x0, 0x0, 0x0, 0x6d, 0xfe, 0x91, 0x0, 0x7f,
    0x83, 0x5d, 0xd0, 0xf, 0x80, 0x0, 0x2f, 0x53,
    0xf3, 0x0, 0x0, 0xc9, 0x4f, 0x10, 0x0, 0xb,
    0xa3, 0xf3, 0x0, 0x0, 0xc9, 0xf, 0x80, 0x0,
    0x2f, 0x50, 0x7f, 0x83, 0x5d, 0xd0, 0x0, 0x6d,
    0xfe, 0x91, 0x0,

    /* U+022D "ȭ" */
    0x2, 0xff, 0xf7, 0x0, 0x0, 0x0, 0x0, 0x2,
    0xcd, 0xd6, 0x0, 0x0, 0x0, 0x0, 0x2, 0xbf,
    0xd5, 0x0, 0xda, 0x26, 0xf3, 0x3f, 0x10, 0xc,
    0x95, 0xf0, 0x0, 0xaa, 0x3f, 0x10, 0xc, 0x80,
    0xd9, 0x25, 0xf3, 0x2, 0xcf, 0xd5, 0x0,

    /* U+022E "Ȯ" */
    0x0, 0x0, 0xd4, 0x0, 0x0, 0x0, 0x6, 0x10,
    0x0, 0x0, 0x0, 0x0, 0x0, 0x0, 0x6, 0xdf,
    0xe9, 0x10, 0x7, 0xf8, 0x35, 0xdd, 0x0, 0xf8,
    0x0, 0x2, 0xf5, 0x3f, 0x30, 0x0, 0xc, 0x94,
    0xf1, 0x0, 0x0, 0xba, 0x3f, 0x30, 0x0, 0xc,
    0x90, 0xf8, 0x0, 0x2, 0xf5, 0x7, 0xf8, 0x35,
    0xdd, 0x0, 0x6, 0xdf, 0xe9, 0x10,

    /* U+022F "ȯ" */
    0x0, 0xd, 0x40, 0x0, 0x0, 0x61, 0x0, 0x0,
    0x0, 0x0, 0x0, 0x2b, 0xfd, 0x50, 0xd, 0xa2,
    0x6f, 0x33, 0xf1, 0x0, 0xc9, 0x5f, 0x0, 0xa,
    0xa3, 0xf1, 0x0, 0xc8, 0xd, 0x92, 0x5f, 0x30,
    0x2c, 0xfd, 0x50,

    /* U+0230 "Ȱ" */
    0x0, 0x2f, 0xff, 0x80, 0x0, 0x0, 0x0, 0x0,
    0x0, 0x0, 0x0, 0xd4, 0x0, 0x0, 0x0, 0x3,
    0x0, 0x0, 0x0, 0x6d, 0xfe, 0x91, 0x0, 0x7f,
    0x83, 0x5d, 0xd0, 0xf, 0x80, 0x0, 0x2f, 0x53,
    0xf3, 0x0, 0x0, 0xc9, 0x4f, 0x10, 0x0, 0xb,
    0xa3, 0xf3, 0x0, 0x0, 0xc9, 0xf, 0x80, 0x0,
    0x2f, 0x50, 0x7f, 0x83, 0x5d, 0xd0, 0x0, 0x6d,
    0xfe, 0x91, 0x0,

    /* U+0231 "ȱ" */
    0x2, 0xff, 0xf7, 0x0, 0x0, 0x0, 0x0, 0x0,
    0xd, 0x30, 0x0, 0x0, 0x50, 0x0, 0x2, 0xbf,
    0xd5, 0x0, 0xda, 0x26, 0xf3, 0x3f, 0x10, 0xc,
    0x95, 0xf0, 0x0, 0xaa, 0x3f, 0x10, 0xc, 0x80,
    0xd9, 0x25, 0xf3, 0x2, 0xcf, 0xd5, 0x0,

    /* U+0232 "Ȳ" */
    0x5, 0xff, 0xf5, 0x0, 0x0, 0x0, 0x0, 0x0,
    0xba, 0x0, 0xa, 0xc0, 0x3f, 0x20, 0x2f, 0x30,
    0xb, 0xa0, 0xab, 0x0, 0x3, 0xf4, 0xf3, 0x0,
    0x0, 0xbf, 0xa0, 0x0, 0x0, 0x3f, 0x30, 0x0,
    0x0, 0x2f, 0x20, 0x0, 0x0, 0x2f, 0x20, 0x0,
    0x0, 0x2f, 0x20, 0x0,

    /* U+0233 "ȳ" */
    0xb, 0xff, 0xf0, 0x0, 0x0, 0x0, 0x0, 0xc8,
    0x0, 0x2f, 0x26, 0xe0, 0x8, 0xd0, 0x1f, 0x30,
    0xd7, 0x0, 0xa9, 0x2f, 0x10, 0x4, 0xe7, 0xc0,
    0x0, 0xe, 0xe6, 0x0, 0x0, 0x8f, 0x10, 0x0,
    0x9, 0xb0, 0x0, 0x14, 0xf4, 0x0, 0xb, 0xe7,
    0x0, 0x0,

    /* U+0234 "ȴ" */
    0xf, 0x40, 0x0, 0xf4, 0x0, 0xf, 0x40, 0x0,
    0xf4, 0x0, 0xf, 0x40, 0x0, 0xf4, 0x0, 0xf,
    0x40, 0x0, 0xfe, 0xe4, 0x2f, 0x77, 0xaa, 0x9e,
    0xe4, 0x10, 0x0, 0x0,

    /* U+0235 "ȵ" */
    0xf6, 0xdf, 0xa0, 0x0, 0xfc, 0x12, 0xe6, 0x0,
    0xf6, 0x0, 0xb8, 0x0, 0xf4, 0x0, 0xb8, 0x0,
    0xf4, 0x0, 0xbe, 0xe7, 0xf4, 0x0, 0xdb, 0x3e,
    0xf4, 0x5, 0xcd, 0xe8, 0x0, 0x1, 0x20, 0x0,

    /* U+0236 "ȶ" */
    0x3, 0x30, 0x0, 0xb6, 0x0, 0x9f, 0xff, 0x40,
    0xe6, 0x0, 0xe, 0x60, 0x0, 0xe6, 0x0, 0xd,
    0xee, 0x51, 0xf9, 0x6c, 0x8a, 0xde, 0x60, 0x0,
    0x0,

    /* U+0237 "ȷ" */
    0x0, 0xf4, 0x0, 0xf4, 0x0, 0xf4, 0x0, 0xf4,
    0x0, 0xf4, 0x0, 0xf4, 0x0, 0xf4, 0x0, 0xf3,
    0x15, 0xf2, 0x9f, 0x90,

    /* U+0238 "ȸ" */
    0x0, 0x0, 0xd, 0x70, 0x0, 0x0, 0x0, 0x0,
    0xd, 0x70, 0x0, 0x0, 0x0, 0x0, 0xd, 0x70,
    0x0, 0x0, 0x3, 0xdf, 0x9c, 0x8c, 0xfb, 0x10,
    0xe, 0x92, 0x7f, 0xe4, 0x3d, 0x90, 0x4f, 0x10,
    0xe, 0x80, 0x7, 0xe0, 0x5f, 0x0, 0xd, 0x70,
    0x5, 0xf0, 0x4f, 0x10, 0xf, 0x90, 0x7, 0xe0,
    0xe, 0x92, 0x8d, 0xe4, 0x3d, 0x90, 0x3, 0xcf,
    0xc2, 0x6e, 0xe9, 0x0,

    /* U+0239 "ȹ" */
    0x3, 0xcf, 0xc2, 0x6e, 0xe9, 0x0, 0xe, 0x92,
    0x8d, 0xe4, 0x3e, 0x80, 0x3f, 0x10, 0xf, 0x90,
    0x7, 0xe0, 0x5f, 0x0, 0xd, 0x70, 0x5, 0xf0,
    0x4f, 0x10, 0xe, 0x90, 0x7, 0xe0, 0xe, 0x92,
    0x7f, 0xe4, 0x3e, 0x90, 0x4, 0xdf, 0x9c, 0x8c,
    0xfb, 0x10, 0x0, 0x0, 0xd, 0x70, 0x0, 0x0,
    0x0, 0x0, 0xd, 0x70, 0x0, 0x0, 0x0, 0x0,
    0xd, 0x70, 0x0, 0x0,

    /* U+023A "Ⱥ" */
    0x0, 0x0, 0xd, 0x10, 0x0, 0xe, 0xdc, 0x0,
    0x0, 0x4d, 0xf7, 0x0, 0x0, 0xa8, 0xd8, 0x0,
    0x0, 0xf5, 0xfe, 0x0, 0x6, 0xd7, 0x7f, 0x30,
    0xb, 0xff, 0xff, 0x90, 0x1f, 0x6c, 0x36, 0xe0,
    0x7d, 0x67, 0x0, 0xf4, 0xd8, 0xb2, 0x0, 0xaa,
    0x1, 0xd0, 0x0, 0x0,

    /* U+023B "Ȼ" */
    0x0, 0x0, 0x3, 0xa0, 0x0, 0x5c, 0xff, 0xd1,
    0x5, 0xf9, 0x4d, 0x80, 0xe, 0x90, 0x2c, 0x0,
    0x3f, 0x30, 0x76, 0x0, 0x4f, 0x10, 0xd1, 0x0,
    0x3f, 0x22, 0xb0, 0x0, 0xf, 0x88, 0x60, 0x0,
    0x7, 0xfe, 0x43, 0x60, 0x0, 0x8f, 0xfe, 0xa0,
    0x0, 0x76, 0x0, 0x0,

    /* U+023C "ȼ" */
    0x0, 0x0, 0x2b, 0x0, 0x0, 0x77, 0x0, 0x0,
    0xc2, 0x2, 0xcf, 0xf4, 0xe, 0xa9, 0xa1, 0x4f,
    0x1c, 0x20, 0x5f, 0x2c, 0x0, 0x4f, 0x87, 0x0,
    0xe, 0xf4, 0x42, 0x5, 0xff, 0xe3, 0x7, 0x70,
    0x0, 0xd, 0x10, 0x0, 0x6, 0x0, 0x0,

    /* U+023D "Ƚ" */
    0xe, 0x60, 0x0, 0x0, 0xe6, 0x0, 0x0, 0xe,
    0x60, 0x0, 0x0, 0xe6, 0x0, 0x0, 0xcf, 0xff,
    0x40, 0x1, 0xe8, 0x20, 0x0, 0xe, 0x60, 0x0,
    0x0, 0xe8, 0x33, 0x30, 0xe, 0xff, 0xff, 0x10,

    /* U+023E "Ⱦ" */
    0x0, 0x0, 0x9, 0x5d, 0xff, 0xff, 0xf9, 0x23,
    0x6f, 0x89, 0x10, 0x4, 0xfc, 0x10, 0x0, 0x4f,
    0x90, 0x0, 0x4, 0xf2, 0x0, 0x0, 0x4f, 0x0,
    0x0, 0xa, 0xf0, 0x0, 0x1, 0xff, 0x0, 0x0,
    0x89, 0xf0, 0x0, 0xd, 0x0, 0x0, 0x0,

    /* U+023F "ȿ" */
    0x9, 0xef, 0xb0, 0x5e, 0x22, 0x50, 0x3f, 0x70,
    0x0, 0x5, 0xde, 0x60, 0x0, 0x6, 0xf2, 0x33,
    0x13, 0xf3, 0x4f, 0xfe, 0x80, 0x3, 0xf1, 0x0,
    0x0, 0xba, 0x20, 0x0, 0x2d, 0xf3,

    /* U+0240 "ɀ" */
    0x6f, 0xff, 0xf2, 0x0, 0x9, 0xc0, 0x0, 0x3f,
    0x20, 0x0, 0xd8, 0x0, 0x8, 0xd0, 0x0, 0x2f,
    0x30, 0x0, 0x8f, 0xb0, 0x0, 0x1, 0xe6, 0x0,
    0x0, 0x8d, 0x31, 0x0, 0xb, 0xf8,

    /* U+0241 "Ɂ" */
    0x7d, 0xfc, 0x30, 0x75, 0x3b, 0xe0, 0x0, 0x4,
    0xf1, 0x0, 0x9, 0xe0, 0x1, 0x8f, 0x50, 0x8,
    0xe3, 0x0, 0x8, 0xc0, 0x0, 0x8, 0xc0, 0x0,
    0x8, 0xc0, 0x0,

    /* U+0242 "ɂ" */
    0x6d, 0xfc, 0x26, 0x52, 0xbc, 0x0, 0x5, 0xf0,
    0x0, 0x9c, 0x0, 0x7f, 0x40, 0x8e, 0x40, 0x8,
    0xc0, 0x0,

    /* U+0243 "Ƀ" */
    0xe, 0xff, 0xeb, 0x20, 0xe, 0x72, 0x3c, 0xc0,
    0xe, 0x60, 0x6, 0xe0, 0xe, 0x60, 0xb, 0xa0,
    0xe, 0xff, 0xfd, 0x10, 0xe, 0x82, 0x3a, 0xd0,
    0xcf, 0xff, 0x13, 0xf2, 0x1e, 0x94, 0x3a, 0xf0,
    0xe, 0xff, 0xfc, 0x30,

    /* U+0244 "Ʉ" */
    0xf, 0x50, 0x0, 0x8c, 0x0, 0xf5, 0x0, 0x8,
    0xc0, 0xf, 0x50, 0x0, 0x8c, 0xe, 0xff, 0xff,
    0xff, 0xfc, 0x2f, 0x72, 0x22, 0x9d, 0x20, 0xe6,
    0x0, 0x8, 0xc0, 0xc, 0x80, 0x0, 0xba, 0x0,
    0x6f, 0x63, 0x7f, 0x40, 0x0, 0x7d, 0xfd, 0x50,
    0x0,

    /* U+0245 "Ʌ" */
    0x0, 0x1f, 0x90, 0x0, 0x0, 0x7d, 0xe0, 0x0,
    0x0, 0xc6, 0xe4, 0x0, 0x1, 0xf1, 0x99, 0x0,
    0x7, 0xc0, 0x4f, 0x0, 0xc, 0x70, 0xf, 0x40,
    0x2f, 0x20, 0xa, 0xa0, 0x7d, 0x0, 0x5, 0xf0,
    0xd8, 0x0, 0x0, 0xf5,

    /* U+0246 "Ɇ" */
    0x0, 0x6, 0x8d, 0xff, 0xff, 0xd8, 0x2d, 0x3d,
    0x70, 0xd0, 0xd7, 0x3a, 0xd, 0xff, 0xfb, 0xd8,
    0xc4, 0x2d, 0x7d, 0x0, 0xdb, 0xb3, 0x2d, 0xff,
    0xff, 0xb, 0x20, 0x0,

    /* U+0247 "ɇ" */
    0x0, 0x0, 0x1, 0x0, 0x2c, 0xfd, 0xe1, 0xd,
    0x91, 0xce, 0x3, 0xf1, 0x3d, 0xf3, 0x5f, 0xff,
    0xff, 0x43, 0xf9, 0x80, 0x0, 0xd, 0xe2, 0x25,
    0x1, 0xeb, 0xfe, 0xb0, 0x2, 0x0, 0x0, 0x0,

    /* U+0248 "Ɉ" */
    0x0, 0xe6, 0x0, 0xe, 0x60, 0x0, 0xe6, 0x0,
    0xe, 0x60, 0xe, 0xff, 0x60, 0x2e, 0x81, 0x0,
    0xe6, 0x0, 0xe, 0x60, 0x0, 0xe6, 0x0, 0x3f,
    0x40, 0xef, 0xa0, 0x1, 0x10, 0x0,

    /* U+0249 "ɉ" */
    0x0, 0xe3, 0x0, 0x7, 0x10, 0x0, 0x0, 0x0,
    0xf, 0x40, 0x0, 0xf4, 0x0, 0xf, 0x40, 0xd,
    0xff, 0x20, 0x1f, 0x50, 0x0, 0xf4, 0x0, 0xf,
    0x40, 0x0, 0xf4, 0x1, 0x4f, 0x30, 0xaf, 0x90,
    0x0,

    /* U+024A "Ɋ" */
    0x0, 0x7e, 0xfc, 0x3f, 0x10, 0x8, 0xf7, 0x36,
    0xef, 0x10, 0xf, 0x80, 0x0, 0x6f, 0x10, 0x3f,
    0x30, 0x0, 0x3f, 0x10, 0x4f, 0x10, 0x0, 0x3f,
    0x10, 0x3f, 0x30, 0x0, 0x3f, 0x10, 0xf, 0x70,
    0x0, 0x6f, 0x10, 0x8, 0xf7, 0x36, 0xef, 0x10,
    0x0, 0x8e, 0xfc, 0x5f, 0x10, 0x0, 0x0, 0x0,
    0x3f, 0x10, 0x0, 0x0, 0x0, 0x1f, 0x61, 0x0,
    0x0, 0x0, 0x9, 0xf5,

    /* U+024B "ɋ" */
    0x3, 0xdf, 0x9a, 0x70, 0xe, 0xa2, 0x7f, 0x70,
    0x4f, 0x10, 0xe, 0x70, 0x5f, 0x0, 0xc, 0x70,
    0x4f, 0x10, 0xe, 0x70, 0xe, 0x92, 0x7f, 0x70,
    0x4, 0xdf, 0x9c, 0x70, 0x0, 0x0, 0xd, 0x70,
    0x0, 0x0, 0xc, 0xa1, 0x0, 0x0, 0x5, 0xf9,

    /* U+024C "Ɍ" */
    0xe, 0xff, 0xe9, 0x0, 0xe, 0x82, 0x4e, 0x80,
    0xe, 0x60, 0xa, 0xb0, 0xe, 0x60, 0x2e, 0x70,
    0xdf, 0xff, 0xf9, 0x0, 0x2e, 0x82, 0xd7, 0x0,
    0xe, 0x60, 0x5f, 0x10, 0xe, 0x60, 0xd, 0x90,
    0xe, 0x60, 0x5, 0xf3,

    /* U+024D "ɍ" */
    0x0, 0x0, 0x0, 0xf3, 0xdd, 0xf, 0xe4, 0x10,
    0xf7, 0x0, 0xdf, 0xfa, 0x1, 0xf5, 0x10, 0xf,
    0x40, 0x0, 0xf4, 0x0,

    /* U+024E "Ɏ" */
    0xac, 0x0, 0xc, 0xa0, 0xef, 0xff, 0xff, 0xe0,
    0x28, 0xe2, 0xe8, 0x20, 0x1, 0xfa, 0xf0, 0x0,
    0x0, 0x8f, 0x80, 0x0, 0x0, 0x2f, 0x20, 0x0,
    0x0, 0x2f, 0x20, 0x0, 0x0, 0x2f, 0x20, 0x0,
    0x0, 0x2f, 0x20, 0x0,

    /* U+024F "ɏ" */
    0xc8, 0x0, 0x3f, 0x26, 0xe0, 0x8, 0xc0, 0xdf,
    0xee, 0xff, 0x31, 0xaa, 0x4f, 0x20, 0x4, 0xe8,
    0xb0, 0x0, 0xe, 0xe5, 0x0, 0x0, 0x8f, 0x0,
    0x0, 0xa, 0xa0, 0x0, 0x14, 0xf3, 0x0, 0xb,
    0xe7, 0x0, 0x0,

    /* U+0370 "Ͱ" */
    0xe6, 0x0, 0xe6, 0x0, 0xe6, 0x0, 0xe6, 0x0,
    0xef, 0xff, 0xe8, 0x32, 0xe6, 0x0, 0xe6, 0x0,
    0xe6, 0x0,

    /* U+0371 "ͱ" */
    0xf, 0x40, 0x0, 0xf4, 0x0, 0xf, 0x40, 0x0,
    0xff, 0xf5, 0xf, 0x52, 0x0, 0xf4, 0x0, 0xf,
    0x40, 0x0,

    /* U+0372 "Ͳ" */
    0x4f, 0xff, 0xff, 0xf9, 0x4d, 0x29, 0xd2, 0x99,
    0x4d, 0x8, 0xc0, 0x89, 0x4d, 0x8, 0xc0, 0x89,
    0x2, 0x8, 0xc0, 0x11, 0x0, 0x8, 0xc0, 0x0,
    0x0, 0x8, 0xc0, 0x0, 0x0, 0x8, 0xc0, 0x0,
    0x0, 0x8, 0xc0, 0x0,

    /* U+0373 "ͳ" */
    0xff, 0xff, 0xff, 0xf2, 0xaa, 0x2f, 0xf1, 0xaa,
    0x1f, 0x30, 0xaa, 0x2, 0x0, 0xaa, 0x0, 0x0,
    0xaa, 0x0, 0x0, 0xaa, 0x0, 0x0, 0xaa, 0x0,
    0x0, 0xaa, 0x0, 0x0, 0xaa, 0x0,

    /* U+0374 "ʹ" */
    0x1f, 0x55, 0xd0, 0x33, 0x0,

    /* U+0375 "͵" */
    0x1, 0x50, 0x89, 0x1f, 0x50,

    /* U+0376 "Ͷ" */
    0xd5, 0x0, 0x8, 0xf4, 0xd5, 0x0, 0x2f, 0xf4,
    0xd5, 0x0, 0xb9, 0xd4, 0xd5, 0x5, 0xe1, 0xe4,
    0xd5, 0xe, 0x60, 0xe4, 0xd5, 0x9c, 0x0, 0xe4,
    0xd7, 0xf2, 0x0, 0xe4, 0xdf, 0x80, 0x0, 0xe4,
    0xde, 0x0, 0x0, 0xe4,

    /* U+0377 "ͷ" */
    0xf3, 0x0, 0xdf, 0xf3, 0x7, 0xff, 0xf3, 0x1f,
    0x7f, 0xf3, 0xba, 0x3f, 0xf7, 0xf1, 0x3f, 0xff,
    0x70, 0x3f, 0xfd, 0x0, 0x3f,

    /* U+037A "ͺ" */
    0x3, 0x0, 0xf1, 0xb, 0xa0,

    /* U+037B "ͻ" */
    0x6e, 0xfc, 0x20, 0x24, 0x3c, 0xd0, 0x0, 0x3,
    0xf2, 0x0, 0x1, 0xf3, 0x0, 0x4, 0xf1, 0x43,
    0x3c, 0xc0, 0x5e, 0xfb, 0x10,

    /* U+037C "ͼ" */
    0x2, 0xcf, 0xe4, 0xe, 0xa3, 0x41, 0x4f, 0x15,
    0x20, 0x5f, 0xc, 0x60, 0x4f, 0x10, 0x0, 0xe,
    0xa3, 0x43, 0x3, 0xcf, 0xe3,

    /* U+037D "ͽ" */
    0x6e, 0xfc, 0x20, 0x24, 0x3c, 0xd0, 0x3, 0x43,
    0xf2, 0x8, 0xa1, 0xf3, 0x0, 0x4, 0xf1, 0x43,
    0x3c, 0xc0, 0x5e, 0xfb, 0x10,

    /* U+037E ";" */
    0x1e, 0x41, 0xb3, 0x0, 0x0, 0x0, 0x0, 0x0,
    0x20, 0x2f, 0x35, 0xe0, 0x88, 0x0,

    /* U+037F "Ϳ" */
    0x0, 0xe6, 0x0, 0xe6, 0x0, 0xe6, 0x0, 0xe6,
    0x0, 0xe6, 0x0, 0xe6, 0x0, 0xe6, 0x0, 0xe6,
    0x0, 0xe5, 0x3, 0xf3, 0xef, 0xa0, 0x11, 0x0,

    /* U+0384 "΄" */
    0x2, 0x12, 0xf3, 0x69, 0x0,

    /* U+0385 "΅" */
    0x0, 0x2, 0x0, 0x2e, 0x6e, 0xa6, 0x2, 0xa6,
    0x10,

    /* U+0386 "Ά" */
    0x7e, 0x0, 0xfb, 0x0, 0xb, 0x50, 0x5d, 0xf1,
    0x0, 0x20, 0xb, 0x8c, 0x70, 0x0, 0x1, 0xf2,
    0x6c, 0x0, 0x0, 0x6c, 0x1, 0xf2, 0x0, 0xc,
    0xff, 0xff, 0x80, 0x2, 0xf4, 0x33, 0x7e, 0x0,
    0x8c, 0x0, 0x1, 0xf4, 0xd, 0x70, 0x0, 0xb,
    0x90,

    /* U+0387 "·" */
    0x1e, 0x41, 0xb3,

    /* U+0388 "Έ" */
    0x7e, 0xa, 0xff, 0xff, 0x2b, 0x50, 0xab, 0x22,
    0x20, 0x20, 0xa, 0xa0, 0x0, 0x0, 0x0, 0xaa,
    0x0, 0x0, 0x0, 0xa, 0xff, 0xfe, 0x0, 0x0,
    0xab, 0x22, 0x20, 0x0, 0xa, 0xa0, 0x0, 0x0,
    0x0, 0xab, 0x33, 0x30, 0x0, 0xa, 0xff, 0xff,
    0x20,

    /* U+0389 "Ή" */
    0x7e, 0xa, 0xa0, 0x0, 0x4f, 0xb, 0x50, 0xaa,
    0x0, 0x4, 0xf0, 0x20, 0xa, 0xa0, 0x0, 0x4f,
    0x0, 0x0, 0xaa, 0x0, 0x4, 0xf0, 0x0, 0xa,
    0xff, 0xff, 0xff, 0x0, 0x0, 0xab, 0x22, 0x26,
    0xf0, 0x0, 0xa, 0xa0, 0x0, 0x4f, 0x0, 0x0,
    0xaa, 0x0, 0x4, 0xf0, 0x0, 0xa, 0xa0, 0x0,
    0x4f, 0x0,

    /* U+038A "Ί" */
    0x7e, 0x2f, 0xff, 0x2b, 0x50, 0x2f, 0x30, 0x20,
    0x1, 0xf3, 0x0, 0x0, 0x1f, 0x30, 0x0, 0x1,
    0xf3, 0x0, 0x0, 0x1f, 0x30, 0x0, 0x1, 0xf3,
    0x0, 0x0, 0x1f, 0x30, 0x0, 0x1f, 0xff, 0x20,

    /* U+038C "Ό" */
    0x6f, 0x11, 0xae, 0xfd, 0x60, 0xb, 0x60, 0xdd,
    0x53, 0x8f, 0x60, 0x40, 0x5f, 0x20, 0x0, 0x8e,
    0x0, 0x9, 0xc0, 0x0, 0x3, 0xf2, 0x0, 0xab,
    0x0, 0x0, 0x1f, 0x40, 0x9, 0xc0, 0x0, 0x3,
    0xf2, 0x0, 0x5f, 0x20, 0x0, 0x8e, 0x0, 0x0,
    0xdd, 0x53, 0x8f, 0x60, 0x0, 0x1, 0xae, 0xfd,
    0x60, 0x0,

    /* U+038E "Ύ" */
    0x7e, 0x1e, 0x60, 0x0, 0xd8, 0xb5, 0x7, 0xe0,
    0x5, 0xe1, 0x20, 0x0, 0xe6, 0xd, 0x70, 0x0,
    0x0, 0x7e, 0x5e, 0x0, 0x0, 0x0, 0xe, 0xf7,
    0x0, 0x0, 0x0, 0x7, 0xf0, 0x0, 0x0, 0x0,
    0x6, 0xe0, 0x0, 0x0, 0x0, 0x6, 0xe0, 0x0,
    0x0, 0x0, 0x6, 0xe0, 0x0,

    /* U+038F "Ώ" */
    0x6f, 0x12, 0xbe, 0xfb, 0x30, 0xb, 0x62, 0xfb,
    0x43, 0xaf, 0x30, 0x40, 0x9d, 0x0, 0x0, 0xbb,
    0x0, 0xd, 0x80, 0x0, 0x6, 0xf0, 0x0, 0xd7,
    0x0, 0x0, 0x5f, 0x0, 0xa, 0x90, 0x0, 0x7,
    0xd0, 0x0, 0x4f, 0x10, 0x0, 0xd5, 0x0, 0x2,
    0xad, 0x10, 0xbb, 0x30, 0x0, 0xff, 0xf5, 0x3f,
    0xff, 0x10,

    /* U+0390 "ΐ" */
    0x0, 0x5f, 0x20, 0x1e, 0x89, 0x97, 0x4, 0x10,
    0x21, 0x0, 0xf4, 0x0, 0x0, 0xf4, 0x0, 0x0,
    0xf4, 0x0, 0x0, 0xf4, 0x0, 0x0, 0xf4, 0x0,
    0x0, 0xf8, 0x20, 0x0, 0x6e, 0xd0,

    /* U+0391 "Α" */
    0x0, 0xe, 0xc0, 0x0, 0x0, 0x4d, 0xf2, 0x0,
    0x0, 0xa8, 0xb7, 0x0, 0x0, 0xf3, 0x5d, 0x0,
    0x6, 0xd0, 0xf, 0x30, 0xb, 0xff, 0xff, 0x90,
    0x1f, 0x43, 0x36, 0xe0, 0x7d, 0x0, 0x0, 0xf4,
    0xd8, 0x0, 0x0, 0xaa,

    /* U+0392 "Β" */
    0xef, 0xfe, 0xb2, 0xe, 0x72, 0x3c, 0xc0, 0xe6,
    0x0, 0x6e, 0xe, 0x60, 0xb, 0xa0, 0xef, 0xff,
    0xd1, 0xe, 0x82, 0x3a, 0xd0, 0xe6, 0x0, 0x3f,
    0x2e, 0x82, 0x3a, 0xf0, 0xef, 0xff, 0xc3, 0x0,

    /* U+0393 "Γ" */
    0xdf, 0xff, 0xbd, 0x82, 0x21, 0xd6, 0x0, 0xd,
    0x60, 0x0, 0xd6, 0x0, 0xd, 0x60, 0x0, 0xd6,
    0x0, 0xd, 0x60, 0x0, 0xd6, 0x0, 0x0,

    /* U+0394 "Δ" */
    0x0, 0xe, 0xb0, 0x0, 0x0, 0x5d, 0xf2, 0x0,
    0x0, 0xb8, 0xb7, 0x0, 0x1, 0xf2, 0x5d, 0x0,
    0x7, 0xc0, 0xf, 0x30, 0xd, 0x60, 0xa, 0x90,
    0x3f, 0x10, 0x4, 0xf0, 0x9c, 0x33, 0x33, 0xf5,
    0xdf, 0xff, 0xff, 0xfa,

    /* U+0395 "Ε" */
    0xdf, 0xff, 0xfd, 0x82, 0x22, 0xd7, 0x0, 0xd,
    0x70, 0x0, 0xdf, 0xff, 0xbd, 0x82, 0x22, 0xd7,
    0x0, 0xd, 0x83, 0x32, 0xdf, 0xff, 0xf0,

    /* U+0396 "Ζ" */
    0x7f, 0xff, 0xff, 0x51, 0x33, 0x39, 0xe1, 0x0,
    0x1, 0xf6, 0x0, 0x0, 0xbb, 0x0, 0x0, 0x5f,
    0x20, 0x0, 0x1e, 0x70, 0x0, 0x9, 0xc0, 0x0,
    0x4, 0xf5, 0x33, 0x31, 0x9f, 0xff, 0xff, 0x70,

    /* U+0397 "Η" */
    0xd7, 0x0, 0x7, 0xdd, 0x70, 0x0, 0x7d, 0xd7,
    0x0, 0x7, 0xdd, 0x70, 0x0, 0x7d, 0xdf, 0xff,
    0xff, 0xdd, 0x82, 0x22, 0x8d, 0xd7, 0x0, 0x7,
    0xdd, 0x70, 0x0, 0x7d, 0xd7, 0x0, 0x7, 0xd0,

    /* U+0398 "Θ" */
    0x0, 0x6d, 0xfe, 0x91, 0x0, 0x7f, 0x83, 0x5d,
    0xd0, 0xf, 0x80, 0x0, 0x2f, 0x53, 0xf3, 0x0,
    0x0, 0xc9, 0x4f, 0x1f, 0xff, 0x6b, 0xa3, 0xf3,
    0x22, 0x21, 0xc9, 0xf, 0x80, 0x0, 0x2f, 0x50,
    0x7f, 0x83, 0x5d, 0xd0, 0x0, 0x6d, 0xfe, 0x91,
    0x0,

    /* U+0399 "Ι" */
    0x7f, 0xfb, 0x8, 0xc0, 0x8, 0xc0, 0x8, 0xc0,
    0x8, 0xc0, 0x8, 0xc0, 0x8, 0xc0, 0x8, 0xc0,
    0x7f, 0xfb,

    /* U+039A "Κ" */
    0xd7, 0x0, 0x6e, 0x2d, 0x70, 0x4f, 0x40, 0xd7,
    0x2e, 0x60, 0xd, 0x7d, 0x90, 0x0, 0xdf, 0xf9,
    0x0, 0xd, 0xa4, 0xf4, 0x0, 0xd7, 0x9, 0xd0,
    0xd, 0x70, 0xe, 0x90, 0xd7, 0x0, 0x4f, 0x40,

    /* U+039B "Λ" */
    0x0, 0x1f, 0x90, 0x0, 0x0, 0x7d, 0xe0, 0x0,
    0x0, 0xc6, 0xe4, 0x0, 0x1, 0xf1, 0x99, 0x0,
    0x7, 0xc0, 0x4f, 0x0, 0xc, 0x70, 0xf, 0x40,
    0x2f, 0x20, 0xa, 0xa0, 0x7d, 0x0, 0x5, 0xf0,
    0xd8, 0x0, 0x0, 0xf5,

    /* U+039C "Μ" */
    0xdf, 0x20, 0x0, 0x2f, 0xed, 0xe7, 0x0, 0x7,
    0xee, 0xd9, 0xd0, 0x0, 0xd9, 0xed, 0x5f, 0x20,
    0x3e, 0x6e, 0xd5, 0xa8, 0x8, 0x86, 0xed, 0x55,
    0xd0, 0xe3, 0x6e, 0xd5, 0xf, 0x7d, 0x6, 0xed,
    0x50, 0xaf, 0x80, 0x6e, 0xd5, 0x4, 0xf2, 0x6,
    0xe0,

    /* U+039D "Ν" */
    0xde, 0x10, 0x0, 0xf2, 0xdf, 0x90, 0x0, 0xf2,
    0xd8, 0xf3, 0x0, 0xf2, 0xd4, 0xac, 0x0, 0xf2,
    0xd4, 0x2f, 0x50, 0xf2, 0xd5, 0x7, 0xe0, 0xf2,
    0xd5, 0x0, 0xd8, 0xf2, 0xd5, 0x0, 0x4f, 0xf2,
    0xd5, 0x0, 0xb, 0xf2,

    /* U+039E "Ξ" */
    0xf, 0xff, 0xff, 0x80, 0x33, 0x33, 0x31, 0x0,
    0x0, 0x0, 0x0, 0x0, 0x0, 0x0, 0x9, 0xff,
    0xff, 0x10, 0x13, 0x33, 0x30, 0x0, 0x0, 0x0,
    0x0, 0x33, 0x33, 0x32, 0x4f, 0xff, 0xff, 0xc0,

    /* U+039F "Ο" */
    0x0, 0x6d, 0xfe, 0x91, 0x0, 0x7f, 0x83, 0x5d,
    0xd0, 0xf, 0x80, 0x0, 0x2f, 0x53, 0xf3, 0x0,
    0x0, 0xc9, 0x4f, 0x10, 0x0, 0xb, 0xa3, 0xf3,
    0x0, 0x0, 0xc9, 0xf, 0x80, 0x0, 0x2f, 0x50,
    0x7f, 0x83, 0x5d, 0xd0, 0x0, 0x6d, 0xfe, 0x91,
    0x0,

    /* U+03A0 "Π" */
    0xdf, 0xff, 0xff, 0xbd, 0x83, 0x33, 0xab, 0xd7,
    0x0, 0x9, 0xbd, 0x70, 0x0, 0x9b, 0xd7, 0x0,
    0x9, 0xbd, 0x70, 0x0, 0x9b, 0xd7, 0x0, 0x9,
    0xbd, 0x70, 0x0, 0x9b, 0xd7, 0x0, 0x9, 0xb0,

    /* U+03A1 "Ρ" */
    0xef, 0xfe, 0x90, 0xe8, 0x25, 0xe7, 0xe6, 0x0,
    0xab, 0xe6, 0x3, 0xe8, 0xef, 0xff, 0xa0, 0xe8,
    0x20, 0x0, 0xe6, 0x0, 0x0, 0xe6, 0x0, 0x0,
    0xe6, 0x0, 0x0,

    /* U+03A3 "Σ" */
    0x7f, 0xff, 0xff, 0x52, 0xf9, 0x22, 0x20, 0x5,
    0xf3, 0x0, 0x0, 0x7, 0xe2, 0x0, 0x0, 0x1f,
    0x50, 0x0, 0xb, 0xa0, 0x0, 0x8, 0xd0, 0x0,
    0x4, 0xf5, 0x33, 0x31, 0x9f, 0xff, 0xff, 0x70,

    /* U+03A4 "Τ" */
    0xdf, 0xff, 0xff, 0x92, 0x36, 0xf3, 0x31, 0x0,
    0x4f, 0x0, 0x0, 0x4, 0xf0, 0x0, 0x0, 0x4f,
    0x0, 0x0, 0x4, 0xf0, 0x0, 0x0, 0x4f, 0x0,
    0x0, 0x4, 0xf0, 0x0, 0x0, 0x4f, 0x0, 0x0,

    /* U+03A5 "Υ" */
    0xba, 0x0, 0xa, 0xc0, 0x3f, 0x20, 0x2f, 0x30,
    0xb, 0xa0, 0xab, 0x0, 0x3, 0xf4, 0xf3, 0x0,
    0x0, 0xbf, 0xa0, 0x0, 0x0, 0x3f, 0x30, 0x0,
    0x0, 0x2f, 0x20, 0x0, 0x0, 0x2f, 0x20, 0x0,
    0x0, 0x2f, 0x20, 0x0,

    /* U+03A6 "Φ" */
    0x0, 0x0, 0x7d, 0x0, 0x0, 0x1, 0x9d, 0xff,
    0xeb, 0x30, 0xc, 0xc4, 0x9d, 0x39, 0xf2, 0x3f,
    0x10, 0x7d, 0x0, 0xc9, 0x5f, 0x0, 0x7d, 0x0,
    0x9b, 0x4f, 0x10, 0x7d, 0x0, 0xc9, 0xd, 0xa1,
    0x7d, 0x6, 0xf3, 0x2, 0xbf, 0xff, 0xfe, 0x50,
    0x0, 0x0, 0x8d, 0x10, 0x0,

    /* U+03A7 "Χ" */
    0x7e, 0x0, 0xa, 0xc0, 0xd, 0x80, 0x3f, 0x20,
    0x3, 0xf2, 0xc8, 0x0, 0x0, 0x9e, 0xe0, 0x0,
    0x0, 0x4f, 0x90, 0x0, 0x0, 0xcb, 0xf2, 0x0,
    0x6, 0xe0, 0xab, 0x0, 0x1f, 0x50, 0x1f, 0x50,
    0xab, 0x0, 0x7, 0xe1,

    /* U+03A8 "Ψ" */
    0xf5, 0x9, 0xa0, 0x4f, 0xf5, 0x9, 0xa0, 0x4f,
    0xe5, 0x9, 0xa0, 0x4f, 0xd6, 0x9, 0xa0, 0x6d,
    0x8d, 0x29, 0xa2, 0xd9, 0xa, 0xff, 0xff, 0xa1,
    0x0, 0xa, 0xa0, 0x0, 0x0, 0x9, 0xa0, 0x0,
    0x0, 0x9, 0xa0, 0x0,

    /* U+03A9 "Ω" */
    0x0, 0x8e, 0xfd, 0x60, 0x0, 0xcd, 0x53, 0x7f,
    0x80, 0x4f, 0x20, 0x0, 0x6f, 0x18, 0xd0, 0x0,
    0x1, 0xf4, 0x8c, 0x0, 0x0, 0xf, 0x56, 0xe0,
    0x0, 0x2, 0xf2, 0xe, 0x50, 0x0, 0x9a, 0x2,
    0x6e, 0x40, 0x7e, 0x41, 0xaf, 0xfa, 0xe, 0xff,
    0x60,

    /* U+03AA "Ϊ" */
    0x0, 0x0, 0x97, 0x3d, 0x11, 0x2, 0x0, 0x0,
    0x7f, 0xfb, 0x8, 0xc0, 0x8, 0xc0, 0x8, 0xc0,
    0x8, 0xc0, 0x8, 0xc0, 0x8, 0xc0, 0x8, 0xc0,
    0x7f, 0xfb,

    /* U+03AB "Ϋ" */
    0x0, 0x0, 0x0, 0x0, 0x3, 0xd0, 0xd3, 0x0,
    0x0, 0x20, 0x20, 0x0, 0x0, 0x0, 0x0, 0x0,
    0xba, 0x0, 0xa, 0xc0, 0x3f, 0x20, 0x2f, 0x30,
    0xb, 0xa0, 0xab, 0x0, 0x3, 0xf4, 0xf3, 0x0,
    0x0, 0xbf, 0xa0, 0x0, 0x0, 0x3f, 0x30, 0x0,
    0x0, 0x2f, 0x20, 0x0, 0x0, 0x2f, 0x20, 0x0,
    0x0, 0x2f, 0x20, 0x0,

    /* U+03AC "ά" */
    0x0, 0x5, 0xf1, 0x0, 0x0, 0x9, 0x70, 0x0,
    0x0, 0x2, 0x0, 0x0, 0x3, 0xdf, 0x8a, 0x70,
    0xe, 0x92, 0x7f, 0x70, 0x3f, 0x10, 0xe, 0x70,
    0x5f, 0x0, 0xc, 0x70, 0x4f, 0x0, 0xe, 0x70,
    0xe, 0x92, 0x6f, 0x90, 0x4, 0xdf, 0x96, 0xf4,

    /* U+03AD "έ" */
    0x0, 0xb, 0xb0, 0x0, 0xe, 0x20, 0x0, 0x2,
    0x0, 0x7, 0xef, 0xc2, 0x2f, 0x41, 0x50, 0x2f,
    0x40, 0x0, 0x7, 0xff, 0x20, 0x5e, 0x20, 0x0,
    0x6f, 0x31, 0x41, 0x9, 0xef, 0xd2,

    /* U+03AE "ή" */
    0x0, 0xd, 0x90, 0x0, 0x1, 0xe1, 0x0, 0x0,
    0x1, 0x0, 0x0, 0xf6, 0xdf, 0xa0, 0xf, 0xc1,
    0x2f, 0x50, 0xf5, 0x0, 0xc7, 0xf, 0x40, 0xc,
    0x70, 0xf4, 0x0, 0xc7, 0xf, 0x40, 0xc, 0x70,
    0xf4, 0x0, 0xc7, 0x0, 0x0, 0xc, 0x70, 0x0,
    0x0, 0xc7, 0x0, 0x0, 0xc, 0x70,

    /* U+03AF "ί" */
    0x3, 0xf3, 0x7, 0x90, 0x1, 0x0, 0xf, 0x40,
    0xf, 0x40, 0xf, 0x40, 0xf, 0x40, 0xf, 0x40,
    0xf, 0x82, 0x6, 0xed,

    /* U+03B0 "ΰ" */
    0x0, 0x8, 0xe0, 0x0, 0x4b, 0xb6, 0xb4, 0x0,
    0x32, 0x3, 0x1, 0xf3, 0x1, 0xf3, 0x1f, 0x30,
    0xe, 0x61, 0xf3, 0x0, 0xc7, 0xf, 0x30, 0xc,
    0x70, 0xf4, 0x0, 0xe6, 0xd, 0xa2, 0x8f, 0x10,
    0x3d, 0xfc, 0x30,

    /* U+03B1 "α" */
    0x3, 0xdf, 0x8a, 0x70, 0xe, 0x92, 0x7f, 0x70,
    0x3f, 0x10, 0xe, 0x70, 0x5f, 0x0, 0xc, 0x70,
    0x4f, 0x0, 0xe, 0x70, 0xe, 0x92, 0x6f, 0x90,
    0x4, 0xdf, 0x96, 0xf4,

    /* U+03B2 "β" */
    0x1, 0xbf, 0xe7, 0x0, 0xbb, 0x26, 0xf3, 0xf,
    0x40, 0xf, 0x50, 0xf4, 0x3, 0xf1, 0xf, 0x4e,
    0xf5, 0x0, 0xf4, 0x15, 0xe4, 0xf, 0x40, 0x9,
    0xb0, 0xf4, 0x0, 0x9c, 0xf, 0x92, 0x4e, 0x70,
    0xfc, 0xff, 0x90, 0xf, 0x40, 0x0, 0x0, 0xf4,
    0x0, 0x0, 0xf, 0x40, 0x0, 0x0,

    /* U+03B3 "γ" */
    0xd7, 0x0, 0x4f, 0x8c, 0x0, 0x5d, 0x2f, 0x10,
    0x7c, 0xd, 0x60, 0xb8, 0x7, 0xb2, 0xf2, 0x2,
    0xfc, 0x90, 0x0, 0xdd, 0x0, 0x0, 0xb9, 0x0,
    0x0, 0xb9, 0x0, 0x0, 0x54, 0x0,

    /* U+03B4 "δ" */
    0x0, 0x9f, 0xea, 0x0, 0x6e, 0x23, 0x90, 0x6,
    0xe1, 0x0, 0x0, 0xb, 0xe5, 0x0, 0x6, 0xe8,
    0xe8, 0x2, 0xf3, 0x2, 0xf3, 0x7d, 0x0, 0xc,
    0x77, 0xe0, 0x0, 0xd7, 0x2f, 0x82, 0x7f, 0x20,
    0x4d, 0xfd, 0x40,

    /* U+03B5 "ε" */
    0x7, 0xef, 0xc2, 0x2f, 0x41, 0x50, 0x2f, 0x40,
    0x0, 0x7, 0xff, 0x20, 0x5e, 0x20, 0x0, 0x6f,
    0x31, 0x41, 0x9, 0xef, 0xd2,

    /* U+03B6 "ζ" */
    0xf, 0xff, 0xf9, 0x0, 0x4, 0xf2, 0x0, 0x1e,
    0x50, 0x0, 0xba, 0x0, 0x6, 0xe0, 0x0, 0xe,
    0x50, 0x0, 0x4f, 0x0, 0x0, 0x4f, 0x10, 0x0,
    0xd, 0xe8, 0x30, 0x0, 0x6b, 0xf5, 0x0, 0x0,
    0xc7, 0x0, 0x0, 0xf3, 0x0, 0x0, 0x0,

    /* U+03B7 "η" */
    0xf, 0x6d, 0xfa, 0x0, 0xfc, 0x12, 0xf5, 0xf,
    0x50, 0xc, 0x70, 0xf4, 0x0, 0xc7, 0xf, 0x40,
    0xc, 0x70, 0xf4, 0x0, 0xc7, 0xf, 0x40, 0xc,
    0x70, 0x0, 0x0, 0xc7, 0x0, 0x0, 0xc, 0x70,
    0x0, 0x0, 0xc7,

    /* U+03B8 "θ" */
    0x2, 0xbf, 0xd3, 0x0, 0xba, 0x28, 0xe0, 0x1f,
    0x20, 0xe, 0x44, 0xf0, 0x0, 0xc7, 0x5f, 0xee,
    0xef, 0x85, 0xf1, 0x11, 0xc8, 0x4f, 0x0, 0xc,
    0x71, 0xf2, 0x0, 0xf4, 0xb, 0xa2, 0x8e, 0x0,
    0x1b, 0xfd, 0x30,

    /* U+03B9 "ι" */
    0xf, 0x40, 0xf, 0x40, 0xf, 0x40, 0xf, 0x40,
    0xf, 0x40, 0xf, 0x82, 0x6, 0xed,

    /* U+03BA "κ" */
    0xf4, 0x6, 0xe2, 0xf4, 0x3f, 0x40, 0xf5, 0xe7,
    0x0, 0xfe, 0xf3, 0x0, 0xf8, 0x8d, 0x0, 0xf4,
    0xd, 0x90, 0xf4, 0x3, 0xf4,

    /* U+03BB "λ" */
    0xee, 0x60, 0x0, 0x1, 0x5f, 0x20, 0x0, 0x0,
    0xb8, 0x0, 0x0, 0xc, 0xe0, 0x0, 0x1, 0xee,
    0x40, 0x0, 0x6b, 0xa9, 0x0, 0xc, 0x64, 0xe0,
    0x1, 0xf2, 0xf, 0x50, 0x6d, 0x0, 0xab, 0x1c,
    0x90, 0x4, 0xe6,

    /* U+03BC "μ" */
    0xf, 0x40, 0xb, 0x80, 0xf, 0x40, 0xb, 0x80,
    0xf, 0x40, 0xb, 0x80, 0xf, 0x40, 0xb, 0x80,
    0xf, 0x40, 0xd, 0x80, 0xf, 0xa2, 0x6f, 0xa0,
    0xf, 0xcf, 0xb5, 0xe5, 0xf, 0x30, 0x0, 0x0,
    0xf, 0x40, 0x0, 0x0, 0xf, 0x40, 0x0, 0x0,

    /* U+03BD "ν" */
    0xd7, 0x0, 0x4f, 0x8c, 0x0, 0x5d, 0x2f, 0x10,
    0x7c, 0xd, 0x60, 0xb8, 0x8, 0xa1, 0xf2, 0x3,
    0xfb, 0xa0, 0x0, 0xde, 0x10,

    /* U+03BE "ξ" */
    0xf, 0xff, 0xf9, 0x5, 0xb3, 0x10, 0xe, 0x40,
    0x0, 0xd, 0x90, 0x0, 0x2, 0xef, 0xe6, 0xc,
    0x92, 0x10, 0x4f, 0x0, 0x0, 0x4f, 0x10, 0x0,
    0xd, 0xe8, 0x30, 0x0, 0x6b, 0xf5, 0x0, 0x0,
    0xb8, 0x0, 0x0, 0xe4, 0x0, 0x0, 0x0,

    /* U+03BF "ο" */
    0x2, 0xbf, 0xd5, 0x0, 0xda, 0x26, 0xf3, 0x3f,
    0x10, 0xc, 0x95, 0xf0, 0x0, 0xaa, 0x3f, 0x10,
    0xc, 0x80, 0xd9, 0x25, 0xf3, 0x2, 0xcf, 0xd5,
    0x0,

    /* U+03C0 "π" */
    0xcf, 0xff, 0xff, 0xfe, 0x7, 0xd0, 0xb, 0x90,
    0x7, 0xd0, 0xb, 0x90, 0x7, 0xd0, 0xb, 0x90,
    0x7, 0xd0, 0xb, 0x90, 0x7, 0xd0, 0xa, 0xb1,
    0x7, 0xd0, 0x5, 0xfa,

    /* U+03C1 "ρ" */
    0x1, 0xbf, 0xd4, 0x0, 0xca, 0x27, 0xf2, 0x1f,
    0x30, 0xd, 0x73, 0xf1, 0x0, 0xb9, 0x3f, 0x10,
    0xd, 0x83, 0xf7, 0x26, 0xf2, 0x3f, 0xbf, 0xe5,
    0x3, 0xf1, 0x0, 0x0, 0x3f, 0x10, 0x0, 0x3,
    0xf1, 0x0, 0x0,

    /* U+03C2 "ς" */
    0x2, 0xbf, 0xe4, 0xd, 0xa3, 0x41, 0x3f, 0x10,
    0x0, 0x5f, 0x0, 0x0, 0x4f, 0x10, 0x0, 0x1f,
    0xa1, 0x0, 0x4, 0xdf, 0xb1, 0x0, 0x4, 0xe7,
    0x0, 0x0, 0xd6, 0x0, 0x1, 0xa1,

    /* U+03C3 "σ" */
    0x2, 0xbf, 0xff, 0xf1, 0xe, 0xa1, 0x4e, 0x10,
    0x4f, 0x10, 0xe, 0x50, 0x5f, 0x0, 0xc, 0x80,
    0x4f, 0x0, 0xd, 0x70, 0xe, 0x92, 0x7f, 0x10,
    0x3, 0xcf, 0xd4, 0x0,

    /* U+03C4 "τ" */
    0xcf, 0xff, 0xfa, 0x1, 0xf3, 0x0, 0x1, 0xf3,
    0x0, 0x1, 0xf3, 0x0, 0x1, 0xf3, 0x0, 0x0,
    0xf7, 0x11, 0x0, 0x7e, 0xf3,

    /* U+03C5 "υ" */
    0x1f, 0x30, 0x1f, 0x31, 0xf3, 0x0, 0xe6, 0x1f,
    0x30, 0xc, 0x70, 0xf3, 0x0, 0xc7, 0xf, 0x40,
    0xe, 0x60, 0xda, 0x28, 0xf1, 0x3, 0xdf, 0xc3,
    0x0,

    /* U+03C6 "φ" */
    0x0, 0x1, 0xf2, 0x0, 0x0, 0x0, 0x1f, 0x20,
    0x0, 0x0, 0x1, 0xf2, 0x0, 0x0, 0x2b, 0xef,
    0xfa, 0x10, 0xd, 0xa2, 0xf3, 0xbc, 0x3, 0xf1,
    0x1f, 0x21, 0xf3, 0x5f, 0x1, 0xf2, 0xf, 0x53,
    0xf1, 0x1f, 0x21, 0xf3, 0xc, 0xb3, 0xf4, 0xbc,
    0x0, 0x19, 0xef, 0xe9, 0x10, 0x0, 0x1, 0xf2,
    0x0, 0x0, 0x0, 0x1f, 0x20, 0x0, 0x0, 0x1,
    0xf2, 0x0, 0x0,

    /* U+03C7 "χ" */
    0xbd, 0x10, 0x6, 0xd0, 0x1b, 0xa0, 0xe, 0x50,
    0x3, 0xf1, 0x6c, 0x0, 0x0, 0xb9, 0xe4, 0x0,
    0x0, 0x4f, 0xb0, 0x0, 0x0, 0x2f, 0x80, 0x0,
    0x0, 0xbc, 0xe0, 0x0, 0x5, 0xe0, 0xe6, 0x0,
    0xe, 0x50, 0x7e, 0x30, 0x8c, 0x0, 0xb, 0xf2,

    /* U+03C8 "ψ" */
    0x0, 0x0, 0xf4, 0x0, 0x0, 0x0, 0xf, 0x40,
    0x0, 0x0, 0x0, 0xf4, 0x0, 0x1, 0xf2, 0xf,
    0x41, 0xf2, 0x1f, 0x20, 0xf4, 0xe, 0x51, 0xf2,
    0xf, 0x40, 0xd6, 0x1f, 0x20, 0xf4, 0xd, 0x70,
    0xf4, 0xf, 0x40, 0xf5, 0xb, 0xc3, 0xf6, 0xae,
    0x0, 0x1a, 0xff, 0xfc, 0x30, 0x0, 0x0, 0xf4,
    0x0, 0x0, 0x0, 0xf, 0x40, 0x0, 0x0, 0x0,
    0xf4, 0x0, 0x0,

    /* U+03C9 "ω" */
    0x7, 0xb0, 0x0, 0xe, 0x50, 0xe, 0x40, 0x0,
    0x7, 0xc0, 0x2f, 0x10, 0x75, 0x3, 0xf0, 0x3f,
    0x0, 0xb8, 0x2, 0xf1, 0x2f, 0x10, 0xb8, 0x3,
    0xf0, 0xe, 0x83, 0xdd, 0x2a, 0xb0, 0x4, 0xdf,
    0x58, 0xfc, 0x20,

    /* U+03CA "ϊ" */
    0xe, 0xa, 0x50, 0x40, 0x31, 0x0, 0xf4, 0x0,
    0xf, 0x40, 0x0, 0xf4, 0x0, 0xf, 0x40, 0x0,
    0xf4, 0x0, 0xf, 0x82, 0x0, 0x6e, 0xd0,

    /* U+03CB "ϋ" */
    0x3, 0xc0, 0xd2, 0x0, 0x3, 0x4, 0x0, 0x1f,
    0x30, 0x1f, 0x31, 0xf3, 0x0, 0xe6, 0x1f, 0x30,
    0xc, 0x70, 0xf3, 0x0, 0xc7, 0xf, 0x40, 0xe,
    0x60, 0xda, 0x28, 0xf1, 0x3, 0xdf, 0xc3, 0x0,

    /* U+03CC "ό" */
    0x0, 0x3, 0xf3, 0x0, 0x0, 0x79, 0x0, 0x0,
    0x1, 0x0, 0x0, 0x2b, 0xfd, 0x50, 0xd, 0xa2,
    0x6f, 0x33, 0xf1, 0x0, 0xc9, 0x5f, 0x0, 0xa,
    0xa3, 0xf1, 0x0, 0xc8, 0xd, 0x92, 0x5f, 0x30,
    0x2c, 0xfd, 0x50,

    /* U+03CD "ύ" */
    0x0, 0x6, 0xe1, 0x0, 0x0, 0xa6, 0x0, 0x0,
    0x2, 0x0, 0x1, 0xf3, 0x1, 0xf3, 0x1f, 0x30,
    0xe, 0x61, 0xf3, 0x0, 0xc7, 0xf, 0x30, 0xc,
    0x70, 0xf4, 0x0, 0xe6, 0xd, 0xa2, 0x8f, 0x10,
    0x3d, 0xfc, 0x30,

    /* U+03CE "ώ" */
    0x0, 0x0, 0xe, 0x70, 0x0, 0x0, 0x0, 0x3d,
    0x0, 0x0, 0x0, 0x0, 0x11, 0x0, 0x0, 0x7,
    0xb0, 0x0, 0xe, 0x50, 0xe, 0x40, 0x0, 0x7,
    0xc0, 0x2f, 0x10, 0x75, 0x3, 0xf0, 0x3f, 0x0,
    0xb8, 0x2, 0xf1, 0x2f, 0x10, 0xb8, 0x3, 0xf0,
    0xe, 0x83, 0xdd, 0x2a, 0xb0, 0x4, 0xdf, 0x58,
    0xfc, 0x20,

    /* U+03CF "Ϗ" */
    0xe6, 0x0, 0x6e, 0x2e, 0x60, 0x4f, 0x40, 0xe6,
    0x2e, 0x60, 0xe, 0x7d, 0x90, 0x0, 0xef, 0xf9,
    0x0, 0xe, 0x94, 0xf3, 0x0, 0xe6, 0xa, 0xd0,
    0xe, 0x60, 0xe, 0x90, 0xe6, 0x0, 0x4f, 0x30,
    0x0, 0x1, 0xf6, 0x75, 0x35, 0xdd, 0x17, 0xdf,
    0xea, 0x20,

    /* U+03D0 "ϐ" */
    0x4, 0xcf, 0xc2, 0x2, 0xf6, 0xb, 0x70, 0x9c,
    0xdf, 0xb1, 0xd, 0x60, 0x0, 0x0, 0xf7, 0xbe,
    0xa1, 0xf, 0xc3, 0x2b, 0xc0, 0xe4, 0x0, 0x3f,
    0x1c, 0x70, 0x4, 0xf0, 0x7d, 0x32, 0xcb, 0x0,
    0x9e, 0xfa, 0x10,

    /* U+03D1 "ϑ" */
    0x0, 0xaf, 0xd4, 0x0, 0x6, 0xe2, 0x8f, 0x10,
    0x7, 0xc0, 0xd, 0x70, 0x2, 0xf6, 0x9, 0xa0,
    0x0, 0x4c, 0xff, 0xf9, 0xae, 0x40, 0x7, 0xe1,
    0x1c, 0x70, 0x7, 0xd0, 0xc, 0x60, 0xa, 0xa0,
    0xb, 0xa1, 0x6f, 0x30, 0x3, 0xdf, 0xd5, 0x0,

    /* U+03D2 "ϒ" */
    0xba, 0x0, 0x7, 0xf2, 0x3f, 0x20, 0x2f, 0x40,
    0xb, 0xa0, 0x9b, 0x0, 0x3, 0xf4, 0xf3, 0x0,
    0x0, 0xbf, 0xa0, 0x0, 0x0, 0x3f, 0x30, 0x0,
    0x0, 0x2f, 0x20, 0x0, 0x0, 0x2f, 0x20, 0x0,
    0x0, 0x2f, 0x20, 0x0,

    /* U+03D3 "ϓ" */
    0x7e, 0x1f, 0x60, 0x0, 0xad, 0xb5, 0x8, 0xd0,
    0x6, 0xe2, 0x20, 0x0, 0xe6, 0xd, 0x70, 0x0,
    0x0, 0x7d, 0x6e, 0x0, 0x0, 0x0, 0xe, 0xf6,
    0x0, 0x0, 0x0, 0x8, 0xe0, 0x0, 0x0, 0x0,
    0x6, 0xe0, 0x0, 0x0, 0x0, 0x6, 0xe0, 0x0,
    0x0, 0x0, 0x6, 0xe0, 0x0,

    /* U+03D4 "ϔ" */
    0x0, 0x0, 0x0, 0x0, 0x2, 0xe0, 0xd4, 0x0,
    0x0, 0x20, 0x20, 0x0, 0x0, 0x0, 0x0, 0x0,
    0xba, 0x0, 0x7, 0xf2, 0x3f, 0x20, 0x2f, 0x40,
    0xb, 0xa0, 0x9b, 0x0, 0x3, 0xf4, 0xf3, 0x0,
    0x0, 0xbf, 0xa0, 0x0, 0x0, 0x3f, 0x30, 0x0,
    0x0, 0x2f, 0x20, 0x0, 0x0, 0x2f, 0x20, 0x0,
    0x0, 0x2f, 0x20, 0x0,

    /* U+03D5 "ϕ" */
    0x0, 0x1, 0xf2, 0x0, 0x0, 0x0, 0x1f, 0x20,
    0x0, 0x0, 0x1, 0xf2, 0x0, 0x0, 0x2b, 0xef,
    0xfa, 0x10, 0xd, 0xa2, 0xf3, 0xbc, 0x3, 0xf1,
    0x1f, 0x21, 0xf3, 0x5f, 0x1, 0xf2, 0xf, 0x53,
    0xf1, 0x1f, 0x21, 0xf3, 0xc, 0xb3, 0xf4, 0xbc,
    0x0, 0x19, 0xef, 0xe9, 0x10, 0x0, 0x1, 0xf2,
    0x0, 0x0, 0x0, 0x1f, 0x20, 0x0, 0x0, 0x1,
    0xf2, 0x0, 0x0,

    /* U+03D6 "ϖ" */
    0xbf, 0xff, 0xff, 0xff, 0xff, 0x80, 0x7c, 0x11,
    0x11, 0x1e, 0x50, 0xa, 0x90, 0x18, 0x0, 0xb7,
    0x0, 0xb7, 0x2, 0xf0, 0xa, 0x90, 0xa, 0x90,
    0x3f, 0x0, 0xb8, 0x0, 0x6e, 0x38, 0xe6, 0x4f,
    0x30, 0x0, 0xaf, 0xc2, 0xdf, 0x80, 0x0,

    /* U+03D7 "ϗ" */
    0xf4, 0x6, 0xe2, 0xf4, 0x3f, 0x40, 0xf5, 0xe7,
    0x0, 0xfe, 0xf3, 0x0, 0xf8, 0x8d, 0x0, 0xf4,
    0xd, 0x90, 0xf4, 0x3, 0xf4, 0x20, 0x3, 0xf6,
    0x9d, 0xed, 0x70,

    /* U+03D8 "Ϙ" */
    0x0, 0x8d, 0xfe, 0xa1, 0x0, 0xae, 0x63, 0x5d,
    0xd0, 0x1f, 0x50, 0x0, 0x1f, 0x54, 0xf1, 0x0,
    0x0, 0xe8, 0x3f, 0x30, 0x0, 0xf, 0x70, 0xdb,
    0x10, 0x8, 0xf2, 0x3, 0xef, 0xde, 0xf5, 0x0,
    0x0, 0x4f, 0x70, 0x0, 0x0, 0x0, 0xf4, 0x0,
    0x0,

    /* U+03D9 "ϙ" */
    0x2, 0xbf, 0xd5, 0x0, 0xda, 0x26, 0xf3, 0x3f,
    0x10, 0xb, 0x95, 0xf0, 0x0, 0xaa, 0x3f, 0x10,
    0xb, 0x90, 0xd9, 0x14, 0xf3, 0x2, 0xcf, 0xe6,
    0x0, 0x0, 0xf5, 0x0, 0x0, 0xf, 0x50, 0x0,
    0x0, 0xf5, 0x0,

    /* U+03DA "Ϛ" */
    0x0, 0x7d, 0xfe, 0xb1, 0xa, 0xe7, 0x34, 0x70,
    0x2f, 0x50, 0x0, 0x0, 0x4f, 0x10, 0x0, 0x0,
    0x2f, 0x40, 0x0, 0x0, 0xc, 0xd3, 0x0, 0x0,
    0x1, 0xaf, 0xf4, 0x0, 0x0, 0x0, 0xf4, 0x0,
    0x0, 0x0, 0xf4, 0x0,

    /* U+03DB "ϛ" */
    0x2, 0xbf, 0xe4, 0xd, 0xa3, 0x51, 0x3f, 0x10,
    0x0, 0x5f, 0x0, 0x0, 0x5f, 0x0, 0x0, 0x1f,
    0x80, 0x0, 0x7, 0xfe, 0x80, 0x0, 0x17, 0xf4,
    0x0, 0x1, 0xe5, 0x2, 0xef, 0xa0,

    /* U+03DC "Ϝ" */
    0xdf, 0xff, 0xed, 0x82, 0x22, 0xd6, 0x0, 0xd,
    0x60, 0x0, 0xdf, 0xff, 0x9d, 0x82, 0x9a, 0xd6,
    0x6, 0x7d, 0x60, 0x0, 0xd6, 0x0, 0x0,

    /* U+03DD "ϝ" */
    0xdf, 0xff, 0xfd, 0x82, 0x22, 0xd6, 0x0, 0xd,
    0x60, 0x0, 0xdf, 0xff, 0x9d, 0x82, 0x99, 0xd6,
    0x6, 0x7d, 0x60, 0x0, 0xd6, 0x0, 0xd, 0x60,
    0x0,

    /* U+03DE "Ϟ" */
    0xe, 0xd2, 0x0, 0x0, 0x1d, 0x70, 0x0, 0x0,
    0xe5, 0x0, 0x0, 0x3f, 0x10, 0x0, 0x7, 0xff,
    0xff, 0x60, 0x12, 0x24, 0xf1, 0x0, 0x0, 0x6c,
    0x0, 0x0, 0x9, 0xb1, 0x0, 0x0, 0x4e, 0xa0,

    /* U+03DF "ϟ" */
    0x1f, 0xd1, 0x0, 0x0, 0x2f, 0x40, 0x0, 0x1,
    0xf2, 0x0, 0x0, 0x6d, 0x0, 0x0, 0xc, 0x70,
    0x1, 0x2, 0xf8, 0x9d, 0xf0, 0x6f, 0xc9, 0xac,
    0x1, 0x0, 0xc, 0x70, 0x0, 0x1, 0xf2, 0x0,
    0x0, 0x6c, 0x0, 0x0, 0xb, 0x70, 0x0, 0x0,
    0xd8, 0x10, 0x0, 0x6, 0xfa, 0x0,

    /* U+03E0 "Ϡ" */
    0x8, 0xef, 0xd5, 0x0, 0x8, 0x53, 0xbf, 0x50,
    0x0, 0x1a, 0xdb, 0xd0, 0x0, 0x88, 0x5, 0xf2,
    0x0, 0x0, 0x8e, 0xf4, 0x0, 0x6, 0x91, 0xf5,
    0x0, 0x0, 0x2, 0xf3, 0x0, 0x0, 0x4, 0xf1,
    0x0, 0x0, 0x9, 0xc0,

    /* U+03E1 "ϡ" */
    0xa, 0x50, 0x0, 0x0, 0x9, 0xed, 0x40, 0x0,
    0x0, 0x8, 0xf5, 0x0, 0x0, 0x0, 0x9f, 0x20,
    0x0, 0x3d, 0xdd, 0xa0, 0x0, 0x23, 0x5, 0xf0,
    0x0, 0x0, 0x4a, 0xf5, 0x0, 0xa, 0xb5, 0xd6,
    0x0, 0x0, 0x0, 0xc7, 0x0, 0x0, 0x0, 0xd7,
    0x0, 0x0, 0x0, 0xf4, 0x0, 0x0, 0x4, 0xf1,
    0x0, 0x0, 0x9, 0xc0,

    /* U+03F0 "ϰ" */
    0xae, 0x50, 0x4, 0xf2, 0x7, 0xe0, 0x1e, 0xc0,
    0x2, 0xf1, 0xbf, 0x80, 0x2, 0xf8, 0xcc, 0x60,
    0x4, 0xfe, 0x1c, 0x60, 0x7, 0xf5, 0xa, 0xa1,
    0xc, 0x90, 0x2, 0xde,

    /* U+03F1 "ϱ" */
    0x1, 0xbf, 0xd4, 0x0, 0xbb, 0x27, 0xf2, 0x1f,
    0x30, 0xd, 0x72, 0xf1, 0x0, 0xb9, 0x3f, 0x10,
    0xc, 0x83, 0xf7, 0x26, 0xf3, 0x2f, 0xbf, 0xe5,
    0x0, 0xf5, 0x0, 0x0, 0x6, 0xff, 0xe7, 0x0,
    0x0, 0x18, 0xc0,

    /* U+03F2 "ϲ" */
    0x2, 0xcf, 0xe4, 0xe, 0xa3, 0x41, 0x4f, 0x10,
    0x0, 0x5f, 0x0, 0x0, 0x4f, 0x10, 0x0, 0xe,
    0xa3, 0x42, 0x3, 0xcf, 0xe3,

    /* U+03F3 "ϳ" */
    0x0, 0xe3, 0x0, 0x71, 0x0, 0x0, 0x0, 0xf4,
    0x0, 0xf4, 0x0, 0xf4, 0x0, 0xf4, 0x0, 0xf4,
    0x0, 0xf4, 0x0, 0xf4, 0x0, 0xf3, 0x15, 0xf2,
    0x9f, 0x90,

    /* U+03F4 "ϴ" */
    0x0, 0x6d, 0xfe, 0x91, 0x0, 0x7f, 0x73, 0x4d,
    0xd0, 0xf, 0x70, 0x0, 0x1f, 0x53, 0xf2, 0x0,
    0x0, 0xc9, 0x4f, 0xff, 0xff, 0xff, 0xa3, 0xf4,
    0x22, 0x22, 0xc9, 0xf, 0x60, 0x0, 0x1f, 0x50,
    0x7f, 0x63, 0x4c, 0xd0, 0x0, 0x6d, 0xfe, 0x91,
    0x0,

    /* U+03F5 "ϵ" */
    0x2, 0xcf, 0xe6, 0xe, 0xa2, 0x32, 0x3f, 0x10,
    0x0, 0x5f, 0xee, 0xd0, 0x4f, 0x21, 0x10, 0xe,
    0x92, 0x23, 0x3, 0xcf, 0xe6,

    /* U+03F6 "϶" */
    0x5e, 0xfc, 0x30, 0x24, 0x2a, 0xe0, 0x0, 0x1,
    0xf4, 0xd, 0xee, 0xf5, 0x1, 0x12, 0xf3, 0x32,
    0x29, 0xd0, 0x7e, 0xfb, 0x20,

    /* U+03F7 "Ϸ" */
    0xd7, 0x0, 0x0, 0xdf, 0xfd, 0x70, 0xd8, 0x36,
    0xf6, 0xd7, 0x0, 0xaa, 0xd7, 0x0, 0xab, 0xd7,
    0x4, 0xf6, 0xdf, 0xff, 0x90, 0xd8, 0x20, 0x0,
    0xd7, 0x0, 0x0,

    /* U+03F8 "ϸ" */
    0xf, 0x40, 0x0, 0x0, 0xf4, 0x0, 0x0, 0xf,
    0x30, 0x0, 0x0, 0xf7, 0xde, 0x80, 0xf, 0xc3,
    0x4f, 0x60, 0xf5, 0x0, 0x9a, 0xf, 0x40, 0x8,
    0xc0, 0xf5, 0x0, 0xaa, 0xf, 0xd3, 0x4f, 0x50,
    0xf8, 0xee, 0x80, 0xf, 0x30, 0x0, 0x0, 0xf4,
    0x0, 0x0, 0xf, 0x40, 0x0, 0x0,

    /* U+03F9 "Ϲ" */
    0x0, 0x5c, 0xfe, 0xb1, 0x5, 0xf9, 0x44, 0x70,
    0xe, 0x90, 0x0, 0x0, 0x3f, 0x30, 0x0, 0x0,
    0x4f, 0x10, 0x0, 0x0, 0x3f, 0x30, 0x0, 0x0,
    0xf, 0x80, 0x0, 0x0, 0x7, 0xf8, 0x43, 0x60,
    0x0, 0x6d, 0xfe, 0xa0,

    /* U+03FA "Ϻ" */
    0xdf, 0x20, 0x0, 0x2f, 0xed, 0xda, 0x0, 0xb,
    0xde, 0xd6, 0xf3, 0x4, 0xe6, 0xed, 0x47, 0xc0,
    0xd6, 0x6e, 0xd5, 0xe, 0xbc, 0x6, 0xed, 0x50,
    0x5f, 0x30, 0x6e, 0xd5, 0x0, 0x0, 0x6, 0xed,
    0x50, 0x0, 0x0, 0x6e, 0xd5, 0x0, 0x0, 0x6,
    0xe0,

    /* U+03FB "ϻ" */
    0xfd, 0x0, 0xc, 0xf0, 0xfe, 0x70, 0x6e, 0xf0,
    0xf6, 0xf3, 0xe5, 0xf0, 0xf3, 0x9f, 0x92, 0xf0,
    0xf3, 0x18, 0x12, 0xf0, 0xf3, 0x0, 0x2, 0xf0,
    0xf3, 0x0, 0x2, 0xf0, 0xf3, 0x0, 0x0, 0x0,
    0xf3, 0x0, 0x0, 0x0, 0xf3, 0x0, 0x0, 0x0,

    /* U+03FC "ϼ" */
    0x1, 0xbf, 0xd4, 0x0, 0xca, 0x27, 0xf2, 0x1f,
    0x30, 0xd, 0x73, 0xf1, 0x0, 0xb9, 0x3f, 0x10,
    0xd, 0x83, 0xf7, 0x26, 0xf2, 0x3f, 0xbf, 0xe5,
    0x3, 0xf1, 0x0, 0x0, 0xff, 0xff, 0x60, 0x3,
    0xf1, 0x0, 0x0,

    /* U+03FD "Ͻ" */
    0x4d, 0xff, 0xb3, 0x3, 0x63, 0x5c, 0xf2, 0x0,
    0x0, 0xe, 0x90, 0x0, 0x0, 0x9d, 0x0, 0x0,
    0x7, 0xe0, 0x0, 0x0, 0x9c, 0x0, 0x0, 0xe,
    0x82, 0x53, 0x5c, 0xe1, 0x3d, 0xfe, 0xa2, 0x0,

    /* U+03FE "Ͼ" */
    0x0, 0x5c, 0xfe, 0xb1, 0x5, 0xf9, 0x44, 0x60,
    0xe, 0x90, 0x0, 0x0, 0x3f, 0x30, 0xa6, 0x0,
    0x4f, 0x10, 0xd7, 0x0, 0x3f, 0x30, 0x0, 0x0,
    0xf, 0x80, 0x0, 0x0, 0x7, 0xf8, 0x44, 0x70,
    0x0, 0x6d, 0xfe, 0xa0,

    /* U+03FF "Ͽ" */
    0x4d, 0xff, 0xb3, 0x2, 0x63, 0x5c, 0xf2, 0x0,
    0x0, 0xe, 0x90, 0xa, 0x60, 0x9d, 0x0, 0xc8,
    0x7, 0xe0, 0x0, 0x0, 0x9c, 0x0, 0x0, 0xe,
    0x82, 0x63, 0x5c, 0xe1, 0x3d, 0xfe, 0xa2, 0x0,

    /* U+0400 "Ѐ" */
    0xb, 0xb0, 0x0, 0xb, 0x50, 0x0, 0x0, 0xe,
    0xff, 0xff, 0xe8, 0x33, 0x2e, 0x60, 0x0, 0xe6,
    0x0, 0xe, 0xff, 0xfc, 0xe8, 0x22, 0x2e, 0x60,
    0x0, 0xe8, 0x33, 0x2e, 0xff, 0xff,

    /* U+0401 "Ё" */
    0x6, 0x5, 0x10, 0xe1, 0xc4, 0x0, 0x0, 0xe,
    0xff, 0xff, 0xe8, 0x33, 0x2e, 0x60, 0x0, 0xe6,
    0x0, 0xe, 0xff, 0xfc, 0xe8, 0x22, 0x2e, 0x60,
    0x0, 0xe8, 0x33, 0x2e, 0xff, 0xff,

    /* U+0402 "Ђ" */
    0xdf, 0xff, 0xff, 0x50, 0x2, 0x3d, 0x93, 0x31,
    0x0, 0x0, 0xc7, 0x0, 0x0, 0x0, 0xc, 0xde,
    0xfb, 0x20, 0x0, 0xcb, 0x33, 0xcd, 0x0, 0xc,
    0x70, 0x3, 0xf1, 0x0, 0xc7, 0x0, 0x3f, 0x10,
    0xc, 0x71, 0x3b, 0xd0, 0x0, 0xc7, 0x5f, 0xc3,
    0x0,

    /* U+0403 "Ѓ" */
    0x0, 0x3f, 0x40, 0xc, 0x40, 0x0, 0x0, 0xd,
    0xff, 0xff, 0xd8, 0x33, 0x2d, 0x70, 0x0, 0xd7,
    0x0, 0xd, 0x70, 0x0, 0xd7, 0x0, 0xd, 0x70,
    0x0, 0xd7, 0x0, 0xd, 0x70, 0x0,

    /* U+0404 "Є" */
    0x0, 0x5c, 0xfe, 0xb1, 0x6, 0xf8, 0x44, 0x80,
    0xe, 0x90, 0x0, 0x0, 0x3f, 0x30, 0x0, 0x0,
    0x4f, 0xff, 0xff, 0x10, 0x2f, 0x42, 0x22, 0x0,
    0xe, 0x70, 0x0, 0x0, 0x7, 0xf8, 0x33, 0x70,
    0x0, 0x7d, 0xfe, 0xb0,

    /* U+0405 "Ѕ" */
    0x5, 0xdf, 0xe8, 0x2, 0xf7, 0x35, 0x50, 0x4f,
    0x0, 0x0, 0x1, 0xeb, 0x20, 0x0, 0x2, 0xbf,
    0xa1, 0x0, 0x0, 0x2d, 0xc0, 0x0, 0x0, 0x5f,
    0x4, 0x63, 0x3b, 0xc0, 0x4d, 0xfe, 0xb2, 0x0,

    /* U+0406 "І" */
    0xe6, 0xe6, 0xe6, 0xe6, 0xe6, 0xe6, 0xe6, 0xe6,
    0xe6,

    /* U+0407 "Ї" */
    0x43, 0x60, 0x87, 0xd2, 0x0, 0x0, 0xd, 0x70,
    0xd, 0x70, 0xd, 0x70, 0xd, 0x70, 0xd, 0x70,
    0xd, 0x70, 0xd, 0x70, 0xd, 0x70, 0xd, 0x70,

    /* U+0408 "Ј" */
    0x0, 0xe6, 0x0, 0xe6, 0x0, 0xe6, 0x0, 0xe6,
    0x0, 0xe6, 0x0, 0xe6, 0x0, 0xe6, 0x0, 0xe6,
    0x0, 0xe5, 0x3, 0xf3, 0xef, 0xa0, 0x11, 0x0,

    /* U+0409 "Љ" */
    0x0, 0xff, 0xff, 0xf4, 0x0, 0x0, 0x0, 0xf5,
    0x33, 0xf4, 0x0, 0x0, 0x0, 0xf2, 0x0, 0xf4,
    0x0, 0x0, 0x1, 0xf1, 0x0, 0xff, 0xfd, 0x60,
    0x2, 0xf0, 0x0, 0xf6, 0x37, 0xf4, 0x3, 0xf0,
    0x0, 0xf4, 0x0, 0xc8, 0x5, 0xd0, 0x0, 0xf4,
    0x0, 0xd8, 0x4c, 0xa0, 0x0, 0xf7, 0x49, 0xf3,
    0xed, 0x20, 0x0, 0xff, 0xfd, 0x50,

    /* U+040A "Њ" */
    0xd7, 0x0, 0xd, 0x70, 0x0, 0xd, 0x70, 0x0,
    0xd7, 0x0, 0x0, 0xd7, 0x0, 0xd, 0x70, 0x0,
    0xd, 0xff, 0xff, 0xff, 0xfd, 0x80, 0xd8, 0x22,
    0x2d, 0x82, 0x5e, 0x7d, 0x70, 0x0, 0xd7, 0x0,
    0x8c, 0xd7, 0x0, 0xd, 0x70, 0x8, 0xcd, 0x70,
    0x0, 0xd8, 0x25, 0xf7, 0xd7, 0x0, 0xd, 0xff,
    0xe8, 0x0,

    /* U+040B "Ћ" */
    0xdf, 0xff, 0xff, 0x50, 0x2, 0x3d, 0x93, 0x30,
    0x0, 0x0, 0xc7, 0x0, 0x0, 0x0, 0xc, 0xde,
    0xfc, 0x20, 0x0, 0xcb, 0x33, 0xcc, 0x0, 0xc,
    0x70, 0x4, 0xf0, 0x0, 0xc7, 0x0, 0x3f, 0x10,
    0xc, 0x70, 0x3, 0xf1, 0x0, 0xc7, 0x0, 0x3f,
    0x10,

    /* U+040C "Ќ" */
    0x0, 0xd, 0x90, 0x0, 0x7, 0x90, 0x0, 0x0,
    0x0, 0x0, 0xd, 0x70, 0x5, 0xf1, 0xd7, 0x0,
    0xe7, 0xd, 0x70, 0x8d, 0x0, 0xd7, 0x2f, 0x30,
    0xd, 0xff, 0xc0, 0x0, 0xd8, 0x5f, 0x40, 0xd,
    0x70, 0x8e, 0x10, 0xd7, 0x0, 0xda, 0xd, 0x70,
    0x3, 0xf4,

    /* U+040D "Ѝ" */
    0x0, 0xac, 0x0, 0x0, 0x0, 0xa, 0x60, 0x0,
    0x0, 0x0, 0x0, 0x0, 0xd7, 0x0, 0xb, 0xf0,
    0xd7, 0x0, 0x4f, 0xf0, 0xd7, 0x0, 0xd8, 0xf0,
    0xd7, 0x6, 0xb3, 0xf0, 0xd6, 0x1e, 0x23, 0xf0,
    0xd6, 0x99, 0x4, 0xf0, 0xd8, 0xe1, 0x4, 0xf0,
    0xdf, 0x70, 0x4, 0xf0, 0xdd, 0x0, 0x4, 0xf0,

    /* U+040E "Ў" */
    0x0, 0xc3, 0x5b, 0x0, 0x0, 0x6d, 0xd4, 0x0,
    0x0, 0x0, 0x0, 0x0, 0xab, 0x0, 0x1, 0xf4,
    0x3f, 0x30, 0x7, 0xd0, 0xb, 0xa0, 0xd, 0x70,
    0x3, 0xf2, 0x4f, 0x0, 0x0, 0xc9, 0xb9, 0x0,
    0x0, 0x4f, 0xf2, 0x0, 0x0, 0xe, 0xb0, 0x0,
    0x4, 0x8f, 0x30, 0x0, 0x1f, 0xe5, 0x0, 0x0,

    /* U+040F "Џ" */
    0xd7, 0x0, 0x8, 0xcd, 0x70, 0x0, 0x8c, 0xd7,
    0x0, 0x8, 0xcd, 0x70, 0x0, 0x8c, 0xd7, 0x0,
    0x8, 0xcd, 0x70, 0x0, 0x8c, 0xd7, 0x0, 0x8,
    0xcd, 0x82, 0x22, 0x9c, 0xdf, 0xff, 0xff, 0xc0,
    0x3, 0xf1, 0x0, 0x0, 0x3f, 0x10, 0x0,

    /* U+0410 "А" */
    0x0, 0xe, 0xc0, 0x0, 0x0, 0x4d, 0xf2, 0x0,
    0x0, 0xa8, 0xb7, 0x0, 0x0, 0xf3, 0x5d, 0x0,
    0x6, 0xd0, 0xf, 0x30, 0xb, 0xff, 0xff, 0x90,
    0x1f, 0x43, 0x36, 0xe0, 0x7d, 0x0, 0x0, 0xf4,
    0xd8, 0x0, 0x0, 0xaa,

    /* U+0411 "Б" */
    0xdf, 0xff, 0xf6, 0xd8, 0x33, 0x31, 0xd7, 0x0,
    0x0, 0xdf, 0xfd, 0x80, 0xd8, 0x25, 0xe8, 0xd7,
    0x0, 0x8d, 0xd7, 0x0, 0x8d, 0xd8, 0x25, 0xe8,
    0xdf, 0xfe, 0x80,

    /* U+0412 "В" */
    0xef, 0xfe, 0xb2, 0xe, 0x72, 0x3c, 0xc0, 0xe6,
    0x0, 0x6e, 0xe, 0x60, 0xb, 0xa0, 0xef, 0xff,
    0xd1, 0xe, 0x82, 0x3a, 0xd0, 0xe6, 0x0, 0x3f,
    0x2e, 0x82, 0x3a, 0xf0, 0xef, 0xff, 0xc3, 0x0,

    /* U+0413 "Г" */
    0xdf, 0xff, 0xfd, 0x83, 0x32, 0xd7, 0x0, 0xd,
    0x70, 0x0, 0xd7, 0x0, 0xd, 0x70, 0x0, 0xd7,
    0x0, 0xd, 0x70, 0x0, 0xd7, 0x0, 0x0,

    /* U+0414 "Д" */
    0x0, 0xaf, 0xff, 0xfa, 0x0, 0xb, 0x93, 0x3a,
    0xa0, 0x0, 0xc6, 0x0, 0x9a, 0x0, 0xd, 0x50,
    0x9, 0xa0, 0x0, 0xe4, 0x0, 0x9a, 0x0, 0xf,
    0x20, 0x9, 0xa0, 0x5, 0xe0, 0x0, 0x9a, 0x2,
    0xda, 0x33, 0x3a, 0xb2, 0xef, 0xff, 0xff, 0xff,
    0xce, 0x60, 0x0, 0x0, 0x7c, 0xd5, 0x0, 0x0,
    0x7, 0xc0,

    /* U+0415 "Е" */
    0xef, 0xff, 0xfe, 0x83, 0x32, 0xe6, 0x0, 0xe,
    0x60, 0x0, 0xef, 0xff, 0xce, 0x82, 0x22, 0xe6,
    0x0, 0xe, 0x83, 0x32, 0xef, 0xff, 0xf0,

    /* U+0416 "Ж" */
    0x6e, 0x0, 0x1f, 0x30, 0xc, 0x90, 0xd, 0x80,
    0x1f, 0x30, 0x5e, 0x10, 0x3, 0xf2, 0x1f, 0x30,
    0xe6, 0x0, 0x0, 0xab, 0x1f, 0x38, 0xd0, 0x0,
    0x0, 0x3f, 0xff, 0xff, 0x50, 0x0, 0x0, 0xac,
    0x3f, 0x5a, 0xd0, 0x0, 0x5, 0xf2, 0x1f, 0x31,
    0xe7, 0x0, 0x1e, 0x70, 0x1f, 0x30, 0x5f, 0x20,
    0xad, 0x0, 0x1f, 0x30, 0xa, 0xc0,

    /* U+0417 "З" */
    0x3c, 0xef, 0xb2, 0x1, 0x73, 0x3c, 0xd0, 0x0,
    0x0, 0x5f, 0x0, 0x0, 0x1a, 0xb0, 0x6, 0xff,
    0xc1, 0x0, 0x12, 0x3a, 0xe1, 0x0, 0x0, 0x1f,
    0x44, 0x53, 0x3a, 0xf1, 0x5d, 0xfe, 0xc3, 0x0,

    /* U+0418 "И" */
    0xd7, 0x0, 0xb, 0xf0, 0xd7, 0x0, 0x4f, 0xf0,
    0xd7, 0x0, 0xd8, 0xf0, 0xd7, 0x6, 0xb3, 0xf0,
    0xd6, 0x1e, 0x23, 0xf0, 0xd6, 0x99, 0x4, 0xf0,
    0xd8, 0xe1, 0x4, 0xf0, 0xdf, 0x70, 0x4, 0xf0,
    0xdd, 0x0, 0x4, 0xf0,

    /* U+0419 "Й" */
    0x4, 0xb0, 0x97, 0x0, 0x0, 0xae, 0xb1, 0x0,
    0x0, 0x0, 0x0, 0x0, 0xd7, 0x0, 0xb, 0xf0,
    0xd7, 0x0, 0x4f, 0xf0, 0xd7, 0x0, 0xd8, 0xf0,
    0xd7, 0x6, 0xb3, 0xf0, 0xd6, 0x1e, 0x23, 0xf0,
    0xd6, 0x99, 0x4, 0xf0, 0xd8, 0xe1, 0x4, 0xf0,
    0xdf, 0x70, 0x4, 0xf0, 0xdd, 0x0, 0x4, 0xf0,

    /* U+041A "К" */
    0xd7, 0x0, 0x5f, 0x1d, 0x70, 0xe, 0x70, 0xd7,
    0x8, 0xd0, 0xd, 0x72, 0xf3, 0x0, 0xdf, 0xfc,
    0x0, 0xd, 0x85, 0xf4, 0x0, 0xd7, 0x8, 0xe1,
    0xd, 0x70, 0xd, 0xa0, 0xd7, 0x0, 0x3f, 0x40,

    /* U+041B "Л" */
    0x0, 0xff, 0xff, 0xf6, 0x0, 0xf5, 0x33, 0xe6,
    0x1, 0xf2, 0x0, 0xe6, 0x1, 0xf1, 0x0, 0xe6,
    0x2, 0xf0, 0x0, 0xe6, 0x3, 0xf0, 0x0, 0xe6,
    0x5, 0xd0, 0x0, 0xe6, 0x4c, 0xa0, 0x0, 0xe6,
    0xed, 0x20, 0x0, 0xe6,

    /* U+041C "М" */
    0xdf, 0x20, 0x0, 0x2f, 0xed, 0xe7, 0x0, 0x7,
    0xee, 0xd9, 0xd0, 0x0, 0xd9, 0xed, 0x5f, 0x20,
    0x3e, 0x6e, 0xd5, 0xa8, 0x8, 0x86, 0xed, 0x55,
    0xd0, 0xe3, 0x6e, 0xd5, 0xf, 0x7d, 0x6, 0xed,
    0x50, 0xaf, 0x80, 0x6e, 0xd5, 0x4, 0xf2, 0x6,
    0xe0,

    /* U+041D "Н" */
    0xd7, 0x0, 0x6, 0xed, 0x70, 0x0, 0x6e, 0xd7,
    0x0, 0x6, 0xed, 0x70, 0x0, 0x6e, 0xdf, 0xff,
    0xff, 0xed, 0x82, 0x22, 0x8e, 0xd7, 0x0, 0x6,
    0xed, 0x70, 0x0, 0x6e, 0xd7, 0x0, 0x6, 0xe0,

    /* U+041E "О" */
    0x0, 0x6d, 0xfe, 0x80, 0x0, 0x7f, 0x73, 0x6e,
    0xa0, 0xf, 0x70, 0x0, 0x4f, 0x23, 0xf2, 0x0,
    0x0, 0xf6, 0x4f, 0x10, 0x0, 0xe, 0x73, 0xf2,
    0x0, 0x0, 0xf6, 0xf, 0x70, 0x0, 0x4f, 0x20,
    0x7f, 0x73, 0x6e, 0xa0, 0x0, 0x6d, 0xfe, 0x80,
    0x0,

    /* U+041F "П" */
    0xdf, 0xff, 0xff, 0xcd, 0x83, 0x33, 0x9c, 0xd7,
    0x0, 0x8, 0xcd, 0x70, 0x0, 0x8c, 0xd7, 0x0,
    0x8, 0xcd, 0x70, 0x0, 0x8c, 0xd7, 0x0, 0x8,
    0xcd, 0x70, 0x0, 0x8c, 0xd7, 0x0, 0x8, 0xc0,

    /* U+0420 "Р" */
    0xef, 0xfe, 0x90, 0xe8, 0x25, 0xe7, 0xe6, 0x0,
    0xab, 0xe6, 0x3, 0xe8, 0xef, 0xff, 0xa0, 0xe8,
    0x20, 0x0, 0xe6, 0x0, 0x0, 0xe6, 0x0, 0x0,
    0xe6, 0x0, 0x0,

    /* U+0421 "С" */
    0x0, 0x5c, 0xfe, 0xb1, 0x6, 0xf8, 0x44, 0x70,
    0xe, 0x80, 0x0, 0x0, 0x3f, 0x30, 0x0, 0x0,
    0x4f, 0x10, 0x0, 0x0, 0x2f, 0x20, 0x0, 0x0,
    0xe, 0x80, 0x0, 0x0, 0x7, 0xf8, 0x43, 0x70,
    0x0, 0x7d, 0xff, 0xb0,

    /* U+0422 "Т" */
    0xdf, 0xff, 0xff, 0x92, 0x36, 0xf3, 0x31, 0x0,
    0x4f, 0x0, 0x0, 0x4, 0xf0, 0x0, 0x0, 0x4f,
    0x0, 0x0, 0x4, 0xf0, 0x0, 0x0, 0x4f, 0x0,
    0x0, 0x4, 0xf0, 0x0, 0x0, 0x4f, 0x0, 0x0,

    /* U+0423 "У" */
    0xab, 0x0, 0x1, 0xf4, 0x3f, 0x30, 0x7, 0xd0,
    0xb, 0xa0, 0xd, 0x70, 0x3, 0xf2, 0x4f, 0x0,
    0x0, 0xc9, 0xb9, 0x0, 0x0, 0x4f, 0xf2, 0x0,
    0x0, 0xe, 0xb0, 0x0, 0x4, 0x8f, 0x30, 0x0,
    0x1f, 0xe5, 0x0, 0x0,

    /* U+0424 "Ф" */
    0x0, 0x0, 0x9a, 0x0, 0x0, 0x0, 0x8d, 0xff,
    0xd9, 0x10, 0xb, 0xc4, 0xab, 0x4c, 0xd0, 0x2f,
    0x20, 0x9a, 0x1, 0xf4, 0x5f, 0x0, 0x9a, 0x0,
    0xd6, 0x3f, 0x10, 0x9a, 0x0, 0xf5, 0xd, 0xb1,
    0x9a, 0x1a, 0xe0, 0x2, 0xbf, 0xff, 0xfc, 0x30,
    0x0, 0x0, 0xab, 0x0, 0x0,

    /* U+0425 "Х" */
    0x7e, 0x0, 0x9, 0xc0, 0xd, 0x80, 0x2f, 0x20,
    0x3, 0xf2, 0xc8, 0x0, 0x0, 0x9e, 0xe0, 0x0,
    0x0, 0x4f, 0x90, 0x0, 0x0, 0xca, 0xf2, 0x0,
    0x6, 0xd0, 0xab, 0x0, 0x1f, 0x40, 0x1f, 0x50,
    0xab, 0x0, 0x7, 0xe1,

    /* U+0426 "Ц" */
    0xd7, 0x0, 0x9, 0xb0, 0xd7, 0x0, 0x9, 0xb0,
    0xd7, 0x0, 0x9, 0xb0, 0xd7, 0x0, 0x9, 0xb0,
    0xd7, 0x0, 0x9, 0xb0, 0xd7, 0x0, 0x9, 0xb0,
    0xd7, 0x0, 0x9, 0xb0, 0xd8, 0x33, 0x3a, 0xc2,
    0xdf, 0xff, 0xff, 0xfe, 0x0, 0x0, 0x0, 0x5e,
    0x0, 0x0, 0x0, 0x5d,

    /* U+0427 "Ч" */
    0x1f, 0x20, 0x3, 0xf1, 0x1f, 0x20, 0x3, 0xf1,
    0x1f, 0x30, 0x3, 0xf1, 0xf, 0x80, 0x5, 0xf1,
    0x6, 0xff, 0xfe, 0xf1, 0x0, 0x2, 0x13, 0xf1,
    0x0, 0x0, 0x3, 0xf1, 0x0, 0x0, 0x3, 0xf1,
    0x0, 0x0, 0x3, 0xf1,

    /* U+0428 "Ш" */
    0xe6, 0x0, 0x6e, 0x0, 0xe, 0x6e, 0x60, 0x6,
    0xe0, 0x0, 0xe6, 0xe6, 0x0, 0x6e, 0x0, 0xe,
    0x6e, 0x60, 0x6, 0xe0, 0x0, 0xe6, 0xe6, 0x0,
    0x6e, 0x0, 0xe, 0x6e, 0x60, 0x6, 0xe0, 0x0,
    0xe6, 0xe6, 0x0, 0x6e, 0x0, 0xe, 0x6e, 0x83,
    0x38, 0xe3, 0x33, 0xe6, 0xef, 0xff, 0xff, 0xff,
    0xff, 0x60,

    /* U+0429 "Щ" */
    0xe6, 0x0, 0x7d, 0x0, 0x1f, 0x30, 0xe6, 0x0,
    0x7d, 0x0, 0x1f, 0x30, 0xe6, 0x0, 0x7d, 0x0,
    0x1f, 0x30, 0xe6, 0x0, 0x7d, 0x0, 0x1f, 0x30,
    0xe6, 0x0, 0x7d, 0x0, 0x1f, 0x30, 0xe6, 0x0,
    0x7d, 0x0, 0x1f, 0x30, 0xe6, 0x0, 0x7d, 0x0,
    0x1f, 0x30, 0xe8, 0x33, 0x9d, 0x33, 0x4f, 0x51,
    0xef, 0xff, 0xff, 0xff, 0xff, 0xf6, 0x0, 0x0,
    0x0, 0x0, 0x0, 0xe6, 0x0, 0x0, 0x0, 0x0,
    0x0, 0xe6, 0x0, 0x0, 0x0, 0x0, 0x0, 0x0,

    /* U+042A "Ъ" */
    0xdf, 0xf7, 0x0, 0x0, 0x23, 0xd7, 0x0, 0x0,
    0x0, 0xc7, 0x0, 0x0, 0x0, 0xcf, 0xfd, 0x80,
    0x0, 0xc9, 0x25, 0xe8, 0x0, 0xc7, 0x0, 0x8c,
    0x0, 0xc7, 0x0, 0x8c, 0x0, 0xc9, 0x25, 0xe8,
    0x0, 0xcf, 0xfe, 0x80,

    /* U+042B "Ы" */
    0xd6, 0x0, 0x0, 0xf, 0x4d, 0x60, 0x0, 0x0,
    0xf4, 0xd6, 0x0, 0x0, 0xf, 0x4d, 0xff, 0xd8,
    0x0, 0xf4, 0xd8, 0x36, 0xf7, 0xf, 0x4d, 0x70,
    0x9, 0xb0, 0xf4, 0xd7, 0x0, 0x9b, 0xf, 0x4d,
    0x82, 0x5f, 0x60, 0xf4, 0xdf, 0xfd, 0x70, 0xf,
    0x40,

    /* U+042C "Ь" */
    0xd7, 0x0, 0x0, 0xd7, 0x0, 0x0, 0xd7, 0x0,
    0x0, 0xdf, 0xfd, 0x80, 0xd8, 0x25, 0xf7, 0xd7,
    0x0, 0x9c, 0xd7, 0x0, 0x9b, 0xd8, 0x25, 0xf7,
    0xdf, 0xfd, 0x80,

    /* U+042D "Э" */
    0x3c, 0xef, 0xb4, 0x0, 0x28, 0x44, 0xaf, 0x40,
    0x0, 0x0, 0xc, 0xc0, 0x0, 0x0, 0x6, 0xf0,
    0x4, 0xff, 0xff, 0xf1, 0x0, 0x22, 0x27, 0xf0,
    0x0, 0x0, 0xa, 0xb0, 0x35, 0x34, 0x9f, 0x30,
    0x3d, 0xff, 0xb3, 0x0,

    /* U+042E "Ю" */
    0xd7, 0x0, 0x5d, 0xfe, 0x80, 0xd, 0x70, 0x4f,
    0x51, 0x4e, 0x80, 0xd7, 0xc, 0x80, 0x0, 0x5f,
    0xd, 0x70, 0xf3, 0x0, 0x1, 0xf3, 0xdf, 0xff,
    0x20, 0x0, 0xf, 0x4d, 0x83, 0xf4, 0x0, 0x1,
    0xf3, 0xd7, 0xe, 0x80, 0x0, 0x6f, 0xd, 0x70,
    0x6f, 0x73, 0x6f, 0x80, 0xd7, 0x0, 0x6d, 0xfe,
    0x80, 0x0,

    /* U+042F "Я" */
    0x2, 0xbe, 0xff, 0xa0, 0xeb, 0x32, 0xaa, 0x1f,
    0x40, 0xa, 0xa0, 0xe9, 0x0, 0xaa, 0x3, 0xdf,
    0xff, 0xa0, 0xa, 0xc2, 0xaa, 0x3, 0xf3, 0xa,
    0xa0, 0xca, 0x0, 0xaa, 0x6f, 0x10, 0xa, 0xa0,

    /* U+0430 "а" */
    0x9, 0xef, 0xc2, 0x5, 0x32, 0xbb, 0x0, 0x0,
    0x6d, 0x7, 0xde, 0xee, 0x5f, 0x20, 0x6e, 0x6f,
    0x22, 0xce, 0xb, 0xfc, 0x5e,

    /* U+0431 "б" */
    0x0, 0x0, 0x1, 0x0, 0x3, 0xae, 0xf2, 0x5,
    0xf8, 0x42, 0x0, 0xe5, 0x0, 0x0, 0x3f, 0x7e,
    0xe7, 0x5, 0xf9, 0x25, 0xf4, 0x6f, 0x10, 0xb,
    0x95, 0xf0, 0x0, 0xaa, 0x2f, 0x10, 0xc, 0x80,
    0xda, 0x26, 0xf3, 0x2, 0xcf, 0xd5, 0x0,

    /* U+0432 "в" */
    0xf, 0xff, 0xe7, 0x0, 0xf4, 0x6, 0xf1, 0xf,
    0x40, 0x4f, 0x10, 0xfe, 0xef, 0x70, 0xf, 0x51,
    0x5f, 0x30, 0xf4, 0x3, 0xf4, 0xf, 0xff, 0xe9,
    0x0,

    /* U+0433 "г" */
    0xff, 0xff, 0x2f, 0x51, 0x10, 0xf4, 0x0, 0xf,
    0x40, 0x0, 0xf4, 0x0, 0xf, 0x40, 0x0, 0xf4,
    0x0, 0x0,

    /* U+0434 "д" */
    0x3, 0xff, 0xff, 0x50, 0x4, 0xe1, 0x1f, 0x50,
    0x5, 0xc0, 0xf, 0x50, 0x6, 0xb0, 0xf, 0x50,
    0x9, 0x90, 0xf, 0x50, 0x1f, 0x51, 0x1f, 0x60,
    0xef, 0xff, 0xff, 0xf4, 0xe5, 0x0, 0x0, 0xf4,
    0xb3, 0x0, 0x0, 0xb3,

    /* U+0435 "е" */
    0x3, 0xcf, 0xc2, 0x0, 0xe8, 0x19, 0xc0, 0x5f,
    0x0, 0x2f, 0x16, 0xfe, 0xee, 0xf3, 0x5f, 0x11,
    0x11, 0x0, 0xe9, 0x22, 0x50, 0x3, 0xcf, 0xea,
    0x0,

    /* U+0436 "ж" */
    0x7d, 0x0, 0xe5, 0x6, 0xe0, 0xd, 0x70, 0xe5,
    0xe, 0x50, 0x3, 0xe1, 0xe5, 0x8b, 0x0, 0x0,
    0xcf, 0xff, 0xf4, 0x0, 0x4, 0xf3, 0xe7, 0xac,
    0x0, 0xe, 0x70, 0xe5, 0x1e, 0x60, 0x9d, 0x0,
    0xe5, 0x5, 0xf1,

    /* U+0437 "з" */
    0x4d, 0xfe, 0x70, 0x24, 0x15, 0xf2, 0x0, 0x3,
    0xf1, 0x9, 0xef, 0x70, 0x0, 0x14, 0xf3, 0x33,
    0x14, 0xf4, 0x6e, 0xfe, 0x80,

    /* U+0438 "и" */
    0xf4, 0x2, 0xfa, 0xf4, 0xb, 0xfa, 0xf4, 0x3e,
    0xaa, 0xf3, 0xb6, 0x9a, 0xf7, 0xd0, 0x9a, 0xfe,
    0x50, 0x9a, 0xfc, 0x0, 0x9a,

    /* U+0439 "й" */
    0xe, 0x27, 0x90, 0x7, 0xdc, 0x20, 0x0, 0x0,
    0x0, 0xf4, 0x2, 0xfa, 0xf4, 0xb, 0xfa, 0xf4,
    0x3e, 0xaa, 0xf3, 0xb6, 0x9a, 0xf7, 0xd0, 0x9a,
    0xfe, 0x50, 0x9a, 0xfc, 0x0, 0x9a,

    /* U+043A "к" */
    0xf4, 0x3, 0xf2, 0xf4, 0xc, 0x70, 0xf4, 0x6d,
    0x0, 0xff, 0xf6, 0x0, 0xf6, 0x8e, 0x0, 0xf4,
    0xd, 0x90, 0xf4, 0x3, 0xf4,

    /* U+043B "л" */
    0x6, 0xff, 0xff, 0x30, 0x7b, 0x12, 0xf3, 0x8,
    0xa0, 0x1f, 0x30, 0x99, 0x1, 0xf3, 0xa, 0x80,
    0x1f, 0x33, 0xe5, 0x1, 0xf3, 0xfc, 0x0, 0x1f,
    0x30,

    /* U+043C "м" */
    0xfe, 0x0, 0x7, 0xf7, 0xfe, 0x50, 0xd, 0xe7,
    0xf9, 0xa0, 0x3e, 0xb7, 0xf4, 0xf1, 0x98, 0xb7,
    0xf3, 0xb7, 0xe2, 0xb7, 0xf3, 0x5f, 0xc0, 0xb7,
    0xf3, 0xe, 0x60, 0xb7,

    /* U+043D "н" */
    0xf4, 0x0, 0xc8, 0xf4, 0x0, 0xc8, 0xf4, 0x0,
    0xc8, 0xff, 0xff, 0xf8, 0xf6, 0x22, 0xc8, 0xf4,
    0x0, 0xc8, 0xf4, 0x0, 0xc8,

    /* U+043E "о" */
    0x3, 0xcf, 0xd5, 0x0, 0xe9, 0x26, 0xf3, 0x4f,
    0x0, 0xc, 0x86, 0xe0, 0x0, 0xaa, 0x5f, 0x0,
    0xc, 0x80, 0xe9, 0x26, 0xf2, 0x3, 0xcf, 0xd4,
    0x0,

    /* U+043F "п" */
    0xff, 0xff, 0xf6, 0xf5, 0x11, 0xd6, 0xf4, 0x0,
    0xd6, 0xf4, 0x0, 0xd6, 0xf4, 0x0, 0xd6, 0xf4,
    0x0, 0xd6, 0xf4, 0x0, 0xd6,

    /* U+0440 "р" */
    0xf6, 0xde, 0x90, 0xfb, 0x2, 0xe6, 0xf5, 0x0,
    0x9b, 0xf4, 0x0, 0x8c, 0xf6, 0x0, 0xab, 0xfd,
    0x34, 0xf6, 0xf8, 0xee, 0x90, 0xf4, 0x0, 0x0,
    0xf4, 0x0, 0x0, 0xf4, 0x0, 0x0,

    /* U+0441 "с" */
    0x2, 0xbf, 0xe5, 0xe, 0xa2, 0x31, 0x4f, 0x0,
    0x0, 0x6e, 0x0, 0x0, 0x5f, 0x0, 0x0, 0x1e,
    0xa2, 0x32, 0x3, 0xcf, 0xe4,

    /* U+0442 "т" */
    0xdf, 0xff, 0xf9, 0x11, 0xc8, 0x10, 0x0, 0xc7,
    0x0, 0x0, 0xc7, 0x0, 0x0, 0xc7, 0x0, 0x0,
    0xc7, 0x0, 0x0, 0xc7, 0x0,

    /* U+0443 "у" */
    0xd8, 0x0, 0x3f, 0x27, 0xe0, 0x8, 0xc0, 0x1f,
    0x30, 0xd7, 0x0, 0xb9, 0x2f, 0x10, 0x5, 0xe7,
    0xb0, 0x0, 0xe, 0xe6, 0x0, 0x0, 0x8f, 0x0,
    0x0, 0x9, 0xa0, 0x0, 0x25, 0xf3, 0x0, 0xb,
    0xe7, 0x0, 0x0,

    /* U+0444 "ф" */
    0x0, 0x1, 0xf2, 0x0, 0x0, 0x0, 0x1f, 0x20,
    0x0, 0x0, 0x1, 0xf2, 0x0, 0x0, 0x2b, 0xef,
    0xfb, 0x20, 0xd, 0xa2, 0xf3, 0x9e, 0x14, 0xf0,
    0xf, 0x20, 0xe6, 0x6e, 0x0, 0xf2, 0xd, 0x84,
    0xf1, 0xf, 0x20, 0xe6, 0xd, 0xa2, 0xf3, 0x9e,
    0x0, 0x2b, 0xef, 0xfb, 0x20, 0x0, 0x1, 0xf2,
    0x0, 0x0, 0x0, 0x1f, 0x20, 0x0, 0x0, 0x1,
    0xf2, 0x0, 0x0,

    /* U+0445 "х" */
    0x7e, 0x0, 0x9d, 0x0, 0xd8, 0x3f, 0x30, 0x3,
    0xfd, 0x80, 0x0, 0xc, 0xf2, 0x0, 0x5, 0xfb,
    0xa0, 0x0, 0xe7, 0x1f, 0x40, 0x9d, 0x0, 0x7e,
    0x0,

    /* U+0446 "ц" */
    0xf, 0x40, 0xe, 0x60, 0xf, 0x40, 0xe, 0x60,
    0xf, 0x40, 0xe, 0x60, 0xf, 0x40, 0xe, 0x60,
    0xf, 0x40, 0xe, 0x60, 0xf, 0x51, 0x1e, 0x70,
    0xf, 0xff, 0xff, 0xf5, 0x0, 0x0, 0x0, 0xd5,
    0x0, 0x0, 0x0, 0xa4,

    /* U+0447 "ч" */
    0x4f, 0x0, 0xf, 0x34, 0xf0, 0x0, 0xf3, 0x4f,
    0x0, 0xf, 0x32, 0xf4, 0x2, 0xf3, 0x8, 0xff,
    0xef, 0x30, 0x0, 0x10, 0xf3, 0x0, 0x0, 0xf,
    0x30,

    /* U+0448 "ш" */
    0xf, 0x40, 0x2f, 0x10, 0x5f, 0xf, 0x40, 0x2f,
    0x10, 0x5f, 0xf, 0x40, 0x2f, 0x10, 0x5f, 0xf,
    0x40, 0x2f, 0x10, 0x5f, 0xf, 0x40, 0x2f, 0x10,
    0x5f, 0xf, 0x51, 0x3f, 0x31, 0x6f, 0xf, 0xff,
    0xff, 0xff, 0xff,

    /* U+0449 "щ" */
    0xf4, 0x3, 0xf1, 0x6, 0xe0, 0xf4, 0x3, 0xf1,
    0x6, 0xe0, 0xf4, 0x3, 0xf1, 0x6, 0xe0, 0xf4,
    0x3, 0xf1, 0x6, 0xe0, 0xf4, 0x3, 0xf1, 0x6,
    0xe0, 0xf5, 0x14, 0xf2, 0x17, 0xe1, 0xff, 0xff,
    0xff, 0xff, 0xfd, 0x0, 0x0, 0x0, 0x0, 0x5d,
    0x0, 0x0, 0x0, 0x0, 0x4a,

    /* U+044A "ъ" */
    0xdf, 0xf3, 0x0, 0x0, 0x12, 0xf3, 0x0, 0x0,
    0x1, 0xf3, 0x0, 0x0, 0x1, 0xff, 0xec, 0x50,
    0x1, 0xf5, 0x28, 0xf0, 0x1, 0xf4, 0x17, 0xf0,
    0x1, 0xff, 0xfd, 0x50,

    /* U+044B "ы" */
    0xf4, 0x0, 0x0, 0xd7, 0xf4, 0x0, 0x0, 0xd7,
    0xff, 0xec, 0x30, 0xd7, 0xf5, 0x29, 0xe0, 0xd7,
    0xf4, 0x3, 0xf1, 0xd7, 0xf5, 0x19, 0xe0, 0xd7,
    0xff, 0xfc, 0x30, 0xd7,

    /* U+044C "ь" */
    0xf4, 0x0, 0x0, 0xf4, 0x0, 0x0, 0xf4, 0x0,
    0x0, 0xff, 0xed, 0x60, 0xf6, 0x27, 0xf1, 0xf5,
    0x16, 0xf1, 0xff, 0xfd, 0x60,

    /* U+044D "э" */
    0x4e, 0xfc, 0x30, 0x14, 0x29, 0xe1, 0x0, 0x0,
    0xf5, 0xb, 0xee, 0xf7, 0x1, 0x11, 0xe5, 0x22,
    0x28, 0xe0, 0x5e, 0xfc, 0x30,

    /* U+044E "ю" */
    0xf4, 0x4, 0xdf, 0xb1, 0xf, 0x42, 0xf4, 0x9,
    0xc0, 0xf4, 0x7c, 0x0, 0x3f, 0x1f, 0xff, 0xb0,
    0x1, 0xf3, 0xf6, 0x8d, 0x0, 0x3f, 0x1f, 0x43,
    0xf6, 0x2b, 0xb0, 0xf4, 0x5, 0xdf, 0xb1, 0x0,

    /* U+044F "я" */
    0x8, 0xef, 0xff, 0x12, 0xf4, 0x3, 0xf1, 0x3f,
    0x30, 0x3f, 0x10, 0x9f, 0xef, 0xf1, 0x3, 0xf4,
    0x4f, 0x10, 0xca, 0x3, 0xf1, 0x5f, 0x10, 0x3f,
    0x10,

    /* U+0450 "ѐ" */
    0x0, 0xc9, 0x0, 0x0, 0x1, 0xd3, 0x0, 0x0,
    0x0, 0x0, 0x0, 0x3c, 0xfc, 0x20, 0xe, 0x81,
    0x9c, 0x5, 0xf0, 0x2, 0xf1, 0x6f, 0xee, 0xef,
    0x35, 0xf1, 0x11, 0x10, 0xe, 0x92, 0x25, 0x0,
    0x3c, 0xfe, 0xa0,

    /* U+0451 "ё" */
    0x2, 0xd0, 0xd2, 0x0, 0x5, 0x5, 0x0, 0x3,
    0xcf, 0xc2, 0x0, 0xe8, 0x19, 0xc0, 0x5f, 0x0,
    0x2f, 0x16, 0xfe, 0xee, 0xf3, 0x5f, 0x11, 0x11,
    0x0, 0xe9, 0x22, 0x50, 0x3, 0xcf, 0xea, 0x0,

    /* U+0452 "ђ" */
    0xa, 0x30, 0x0, 0xe, 0xff, 0xe6, 0x0, 0x1f,
    0x51, 0x0, 0x0, 0xf7, 0xdf, 0xa0, 0xf, 0xd3,
    0x4f, 0x60, 0xf6, 0x0, 0xb9, 0xf, 0x50, 0xa,
    0x90, 0xf4, 0x0, 0xa9, 0xf, 0x40, 0xa, 0x90,
    0xf4, 0x0, 0xa9, 0x0, 0x0, 0xa, 0x90, 0x0,
    0x13, 0xe7, 0x0, 0x7, 0xfb, 0x0,

    /* U+0453 "ѓ" */
    0x0, 0xac, 0x0, 0x2e, 0x20, 0x3, 0x30, 0xf,
    0xff, 0xf2, 0xf5, 0x11, 0xf, 0x40, 0x0, 0xf4,
    0x0, 0xf, 0x40, 0x0, 0xf4, 0x0, 0xf, 0x40,
    0x0,

    /* U+0454 "є" */
    0x2, 0xbf, 0xe5, 0xe, 0xa2, 0x31, 0x4f, 0x0,
    0x0, 0x6f, 0xee, 0xc0, 0x5f, 0x11, 0x10, 0x1e,
    0x92, 0x22, 0x3, 0xcf, 0xe4,

    /* U+0455 "ѕ" */
    0xa, 0xfe, 0xb0, 0x6d, 0x12, 0x40, 0x4f, 0x60,
    0x0, 0x5, 0xde, 0x50, 0x0, 0x6, 0xf1, 0x43,
    0x15, 0xf1, 0x5d, 0xfe, 0x60,

    /* U+0456 "і" */
    0xe, 0x30, 0x71, 0xf, 0x40, 0xf4, 0xf, 0x40,
    0xf4, 0xf, 0x40, 0xf4, 0xf, 0x40,

    /* U+0457 "ї" */
    0x97, 0xd0, 0x42, 0x60, 0xf, 0x40, 0xf, 0x40,
    0xf, 0x40, 0xf, 0x40, 0xf, 0x40, 0xf, 0x40,
    0xf, 0x40,

    /* U+0458 "ј" */
    0x0, 0xe3, 0x0, 0x71, 0x0, 0xf4, 0x0, 0xf4,
    0x0, 0xf4, 0x0, 0xf4, 0x0, 0xf4, 0x0, 0xf4,
    0x0, 0xf4, 0x0, 0xf3, 0x15, 0xf2, 0x9f, 0x90,

    /* U+0459 "љ" */
    0x6, 0xff, 0xff, 0x10, 0x0, 0x6, 0xb1, 0x4f,
    0x10, 0x0, 0x7, 0xa0, 0x3f, 0xfe, 0xa2, 0x8,
    0x90, 0x3f, 0x22, 0xcb, 0x9, 0x80, 0x3f, 0x10,
    0x6e, 0x3e, 0x50, 0x3f, 0x33, 0xcb, 0xfc, 0x0,
    0x3f, 0xff, 0xb2,

    /* U+045A "њ" */
    0xf4, 0x0, 0xd6, 0x0, 0x0, 0xf4, 0x0, 0xd6,
    0x0, 0x0, 0xf4, 0x0, 0xd6, 0x0, 0x0, 0xff,
    0xff, 0xff, 0xfd, 0x70, 0xf6, 0x22, 0xe8, 0x26,
    0xf2, 0xf4, 0x0, 0xd7, 0x15, 0xf2, 0xf4, 0x0,
    0xdf, 0xfe, 0x70,

    /* U+045B "ћ" */
    0xa, 0x30, 0x0, 0xe, 0xff, 0xe9, 0x0, 0x1f,
    0x51, 0x10, 0x0, 0xf7, 0xdf, 0xa0, 0xf, 0xd3,
    0x4f, 0x60, 0xf6, 0x0, 0xa9, 0xf, 0x50, 0xa,
    0x90, 0xf4, 0x0, 0xa9, 0xf, 0x40, 0xa, 0x90,
    0xf4, 0x0, 0xa9,

    /* U+045C "ќ" */
    0x0, 0x1f, 0x60, 0x0, 0x8a, 0x0, 0x0, 0x70,
    0x0, 0xf4, 0x3, 0xf2, 0xf4, 0xc, 0x70, 0xf4,
    0x6d, 0x0, 0xff, 0xf6, 0x0, 0xf6, 0x8e, 0x0,
    0xf4, 0xd, 0x90, 0xf4, 0x3, 0xf4,

    /* U+045D "ѝ" */
    0xa, 0xd0, 0x0, 0x0, 0xd5, 0x0, 0x0, 0x25,
    0x0, 0xf4, 0x2, 0xfa, 0xf4, 0xb, 0xfa, 0xf4,
    0x3e, 0xaa, 0xf3, 0xb6, 0x9a, 0xf7, 0xd0, 0x9a,
    0xfe, 0x50, 0x9a, 0xfc, 0x0, 0x9a,

    /* U+045E "ў" */
    0x8, 0x81, 0xd1, 0x0, 0x2c, 0xd7, 0x0, 0x0,
    0x0, 0x0, 0xd, 0x80, 0x3, 0xf2, 0x7e, 0x0,
    0x8c, 0x1, 0xf3, 0xd, 0x70, 0xb, 0x92, 0xf1,
    0x0, 0x5e, 0x7b, 0x0, 0x0, 0xee, 0x60, 0x0,
    0x8, 0xf0, 0x0, 0x0, 0x9a, 0x0, 0x2, 0x5f,
    0x30, 0x0, 0xbe, 0x70, 0x0, 0x0,

    /* U+045F "џ" */
    0xf4, 0x0, 0xd6, 0xf4, 0x0, 0xd6, 0xf4, 0x0,
    0xd6, 0xf4, 0x0, 0xd6, 0xf4, 0x0, 0xd6, 0xf5,
    0x11, 0xd6, 0xff, 0xff, 0xf6, 0x0, 0xe5, 0x0,
    0x0, 0xe5, 0x0,

    /* U+0460 "Ѡ" */
    0xaa, 0x0, 0x3f, 0x20, 0x8, 0xd9, 0xc0, 0x1,
    0xf3, 0x0, 0x9c, 0x7e, 0x0, 0xf, 0x60, 0xa,
    0xb3, 0xf2, 0x4, 0xf9, 0x0, 0xc8, 0xe, 0x60,
    0x9f, 0xd0, 0xf, 0x50, 0xaa, 0xe, 0x6f, 0x23,
    0xf1, 0x5, 0xf5, 0xe0, 0xc8, 0x8b, 0x0, 0xe,
    0xe8, 0x6, 0xee, 0x50, 0x0, 0x6f, 0x30, 0xd,
    0xc0, 0x0,

    /* U+0461 "ѡ" */
    0xb8, 0x0, 0xd6, 0x0, 0xd6, 0xaa, 0x0, 0xc8,
    0x0, 0xf4, 0x7d, 0x0, 0xaa, 0x2, 0xf1, 0x2f,
    0x10, 0xee, 0x6, 0xd0, 0xd, 0x67, 0xaf, 0x3b,
    0x80, 0x6, 0xce, 0x29, 0xbf, 0x10, 0x0, 0xeb,
    0x2, 0xf8, 0x0,

    /* U+0462 "Ѣ" */
    0x3, 0xf2, 0x0, 0x0, 0xef, 0xff, 0xf7, 0x0,
    0x24, 0xf3, 0x21, 0x0, 0x3, 0xf2, 0x0, 0x0,
    0x3, 0xff, 0xfd, 0x60, 0x3, 0xf4, 0x37, 0xf4,
    0x3, 0xf2, 0x0, 0xe7, 0x3, 0xf3, 0x27, 0xf3,
    0x3, 0xff, 0xfd, 0x60,

    /* U+0463 "ѣ" */
    0x4, 0x60, 0x0, 0x0, 0x8, 0xc0, 0x0, 0x0,
    0xef, 0xff, 0xd0, 0x0, 0x8, 0xc0, 0x0, 0x0,
    0x8, 0xc0, 0x0, 0x0, 0x8, 0xfe, 0xec, 0x50,
    0x8, 0xc1, 0x27, 0xf0, 0x8, 0xc0, 0x16, 0xf0,
    0x8, 0xff, 0xfd, 0x50,

    /* U+0464 "Ѥ" */
    0xd7, 0x0, 0x9, 0xef, 0xd7, 0xd7, 0x0, 0xcc,
    0x31, 0x54, 0xd7, 0x6, 0xe1, 0x0, 0x0, 0xd7,
    0xa, 0xa0, 0x0, 0x0, 0xdf, 0xff, 0xff, 0xff,
    0x70, 0xd8, 0x2c, 0xb2, 0x22, 0x10, 0xd7, 0x9,
    0xe0, 0x0, 0x0, 0xd7, 0x2, 0xfc, 0x53, 0x53,
    0xd7, 0x0, 0x2b, 0xef, 0xd5,

    /* U+0465 "ѥ" */
    0xf, 0x40, 0x1a, 0xef, 0x70, 0xf4, 0xb, 0xa0,
    0x11, 0xf, 0x41, 0xf3, 0x0, 0x0, 0xff, 0xff,
    0xff, 0xf0, 0xf, 0x54, 0xf4, 0x22, 0x0, 0xf4,
    0xd, 0xa2, 0x23, 0xf, 0x40, 0x2b, 0xff, 0x70,

    /* U+0466 "Ѧ" */
    0x0, 0xb, 0xf1, 0x0, 0x0, 0x1, 0xfd, 0x70,
    0x0, 0x0, 0x7c, 0x7d, 0x0, 0x0, 0xd, 0x61,
    0xf3, 0x0, 0x4, 0xff, 0xff, 0x90, 0x0, 0xab,
    0x7c, 0x6f, 0x0, 0x1f, 0x46, 0xc0, 0xe6, 0x6,
    0xe0, 0x6c, 0x8, 0xc0, 0xc8, 0x6, 0xc0, 0x2f,
    0x20,

    /* U+0467 "ѧ" */
    0x0, 0x6f, 0x80, 0x0, 0x0, 0xd8, 0xe0, 0x0,
    0x3, 0xf0, 0xd4, 0x0, 0x9, 0xfe, 0xfa, 0x0,
    0xf, 0x5f, 0x5f, 0x10, 0x6d, 0xf, 0x1c, 0x70,
    0xc7, 0xf, 0x16, 0xd0,

    /* U+0468 "Ѩ" */
    0xd7, 0x0, 0xa, 0xf2, 0x0, 0xd, 0x70, 0x0,
    0xfd, 0x80, 0x0, 0xd7, 0x0, 0x5d, 0x6e, 0x0,
    0xd, 0x70, 0xb, 0x71, 0xf4, 0x0, 0xdf, 0xff,
    0xff, 0xff, 0xa0, 0xd, 0x82, 0x9c, 0x7d, 0x6f,
    0x10, 0xd7, 0xe, 0x65, 0xd0, 0xe7, 0xd, 0x75,
    0xf0, 0x5d, 0x8, 0xd0, 0xd7, 0xb9, 0x5, 0xd0,
    0x2f, 0x30,

    /* U+0469 "ѩ" */
    0xf3, 0x0, 0xbf, 0x30, 0xf, 0x30, 0x1f, 0x99,
    0x0, 0xf3, 0x7, 0xa3, 0xf0, 0xf, 0xff, 0xff,
    0xff, 0x60, 0xf4, 0x5e, 0x7d, 0x8c, 0xf, 0x3a,
    0x95, 0xc1, 0xf2, 0xf4, 0xf2, 0x5c, 0xb, 0x80,

    /* U+046A "Ѫ" */
    0xf, 0xff, 0xff, 0xff, 0x0, 0x8e, 0x33, 0x3d,
    0x80, 0x0, 0xb9, 0x9, 0xb0, 0x0, 0x1, 0xea,
    0xe1, 0x0, 0x2, 0xef, 0xff, 0xe2, 0x0, 0xba,
    0x2f, 0x2a, 0xb0, 0x1f, 0x32, 0xf2, 0x3f, 0x16,
    0xe0, 0x2f, 0x20, 0xe6, 0xaa, 0x2, 0xf2, 0x9,
    0xb0,

    /* U+046B "ѫ" */
    0x2f, 0xff, 0xff, 0xc0, 0x8, 0xb0, 0x3e, 0x30,
    0x0, 0xb9, 0xd5, 0x0, 0x6, 0xef, 0xfd, 0x20,
    0x1f, 0x3c, 0x69, 0xa0, 0x6c, 0xc, 0x63, 0xf0,
    0xc6, 0xc, 0x60, 0xd5,

    /* U+046C "Ѭ" */
    0xd7, 0xe, 0xff, 0xff, 0xff, 0x30, 0xd7, 0x6,
    0xf3, 0x33, 0xbb, 0x0, 0xd7, 0x0, 0xba, 0x5,
    0xe1, 0x0, 0xd7, 0x0, 0x1e, 0x7e, 0x40, 0x0,
    0xdf, 0xff, 0xff, 0xff, 0xb1, 0x0, 0xd8, 0x28,
    0xe4, 0xf7, 0xac, 0x0, 0xd7, 0xd, 0x70, 0xf5,
    0x1f, 0x30, 0xd7, 0x3f, 0x20, 0xf5, 0xc, 0x80,
    0xd7, 0x8c, 0x0, 0xf5, 0x7, 0xd0,

    /* U+046D "ѭ" */
    0xf3, 0x7f, 0xff, 0xff, 0x80, 0xf3, 0xd, 0x60,
    0x6d, 0x0, 0xf3, 0x3, 0xe4, 0xe3, 0x0, 0xfe,
    0xee, 0xff, 0xe6, 0x0, 0xf4, 0x5e, 0x4f, 0x4e,
    0x40, 0xf3, 0xa8, 0x1f, 0x18, 0xa0, 0xf4, 0xf2,
    0x1f, 0x12, 0xf1,

    /* U+046E "Ѯ" */
    0x7, 0x90, 0x9b, 0x0, 0xb, 0xd9, 0x0, 0x2b,
    0xff, 0xf8, 0x2, 0x93, 0x16, 0xf3, 0x0, 0x0,
    0xf, 0x50, 0x0, 0x18, 0xe1, 0x7, 0xff, 0xd3,
    0x0, 0x12, 0x38, 0xf3, 0x0, 0x0, 0xd, 0x80,
    0x0, 0x26, 0xf5, 0x3d, 0xff, 0xd6, 0x9, 0xc0,
    0x0, 0x0, 0x4f, 0xff, 0xfe, 0x0, 0x2, 0x22,
    0x30,

    /* U+046F "ѯ" */
    0xc, 0x34, 0xc4, 0x5, 0xee, 0x30, 0x5f, 0xff,
    0xc0, 0x13, 0x1, 0xe5, 0x0, 0x1, 0xe3, 0x4,
    0xef, 0x90, 0x0, 0x13, 0xd6, 0x0, 0x2, 0xd8,
    0x5e, 0xfe, 0xa1, 0xc7, 0x0, 0x0, 0x7f, 0xff,
    0xe3, 0x1, 0x22, 0x21,

    /* U+0470 "Ѱ" */
    0xf5, 0x9, 0xa0, 0x4f, 0xf5, 0x9, 0xa0, 0x4f,
    0xe5, 0x9, 0xa0, 0x4f, 0xd6, 0x9, 0xa0, 0x6d,
    0x8d, 0x29, 0xa2, 0xd9, 0xa, 0xff, 0xff, 0xa1,
    0x0, 0xa, 0xa0, 0x0, 0x0, 0x9, 0xa0, 0x0,
    0x0, 0x9, 0xa0, 0x0,

    /* U+0471 "ѱ" */
    0x0, 0x0, 0xf4, 0x0, 0x0, 0x0, 0xf, 0x40,
    0x0, 0x0, 0x0, 0xf4, 0x0, 0x1, 0xf2, 0xf,
    0x41, 0xf2, 0x1f, 0x20, 0xf4, 0xe, 0x51, 0xf2,
    0xf, 0x40, 0xd6, 0x1f, 0x20, 0xf4, 0xd, 0x70,
    0xf4, 0xf, 0x40, 0xf5, 0xb, 0xc3, 0xf6, 0xae,
    0x0, 0x1a, 0xff, 0xfc, 0x30, 0x0, 0x0, 0xf4,
    0x0, 0x0, 0x0, 0xf, 0x40, 0x0, 0x0, 0x0,
    0xf4, 0x0, 0x0,

    /* U+0472 "Ѳ" */
    0x0, 0x6d, 0xfe, 0x91, 0x0, 0x7f, 0x73, 0x4d,
    0xd0, 0xf, 0x70, 0x0, 0x1f, 0x53, 0xf2, 0x0,
    0x0, 0xc9, 0x4f, 0xff, 0xff, 0xff, 0xa3, 0xf4,
    0x22, 0x22, 0xc9, 0xf, 0x60, 0x0, 0x1f, 0x50,
    0x7f, 0x63, 0x4c, 0xd0, 0x0, 0x6d, 0xfe, 0x91,
    0x0,

    /* U+0473 "ѳ" */
    0x2, 0xbf, 0xd5, 0x0, 0xda, 0x26, 0xf3, 0x3f,
    0x10, 0xc, 0x95, 0xfe, 0xee, 0xfa, 0x4f, 0x21,
    0x1c, 0x90, 0xd9, 0x25, 0xf3, 0x2, 0xcf, 0xd5,
    0x0,

    /* U+0474 "Ѵ" */
    0xd7, 0x0, 0x0, 0xcf, 0x17, 0xd0, 0x0, 0x6e,
    0x20, 0x2f, 0x20, 0xc, 0x80, 0x0, 0xd7, 0x1,
    0xf3, 0x0, 0x7, 0xd0, 0x6e, 0x0, 0x0, 0x2f,
    0x2b, 0x90, 0x0, 0x0, 0xd7, 0xf4, 0x0, 0x0,
    0x7, 0xde, 0x0, 0x0, 0x0, 0x2f, 0xa0, 0x0,
    0x0,

    /* U+0475 "ѵ" */
    0xd7, 0x0, 0x1d, 0xa7, 0xc0, 0x8, 0xc1, 0x2f,
    0x20, 0xd5, 0x0, 0xc7, 0x2f, 0x10, 0x7, 0xc7,
    0xb0, 0x0, 0x1f, 0xc6, 0x0, 0x0, 0xcf, 0x10,
    0x0,

    /* U+0476 "Ѷ" */
    0xb, 0x89, 0xb0, 0x0, 0x0, 0x1c, 0x2b, 0x40,
    0x0, 0x0, 0x0, 0x0, 0x0, 0xd, 0x70, 0x0,
    0xc, 0xf1, 0x7d, 0x0, 0x6, 0xe2, 0x2, 0xf2,
    0x0, 0xc8, 0x0, 0xd, 0x70, 0x1f, 0x30, 0x0,
    0x7d, 0x6, 0xe0, 0x0, 0x2, 0xf2, 0xb9, 0x0,
    0x0, 0xd, 0x7f, 0x40, 0x0, 0x0, 0x7d, 0xe0,
    0x0, 0x0, 0x2, 0xfa, 0x0, 0x0,

    /* U+0477 "ѷ" */
    0x5e, 0x3f, 0x20, 0x0, 0x78, 0x5a, 0x0, 0x0,
    0x0, 0x0, 0xd, 0x70, 0x1, 0xda, 0x7c, 0x0,
    0x8c, 0x12, 0xf2, 0xd, 0x50, 0xc, 0x72, 0xf1,
    0x0, 0x7c, 0x7b, 0x0, 0x1, 0xfc, 0x60, 0x0,
    0xc, 0xf1, 0x0,

    /* U+0478 "Ѹ" */
    0x0, 0x7e, 0xfd, 0x60, 0x0, 0x0, 0x0, 0x0,
    0x8f, 0x63, 0x7f, 0x50, 0x0, 0x0, 0x0, 0xf,
    0x70, 0x0, 0x9d, 0x2f, 0x20, 0x9, 0xc3, 0xf2,
    0x0, 0x5, 0xf0, 0xc8, 0x0, 0xe6, 0x4f, 0x10,
    0x0, 0x3f, 0x16, 0xe0, 0x3f, 0x13, 0xf2, 0x0,
    0x5, 0xf0, 0x1f, 0x38, 0xb0, 0xf, 0x70, 0x0,
    0x9d, 0x0, 0xa8, 0xd5, 0x0, 0x8f, 0x63, 0x7f,
    0x50, 0x4, 0xef, 0x0, 0x0, 0x7e, 0xfd, 0x50,
    0x0, 0xe, 0xa0, 0x0, 0x0, 0x0, 0x0, 0x0,
    0x0, 0xf4, 0x0, 0x0, 0x0, 0x0, 0x0, 0x1,
    0x9d, 0x0, 0x0, 0x0, 0x0, 0x0, 0x2, 0xfd,
    0x30, 0x0,

    /* U+0479 "ѹ" */
    0x2, 0xbf, 0xd5, 0xb, 0x90, 0x1, 0xf3, 0xd,
    0xa2, 0x6f, 0x35, 0xf0, 0x6, 0xe0, 0x3f, 0x10,
    0xc, 0x90, 0xe4, 0xc, 0x80, 0x5f, 0x0, 0xa,
    0xa0, 0x9a, 0x1f, 0x30, 0x3f, 0x10, 0xc, 0x80,
    0x3f, 0x6d, 0x0, 0xd, 0x92, 0x5f, 0x30, 0xd,
    0xe7, 0x0, 0x2, 0xcf, 0xd5, 0x0, 0x7, 0xf2,
    0x0, 0x0, 0x0, 0x0, 0x0, 0x8, 0xc0, 0x0,
    0x0, 0x0, 0x0, 0x1, 0x3f, 0x50, 0x0, 0x0,
    0x0, 0x0, 0xa, 0xf8, 0x0, 0x0,

    /* U+047A "Ѻ" */
    0x0, 0x0, 0x43, 0x0, 0x0, 0x0, 0x29, 0xff,
    0x92, 0x0, 0x4, 0xfb, 0xcb, 0xce, 0x20, 0xd,
    0xa0, 0x0, 0xc, 0xb0, 0x2f, 0x30, 0x0, 0x5,
    0xf0, 0x4f, 0x10, 0x0, 0x3, 0xf2, 0x3f, 0x20,
    0x0, 0x4, 0xf1, 0xf, 0x60, 0x0, 0x8, 0xe0,
    0x9, 0xe3, 0x43, 0x4f, 0x70, 0x0, 0xaf, 0xff,
    0xf9, 0x0, 0x0, 0x2, 0xcb, 0x10, 0x0,

    /* U+047B "ѻ" */
    0x0, 0x1, 0x10, 0x0, 0x0, 0x5d, 0xd5, 0x0,
    0x9, 0xdc, 0xce, 0x90, 0x2f, 0x30, 0x3, 0xf2,
    0x4f, 0x0, 0x0, 0xf5, 0x4f, 0x0, 0x0, 0xf4,
    0x1f, 0x51, 0x15, 0xf1, 0x5, 0xfe, 0xef, 0x60,
    0x0, 0x1b, 0xb1, 0x0,

    /* U+047C "Ѽ" */
    0x0, 0x0, 0x9e, 0xfe, 0x80, 0x0, 0x0, 0x0,
    0x6, 0xb0, 0x0, 0x0, 0x0, 0x0, 0x2, 0xb0,
    0x0, 0x0, 0x0, 0x0, 0x5, 0x10, 0x0, 0x0,
    0x0, 0xaf, 0xe5, 0xa, 0xfd, 0x40, 0x9, 0xe4,
    0x42, 0x5, 0x28, 0xf2, 0xf, 0x50, 0x0, 0x0,
    0x0, 0xc8, 0x3f, 0x10, 0x0, 0x0, 0x0, 0x9b,
    0x4f, 0x0, 0x1, 0x30, 0x0, 0x8c, 0x3f, 0x20,
    0x6, 0xe0, 0x0, 0x9b, 0xf, 0x70, 0x6, 0xe0,
    0x0, 0xe7, 0x8, 0xf7, 0x4b, 0xf6, 0x4b, 0xf1,
    0x0, 0x8e, 0xfa, 0x5d, 0xfc, 0x30,

    /* U+047D "ѽ" */
    0x0, 0x7, 0xef, 0xea, 0x0, 0x0, 0x0, 0x3,
    0xe0, 0x0, 0x0, 0x0, 0x0, 0x2c, 0x0, 0x0,
    0x0, 0x0, 0x2, 0x0, 0x0, 0x0, 0x3, 0xdf,
    0x70, 0x8f, 0xc3, 0x0, 0xe9, 0x22, 0x2, 0x29,
    0xd0, 0x3f, 0x10, 0x0, 0x0, 0x1f, 0x35, 0xf0,
    0x1, 0x91, 0x0, 0xf4, 0x3f, 0x10, 0x2f, 0x20,
    0x2f, 0x30, 0xea, 0x28, 0xf7, 0x2a, 0xd0, 0x3,
    0xcf, 0xc3, 0xcf, 0xc3, 0x0,

    /* U+047E "Ѿ" */
    0x0, 0xa, 0xbd, 0xbc, 0x0, 0x0, 0x0, 0x30,
    0x30, 0x30, 0x0, 0x0, 0x0, 0x0, 0x0, 0x0,
    0xa, 0xa0, 0x3, 0xf2, 0x0, 0x8d, 0x9c, 0x0,
    0x1f, 0x30, 0x9, 0xc7, 0xe0, 0x0, 0xf6, 0x0,
    0xab, 0x3f, 0x20, 0x4f, 0x90, 0xc, 0x80, 0xe6,
    0x9, 0xfd, 0x0, 0xf5, 0xa, 0xa0, 0xe6, 0xf2,
    0x3f, 0x10, 0x5f, 0x5e, 0xc, 0x88, 0xb0, 0x0,
    0xee, 0x80, 0x6e, 0xe5, 0x0, 0x6, 0xf3, 0x0,
    0xdc, 0x0,

    /* U+047F "ѿ" */
    0x0, 0x8c, 0xec, 0xe1, 0x0, 0x0, 0x10, 0x20,
    0x20, 0x0, 0xb8, 0x0, 0xd6, 0x0, 0xd6, 0xaa,
    0x0, 0xc8, 0x0, 0xf4, 0x7d, 0x0, 0xaa, 0x2,
    0xf1, 0x2f, 0x10, 0xee, 0x6, 0xd0, 0xd, 0x67,
    0xaf, 0x3b, 0x80, 0x6, 0xce, 0x29, 0xbf, 0x10,
    0x0, 0xeb, 0x2, 0xf8, 0x0,

    /* U+0480 "Ҁ" */
    0x0, 0x4c, 0xfe, 0xc3, 0x5, 0xf9, 0x44, 0x81,
    0xe, 0x90, 0x0, 0x0, 0x3f, 0x30, 0x0, 0x0,
    0x4f, 0x10, 0x0, 0x0, 0x3f, 0x30, 0x0, 0x0,
    0xf, 0x80, 0x0, 0x0, 0x7, 0xf8, 0x43, 0x10,
    0x0, 0x6c, 0xff, 0x30, 0x0, 0x0, 0x1f, 0x30,
    0x0, 0x0, 0x1f, 0x30, 0x0, 0x0, 0x1f, 0x30,

    /* U+0481 "ҁ" */
    0x3, 0xcf, 0xe5, 0xe, 0xa3, 0x42, 0x4f, 0x10,
    0x0, 0x5f, 0x0, 0x0, 0x4f, 0x10, 0x0, 0xe,
    0xa2, 0x30, 0x3, 0xcf, 0xf0, 0x0, 0x4, 0xf0,
    0x0, 0x4, 0xf0, 0x0, 0x4, 0xf0,

    /* U+0482 "҂" */
    0x0, 0x0, 0x0, 0x0, 0x0, 0x0, 0xb0, 0x0,
    0x98, 0x77, 0x0, 0x0, 0x8f, 0x50, 0x0, 0x8,
    0x8b, 0x72, 0xc5, 0xd0, 0x0, 0x2, 0xeb, 0x10,
    0x0, 0x3c, 0x5c, 0x0, 0x8, 0x30, 0x0, 0x0,
    0x0, 0x0, 0x0,

    /* U+0483 "҃" */
    0x0, 0x0, 0x46, 0xdb, 0xca, 0x22, 0x0, 0x0,

    /* U+0484 "҄" */
    0x3, 0xae, 0x87, 0xc6, 0x1d,

    /* U+0485 "҅" */
    0xd, 0x30, 0xb2, 0x0, 0x10,

    /* U+0486 "҆" */
    0xd, 0x40, 0xa3, 0x1, 0x0,

    /* U+0487 "҇" */
    0xc, 0xe8, 0x20, 0x3b, 0x18, 0xd3,

    /* U+0488 "҈" */
    0x0, 0x0, 0x1, 0xba, 0x0, 0x0, 0x0, 0x0,
    0x0, 0x7, 0x14, 0x50, 0x0, 0x0, 0x0, 0x0,
    0x0, 0x0, 0x0, 0x0, 0x0, 0x3, 0x89, 0x10,
    0x0, 0x2, 0x88, 0x20, 0x1, 0x0, 0x10, 0x0,
    0x1, 0x0, 0x10, 0x0, 0x0, 0x0, 0x0, 0x0,
    0x0, 0x0, 0x5c, 0x80, 0x0, 0x0, 0x0, 0x9,
    0xc5, 0x50, 0x50, 0x0, 0x0, 0x0, 0x4, 0x5,
    0x0, 0x0, 0x0, 0x0, 0x0, 0x0, 0x0, 0x0,
    0x0, 0x0, 0x0, 0x0, 0x0, 0x0, 0x3, 0xcb,
    0x0, 0x0, 0x2, 0xbb, 0x10, 0x4, 0x2, 0x20,
    0x0, 0x3, 0x11, 0x30, 0x0, 0x0, 0x3, 0xcb,
    0x10, 0x0, 0x0, 0x0, 0x0, 0x3, 0x1, 0x20,
    0x0, 0x0,

    /* U+0489 "҉" */
    0x0, 0x0, 0x0, 0x1a, 0x0, 0x0, 0x0, 0x0,
    0x10, 0x0, 0x77, 0x0, 0x0, 0x0, 0x0, 0x76,
    0x0, 0x63, 0x0, 0x28, 0x0, 0x0, 0x1e, 0x10,
    0x0, 0x4, 0xe4, 0x0, 0x0, 0x4, 0x0, 0x0,
    0x0, 0x10, 0x0, 0x0, 0x0, 0x0, 0x0, 0x0,
    0x0, 0x0, 0x68, 0x50, 0x0, 0x0, 0x0, 0x9,
    0x50, 0x6, 0x90, 0x0, 0x0, 0x0, 0x5, 0x96,
    0x0, 0x0, 0x0, 0x0, 0x0, 0x0, 0x0, 0x0,
    0x0, 0x0, 0x0, 0x0, 0x10, 0x0, 0x0, 0xa,
    0x40, 0x0, 0x1, 0xd0, 0x0, 0x0, 0xc7, 0x0,
    0x37, 0x0, 0x95, 0x0, 0x0, 0x0, 0x0, 0x77,
    0x0, 0x14, 0x0, 0x0, 0x0, 0x0, 0xa1, 0x0,
    0x0, 0x0,

    /* U+048A "Ҋ" */
    0x9, 0xa0, 0x4f, 0x0, 0x0, 0x2b, 0xdd, 0x50,
    0x0, 0x0, 0x0, 0x0, 0x0, 0xd, 0x50, 0x0,
    0x8f, 0x40, 0xd5, 0x0, 0x2f, 0xf4, 0xd, 0x50,
    0xb, 0xad, 0x40, 0xd5, 0x5, 0xf1, 0xe4, 0xd,
    0x50, 0xe6, 0xe, 0x40, 0xd5, 0x8c, 0x0, 0xe4,
    0xd, 0x7f, 0x30, 0xe, 0x40, 0xde, 0x80, 0x0,
    0xe4, 0xd, 0xe0, 0x0, 0xe, 0xf8, 0x0, 0x0,
    0x0, 0xe, 0x40, 0x0, 0x0, 0x4, 0xf0, 0x0,
    0x0, 0x0, 0x68, 0x0,

    /* U+048B "ҋ" */
    0x3e, 0x11, 0xd5, 0x0, 0x9, 0xed, 0x90, 0x0,
    0x0, 0x0, 0x0, 0x0, 0xf3, 0x0, 0xdf, 0x0,
    0xf3, 0x7, 0xef, 0x0, 0xf3, 0x1e, 0x7f, 0x0,
    0xf3, 0x9a, 0x3f, 0x0, 0xf6, 0xe1, 0x3f, 0x0,
    0xfe, 0x70, 0x3f, 0x0, 0xfd, 0x0, 0x3f, 0xf2,
    0x0, 0x0, 0x2, 0xe0, 0x0, 0x0, 0x7, 0xb0,
    0x0, 0x0, 0x5, 0x30,

    /* U+048C "Ҍ" */
    0xd, 0x70, 0x0, 0xb, 0xff, 0xf5, 0x0, 0x1e,
    0x82, 0x0, 0x0, 0xd7, 0x0, 0x0, 0xd, 0xff,
    0xe9, 0x10, 0xd8, 0x25, 0xda, 0xd, 0x70, 0x8,
    0xd0, 0xd8, 0x24, 0xd9, 0xd, 0xff, 0xe9, 0x0,

    /* U+048D "ҍ" */
    0x8, 0x20, 0x0, 0x0, 0xf4, 0x0, 0x0, 0xef,
    0xff, 0x20, 0x0, 0xf4, 0x0, 0x0, 0xf, 0x40,
    0x0, 0x0, 0xf4, 0x0, 0x0, 0xf, 0xfe, 0xea,
    0x10, 0xf5, 0x23, 0xd8, 0xf, 0x40, 0x2d, 0x80,
    0xff, 0xff, 0xb1,

    /* U+048E "Ҏ" */
    0xdf, 0xfe, 0x90, 0xd8, 0x25, 0xe9, 0xd7, 0x0,
    0x9c, 0xd7, 0x4c, 0xd9, 0xdf, 0xff, 0xd0, 0xd8,
    0x21, 0xd0, 0xd7, 0x0, 0x0, 0xd7, 0x0, 0x0,
    0xd7, 0x0, 0x0,

    /* U+048F "ҏ" */
    0xf6, 0xee, 0x90, 0xfb, 0x2, 0xe6, 0xf5, 0x0,
    0x9b, 0xf4, 0x0, 0x8c, 0xf6, 0x16, 0xab, 0xfd,
    0x4e, 0xf6, 0xf8, 0xef, 0xf0, 0xf4, 0x0, 0x73,
    0xf4, 0x0, 0x0, 0xf4, 0x0, 0x0,

    /* U+0490 "Ґ" */
    0x0, 0x0, 0xe4, 0x0, 0x0, 0xe4, 0xef, 0xff,
    0xf4, 0xe8, 0x33, 0x30, 0xe6, 0x0, 0x0, 0xe6,
    0x0, 0x0, 0xe6, 0x0, 0x0, 0xe6, 0x0, 0x0,
    0xe6, 0x0, 0x0, 0xe6, 0x0, 0x0, 0xe6, 0x0,
    0x0,

    /* U+0491 "ґ" */
    0x0, 0xf, 0x30, 0x0, 0xf3, 0xff, 0xff, 0x3f,
    0x40, 0x0, 0xf4, 0x0, 0xf, 0x40, 0x0, 0xf4,
    0x0, 0xf, 0x40, 0x0, 0xf4, 0x0, 0x0,

    /* U+0492 "Ғ" */
    0xd, 0xff, 0xff, 0x30, 0xd8, 0x33, 0x30, 0xd,
    0x70, 0x0, 0x0, 0xd7, 0x0, 0x0, 0xbf, 0xff,
    0xd0, 0x1, 0xe8, 0x22, 0x0, 0xd, 0x70, 0x0,
    0x0, 0xd7, 0x0, 0x0, 0xd, 0x70, 0x0, 0x0,

    /* U+0493 "ғ" */
    0xf, 0xff, 0xf2, 0xf, 0x51, 0x10, 0xf, 0x30,
    0x0, 0xdf, 0xfe, 0x30, 0x2f, 0x51, 0x0, 0xf,
    0x30, 0x0, 0xf, 0x30, 0x0,

    /* U+0494 "Ҕ" */
    0xdf, 0xff, 0xf3, 0xd, 0x83, 0x33, 0x0, 0xd7,
    0x0, 0x0, 0xd, 0x70, 0x0, 0x0, 0xdf, 0xfe,
    0xa1, 0xd, 0x93, 0x6d, 0xd0, 0xd7, 0x0, 0x1f,
    0x6d, 0x70, 0x0, 0xc9, 0xd7, 0x0, 0xc, 0x90,
    0x0, 0x0, 0xf6, 0x1, 0x44, 0xbe, 0x10, 0x3e,
    0xfc, 0x30,

    /* U+0495 "ҕ" */
    0xff, 0xff, 0x30, 0xf5, 0x11, 0x0, 0xf4, 0x0,
    0x0, 0xff, 0xeb, 0x10, 0xf6, 0x4c, 0xc0, 0xf4,
    0x3, 0xf2, 0xf4, 0x0, 0xf4, 0x0, 0x2, 0xf2,
    0x4, 0x3a, 0xd0, 0xb, 0xfc, 0x30,

    /* U+0496 "Җ" */
    0x7d, 0x0, 0x5e, 0x0, 0x5e, 0x10, 0xb, 0x90,
    0x5e, 0x1, 0xe5, 0x0, 0x1, 0xe5, 0x5e, 0xc,
    0x90, 0x0, 0x0, 0x4e, 0x7e, 0x7c, 0x0, 0x0,
    0x0, 0xd, 0xde, 0xe6, 0x0, 0x0, 0x0, 0x7d,
    0x6e, 0x5e, 0x10, 0x0, 0x3, 0xf3, 0x5e, 0xa,
    0xc0, 0x0, 0xd, 0x80, 0x5e, 0x1, 0xe8, 0x30,
    0xac, 0x0, 0x5e, 0x0, 0x4f, 0xf1, 0x0, 0x0,
    0x0, 0x0, 0x3, 0xf1, 0x0, 0x0, 0x0, 0x0,
    0x3, 0xf1, 0x0, 0x0, 0x0, 0x0, 0x1, 0x80,

    /* U+0497 "җ" */
    0x6e, 0x10, 0xe5, 0x8, 0xd0, 0xa, 0xb0, 0xe5,
    0x4e, 0x20, 0x0, 0xd7, 0xe6, 0xe5, 0x0, 0x0,
    0x6e, 0xed, 0xd0, 0x0, 0x2, 0xe5, 0xe5, 0xd7,
    0x0, 0xc, 0x90, 0xe5, 0x2f, 0x41, 0x9c, 0x0,
    0xe5, 0x5, 0xfd, 0x0, 0x0, 0x0, 0x0, 0x5d,
    0x0, 0x0, 0x0, 0x0, 0x5d, 0x0, 0x0, 0x0,
    0x0, 0x26,

    /* U+0498 "Ҙ" */
    0x3c, 0xef, 0xb2, 0x1, 0x73, 0x3c, 0xd0, 0x0,
    0x0, 0x5f, 0x0, 0x0, 0x1a, 0xb0, 0x6, 0xff,
    0xc1, 0x0, 0x12, 0x3a, 0xe1, 0x0, 0x0, 0x1f,
    0x44, 0x43, 0x3a, 0xf1, 0x5d, 0xff, 0xc3, 0x0,
    0x0, 0xc1, 0x0, 0x0, 0xa, 0x50, 0x0, 0x8,
    0xe2, 0x0,

    /* U+0499 "ҙ" */
    0x4d, 0xfe, 0x70, 0x24, 0x15, 0xf2, 0x0, 0x3,
    0xf1, 0x9, 0xef, 0x70, 0x0, 0x14, 0xf3, 0x32,
    0x14, 0xf5, 0x6e, 0xfe, 0x90, 0x0, 0x77, 0x0,
    0x0, 0x2d, 0x0, 0x1, 0xe9, 0x0,

    /* U+049A "Қ" */
    0xd7, 0x0, 0x6e, 0x10, 0xd7, 0x3, 0xf3, 0x0,
    0xd7, 0x1e, 0x60, 0x0, 0xd7, 0xd9, 0x0, 0x0,
    0xdd, 0xf2, 0x0, 0x0, 0xd7, 0xbc, 0x0, 0x0,
    0xd7, 0x1d, 0x90, 0x0, 0xd7, 0x2, 0xf7, 0x30,
    0xd7, 0x0, 0x5f, 0xf2, 0x0, 0x0, 0x1, 0xf2,
    0x0, 0x0, 0x1, 0xf2, 0x0, 0x0, 0x0, 0x81,

    /* U+049B "қ" */
    0xf, 0x40, 0x7d, 0x10, 0xf4, 0x3f, 0x30, 0xf,
    0x5e, 0x60, 0x0, 0xfd, 0xd0, 0x0, 0xf, 0x5d,
    0x70, 0x0, 0xf4, 0x2f, 0x40, 0xf, 0x40, 0x5f,
    0xd0, 0x0, 0x0, 0x5d, 0x0, 0x0, 0x5, 0xd0,
    0x0, 0x0, 0x26,

    /* U+049C "Ҝ" */
    0xe6, 0x0, 0x7e, 0x1e, 0x6c, 0x6f, 0x30, 0xe6,
    0xdf, 0x40, 0xe, 0x8f, 0x70, 0x0, 0xec, 0xf3,
    0x0, 0xe, 0x6d, 0xd1, 0x0, 0xe6, 0xcc, 0xa0,
    0xe, 0x62, 0x1e, 0x70, 0xe6, 0x0, 0x4f, 0x30,

    /* U+049D "ҝ" */
    0xf, 0x40, 0x6e, 0x10, 0xf5, 0xce, 0x40, 0xf,
    0x5f, 0x80, 0x0, 0xfb, 0xd0, 0x0, 0xf, 0x8f,
    0x50, 0x0, 0xf5, 0xef, 0x30, 0xf, 0x58, 0x6e,
    0x20,

    /* U+049E "Ҟ" */
    0xd, 0x70, 0x5, 0xf1, 0xbf, 0xf8, 0xe, 0x70,
    0x2e, 0x81, 0x8d, 0x0, 0xd, 0x72, 0xf3, 0x0,
    0xd, 0xff, 0xc0, 0x0, 0xd, 0x85, 0xf4, 0x0,
    0xd, 0x70, 0x8e, 0x10, 0xd, 0x70, 0xd, 0xa0,
    0xd, 0x70, 0x3, 0xf4,

    /* U+049F "ҟ" */
    0xb, 0x30, 0x0, 0xd, 0xff, 0xf4, 0x0, 0xf,
    0x40, 0x0, 0x0, 0xf4, 0x7, 0xe1, 0xf, 0x43,
    0xf3, 0x0, 0xf6, 0xe5, 0x0, 0xf, 0xdd, 0x0,
    0x0, 0xf5, 0xd9, 0x0, 0xf, 0x42, 0xf5, 0x0,
    0xf4, 0x4, 0xf3,

    /* U+04A0 "Ҡ" */
    0xff, 0xf4, 0x0, 0x8d, 0x2, 0x3f, 0x40, 0x5e,
    0x20, 0x0, 0xf4, 0x3f, 0x40, 0x0, 0xf, 0x6e,
    0x70, 0x0, 0x0, 0xfd, 0xe0, 0x0, 0x0, 0xf,
    0x5d, 0xa0, 0x0, 0x0, 0xf4, 0x2e, 0x70, 0x0,
    0xf, 0x40, 0x4f, 0x40, 0x0, 0xf4, 0x0, 0x7e,
    0x20,

    /* U+04A1 "ҡ" */
    0xdf, 0xf7, 0x4, 0xe2, 0x1, 0xc7, 0x2e, 0x40,
    0x0, 0xc7, 0xd7, 0x0, 0x0, 0xcd, 0xe0, 0x0,
    0x0, 0xc7, 0xba, 0x0, 0x0, 0xc7, 0x1d, 0x70,
    0x0, 0xc7, 0x2, 0xf4,

    /* U+04A2 "Ң" */
    0xd7, 0x0, 0x7, 0xd0, 0xd, 0x70, 0x0, 0x7d,
    0x0, 0xd7, 0x0, 0x7, 0xd0, 0xd, 0x70, 0x0,
    0x7d, 0x0, 0xdf, 0xff, 0xff, 0xd0, 0xd, 0x82,
    0x22, 0x8d, 0x0, 0xd7, 0x0, 0x7, 0xd0, 0xd,
    0x70, 0x0, 0x7d, 0x0, 0xd7, 0x0, 0x7, 0xff,
    0x10, 0x0, 0x0, 0x2, 0xf1, 0x0, 0x0, 0x0,
    0x2f, 0x10, 0x0, 0x0, 0x1, 0xa0,

    /* U+04A3 "ң" */
    0xf4, 0x0, 0x8b, 0xf, 0x40, 0x8, 0xb0, 0xf4,
    0x0, 0x8b, 0xf, 0xff, 0xff, 0xb0, 0xf5, 0x22,
    0x9b, 0xf, 0x40, 0x8, 0xb0, 0xf4, 0x0, 0x8f,
    0xe0, 0x0, 0x0, 0x5e, 0x0, 0x0, 0x5, 0xe0,
    0x0, 0x0, 0x26,

    /* U+04A4 "Ҥ" */
    0xd7, 0x0, 0x7, 0xff, 0xcd, 0x70, 0x0, 0x7d,
    0x32, 0xd7, 0x0, 0x7, 0xd0, 0xd, 0x70, 0x0,
    0x7d, 0x0, 0xdf, 0xff, 0xff, 0xd0, 0xd, 0x82,
    0x22, 0x8d, 0x0, 0xd7, 0x0, 0x7, 0xd0, 0xd,
    0x70, 0x0, 0x7d, 0x0, 0xd7, 0x0, 0x7, 0xd0,
    0x0,

    /* U+04A5 "ҥ" */
    0xf4, 0x0, 0x8f, 0xfc, 0xf4, 0x0, 0x8c, 0x10,
    0xf4, 0x0, 0x8b, 0x0, 0xff, 0xff, 0xfb, 0x0,
    0xf5, 0x22, 0x9b, 0x0, 0xf4, 0x0, 0x8b, 0x0,
    0xf4, 0x0, 0x8b, 0x0,

    /* U+04A6 "Ҧ" */
    0xdf, 0xff, 0xff, 0x60, 0x0, 0x0, 0xd8, 0x33,
    0x3e, 0x60, 0x0, 0x0, 0xd7, 0x0, 0xe, 0x60,
    0x0, 0x0, 0xd7, 0x0, 0xe, 0x60, 0x0, 0x0,
    0xd7, 0x0, 0xe, 0xff, 0xe9, 0x0, 0xd7, 0x0,
    0xe, 0x83, 0x6e, 0xb0, 0xd7, 0x0, 0xe, 0x60,
    0x3, 0xf3, 0xd7, 0x0, 0xe, 0x60, 0x0, 0xe6,
    0xd7, 0x0, 0xe, 0x60, 0x0, 0xf6, 0x0, 0x0,
    0x0, 0x0, 0x2, 0xf3, 0x0, 0x0, 0x0, 0x34,
    0x5d, 0xd0, 0x0, 0x0, 0x0, 0x5e, 0xfb, 0x10,

    /* U+04A7 "ҧ" */
    0xff, 0xff, 0xf6, 0x0, 0x0, 0xf5, 0x11, 0xe6,
    0x0, 0x0, 0xf4, 0x0, 0xe6, 0x0, 0x0, 0xf4,
    0x0, 0xef, 0xe9, 0x0, 0xf4, 0x0, 0xe8, 0x4d,
    0x90, 0xf4, 0x0, 0xe6, 0x5, 0xf0, 0xf4, 0x0,
    0xe6, 0x3, 0xf0, 0x0, 0x0, 0x0, 0x4, 0xf0,
    0x0, 0x0, 0x4, 0x3c, 0xb0, 0x0, 0x0, 0xb,
    0xfc, 0x10,

    /* U+04A8 "Ҩ" */
    0x0, 0x7e, 0xfa, 0x0, 0x0, 0x7f, 0x63, 0x20,
    0x0, 0xe, 0x70, 0x1b, 0xe9, 0x2, 0xf2, 0x9,
    0xc3, 0xe6, 0x4f, 0x10, 0xc7, 0xa, 0x93, 0xf2,
    0xc, 0x80, 0xb8, 0xf, 0x80, 0x8c, 0x1f, 0x40,
    0x7f, 0x85, 0xfd, 0xa0, 0x0, 0x6d, 0xfd, 0xef,
    0xd0, 0x0, 0x0, 0x0, 0x12,

    /* U+04A9 "ҩ" */
    0x3, 0xcf, 0x60, 0x0, 0xe, 0x93, 0xbd, 0x60,
    0x4f, 0x7, 0xc5, 0xf0, 0x5f, 0x9, 0x90, 0xf1,
    0x4f, 0x7, 0xc3, 0xf0, 0xe, 0x94, 0xfe, 0x70,
    0x2, 0xcf, 0xdd, 0xf5,

    /* U+04AA "Ҫ" */
    0x0, 0x4c, 0xfe, 0xb1, 0x5, 0xf9, 0x44, 0x70,
    0xe, 0x90, 0x0, 0x0, 0x2f, 0x30, 0x0, 0x0,
    0x4f, 0x10, 0x0, 0x0, 0x3f, 0x30, 0x0, 0x0,
    0xf, 0x80, 0x0, 0x0, 0x9, 0xf8, 0x43, 0x60,
    0x0, 0xaf, 0xfe, 0xa0, 0x0, 0x2, 0xd1, 0x0,
    0x0, 0x0, 0x96, 0x0, 0x0, 0x7, 0xe3, 0x0,

    /* U+04AB "ҫ" */
    0x2, 0xbf, 0xe4, 0xd, 0xa3, 0x41, 0x3f, 0x10,
    0x0, 0x5f, 0x0, 0x0, 0x4f, 0x10, 0x0, 0xf,
    0xa3, 0x42, 0x5, 0xff, 0xe3, 0x0, 0x1d, 0x20,
    0x0, 0x7, 0x70, 0x0, 0x6e, 0x40,

    /* U+04AC "Ҭ" */
    0xdf, 0xff, 0xff, 0x92, 0x36, 0xf3, 0x31, 0x0,
    0x4f, 0x0, 0x0, 0x4, 0xf0, 0x0, 0x0, 0x4f,
    0x0, 0x0, 0x4, 0xf0, 0x0, 0x0, 0x4f, 0x0,
    0x0, 0x4, 0xf0, 0x0, 0x0, 0x4f, 0xf4, 0x0,
    0x0, 0xf, 0x40, 0x0, 0x0, 0xf4, 0x0, 0x0,
    0xa, 0x20,

    /* U+04AD "ҭ" */
    0xcf, 0xff, 0xfb, 0x1, 0xaa, 0x10, 0x0, 0xa9,
    0x0, 0x0, 0xa9, 0x0, 0x0, 0xa9, 0x0, 0x0,
    0xa9, 0x0, 0x0, 0xaf, 0xc0, 0x0, 0x7, 0xc0,
    0x0, 0x7, 0xc0, 0x0, 0x3, 0x50,

    /* U+04AE "Ү" */
    0xba, 0x0, 0xa, 0xc0, 0x3f, 0x20, 0x2f, 0x30,
    0xb, 0xa0, 0xab, 0x0, 0x3, 0xf4, 0xf3, 0x0,
    0x0, 0xbf, 0xa0, 0x0, 0x0, 0x3f, 0x30, 0x0,
    0x0, 0x2f, 0x20, 0x0, 0x0, 0x2f, 0x20, 0x0,
    0x0, 0x2f, 0x20, 0x0,

    /* U+04AF "ү" */
    0xd8, 0x0, 0x3f, 0x27, 0xd0, 0x8, 0xc0, 0x1f,
    0x30, 0xe6, 0x0, 0xb9, 0x3f, 0x10, 0x5, 0xe8,
    0xa0, 0x0, 0xf, 0xe5, 0x0, 0x0, 0xae, 0x0,
    0x0, 0x7, 0xc0, 0x0, 0x0, 0x7c, 0x0, 0x0,
    0x7, 0xc0, 0x0,

    /* U+04B0 "Ұ" */
    0xca, 0x0, 0xa, 0xc0, 0x4f, 0x20, 0x2f, 0x40,
    0xc, 0x90, 0x9c, 0x0, 0x4, 0xf3, 0xf4, 0x0,
    0x0, 0xcf, 0xb0, 0x0, 0x0, 0x4f, 0x40, 0x0,
    0xf, 0xff, 0xff, 0x0, 0x2, 0x5f, 0x52, 0x0,
    0x0, 0x2f, 0x20, 0x0,

    /* U+04B1 "ұ" */
    0xd8, 0x0, 0x3f, 0x27, 0xd0, 0x8, 0xc0, 0x1f,
    0x30, 0xd7, 0x0, 0xc8, 0x3f, 0x10, 0x6, 0xd8,
    0xb0, 0x0, 0x1f, 0xd6, 0x0, 0x0, 0xbf, 0x0,
    0x2, 0xef, 0xfe, 0x60, 0x1, 0x8d, 0x10, 0x0,
    0x7, 0xc0, 0x0,

    /* U+04B2 "Ҳ" */
    0x7e, 0x0, 0x9, 0xc0, 0xd, 0x80, 0x2f, 0x30,
    0x4, 0xf1, 0xb9, 0x0, 0x0, 0xbd, 0xe1, 0x0,
    0x0, 0x4f, 0x90, 0x0, 0x0, 0xcc, 0xf1, 0x0,
    0x6, 0xe0, 0xba, 0x0, 0x1f, 0x50, 0x2f, 0x30,
    0xab, 0x0, 0x7, 0xfc, 0x0, 0x0, 0x0, 0x7c,
    0x0, 0x0, 0x0, 0x7c, 0x0, 0x0, 0x0, 0x58,

    /* U+04B3 "ҳ" */
    0x6f, 0x10, 0x7e, 0x0, 0xca, 0x1f, 0x50, 0x2,
    0xfd, 0xb0, 0x0, 0xa, 0xf3, 0x0, 0x3, 0xfc,
    0xb0, 0x0, 0xc9, 0x1e, 0x50, 0x7e, 0x0, 0x6f,
    0xc0, 0x0, 0x0, 0x7c, 0x0, 0x0, 0x7, 0xc0,
    0x0, 0x0, 0x36,

    /* U+04B4 "Ҵ" */
    0xdf, 0xff, 0xff, 0x74, 0xf0, 0x2, 0x39, 0xd3,
    0x31, 0x4f, 0x0, 0x0, 0x7d, 0x0, 0x4, 0xf0,
    0x0, 0x7, 0xd0, 0x0, 0x4f, 0x0, 0x0, 0x7d,
    0x0, 0x4, 0xf0, 0x0, 0x7, 0xd0, 0x0, 0x4f,
    0x0, 0x0, 0x7d, 0x0, 0x4, 0xf0, 0x0, 0x7,
    0xd3, 0x33, 0x6f, 0x31, 0x0, 0x7f, 0xff, 0xff,
    0xff, 0x50, 0x0, 0x0, 0x0, 0x0, 0xe5, 0x0,
    0x0, 0x0, 0x0, 0xe, 0x50, 0x0, 0x0, 0x0,
    0x0, 0x72,

    /* U+04B5 "ҵ" */
    0xcf, 0xff, 0xf3, 0xb9, 0x0, 0x1f, 0x41, 0xb,
    0x90, 0x0, 0xf4, 0x0, 0xb9, 0x0, 0xf, 0x40,
    0xb, 0x90, 0x0, 0xf4, 0x0, 0xb9, 0x0, 0xf,
    0x41, 0x1b, 0x90, 0x0, 0xff, 0xff, 0xff, 0xb0,
    0x0, 0x0, 0x0, 0x7b, 0x0, 0x0, 0x0, 0x7,
    0xb0, 0x0, 0x0, 0x0, 0x24,

    /* U+04B6 "Ҷ" */
    0x2f, 0x20, 0x0, 0xf5, 0x2, 0xf2, 0x0, 0xf,
    0x50, 0x2f, 0x20, 0x0, 0xf5, 0x2, 0xf2, 0x0,
    0xf, 0x50, 0xf, 0x80, 0x15, 0xf5, 0x0, 0x7f,
    0xff, 0xcf, 0x50, 0x0, 0x2, 0x0, 0xf5, 0x0,
    0x0, 0x0, 0xf, 0x50, 0x0, 0x0, 0x0, 0xff,
    0x90, 0x0, 0x0, 0x0, 0xa9, 0x0, 0x0, 0x0,
    0xa, 0x90, 0x0, 0x0, 0x0, 0x76,

    /* U+04B7 "ҷ" */
    0x2f, 0x10, 0xc, 0x80, 0x2f, 0x10, 0xc, 0x80,
    0x2f, 0x10, 0xc, 0x80, 0xf, 0x40, 0x4e, 0x80,
    0x8, 0xff, 0xcd, 0x80, 0x0, 0x0, 0xc, 0x80,
    0x0, 0x0, 0xc, 0xfa, 0x0, 0x0, 0x0, 0x9a,
    0x0, 0x0, 0x0, 0x9a, 0x0, 0x0, 0x0, 0x44,

    /* U+04B8 "Ҹ" */
    0x1f, 0x30, 0x0, 0xe6, 0x1f, 0x30, 0x0, 0xe6,
    0x1f, 0x30, 0x10, 0xe6, 0x1f, 0x34, 0x80, 0xe6,
    0xf, 0x84, 0x84, 0xf6, 0x6, 0xff, 0xfd, 0xf6,
    0x0, 0x5, 0x80, 0xe6, 0x0, 0x4, 0x80, 0xe6,
    0x0, 0x0, 0x0, 0xe6,

    /* U+04B9 "ҹ" */
    0x3f, 0x10, 0xc, 0x73, 0xf1, 0x0, 0xc7, 0x2f,
    0x1b, 0xc, 0x71, 0xf4, 0xb4, 0xe7, 0x8, 0xff,
    0xce, 0x70, 0x1, 0xc0, 0xc7, 0x0, 0x2, 0xc,
    0x70,

    /* U+04BA "Һ" */
    0xe6, 0x0, 0x0, 0xe, 0x60, 0x0, 0x0, 0xe6,
    0x0, 0x0, 0xe, 0xbc, 0xef, 0xa0, 0xec, 0x63,
    0x5f, 0x7e, 0x60, 0x0, 0xb9, 0xe6, 0x0, 0xb,
    0x9e, 0x60, 0x0, 0xb9, 0xe6, 0x0, 0xb, 0x90,

    /* U+04BB "һ" */
    0xb, 0x20, 0x0, 0x0, 0xf4, 0x0, 0x0, 0xf,
    0x30, 0x0, 0x0, 0xf7, 0xdf, 0xa0, 0xf, 0xd3,
    0x3f, 0x60, 0xf6, 0x0, 0xb9, 0xf, 0x40, 0xa,
    0x90, 0xf4, 0x0, 0xa9, 0xf, 0x40, 0xa, 0x90,
    0xf4, 0x0, 0xa9,

    /* U+04BC "Ҽ" */
    0x0, 0x2, 0xbf, 0xfb, 0x20, 0x0, 0xd, 0xc4,
    0x4a, 0xe1, 0x32, 0x6e, 0x0, 0x0, 0xe7, 0xb7,
    0xba, 0x0, 0x0, 0xaa, 0x7f, 0xff, 0xff, 0xff,
    0xfb, 0x1, 0xca, 0x22, 0x22, 0x22, 0x0, 0x8d,
    0x0, 0x0, 0x0, 0x0, 0x1e, 0xc5, 0x35, 0x82,
    0x0, 0x2, 0xbe, 0xfe, 0xa1,

    /* U+04BD "ҽ" */
    0x0, 0x1a, 0xfd, 0x50, 0x21, 0xac, 0x14, 0xf2,
    0xc5, 0xf4, 0x0, 0xc6, 0x7f, 0xff, 0xff, 0xf8,
    0x0, 0xf4, 0x0, 0x0, 0x0, 0xbc, 0x32, 0x41,
    0x0, 0x1a, 0xef, 0xc2,

    /* U+04BE "Ҿ" */
    0x0, 0x2, 0xbf, 0xfb, 0x20, 0x0, 0xe, 0xc4,
    0x4a, 0xe1, 0x32, 0x7e, 0x0, 0x0, 0xe7, 0xb7,
    0xba, 0x0, 0x0, 0xaa, 0x7f, 0xff, 0xff, 0xff,
    0xfb, 0x1, 0xca, 0x22, 0x22, 0x22, 0x0, 0x8d,
    0x0, 0x0, 0x0, 0x0, 0x1e, 0xb4, 0x34, 0x82,
    0x0, 0x2, 0xaf, 0xfe, 0xb1, 0x0, 0x0, 0x8,
    0xc0, 0x0, 0x0, 0x0, 0x8, 0xc0, 0x0, 0x0,
    0x0, 0x4, 0x60, 0x0,

    /* U+04BF "ҿ" */
    0x0, 0xa, 0xfd, 0x50, 0x21, 0x9c, 0x14, 0xf2,
    0xc5, 0xf4, 0x0, 0xc6, 0x7f, 0xff, 0xff, 0xf8,
    0x0, 0xf4, 0x0, 0x0, 0x0, 0xbc, 0x21, 0x41,
    0x0, 0x1a, 0xff, 0xd2, 0x0, 0x0, 0xc7, 0x0,
    0x0, 0x0, 0xc7, 0x0, 0x0, 0x0, 0x63, 0x0,

    /* U+04C0 "Ӏ" */
    0x7f, 0xfb, 0x8, 0xc0, 0x8, 0xc0, 0x8, 0xc0,
    0x8, 0xc0, 0x8, 0xc0, 0x8, 0xc0, 0x8, 0xc0,
    0x7f, 0xfb,

    /* U+04C1 "Ӂ" */
    0x0, 0x3, 0xc0, 0x97, 0x0, 0x0, 0x0, 0x0,
    0xae, 0xc1, 0x0, 0x0, 0x0, 0x0, 0x0, 0x0,
    0x0, 0x0, 0x6e, 0x0, 0x1f, 0x30, 0xc, 0x90,
    0xd, 0x80, 0x1f, 0x30, 0x5e, 0x10, 0x3, 0xf2,
    0x1f, 0x30, 0xe6, 0x0, 0x0, 0xab, 0x1f, 0x38,
    0xd0, 0x0, 0x0, 0x3f, 0xff, 0xff, 0x50, 0x0,
    0x0, 0xac, 0x3f, 0x5a, 0xd0, 0x0, 0x5, 0xf2,
    0x1f, 0x31, 0xe7, 0x0, 0x1e, 0x70, 0x1f, 0x30,
    0x5f, 0x20, 0xad, 0x0, 0x1f, 0x30, 0xa, 0xc0,

    /* U+04C2 "ӂ" */
    0x0, 0x1d, 0x18, 0x80, 0x0, 0x0, 0x8, 0xdc,
    0x20, 0x0, 0x0, 0x0, 0x0, 0x0, 0x0, 0x7d,
    0x0, 0xe5, 0x6, 0xe0, 0xd, 0x70, 0xe5, 0xe,
    0x50, 0x3, 0xe1, 0xe5, 0x8b, 0x0, 0x0, 0xcf,
    0xff, 0xf4, 0x0, 0x4, 0xf3, 0xe7, 0xac, 0x0,
    0xe, 0x70, 0xe5, 0x1e, 0x60, 0x9d, 0x0, 0xe5,
    0x5, 0xf1,

    /* U+04C3 "Ӄ" */
    0xd7, 0x0, 0x6e, 0x2d, 0x70, 0x4f, 0x30, 0xd7,
    0x3f, 0x40, 0xd, 0x8e, 0x60, 0x0, 0xdf, 0xfe,
    0xb4, 0xd, 0x92, 0x39, 0xf4, 0xd7, 0x0, 0xa,
    0xbd, 0x70, 0x0, 0x6e, 0xd7, 0x0, 0x6, 0xe0,
    0x0, 0x0, 0xab, 0x0, 0x53, 0x8f, 0x50, 0xd,
    0xfd, 0x60,

    /* U+04C4 "ӄ" */
    0xf4, 0x7, 0xe1, 0xf4, 0x5e, 0x20, 0xf7, 0xe3,
    0x0, 0xff, 0xfd, 0x50, 0xf6, 0x28, 0xf3, 0xf4,
    0x0, 0xc8, 0xf4, 0x0, 0xa9, 0x0, 0x0, 0xc8,
    0x2, 0x36, 0xf2, 0x5, 0xfe, 0x60,

    /* U+04C5 "Ӆ" */
    0x0, 0x7f, 0xff, 0xf7, 0x0, 0x9, 0xa3, 0x3d,
    0x70, 0x0, 0xb7, 0x0, 0xd7, 0x0, 0xe, 0x50,
    0xd, 0x70, 0x0, 0xf3, 0x0, 0xd7, 0x0, 0x3f,
    0x10, 0xd, 0x70, 0x6, 0xe0, 0x0, 0xd7, 0x3,
    0xc9, 0x0, 0xd, 0x92, 0xfd, 0x20, 0x0, 0xdf,
    0xb0, 0x0, 0x0, 0x0, 0xb7, 0x0, 0x0, 0x0,
    0x1f, 0x30, 0x0, 0x0, 0x3, 0x70,

    /* U+04C6 "ӆ" */
    0x0, 0xff, 0xff, 0x20, 0x2, 0xf1, 0x2f, 0x20,
    0x4, 0xf0, 0x1f, 0x20, 0x6, 0xc0, 0x1f, 0x20,
    0x9, 0xa0, 0x1f, 0x20, 0x2e, 0x50, 0x1f, 0x30,
    0xeb, 0x0, 0x1f, 0xf5, 0x0, 0x0, 0x0, 0xf1,
    0x0, 0x0, 0x4, 0xe0, 0x0, 0x0, 0x3, 0x40,

    /* U+04C7 "Ӈ" */
    0xd7, 0x0, 0x7, 0xdd, 0x70, 0x0, 0x7d, 0xd7,
    0x0, 0x7, 0xdd, 0xff, 0xff, 0xfd, 0xd8, 0x22,
    0x28, 0xdd, 0x70, 0x0, 0x7d, 0xd7, 0x0, 0x7,
    0xdd, 0x70, 0x0, 0x7d, 0xd7, 0x0, 0x8, 0xc0,
    0x0, 0x0, 0xca, 0x0, 0x54, 0x8f, 0x40, 0xd,
    0xfd, 0x60,

    /* U+04C8 "ӈ" */
    0xf4, 0x0, 0x8b, 0xf4, 0x0, 0x8b, 0xf4, 0x0,
    0x8b, 0xff, 0xff, 0xfb, 0xf5, 0x22, 0x9b, 0xf4,
    0x0, 0x8b, 0xf4, 0x0, 0x8b, 0x0, 0x0, 0xaa,
    0x1, 0x44, 0xf6, 0x2, 0xef, 0x90,

    /* U+04C9 "Ӊ" */
    0xd7, 0x0, 0x7, 0xd0, 0xd, 0x70, 0x0, 0x7d,
    0x0, 0xd7, 0x0, 0x7, 0xd0, 0xd, 0x70, 0x0,
    0x7d, 0x0, 0xdf, 0xff, 0xff, 0xd0, 0xd, 0x82,
    0x22, 0x8d, 0x0, 0xd7, 0x0, 0x7, 0xd0, 0xd,
    0x70, 0x0, 0x7d, 0x0, 0xd7, 0x0, 0x7, 0xff,
    0x10, 0x0, 0x0, 0x5, 0xd0, 0x0, 0x0, 0x0,
    0xb9, 0x0, 0x0, 0x0, 0xa, 0x40,

    /* U+04CA "ӊ" */
    0xf4, 0x0, 0x8b, 0x0, 0xf4, 0x0, 0x8b, 0x0,
    0xf4, 0x0, 0x8b, 0x0, 0xff, 0xff, 0xfb, 0x0,
    0xf5, 0x22, 0x9b, 0x0, 0xf4, 0x0, 0x8b, 0x0,
    0xf4, 0x0, 0x8f, 0xe0, 0x0, 0x0, 0x6, 0xa0,
    0x0, 0x0, 0xb, 0x70, 0x0, 0x0, 0x6, 0x20,

    /* U+04CB "Ӌ" */
    0x1f, 0x30, 0x0, 0xe6, 0x1f, 0x30, 0x0, 0xe6,
    0x1f, 0x30, 0x0, 0xe6, 0x1f, 0x30, 0x0, 0xe6,
    0xf, 0x80, 0x15, 0xf6, 0x6, 0xff, 0xfc, 0xf6,
    0x0, 0x2, 0x0, 0xe6, 0x0, 0x0, 0x0, 0xe6,
    0x0, 0x0, 0x1f, 0xf6, 0x0, 0x0, 0x1f, 0x30,
    0x0, 0x0, 0x1f, 0x30, 0x0, 0x0, 0xa, 0x20,

    /* U+04CC "ӌ" */
    0x2f, 0x10, 0xc, 0x82, 0xf1, 0x0, 0xc8, 0x2f,
    0x10, 0xc, 0x80, 0xf4, 0x4, 0xe8, 0x8, 0xff,
    0xcd, 0x80, 0x0, 0x0, 0xc8, 0x0, 0x0, 0xdf,
    0x80, 0x0, 0xd, 0x60, 0x0, 0x0, 0xd6, 0x0,
    0x0, 0x6, 0x30,

    /* U+04CD "Ӎ" */
    0xdf, 0x20, 0x0, 0x2f, 0xe0, 0xd, 0xe7, 0x0,
    0x7, 0xee, 0x0, 0xd9, 0xd0, 0x0, 0xd9, 0xe0,
    0xd, 0x5f, 0x20, 0x2e, 0x6e, 0x0, 0xd5, 0xa7,
    0x7, 0x96, 0xe0, 0xd, 0x55, 0xd0, 0xd3, 0x6e,
    0x0, 0xd5, 0xf, 0x5d, 0x6, 0xe0, 0xd, 0x50,
    0xae, 0x80, 0x6e, 0x0, 0xd5, 0x4, 0xf2, 0x6,
    0xff, 0x20, 0x0, 0x0, 0x0, 0x5, 0xe0, 0x0,
    0x0, 0x0, 0x0, 0xba, 0x0, 0x0, 0x0, 0x0,
    0xa, 0x40,

    /* U+04CE "ӎ" */
    0xfe, 0x0, 0x9, 0xf4, 0xf, 0xe4, 0x0, 0xef,
    0x40, 0xfa, 0x90, 0x4c, 0xd4, 0xf, 0x4e, 0xa,
    0x6d, 0x40, 0xf2, 0xc5, 0xf1, 0xd4, 0xf, 0x26,
    0xeb, 0xd, 0x40, 0xf2, 0x1f, 0x50, 0xdf, 0x70,
    0x0, 0x0, 0x0, 0xd3, 0x0, 0x0, 0x0, 0x2f,
    0x0, 0x0, 0x0, 0x2, 0x60,

    /* U+04CF "ӏ" */
    0x7f, 0xfb, 0x8, 0xc0, 0x8, 0xc0, 0x8, 0xc0,
    0x8, 0xc0, 0x8, 0xc0, 0x8, 0xc0, 0x8, 0xc0,
    0x7f, 0xfb,

    /* U+04D0 "Ӑ" */
    0x0, 0xc3, 0x5b, 0x0, 0x0, 0x6d, 0xd4, 0x0,
    0x0, 0x0, 0x0, 0x0, 0x0, 0xe, 0xc0, 0x0,
    0x0, 0x4d, 0xf2, 0x0, 0x0, 0xa8, 0xb7, 0x0,
    0x0, 0xf3, 0x5d, 0x0, 0x6, 0xd0, 0xf, 0x30,
    0xb, 0xff, 0xff, 0x90, 0x1f, 0x43, 0x36, 0xe0,
    0x7d, 0x0, 0x0, 0xf4, 0xd8, 0x0, 0x0, 0xaa,

    /* U+04D1 "ӑ" */
    0x4, 0xc0, 0xa6, 0x0, 0xad, 0xb0, 0x0, 0x0,
    0x0, 0x6, 0xdf, 0xd3, 0x4, 0x41, 0xac, 0x0,
    0x0, 0x5e, 0x7, 0xcd, 0xee, 0x5f, 0x20, 0x5e,
    0x6e, 0x10, 0xbe, 0xb, 0xfd, 0x6e,

    /* U+04D2 "Ӓ" */
    0x0, 0x0, 0x0, 0x0, 0x0, 0xc4, 0x7a, 0x0,
    0x0, 0x20, 0x11, 0x0, 0x0, 0x0, 0x0, 0x0,
    0x0, 0xe, 0xc0, 0x0, 0x0, 0x4d, 0xf2, 0x0,
    0x0, 0xa8, 0xb7, 0x0, 0x0, 0xf3, 0x5d, 0x0,
    0x6, 0xd0, 0xf, 0x30, 0xb, 0xff, 0xff, 0x90,
    0x1f, 0x43, 0x36, 0xe0, 0x7d, 0x0, 0x0, 0xf4,
    0xd8, 0x0, 0x0, 0xaa,

    /* U+04D3 "ӓ" */
    0x4, 0xb0, 0xd2, 0x0, 0x30, 0x40, 0x6, 0xdf,
    0xd3, 0x4, 0x41, 0xac, 0x0, 0x0, 0x5e, 0x7,
    0xcd, 0xee, 0x5f, 0x20, 0x5e, 0x6e, 0x10, 0xbe,
    0xb, 0xfd, 0x6e,

    /* U+04D4 "Ӕ" */
    0x0, 0x0, 0x3f, 0xff, 0xff, 0xf1, 0x0, 0x0,
    0xa9, 0x9c, 0x22, 0x20, 0x0, 0x2, 0xf2, 0x8c,
    0x0, 0x0, 0x0, 0x9, 0xa0, 0x8c, 0x0, 0x0,
    0x0, 0xf, 0x30, 0x8f, 0xff, 0xe0, 0x0, 0x7f,
    0xff, 0xfc, 0x0, 0x0, 0x0, 0xe7, 0x33, 0xac,
    0x0, 0x0, 0x5, 0xe0, 0x0, 0x8c, 0x33, 0x30,
    0xc, 0x80, 0x0, 0x8f, 0xff, 0xf1,

    /* U+04D5 "ӕ" */
    0x7, 0xdf, 0xb3, 0xdf, 0xb1, 0x5, 0x31, 0xcf,
    0x72, 0xc9, 0x0, 0x0, 0x7e, 0x0, 0x6e, 0x8,
    0xef, 0xff, 0xff, 0xff, 0x5f, 0x30, 0x8e, 0x0,
    0x0, 0x6f, 0x33, 0xde, 0x72, 0x24, 0xa, 0xfd,
    0x53, 0xcf, 0xe6,

    /* U+04D6 "Ӗ" */
    0x3c, 0x8, 0x70, 0x9e, 0xc1, 0x0, 0x0, 0xd,
    0xff, 0xff, 0xd8, 0x22, 0x2d, 0x70, 0x0, 0xd7,
    0x0, 0xd, 0xff, 0xfb, 0xd8, 0x22, 0x2d, 0x70,
    0x0, 0xd8, 0x33, 0x2d, 0xff, 0xff,

    /* U+04D7 "ӗ" */
    0x4, 0xc0, 0xa6, 0x0, 0x9, 0xdb, 0x10, 0x0,
    0x0, 0x0, 0x0, 0x2c, 0xfc, 0x20, 0xd, 0x91,
    0x8d, 0x3, 0xf1, 0x0, 0xf2, 0x5f, 0xff, 0xff,
    0x44, 0xf0, 0x0, 0x0, 0xe, 0xa2, 0x25, 0x0,
    0x2b, 0xfe, 0xb0,

    /* U+04D8 "Ә" */
    0x5, 0xcf, 0xfd, 0x60, 0x0, 0x76, 0x43, 0x7f,
    0x80, 0x0, 0x0, 0x0, 0x6f, 0x10, 0x0, 0x0,
    0x0, 0xf4, 0x3f, 0xff, 0xff, 0xff, 0x62, 0xf5,
    0x33, 0x33, 0xf4, 0xe, 0x60, 0x0, 0x5f, 0x10,
    0x7e, 0x63, 0x6e, 0x90, 0x0, 0x7d, 0xfd, 0x70,
    0x0,

    /* U+04D9 "ә" */
    0xb, 0xef, 0xa1, 0x0, 0x52, 0x3c, 0xc0, 0x0,
    0x0, 0x2f, 0x25, 0xee, 0xee, 0xf3, 0x5f, 0x11,
    0x4f, 0x21, 0xf6, 0x1a, 0xc0, 0x4, 0xdf, 0xb1,
    0x0,

    /* U+04DA "Ӛ" */
    0x0, 0x0, 0x0, 0x0, 0x0, 0x4, 0xc0, 0xf2,
    0x0, 0x0, 0x2, 0x2, 0x0, 0x0, 0x0, 0x0,
    0x0, 0x0, 0x5, 0xcf, 0xfd, 0x60, 0x0, 0x76,
    0x43, 0x7f, 0x80, 0x0, 0x0, 0x0, 0x6f, 0x10,
    0x0, 0x0, 0x0, 0xf4, 0x3f, 0xff, 0xff, 0xff,
    0x62, 0xf5, 0x33, 0x33, 0xf4, 0xe, 0x60, 0x0,
    0x5f, 0x10, 0x7e, 0x63, 0x6e, 0x90, 0x0, 0x7d,
    0xfd, 0x70, 0x0,

    /* U+04DB "ӛ" */
    0x5, 0xa0, 0xe1, 0x0, 0x13, 0x4, 0x0, 0xb,
    0xef, 0xa1, 0x0, 0x52, 0x3c, 0xc0, 0x0, 0x0,
    0x2f, 0x25, 0xee, 0xee, 0xf3, 0x5f, 0x11, 0x4f,
    0x21, 0xf6, 0x1a, 0xc0, 0x4, 0xdf, 0xb1, 0x0,

    /* U+04DC "Ӝ" */
    0x0, 0x0, 0x0, 0x0, 0x0, 0x0, 0x0, 0x2,
    0xe0, 0xc4, 0x0, 0x0, 0x0, 0x0, 0x20, 0x20,
    0x0, 0x0, 0x0, 0x0, 0x0, 0x0, 0x0, 0x0,
    0x6e, 0x0, 0x1f, 0x30, 0xc, 0x90, 0xd, 0x80,
    0x1f, 0x30, 0x5e, 0x10, 0x3, 0xf2, 0x1f, 0x30,
    0xe6, 0x0, 0x0, 0xab, 0x1f, 0x38, 0xd0, 0x0,
    0x0, 0x3f, 0xff, 0xff, 0x50, 0x0, 0x0, 0xac,
    0x3f, 0x5a, 0xd0, 0x0, 0x5, 0xf2, 0x1f, 0x31,
    0xe7, 0x0, 0x1e, 0x70, 0x1f, 0x30, 0x5f, 0x20,
    0xad, 0x0, 0x1f, 0x30, 0xa, 0xc0,

    /* U+04DD "ӝ" */
    0x0, 0xe, 0x19, 0x60, 0x0, 0x0, 0x4, 0x2,
    0x10, 0x0, 0x7d, 0x0, 0xe5, 0x6, 0xe0, 0xd,
    0x70, 0xe5, 0xe, 0x50, 0x3, 0xe1, 0xe5, 0x8b,
    0x0, 0x0, 0xcf, 0xff, 0xf4, 0x0, 0x4, 0xf3,
    0xe7, 0xac, 0x0, 0xe, 0x70, 0xe5, 0x1e, 0x60,
    0x9d, 0x0, 0xe5, 0x5, 0xf1,

    /* U+04DE "Ӟ" */
    0x0, 0x0, 0x0, 0x0, 0x88, 0x2e, 0x0, 0x1,
    0x10, 0x20, 0x0, 0x0, 0x0, 0x0, 0x3c, 0xef,
    0xb2, 0x1, 0x73, 0x3c, 0xd0, 0x0, 0x0, 0x5f,
    0x0, 0x0, 0x1a, 0xb0, 0x6, 0xff, 0xc1, 0x0,
    0x12, 0x3a, 0xe1, 0x0, 0x0, 0x1f, 0x44, 0x53,
    0x3a, 0xf1, 0x5d, 0xfe, 0xc3, 0x0,

    /* U+04DF "ӟ" */
    0xc, 0x37, 0x80, 0x3, 0x2, 0x20, 0x4d, 0xfe,
    0x70, 0x24, 0x15, 0xf2, 0x0, 0x3, 0xf1, 0x9,
    0xef, 0x70, 0x0, 0x14, 0xf3, 0x33, 0x14, 0xf4,
    0x6e, 0xfe, 0x80,

    /* U+04E0 "Ӡ" */
    0x5f, 0xff, 0xff, 0x11, 0x33, 0x4e, 0x90, 0x0,
    0xc, 0xa0, 0x0, 0xb, 0xb0, 0x0, 0x3, 0xfe,
    0xb4, 0x0, 0x1, 0x28, 0xf3, 0x0, 0x0, 0xf,
    0x65, 0x42, 0x28, 0xf2, 0x5d, 0xff, 0xc4, 0x0,

    /* U+04E1 "ӡ" */
    0x9f, 0xff, 0xf8, 0x1, 0x17, 0xe2, 0x0, 0x3e,
    0x30, 0x2, 0xe4, 0x0, 0x8, 0xff, 0x80, 0x0,
    0x3, 0xe7, 0x0, 0x0, 0x8c, 0x0, 0x0, 0x8c,
    0x64, 0x25, 0xf6, 0x8e, 0xfd, 0x70,

    /* U+04E2 "Ӣ" */
    0x4, 0xff, 0xf7, 0x0, 0x0, 0x0, 0x0, 0x0,
    0xd7, 0x0, 0xb, 0xf0, 0xd7, 0x0, 0x4f, 0xf0,
    0xd7, 0x0, 0xd8, 0xf0, 0xd7, 0x6, 0xb3, 0xf0,
    0xd6, 0x1e, 0x23, 0xf0, 0xd6, 0x99, 0x4, 0xf0,
    0xd8, 0xe1, 0x4, 0xf0, 0xdf, 0x70, 0x4, 0xf0,
    0xdd, 0x0, 0x4, 0xf0,

    /* U+04E3 "ӣ" */
    0xf, 0xff, 0xa0, 0x0, 0x0, 0x0, 0xf4, 0x2,
    0xfa, 0xf4, 0xb, 0xfa, 0xf4, 0x3e, 0xaa, 0xf3,
    0xb6, 0x9a, 0xf7, 0xd0, 0x9a, 0xfe, 0x50, 0x9a,
    0xfc, 0x0, 0x9a,

    /* U+04E4 "Ӥ" */
    0x0, 0x0, 0x0, 0x0, 0x2, 0xf0, 0xc4, 0x0,
    0x0, 0x20, 0x20, 0x0, 0x0, 0x0, 0x0, 0x0,
    0xd7, 0x0, 0xb, 0xf0, 0xd7, 0x0, 0x4f, 0xf0,
    0xd7, 0x0, 0xd8, 0xf0, 0xd7, 0x6, 0xb3, 0xf0,
    0xd6, 0x1e, 0x23, 0xf0, 0xd6, 0x99, 0x4, 0xf0,
    0xd8, 0xe1, 0x4, 0xf0, 0xdf, 0x70, 0x4, 0xf0,
    0xdd, 0x0, 0x4, 0xf0,

    /* U+04E5 "ӥ" */
    0xd, 0x28, 0x70, 0x4, 0x2, 0x20, 0xf4, 0x2,
    0xfa, 0xf4, 0xb, 0xfa, 0xf4, 0x3e, 0xaa, 0xf3,
    0xb6, 0x9a, 0xf7, 0xd0, 0x9a, 0xfe, 0x50, 0x9a,
    0xfc, 0x0, 0x9a,

    /* U+04E6 "Ӧ" */
    0x0, 0x0, 0x0, 0x0, 0x0, 0x0, 0xf1, 0xa6,
    0x0, 0x0, 0x2, 0x1, 0x0, 0x0, 0x0, 0x0,
    0x0, 0x0, 0x0, 0x6d, 0xfe, 0x91, 0x0, 0x7f,
    0x83, 0x5d, 0xd0, 0xf, 0x80, 0x0, 0x2f, 0x53,
    0xf3, 0x0, 0x0, 0xc9, 0x4f, 0x10, 0x0, 0xb,
    0xa3, 0xf3, 0x0, 0x0, 0xc9, 0xf, 0x80, 0x0,
    0x2f, 0x50, 0x7f, 0x83, 0x5d, 0xd0, 0x0, 0x6d,
    0xfe, 0x91, 0x0,

    /* U+04E7 "ӧ" */
    0x1, 0xe0, 0xa5, 0x0, 0x4, 0x3, 0x10, 0x2,
    0xbf, 0xd5, 0x0, 0xda, 0x26, 0xf3, 0x3f, 0x10,
    0xc, 0x95, 0xf0, 0x0, 0xaa, 0x3f, 0x10, 0xc,
    0x80, 0xd9, 0x25, 0xf3, 0x2, 0xcf, 0xd5, 0x0,

    /* U+04E8 "Ө" */
    0x0, 0x6d, 0xfe, 0x91, 0x0, 0x7f, 0x73, 0x4d,
    0xd0, 0xf, 0x70, 0x0, 0x1f, 0x53, 0xf2, 0x0,
    0x0, 0xc9, 0x4f, 0xff, 0xff, 0xff, 0xa3, 0xf4,
    0x22, 0x22, 0xc9, 0xf, 0x60, 0x0, 0x1f, 0x50,
    0x7f, 0x63, 0x4c, 0xd0, 0x0, 0x6d, 0xfe, 0x91,
    0x0,

    /* U+04E9 "ө" */
    0x2, 0xbf, 0xd5, 0x0, 0xda, 0x26, 0xf3, 0x3f,
    0x10, 0xc, 0x95, 0xfe, 0xee, 0xfa, 0x4f, 0x21,
    0x1c, 0x90, 0xd9, 0x25, 0xf3, 0x2, 0xcf, 0xd5,
    0x0,

    /* U+04EA "Ӫ" */
    0x0, 0x0, 0x0, 0x0, 0x0, 0x0, 0xf1, 0xa6,
    0x0, 0x0, 0x2, 0x1, 0x0, 0x0, 0x0, 0x0,
    0x0, 0x0, 0x0, 0x6d, 0xfe, 0x91, 0x0, 0x7f,
    0x73, 0x4d, 0xd0, 0xf, 0x70, 0x0, 0x1f, 0x53,
    0xf2, 0x0, 0x0, 0xc9, 0x4f, 0xff, 0xff, 0xff,
    0xa3, 0xf4, 0x22, 0x22, 0xc9, 0xf, 0x60, 0x0,
    0x1f, 0x50, 0x7f, 0x63, 0x4c, 0xd0, 0x0, 0x6d,
    0xfe, 0x91, 0x0,

    /* U+04EB "ӫ" */
    0x1, 0xe0, 0xa5, 0x0, 0x4, 0x3, 0x10, 0x2,
    0xbf, 0xd5, 0x0, 0xda, 0x26, 0xf3, 0x3f, 0x10,
    0xc, 0x95, 0xfe, 0xee, 0xfa, 0x4f, 0x21, 0x1c,
    0x90, 0xd9, 0x25, 0xf3, 0x2, 0xcf, 0xd5, 0x0,

    /* U+04EC "Ӭ" */
    0x0, 0x0, 0x0, 0x0, 0x9, 0x83, 0xd0, 0x0,
    0x1, 0x10, 0x20, 0x0, 0x0, 0x0, 0x0, 0x0,
    0x3c, 0xef, 0xb4, 0x0, 0x28, 0x44, 0xaf, 0x40,
    0x0, 0x0, 0xc, 0xc0, 0x0, 0x0, 0x6, 0xf0,
    0x4, 0xff, 0xff, 0xf1, 0x0, 0x22, 0x27, 0xf0,
    0x0, 0x0, 0xa, 0xb0, 0x35, 0x34, 0x9f, 0x30,
    0x3d, 0xff, 0xb3, 0x0,

    /* U+04ED "ӭ" */
    0x1e, 0xa, 0x50, 0x4, 0x3, 0x10, 0x4e, 0xfc,
    0x30, 0x14, 0x29, 0xe1, 0x0, 0x0, 0xf5, 0xb,
    0xee, 0xf7, 0x1, 0x11, 0xe5, 0x22, 0x28, 0xe0,
    0x5e, 0xfc, 0x30,

    /* U+04EE "Ӯ" */
    0x1, 0xff, 0xfa, 0x0, 0x0, 0x0, 0x0, 0x0,
    0xab, 0x0, 0x1, 0xf4, 0x3f, 0x30, 0x7, 0xd0,
    0xb, 0xa0, 0xd, 0x70, 0x3, 0xf2, 0x4f, 0x0,
    0x0, 0xc9, 0xb9, 0x0, 0x0, 0x4f, 0xf2, 0x0,
    0x0, 0xe, 0xb0, 0x0, 0x4, 0x8f, 0x30, 0x0,
    0x1f, 0xe5, 0x0, 0x0,

    /* U+04EF "ӯ" */
    0xb, 0xff, 0xf0, 0x0, 0x0, 0x0, 0x0, 0xd8,
    0x0, 0x3f, 0x27, 0xe0, 0x8, 0xc0, 0x1f, 0x30,
    0xd7, 0x0, 0xb9, 0x2f, 0x10, 0x5, 0xe7, 0xb0,
    0x0, 0xe, 0xe6, 0x0, 0x0, 0x8f, 0x0, 0x0,
    0x9, 0xa0, 0x0, 0x25, 0xf3, 0x0, 0xb, 0xe7,
    0x0, 0x0,

    /* U+04F0 "Ӱ" */
    0x0, 0x0, 0x0, 0x0, 0x0, 0xe2, 0x98, 0x0,
    0x0, 0x20, 0x11, 0x0, 0x0, 0x0, 0x0, 0x0,
    0xab, 0x0, 0x1, 0xf4, 0x3f, 0x30, 0x7, 0xd0,
    0xb, 0xa0, 0xd, 0x70, 0x3, 0xf2, 0x4f, 0x0,
    0x0, 0xc9, 0xb9, 0x0, 0x0, 0x4f, 0xf2, 0x0,
    0x0, 0xe, 0xb0, 0x0, 0x4, 0x8f, 0x30, 0x0,
    0x1f, 0xe5, 0x0, 0x0,

    /* U+04F1 "ӱ" */
    0x8, 0x73, 0xd0, 0x0, 0x22, 0x4, 0x0, 0xd8,
    0x0, 0x3f, 0x27, 0xe0, 0x8, 0xc0, 0x1f, 0x30,
    0xd7, 0x0, 0xb9, 0x2f, 0x10, 0x5, 0xe7, 0xb0,
    0x0, 0xe, 0xe6, 0x0, 0x0, 0x8f, 0x0, 0x0,
    0x9, 0xa0, 0x0, 0x25, 0xf3, 0x0, 0xb, 0xe7,
    0x0, 0x0,

    /* U+04F2 "Ӳ" */
    0x0, 0x0, 0x0, 0x0, 0x0, 0xc, 0x79, 0xa0,
    0x0, 0x6a, 0x3c, 0x0, 0x0, 0x0, 0x0, 0x0,
    0xab, 0x0, 0x1, 0xf4, 0x3f, 0x30, 0x7, 0xd0,
    0xb, 0xa0, 0xd, 0x70, 0x3, 0xf2, 0x4f, 0x0,
    0x0, 0xc9, 0xb9, 0x0, 0x0, 0x4f, 0xf2, 0x0,
    0x0, 0xe, 0xb0, 0x0, 0x4, 0x8f, 0x30, 0x0,
    0x1f, 0xe5, 0x0, 0x0,

    /* U+04F3 "ӳ" */
    0x0, 0xaa, 0x7c, 0x0, 0x3b, 0x2c, 0x10, 0x0,
    0x0, 0x0, 0xc, 0x80, 0x2, 0xf2, 0x6e, 0x0,
    0x8d, 0x1, 0xf3, 0xd, 0x70, 0xa, 0x92, 0xf1,
    0x0, 0x4e, 0x7c, 0x0, 0x0, 0xee, 0x60, 0x0,
    0x8, 0xf1, 0x0, 0x0, 0x9b, 0x0, 0x1, 0x4f,
    0x40, 0x0, 0xbe, 0x70, 0x0, 0x0,

    /* U+04F4 "Ӵ" */
    0x0, 0x0, 0x0, 0x0, 0x0, 0xb5, 0x5b, 0x0,
    0x0, 0x20, 0x2, 0x0, 0x0, 0x0, 0x0, 0x0,
    0x1f, 0x20, 0x3, 0xf1, 0x1f, 0x20, 0x3, 0xf1,
    0x1f, 0x30, 0x3, 0xf1, 0xf, 0x80, 0x5, 0xf1,
    0x6, 0xff, 0xfe, 0xf1, 0x0, 0x2, 0x13, 0xf1,
    0x0, 0x0, 0x3, 0xf1, 0x0, 0x0, 0x3, 0xf1,
    0x0, 0x0, 0x3, 0xf1,

    /* U+04F5 "ӵ" */
    0x3, 0xc0, 0xd2, 0x0, 0x3, 0x4, 0x0, 0x4f,
    0x0, 0xf, 0x34, 0xf0, 0x0, 0xf3, 0x4f, 0x0,
    0xf, 0x32, 0xf4, 0x2, 0xf3, 0x8, 0xff, 0xef,
    0x30, 0x0, 0x10, 0xf3, 0x0, 0x0, 0xf, 0x30,

    /* U+04F6 "Ӷ" */
    0xdf, 0xff, 0xf3, 0xd8, 0x33, 0x30, 0xd7, 0x0,
    0x0, 0xd7, 0x0, 0x0, 0xd7, 0x0, 0x0, 0xd7,
    0x0, 0x0, 0xd7, 0x0, 0x0, 0xd7, 0x0, 0x0,
    0xdf, 0xa0, 0x0, 0x9, 0xa0, 0x0, 0x9, 0xa0,
    0x0, 0x6, 0x70, 0x0,

    /* U+04F7 "ӷ" */
    0xff, 0xff, 0x1f, 0x51, 0x10, 0xf4, 0x0, 0xf,
    0x40, 0x0, 0xf4, 0x0, 0xf, 0x40, 0x0, 0xff,
    0x60, 0x0, 0xc6, 0x0, 0xc, 0x60, 0x0, 0x52,
    0x0,

    /* U+04F8 "Ӹ" */
    0x0, 0x0, 0x0, 0x0, 0x0, 0x8, 0x92, 0xe0,
    0x0, 0x0, 0x11, 0x2, 0x0, 0x0, 0x0, 0x0,
    0x0, 0x0, 0xd6, 0x0, 0x0, 0xf, 0x4d, 0x60,
    0x0, 0x0, 0xf4, 0xd6, 0x0, 0x0, 0xf, 0x4d,
    0xff, 0xd8, 0x0, 0xf4, 0xd8, 0x36, 0xf7, 0xf,
    0x4d, 0x70, 0x9, 0xb0, 0xf4, 0xd7, 0x0, 0x9b,
    0xf, 0x4d, 0x82, 0x5f, 0x60, 0xf4, 0xdf, 0xfd,
    0x70, 0xf, 0x40,

    /* U+04F9 "ӹ" */
    0x0, 0xe1, 0x96, 0x0, 0x0, 0x40, 0x21, 0x0,
    0xf4, 0x0, 0x0, 0xd7, 0xf4, 0x0, 0x0, 0xd7,
    0xff, 0xec, 0x30, 0xd7, 0xf5, 0x29, 0xe0, 0xd7,
    0xf4, 0x3, 0xf1, 0xd7, 0xf5, 0x19, 0xe0, 0xd7,
    0xff, 0xfc, 0x30, 0xd7,

    /* U+04FA "Ӻ" */
    0xd, 0xff, 0xff, 0x30, 0xd8, 0x33, 0x30, 0xd,
    0x70, 0x0, 0x0, 0xd7, 0x0, 0x0, 0xbf, 0xff,
    0xd0, 0x1, 0xe8, 0x22, 0x0, 0xd, 0x70, 0x0,
    0x0, 0xd8, 0x10, 0x0, 0xd, 0xfa, 0x0, 0x0,
    0x8, 0xa0, 0x0, 0x0, 0xa9, 0x0, 0x0, 0xcf,
    0x40, 0x0, 0x1, 0x10, 0x0, 0x0,

    /* U+04FB "ӻ" */
    0xf, 0xff, 0xf2, 0xf, 0x51, 0x10, 0xf, 0x30,
    0x0, 0xdf, 0xfe, 0x30, 0x2f, 0x51, 0x0, 0xf,
    0x40, 0x0, 0xf, 0xf5, 0x0, 0x0, 0xd4, 0x0,
    0xf, 0xe1, 0x0, 0x1, 0x0, 0x0,

    /* U+04FC "Ӽ" */
    0x7e, 0x0, 0xa, 0xc0, 0xd, 0x80, 0x3f, 0x20,
    0x3, 0xf2, 0xc8, 0x0, 0x0, 0x9e, 0xe0, 0x0,
    0x0, 0x4f, 0x90, 0x0, 0x0, 0xcb, 0xf2, 0x0,
    0x6, 0xe0, 0xab, 0x0, 0x1f, 0x50, 0x1f, 0x62,
    0xab, 0x0, 0x7, 0xfa, 0x0, 0x0, 0x0, 0x8a,
    0x0, 0x0, 0x0, 0xa9, 0x0, 0x0, 0xc, 0xf4,
    0x0, 0x0, 0x1, 0x10,

    /* U+04FD "ӽ" */
    0x6f, 0x10, 0x8d, 0x0, 0xca, 0x2f, 0x40, 0x2,
    0xfd, 0xa0, 0x0, 0xb, 0xf3, 0x0, 0x3, 0xfb,
    0xb0, 0x0, 0xd8, 0x1e, 0x60, 0x8e, 0x0, 0x6f,
    0xb0, 0x0, 0x0, 0x7a, 0x0, 0x0, 0x9f, 0x60,
    0x0, 0x0, 0x10,

    /* U+04FE "Ӿ" */
    0x8e, 0x0, 0x9, 0xc0, 0xe, 0x70, 0x2f, 0x30,
    0x5, 0xf1, 0xba, 0x0, 0x0, 0xcb, 0xf1, 0x0,
    0x4f, 0xff, 0xff, 0x90, 0x2, 0xce, 0xf3, 0x10,
    0x5, 0xf1, 0xca, 0x0, 0x1e, 0x60, 0x2f, 0x40,
    0xac, 0x0, 0x8, 0xe0,

    /* U+04FF "ӿ" */
    0x6e, 0x10, 0x7e, 0x0, 0xc9, 0x1f, 0x50, 0x3,
    0xfc, 0xb0, 0x5, 0xef, 0xff, 0xc0, 0x4, 0xfd,
    0xb1, 0x0, 0xc9, 0x1f, 0x50, 0x7e, 0x0, 0x6e,
    0x10,

    /* U+0500 "Ԁ" */
    0x0, 0x0, 0xe, 0x60, 0x0, 0x0, 0xe6, 0x0,
    0x0, 0xe, 0x60, 0x0, 0x0, 0xe6, 0x4, 0xcf,
    0xff, 0x61, 0xf9, 0x32, 0xe6, 0x4f, 0x10, 0xe,
    0x61, 0xf9, 0x32, 0xe6, 0x5, 0xdf, 0xff, 0x60,

    /* U+0501 "ԁ" */
    0x0, 0x0, 0xa, 0x50, 0x0, 0x0, 0xd7, 0x0,
    0x0, 0xd, 0x70, 0x3d, 0xf9, 0xc7, 0xe, 0xa2,
    0x7f, 0x73, 0xf1, 0x0, 0xe7, 0x5f, 0x0, 0xc,
    0x73, 0xf1, 0x0, 0xd7, 0xe, 0x92, 0x6f, 0x70,
    0x4d, 0xf9, 0xa7,

    /* U+0502 "Ԃ" */
    0x0, 0x0, 0x2f, 0x20, 0x0, 0x0, 0x0, 0x2f,
    0x20, 0x0, 0x0, 0x0, 0x2f, 0x20, 0x0, 0x0,
    0x0, 0x2f, 0x20, 0x0, 0x3, 0xbe, 0xff, 0x20,
    0x6c, 0x1f, 0x93, 0x4f, 0x20, 0x7d, 0x4f, 0x0,
    0x2f, 0x20, 0x7d, 0x2f, 0x83, 0x8f, 0x83, 0xcb,
    0x6, 0xdf, 0xb3, 0xdf, 0xc2,

    /* U+0503 "ԃ" */
    0x0, 0x0, 0xf, 0x40, 0x0, 0x0, 0x0, 0xf,
    0x40, 0x0, 0x0, 0x0, 0xf, 0x40, 0x0, 0x4,
    0xdf, 0x7f, 0x40, 0x0, 0xe, 0x92, 0x9f, 0x40,
    0x0, 0x4f, 0x0, 0x1f, 0x40, 0x25, 0x5f, 0x0,
    0xf, 0x40, 0x5f, 0x4f, 0x0, 0xf, 0x40, 0x5e,
    0xe, 0x82, 0x8f, 0xa2, 0xbc, 0x3, 0xdf, 0xb2,
    0xcf, 0xc3,

    /* U+0504 "Ԅ" */
    0x2a, 0xff, 0xb2, 0x0, 0x0, 0x49, 0x33, 0xcb,
    0x0, 0x0, 0x0, 0x0, 0x7d, 0x0, 0x0, 0x0,
    0x2, 0xd8, 0x0, 0x0, 0xb, 0xff, 0xa0, 0x0,
    0x7c, 0x1, 0x24, 0xcb, 0x0, 0x7d, 0x0, 0x0,
    0x4f, 0x10, 0x7c, 0x0, 0x0, 0x1f, 0x83, 0xca,
    0x0, 0x0, 0x5, 0xef, 0xc2,

    /* U+0505 "ԅ" */
    0x4d, 0xfd, 0x60, 0x0, 0x2, 0x41, 0x5f, 0x10,
    0x0, 0x0, 0x4, 0xf0, 0x0, 0x30, 0x6f, 0xf6,
    0x0, 0x4f, 0x0, 0x25, 0xf3, 0x4, 0xf0, 0x0,
    0xd, 0xa2, 0xad, 0x0, 0x0, 0x4d, 0xfd, 0x30,

    /* U+0506 "Ԇ" */
    0x2a, 0xef, 0xc3, 0x0, 0x49, 0x32, 0xae, 0x0,
    0x0, 0x0, 0x3f, 0x0, 0x0, 0x1, 0xaa, 0x0,
    0xa, 0xff, 0xb1, 0x0, 0x1, 0x13, 0xad, 0x0,
    0x0, 0x0, 0xf, 0x40, 0x0, 0x0, 0xf, 0x61,
    0x0, 0x0, 0xf, 0xf9, 0x0, 0x0, 0x0, 0xa9,
    0x0, 0x0, 0x0, 0xa9, 0x0, 0x0, 0x0, 0x54,

    /* U+0507 "ԇ" */
    0x4d, 0xfe, 0x80, 0x1, 0x51, 0x3f, 0x30, 0x0,
    0x2, 0xe3, 0x0, 0x6e, 0xf8, 0x0, 0x0, 0x14,
    0xe5, 0x0, 0x0, 0xb, 0x80, 0x0, 0x0, 0xbf,
    0xb0, 0x0, 0x0, 0x8b, 0x0, 0x0, 0x8, 0xb0,
    0x0, 0x0, 0x35,

    /* U+0508 "Ԉ" */
    0x0, 0x7f, 0xff, 0xf4, 0x0, 0x0, 0x9, 0xa3,
    0x3f, 0x40, 0x0, 0x0, 0xb7, 0x0, 0xf4, 0x0,
    0x0, 0xe, 0x50, 0xf, 0x40, 0x13, 0x0, 0xf3,
    0x0, 0xf4, 0x5, 0xf0, 0x3f, 0x10, 0xf, 0x40,
    0x5f, 0x6, 0xe0, 0x0, 0xf4, 0x5, 0xe3, 0xc9,
    0x0, 0xe, 0xa3, 0xbc, 0xed, 0x20, 0x0, 0x4d,
    0xfc, 0x20,

    /* U+0509 "ԉ" */
    0x0, 0xff, 0xff, 0x0, 0x0, 0x2, 0xf1, 0x4f,
    0x0, 0x0, 0x4, 0xf0, 0x3f, 0x0, 0x55, 0x6,
    0xc0, 0x3f, 0x0, 0xaa, 0x9, 0xa0, 0x3f, 0x0,
    0xa9, 0x3e, 0x50, 0x1f, 0x73, 0xe7, 0xeb, 0x0,
    0x5, 0xef, 0xb0,

    /* U+050A "Ԋ" */
    0xd7, 0x0, 0xb, 0x90, 0x0, 0xd, 0x70, 0x0,
    0xb9, 0x0, 0x0, 0xd7, 0x0, 0xb, 0x90, 0x0,
    0xd, 0x70, 0x0, 0xb9, 0x0, 0x0, 0xdf, 0xff,
    0xff, 0x90, 0xf, 0x3d, 0x82, 0x22, 0xb9, 0x0,
    0xf3, 0xd7, 0x0, 0xb, 0x90, 0x1f, 0x3d, 0x70,
    0x0, 0x9d, 0x37, 0xf1, 0xd7, 0x0, 0x1, 0xbf,
    0xe6, 0x0,

    /* U+050B "ԋ" */
    0xf4, 0x0, 0xa9, 0x0, 0x0, 0xf4, 0x0, 0xa9,
    0x0, 0x0, 0xf4, 0x0, 0xa9, 0x0, 0x40, 0xff,
    0xff, 0xf9, 0x1, 0xf2, 0xf5, 0x22, 0xb9, 0x1,
    0xf2, 0xf4, 0x0, 0x8d, 0x37, 0xf0, 0xf4, 0x0,
    0x1b, 0xfe, 0x60,

    /* U+050C "Ԍ" */
    0x0, 0x4b, 0xef, 0xd6, 0x0, 0x5f, 0x94, 0x36,
    0x40, 0xe, 0x90, 0x0, 0x0, 0x2, 0xf3, 0x0,
    0x0, 0x0, 0x4f, 0x10, 0xf, 0xff, 0x92, 0xf2,
    0x0, 0x33, 0xe8, 0xe, 0x80, 0x0, 0xf, 0x50,
    0x6f, 0x83, 0x4b, 0xd0, 0x0, 0x5c, 0xfe, 0xa2,
    0x0,

    /* U+050D "ԍ" */
    0x1, 0x9e, 0xfd, 0x40, 0xc, 0xc3, 0x25, 0x20,
    0x3f, 0x20, 0x0, 0x0, 0x5f, 0x0, 0xff, 0xf2,
    0x3f, 0x10, 0x24, 0xf1, 0xd, 0xb2, 0x2b, 0xc0,
    0x2, 0xae, 0xfb, 0x10,

    /* U+050E "Ԏ" */
    0xdf, 0xff, 0xff, 0x80, 0x23, 0x7f, 0x33, 0x10,
    0x0, 0x5f, 0x0, 0x0, 0x0, 0x5f, 0x0, 0x22,
    0x0, 0x5f, 0x0, 0x9a, 0x0, 0x5f, 0x0, 0x9a,
    0x0, 0x5f, 0x0, 0xaa, 0x0, 0x3f, 0x64, 0xe7,
    0x0, 0x7, 0xef, 0xa0,

    /* U+050F "ԏ" */
    0xcf, 0xff, 0xfa, 0x0, 0x1, 0xb9, 0x10, 0x0,
    0x0, 0xb9, 0x0, 0x81, 0x0, 0xb9, 0x1, 0xf3,
    0x0, 0xa9, 0x1, 0xf2, 0x0, 0x8d, 0x37, 0xf0,
    0x0, 0xb, 0xfe, 0x60,

    /* U+0510 "Ԑ" */
    0x3, 0xcf, 0xfb, 0x30, 0xea, 0x34, 0x95, 0x1f,
    0x30, 0x0, 0x0, 0xca, 0x10, 0x0, 0x1, 0xbf,
    0xfa, 0x1, 0xea, 0x42, 0x10, 0x5f, 0x0, 0x0,
    0x2, 0xf8, 0x33, 0x46, 0x4, 0xcf, 0xfd, 0x70,

    /* U+0511 "ԑ" */
    0x6, 0xdf, 0xd5, 0x2f, 0x41, 0x52, 0x2f, 0x20,
    0x0, 0x6, 0xff, 0x60, 0x4e, 0x41, 0x0, 0x6e,
    0x31, 0x34, 0x9, 0xef, 0xe6,

    /* U+0512 "Ԓ" */
    0x0, 0x7f, 0xff, 0xf7, 0x0, 0x9, 0xb3, 0x3d,
    0x70, 0x0, 0xb8, 0x0, 0xd7, 0x0, 0xd, 0x50,
    0xd, 0x70, 0x0, 0xf3, 0x0, 0xd7, 0x0, 0x2f,
    0x10, 0xd, 0x70, 0x5, 0xe0, 0x0, 0xd7, 0x0,
    0xb9, 0x0, 0xd, 0x92, 0xfd, 0x20, 0x0, 0xdf,
    0xa0, 0x0, 0x0, 0x0, 0x8a, 0x0, 0x0, 0x0,
    0xa, 0x90, 0x0, 0x0, 0xc, 0xf4, 0x0, 0x0,
    0x0, 0x11, 0x0,

    /* U+0513 "ԓ" */
    0x0, 0xff, 0xff, 0x30, 0x2, 0xf1, 0x2f, 0x30,
    0x3, 0xf0, 0x1f, 0x30, 0x6, 0xc0, 0x1f, 0x30,
    0x9, 0xa0, 0x1f, 0x30, 0x1e, 0x50, 0x1f, 0x30,
    0xeb, 0x0, 0x1f, 0xf4, 0x0, 0x0, 0x0, 0xd4,
    0x0, 0x0, 0xf, 0xe1, 0x0, 0x0, 0x1, 0x0,

    /* U+0514 "Ԕ" */
    0x0, 0x7f, 0xff, 0x30, 0x5, 0xf1, 0x0, 0xaa,
    0x39, 0xd0, 0xe, 0x60, 0x0, 0xc7, 0x0, 0xe6,
    0x8c, 0x0, 0x0, 0xe5, 0x0, 0x5f, 0xf3, 0x0,
    0x0, 0xf3, 0x0, 0x1f, 0xd0, 0x0, 0x3, 0xf1,
    0x0, 0x9b, 0xd7, 0x0, 0x6, 0xe0, 0x3, 0xf2,
    0x5f, 0x10, 0x3c, 0x90, 0xc, 0x80, 0xc, 0xa0,
    0xed, 0x20, 0x6e, 0x10, 0x3, 0xf4,

    /* U+0515 "ԕ" */
    0x0, 0xff, 0xf7, 0x1, 0xf5, 0x2, 0xf1, 0x5f,
    0x2a, 0xb0, 0x4, 0xf0, 0xa, 0xdf, 0x10, 0x6,
    0xc0, 0x4, 0xfa, 0x0, 0x9, 0xa0, 0xc, 0xbf,
    0x30, 0x2e, 0x50, 0x7e, 0x8, 0xd0, 0xeb, 0x1,
    0xf5, 0x0, 0xe7,

    /* U+0516 "Ԗ" */
    0xdf, 0xfe, 0x90, 0x1e, 0x6d, 0x82, 0x5e, 0x7a,
    0xb0, 0xd7, 0x0, 0x9e, 0xe1, 0xd, 0x70, 0x3e,
    0xf4, 0x0, 0xdf, 0xff, 0x9f, 0x50, 0xd, 0x82,
    0x0, 0x8e, 0x0, 0xd7, 0x0, 0x0, 0xe7, 0xd,
    0x70, 0x0, 0x7, 0xf1, 0xd7, 0x0, 0x0, 0xe,
    0x90,

    /* U+0517 "ԗ" */
    0xf, 0x6e, 0xf9, 0x2, 0xf5, 0xf, 0xb1, 0x2e,
    0x6b, 0xb0, 0xf, 0x50, 0x9, 0xef, 0x10, 0xf,
    0x40, 0x8, 0xfa, 0x0, 0xf, 0x50, 0xa, 0xdf,
    0x30, 0xf, 0xc1, 0x3f, 0x69, 0xc0, 0xf, 0x9e,
    0xf9, 0x1, 0xe7, 0xf, 0x30, 0x0, 0x0, 0x0,
    0xf, 0x40, 0x0, 0x0, 0x0, 0xf, 0x40, 0x0,
    0x0, 0x0,

    /* U+0518 "Ԙ" */
    0x2, 0xbe, 0xff, 0xff, 0xff, 0x20, 0xdc, 0x43,
    0xba, 0x33, 0x30, 0xf, 0x40, 0xa, 0x90, 0x0,
    0x0, 0xea, 0x10, 0xa9, 0x0, 0x0, 0x4, 0xff,
    0xff, 0xff, 0xfe, 0x0, 0xa, 0xa2, 0xba, 0x22,
    0x20, 0x4, 0xf2, 0xa, 0x90, 0x0, 0x0, 0xd8,
    0x0, 0xab, 0x33, 0x30, 0x8e, 0x0, 0xa, 0xff,
    0xff, 0x20,

    /* U+0519 "ԙ" */
    0xa, 0xee, 0xfd, 0xce, 0xb1, 0x5, 0xe0, 0x8,
    0xf4, 0xb, 0xa0, 0x6e, 0x10, 0x8d, 0x0, 0x4f,
    0x1, 0xdf, 0xef, 0xfe, 0xee, 0xf0, 0x5, 0xe2,
    0x7d, 0x11, 0x11, 0x0, 0xe6, 0x1, 0xf7, 0x23,
    0x50, 0x8d, 0x0, 0x3, 0xcf, 0xe8, 0x0,

    /* U+051A "Ԛ" */
    0x0, 0x6d, 0xfe, 0x91, 0x0, 0x7f, 0x83, 0x5d,
    0xd0, 0xf, 0x80, 0x0, 0x2f, 0x53, 0xf3, 0x0,
    0x0, 0xc9, 0x4f, 0x10, 0x0, 0xb, 0xa3, 0xf3,
    0x0, 0x0, 0xc9, 0xf, 0x80, 0x0, 0x2f, 0x50,
    0x7f, 0x83, 0x5d, 0xc0, 0x0, 0x6d, 0xff, 0xb1,
    0x0, 0x0, 0x0, 0xae, 0x10, 0x0, 0x0, 0x0,
    0xcd, 0x10,

    /* U+051B "ԛ" */
    0x3, 0xdf, 0x9a, 0x70, 0xe9, 0x27, 0xf7, 0x3f,
    0x10, 0xe, 0x75, 0xf0, 0x0, 0xc7, 0x3f, 0x10,
    0xe, 0x70, 0xe9, 0x26, 0xf7, 0x4, 0xdf, 0x9c,
    0x70, 0x0, 0x0, 0xd7, 0x0, 0x0, 0xd, 0x70,
    0x0, 0x0, 0xd7,

    /* U+051C "Ԝ" */
    0xc8, 0x0, 0x2f, 0x60, 0x4, 0xf1, 0x8c, 0x0,
    0x6f, 0xa0, 0x7, 0xc0, 0x4f, 0x0, 0xba, 0xe0,
    0xb, 0x80, 0xf, 0x40, 0xf3, 0xf3, 0xf, 0x40,
    0xc, 0x73, 0xe0, 0xa8, 0x3f, 0x10, 0x8, 0xb8,
    0xa0, 0x6c, 0x6c, 0x0, 0x4, 0xeb, 0x60, 0x2f,
    0xa8, 0x0, 0x0, 0xff, 0x10, 0xd, 0xf4, 0x0,
    0x0, 0xcd, 0x0, 0x9, 0xf0, 0x0,

    /* U+051D "ԝ" */
    0xc8, 0x0, 0xfa, 0x0, 0xd6, 0x7c, 0x4, 0xde,
    0x1, 0xf2, 0x3f, 0x8, 0x8e, 0x35, 0xe0, 0xf,
    0x4c, 0x4a, 0x79, 0xa0, 0xb, 0x8f, 0x6, 0xbc,
    0x60, 0x7, 0xec, 0x1, 0xef, 0x10, 0x3, 0xf7,
    0x0, 0xdd, 0x0,

    /* U+051E "Ԟ" */
    0xd7, 0x28, 0x5f, 0x1d, 0x71, 0xdf, 0x70, 0xd7,
    0x8, 0xf6, 0xd, 0x72, 0xf6, 0xd0, 0xdf, 0xfc,
    0x0, 0xd, 0x85, 0xf4, 0x0, 0xd7, 0x8, 0xe1,
    0xd, 0x70, 0xd, 0xa0, 0xd7, 0x0, 0x3f, 0x40,

    /* U+051F "ԟ" */
    0x0, 0x0, 0x0, 0xf4, 0x88, 0xf2, 0xf4, 0x2f,
    0x80, 0xf4, 0x6e, 0xd1, 0xff, 0xf6, 0x20, 0xf6,
    0x8e, 0x0, 0xf4, 0xd, 0x90, 0xf4, 0x3, 0xf4,

    /* U+0520 "Ԡ" */
    0x0, 0x7f, 0xff, 0xf0, 0x0, 0x0, 0x0, 0x9b,
    0x37, 0xf0, 0x0, 0x0, 0x0, 0xb8, 0x5, 0xf0,
    0x0, 0x0, 0x0, 0xe5, 0x5, 0xf0, 0x0, 0x0,
    0x0, 0xf3, 0x5, 0xff, 0xfc, 0x50, 0x2, 0xf1,
    0x5, 0xf3, 0x49, 0xf4, 0x6, 0xe0, 0x5, 0xf0,
    0x0, 0xac, 0xb, 0x90, 0x5, 0xf0, 0x0, 0x5f,
    0xfd, 0x20, 0x5, 0xf0, 0x0, 0x5f, 0x0, 0x0,
    0x0, 0x0, 0x0, 0x9c, 0x0, 0x0, 0x0, 0x5,
    0x37, 0xf6, 0x0, 0x0, 0x0, 0xb, 0xfe, 0x70,

    /* U+0521 "ԡ" */
    0x0, 0xff, 0xfd, 0x0, 0x0, 0x2, 0xf1, 0x8d,
    0x0, 0x0, 0x3, 0xe0, 0x7d, 0x0, 0x0, 0x6,
    0xc0, 0x7f, 0xfd, 0x50, 0x9, 0x90, 0x7d, 0x38,
    0xf2, 0x1e, 0x50, 0x7d, 0x0, 0xc8, 0xeb, 0x0,
    0x7d, 0x0, 0xa9, 0x0, 0x0, 0x0, 0x0, 0xc8,
    0x0, 0x0, 0x3, 0x36, 0xf4, 0x0, 0x0, 0x5,
    0xfe, 0x70,

    /* U+0522 "Ԣ" */
    0xd7, 0x0, 0x8, 0xc0, 0x0, 0x0, 0xd7, 0x0,
    0x8, 0xc0, 0x0, 0x0, 0xd7, 0x0, 0x8, 0xc0,
    0x0, 0x0, 0xdf, 0xff, 0xff, 0xc0, 0x0, 0x0,
    0xd8, 0x22, 0x29, 0xff, 0xfc, 0x30, 0xd7, 0x0,
    0x8, 0xd3, 0x4b, 0xf2, 0xd7, 0x0, 0x8, 0xc0,
    0x0, 0xd9, 0xd7, 0x0, 0x8, 0xc0, 0x0, 0x8c,
    0xd7, 0x0, 0x8, 0xc0, 0x0, 0x8c, 0x0, 0x0,
    0x0, 0x0, 0x0, 0xca, 0x0, 0x0, 0x0, 0x5,
    0x49, 0xf3, 0x0, 0x0, 0x0, 0xd, 0xfd, 0x50,

    /* U+0523 "ԣ" */
    0xf4, 0x0, 0xe6, 0x0, 0x0, 0xf4, 0x0, 0xe6,
    0x0, 0x0, 0xf4, 0x0, 0xe6, 0x0, 0x0, 0xff,
    0xff, 0xff, 0xfb, 0x20, 0xf7, 0x33, 0xe8, 0x5d,
    0xc0, 0xf4, 0x0, 0xe6, 0x3, 0xf1, 0xf4, 0x0,
    0xe6, 0x0, 0xf3, 0x0, 0x0, 0x0, 0x2, 0xf2,
    0x0, 0x0, 0x4, 0x3b, 0xd0, 0x0, 0x0, 0xb,
    0xfc, 0x20,

    /* U+0524 "Ԥ" */
    0xdf, 0xff, 0xff, 0xa0, 0xd8, 0x33, 0x3a, 0xa0,
    0xd7, 0x0, 0x9, 0xa0, 0xd7, 0x0, 0x9, 0xa0,
    0xd7, 0x0, 0x9, 0xa0, 0xd7, 0x0, 0x9, 0xa0,
    0xd7, 0x0, 0x9, 0xa0, 0xd7, 0x0, 0x9, 0xa0,
    0xd7, 0x0, 0x9, 0xfe, 0x0, 0x0, 0x0, 0x5e,
    0x0, 0x0, 0x0, 0x5e, 0x0, 0x0, 0x0, 0x39,

    /* U+0525 "ԥ" */
    0xff, 0xff, 0xf9, 0xf, 0x51, 0x1b, 0x90, 0xf4,
    0x0, 0xb9, 0xf, 0x40, 0xb, 0x90, 0xf4, 0x0,
    0xb9, 0xf, 0x40, 0xb, 0x90, 0xf4, 0x0, 0xbf,
    0xb0, 0x0, 0x0, 0x8b, 0x0, 0x0, 0x8, 0xb0,
    0x0, 0x0, 0x35,

    /* U+0526 "Ԧ" */
    0xd7, 0x0, 0x0, 0x0, 0xd7, 0x0, 0x0, 0x0,
    0xd7, 0x0, 0x0, 0x0, 0xdb, 0xce, 0xea, 0x0,
    0xdc, 0x63, 0x5f, 0x60, 0xd7, 0x0, 0xb, 0x90,
    0xd7, 0x0, 0xa, 0xa0, 0xd7, 0x0, 0xa, 0xa0,
    0xd7, 0x0, 0xa, 0xfd, 0x0, 0x0, 0x0, 0x6d,
    0x0, 0x0, 0x0, 0x6d, 0x0, 0x0, 0x0, 0x49,

    /* U+0527 "ԧ" */
    0xb, 0x20, 0x0, 0x0, 0xf, 0x40, 0x0, 0x0,
    0xf, 0x30, 0x0, 0x0, 0xf, 0x7d, 0xfa, 0x0,
    0xf, 0xd3, 0x3f, 0x60, 0xf, 0x60, 0xb, 0x90,
    0xf, 0x40, 0xa, 0x90, 0xf, 0x40, 0xa, 0x90,
    0xf, 0x40, 0xa, 0x90, 0xf, 0x40, 0xa, 0xfb,
    0x0, 0x0, 0x0, 0x8b, 0x0, 0x0, 0x0, 0x8b,
    0x0, 0x0, 0x0, 0x35,

    /* U+0528 "Ԩ" */
    0x0, 0xe6, 0x0, 0x8, 0xc0, 0xe, 0x60, 0x0,
    0x8c, 0x0, 0xe6, 0x0, 0x8, 0xc0, 0xe, 0x60,
    0x0, 0x8c, 0x0, 0xef, 0xff, 0xff, 0xc0, 0xe,
    0x82, 0x22, 0x9c, 0x0, 0xe6, 0x0, 0x8, 0xc0,
    0xe, 0x60, 0x0, 0x8c, 0x0, 0xe6, 0x0, 0x8,
    0xc0, 0xe, 0x60, 0x0, 0x0, 0x1, 0xf5, 0x0,
    0x0, 0x4, 0xfe, 0x10, 0x0, 0x0, 0x2, 0x0,
    0x0, 0x0, 0x0,

    /* U+0529 "ԩ" */
    0x0, 0xf3, 0x0, 0xaa, 0x0, 0xf3, 0x0, 0xaa,
    0x0, 0xf3, 0x0, 0xaa, 0x0, 0xff, 0xff, 0xfa,
    0x0, 0xf5, 0x22, 0xaa, 0x0, 0xf3, 0x0, 0xaa,
    0x0, 0xf3, 0x0, 0xaa, 0x0, 0xf3, 0x0, 0x0,
    0x14, 0xf2, 0x0, 0x0, 0x7f, 0x90, 0x0, 0x0,

    /* U+052A "Ԫ" */
    0x0, 0xaf, 0xff, 0xfa, 0x0, 0x4f, 0x0, 0xb,
    0xa0, 0x0, 0xb9, 0x33, 0xaa, 0x0, 0x4f, 0x0,
    0x5e, 0x10, 0x0, 0xc6, 0x0, 0x9a, 0x0, 0x4f,
    0x0, 0xd6, 0x0, 0x0, 0xd5, 0x0, 0x9a, 0x0,
    0x4f, 0x7, 0xc0, 0x0, 0x0, 0xe4, 0x0, 0x9f,
    0xee, 0xff, 0xef, 0x50, 0x0, 0x0, 0xf2, 0x0,
    0x9b, 0x11, 0x5f, 0x1a, 0xd0, 0x0, 0x5, 0xe0,
    0x0, 0x9a, 0x0, 0x4f, 0x0, 0xe8, 0x0, 0x2d,
    0xa3, 0x33, 0xab, 0x20, 0x4f, 0x0, 0x4f, 0x30,
    0xef, 0xff, 0xff, 0xff, 0xc0, 0x4f, 0x0, 0x9,
    0xd0, 0xe6, 0x0, 0x0, 0x7, 0xc0, 0x0, 0x0,
    0x0, 0x0, 0xd5, 0x0, 0x0, 0x7, 0xc0, 0x0,
    0x0, 0x0, 0x0,

    /* U+052B "ԫ" */
    0x3, 0xff, 0xff, 0x50, 0xd, 0x60, 0x1f, 0x40,
    0x4e, 0x11, 0xf5, 0x0, 0xd6, 0xa, 0xa0, 0x5,
    0xc0, 0xf, 0x50, 0xd, 0x64, 0xe1, 0x0, 0x6b,
    0x0, 0xff, 0xff, 0xff, 0xf9, 0x0, 0x9, 0x90,
    0xf, 0x62, 0x2e, 0x86, 0xf1, 0x1, 0xf5, 0x11,
    0xf6, 0x0, 0xd6, 0xb, 0xb0, 0xef, 0xff, 0xff,
    0xf4, 0xd, 0x60, 0x1f, 0x6e, 0x50, 0x0, 0xf,
    0x40, 0x0, 0x0, 0x0, 0xb3, 0x0, 0x0, 0xb3,
    0x0, 0x0, 0x0, 0x0,

    /* U+052C "Ԭ" */
    0x7c, 0x8, 0xff, 0xf5, 0x7, 0xc0, 0xa8, 0x2f,
    0x50, 0x7c, 0xc, 0x50, 0xf5, 0x7, 0xc0, 0xf2,
    0xf, 0x50, 0x5f, 0x7f, 0x4, 0xf5, 0x0, 0xbf,
    0xff, 0xcf, 0x50, 0x0, 0xe6, 0x0, 0xf5, 0x2,
    0x7e, 0x22, 0x2f, 0x60, 0xef, 0xff, 0xff, 0xff,
    0x5e, 0x50, 0x0, 0x0, 0xf5, 0xe5, 0x0, 0x0,
    0xf, 0x57, 0x20, 0x0, 0x0, 0x72,

    /* U+052D "ԭ" */
    0xa6, 0x4f, 0xff, 0x40, 0xa6, 0x6a, 0x1f, 0x40,
    0xa6, 0x88, 0xf, 0x40, 0x8b, 0xb6, 0x6f, 0x40,
    0x1c, 0xfe, 0x9f, 0x40, 0x8, 0xb1, 0x1f, 0x50,
    0xcf, 0xff, 0xff, 0xf3, 0xc5, 0x0, 0x0, 0xf3,
    0xc5, 0x0, 0x0, 0xf3, 0x52, 0x0, 0x0, 0x61,

    /* U+052E "Ԯ" */
    0x0, 0xff, 0xff, 0xf6, 0x0, 0xf, 0x53, 0x3e,
    0x60, 0x1, 0xf2, 0x0, 0xe6, 0x0, 0x1f, 0x10,
    0xe, 0x60, 0x2, 0xf0, 0x0, 0xe6, 0x0, 0x3f,
    0x0, 0xe, 0x60, 0x5, 0xd0, 0x0, 0xe6, 0x4,
    0xca, 0x0, 0xe, 0x82, 0xed, 0x20, 0x0, 0xef,
    0x80, 0x0, 0x0, 0x0, 0xc8, 0x0, 0x0, 0x0,
    0xc, 0x80, 0x0, 0x0, 0x0, 0x43,

    /* U+052F "ԯ" */
    0x6, 0xff, 0xff, 0x30, 0x7, 0xb1, 0x2f, 0x30,
    0x8, 0xa0, 0x1f, 0x30, 0x9, 0x90, 0x1f, 0x30,
    0xa, 0x80, 0x1f, 0x30, 0x3e, 0x50, 0x1f, 0x50,
    0xfc, 0x0, 0x1f, 0xf1, 0x0, 0x0, 0x0, 0xf1,
    0x0, 0x0, 0x0, 0xf1, 0x0, 0x0, 0x0, 0x50,

    /* U+1E80 "Ẁ" */
    0x0, 0x0, 0xca, 0x0, 0x0, 0x0, 0x0, 0x0,
    0xc, 0x50, 0x0, 0x0, 0x0, 0x0, 0x0, 0x0,
    0x0, 0x0, 0xc8, 0x0, 0x2f, 0x60, 0x4, 0xf1,
    0x8c, 0x0, 0x6f, 0xa0, 0x7, 0xc0, 0x4f, 0x0,
    0xba, 0xe0, 0xb, 0x80, 0xf, 0x40, 0xf3, 0xf3,
    0xf, 0x40, 0xc, 0x73, 0xe0, 0xa8, 0x3f, 0x10,
    0x8, 0xb8, 0xa0, 0x6c, 0x6c, 0x0, 0x4, 0xeb,
    0x60, 0x2f, 0xa8, 0x0, 0x0, 0xff, 0x10, 0xd,
    0xf4, 0x0, 0x0, 0xcd, 0x0, 0x9, 0xf0, 0x0,

    /* U+1E81 "ẁ" */
    0x0, 0x7, 0xe0, 0x0, 0x0, 0x0, 0x0, 0x99,
    0x0, 0x0, 0x0, 0x0, 0x1, 0x0, 0x0, 0xc8,
    0x0, 0xfa, 0x0, 0xd6, 0x7c, 0x4, 0xde, 0x1,
    0xf2, 0x3f, 0x8, 0x8e, 0x35, 0xe0, 0xf, 0x4c,
    0x4a, 0x79, 0xa0, 0xb, 0x8f, 0x6, 0xbc, 0x60,
    0x7, 0xec, 0x1, 0xef, 0x10, 0x3, 0xf7, 0x0,
    0xdd, 0x0,

    /* U+1E82 "Ẃ" */
    0x0, 0x0, 0x4, 0xf3, 0x0, 0x0, 0x0, 0x0,
    0xd, 0x40, 0x0, 0x0, 0x0, 0x0, 0x0, 0x0,
    0x0, 0x0, 0xc8, 0x0, 0x2f, 0x60, 0x4, 0xf1,
    0x8c, 0x0, 0x6f, 0xa0, 0x7, 0xc0, 0x4f, 0x0,
    0xba, 0xe0, 0xb, 0x80, 0xf, 0x40, 0xf3, 0xf3,
    0xf, 0x40, 0xc, 0x73, 0xe0, 0xa8, 0x3f, 0x10,
    0x8, 0xb8, 0xa0, 0x6c, 0x6c, 0x0, 0x4, 0xeb,
    0x60, 0x2f, 0xa8, 0x0, 0x0, 0xff, 0x10, 0xd,
    0xf4, 0x0, 0x0, 0xcd, 0x0, 0x9, 0xf0, 0x0,

    /* U+1E83 "ẃ" */
    0x0, 0x0, 0xe, 0x80, 0x0, 0x0, 0x0, 0x99,
    0x0, 0x0, 0x0, 0x0, 0x10, 0x0, 0x0, 0xc8,
    0x0, 0xfa, 0x0, 0xd6, 0x7c, 0x4, 0xde, 0x1,
    0xf2, 0x3f, 0x8, 0x8e, 0x35, 0xe0, 0xf, 0x4c,
    0x4a, 0x79, 0xa0, 0xb, 0x8f, 0x6, 0xbc, 0x60,
    0x7, 0xec, 0x1, 0xef, 0x10, 0x3, 0xf7, 0x0,
    0xdd, 0x0,

    /* U+1E84 "Ẅ" */
    0x0, 0x0, 0x0, 0x0, 0x0, 0x0, 0x0, 0x1,
    0xf0, 0xb5, 0x0, 0x0, 0x0, 0x0, 0x20, 0x20,
    0x0, 0x0, 0x0, 0x0, 0x0, 0x0, 0x0, 0x0,
    0xc8, 0x0, 0x2f, 0x60, 0x4, 0xf1, 0x8c, 0x0,
    0x6f, 0xa0, 0x7, 0xc0, 0x4f, 0x0, 0xba, 0xe0,
    0xb, 0x80, 0xf, 0x40, 0xf3, 0xf3, 0xf, 0x40,
    0xc, 0x73, 0xe0, 0xa8, 0x3f, 0x10, 0x8, 0xb8,
    0xa0, 0x6c, 0x6c, 0x0, 0x4, 0xeb, 0x60, 0x2f,
    0xa8, 0x0, 0x0, 0xff, 0x10, 0xd, 0xf4, 0x0,
    0x0, 0xcd, 0x0, 0x9, 0xf0, 0x0,

    /* U+1E85 "ẅ" */
    0x0, 0xc, 0x37, 0x80, 0x0, 0x0, 0x4, 0x2,
    0x20, 0x0, 0xc8, 0x0, 0xfa, 0x0, 0xd6, 0x7c,
    0x4, 0xde, 0x1, 0xf2, 0x3f, 0x8, 0x8e, 0x35,
    0xe0, 0xf, 0x4c, 0x4a, 0x79, 0xa0, 0xb, 0x8f,
    0x6, 0xbc, 0x60, 0x7, 0xec, 0x1, 0xef, 0x10,
    0x3, 0xf7, 0x0, 0xdd, 0x0,

    /* U+1E9E "ẞ" */
    0x8, 0xef, 0xc4, 0x0, 0x7f, 0x63, 0x9f, 0x20,
    0xd8, 0x0, 0x5f, 0x20, 0xe5, 0x3, 0xf4, 0x0,
    0xf5, 0xa, 0xfd, 0x50, 0xf5, 0x0, 0x7, 0xf1,
    0xf5, 0x0, 0x1, 0xf4, 0xf5, 0x73, 0x29, 0xf1,
    0xf5, 0xae, 0xfd, 0x40,

    /* U+1EF2 "Ỳ" */
    0x0, 0xca, 0x0, 0x0, 0x0, 0x1c, 0x40, 0x0,
    0x0, 0x0, 0x0, 0x0, 0xba, 0x0, 0xa, 0xc0,
    0x3f, 0x20, 0x2f, 0x30, 0xb, 0xa0, 0xab, 0x0,
    0x3, 0xf4, 0xf3, 0x0, 0x0, 0xbf, 0xa0, 0x0,
    0x0, 0x3f, 0x30, 0x0, 0x0, 0x2f, 0x20, 0x0,
    0x0, 0x2f, 0x20, 0x0, 0x0, 0x2f, 0x20, 0x0,

    /* U+1EF3 "ỳ" */
    0x3, 0xf4, 0x0, 0x0, 0x4, 0xd0, 0x0, 0x0,
    0x1, 0x0, 0xc, 0x80, 0x2, 0xf2, 0x6e, 0x0,
    0x8d, 0x1, 0xf3, 0xd, 0x70, 0xa, 0x92, 0xf1,
    0x0, 0x4e, 0x7c, 0x0, 0x0, 0xee, 0x60, 0x0,
    0x8, 0xf1, 0x0, 0x0, 0x9b, 0x0, 0x1, 0x4f,
    0x40, 0x0, 0xbe, 0x70, 0x0, 0x0,

    /* U+2010 "‐" */
    0x9f, 0xf6, 0x12, 0x21,

    /* U+2011 "‑" */
    0x9f, 0xf6, 0x12, 0x21,

    /* U+2012 "‒" */
    0x7f, 0xff, 0xff, 0x61, 0x22, 0x22, 0x20,

    /* U+2013 "–" */
    0x8f, 0xff, 0xf8, 0x12, 0x22, 0x21,

    /* U+2014 "—" */
    0x8f, 0xff, 0xff, 0xff, 0xff, 0xf7, 0x12, 0x22,
    0x22, 0x22, 0x22, 0x21,

    /* U+2015 "―" */
    0x8f, 0xff, 0xff, 0xff, 0xff, 0xf7, 0x12, 0x22,
    0x22, 0x22, 0x22, 0x21,

    /* U+2016 "‖" */
    0x96, 0xc, 0x39, 0x60, 0xc3, 0x96, 0xc, 0x39,
    0x60, 0xc3, 0x96, 0xc, 0x39, 0x60, 0xc3, 0x96,
    0xc, 0x39, 0x60, 0xc3, 0x96, 0xc, 0x39, 0x60,
    0xc3, 0x96, 0xc, 0x39, 0x60, 0xc3, 0x96, 0xc,
    0x30,

    /* U+2017 "‗" */
    0xd, 0xdd, 0xdc, 0x0, 0x0, 0x0, 0xd, 0xdd,
    0xdc,

    /* U+2018 "‘" */
    0xe, 0x6, 0xc0, 0xb9, 0x1, 0x10,

    /* U+2019 "’" */
    0x5f, 0x8, 0xa0, 0xb4, 0x1, 0x0,

    /* U+201A "‚" */
    0x2, 0x2, 0xf2, 0x5d, 0x8, 0x70,

    /* U+201B "‛" */
    0xb9, 0x7, 0xc0, 0x1e, 0x0, 0x10,

    /* U+201C "“" */
    0xe, 0xa, 0x56, 0xc1, 0xf2, 0xb9, 0x5f, 0x1,
    0x10, 0x10,

    /* U+201D "”" */
    0x5f, 0xf, 0x58, 0xa2, 0xf1, 0xb4, 0x5a, 0x1,
    0x0, 0x0,

    /* U+201E "„" */
    0x2, 0x1, 0x12, 0xf2, 0xc8, 0x5d, 0xf, 0x38,
    0x72, 0xd0,

    /* U+201F "‟" */
    0xb9, 0x6f, 0x7, 0xc1, 0xf2, 0x1e, 0xb, 0x50,
    0x10, 0x0,

    /* U+2020 "†" */
    0x0, 0x9a, 0x0, 0x0, 0x78, 0x0, 0x26, 0x99,
    0x63, 0x3b, 0xbc, 0xa4, 0x0, 0x66, 0x0, 0x0,
    0x67, 0x0, 0x0, 0x78, 0x0, 0x0, 0x89, 0x0,
    0x0, 0x99, 0x0, 0x0, 0x9a, 0x0,

    /* U+2021 "‡" */
    0x0, 0x8a, 0x0, 0x0, 0x68, 0x0, 0x3a, 0xbc,
    0xa5, 0x26, 0x9a, 0x63, 0x0, 0x7a, 0x0, 0x0,
    0x79, 0x0, 0x26, 0x9a, 0x63, 0x3b, 0xbc, 0xa5,
    0x0, 0x68, 0x0, 0x0, 0x8a, 0x0,

    /* U+2022 "•" */
    0x2, 0x50, 0x1f, 0xf8, 0x2f, 0xfa, 0xb, 0xf4,

    /* U+2023 "‣" */
    0x25, 0x0, 0x3, 0xfb, 0x20, 0x3f, 0xf8, 0x3,
    0xd3, 0x0, 0x0, 0x0, 0x0,

    /* U+2024 "․" */
    0x88, 0xaa,

    /* U+2025 "‥" */
    0x1b, 0x30, 0x97, 0x1e, 0x40, 0xb9,

    /* U+2026 "…" */
    0x1b, 0x30, 0xa6, 0x7, 0x91, 0xe4, 0xc, 0x80,
    0x9b,

    /* U+2027 "‧" */
    0x1b, 0x31, 0xe4,

    /* U+2030 "‰" */
    0xa, 0xe6, 0x0, 0x5c, 0x0, 0x0, 0x0, 0x4c,
    0x1e, 0x0, 0xd3, 0x0, 0x0, 0x0, 0x79, 0xd,
    0x25, 0xb0, 0x0, 0x0, 0x0, 0x79, 0xd, 0x3d,
    0x7d, 0xb0, 0x1c, 0xd3, 0x4c, 0x1e, 0x7a, 0xc4,
    0x97, 0x88, 0x5b, 0xa, 0xe7, 0xe2, 0xf0, 0x6a,
    0xb5, 0x1e, 0x0, 0x7, 0x90, 0xf0, 0x5a, 0xb5,
    0x1e, 0x0, 0x1e, 0x10, 0xc3, 0x87, 0x87, 0x4c,
    0x0, 0x88, 0x0, 0x4d, 0xc1, 0x1c, 0xd3,

    /* U+2039 "‹" */
    0x0, 0x0, 0x1, 0xd3, 0xb, 0x90, 0x6f, 0x0,
    0xd, 0x70, 0x2, 0xf3, 0x0, 0x20,

    /* U+203A "›" */
    0x0, 0x0, 0x4c, 0x0, 0xb, 0xa0, 0x1, 0xf4,
    0x9, 0xc0, 0x4e, 0x10, 0x1, 0x0,

    /* U+20A4 "₤" */
    0x0, 0x8e, 0xfc, 0x10, 0x4f, 0x42, 0x40, 0x6,
    0xd0, 0x0, 0x8, 0xff, 0xee, 0x20, 0x6, 0xd0,
    0x0, 0x8, 0xff, 0xee, 0x20, 0x7, 0xc0, 0x0,
    0x2, 0xe7, 0x33, 0x31, 0x9f, 0xff, 0xff, 0x70,

    /* U+20A5 "₥" */
    0x0, 0x0, 0x0, 0x7, 0x0, 0x0, 0x0, 0x0,
    0x6, 0x80, 0x0, 0xf, 0x5e, 0xe8, 0xde, 0xf9,
    0x0, 0xfc, 0x36, 0xfd, 0x35, 0xf4, 0xf, 0x50,
    0xf, 0x70, 0xd, 0x60, 0xf4, 0x2, 0xf5, 0x0,
    0xd6, 0xf, 0x40, 0x9f, 0x50, 0xd, 0x60, 0xf4,
    0xd, 0xf5, 0x0, 0xd6, 0xf, 0x46, 0x8f, 0x50,
    0xd, 0x60, 0x0, 0xd1, 0x0, 0x0, 0x0, 0x0,
    0x16, 0x0, 0x0, 0x0, 0x0,

    /* U+20A6 "₦" */
    0xf, 0x90, 0x2e, 0x0, 0xfe, 0x2, 0xe0, 0xf,
    0xb4, 0x2e, 0xb, 0xfe, 0xfd, 0xfa, 0xf, 0x1e,
    0x2e, 0xb, 0xfd, 0xfe, 0xfa, 0xf, 0x7, 0xbe,
    0x0, 0xf0, 0x1f, 0xe0, 0xf, 0x0, 0xce, 0x0,

    /* U+20A7 "₧" */
    0x1f, 0xfe, 0x90, 0x0, 0x0, 0x1f, 0x44, 0xe8,
    0x0, 0x0, 0x1f, 0x20, 0x9b, 0x1c, 0x0, 0x1f,
    0x22, 0xd9, 0x9c, 0x0, 0x1f, 0xff, 0xb6, 0xff,
    0xf2, 0x1f, 0x40, 0x0, 0x6c, 0x0, 0x1f, 0x20,
    0x0, 0x6c, 0x0, 0x1f, 0x20, 0x0, 0x5d, 0x0,
    0x1f, 0x20, 0x0, 0x1d, 0xf4,

    /* U+20A8 "₨" */
    0xf, 0xfe, 0x90, 0x0, 0x0, 0xf, 0x44, 0xf5,
    0x0, 0x0, 0xf, 0x30, 0xc7, 0x4e, 0xe8, 0xf,
    0x31, 0xe5, 0xc8, 0x23, 0xf, 0xff, 0x90, 0xcb,
    0x10, 0xf, 0x5c, 0x80, 0x2d, 0xe3, 0xf, 0x36,
    0xe0, 0x0, 0xbb, 0xf, 0x30, 0xf5, 0x30, 0x7c,
    0xf, 0x30, 0x9b, 0xcf, 0xd3,

    /* U+20A9 "₩" */
    0xb6, 0x8, 0xd0, 0x1f, 0x8, 0x80, 0xbe, 0x3,
    0xd0, 0x6a, 0xd, 0xb2, 0x6a, 0x3, 0xc0, 0xd8,
    0x58, 0x80, 0xbf, 0xef, 0xee, 0xfe, 0x20, 0xe7,
    0x83, 0xac, 0x30, 0xb, 0xb5, 0xc, 0xe0, 0x0,
    0x9f, 0x30, 0xdd, 0x0, 0x6, 0xf0, 0xb, 0xb0,
    0x0,

    /* U+20AA "₪" */
    0xff, 0xff, 0x90, 0x2f, 0xf, 0x20, 0x2d, 0x62,
    0xf0, 0xf2, 0xb7, 0x8a, 0x2f, 0xf, 0x2b, 0x77,
    0xb2, 0xf0, 0xf2, 0xb7, 0x7b, 0x2f, 0xf, 0x2b,
    0x77, 0xb2, 0xf0, 0xf2, 0xb7, 0x47, 0x3f, 0xf,
    0x2b, 0x70, 0x1a, 0xb0, 0xf2, 0xbf, 0xff, 0xb2,
    0x0,

    /* U+20AB "₫" */
    0x0, 0x0, 0xd, 0x70, 0x0, 0x2f, 0xff, 0xf5,
    0x0, 0x0, 0xc, 0x70, 0x3, 0xdf, 0x9c, 0x70,
    0xe, 0xa2, 0x7f, 0x70, 0x3f, 0x10, 0xe, 0x70,
    0x5f, 0x0, 0xc, 0x70, 0x4f, 0x10, 0xd, 0x70,
    0xe, 0xa2, 0x6f, 0x70, 0x4, 0xdf, 0x8b, 0x70,
    0x0, 0x0, 0x0, 0x0, 0x8, 0xdd, 0xdd, 0x80,

    /* U+20AC "€" */
    0x0, 0x4c, 0xfd, 0x60, 0x3f, 0x73, 0x53, 0x9,
    0xa0, 0x0, 0x9, 0xff, 0xee, 0x30, 0xe, 0x60,
    0x0, 0x9, 0xff, 0xec, 0x0, 0x9, 0xb0, 0x0,
    0x0, 0x3f, 0x83, 0x43, 0x0, 0x4c, 0xfe, 0x40,

    /* U+20AD "₭" */
    0xe, 0x50, 0x1e, 0x60, 0xe5, 0xa, 0xb0, 0xe,
    0x55, 0xe1, 0x0, 0xe7, 0xe4, 0x0, 0xcf, 0xff,
    0xff, 0x30, 0xe8, 0xb9, 0x0, 0xe, 0x52, 0xf3,
    0x0, 0xe5, 0x7, 0xd0, 0xe, 0x50, 0xd, 0x80,

    /* U+20AE "₮" */
    0xcf, 0xff, 0xff, 0xa2, 0x35, 0xf4, 0x31, 0x0,
    0x3f, 0x68, 0x0, 0x3, 0xfb, 0x10, 0x3, 0xdf,
    0x36, 0x0, 0x75, 0xfd, 0x30, 0x1, 0xbf, 0x10,
    0x0, 0xa8, 0xf1, 0x0, 0x0, 0x3f, 0x10, 0x0,

    /* U+20AF "₯" */
    0x6d, 0xfe, 0xa2, 0x0, 0x0, 0x0, 0x35, 0x23,
    0xaf, 0x20, 0x0, 0x0, 0x2, 0xf1, 0xc, 0x90,
    0x0, 0x0, 0x6, 0xd0, 0x8, 0xc0, 0x0, 0x0,
    0x9, 0xa0, 0x8, 0xb0, 0x0, 0x0, 0xc, 0x60,
    0xb, 0x91, 0xcf, 0xb0, 0xf, 0x30, 0x4f, 0x3a,
    0x81, 0xe5, 0x3f, 0x37, 0xf8, 0xf, 0x31, 0xe2,
    0x6f, 0xfc, 0x50, 0x3f, 0xde, 0x70, 0x0, 0x0,
    0x0, 0x6b, 0x0, 0x0, 0x0, 0x0, 0x0, 0x98,
    0x0, 0x0, 0x0, 0x0, 0x0, 0xd5, 0x0, 0x0,

    /* U+20B0 "₰" */
    0x0, 0xa, 0xfa, 0x0, 0x3, 0xf2, 0xe3, 0x0,
    0x4e, 0xe, 0x30, 0x1, 0xf2, 0xf0, 0x0, 0xc,
    0xc9, 0x0, 0x10, 0x6f, 0x20, 0x9, 0x5a, 0xf5,
    0x2, 0xee, 0xd8, 0xb0, 0xa6, 0x84, 0x2f, 0x10,
    0x0, 0x0, 0xe4, 0x0, 0x1, 0x2f, 0x40, 0x0,
    0x6f, 0xa0,

    /* U+20B1 "₱" */
    0xf, 0xff, 0xb1, 0x0, 0xf5, 0x2c, 0xa0, 0xaf,
    0xdc, 0xdf, 0x9a, 0xfd, 0xcd, 0xf9, 0xf, 0x41,
    0xc9, 0x0, 0xff, 0xfb, 0x0, 0xf, 0x50, 0x0,
    0x0, 0xf4, 0x0, 0x0, 0xf, 0x40, 0x0, 0x0,

    /* U+20B2 "₲" */
    0x0, 0x0, 0x94, 0x0, 0x0, 0x3b, 0xff, 0xd6,
    0x4, 0xfa, 0xb6, 0x63, 0xd, 0x90, 0x94, 0x0,
    0x2f, 0x30, 0x94, 0x0, 0x3f, 0x10, 0x9f, 0xfd,
    0x2f, 0x20, 0x96, 0x9d, 0xe, 0x80, 0x94, 0x7d,
    0x7, 0xf7, 0xb5, 0x9d, 0x0, 0x8e, 0xff, 0xe9,
    0x0, 0x0, 0x62, 0x0,

    /* U+20B3 "₳" */
    0x0, 0x2f, 0x90, 0x0, 0x0, 0x8c, 0xe0, 0x0,
    0x0, 0xe5, 0xe5, 0x0, 0xbe, 0xfd, 0xef, 0xd4,
    0x9, 0xb0, 0x4f, 0x0, 0xbf, 0xed, 0xdf, 0xe4,
    0x3f, 0x10, 0xa, 0x90, 0x8c, 0x0, 0x5, 0xe0,
    0xd7, 0x0, 0x1, 0xf4,

    /* U+20B4 "₴" */
    0xa, 0xef, 0xd4, 0x0, 0x75, 0x3a, 0xe0, 0x0,
    0x0, 0x4f, 0xb, 0xdd, 0xef, 0xf7, 0x3, 0xae,
    0x80, 0xc, 0xfe, 0xdd, 0xd7, 0x6e, 0x0, 0x0,
    0x3, 0xf6, 0x34, 0x80, 0x7, 0xef, 0xea, 0x0,

    /* U+20B5 "₵" */
    0x0, 0x0, 0xb1, 0x0, 0x0, 0x5c, 0xff, 0xb0,
    0x5, 0xf8, 0xc5, 0x70, 0xe, 0x80, 0xb1, 0x0,
    0x2f, 0x30, 0xb1, 0x0, 0x4f, 0x10, 0xb1, 0x0,
    0x3f, 0x30, 0xb1, 0x0, 0xf, 0x80, 0xb1, 0x0,
    0x8, 0xf7, 0xc4, 0x50, 0x0, 0x8e, 0xff, 0xb0,
    0x0, 0x0, 0x81, 0x0,

    /* U+20B6 "₶" */
    0x3, 0x30, 0x43, 0x0, 0xa, 0x60, 0xb5, 0x0,
    0x8f, 0xff, 0xff, 0xf3, 0xd, 0x70, 0xe6, 0x0,
    0xd, 0x60, 0xe5, 0x0, 0xd, 0x60, 0xe5, 0x0,
    0xd, 0x60, 0xe5, 0x0, 0xd, 0x60, 0xd9, 0x21,
    0xd, 0x60, 0x5e, 0xf3,

    /* U+20B7 "₷" */
    0x0, 0x4, 0xcf, 0xe9, 0x0, 0x0, 0xf9, 0x34,
    0x60, 0x0, 0x2f, 0x20, 0x0, 0x0, 0x0, 0xdc,
    0x30, 0x0, 0x0, 0x1, 0xaf, 0xb2, 0x0, 0x0,
    0x0, 0x2b, 0xe0, 0x69, 0x8a, 0x8a, 0x1f, 0x28,
    0xd2, 0x93, 0x88, 0xe0, 0xb, 0xbe, 0xce, 0xc3,
    0x0, 0xa1, 0x92, 0x73, 0x0,

    /* U+20B8 "₸" */
    0xcf, 0xff, 0xff, 0x72, 0x22, 0x22, 0x21, 0xcf,
    0xff, 0xff, 0x72, 0x27, 0xf2, 0x21, 0x0, 0x5f,
    0x0, 0x0, 0x5, 0xf0, 0x0, 0x0, 0x5f, 0x0,
    0x0, 0x5, 0xf0, 0x0, 0x0, 0x5f, 0x0, 0x0,

    /* U+20B9 "₹" */
    0x9, 0x99, 0x99, 0x4, 0x8f, 0x53, 0x8, 0x8f,
    0xb8, 0x4, 0x4e, 0x84, 0x8, 0xcc, 0x10, 0xd,
    0x90, 0x0, 0x4, 0xf1, 0x0, 0x0, 0xbb, 0x0,
    0x0, 0x2f, 0x50,

    /* U+20BA "₺" */
    0x9, 0xa0, 0x0, 0x0, 0x9c, 0x8d, 0x0, 0x6d,
    0xd5, 0x20, 0x5, 0xad, 0xbc, 0x0, 0x8f, 0xc2,
    0x5, 0x32, 0x9a, 0x0, 0xd6, 0x9, 0xa0, 0x1f,
    0x30, 0x9b, 0x4c, 0xa0, 0x8, 0xfe, 0x80, 0x0,

    /* U+20BB "₻" */
    0x6b, 0xc1, 0x0, 0x0, 0x0, 0xc2, 0x96, 0x0,
    0x0, 0x0, 0x7f, 0xff, 0xff, 0xfe, 0x60, 0x1,
    0x98, 0x22, 0x24, 0xd1, 0x0, 0x79, 0xb6, 0xb2,
    0x93, 0x0, 0x7e, 0x3b, 0x4a, 0xa0, 0x2, 0xdd,
    0x0, 0x0, 0x0, 0x1, 0x1c, 0xa3, 0x33, 0x0,
    0x0, 0x1, 0xbf, 0xe6, 0x0,

    /* U+20BC "₼" */
    0x0, 0x0, 0xa9, 0x0, 0x0, 0x0, 0x0, 0xa9,
    0x0, 0x0, 0x0, 0x3, 0xcb, 0x30, 0x0, 0x3,
    0xee, 0xee, 0xfe, 0x20, 0xd, 0xa0, 0xa9, 0xb,
    0xc0, 0x2f, 0x10, 0xa9, 0x3, 0xf1, 0x4f, 0x0,
    0xa8, 0x1, 0xf3, 0x5f, 0x0, 0x0, 0x0, 0xf3,
    0x5f, 0x0, 0x0, 0x0, 0xf3,

    /* U+20BD "₽" */
    0xd, 0xff, 0xe8, 0x0, 0xd8, 0x25, 0xf6, 0xd,
    0x70, 0xb, 0x90, 0xd7, 0x3, 0xe6, 0xdf, 0xff,
    0xf9, 0x2, 0xe8, 0x20, 0x0, 0xdf, 0xff, 0x50,
    0x0, 0xd7, 0x0, 0x0, 0xd, 0x70, 0x0, 0x0,

    /* U+20BE "₾" */
    0x0, 0x9, 0x4d, 0x0, 0x0, 0x6, 0xef, 0xf9,
    0x10, 0x6, 0xec, 0x4d, 0xbc, 0x0, 0xe6, 0x94,
    0xd1, 0xf4, 0x2f, 0x29, 0x4d, 0xc, 0x83, 0xf1,
    0x31, 0x40, 0x43, 0x1f, 0x30, 0x0, 0x0, 0x0,
    0xba, 0x0, 0x0, 0x0, 0x1, 0xd9, 0x32, 0x22,
    0x0, 0xbf, 0xff, 0xff, 0xf1,

    /* U+20BF "₿" */
    0x5, 0x15, 0x0, 0xb, 0x2a, 0x0, 0xdf, 0xfe,
    0x50, 0xd8, 0x39, 0xf1, 0xd7, 0x2, 0xf2, 0xd7,
    0x7, 0xe0, 0xdf, 0xff, 0x50, 0xd8, 0x27, 0xf3,
    0xd7, 0x0, 0xf6, 0xd8, 0x27, 0xf3, 0xdf, 0xff,
    0x70, 0xb, 0x2a, 0x0,

    /* U+2116 "№" */
    0x85, 0x0, 0x8, 0x10, 0x0, 0xf, 0xf1, 0x0,
    0xf2, 0x0, 0x0, 0xfc, 0x80, 0xf, 0x20, 0x0,
    0xf, 0x5f, 0x10, 0xf2, 0x4a, 0x80, 0xf2, 0xaa,
    0xf, 0x2d, 0x29, 0x6f, 0x22, 0xf2, 0xf3, 0xd0,
    0x58, 0xf2, 0x9, 0xbe, 0x2c, 0x7c, 0x4f, 0x20,
    0x1f, 0xf2, 0x5, 0x30, 0xf2, 0x0, 0x7f, 0x2d,
    0xee, 0x50,

    /* U+2122 "™" */
    0x55, 0x52, 0x40, 0x5, 0x4, 0xc5, 0x5f, 0x14,
    0xf1, 0xb, 0x4, 0xb6, 0x9b, 0x10, 0xb0, 0x47,
    0xb9, 0xb1, 0xa, 0x3, 0x68, 0x49, 0x0,

    /* U+F001 "" */
    0x0, 0x0, 0x0, 0x0, 0x0, 0x12, 0x0, 0x0,
    0x0, 0x3, 0x7c, 0xff, 0x0, 0x0, 0x59, 0xef,
    0xff, 0xff, 0x0, 0xe, 0xff, 0xff, 0xff, 0xff,
    0x0, 0xf, 0xff, 0xfd, 0x84, 0x8f, 0x0, 0xf,
    0xd7, 0x20, 0x0, 0x8f, 0x0, 0xf, 0x80, 0x0,
    0x0, 0x8f, 0x0, 0xf, 0x80, 0x0, 0x0, 0x8f,
    0x0, 0xf, 0x80, 0x0, 0x7b, 0xdf, 0x2, 0x3f,
    0x80, 0x6, 0xff, 0xff, 0xaf, 0xff, 0x80, 0x2,
    0xef, 0xf9, 0xef, 0xff, 0x60, 0x0, 0x2, 0x10,
    0x29, 0xa7, 0x0, 0x0, 0x0, 0x0,

    /* U+F005 "" */
    0x0, 0x0, 0x0, 0x52, 0x0, 0x0, 0x0, 0x0,
    0x0, 0x3, 0xfb, 0x0, 0x0, 0x0, 0x0, 0x0,
    0xb, 0xff, 0x30, 0x0, 0x0, 0x0, 0x0, 0x3f,
    0xff, 0xb0, 0x0, 0x0, 0x28, 0xad, 0xff, 0xff,
    0xfe, 0xc9, 0x50, 0x6f, 0xff, 0xff, 0xff, 0xff,
    0xff, 0xe0, 0x9, 0xff, 0xff, 0xff, 0xff, 0xfe,
    0x20, 0x0, 0x8f, 0xff, 0xff, 0xff, 0xe2, 0x0,
    0x0, 0xe, 0xff, 0xff, 0xff, 0x60, 0x0, 0x0,
    0xf, 0xff, 0xff, 0xff, 0x80, 0x0, 0x0, 0x3f,
    0xff, 0xef, 0xff, 0xb0, 0x0, 0x0, 0x5f, 0xe7,
    0x3, 0xbf, 0xd0, 0x0, 0x0, 0x16, 0x0, 0x0,
    0x3, 0x50, 0x0,

    /* U+F008 "" */
    0xb4, 0xdf, 0xff, 0xff, 0xfd, 0x4b, 0xe8, 0xe7,
    0x22, 0x22, 0x7e, 0x8e, 0xc0, 0xc5, 0x0, 0x0,
    0x6c, 0xc, 0xfc, 0xf6, 0x11, 0x11, 0x7f, 0xcf,
    0xc0, 0xcf, 0xff, 0xff, 0xfb, 0xc, 0xfc, 0xf6,
    0x11, 0x11, 0x7f, 0xcf, 0xc0, 0xc5, 0x0, 0x0,
    0x6c, 0xc, 0xe8, 0xe7, 0x22, 0x22, 0x7e, 0x8e,
    0xb4, 0xdf, 0xff, 0xff, 0xfd, 0x4b,

    /* U+F00B "" */
    0xdf, 0xf6, 0x9f, 0xff, 0xff, 0xfd, 0xff, 0xf8,
    0xcf, 0xff, 0xff, 0xff, 0xef, 0xf6, 0xaf, 0xff,
    0xff, 0xfe, 0x13, 0x20, 0x3, 0x33, 0x33, 0x31,
    0xff, 0xf7, 0xbf, 0xff, 0xff, 0xff, 0xff, 0xf8,
    0xcf, 0xff, 0xff, 0xff, 0xff, 0xf7, 0xbf, 0xff,
    0xff, 0xff, 0x13, 0x20, 0x3, 0x33, 0x33, 0x31,
    0xef, 0xf6, 0xaf, 0xff, 0xff, 0xfe, 0xff, 0xf8,
    0xcf, 0xff, 0xff, 0xff, 0xdf, 0xf6, 0xaf, 0xff,
    0xff, 0xfd,

    /* U+F00C "" */
    0x0, 0x0, 0x0, 0x0, 0x3, 0xd4, 0x0, 0x0,
    0x0, 0x0, 0x3f, 0xfe, 0x0, 0x0, 0x0, 0x3,
    0xff, 0xf4, 0x4d, 0x30, 0x0, 0x3f, 0xff, 0x40,
    0xef, 0xf3, 0x3, 0xff, 0xf4, 0x0, 0x4f, 0xff,
    0x6f, 0xff, 0x40, 0x0, 0x4, 0xff, 0xff, 0xf4,
    0x0, 0x0, 0x0, 0x4f, 0xff, 0x40, 0x0, 0x0,
    0x0, 0x3, 0xd3, 0x0, 0x0, 0x0,

    /* U+F00D "" */
    0x14, 0x0, 0x0, 0x22, 0xd, 0xf7, 0x0, 0x4f,
    0xf1, 0x9f, 0xf7, 0x4f, 0xfd, 0x0, 0xaf, 0xff,
    0xfd, 0x10, 0x0, 0xbf, 0xfe, 0x10, 0x0, 0x4f,
    0xff, 0xf7, 0x0, 0x4f, 0xfd, 0xaf, 0xf7, 0xe,
    0xfd, 0x10, 0xaf, 0xf2, 0x5b, 0x10, 0x0, 0x99,
    0x0,

    /* U+F011 "" */
    0x0, 0x0, 0x7, 0x70, 0x0, 0x0, 0x0, 0x32,
    0xf, 0xf0, 0x24, 0x0, 0x5, 0xfc, 0xf, 0xf0,
    0xcf, 0x50, 0x1f, 0xf4, 0xf, 0xf0, 0x5f, 0xf1,
    0x7f, 0x80, 0xf, 0xf0, 0x8, 0xf7, 0xbf, 0x20,
    0xf, 0xf0, 0x2, 0xfb, 0xcf, 0x10, 0xe, 0xe0,
    0x1, 0xfc, 0xaf, 0x40, 0x1, 0x10, 0x4, 0xfa,
    0x5f, 0xb0, 0x0, 0x0, 0xb, 0xf6, 0xd, 0xfa,
    0x10, 0x1, 0xaf, 0xd0, 0x2, 0xdf, 0xfc, 0xcf,
    0xfd, 0x20, 0x0, 0x8, 0xef, 0xfe, 0x91, 0x0,
    0x0, 0x0, 0x1, 0x10, 0x0, 0x0,

    /* U+F013 "" */
    0x0, 0x0, 0x14, 0x41, 0x0, 0x0, 0x0, 0x0,
    0x7f, 0xf7, 0x0, 0x0, 0x3, 0x43, 0xdf, 0xfd,
    0x34, 0x30, 0xe, 0xff, 0xff, 0xff, 0xff, 0xe0,
    0x6f, 0xff, 0xfb, 0xbf, 0xff, 0xf6, 0x1b, 0xff,
    0x70, 0x7, 0xff, 0xb1, 0x7, 0xff, 0x20, 0x2,
    0xff, 0x70, 0x1b, 0xff, 0x70, 0x7, 0xff, 0xb1,
    0x6f, 0xff, 0xfb, 0xbf, 0xff, 0xf6, 0xe, 0xff,
    0xff, 0xff, 0xff, 0xe0, 0x3, 0x42, 0xcf, 0xfc,
    0x23, 0x30, 0x0, 0x0, 0x7f, 0xf7, 0x0, 0x0,
    0x0, 0x0, 0x4, 0x41, 0x0, 0x0,

    /* U+F015 "" */
    0x0, 0x0, 0x0, 0x73, 0x3, 0x83, 0x0, 0x0,
    0x0, 0x1d, 0xff, 0x67, 0xf7, 0x0, 0x0, 0x3,
    0xee, 0x5a, 0xfe, 0xf7, 0x0, 0x0, 0x6f, 0xd3,
    0xb5, 0x7f, 0xf7, 0x0, 0x9, 0xfb, 0x3d, 0xff,
    0x85, 0xfe, 0x30, 0xbf, 0x95, 0xff, 0xff, 0xfb,
    0x3e, 0xf4, 0x76, 0x6f, 0xff, 0xff, 0xff, 0xd2,
    0xa1, 0x0, 0xcf, 0xff, 0xff, 0xff, 0xf4, 0x0,
    0x0, 0xcf, 0xfa, 0x2, 0xff, 0xf4, 0x0, 0x0,
    0xcf, 0xfa, 0x2, 0xff, 0xf4, 0x0, 0x0, 0xaf,
    0xf8, 0x1, 0xff, 0xf3, 0x0,

    /* U+F017 "" */
    0x0, 0x0, 0x13, 0x41, 0x0, 0x0, 0x0, 0x2b,
    0xff, 0xff, 0xb2, 0x0, 0x4, 0xff, 0xff, 0xff,
    0xff, 0x40, 0x1e, 0xff, 0xf1, 0x1f, 0xff, 0xe1,
    0x8f, 0xff, 0xf1, 0x1f, 0xff, 0xf8, 0xcf, 0xff,
    0xf1, 0x1f, 0xff, 0xfc, 0xdf, 0xff, 0xf1, 0xd,
    0xff, 0xfd, 0xcf, 0xff, 0xf6, 0x0, 0xbf, 0xfc,
    0x8f, 0xff, 0xff, 0xb2, 0xdf, 0xf8, 0x1f, 0xff,
    0xff, 0xff, 0xff, 0xf1, 0x4, 0xff, 0xff, 0xff,
    0xff, 0x40, 0x0, 0x3c, 0xff, 0xff, 0xc3, 0x0,
    0x0, 0x0, 0x24, 0x42, 0x0, 0x0,

    /* U+F019 "" */
    0x0, 0x0, 0x27, 0x72, 0x0, 0x0, 0x0, 0x0,
    0x7f, 0xf7, 0x0, 0x0, 0x0, 0x0, 0x8f, 0xf8,
    0x0, 0x0, 0x0, 0x0, 0x8f, 0xf8, 0x0, 0x0,
    0x0, 0x0, 0x8f, 0xf8, 0x0, 0x0, 0x0, 0xdf,
    0xff, 0xff, 0xfd, 0x0, 0x0, 0x4f, 0xff, 0xff,
    0xf4, 0x0, 0x0, 0x4, 0xff, 0xff, 0x40, 0x0,
    0x23, 0x33, 0x5f, 0xf5, 0x33, 0x32, 0xff, 0xff,
    0xa4, 0x4a, 0xff, 0xff, 0xff, 0xff, 0xfc, 0xcf,
    0xff, 0xff, 0xff, 0xff, 0xff, 0xff, 0x5c, 0x8f,
    0x9a, 0xaa, 0xaa, 0xaa, 0xaa, 0xa8,

    /* U+F01C "" */
    0x0, 0x4f, 0xff, 0xff, 0xff, 0xb0, 0x0, 0x1,
    0xed, 0x88, 0x88, 0x89, 0xf8, 0x0, 0xa, 0xf2,
    0x0, 0x0, 0x0, 0xaf, 0x30, 0x5f, 0x70, 0x0,
    0x0, 0x0, 0x1e, 0xd0, 0xef, 0x88, 0x60, 0x0,
    0x28, 0x8b, 0xf6, 0xff, 0xff, 0xf3, 0x0, 0xbf,
    0xff, 0xf8, 0xff, 0xff, 0xff, 0xff, 0xff, 0xff,
    0xf8, 0xff, 0xff, 0xff, 0xff, 0xff, 0xff, 0xf7,
    0xbf, 0xff, 0xff, 0xff, 0xff, 0xff, 0xf4,

    /* U+F021 "" */
    0x0, 0x0, 0x1, 0x10, 0x0, 0x59, 0x0, 0x19,
    0xef, 0xfd, 0x70, 0x9f, 0x3, 0xef, 0xda, 0x9d,
    0xfe, 0xbf, 0xe, 0xf6, 0x0, 0x0, 0x5f, 0xff,
    0x7f, 0x70, 0x0, 0x3f, 0xff, 0xff, 0x69, 0x0,
    0x0, 0x2a, 0xaa, 0xa9, 0x0, 0x0, 0x0, 0x0,
    0x0, 0x0, 0xaa, 0xaa, 0xa2, 0x0, 0x0, 0xa6,
    0xff, 0xfe, 0xf3, 0x0, 0x7, 0xf7, 0xff, 0xf5,
    0x0, 0x0, 0x7f, 0xe0, 0xfb, 0xef, 0xd9, 0xad,
    0xfe, 0x30, 0xfa, 0x8, 0xef, 0xfe, 0x91, 0x0,
    0x95, 0x0, 0x1, 0x10, 0x0, 0x0,

    /* U+F024 "" */
    0x3, 0x0, 0x0, 0x0, 0x0, 0x0, 0x7, 0xfd,
    0x0, 0x0, 0x0, 0x0, 0x0, 0x7f, 0xfa, 0xca,
    0x61, 0x2, 0x7b, 0x1, 0xff, 0xff, 0xff, 0xff,
    0xff, 0xf2, 0x1f, 0xff, 0xff, 0xff, 0xff, 0xff,
    0x21, 0xff, 0xff, 0xff, 0xff, 0xff, 0xf2, 0x1f,
    0xff, 0xff, 0xff, 0xff, 0xff, 0x21, 0xff, 0xff,
    0xff, 0xff, 0xff, 0xf2, 0x1f, 0xff, 0xff, 0xff,
    0xff, 0xff, 0x21, 0xfe, 0x97, 0x7b, 0xff, 0xfe,
    0x70, 0x1f, 0x60, 0x0, 0x0, 0x22, 0x0, 0x1,
    0xf6, 0x0, 0x0, 0x0, 0x0, 0x0, 0xa, 0x30,
    0x0, 0x0, 0x0, 0x0, 0x0,

    /* U+F026 "" */
    0x0, 0x0, 0x2a, 0x0, 0x2, 0xef, 0x78, 0x8e,
    0xff, 0xff, 0xff, 0xff, 0xff, 0xff, 0xff, 0xff,
    0xff, 0xff, 0xdf, 0xff, 0xff, 0x0, 0x7, 0xff,
    0x0, 0x0, 0x7f, 0x0, 0x0, 0x1,

    /* U+F027 "" */
    0x0, 0x0, 0x2a, 0x0, 0x0, 0x0, 0x2e, 0xf0,
    0x0, 0x78, 0x8e, 0xff, 0x3, 0xf, 0xff, 0xff,
    0xf0, 0xba, 0xff, 0xff, 0xff, 0x3, 0xff, 0xff,
    0xff, 0xf0, 0xaa, 0xdf, 0xff, 0xff, 0x4, 0x0,
    0x0, 0x8f, 0xf0, 0x0, 0x0, 0x0, 0x8f, 0x0,
    0x0, 0x0, 0x0, 0x10, 0x0,

    /* U+F028 "" */
    0x0, 0x0, 0x0, 0x0, 0x0, 0x0, 0x0, 0x0,
    0x0, 0x0, 0x0, 0x6, 0xd2, 0x0, 0x0, 0x0,
    0x2a, 0x0, 0x11, 0x8e, 0x10, 0x0, 0x2, 0xef,
    0x0, 0x7d, 0x2b, 0x90, 0x78, 0x8e, 0xff, 0x3,
    0xa, 0xb3, 0xf0, 0xff, 0xff, 0xff, 0xb, 0xa1,
    0xf1, 0xe3, 0xff, 0xff, 0xff, 0x3, 0xf0, 0xe3,
    0xc5, 0xff, 0xff, 0xff, 0xb, 0xa1, 0xf1, 0xe3,
    0xdf, 0xff, 0xff, 0x3, 0xa, 0xb3, 0xf0, 0x0,
    0x7, 0xff, 0x0, 0x7d, 0x2b, 0x90, 0x0, 0x0,
    0x7f, 0x0, 0x11, 0x9e, 0x10, 0x0, 0x0, 0x1,
    0x0, 0x6, 0xd2, 0x0, 0x0, 0x0, 0x0, 0x0,
    0x0, 0x0, 0x0,

    /* U+F03E "" */
    0xbf, 0xff, 0xff, 0xff, 0xff, 0xfb, 0xfd, 0x5b,
    0xff, 0xff, 0xff, 0xff, 0xf5, 0x1, 0xff, 0xff,
    0xef, 0xff, 0xfb, 0x18, 0xff, 0xf6, 0x1c, 0xff,
    0xff, 0xfc, 0xff, 0x60, 0x1, 0xdf, 0xff, 0x60,
    0x96, 0x0, 0x0, 0x8f, 0xf9, 0x0, 0x0, 0x0,
    0x0, 0x8f, 0xfc, 0x88, 0x88, 0x88, 0x88, 0xcf,
    0xbf, 0xff, 0xff, 0xff, 0xff, 0xfb,

    /* U+F043 "" */
    0x0, 0x2, 0x40, 0x0, 0x0, 0x0, 0xcf, 0x10,
    0x0, 0x0, 0x2f, 0xf7, 0x0, 0x0, 0xa, 0xff,
    0xe0, 0x0, 0x4, 0xff, 0xff, 0x80, 0x0, 0xef,
    0xff, 0xff, 0x30, 0x8f, 0xff, 0xff, 0xfc, 0xe,
    0xff, 0xff, 0xff, 0xf2, 0xf9, 0xcf, 0xff, 0xff,
    0x3d, 0xc5, 0xff, 0xff, 0xf1, 0x6f, 0xa3, 0xbf,
    0xfa, 0x0, 0x8f, 0xff, 0xfb, 0x0, 0x0, 0x26,
    0x74, 0x0, 0x0,

    /* U+F048 "" */
    0x58, 0x0, 0x0, 0x35, 0x9f, 0x10, 0x5, 0xfe,
    0x9f, 0x10, 0x6f, 0xfe, 0x9f, 0x17, 0xff, 0xfe,
    0x9f, 0x9f, 0xff, 0xfe, 0x9f, 0xff, 0xff, 0xfe,
    0x9f, 0xef, 0xff, 0xfe, 0x9f, 0x2d, 0xff, 0xfe,
    0x9f, 0x10, 0xcf, 0xfe, 0x9f, 0x10, 0xb, 0xfe,
    0x8f, 0x0, 0x0, 0x9b, 0x0, 0x0, 0x0, 0x0,

    /* U+F04B "" */
    0x46, 0x0, 0x0, 0x0, 0x0, 0xf, 0xfd, 0x40,
    0x0, 0x0, 0x0, 0xff, 0xff, 0xa1, 0x0, 0x0,
    0xf, 0xff, 0xff, 0xf7, 0x0, 0x0, 0xff, 0xff,
    0xff, 0xfd, 0x50, 0xf, 0xff, 0xff, 0xff, 0xff,
    0xb1, 0xff, 0xff, 0xff, 0xff, 0xff, 0x6f, 0xff,
    0xff, 0xff, 0xff, 0xb1, 0xff, 0xff, 0xff, 0xfd,
    0x40, 0xf, 0xff, 0xff, 0xf7, 0x0, 0x0, 0xff,
    0xff, 0xa1, 0x0, 0x0, 0xf, 0xfd, 0x40, 0x0,
    0x0, 0x0, 0x36, 0x0, 0x0, 0x0, 0x0, 0x0,

    /* U+F04C "" */
    0xaf, 0xfe, 0x30, 0xaf, 0xfe, 0x3f, 0xff, 0xf7,
    0xf, 0xff, 0xf7, 0xff, 0xff, 0x80, 0xff, 0xff,
    0x8f, 0xff, 0xf8, 0xf, 0xff, 0xf8, 0xff, 0xff,
    0x80, 0xff, 0xff, 0x8f, 0xff, 0xf8, 0xf, 0xff,
    0xf8, 0xff, 0xff, 0x80, 0xff, 0xff, 0x8f, 0xff,
    0xf8, 0xf, 0xff, 0xf8, 0xff, 0xff, 0x80, 0xff,
    0xff, 0x8f, 0xff, 0xf7, 0xf, 0xff, 0xf7, 0x48,
    0x98, 0x10, 0x48, 0x98, 0x10,

    /* U+F04D "" */
    0x48, 0x88, 0x88, 0x88, 0x88, 0x1f, 0xff, 0xff,
    0xff, 0xff, 0xf7, 0xff, 0xff, 0xff, 0xff, 0xff,
    0x8f, 0xff, 0xff, 0xff, 0xff, 0xf8, 0xff, 0xff,
    0xff, 0xff, 0xff, 0x8f, 0xff, 0xff, 0xff, 0xff,
    0xf8, 0xff, 0xff, 0xff, 0xff, 0xff, 0x8f, 0xff,
    0xff, 0xff, 0xff, 0xf8, 0xff, 0xff, 0xff, 0xff,
    0xff, 0x8f, 0xff, 0xff, 0xff, 0xff, 0xf7, 0xaf,
    0xff, 0xff, 0xff, 0xfe, 0x30,

    /* U+F051 "" */
    0x26, 0x0, 0x0, 0x58, 0x7f, 0xa0, 0x0, 0xbf,
    0x8f, 0xfb, 0x0, 0xbf, 0x8f, 0xff, 0xc1, 0xbf,
    0x8f, 0xff, 0xfd, 0xcf, 0x8f, 0xff, 0xff, 0xff,
    0x8f, 0xff, 0xff, 0xef, 0x8f, 0xff, 0xf4, 0xbf,
    0x8f, 0xff, 0x40, 0xbf, 0x8f, 0xe3, 0x0, 0xbf,
    0x5d, 0x20, 0x0, 0xae, 0x0, 0x0, 0x0, 0x0,

    /* U+F052 "" */
    0x0, 0x0, 0x3, 0x70, 0x0, 0x0, 0x0, 0x0,
    0x3f, 0xfa, 0x0, 0x0, 0x0, 0x2, 0xef, 0xff,
    0x90, 0x0, 0x0, 0x1e, 0xff, 0xff, 0xf8, 0x0,
    0x1, 0xdf, 0xff, 0xff, 0xff, 0x70, 0xc, 0xff,
    0xff, 0xff, 0xff, 0xf4, 0xd, 0xff, 0xff, 0xff,
    0xff, 0xf5, 0x1, 0x34, 0x44, 0x44, 0x44, 0x30,
    0xd, 0xff, 0xff, 0xff, 0xff, 0xf5, 0xf, 0xff,
    0xff, 0xff, 0xff, 0xf8, 0xc, 0xff, 0xff, 0xff,
    0xff, 0xf5,

    /* U+F053 "" */
    0x0, 0x0, 0x3, 0x10, 0x0, 0x5, 0xfb, 0x0,
    0x5, 0xff, 0x40, 0x5, 0xff, 0x40, 0x5, 0xff,
    0x50, 0x3, 0xff, 0x50, 0x0, 0xb, 0xfc, 0x10,
    0x0, 0xb, 0xfc, 0x10, 0x0, 0xb, 0xfc, 0x10,
    0x0, 0xc, 0xfb, 0x0, 0x0, 0xa, 0x50,

    /* U+F054 "" */
    0x3, 0x10, 0x0, 0x3, 0xfc, 0x10, 0x0, 0xb,
    0xfc, 0x10, 0x0, 0xb, 0xfc, 0x10, 0x0, 0xb,
    0xfc, 0x10, 0x0, 0xd, 0xfb, 0x0, 0x5, 0xff,
    0x50, 0x5, 0xff, 0x50, 0x5, 0xff, 0x50, 0x3,
    0xff, 0x50, 0x0, 0xa, 0x50, 0x0, 0x0,

    /* U+F067 "" */
    0x0, 0x0, 0x69, 0x10, 0x0, 0x0, 0x0, 0xd,
    0xf5, 0x0, 0x0, 0x0, 0x0, 0xef, 0x60, 0x0,
    0x0, 0x0, 0xe, 0xf6, 0x0, 0x0, 0x58, 0x88,
    0xff, 0xb8, 0x88, 0x1f, 0xff, 0xff, 0xff, 0xff,
    0xf7, 0x9b, 0xbb, 0xff, 0xdb, 0xbb, 0x30, 0x0,
    0xe, 0xf6, 0x0, 0x0, 0x0, 0x0, 0xef, 0x60,
    0x0, 0x0, 0x0, 0xe, 0xf6, 0x0, 0x0, 0x0,
    0x0, 0x9d, 0x20, 0x0, 0x0,

    /* U+F068 "" */
    0x46, 0x66, 0x66, 0x66, 0x66, 0x1f, 0xff, 0xff,
    0xff, 0xff, 0xf7, 0xad, 0xdd, 0xdd, 0xdd, 0xdd,
    0x40,

    /* U+F06E "" */
    0x0, 0x3, 0xad, 0xff, 0xc7, 0x0, 0x0, 0x0,
    0x9f, 0xe6, 0x24, 0xaf, 0xe3, 0x0, 0xb, 0xff,
    0x20, 0x77, 0x9, 0xff, 0x40, 0x7f, 0xf9, 0x0,
    0xcf, 0xa1, 0xff, 0xe1, 0xef, 0xf6, 0x7f, 0xff,
    0xf0, 0xef, 0xf7, 0x8f, 0xf9, 0x3f, 0xff, 0xc1,
    0xff, 0xe1, 0xb, 0xff, 0x26, 0xca, 0x19, 0xff,
    0x40, 0x0, 0x9f, 0xe6, 0x24, 0xaf, 0xe3, 0x0,
    0x0, 0x3, 0x9d, 0xff, 0xc7, 0x0, 0x0,

    /* U+F070 "" */
    0x32, 0x0, 0x0, 0x0, 0x0, 0x0, 0x0, 0x0,
    0xdf, 0x50, 0x0, 0x0, 0x0, 0x0, 0x0, 0x0,
    0x1c, 0xf8, 0x4a, 0xef, 0xeb, 0x50, 0x0, 0x0,
    0x0, 0x9f, 0xfd, 0x52, 0x5d, 0xfc, 0x10, 0x0,
    0x0, 0x5, 0xfe, 0x4a, 0x70, 0xcf, 0xe1, 0x0,
    0xb, 0x80, 0x2d, 0xff, 0xf7, 0x4f, 0xfb, 0x0,
    0x2f, 0xfb, 0x0, 0xaf, 0xfb, 0x2f, 0xff, 0x30,
    0xb, 0xff, 0x50, 0x7, 0xfe, 0x7f, 0xfb, 0x0,
    0x1, 0xdf, 0xc0, 0x0, 0x3e, 0xff, 0xe1, 0x0,
    0x0, 0x1b, 0xfc, 0x42, 0x1, 0xbf, 0xa0, 0x0,
    0x0, 0x0, 0x5b, 0xef, 0xb0, 0x8, 0xfc, 0x10,
    0x0, 0x0, 0x0, 0x0, 0x0, 0x0, 0x4f, 0xe0,
    0x0, 0x0, 0x0, 0x0, 0x0, 0x0, 0x2, 0x40,

    /* U+F071 "" */
    0x0, 0x0, 0x0, 0x3, 0x10, 0x0, 0x0, 0x0,
    0x0, 0x0, 0x5, 0xfd, 0x0, 0x0, 0x0, 0x0,
    0x0, 0x0, 0xef, 0xf7, 0x0, 0x0, 0x0, 0x0,
    0x0, 0x8f, 0xff, 0xf1, 0x0, 0x0, 0x0, 0x0,
    0x2f, 0xfd, 0xef, 0xa0, 0x0, 0x0, 0x0, 0xb,
    0xfb, 0x3, 0xff, 0x30, 0x0, 0x0, 0x4, 0xff,
    0xc0, 0x4f, 0xfc, 0x0, 0x0, 0x0, 0xdf, 0xfd,
    0x5, 0xff, 0xf6, 0x0, 0x0, 0x7f, 0xff, 0xf8,
    0xcf, 0xff, 0xe1, 0x0, 0x1f, 0xff, 0xfc, 0x4,
    0xff, 0xff, 0x90, 0xa, 0xff, 0xff, 0xd2, 0x7f,
    0xff, 0xff, 0x20, 0xff, 0xff, 0xff, 0xff, 0xff,
    0xff, 0xf6, 0x4, 0x78, 0x88, 0x88, 0x88, 0x88,
    0x87, 0x0,

    /* U+F074 "" */
    0x0, 0x0, 0x0, 0x0, 0x6, 0x10, 0x0, 0x0,
    0x0, 0x0, 0xf, 0xc1, 0xff, 0xf8, 0x0, 0x2e,
    0xff, 0xfc, 0xcd, 0xff, 0x62, 0xef, 0xdf, 0xf9,
    0x0, 0x2c, 0x4e, 0xf9, 0xf, 0x90, 0x0, 0x2,
    0xef, 0x90, 0x7, 0x0, 0x0, 0x2e, 0xf8, 0x88,
    0xf, 0xa0, 0xcd, 0xff, 0x80, 0xdf, 0xdf, 0xf9,
    0xff, 0xf8, 0x0, 0x1e, 0xff, 0xfc, 0x0, 0x0,
    0x0, 0x0, 0xf, 0xc0, 0x0, 0x0, 0x0, 0x0,
    0x6, 0x10,

    /* U+F077 "" */
    0x0, 0x0, 0x27, 0x0, 0x0, 0x0, 0x0, 0x2e,
    0xf9, 0x0, 0x0, 0x0, 0x2e, 0xff, 0xf9, 0x0,
    0x0, 0x2e, 0xf9, 0x2e, 0xf9, 0x0, 0x2e, 0xf9,
    0x0, 0x2e, 0xf9, 0xb, 0xf9, 0x0, 0x0, 0x2e,
    0xf4, 0x27, 0x0, 0x0, 0x0, 0x27, 0x0,

    /* U+F078 "" */
    0x26, 0x0, 0x0, 0x0, 0x27, 0xb, 0xf9, 0x0,
    0x0, 0x2e, 0xf4, 0x2e, 0xf9, 0x0, 0x2e, 0xf9,
    0x0, 0x2e, 0xf9, 0x2e, 0xf9, 0x0, 0x0, 0x2e,
    0xff, 0xf9, 0x0, 0x0, 0x0, 0x2e, 0xf9, 0x0,
    0x0, 0x0, 0x0, 0x26, 0x0, 0x0, 0x0,

    /* U+F079 "" */
    0x0, 0x1, 0x0, 0x0, 0x0, 0x0, 0x0, 0x0,
    0x0, 0x3f, 0xc0, 0x7, 0x77, 0x77, 0x72, 0x0,
    0x3, 0xff, 0xfc, 0x2e, 0xff, 0xff, 0xf9, 0x0,
    0xf, 0xcf, 0xcf, 0xa0, 0x0, 0x0, 0xe9, 0x0,
    0x4, 0x1e, 0x93, 0x20, 0x0, 0x0, 0xe9, 0x0,
    0x0, 0xe, 0x90, 0x0, 0x0, 0x0, 0xe9, 0x0,
    0x0, 0xe, 0x90, 0x0, 0x0, 0xb5, 0xe9, 0x97,
    0x0, 0xe, 0xc7, 0x77, 0x73, 0xbf, 0xff, 0xf6,
    0x0, 0xd, 0xff, 0xff, 0xfd, 0xb, 0xff, 0x70,
    0x0, 0x0, 0x0, 0x0, 0x0, 0x0, 0xa6, 0x0,

    /* U+F07B "" */
    0xbf, 0xff, 0xf6, 0x0, 0x0, 0x0, 0xff, 0xff,
    0xff, 0x98, 0x88, 0x74, 0xff, 0xff, 0xff, 0xff,
    0xff, 0xff, 0xff, 0xff, 0xff, 0xff, 0xff, 0xff,
    0xff, 0xff, 0xff, 0xff, 0xff, 0xff, 0xff, 0xff,
    0xff, 0xff, 0xff, 0xff, 0xff, 0xff, 0xff, 0xff,
    0xff, 0xff, 0xff, 0xff, 0xff, 0xff, 0xff, 0xff,
    0xbf, 0xff, 0xff, 0xff, 0xff, 0xfb,

    /* U+F080 "" */
    0xf7, 0x0, 0x2, 0x20, 0x3, 0xf3, 0xf8, 0x0,
    0xb, 0xb0, 0x4, 0xf4, 0xf8, 0x0, 0xc, 0xc5,
    0xb4, 0xf4, 0xf8, 0x3, 0x1c, 0xc8, 0xf4, 0xf4,
    0xf8, 0xf, 0x7c, 0xc8, 0xf4, 0xf4, 0xf8, 0xf,
    0x7b, 0xb7, 0xf3, 0xf3, 0xf8, 0x0, 0x0, 0x0,
    0x0, 0x0, 0xfc, 0x88, 0x88, 0x88, 0x88, 0x87,
    0xdf, 0xff, 0xff, 0xff, 0xff, 0xff,

    /* U+F084 "" */
    0x0, 0x0, 0x0, 0x7a, 0xa5, 0x0, 0x0, 0x0,
    0x1d, 0xff, 0xff, 0xb0, 0x0, 0x0, 0xbf, 0xff,
    0x55, 0xf7, 0x0, 0x1, 0xff, 0xfe, 0x0, 0xed,
    0x0, 0x3, 0xff, 0xff, 0x77, 0xff, 0x0, 0x1,
    0xff, 0xff, 0xff, 0xfe, 0x0, 0xa, 0xff, 0xff,
    0xff, 0xf8, 0x0, 0xaf, 0xff, 0xff, 0xff, 0xc0,
    0x9, 0xff, 0xff, 0xfd, 0xc8, 0x0, 0x9f, 0xff,
    0xfb, 0x50, 0x0, 0x0, 0xff, 0xff, 0xf3, 0x0,
    0x0, 0x0, 0xff, 0xfc, 0x10, 0x0, 0x0, 0x0,
    0x89, 0x95, 0x0, 0x0, 0x0, 0x0,

    /* U+F08D "" */
    0x4, 0x44, 0x44, 0x44, 0x3, 0xff, 0xff, 0xff,
    0xf3, 0x2e, 0xff, 0xff, 0xfe, 0x20, 0xc, 0xff,
    0xfc, 0x0, 0x0, 0xdf, 0xff, 0xd0, 0x0, 0xf,
    0xff, 0xff, 0x0, 0x2e, 0xff, 0xff, 0xfe, 0x2c,
    0xff, 0xff, 0xff, 0xfc, 0xdf, 0xff, 0xff, 0xff,
    0xd0, 0x0, 0x4f, 0x40, 0x0, 0x0, 0x4, 0xf4,
    0x0, 0x0, 0x0, 0x2f, 0x20, 0x0, 0x0, 0x0,
    0x60, 0x0, 0x0,

    /* U+F093 "" */
    0x0, 0x0, 0x2, 0x20, 0x0, 0x0, 0x0, 0x0,
    0x3e, 0xe3, 0x0, 0x0, 0x0, 0x3, 0xef, 0xfe,
    0x30, 0x0, 0x0, 0x3e, 0xff, 0xff, 0xe3, 0x0,
    0x0, 0xef, 0xff, 0xff, 0xfe, 0x0, 0x0, 0x0,
    0x8f, 0xf8, 0x0, 0x0, 0x0, 0x0, 0x8f, 0xf8,
    0x0, 0x0, 0x0, 0x0, 0x8f, 0xf8, 0x0, 0x0,
    0x23, 0x32, 0x8f, 0xf8, 0x23, 0x32, 0xff, 0xfd,
    0x39, 0x93, 0xef, 0xff, 0xff, 0xff, 0xc9, 0x9c,
    0xff, 0xff, 0xff, 0xff, 0xff, 0xff, 0x5c, 0x8f,
    0x9a, 0xaa, 0xaa, 0xaa, 0xaa, 0xa8,

    /* U+F095 "" */
    0x0, 0x0, 0x0, 0x0, 0x3, 0x62, 0x0, 0x0,
    0x0, 0x0, 0x0, 0xcf, 0xfe, 0x0, 0x0, 0x0,
    0x0, 0x3f, 0xff, 0xe0, 0x0, 0x0, 0x0, 0x9,
    0xff, 0xfd, 0x0, 0x0, 0x0, 0x0, 0x2d, 0xff,
    0x90, 0x0, 0x0, 0x0, 0x0, 0x4f, 0xf4, 0x0,
    0x0, 0x0, 0x0, 0xc, 0xfd, 0x0, 0x0, 0x1,
    0x0, 0x9, 0xff, 0x40, 0x1, 0x8e, 0xe1, 0x1a,
    0xff, 0x70, 0x0, 0xef, 0xff, 0xde, 0xff, 0x90,
    0x0, 0xc, 0xff, 0xff, 0xff, 0x60, 0x0, 0x0,
    0x8f, 0xff, 0xe9, 0x10, 0x0, 0x0, 0x2, 0x76,
    0x30, 0x0, 0x0, 0x0, 0x0,

    /* U+F0AC "" */
    0x0, 0x0, 0x5, 0x31, 0x0, 0x0, 0x0, 0x6b,
    0x6f, 0xf3, 0xc3, 0x0, 0x8, 0xf5, 0xdf, 0xf7,
    0xbf, 0x30, 0x3f, 0xf3, 0xff, 0xfb, 0x7f, 0xd0,
    0x23, 0x21, 0x33, 0x32, 0x3, 0x31, 0xdf, 0xd6,
    0xff, 0xff, 0x4f, 0xf8, 0xff, 0xd6, 0xff, 0xff,
    0x4f, 0xf9, 0xdf, 0xd6, 0xff, 0xff, 0x4f, 0xf8,
    0x23, 0x21, 0x33, 0x32, 0x3, 0x31, 0x3f, 0xf3,
    0xff, 0xfb, 0x7f, 0xd0, 0x8, 0xf5, 0xdf, 0xf7,
    0xbf, 0x30, 0x0, 0x7b, 0x6f, 0xf3, 0xc3, 0x0,
    0x0, 0x0, 0x5, 0x31, 0x0, 0x0,

    /* U+F0C0 "" */
    0x0, 0x0, 0x1, 0x9c, 0x91, 0x0, 0x0, 0x0,
    0x24, 0x0, 0xbf, 0xff, 0xb0, 0x4, 0x20, 0x1f,
    0xf8, 0xf, 0xff, 0xff, 0x18, 0xff, 0x12, 0xff,
    0xa0, 0xff, 0xff, 0xf0, 0xaf, 0xf2, 0x5, 0x91,
    0x6, 0xff, 0xf6, 0x1, 0x95, 0x2, 0x99, 0x70,
    0x2, 0x52, 0x0, 0x69, 0x92, 0xdf, 0xf5, 0x37,
    0x53, 0x58, 0x37, 0xff, 0xdf, 0xfa, 0x5f, 0xff,
    0xff, 0xff, 0x5b, 0xff, 0x8b, 0x4d, 0xff, 0xff,
    0xff, 0xfd, 0x4b, 0x80, 0x0, 0xff, 0xff, 0xff,
    0xff, 0xf0, 0x0, 0x0, 0xa, 0xff, 0xff, 0xff,
    0xfa, 0x0, 0x0,

    /* U+F0C4 "" */
    0x7, 0x93, 0x0, 0x0, 0x22, 0xa, 0xff, 0xf2,
    0x0, 0x8f, 0xf5, 0xf9, 0x1f, 0x70, 0x8f, 0xf9,
    0xc, 0xfc, 0xf8, 0x8f, 0xf9, 0x0, 0x1a, 0xef,
    0xff, 0xf9, 0x0, 0x0, 0x0, 0xef, 0xfc, 0x0,
    0x0, 0x7, 0xbf, 0xff, 0xf6, 0x0, 0xa, 0xff,
    0xfa, 0xbf, 0xf6, 0x0, 0xf9, 0x1f, 0x70, 0xbf,
    0xf6, 0xc, 0xfc, 0xf4, 0x0, 0xbf, 0xf4, 0x1a,
    0xc6, 0x0, 0x0, 0x56, 0x0,

    /* U+F0C5 "" */
    0x0, 0x3, 0x44, 0x41, 0x20, 0x0, 0x0, 0xff,
    0xff, 0x5e, 0x40, 0x24, 0x1f, 0xff, 0xf5, 0xee,
    0x2f, 0xf4, 0xff, 0xff, 0xc8, 0x82, 0xff, 0x4f,
    0xff, 0xff, 0xff, 0x5f, 0xf4, 0xff, 0xff, 0xff,
    0xf5, 0xff, 0x4f, 0xff, 0xff, 0xff, 0x5f, 0xf4,
    0xff, 0xff, 0xff, 0xf5, 0xff, 0x4f, 0xff, 0xff,
    0xff, 0x5f, 0xf4, 0xff, 0xff, 0xff, 0xf4, 0xff,
    0x93, 0x44, 0x44, 0x43, 0xf, 0xff, 0xff, 0xff,
    0x50, 0x0, 0x68, 0x88, 0x88, 0x71, 0x0, 0x0,

    /* U+F0C7 "" */
    0x48, 0x88, 0x88, 0x87, 0x0, 0xf, 0xff, 0xff,
    0xff, 0xfb, 0x0, 0xf8, 0x0, 0x0, 0xb, 0xfb,
    0xf, 0x80, 0x0, 0x0, 0xbf, 0xf3, 0xfb, 0x77,
    0x77, 0x7d, 0xff, 0x4f, 0xff, 0xff, 0xff, 0xff,
    0xf4, 0xff, 0xff, 0x42, 0xdf, 0xff, 0x4f, 0xff,
    0xc0, 0x8, 0xff, 0xf4, 0xff, 0xfe, 0x0, 0xaf,
    0xff, 0x4f, 0xff, 0xfc, 0xaf, 0xff, 0xf4, 0xaf,
    0xff, 0xff, 0xff, 0xfd, 0x10,

    /* U+F0C9 "" */
    0x0, 0x0, 0x0, 0x0, 0x0, 0xf, 0xff, 0xff,
    0xff, 0xff, 0xf7, 0x9a, 0xaa, 0xaa, 0xaa, 0xaa,
    0x40, 0x0, 0x0, 0x0, 0x0, 0x0, 0x89, 0x99,
    0x99, 0x99, 0x99, 0x3f, 0xff, 0xff, 0xff, 0xff,
    0xf7, 0x12, 0x22, 0x22, 0x22, 0x22, 0x0, 0x0,
    0x0, 0x0, 0x0, 0x0, 0x9a, 0xaa, 0xaa, 0xaa,
    0xaa, 0x4f, 0xff, 0xff, 0xff, 0xff, 0xf7, 0x0,
    0x0, 0x0, 0x0, 0x0, 0x0,

    /* U+F0E0 "" */
    0xbf, 0xff, 0xff, 0xff, 0xff, 0xfb, 0xff, 0xff,
    0xff, 0xff, 0xff, 0xff, 0x4e, 0xff, 0xff, 0xff,
    0xff, 0xe4, 0xc3, 0xbf, 0xff, 0xff, 0xfb, 0x3c,
    0xff, 0x57, 0xff, 0xff, 0x75, 0xff, 0xff, 0xf9,
    0x3d, 0xd3, 0x9f, 0xff, 0xff, 0xff, 0xd5, 0x5d,
    0xff, 0xff, 0xff, 0xff, 0xff, 0xff, 0xff, 0xff,
    0xbf, 0xff, 0xff, 0xff, 0xff, 0xfb,

    /* U+F0E7 "" */
    0x1, 0xbb, 0xba, 0x10, 0x0, 0x5f, 0xff, 0xf1,
    0x0, 0x7, 0xff, 0xfb, 0x0, 0x0, 0x9f, 0xff,
    0x60, 0x0, 0xb, 0xff, 0xff, 0xff, 0x60, 0xef,
    0xff, 0xff, 0xf1, 0xe, 0xff, 0xff, 0xf8, 0x0,
    0x0, 0xc, 0xfe, 0x0, 0x0, 0x0, 0xff, 0x50,
    0x0, 0x0, 0x3f, 0xc0, 0x0, 0x0, 0x7, 0xf3,
    0x0, 0x0, 0x0, 0xa9, 0x0, 0x0, 0x0, 0x2,
    0x0, 0x0, 0x0,

    /* U+F0EA "" */
    0x0, 0x2a, 0x50, 0x0, 0x0, 0xe, 0xff, 0x8f,
    0xff, 0x20, 0x0, 0xff, 0xf8, 0xff, 0xf4, 0x0,
    0xf, 0xff, 0xeb, 0xbb, 0x30, 0x0, 0xff, 0xf4,
    0x99, 0x92, 0x60, 0xf, 0xff, 0x5f, 0xff, 0x4f,
    0xa0, 0xff, 0xf5, 0xff, 0xf5, 0x56, 0x1f, 0xff,
    0x5f, 0xff, 0xff, 0xf4, 0xff, 0xf5, 0xff, 0xff,
    0xff, 0x4e, 0xff, 0x5f, 0xff, 0xff, 0xf4, 0x0,
    0x5, 0xff, 0xff, 0xff, 0x40, 0x0, 0x5f, 0xff,
    0xff, 0xf4, 0x0, 0x0, 0x44, 0x44, 0x44, 0x0,

    /* U+F0F3 "" */
    0x0, 0x0, 0x15, 0x0, 0x0, 0x0, 0x0, 0x9,
    0xf1, 0x0, 0x0, 0x0, 0x2d, 0xff, 0xf9, 0x0,
    0x0, 0xe, 0xff, 0xff, 0xf7, 0x0, 0x5, 0xff,
    0xff, 0xff, 0xd0, 0x0, 0x8f, 0xff, 0xff, 0xff,
    0x0, 0xa, 0xff, 0xff, 0xff, 0xf2, 0x0, 0xdf,
    0xff, 0xff, 0xff, 0x50, 0x6f, 0xff, 0xff, 0xff,
    0xfd, 0xe, 0xff, 0xff, 0xff, 0xff, 0xf6, 0x24,
    0x44, 0x44, 0x44, 0x43, 0x0, 0x0, 0x2f, 0xf9,
    0x0, 0x0, 0x0, 0x0, 0x46, 0x0, 0x0, 0x0,

    /* U+F11C "" */
    0xbf, 0xff, 0xff, 0xff, 0xff, 0xff, 0xf4, 0xfc,
    0x8e, 0x8e, 0x8e, 0x88, 0xe8, 0xf7, 0xf8, 0xc,
    0xc, 0xb, 0x0, 0xb0, 0xf8, 0xff, 0xec, 0xfc,
    0xec, 0xee, 0xcf, 0xf8, 0xff, 0xa0, 0xc0, 0xa0,
    0x77, 0x2f, 0xf8, 0xff, 0xec, 0xfc, 0xec, 0xee,
    0xcf, 0xf8, 0xf8, 0xc, 0x0, 0x0, 0x0, 0xb0,
    0xf8, 0xfc, 0x8e, 0x88, 0x88, 0x88, 0xe8, 0xf7,
    0xbf, 0xff, 0xff, 0xff, 0xff, 0xff, 0xf4,

    /* U+F124 "" */
    0x0, 0x0, 0x0, 0x0, 0x0, 0x6, 0x30, 0x0,
    0x0, 0x0, 0x0, 0x18, 0xef, 0xe0, 0x0, 0x0,
    0x0, 0x29, 0xff, 0xff, 0xb0, 0x0, 0x0, 0x3a,
    0xff, 0xff, 0xff, 0x30, 0x0, 0x4c, 0xff, 0xff,
    0xff, 0xfc, 0x0, 0xb, 0xff, 0xff, 0xff, 0xff,
    0xf5, 0x0, 0xe, 0xff, 0xff, 0xff, 0xff, 0xd0,
    0x0, 0x1, 0x34, 0x44, 0xdf, 0xff, 0x60, 0x0,
    0x0, 0x0, 0x0, 0xcf, 0xfe, 0x0, 0x0, 0x0,
    0x0, 0x0, 0xcf, 0xf8, 0x0, 0x0, 0x0, 0x0,
    0x0, 0xcf, 0xf1, 0x0, 0x0, 0x0, 0x0, 0x0,
    0xbf, 0x90, 0x0, 0x0, 0x0, 0x0, 0x0, 0x26,
    0x0, 0x0, 0x0,

    /* U+F14E "" */
    0x0, 0x0, 0x46, 0x52, 0x0, 0x0, 0x0, 0x5e,
    0xff, 0xff, 0xb2, 0x0, 0x7, 0xff, 0xff, 0xff,
    0xfe, 0x20, 0x3f, 0xff, 0xff, 0xfd, 0xaf, 0xd0,
    0xaf, 0xff, 0xfc, 0x40, 0x6f, 0xf4, 0xef, 0xff,
    0x73, 0x10, 0xdf, 0xf8, 0xff, 0xfe, 0xd, 0x74,
    0xff, 0xf9, 0xef, 0xf7, 0x0, 0xc, 0xff, 0xf7,
    0x9f, 0xf1, 0x17, 0xef, 0xff, 0xf3, 0x2f, 0xf9,
    0xff, 0xff, 0xff, 0xb0, 0x4, 0xff, 0xff, 0xff,
    0xfc, 0x10, 0x0, 0x2b, 0xff, 0xfe, 0x80, 0x0,
    0x0, 0x0, 0x2, 0x20, 0x0, 0x0,

    /* U+F15B "" */
    0x9b, 0xbb, 0xb2, 0x70, 0xf, 0xff, 0xff, 0x4f,
    0x90, 0xff, 0xff, 0xf4, 0xff, 0x9f, 0xff, 0xff,
    0x54, 0x44, 0xff, 0xff, 0xff, 0xff, 0xff, 0xff,
    0xff, 0xff, 0xff, 0xff, 0xff, 0xff, 0xff, 0xff,
    0xff, 0xff, 0xff, 0xff, 0xff, 0xff, 0xff, 0xff,
    0xff, 0xff, 0xff, 0xff, 0xff, 0xff, 0xff, 0xff,
    0xff, 0xff, 0xff, 0xff, 0xff, 0xff, 0x34, 0x44,
    0x44, 0x44, 0x30,

    /* U+F1EB "" */
    0x0, 0x0, 0x0, 0x0, 0x0, 0x0, 0x0, 0x0,
    0x0, 0x5, 0x9b, 0xcb, 0x95, 0x0, 0x0, 0x0,
    0x8f, 0xff, 0xff, 0xff, 0xff, 0x80, 0x3, 0xef,
    0xfa, 0x53, 0x23, 0x5a, 0xff, 0xe3, 0xdf, 0xa1,
    0x0, 0x0, 0x0, 0x1, 0xaf, 0xd2, 0x60, 0x5,
    0xbe, 0xfe, 0xb5, 0x0, 0x52, 0x0, 0x1c, 0xff,
    0xfe, 0xff, 0xfc, 0x10, 0x0, 0x2, 0xec, 0x40,
    0x0, 0x4c, 0xe2, 0x0, 0x0, 0x1, 0x0, 0x1,
    0x0, 0x1, 0x0, 0x0, 0x0, 0x0, 0xa, 0xfa,
    0x0, 0x0, 0x0, 0x0, 0x0, 0x0, 0xff, 0xf0,
    0x0, 0x0, 0x0, 0x0, 0x0, 0x6, 0xd6, 0x0,
    0x0, 0x0,

    /* U+F240 "" */
    0x37, 0x77, 0x77, 0x77, 0x77, 0x77, 0x75, 0xf,
    0xff, 0xff, 0xff, 0xff, 0xff, 0xff, 0xf3, 0xf8,
    0x34, 0x44, 0x44, 0x44, 0x44, 0x4f, 0xdf, 0x8c,
    0xff, 0xff, 0xff, 0xff, 0xf2, 0xcf, 0xf8, 0xcf,
    0xff, 0xff, 0xff, 0xff, 0x8, 0xff, 0x89, 0xcc,
    0xcc, 0xcc, 0xcc, 0xc3, 0xff, 0xfb, 0x77, 0x77,
    0x77, 0x77, 0x77, 0x9f, 0x9c, 0xff, 0xff, 0xff,
    0xff, 0xff, 0xff, 0xe1, 0x0, 0x0, 0x0, 0x0,
    0x0, 0x0, 0x0, 0x0,

    /* U+F241 "" */
    0x37, 0x77, 0x77, 0x77, 0x77, 0x77, 0x75, 0xf,
    0xff, 0xff, 0xff, 0xff, 0xff, 0xff, 0xf3, 0xf8,
    0x34, 0x44, 0x44, 0x43, 0x0, 0x4f, 0xdf, 0x8c,
    0xff, 0xff, 0xff, 0xc0, 0x2, 0xcf, 0xf8, 0xcf,
    0xff, 0xff, 0xfc, 0x0, 0x8, 0xff, 0x89, 0xcc,
    0xcc, 0xcc, 0x90, 0x3, 0xff, 0xfb, 0x77, 0x77,
    0x77, 0x77, 0x77, 0x9f, 0x9c, 0xff, 0xff, 0xff,
    0xff, 0xff, 0xff, 0xe1, 0x0, 0x0, 0x0, 0x0,
    0x0, 0x0, 0x0, 0x0,

    /* U+F242 "" */
    0x37, 0x77, 0x77, 0x77, 0x77, 0x77, 0x75, 0xf,
    0xff, 0xff, 0xff, 0xff, 0xff, 0xff, 0xf3, 0xf8,
    0x34, 0x44, 0x42, 0x0, 0x0, 0x4f, 0xdf, 0x8c,
    0xff, 0xff, 0x80, 0x0, 0x2, 0xcf, 0xf8, 0xcf,
    0xff, 0xf8, 0x0, 0x0, 0x8, 0xff, 0x89, 0xcc,
    0xcc, 0x60, 0x0, 0x3, 0xff, 0xfb, 0x77, 0x77,
    0x77, 0x77, 0x77, 0x9f, 0x9c, 0xff, 0xff, 0xff,
    0xff, 0xff, 0xff, 0xe1, 0x0, 0x0, 0x0, 0x0,
    0x0, 0x0, 0x0, 0x0,

    /* U+F243 "" */
    0x37, 0x77, 0x77, 0x77, 0x77, 0x77, 0x75, 0xf,
    0xff, 0xff, 0xff, 0xff, 0xff, 0xff, 0xf3, 0xf8,
    0x34, 0x41, 0x0, 0x0, 0x0, 0x4f, 0xdf, 0x8c,
    0xff, 0x40, 0x0, 0x0, 0x2, 0xcf, 0xf8, 0xcf,
    0xf4, 0x0, 0x0, 0x0, 0x8, 0xff, 0x89, 0xcc,
    0x30, 0x0, 0x0, 0x3, 0xff, 0xfb, 0x77, 0x77,
    0x77, 0x77, 0x77, 0x9f, 0x9c, 0xff, 0xff, 0xff,
    0xff, 0xff, 0xff, 0xe1, 0x0, 0x0, 0x0, 0x0,
    0x0, 0x0, 0x0, 0x0,

    /* U+F244 "" */
    0x37, 0x77, 0x77, 0x77, 0x77, 0x77, 0x75, 0xf,
    0xff, 0xff, 0xff, 0xff, 0xff, 0xff, 0xf3, 0xf8,
    0x0, 0x0, 0x0, 0x0, 0x0, 0x4f, 0xdf, 0x80,
    0x0, 0x0, 0x0, 0x0, 0x2, 0xcf, 0xf8, 0x0,
    0x0, 0x0, 0x0, 0x0, 0x8, 0xff, 0x80, 0x0,
    0x0, 0x0, 0x0, 0x3, 0xff, 0xfb, 0x77, 0x77,
    0x77, 0x77, 0x77, 0x9f, 0x9c, 0xff, 0xff, 0xff,
    0xff, 0xff, 0xff, 0xe1, 0x0, 0x0, 0x0, 0x0,
    0x0, 0x0, 0x0, 0x0,

    /* U+F279 "" */
    0x0, 0x37, 0x56, 0x10, 0x0, 0x0, 0x67, 0x6d,
    0xfc, 0x7f, 0xfc, 0x71, 0x8e, 0xfa, 0xff, 0xfc,
    0x7f, 0xff, 0xf3, 0xff, 0xfa, 0xff, 0xfc, 0x7f,
    0xff, 0xf3, 0xff, 0xfa, 0xff, 0xfc, 0x7f, 0xff,
    0xf3, 0xff, 0xfa, 0xff, 0xfc, 0x7f, 0xff, 0xf3,
    0xff, 0xfa, 0xff, 0xfc, 0x7f, 0xff, 0xf3, 0xff,
    0xfa, 0xff, 0xfc, 0x7f, 0xff, 0xf3, 0xff, 0xfa,
    0xff, 0xfc, 0x7f, 0xff, 0xf3, 0xff, 0xfa, 0xff,
    0xd5, 0x29, 0xef, 0xf3, 0xff, 0xb3, 0xa4, 0x0,
    0x0, 0x3, 0x82, 0x82, 0x0,

    /* U+F287 "" */
    0x0, 0x0, 0x0, 0x0, 0x0, 0x0, 0x0, 0x0,
    0x0, 0x0, 0x0, 0x25, 0xfb, 0x0, 0x0, 0x0,
    0x0, 0x0, 0x5, 0xcb, 0xfe, 0x0, 0x0, 0x0,
    0x1, 0x0, 0xd, 0x10, 0x42, 0x0, 0x0, 0x0,
    0x9f, 0xd1, 0x68, 0x0, 0x0, 0x0, 0x68, 0x0,
    0xff, 0xfe, 0xee, 0xed, 0xdd, 0xdd, 0xef, 0xc0,
    0x9f, 0xd1, 0x0, 0xb3, 0x0, 0x0, 0x68, 0x0,
    0x1, 0x0, 0x0, 0x3b, 0x5, 0x74, 0x0, 0x0,
    0x0, 0x0, 0x0, 0x9, 0xbe, 0xfb, 0x0, 0x0,
    0x0, 0x0, 0x0, 0x0, 0x2d, 0xfb, 0x0, 0x0,
    0x0, 0x0, 0x0, 0x0, 0x0, 0x0, 0x0, 0x0,

    /* U+F293 "" */
    0x0, 0x0, 0x34, 0x20, 0x0, 0x0, 0x6e, 0xfe,
    0xfd, 0x20, 0x4, 0xff, 0xf3, 0xff, 0xd0, 0xc,
    0xff, 0xf0, 0x4f, 0xf5, 0xf, 0xd5, 0xf2, 0x95,
    0xf8, 0x2f, 0xf7, 0x41, 0x3c, 0xfa, 0x3f, 0xff,
    0x60, 0xaf, 0xfb, 0x3f, 0xfe, 0x20, 0x4f, 0xfb,
    0x2f, 0xe2, 0x92, 0x75, 0xfa, 0xf, 0xeb, 0xf1,
    0x49, 0xf8, 0x9, 0xff, 0xf0, 0x9f, 0xf2, 0x1,
    0xdf, 0xf9, 0xff, 0x90, 0x0, 0x6, 0xab, 0x95,
    0x0,

    /* U+F2ED "" */
    0x0, 0x4, 0x88, 0x70, 0x0, 0xb, 0xcc, 0xff,
    0xff, 0xdc, 0xc5, 0xbc, 0xcc, 0xcc, 0xcc, 0xcc,
    0x52, 0x88, 0x88, 0x88, 0x88, 0x60, 0x4f, 0xff,
    0xff, 0xff, 0xfc, 0x4, 0xfa, 0xae, 0x6f, 0x5f,
    0xc0, 0x4f, 0xaa, 0xe6, 0xf4, 0xfc, 0x4, 0xfa,
    0xae, 0x6f, 0x4f, 0xc0, 0x4f, 0xaa, 0xe6, 0xf4,
    0xfc, 0x4, 0xfa, 0xae, 0x6f, 0x4f, 0xc0, 0x4f,
    0xaa, 0xe6, 0xf5, 0xfc, 0x3, 0xff, 0xff, 0xff,
    0xff, 0xb0, 0x6, 0x88, 0x88, 0x88, 0x72, 0x0,

    /* U+F2F2 "" */
    0x0, 0x4, 0x88, 0x50, 0x0, 0x0, 0x0, 0xaf,
    0xfb, 0x0, 0x0, 0x0, 0x0, 0xcd, 0x0, 0x0,
    0x0, 0x8, 0xff, 0xff, 0x88, 0x70, 0xa, 0xff,
    0xcb, 0xff, 0xf9, 0x4, 0xff, 0xf4, 0x3f, 0xff,
    0x50, 0xaf, 0xff, 0x43, 0xff, 0xfb, 0xd, 0xff,
    0xf4, 0x3f, 0xff, 0xe0, 0xcf, 0xff, 0x54, 0xff,
    0xfd, 0x8, 0xff, 0xff, 0xff, 0xff, 0x90, 0x1e,
    0xff, 0xff, 0xff, 0xe1, 0x0, 0x3e, 0xff, 0xff,
    0xe3, 0x0, 0x0, 0x7, 0xaa, 0x71, 0x0, 0x0,

    /* U+F304 "" */
    0x0, 0x0, 0x0, 0x0, 0x1, 0x71, 0x0, 0x0,
    0x0, 0x0, 0x1, 0xef, 0xd1, 0x0, 0x0, 0x0,
    0x1, 0x5f, 0xff, 0xc0, 0x0, 0x0, 0x1, 0xea,
    0x5f, 0xfd, 0x0, 0x0, 0x1, 0xef, 0xfa, 0x5d,
    0x10, 0x0, 0x1, 0xef, 0xff, 0xf8, 0x0, 0x0,
    0x1, 0xef, 0xff, 0xfe, 0x20, 0x0, 0x1, 0xef,
    0xff, 0xfe, 0x20, 0x0, 0x1, 0xef, 0xff, 0xfe,
    0x20, 0x0, 0x0, 0xbf, 0xff, 0xfe, 0x20, 0x0,
    0x0, 0xd, 0xff, 0xfe, 0x20, 0x0, 0x0, 0x0,
    0xff, 0xfe, 0x20, 0x0, 0x0, 0x0, 0x6, 0x64,
    0x10, 0x0, 0x0, 0x0, 0x0,

    /* U+F3C5 "" */
    0x0, 0x15, 0x75, 0x10, 0x0, 0x5f, 0xff, 0xff,
    0x50, 0x3f, 0xff, 0xff, 0xff, 0x3b, 0xff, 0x72,
    0x7f, 0xfb, 0xff, 0xb0, 0x0, 0xbf, 0xff, 0xfb,
    0x0, 0xb, 0xff, 0xbf, 0xf7, 0x27, 0xff, 0xb3,
    0xff, 0xff, 0xff, 0xf3, 0x9, 0xff, 0xff, 0xf9,
    0x0, 0xd, 0xff, 0xfd, 0x0, 0x0, 0x3f, 0xff,
    0x30, 0x0, 0x0, 0x8f, 0x80, 0x0, 0x0, 0x0,
    0x50, 0x0, 0x0,

    /* U+F4D7 "" */
    0x0, 0x0, 0x0, 0x0, 0x17, 0x50, 0x0, 0x0,
    0x0, 0x1, 0xff, 0xf9, 0x0, 0x0, 0x0, 0x7,
    0xf3, 0xaf, 0x0, 0x0, 0x0, 0x4, 0xfa, 0xec,
    0x0, 0x0, 0x0, 0x0, 0xcf, 0xf4, 0x0, 0x0,
    0x1, 0xbf, 0xff, 0x90, 0x5, 0x71, 0x9, 0xf8,
    0x87, 0x0, 0x9f, 0xff, 0x1b, 0xe0, 0x0, 0x0,
    0xfa, 0x3f, 0x75, 0xff, 0xff, 0xd3, 0xce, 0xaf,
    0x40, 0x37, 0x88, 0xed, 0x4f, 0xfc, 0x0, 0x0,
    0x0, 0xaf, 0x9, 0xf3, 0xef, 0xff, 0xff, 0xf9,
    0x0, 0x34, 0x88, 0x88, 0x87, 0x50,

    /* U+F519 "" */
    0x14, 0x0, 0x0, 0x0, 0x0, 0x0, 0x4, 0x19,
    0xf0, 0x0, 0x0, 0x0, 0x0, 0x0, 0xf9, 0xda,
    0x9, 0x70, 0x5b, 0x50, 0x79, 0xa, 0xdf, 0x80,
    0xf8, 0xe, 0xfe, 0x8, 0xf0, 0x8f, 0xe9, 0xe,
    0xa0, 0xdf, 0xd0, 0xae, 0x9, 0xeb, 0xd0, 0x21,
    0x2f, 0xef, 0x21, 0x20, 0xdb, 0x4b, 0x0, 0x9,
    0xf2, 0xf9, 0x0, 0x1b, 0x40, 0x0, 0x0, 0xf9,
    0x9, 0xf1, 0x0, 0x0, 0x0, 0x0, 0x6f, 0xff,
    0xff, 0x70, 0x0, 0x0, 0x0, 0xd, 0xd8, 0x88,
    0xdd, 0x0, 0x0, 0x0, 0x4, 0xf5, 0x0, 0x5,
    0xf4, 0x0, 0x0, 0x0, 0xae, 0x0, 0x0, 0xe,
    0xb0, 0x0, 0x0, 0x3, 0x40, 0x0, 0x0, 0x43,
    0x0, 0x0,

    /* U+F55A "" */
    0x0, 0x5, 0xef, 0xff, 0xff, 0xff, 0xff, 0x80,
    0x5, 0xff, 0xff, 0xff, 0xff, 0xff, 0xff, 0x5,
    0xff, 0xff, 0x91, 0xdd, 0x19, 0xff, 0xf5, 0xff,
    0xff, 0xfd, 0x11, 0x11, 0xdf, 0xff, 0xef, 0xff,
    0xff, 0xfb, 0x0, 0xbf, 0xff, 0xf5, 0xff, 0xff,
    0xfd, 0x11, 0x11, 0xdf, 0xff, 0x5, 0xff, 0xff,
    0x91, 0xdd, 0x19, 0xff, 0xf0, 0x5, 0xff, 0xff,
    0xff, 0xff, 0xff, 0xff, 0x0, 0x4, 0xef, 0xff,
    0xff, 0xff, 0xff, 0x80,

    /* U+F6A9 "" */
    0x0, 0x0, 0x2a, 0x0, 0x0, 0x0, 0x0, 0x0,
    0x2e, 0xf0, 0x0, 0x0, 0x0, 0x78, 0x8e, 0xff,
    0x0, 0x60, 0x24, 0xf, 0xff, 0xff, 0xf0, 0x5f,
    0xae, 0xd0, 0xff, 0xff, 0xff, 0x0, 0x9f, 0xf2,
    0xf, 0xff, 0xff, 0xf0, 0x2e, 0xff, 0x90, 0xdf,
    0xff, 0xff, 0x3, 0xc2, 0x8a, 0x0, 0x0, 0x7f,
    0xf0, 0x0, 0x0, 0x0, 0x0, 0x0, 0x7f, 0x0,
    0x0, 0x0, 0x0, 0x0, 0x0, 0x10, 0x0, 0x0,
    0x0,

    /* U+F7C2 "" */
    0x0, 0x17, 0x88, 0x87, 0x20, 0x2d, 0xff, 0xff,
    0xfd, 0x2e, 0xa0, 0xb3, 0x78, 0xfe, 0xfa, 0xb,
    0x37, 0x8f, 0xff, 0xff, 0xff, 0xff, 0xff, 0xff,
    0xff, 0xff, 0xff, 0xff, 0xff, 0xff, 0xff, 0xff,
    0xff, 0xff, 0xff, 0xff, 0xff, 0xff, 0xff, 0xff,
    0xff, 0xff, 0xff, 0xff, 0xff, 0xff, 0xff, 0xff,
    0xff, 0xfc, 0xff, 0xff, 0xff, 0xfc, 0x4, 0x44,
    0x44, 0x44, 0x0,

    /* U+F8A2 "" */
    0x0, 0x0, 0x0, 0x0, 0x0, 0x2, 0x0, 0x0,
    0x0, 0x0, 0x0, 0x4, 0xf0, 0x0, 0x69, 0x0,
    0x0, 0x0, 0xdf, 0x0, 0x7f, 0xc0, 0x0, 0x0,
    0xd, 0xf0, 0x8f, 0xff, 0xdd, 0xdd, 0xdd, 0xff,
    0xb, 0xff, 0xff, 0xff, 0xff, 0xff, 0xf0, 0xb,
    0xfc, 0x0, 0x0, 0x0, 0x0, 0x0, 0xa, 0xc0,
    0x0, 0x0, 0x0, 0x0, 0x0, 0x0, 0x0, 0x0,
    0x0, 0x0, 0x0
};


/*---------------------
 *  GLYPH DESCRIPTION
 *--------------------*/

static const lv_font_fmt_txt_glyph_dsc_t glyph_dsc[] = {
    {.bitmap_index = 0, .adv_w = 0, .box_w = 0, .box_h = 0, .ofs_x = 0, .ofs_y = 0} /* id = 0 reserved */,
    {.bitmap_index = 0, .adv_w = 50, .box_w = 0, .box_h = 0, .ofs_x = 0, .ofs_y = 0},
    {.bitmap_index = 0, .adv_w = 52, .box_w = 3, .box_h = 9, .ofs_x = 0, .ofs_y = 0},
    {.bitmap_index = 14, .adv_w = 82, .box_w = 5, .box_h = 4, .ofs_x = 0, .ofs_y = 5},
    {.bitmap_index = 24, .adv_w = 124, .box_w = 8, .box_h = 9, .ofs_x = 0, .ofs_y = 0},
    {.bitmap_index = 60, .adv_w = 110, .box_w = 7, .box_h = 11, .ofs_x = 0, .ofs_y = -1},
    {.bitmap_index = 99, .adv_w = 164, .box_w = 10, .box_h = 9, .ofs_x = 0, .ofs_y = 0},
    {.bitmap_index = 144, .adv_w = 142, .box_w = 9, .box_h = 9, .ofs_x = 0, .ofs_y = 0},
    {.bitmap_index = 185, .adv_w = 46, .box_w = 3, .box_h = 4, .ofs_x = 0, .ofs_y = 5},
    {.bitmap_index = 191, .adv_w = 60, .box_w = 4, .box_h = 12, .ofs_x = 0, .ofs_y = -3},
    {.bitmap_index = 215, .adv_w = 60, .box_w = 4, .box_h = 12, .ofs_x = 0, .ofs_y = -3},
    {.bitmap_index = 239, .adv_w = 105, .box_w = 7, .box_h = 6, .ofs_x = 0, .ofs_y = 4},
    {.bitmap_index = 260, .adv_w = 110, .box_w = 7, .box_h = 7, .ofs_x = 0, .ofs_y = 1},
    {.bitmap_index = 285, .adv_w = 52, .box_w = 3, .box_h = 4, .ofs_x = 0, .ofs_y = -2},
    {.bitmap_index = 291, .adv_w = 62, .box_w = 4, .box_h = 2, .ofs_x = 0, .ofs_y = 2},
    {.bitmap_index = 295, .adv_w = 52, .box_w = 3, .box_h = 2, .ofs_x = 0, .ofs_y = 0},
    {.bitmap_index = 298, .adv_w = 74, .box_w = 5, .box_h = 9, .ofs_x = 0, .ofs_y = 0},
    {.bitmap_index = 321, .adv_w = 110, .box_w = 7, .box_h = 9, .ofs_x = 0, .ofs_y = 0},
    {.bitmap_index = 353, .adv_w = 110, .box_w = 5, .box_h = 9, .ofs_x = 0, .ofs_y = 0},
    {.bitmap_index = 376, .adv_w = 110, .box_w = 7, .box_h = 9, .ofs_x = 0, .ofs_y = 0},
    {.bitmap_index = 408, .adv_w = 110, .box_w = 7, .box_h = 9, .ofs_x = 0, .ofs_y = 0},
    {.bitmap_index = 440, .adv_w = 110, .box_w = 7, .box_h = 9, .ofs_x = 0, .ofs_y = 0},
    {.bitmap_index = 472, .adv_w = 110, .box_w = 7, .box_h = 9, .ofs_x = 0, .ofs_y = 0},
    {.bitmap_index = 504, .adv_w = 110, .box_w = 7, .box_h = 9, .ofs_x = 0, .ofs_y = 0},
    {.bitmap_index = 536, .adv_w = 110, .box_w = 7, .box_h = 9, .ofs_x = 0, .ofs_y = 0},
    {.bitmap_index = 568, .adv_w = 110, .box_w = 7, .box_h = 9, .ofs_x = 0, .ofs_y = 0},
    {.bitmap_index = 600, .adv_w = 110, .box_w = 7, .box_h = 9, .ofs_x = 0, .ofs_y = 0},
    {.bitmap_index = 632, .adv_w = 52, .box_w = 3, .box_h = 7, .ofs_x = 0, .ofs_y = 0},
    {.bitmap_index = 643, .adv_w = 52, .box_w = 3, .box_h = 9, .ofs_x = 0, .ofs_y = -2},
    {.bitmap_index = 657, .adv_w = 110, .box_w = 7, .box_h = 7, .ofs_x = 0, .ofs_y = 1},
    {.bitmap_index = 682, .adv_w = 110, .box_w = 7, .box_h = 5, .ofs_x = 0, .ofs_y = 2},
    {.bitmap_index = 700, .adv_w = 110, .box_w = 7, .box_h = 7, .ofs_x = 0, .ofs_y = 1},
    {.bitmap_index = 725, .adv_w = 86, .box_w = 6, .box_h = 9, .ofs_x = 0, .ofs_y = 0},
    {.bitmap_index = 752, .adv_w = 173, .box_w = 11, .box_h = 10, .ofs_x = 0, .ofs_y = -1},
    {.bitmap_index = 807, .adv_w = 126, .box_w = 8, .box_h = 9, .ofs_x = 0, .ofs_y = 0},
    {.bitmap_index = 843, .adv_w = 126, .box_w = 7, .box_h = 9, .ofs_x = 1, .ofs_y = 0},
    {.bitmap_index = 875, .adv_w = 122, .box_w = 8, .box_h = 9, .ofs_x = 0, .ofs_y = 0},
    {.bitmap_index = 911, .adv_w = 140, .box_w = 8, .box_h = 9, .ofs_x = 1, .ofs_y = 0},
    {.bitmap_index = 947, .adv_w = 107, .box_w = 5, .box_h = 9, .ofs_x = 1, .ofs_y = 0},
    {.bitmap_index = 970, .adv_w = 101, .box_w = 5, .box_h = 9, .ofs_x = 1, .ofs_y = 0},
    {.bitmap_index = 993, .adv_w = 140, .box_w = 8, .box_h = 9, .ofs_x = 0, .ofs_y = 0},
    {.bitmap_index = 1029, .adv_w = 144, .box_w = 7, .box_h = 9, .ofs_x = 1, .ofs_y = 0},
    {.bitmap_index = 1061, .adv_w = 68, .box_w = 4, .box_h = 9, .ofs_x = 0, .ofs_y = 0},
    {.bitmap_index = 1079, .adv_w = 56, .box_w = 4, .box_h = 12, .ofs_x = -1, .ofs_y = -3},
    {.bitmap_index = 1103, .adv_w = 121, .box_w = 7, .box_h = 9, .ofs_x = 1, .ofs_y = 0},
    {.bitmap_index = 1135, .adv_w = 103, .box_w = 6, .box_h = 9, .ofs_x = 1, .ofs_y = 0},
    {.bitmap_index = 1162, .adv_w = 176, .box_w = 9, .box_h = 9, .ofs_x = 1, .ofs_y = 0},
    {.bitmap_index = 1203, .adv_w = 149, .box_w = 8, .box_h = 9, .ofs_x = 1, .ofs_y = 0},
    {.bitmap_index = 1239, .adv_w = 151, .box_w = 9, .box_h = 9, .ofs_x = 0, .ofs_y = 0},
    {.bitmap_index = 1280, .adv_w = 117, .box_w = 6, .box_h = 9, .ofs_x = 1, .ofs_y = 0},
    {.bitmap_index = 1307, .adv_w = 151, .box_w = 9, .box_h = 11, .ofs_x = 0, .ofs_y = -2},
    {.bitmap_index = 1357, .adv_w = 121, .box_w = 7, .box_h = 9, .ofs_x = 1, .ofs_y = 0},
    {.bitmap_index = 1389, .adv_w = 106, .box_w = 7, .box_h = 9, .ofs_x = 0, .ofs_y = 0},
    {.bitmap_index = 1421, .adv_w = 108, .box_w = 7, .box_h = 9, .ofs_x = 0, .ofs_y = 0},
    {.bitmap_index = 1453, .adv_w = 142, .box_w = 7, .box_h = 9, .ofs_x = 1, .ofs_y = 0},
    {.bitmap_index = 1485, .adv_w = 118, .box_w = 8, .box_h = 9, .ofs_x = 0, .ofs_y = 0},
    {.bitmap_index = 1521, .adv_w = 181, .box_w = 12, .box_h = 9, .ofs_x = 0, .ofs_y = 0},
    {.bitmap_index = 1575, .adv_w = 117, .box_w = 8, .box_h = 9, .ofs_x = 0, .ofs_y = 0},
    {.bitmap_index = 1611, .adv_w = 112, .box_w = 8, .box_h = 9, .ofs_x = 0, .ofs_y = 0},
    {.bitmap_index = 1647, .adv_w = 110, .box_w = 7, .box_h = 9, .ofs_x = 0, .ofs_y = 0},
    {.bitmap_index = 1679, .adv_w = 63, .box_w = 4, .box_h = 12, .ofs_x = 0, .ofs_y = -3},
    {.bitmap_index = 1703, .adv_w = 74, .box_w = 5, .box_h = 9, .ofs_x = 0, .ofs_y = 0},
    {.bitmap_index = 1726, .adv_w = 63, .box_w = 4, .box_h = 12, .ofs_x = 0, .ofs_y = -3},
    {.bitmap_index = 1750, .adv_w = 110, .box_w = 7, .box_h = 6, .ofs_x = 0, .ofs_y = 3},
    {.bitmap_index = 1771, .adv_w = 83, .box_w = 7, .box_h = 1, .ofs_x = -1, .ofs_y = -2},
    {.bitmap_index = 1775, .adv_w = 59, .box_w = 4, .box_h = 2, .ofs_x = 0, .ofs_y = 8},
    {.bitmap_index = 1779, .adv_w = 110, .box_w = 6, .box_h = 7, .ofs_x = 0, .ofs_y = 0},
    {.bitmap_index = 1800, .adv_w = 119, .box_w = 7, .box_h = 10, .ofs_x = 0, .ofs_y = 0},
    {.bitmap_index = 1835, .adv_w = 94, .box_w = 6, .box_h = 7, .ofs_x = 0, .ofs_y = 0},
    {.bitmap_index = 1856, .adv_w = 119, .box_w = 7, .box_h = 10, .ofs_x = 0, .ofs_y = 0},
    {.bitmap_index = 1891, .adv_w = 110, .box_w = 7, .box_h = 7, .ofs_x = 0, .ofs_y = 0},
    {.bitmap_index = 1916, .adv_w = 69, .box_w = 5, .box_h = 10, .ofs_x = 0, .ofs_y = 0},
    {.bitmap_index = 1941, .adv_w = 119, .box_w = 7, .box_h = 10, .ofs_x = 0, .ofs_y = -3},
    {.bitmap_index = 1976, .adv_w = 120, .box_w = 7, .box_h = 10, .ofs_x = 0, .ofs_y = 0},
    {.bitmap_index = 2011, .adv_w = 52, .box_w = 3, .box_h = 10, .ofs_x = 0, .ofs_y = 0},
    {.bitmap_index = 2026, .adv_w = 52, .box_w = 4, .box_h = 13, .ofs_x = -1, .ofs_y = -3},
    {.bitmap_index = 2052, .adv_w = 107, .box_w = 6, .box_h = 10, .ofs_x = 1, .ofs_y = 0},
    {.bitmap_index = 2082, .adv_w = 52, .box_w = 3, .box_h = 10, .ofs_x = 0, .ofs_y = 0},
    {.bitmap_index = 2097, .adv_w = 182, .box_w = 11, .box_h = 7, .ofs_x = 0, .ofs_y = 0},
    {.bitmap_index = 2136, .adv_w = 120, .box_w = 7, .box_h = 7, .ofs_x = 0, .ofs_y = 0},
    {.bitmap_index = 2161, .adv_w = 117, .box_w = 7, .box_h = 7, .ofs_x = 0, .ofs_y = 0},
    {.bitmap_index = 2186, .adv_w = 119, .box_w = 7, .box_h = 10, .ofs_x = 0, .ofs_y = -3},
    {.bitmap_index = 2221, .adv_w = 119, .box_w = 7, .box_h = 10, .ofs_x = 0, .ofs_y = -3},
    {.bitmap_index = 2256, .adv_w = 81, .box_w = 5, .box_h = 7, .ofs_x = 0, .ofs_y = 0},
    {.bitmap_index = 2274, .adv_w = 93, .box_w = 6, .box_h = 7, .ofs_x = 0, .ofs_y = 0},
    {.bitmap_index = 2295, .adv_w = 74, .box_w = 5, .box_h = 9, .ofs_x = 0, .ofs_y = 0},
    {.bitmap_index = 2318, .adv_w = 120, .box_w = 7, .box_h = 7, .ofs_x = 0, .ofs_y = 0},
    {.bitmap_index = 2343, .adv_w = 101, .box_w = 7, .box_h = 7, .ofs_x = 0, .ofs_y = 0},
    {.bitmap_index = 2368, .adv_w = 155, .box_w = 10, .box_h = 7, .ofs_x = 0, .ofs_y = 0},
    {.bitmap_index = 2403, .adv_w = 104, .box_w = 7, .box_h = 7, .ofs_x = 0, .ofs_y = 0},
    {.bitmap_index = 2428, .adv_w = 101, .box_w = 7, .box_h = 10, .ofs_x = 0, .ofs_y = -3},
    {.bitmap_index = 2463, .adv_w = 92, .box_w = 6, .box_h = 7, .ofs_x = 0, .ofs_y = 0},
    {.bitmap_index = 2484, .adv_w = 74, .box_w = 5, .box_h = 12, .ofs_x = 0, .ofs_y = -3},
    {.bitmap_index = 2514, .adv_w = 106, .box_w = 2, .box_h = 13, .ofs_x = 2, .ofs_y = -3},
    {.bitmap_index = 2527, .adv_w = 74, .box_w = 5, .box_h = 12, .ofs_x = 0, .ofs_y = -3},
    {.bitmap_index = 2557, .adv_w = 110, .box_w = 7, .box_h = 3, .ofs_x = 0, .ofs_y = 3},
    {.bitmap_index = 2568, .adv_w = 50, .box_w = 0, .box_h = 0, .ofs_x = 0, .ofs_y = 0},
    {.bitmap_index = 2568, .adv_w = 53, .box_w = 3, .box_h = 10, .ofs_x = 0, .ofs_y = -3},
    {.bitmap_index = 2583, .adv_w = 110, .box_w = 5, .box_h = 9, .ofs_x = 1, .ofs_y = 0},
    {.bitmap_index = 2606, .adv_w = 110, .box_w = 7, .box_h = 9, .ofs_x = 0, .ofs_y = 0},
    {.bitmap_index = 2638, .adv_w = 110, .box_w = 7, .box_h = 7, .ofs_x = 0, .ofs_y = 1},
    {.bitmap_index = 2663, .adv_w = 110, .box_w = 7, .box_h = 9, .ofs_x = 0, .ofs_y = 0},
    {.bitmap_index = 2695, .adv_w = 106, .box_w = 2, .box_h = 13, .ofs_x = 2, .ofs_y = -3},
    {.bitmap_index = 2708, .adv_w = 97, .box_w = 6, .box_h = 10, .ofs_x = 0, .ofs_y = 0},
    {.bitmap_index = 2738, .adv_w = 112, .box_w = 5, .box_h = 3, .ofs_x = 1, .ofs_y = 7},
    {.bitmap_index = 2746, .adv_w = 160, .box_w = 10, .box_h = 10, .ofs_x = 0, .ofs_y = 0},
    {.bitmap_index = 2796, .adv_w = 70, .box_w = 4, .box_h = 4, .ofs_x = 0, .ofs_y = 5},
    {.bitmap_index = 2804, .adv_w = 104, .box_w = 7, .box_h = 7, .ofs_x = 0, .ofs_y = 0},
    {.bitmap_index = 2829, .adv_w = 110, .box_w = 7, .box_h = 4, .ofs_x = 0, .ofs_y = 1},
    {.bitmap_index = 2843, .adv_w = 62, .box_w = 4, .box_h = 2, .ofs_x = 0, .ofs_y = 2},
    {.bitmap_index = 2847, .adv_w = 160, .box_w = 10, .box_h = 10, .ofs_x = 0, .ofs_y = 0},
    {.bitmap_index = 2897, .adv_w = 96, .box_w = 8, .box_h = 1, .ofs_x = -1, .ofs_y = 10},
    {.bitmap_index = 2901, .adv_w = 82, .box_w = 5, .box_h = 4, .ofs_x = 0, .ofs_y = 5},
    {.bitmap_index = 2911, .adv_w = 110, .box_w = 7, .box_h = 8, .ofs_x = 0, .ofs_y = 0},
    {.bitmap_index = 2939, .adv_w = 69, .box_w = 4, .box_h = 6, .ofs_x = 0, .ofs_y = 5},
    {.bitmap_index = 2951, .adv_w = 69, .box_w = 4, .box_h = 6, .ofs_x = 0, .ofs_y = 5},
    {.bitmap_index = 2963, .adv_w = 59, .box_w = 4, .box_h = 2, .ofs_x = 0, .ofs_y = 8},
    {.bitmap_index = 2967, .adv_w = 121, .box_w = 7, .box_h = 10, .ofs_x = 0, .ofs_y = -3},
    {.bitmap_index = 3002, .adv_w = 125, .box_w = 7, .box_h = 12, .ofs_x = 0, .ofs_y = -2},
    {.bitmap_index = 3044, .adv_w = 52, .box_w = 3, .box_h = 2, .ofs_x = 0, .ofs_y = 4},
    {.bitmap_index = 3047, .adv_w = 45, .box_w = 3, .box_h = 4, .ofs_x = 0, .ofs_y = -3},
    {.bitmap_index = 3053, .adv_w = 69, .box_w = 4, .box_h = 6, .ofs_x = 0, .ofs_y = 5},
    {.bitmap_index = 3065, .adv_w = 73, .box_w = 5, .box_h = 5, .ofs_x = 0, .ofs_y = 4},
    {.bitmap_index = 3078, .adv_w = 104, .box_w = 7, .box_h = 7, .ofs_x = 0, .ofs_y = 0},
    {.bitmap_index = 3103, .adv_w = 148, .box_w = 10, .box_h = 9, .ofs_x = 0, .ofs_y = 0},
    {.bitmap_index = 3148, .adv_w = 154, .box_w = 10, .box_h = 9, .ofs_x = 0, .ofs_y = 0},
    {.bitmap_index = 3193, .adv_w = 154, .box_w = 10, .box_h = 9, .ofs_x = 0, .ofs_y = 0},
    {.bitmap_index = 3238, .adv_w = 86, .box_w = 6, .box_h = 10, .ofs_x = 0, .ofs_y = -3},
    {.bitmap_index = 3268, .adv_w = 126, .box_w = 8, .box_h = 12, .ofs_x = 0, .ofs_y = 0},
    {.bitmap_index = 3316, .adv_w = 126, .box_w = 8, .box_h = 12, .ofs_x = 0, .ofs_y = 0},
    {.bitmap_index = 3364, .adv_w = 126, .box_w = 8, .box_h = 12, .ofs_x = 0, .ofs_y = 0},
    {.bitmap_index = 3412, .adv_w = 126, .box_w = 8, .box_h = 12, .ofs_x = 0, .ofs_y = 0},
    {.bitmap_index = 3460, .adv_w = 126, .box_w = 8, .box_h = 13, .ofs_x = 0, .ofs_y = 0},
    {.bitmap_index = 3512, .adv_w = 126, .box_w = 8, .box_h = 11, .ofs_x = 0, .ofs_y = 0},
    {.bitmap_index = 3556, .adv_w = 173, .box_w = 12, .box_h = 9, .ofs_x = -1, .ofs_y = 0},
    {.bitmap_index = 3610, .adv_w = 122, .box_w = 8, .box_h = 12, .ofs_x = 0, .ofs_y = -3},
    {.bitmap_index = 3658, .adv_w = 107, .box_w = 5, .box_h = 12, .ofs_x = 1, .ofs_y = 0},
    {.bitmap_index = 3688, .adv_w = 107, .box_w = 5, .box_h = 12, .ofs_x = 1, .ofs_y = 0},
    {.bitmap_index = 3718, .adv_w = 107, .box_w = 5, .box_h = 12, .ofs_x = 1, .ofs_y = 0},
    {.bitmap_index = 3748, .adv_w = 107, .box_w = 5, .box_h = 13, .ofs_x = 1, .ofs_y = 0},
    {.bitmap_index = 3781, .adv_w = 68, .box_w = 4, .box_h = 12, .ofs_x = 0, .ofs_y = 0},
    {.bitmap_index = 3805, .adv_w = 68, .box_w = 5, .box_h = 12, .ofs_x = 0, .ofs_y = 0},
    {.bitmap_index = 3835, .adv_w = 68, .box_w = 6, .box_h = 12, .ofs_x = -1, .ofs_y = 0},
    {.bitmap_index = 3871, .adv_w = 68, .box_w = 4, .box_h = 13, .ofs_x = 0, .ofs_y = 0},
    {.bitmap_index = 3897, .adv_w = 140, .box_w = 9, .box_h = 9, .ofs_x = 0, .ofs_y = 0},
    {.bitmap_index = 3938, .adv_w = 148, .box_w = 8, .box_h = 12, .ofs_x = 1, .ofs_y = 0},
    {.bitmap_index = 3986, .adv_w = 151, .box_w = 9, .box_h = 12, .ofs_x = 0, .ofs_y = 0},
    {.bitmap_index = 4040, .adv_w = 151, .box_w = 9, .box_h = 12, .ofs_x = 0, .ofs_y = 0},
    {.bitmap_index = 4094, .adv_w = 151, .box_w = 9, .box_h = 12, .ofs_x = 0, .ofs_y = 0},
    {.bitmap_index = 4148, .adv_w = 151, .box_w = 9, .box_h = 12, .ofs_x = 0, .ofs_y = 0},
    {.bitmap_index = 4202, .adv_w = 151, .box_w = 9, .box_h = 13, .ofs_x = 0, .ofs_y = 0},
    {.bitmap_index = 4261, .adv_w = 110, .box_w = 7, .box_h = 7, .ofs_x = 0, .ofs_y = 1},
    {.bitmap_index = 4286, .adv_w = 151, .box_w = 9, .box_h = 11, .ofs_x = 0, .ofs_y = -1},
    {.bitmap_index = 4336, .adv_w = 142, .box_w = 7, .box_h = 12, .ofs_x = 1, .ofs_y = 0},
    {.bitmap_index = 4378, .adv_w = 142, .box_w = 7, .box_h = 12, .ofs_x = 1, .ofs_y = 0},
    {.bitmap_index = 4420, .adv_w = 142, .box_w = 7, .box_h = 12, .ofs_x = 1, .ofs_y = 0},
    {.bitmap_index = 4462, .adv_w = 142, .box_w = 7, .box_h = 13, .ofs_x = 1, .ofs_y = 0},
    {.bitmap_index = 4508, .adv_w = 112, .box_w = 8, .box_h = 12, .ofs_x = 0, .ofs_y = 0},
    {.bitmap_index = 4556, .adv_w = 118, .box_w = 6, .box_h = 9, .ofs_x = 1, .ofs_y = 0},
    {.bitmap_index = 4583, .adv_w = 125, .box_w = 8, .box_h = 10, .ofs_x = 0, .ofs_y = 0},
    {.bitmap_index = 4623, .adv_w = 110, .box_w = 6, .box_h = 10, .ofs_x = 0, .ofs_y = 0},
    {.bitmap_index = 4653, .adv_w = 110, .box_w = 6, .box_h = 10, .ofs_x = 0, .ofs_y = 0},
    {.bitmap_index = 4683, .adv_w = 110, .box_w = 6, .box_h = 10, .ofs_x = 0, .ofs_y = 0},
    {.bitmap_index = 4713, .adv_w = 110, .box_w = 6, .box_h = 10, .ofs_x = 0, .ofs_y = 0},
    {.bitmap_index = 4743, .adv_w = 110, .box_w = 6, .box_h = 9, .ofs_x = 0, .ofs_y = 0},
    {.bitmap_index = 4770, .adv_w = 110, .box_w = 6, .box_h = 11, .ofs_x = 0, .ofs_y = 0},
    {.bitmap_index = 4803, .adv_w = 169, .box_w = 10, .box_h = 7, .ofs_x = 0, .ofs_y = 0},
    {.bitmap_index = 4838, .adv_w = 94, .box_w = 6, .box_h = 10, .ofs_x = 0, .ofs_y = -3},
    {.bitmap_index = 4868, .adv_w = 110, .box_w = 7, .box_h = 10, .ofs_x = 0, .ofs_y = 0},
    {.bitmap_index = 4903, .adv_w = 110, .box_w = 7, .box_h = 10, .ofs_x = 0, .ofs_y = 0},
    {.bitmap_index = 4938, .adv_w = 110, .box_w = 7, .box_h = 10, .ofs_x = 0, .ofs_y = 0},
    {.bitmap_index = 4973, .adv_w = 110, .box_w = 7, .box_h = 9, .ofs_x = 0, .ofs_y = 0},
    {.bitmap_index = 5005, .adv_w = 52, .box_w = 4, .box_h = 10, .ofs_x = -1, .ofs_y = 0},
    {.bitmap_index = 5025, .adv_w = 52, .box_w = 4, .box_h = 10, .ofs_x = 0, .ofs_y = 0},
    {.bitmap_index = 5045, .adv_w = 52, .box_w = 5, .box_h = 10, .ofs_x = -1, .ofs_y = 0},
    {.bitmap_index = 5070, .adv_w = 52, .box_w = 5, .box_h = 9, .ofs_x = -1, .ofs_y = 0},
    {.bitmap_index = 5093, .adv_w = 117, .box_w = 7, .box_h = 10, .ofs_x = 0, .ofs_y = 0},
    {.bitmap_index = 5128, .adv_w = 120, .box_w = 7, .box_h = 10, .ofs_x = 0, .ofs_y = 0},
    {.bitmap_index = 5163, .adv_w = 117, .box_w = 7, .box_h = 10, .ofs_x = 0, .ofs_y = 0},
    {.bitmap_index = 5198, .adv_w = 117, .box_w = 7, .box_h = 10, .ofs_x = 0, .ofs_y = 0},
    {.bitmap_index = 5233, .adv_w = 117, .box_w = 7, .box_h = 10, .ofs_x = 0, .ofs_y = 0},
    {.bitmap_index = 5268, .adv_w = 117, .box_w = 7, .box_h = 10, .ofs_x = 0, .ofs_y = 0},
    {.bitmap_index = 5303, .adv_w = 117, .box_w = 7, .box_h = 9, .ofs_x = 0, .ofs_y = 0},
    {.bitmap_index = 5335, .adv_w = 110, .box_w = 7, .box_h = 6, .ofs_x = 0, .ofs_y = 1},
    {.bitmap_index = 5356, .adv_w = 117, .box_w = 7, .box_h = 9, .ofs_x = 0, .ofs_y = -1},
    {.bitmap_index = 5388, .adv_w = 120, .box_w = 7, .box_h = 10, .ofs_x = 0, .ofs_y = 0},
    {.bitmap_index = 5423, .adv_w = 120, .box_w = 7, .box_h = 10, .ofs_x = 0, .ofs_y = 0},
    {.bitmap_index = 5458, .adv_w = 120, .box_w = 7, .box_h = 10, .ofs_x = 0, .ofs_y = 0},
    {.bitmap_index = 5493, .adv_w = 120, .box_w = 7, .box_h = 9, .ofs_x = 0, .ofs_y = 0},
    {.bitmap_index = 5525, .adv_w = 101, .box_w = 7, .box_h = 13, .ofs_x = 0, .ofs_y = -3},
    {.bitmap_index = 5571, .adv_w = 119, .box_w = 7, .box_h = 13, .ofs_x = 0, .ofs_y = -3},
    {.bitmap_index = 5617, .adv_w = 101, .box_w = 7, .box_h = 12, .ofs_x = 0, .ofs_y = -3},
    {.bitmap_index = 5659, .adv_w = 126, .box_w = 8, .box_h = 11, .ofs_x = 0, .ofs_y = 0},
    {.bitmap_index = 5703, .adv_w = 110, .box_w = 6, .box_h = 9, .ofs_x = 0, .ofs_y = 0},
    {.bitmap_index = 5730, .adv_w = 126, .box_w = 8, .box_h = 12, .ofs_x = 0, .ofs_y = 0},
    {.bitmap_index = 5778, .adv_w = 110, .box_w = 6, .box_h = 10, .ofs_x = 0, .ofs_y = 0},
    {.bitmap_index = 5808, .adv_w = 126, .box_w = 8, .box_h = 12, .ofs_x = 0, .ofs_y = -3},
    {.bitmap_index = 5856, .adv_w = 110, .box_w = 7, .box_h = 10, .ofs_x = 0, .ofs_y = -3},
    {.bitmap_index = 5891, .adv_w = 122, .box_w = 8, .box_h = 12, .ofs_x = 0, .ofs_y = 0},
    {.bitmap_index = 5939, .adv_w = 94, .box_w = 6, .box_h = 10, .ofs_x = 0, .ofs_y = 0},
    {.bitmap_index = 5969, .adv_w = 122, .box_w = 8, .box_h = 12, .ofs_x = 0, .ofs_y = 0},
    {.bitmap_index = 6017, .adv_w = 94, .box_w = 6, .box_h = 10, .ofs_x = 0, .ofs_y = 0},
    {.bitmap_index = 6047, .adv_w = 122, .box_w = 8, .box_h = 12, .ofs_x = 0, .ofs_y = 0},
    {.bitmap_index = 6095, .adv_w = 94, .box_w = 6, .box_h = 10, .ofs_x = 0, .ofs_y = 0},
    {.bitmap_index = 6125, .adv_w = 122, .box_w = 8, .box_h = 12, .ofs_x = 0, .ofs_y = 0},
    {.bitmap_index = 6173, .adv_w = 94, .box_w = 6, .box_h = 10, .ofs_x = 0, .ofs_y = 0},
    {.bitmap_index = 6203, .adv_w = 140, .box_w = 8, .box_h = 12, .ofs_x = 1, .ofs_y = 0},
    {.bitmap_index = 6251, .adv_w = 119, .box_w = 9, .box_h = 10, .ofs_x = 0, .ofs_y = 0},
    {.bitmap_index = 6296, .adv_w = 140, .box_w = 9, .box_h = 9, .ofs_x = 0, .ofs_y = 0},
    {.bitmap_index = 6337, .adv_w = 120, .box_w = 8, .box_h = 10, .ofs_x = 0, .ofs_y = 0},
    {.bitmap_index = 6377, .adv_w = 107, .box_w = 5, .box_h = 11, .ofs_x = 1, .ofs_y = 0},
    {.bitmap_index = 6405, .adv_w = 110, .box_w = 7, .box_h = 9, .ofs_x = 0, .ofs_y = 0},
    {.bitmap_index = 6437, .adv_w = 107, .box_w = 5, .box_h = 12, .ofs_x = 1, .ofs_y = 0},
    {.bitmap_index = 6467, .adv_w = 110, .box_w = 7, .box_h = 10, .ofs_x = 0, .ofs_y = 0},
    {.bitmap_index = 6502, .adv_w = 107, .box_w = 5, .box_h = 12, .ofs_x = 1, .ofs_y = 0},
    {.bitmap_index = 6532, .adv_w = 110, .box_w = 7, .box_h = 10, .ofs_x = 0, .ofs_y = 0},
    {.bitmap_index = 6567, .adv_w = 107, .box_w = 5, .box_h = 12, .ofs_x = 1, .ofs_y = -3},
    {.bitmap_index = 6597, .adv_w = 110, .box_w = 7, .box_h = 10, .ofs_x = 0, .ofs_y = -3},
    {.bitmap_index = 6632, .adv_w = 107, .box_w = 5, .box_h = 12, .ofs_x = 1, .ofs_y = 0},
    {.bitmap_index = 6662, .adv_w = 110, .box_w = 7, .box_h = 10, .ofs_x = 0, .ofs_y = 0},
    {.bitmap_index = 6697, .adv_w = 140, .box_w = 8, .box_h = 12, .ofs_x = 0, .ofs_y = 0},
    {.bitmap_index = 6745, .adv_w = 119, .box_w = 7, .box_h = 13, .ofs_x = 0, .ofs_y = -3},
    {.bitmap_index = 6791, .adv_w = 140, .box_w = 8, .box_h = 12, .ofs_x = 0, .ofs_y = 0},
    {.bitmap_index = 6839, .adv_w = 119, .box_w = 7, .box_h = 13, .ofs_x = 0, .ofs_y = -3},
    {.bitmap_index = 6885, .adv_w = 140, .box_w = 8, .box_h = 12, .ofs_x = 0, .ofs_y = 0},
    {.bitmap_index = 6933, .adv_w = 119, .box_w = 7, .box_h = 13, .ofs_x = 0, .ofs_y = -3},
    {.bitmap_index = 6979, .adv_w = 140, .box_w = 8, .box_h = 12, .ofs_x = 0, .ofs_y = -3},
    {.bitmap_index = 7027, .adv_w = 119, .box_w = 7, .box_h = 13, .ofs_x = 0, .ofs_y = -3},
    {.bitmap_index = 7073, .adv_w = 144, .box_w = 7, .box_h = 12, .ofs_x = 1, .ofs_y = 0},
    {.bitmap_index = 7115, .adv_w = 120, .box_w = 8, .box_h = 13, .ofs_x = -1, .ofs_y = 0},
    {.bitmap_index = 7167, .adv_w = 144, .box_w = 9, .box_h = 9, .ofs_x = 0, .ofs_y = 0},
    {.bitmap_index = 7208, .adv_w = 121, .box_w = 7, .box_h = 10, .ofs_x = 0, .ofs_y = 0},
    {.bitmap_index = 7243, .adv_w = 68, .box_w = 6, .box_h = 12, .ofs_x = -1, .ofs_y = 0},
    {.bitmap_index = 7279, .adv_w = 52, .box_w = 5, .box_h = 10, .ofs_x = -1, .ofs_y = 0},
    {.bitmap_index = 7304, .adv_w = 68, .box_w = 4, .box_h = 11, .ofs_x = 0, .ofs_y = 0},
    {.bitmap_index = 7326, .adv_w = 52, .box_w = 5, .box_h = 9, .ofs_x = -1, .ofs_y = 0},
    {.bitmap_index = 7349, .adv_w = 68, .box_w = 5, .box_h = 12, .ofs_x = 0, .ofs_y = 0},
    {.bitmap_index = 7379, .adv_w = 52, .box_w = 5, .box_h = 10, .ofs_x = -1, .ofs_y = 0},
    {.bitmap_index = 7404, .adv_w = 68, .box_w = 4, .box_h = 12, .ofs_x = 0, .ofs_y = -3},
    {.bitmap_index = 7428, .adv_w = 52, .box_w = 3, .box_h = 13, .ofs_x = 0, .ofs_y = -3},
    {.bitmap_index = 7448, .adv_w = 68, .box_w = 4, .box_h = 12, .ofs_x = 0, .ofs_y = 0},
    {.bitmap_index = 7472, .adv_w = 52, .box_w = 3, .box_h = 7, .ofs_x = 0, .ofs_y = 0},
    {.bitmap_index = 7483, .adv_w = 124, .box_w = 7, .box_h = 12, .ofs_x = 0, .ofs_y = -3},
    {.bitmap_index = 7525, .adv_w = 104, .box_w = 6, .box_h = 13, .ofs_x = 0, .ofs_y = -3},
    {.bitmap_index = 7564, .adv_w = 56, .box_w = 5, .box_h = 15, .ofs_x = -1, .ofs_y = -3},
    {.bitmap_index = 7602, .adv_w = 52, .box_w = 5, .box_h = 13, .ofs_x = -1, .ofs_y = -3},
    {.bitmap_index = 7635, .adv_w = 121, .box_w = 7, .box_h = 12, .ofs_x = 1, .ofs_y = -3},
    {.bitmap_index = 7677, .adv_w = 107, .box_w = 6, .box_h = 13, .ofs_x = 1, .ofs_y = -3},
    {.bitmap_index = 7716, .adv_w = 107, .box_w = 6, .box_h = 7, .ofs_x = 1, .ofs_y = 0},
    {.bitmap_index = 7737, .adv_w = 103, .box_w = 6, .box_h = 12, .ofs_x = 1, .ofs_y = 0},
    {.bitmap_index = 7773, .adv_w = 52, .box_w = 4, .box_h = 13, .ofs_x = 0, .ofs_y = 0},
    {.bitmap_index = 7799, .adv_w = 103, .box_w = 6, .box_h = 12, .ofs_x = 1, .ofs_y = -3},
    {.bitmap_index = 7835, .adv_w = 52, .box_w = 3, .box_h = 13, .ofs_x = 0, .ofs_y = -3},
    {.bitmap_index = 7855, .adv_w = 103, .box_w = 6, .box_h = 9, .ofs_x = 1, .ofs_y = 0},
    {.bitmap_index = 7882, .adv_w = 52, .box_w = 5, .box_h = 10, .ofs_x = 0, .ofs_y = 0},
    {.bitmap_index = 7907, .adv_w = 103, .box_w = 6, .box_h = 9, .ofs_x = 1, .ofs_y = 0},
    {.bitmap_index = 7934, .adv_w = 57, .box_w = 5, .box_h = 10, .ofs_x = 0, .ofs_y = 0},
    {.bitmap_index = 7959, .adv_w = 103, .box_w = 7, .box_h = 9, .ofs_x = 0, .ofs_y = 0},
    {.bitmap_index = 7991, .adv_w = 52, .box_w = 5, .box_h = 10, .ofs_x = -1, .ofs_y = 0},
    {.bitmap_index = 8016, .adv_w = 148, .box_w = 8, .box_h = 12, .ofs_x = 1, .ofs_y = 0},
    {.bitmap_index = 8064, .adv_w = 120, .box_w = 7, .box_h = 10, .ofs_x = 0, .ofs_y = 0},
    {.bitmap_index = 8099, .adv_w = 148, .box_w = 8, .box_h = 12, .ofs_x = 1, .ofs_y = -3},
    {.bitmap_index = 8147, .adv_w = 120, .box_w = 7, .box_h = 10, .ofs_x = 0, .ofs_y = -3},
    {.bitmap_index = 8182, .adv_w = 148, .box_w = 8, .box_h = 12, .ofs_x = 1, .ofs_y = 0},
    {.bitmap_index = 8230, .adv_w = 120, .box_w = 7, .box_h = 10, .ofs_x = 0, .ofs_y = 0},
    {.bitmap_index = 8265, .adv_w = 137, .box_w = 8, .box_h = 9, .ofs_x = 0, .ofs_y = 0},
    {.bitmap_index = 8301, .adv_w = 149, .box_w = 8, .box_h = 12, .ofs_x = 1, .ofs_y = -3},
    {.bitmap_index = 8349, .adv_w = 120, .box_w = 7, .box_h = 10, .ofs_x = 0, .ofs_y = -3},
    {.bitmap_index = 8384, .adv_w = 151, .box_w = 9, .box_h = 11, .ofs_x = 0, .ofs_y = 0},
    {.bitmap_index = 8434, .adv_w = 117, .box_w = 7, .box_h = 9, .ofs_x = 0, .ofs_y = 0},
    {.bitmap_index = 8466, .adv_w = 151, .box_w = 9, .box_h = 12, .ofs_x = 0, .ofs_y = 0},
    {.bitmap_index = 8520, .adv_w = 117, .box_w = 7, .box_h = 10, .ofs_x = 0, .ofs_y = 0},
    {.bitmap_index = 8555, .adv_w = 151, .box_w = 9, .box_h = 13, .ofs_x = 0, .ofs_y = 0},
    {.bitmap_index = 8614, .adv_w = 117, .box_w = 7, .box_h = 10, .ofs_x = 0, .ofs_y = 0},
    {.bitmap_index = 8649, .adv_w = 181, .box_w = 11, .box_h = 9, .ofs_x = 0, .ofs_y = 0},
    {.bitmap_index = 8699, .adv_w = 183, .box_w = 11, .box_h = 7, .ofs_x = 0, .ofs_y = 0},
    {.bitmap_index = 8738, .adv_w = 121, .box_w = 7, .box_h = 12, .ofs_x = 1, .ofs_y = 0},
    {.bitmap_index = 8780, .adv_w = 81, .box_w = 5, .box_h = 10, .ofs_x = 0, .ofs_y = 0},
    {.bitmap_index = 8805, .adv_w = 121, .box_w = 7, .box_h = 12, .ofs_x = 1, .ofs_y = -3},
    {.bitmap_index = 8847, .adv_w = 81, .box_w = 5, .box_h = 10, .ofs_x = 0, .ofs_y = -3},
    {.bitmap_index = 8872, .adv_w = 121, .box_w = 7, .box_h = 12, .ofs_x = 1, .ofs_y = 0},
    {.bitmap_index = 8914, .adv_w = 81, .box_w = 6, .box_h = 10, .ofs_x = 0, .ofs_y = 0},
    {.bitmap_index = 8944, .adv_w = 106, .box_w = 7, .box_h = 12, .ofs_x = 0, .ofs_y = 0},
    {.bitmap_index = 8986, .adv_w = 93, .box_w = 6, .box_h = 10, .ofs_x = 0, .ofs_y = 0},
    {.bitmap_index = 9016, .adv_w = 106, .box_w = 7, .box_h = 12, .ofs_x = 0, .ofs_y = 0},
    {.bitmap_index = 9058, .adv_w = 93, .box_w = 6, .box_h = 10, .ofs_x = 0, .ofs_y = 0},
    {.bitmap_index = 9088, .adv_w = 106, .box_w = 7, .box_h = 12, .ofs_x = 0, .ofs_y = -3},
    {.bitmap_index = 9130, .adv_w = 93, .box_w = 6, .box_h = 10, .ofs_x = 0, .ofs_y = -3},
    {.bitmap_index = 9160, .adv_w = 106, .box_w = 7, .box_h = 12, .ofs_x = 0, .ofs_y = 0},
    {.bitmap_index = 9202, .adv_w = 93, .box_w = 6, .box_h = 10, .ofs_x = 0, .ofs_y = 0},
    {.bitmap_index = 9232, .adv_w = 108, .box_w = 7, .box_h = 12, .ofs_x = 0, .ofs_y = -3},
    {.bitmap_index = 9274, .adv_w = 74, .box_w = 5, .box_h = 12, .ofs_x = 0, .ofs_y = -3},
    {.bitmap_index = 9304, .adv_w = 108, .box_w = 7, .box_h = 12, .ofs_x = 0, .ofs_y = 0},
    {.bitmap_index = 9346, .adv_w = 74, .box_w = 6, .box_h = 10, .ofs_x = 0, .ofs_y = 0},
    {.bitmap_index = 9376, .adv_w = 108, .box_w = 7, .box_h = 9, .ofs_x = 0, .ofs_y = 0},
    {.bitmap_index = 9408, .adv_w = 73, .box_w = 5, .box_h = 9, .ofs_x = 0, .ofs_y = 0},
    {.bitmap_index = 9431, .adv_w = 142, .box_w = 7, .box_h = 12, .ofs_x = 1, .ofs_y = 0},
    {.bitmap_index = 9473, .adv_w = 120, .box_w = 7, .box_h = 10, .ofs_x = 0, .ofs_y = 0},
    {.bitmap_index = 9508, .adv_w = 142, .box_w = 7, .box_h = 11, .ofs_x = 1, .ofs_y = 0},
    {.bitmap_index = 9547, .adv_w = 120, .box_w = 7, .box_h = 9, .ofs_x = 0, .ofs_y = 0},
    {.bitmap_index = 9579, .adv_w = 142, .box_w = 7, .box_h = 12, .ofs_x = 1, .ofs_y = 0},
    {.bitmap_index = 9621, .adv_w = 120, .box_w = 7, .box_h = 10, .ofs_x = 0, .ofs_y = 0},
    {.bitmap_index = 9656, .adv_w = 142, .box_w = 7, .box_h = 13, .ofs_x = 1, .ofs_y = 0},
    {.bitmap_index = 9702, .adv_w = 120, .box_w = 7, .box_h = 11, .ofs_x = 0, .ofs_y = 0},
    {.bitmap_index = 9741, .adv_w = 142, .box_w = 7, .box_h = 13, .ofs_x = 1, .ofs_y = 0},
    {.bitmap_index = 9787, .adv_w = 120, .box_w = 7, .box_h = 10, .ofs_x = 0, .ofs_y = 0},
    {.bitmap_index = 9822, .adv_w = 142, .box_w = 7, .box_h = 12, .ofs_x = 1, .ofs_y = -3},
    {.bitmap_index = 9864, .adv_w = 120, .box_w = 7, .box_h = 10, .ofs_x = 0, .ofs_y = -3},
    {.bitmap_index = 9899, .adv_w = 181, .box_w = 12, .box_h = 12, .ofs_x = 0, .ofs_y = 0},
    {.bitmap_index = 9971, .adv_w = 155, .box_w = 10, .box_h = 10, .ofs_x = 0, .ofs_y = 0},
    {.bitmap_index = 10021, .adv_w = 112, .box_w = 8, .box_h = 12, .ofs_x = 0, .ofs_y = 0},
    {.bitmap_index = 10069, .adv_w = 101, .box_w = 7, .box_h = 13, .ofs_x = 0, .ofs_y = -3},
    {.bitmap_index = 10115, .adv_w = 112, .box_w = 8, .box_h = 13, .ofs_x = 0, .ofs_y = 0},
    {.bitmap_index = 10167, .adv_w = 110, .box_w = 7, .box_h = 12, .ofs_x = 0, .ofs_y = 0},
    {.bitmap_index = 10209, .adv_w = 92, .box_w = 6, .box_h = 10, .ofs_x = 0, .ofs_y = 0},
    {.bitmap_index = 10239, .adv_w = 110, .box_w = 7, .box_h = 12, .ofs_x = 0, .ofs_y = 0},
    {.bitmap_index = 10281, .adv_w = 92, .box_w = 6, .box_h = 10, .ofs_x = 0, .ofs_y = 0},
    {.bitmap_index = 10311, .adv_w = 110, .box_w = 7, .box_h = 12, .ofs_x = 0, .ofs_y = 0},
    {.bitmap_index = 10353, .adv_w = 92, .box_w = 6, .box_h = 10, .ofs_x = 0, .ofs_y = 0},
    {.bitmap_index = 10383, .adv_w = 66, .box_w = 4, .box_h = 10, .ofs_x = 1, .ofs_y = 0},
    {.bitmap_index = 10403, .adv_w = 119, .box_w = 7, .box_h = 10, .ofs_x = 0, .ofs_y = 0},
    {.bitmap_index = 10438, .adv_w = 144, .box_w = 9, .box_h = 9, .ofs_x = 0, .ofs_y = 0},
    {.bitmap_index = 10479, .adv_w = 119, .box_w = 6, .box_h = 9, .ofs_x = 1, .ofs_y = 0},
    {.bitmap_index = 10506, .adv_w = 119, .box_w = 6, .box_h = 10, .ofs_x = 1, .ofs_y = 0},
    {.bitmap_index = 10536, .adv_w = 124, .box_w = 7, .box_h = 9, .ofs_x = 1, .ofs_y = 0},
    {.bitmap_index = 10568, .adv_w = 119, .box_w = 7, .box_h = 10, .ofs_x = 0, .ofs_y = 0},
    {.bitmap_index = 10603, .adv_w = 122, .box_w = 7, .box_h = 9, .ofs_x = 0, .ofs_y = 0},
    {.bitmap_index = 10635, .adv_w = 122, .box_w = 9, .box_h = 11, .ofs_x = 0, .ofs_y = 0},
    {.bitmap_index = 10685, .adv_w = 98, .box_w = 7, .box_h = 10, .ofs_x = 0, .ofs_y = 0},
    {.bitmap_index = 10720, .adv_w = 140, .box_w = 9, .box_h = 9, .ofs_x = 0, .ofs_y = 0},
    {.bitmap_index = 10761, .adv_w = 158, .box_w = 10, .box_h = 9, .ofs_x = 0, .ofs_y = 0},
    {.bitmap_index = 10806, .adv_w = 119, .box_w = 7, .box_h = 9, .ofs_x = 0, .ofs_y = 0},
    {.bitmap_index = 10838, .adv_w = 119, .box_w = 7, .box_h = 10, .ofs_x = 0, .ofs_y = 0},
    {.bitmap_index = 10873, .adv_w = 117, .box_w = 7, .box_h = 10, .ofs_x = 0, .ofs_y = -3},
    {.bitmap_index = 10908, .adv_w = 107, .box_w = 6, .box_h = 9, .ofs_x = 0, .ofs_y = 0},
    {.bitmap_index = 10935, .adv_w = 146, .box_w = 9, .box_h = 9, .ofs_x = 0, .ofs_y = 0},
    {.bitmap_index = 10976, .adv_w = 116, .box_w = 7, .box_h = 9, .ofs_x = 0, .ofs_y = 0},
    {.bitmap_index = 11008, .adv_w = 118, .box_w = 9, .box_h = 12, .ofs_x = -1, .ofs_y = -3},
    {.bitmap_index = 11062, .adv_w = 85, .box_w = 7, .box_h = 13, .ofs_x = -1, .ofs_y = -3},
    {.bitmap_index = 11108, .adv_w = 140, .box_w = 9, .box_h = 11, .ofs_x = 0, .ofs_y = 0},
    {.bitmap_index = 11158, .adv_w = 114, .box_w = 8, .box_h = 12, .ofs_x = 0, .ofs_y = -3},
    {.bitmap_index = 11206, .adv_w = 182, .box_w = 10, .box_h = 10, .ofs_x = 1, .ofs_y = 0},
    {.bitmap_index = 11256, .adv_w = 70, .box_w = 4, .box_h = 9, .ofs_x = 1, .ofs_y = 0},
    {.bitmap_index = 11274, .adv_w = 68, .box_w = 4, .box_h = 9, .ofs_x = 0, .ofs_y = 0},
    {.bitmap_index = 11292, .adv_w = 121, .box_w = 7, .box_h = 9, .ofs_x = 1, .ofs_y = 0},
    {.bitmap_index = 11324, .adv_w = 108, .box_w = 6, .box_h = 10, .ofs_x = 1, .ofs_y = 0},
    {.bitmap_index = 11354, .adv_w = 54, .box_w = 4, .box_h = 10, .ofs_x = 0, .ofs_y = 0},
    {.bitmap_index = 11374, .adv_w = 108, .box_w = 8, .box_h = 10, .ofs_x = -1, .ofs_y = 0},
    {.bitmap_index = 11414, .adv_w = 198, .box_w = 11, .box_h = 9, .ofs_x = 1, .ofs_y = 0},
    {.bitmap_index = 11464, .adv_w = 149, .box_w = 10, .box_h = 12, .ofs_x = -1, .ofs_y = -3},
    {.bitmap_index = 11524, .adv_w = 120, .box_w = 7, .box_h = 10, .ofs_x = 0, .ofs_y = -3},
    {.bitmap_index = 11559, .adv_w = 151, .box_w = 9, .box_h = 9, .ofs_x = 0, .ofs_y = 0},
    {.bitmap_index = 11600, .adv_w = 153, .box_w = 10, .box_h = 10, .ofs_x = 0, .ofs_y = 0},
    {.bitmap_index = 11650, .adv_w = 122, .box_w = 8, .box_h = 8, .ofs_x = 0, .ofs_y = 0},
    {.bitmap_index = 11682, .adv_w = 209, .box_w = 13, .box_h = 9, .ofs_x = 0, .ofs_y = 0},
    {.bitmap_index = 11741, .adv_w = 167, .box_w = 10, .box_h = 10, .ofs_x = 0, .ofs_y = -3},
    {.bitmap_index = 11791, .adv_w = 135, .box_w = 8, .box_h = 9, .ofs_x = 0, .ofs_y = 0},
    {.bitmap_index = 11827, .adv_w = 119, .box_w = 6, .box_h = 13, .ofs_x = 1, .ofs_y = -3},
    {.bitmap_index = 11866, .adv_w = 122, .box_w = 7, .box_h = 11, .ofs_x = 1, .ofs_y = -2},
    {.bitmap_index = 11905, .adv_w = 106, .box_w = 7, .box_h = 9, .ofs_x = 0, .ofs_y = 0},
    {.bitmap_index = 11937, .adv_w = 93, .box_w = 6, .box_h = 7, .ofs_x = 0, .ofs_y = 0},
    {.bitmap_index = 11958, .adv_w = 110, .box_w = 7, .box_h = 9, .ofs_x = 0, .ofs_y = 0},
    {.bitmap_index = 11990, .adv_w = 72, .box_w = 7, .box_h = 13, .ofs_x = -1, .ofs_y = -3},
    {.bitmap_index = 12036, .adv_w = 73, .box_w = 5, .box_h = 12, .ofs_x = 0, .ofs_y = -3},
    {.bitmap_index = 12066, .adv_w = 113, .box_w = 7, .box_h = 9, .ofs_x = 0, .ofs_y = 0},
    {.bitmap_index = 12098, .adv_w = 73, .box_w = 5, .box_h = 10, .ofs_x = 0, .ofs_y = 0},
    {.bitmap_index = 12123, .adv_w = 108, .box_w = 7, .box_h = 12, .ofs_x = 0, .ofs_y = -3},
    {.bitmap_index = 12165, .adv_w = 156, .box_w = 10, .box_h = 10, .ofs_x = 1, .ofs_y = 0},
    {.bitmap_index = 12215, .adv_w = 134, .box_w = 9, .box_h = 8, .ofs_x = 0, .ofs_y = 0},
    {.bitmap_index = 12251, .adv_w = 151, .box_w = 9, .box_h = 9, .ofs_x = 0, .ofs_y = 0},
    {.bitmap_index = 12292, .adv_w = 142, .box_w = 7, .box_h = 9, .ofs_x = 1, .ofs_y = 0},
    {.bitmap_index = 12324, .adv_w = 114, .box_w = 8, .box_h = 9, .ofs_x = 0, .ofs_y = 0},
    {.bitmap_index = 12360, .adv_w = 108, .box_w = 7, .box_h = 10, .ofs_x = 0, .ofs_y = -3},
    {.bitmap_index = 12395, .adv_w = 110, .box_w = 7, .box_h = 9, .ofs_x = 0, .ofs_y = 0},
    {.bitmap_index = 12427, .adv_w = 92, .box_w = 6, .box_h = 7, .ofs_x = 0, .ofs_y = 0},
    {.bitmap_index = 12448, .adv_w = 113, .box_w = 7, .box_h = 9, .ofs_x = 0, .ofs_y = 0},
    {.bitmap_index = 12480, .adv_w = 113, .box_w = 7, .box_h = 9, .ofs_x = 0, .ofs_y = 0},
    {.bitmap_index = 12512, .adv_w = 100, .box_w = 7, .box_h = 10, .ofs_x = 0, .ofs_y = -3},
    {.bitmap_index = 12547, .adv_w = 100, .box_w = 6, .box_h = 10, .ofs_x = 0, .ofs_y = -3},
    {.bitmap_index = 12577, .adv_w = 109, .box_w = 7, .box_h = 10, .ofs_x = 0, .ofs_y = 0},
    {.bitmap_index = 12612, .adv_w = 112, .box_w = 7, .box_h = 9, .ofs_x = 0, .ofs_y = 0},
    {.bitmap_index = 12644, .adv_w = 98, .box_w = 6, .box_h = 7, .ofs_x = 0, .ofs_y = 0},
    {.bitmap_index = 12665, .adv_w = 91, .box_w = 6, .box_h = 9, .ofs_x = 0, .ofs_y = 0},
    {.bitmap_index = 12692, .adv_w = 115, .box_w = 6, .box_h = 10, .ofs_x = 1, .ofs_y = -3},
    {.bitmap_index = 12722, .adv_w = 62, .box_w = 2, .box_h = 10, .ofs_x = 1, .ofs_y = 0},
    {.bitmap_index = 12732, .adv_w = 106, .box_w = 5, .box_h = 10, .ofs_x = 1, .ofs_y = 0},
    {.bitmap_index = 12757, .adv_w = 99, .box_w = 6, .box_h = 10, .ofs_x = 0, .ofs_y = 0},
    {.bitmap_index = 12787, .adv_w = 52, .box_w = 3, .box_h = 9, .ofs_x = 0, .ofs_y = 0},
    {.bitmap_index = 12801, .adv_w = 249, .box_w = 15, .box_h = 12, .ofs_x = 1, .ofs_y = 0},
    {.bitmap_index = 12891, .adv_w = 232, .box_w = 14, .box_h = 10, .ofs_x = 1, .ofs_y = 0},
    {.bitmap_index = 12961, .adv_w = 211, .box_w = 13, .box_h = 10, .ofs_x = 0, .ofs_y = 0},
    {.bitmap_index = 13026, .adv_w = 159, .box_w = 8, .box_h = 12, .ofs_x = 1, .ofs_y = -3},
    {.bitmap_index = 13074, .adv_w = 155, .box_w = 8, .box_h = 13, .ofs_x = 1, .ofs_y = -3},
    {.bitmap_index = 13126, .adv_w = 104, .box_w = 6, .box_h = 13, .ofs_x = 0, .ofs_y = -3},
    {.bitmap_index = 13165, .adv_w = 205, .box_w = 11, .box_h = 12, .ofs_x = 1, .ofs_y = -3},
    {.bitmap_index = 13231, .adv_w = 201, .box_w = 11, .box_h = 13, .ofs_x = 1, .ofs_y = -3},
    {.bitmap_index = 13303, .adv_w = 173, .box_w = 10, .box_h = 13, .ofs_x = 0, .ofs_y = -3},
    {.bitmap_index = 13368, .adv_w = 126, .box_w = 8, .box_h = 12, .ofs_x = 0, .ofs_y = 0},
    {.bitmap_index = 13416, .adv_w = 110, .box_w = 6, .box_h = 10, .ofs_x = 0, .ofs_y = 0},
    {.bitmap_index = 13446, .adv_w = 68, .box_w = 6, .box_h = 12, .ofs_x = -1, .ofs_y = 0},
    {.bitmap_index = 13482, .adv_w = 52, .box_w = 5, .box_h = 10, .ofs_x = -1, .ofs_y = 0},
    {.bitmap_index = 13507, .adv_w = 151, .box_w = 9, .box_h = 12, .ofs_x = 0, .ofs_y = 0},
    {.bitmap_index = 13561, .adv_w = 117, .box_w = 7, .box_h = 10, .ofs_x = 0, .ofs_y = 0},
    {.bitmap_index = 13596, .adv_w = 142, .box_w = 7, .box_h = 12, .ofs_x = 1, .ofs_y = 0},
    {.bitmap_index = 13638, .adv_w = 120, .box_w = 7, .box_h = 10, .ofs_x = 0, .ofs_y = 0},
    {.bitmap_index = 13673, .adv_w = 142, .box_w = 7, .box_h = 13, .ofs_x = 1, .ofs_y = 0},
    {.bitmap_index = 13719, .adv_w = 120, .box_w = 7, .box_h = 11, .ofs_x = 0, .ofs_y = 0},
    {.bitmap_index = 13758, .adv_w = 142, .box_w = 7, .box_h = 14, .ofs_x = 1, .ofs_y = 0},
    {.bitmap_index = 13807, .adv_w = 120, .box_w = 7, .box_h = 11, .ofs_x = 0, .ofs_y = 0},
    {.bitmap_index = 13846, .adv_w = 142, .box_w = 7, .box_h = 14, .ofs_x = 1, .ofs_y = 0},
    {.bitmap_index = 13895, .adv_w = 120, .box_w = 7, .box_h = 11, .ofs_x = 0, .ofs_y = 0},
    {.bitmap_index = 13934, .adv_w = 142, .box_w = 7, .box_h = 14, .ofs_x = 1, .ofs_y = 0},
    {.bitmap_index = 13983, .adv_w = 120, .box_w = 7, .box_h = 11, .ofs_x = 0, .ofs_y = 0},
    {.bitmap_index = 14022, .adv_w = 110, .box_w = 7, .box_h = 7, .ofs_x = 0, .ofs_y = 0},
    {.bitmap_index = 14047, .adv_w = 126, .box_w = 8, .box_h = 13, .ofs_x = 0, .ofs_y = 0},
    {.bitmap_index = 14099, .adv_w = 110, .box_w = 6, .box_h = 11, .ofs_x = 0, .ofs_y = 0},
    {.bitmap_index = 14132, .adv_w = 126, .box_w = 8, .box_h = 13, .ofs_x = 0, .ofs_y = 0},
    {.bitmap_index = 14184, .adv_w = 110, .box_w = 6, .box_h = 11, .ofs_x = 0, .ofs_y = 0},
    {.bitmap_index = 14217, .adv_w = 173, .box_w = 12, .box_h = 11, .ofs_x = -1, .ofs_y = 0},
    {.bitmap_index = 14283, .adv_w = 169, .box_w = 10, .box_h = 9, .ofs_x = 0, .ofs_y = 0},
    {.bitmap_index = 14328, .adv_w = 140, .box_w = 9, .box_h = 9, .ofs_x = 0, .ofs_y = 0},
    {.bitmap_index = 14369, .adv_w = 119, .box_w = 8, .box_h = 10, .ofs_x = 0, .ofs_y = -3},
    {.bitmap_index = 14409, .adv_w = 140, .box_w = 8, .box_h = 12, .ofs_x = 0, .ofs_y = 0},
    {.bitmap_index = 14457, .adv_w = 119, .box_w = 7, .box_h = 13, .ofs_x = 0, .ofs_y = -3},
    {.bitmap_index = 14503, .adv_w = 121, .box_w = 7, .box_h = 12, .ofs_x = 1, .ofs_y = 0},
    {.bitmap_index = 14545, .adv_w = 107, .box_w = 8, .box_h = 13, .ofs_x = -1, .ofs_y = 0},
    {.bitmap_index = 14597, .adv_w = 151, .box_w = 9, .box_h = 12, .ofs_x = 0, .ofs_y = -3},
    {.bitmap_index = 14651, .adv_w = 117, .box_w = 7, .box_h = 10, .ofs_x = 0, .ofs_y = -3},
    {.bitmap_index = 14686, .adv_w = 151, .box_w = 9, .box_h = 14, .ofs_x = 0, .ofs_y = -3},
    {.bitmap_index = 14749, .adv_w = 117, .box_w = 7, .box_h = 12, .ofs_x = 0, .ofs_y = -3},
    {.bitmap_index = 14791, .adv_w = 113, .box_w = 7, .box_h = 12, .ofs_x = 0, .ofs_y = 0},
    {.bitmap_index = 14833, .adv_w = 100, .box_w = 6, .box_h = 13, .ofs_x = 0, .ofs_y = -3},
    {.bitmap_index = 14872, .adv_w = 52, .box_w = 5, .box_h = 13, .ofs_x = -1, .ofs_y = -3},
    {.bitmap_index = 14905, .adv_w = 249, .box_w = 15, .box_h = 9, .ofs_x = 1, .ofs_y = 0},
    {.bitmap_index = 14973, .adv_w = 232, .box_w = 14, .box_h = 9, .ofs_x = 1, .ofs_y = 0},
    {.bitmap_index = 15036, .adv_w = 211, .box_w = 13, .box_h = 10, .ofs_x = 0, .ofs_y = 0},
    {.bitmap_index = 15101, .adv_w = 140, .box_w = 8, .box_h = 12, .ofs_x = 0, .ofs_y = 0},
    {.bitmap_index = 15149, .adv_w = 119, .box_w = 7, .box_h = 13, .ofs_x = 0, .ofs_y = -3},
    {.bitmap_index = 15195, .adv_w = 186, .box_w = 10, .box_h = 9, .ofs_x = 1, .ofs_y = 0},
    {.bitmap_index = 15240, .adv_w = 128, .box_w = 7, .box_h = 12, .ofs_x = 1, .ofs_y = -3},
    {.bitmap_index = 15282, .adv_w = 148, .box_w = 8, .box_h = 12, .ofs_x = 1, .ofs_y = 0},
    {.bitmap_index = 15330, .adv_w = 120, .box_w = 7, .box_h = 10, .ofs_x = 0, .ofs_y = 0},
    {.bitmap_index = 15365, .adv_w = 126, .box_w = 8, .box_h = 12, .ofs_x = 0, .ofs_y = 0},
    {.bitmap_index = 15413, .adv_w = 110, .box_w = 6, .box_h = 12, .ofs_x = 0, .ofs_y = 0},
    {.bitmap_index = 15449, .adv_w = 173, .box_w = 12, .box_h = 12, .ofs_x = -1, .ofs_y = 0},
    {.bitmap_index = 15521, .adv_w = 169, .box_w = 10, .box_h = 10, .ofs_x = 0, .ofs_y = 0},
    {.bitmap_index = 15571, .adv_w = 151, .box_w = 9, .box_h = 13, .ofs_x = 0, .ofs_y = -1},
    {.bitmap_index = 15630, .adv_w = 117, .box_w = 7, .box_h = 11, .ofs_x = 0, .ofs_y = -1},
    {.bitmap_index = 15669, .adv_w = 126, .box_w = 8, .box_h = 12, .ofs_x = 0, .ofs_y = 0},
    {.bitmap_index = 15717, .adv_w = 110, .box_w = 6, .box_h = 10, .ofs_x = 0, .ofs_y = 0},
    {.bitmap_index = 15747, .adv_w = 126, .box_w = 8, .box_h = 12, .ofs_x = 0, .ofs_y = 0},
    {.bitmap_index = 15795, .adv_w = 110, .box_w = 6, .box_h = 10, .ofs_x = 0, .ofs_y = 0},
    {.bitmap_index = 15825, .adv_w = 107, .box_w = 6, .box_h = 12, .ofs_x = 0, .ofs_y = 0},
    {.bitmap_index = 15861, .adv_w = 110, .box_w = 7, .box_h = 10, .ofs_x = 0, .ofs_y = 0},
    {.bitmap_index = 15896, .adv_w = 107, .box_w = 5, .box_h = 12, .ofs_x = 1, .ofs_y = 0},
    {.bitmap_index = 15926, .adv_w = 110, .box_w = 7, .box_h = 10, .ofs_x = 0, .ofs_y = 0},
    {.bitmap_index = 15961, .adv_w = 68, .box_w = 5, .box_h = 12, .ofs_x = -1, .ofs_y = 0},
    {.bitmap_index = 15991, .adv_w = 52, .box_w = 6, .box_h = 10, .ofs_x = -2, .ofs_y = 0},
    {.bitmap_index = 16021, .adv_w = 68, .box_w = 5, .box_h = 12, .ofs_x = 0, .ofs_y = 0},
    {.bitmap_index = 16051, .adv_w = 52, .box_w = 5, .box_h = 10, .ofs_x = -1, .ofs_y = 0},
    {.bitmap_index = 16076, .adv_w = 151, .box_w = 9, .box_h = 13, .ofs_x = 0, .ofs_y = 0},
    {.bitmap_index = 16135, .adv_w = 117, .box_w = 7, .box_h = 10, .ofs_x = 0, .ofs_y = 0},
    {.bitmap_index = 16170, .adv_w = 151, .box_w = 9, .box_h = 12, .ofs_x = 0, .ofs_y = 0},
    {.bitmap_index = 16224, .adv_w = 117, .box_w = 7, .box_h = 10, .ofs_x = 0, .ofs_y = 0},
    {.bitmap_index = 16259, .adv_w = 121, .box_w = 8, .box_h = 12, .ofs_x = 0, .ofs_y = 0},
    {.bitmap_index = 16307, .adv_w = 81, .box_w = 5, .box_h = 10, .ofs_x = 0, .ofs_y = 0},
    {.bitmap_index = 16332, .adv_w = 121, .box_w = 7, .box_h = 12, .ofs_x = 1, .ofs_y = 0},
    {.bitmap_index = 16374, .adv_w = 81, .box_w = 5, .box_h = 10, .ofs_x = 0, .ofs_y = 0},
    {.bitmap_index = 16399, .adv_w = 142, .box_w = 7, .box_h = 13, .ofs_x = 1, .ofs_y = 0},
    {.bitmap_index = 16445, .adv_w = 120, .box_w = 7, .box_h = 10, .ofs_x = 0, .ofs_y = 0},
    {.bitmap_index = 16480, .adv_w = 142, .box_w = 7, .box_h = 12, .ofs_x = 1, .ofs_y = 0},
    {.bitmap_index = 16522, .adv_w = 120, .box_w = 7, .box_h = 10, .ofs_x = 0, .ofs_y = 0},
    {.bitmap_index = 16557, .adv_w = 106, .box_w = 7, .box_h = 12, .ofs_x = 0, .ofs_y = -3},
    {.bitmap_index = 16599, .adv_w = 93, .box_w = 6, .box_h = 10, .ofs_x = 0, .ofs_y = -3},
    {.bitmap_index = 16629, .adv_w = 108, .box_w = 7, .box_h = 12, .ofs_x = 0, .ofs_y = -3},
    {.bitmap_index = 16671, .adv_w = 74, .box_w = 5, .box_h = 11, .ofs_x = 0, .ofs_y = -3},
    {.bitmap_index = 16699, .adv_w = 113, .box_w = 7, .box_h = 12, .ofs_x = 0, .ofs_y = -3},
    {.bitmap_index = 16741, .adv_w = 96, .box_w = 6, .box_h = 11, .ofs_x = 0, .ofs_y = -4},
    {.bitmap_index = 16774, .adv_w = 144, .box_w = 7, .box_h = 12, .ofs_x = 1, .ofs_y = 0},
    {.bitmap_index = 16816, .adv_w = 120, .box_w = 8, .box_h = 13, .ofs_x = -1, .ofs_y = 0},
    {.bitmap_index = 16868, .adv_w = 143, .box_w = 7, .box_h = 12, .ofs_x = 1, .ofs_y = -3},
    {.bitmap_index = 16910, .adv_w = 166, .box_w = 11, .box_h = 11, .ofs_x = 0, .ofs_y = -1},
    {.bitmap_index = 16971, .adv_w = 134, .box_w = 8, .box_h = 9, .ofs_x = 0, .ofs_y = 0},
    {.bitmap_index = 17007, .adv_w = 116, .box_w = 7, .box_h = 10, .ofs_x = 0, .ofs_y = 0},
    {.bitmap_index = 17042, .adv_w = 110, .box_w = 7, .box_h = 13, .ofs_x = 0, .ofs_y = -4},
    {.bitmap_index = 17088, .adv_w = 91, .box_w = 6, .box_h = 10, .ofs_x = 0, .ofs_y = -3},
    {.bitmap_index = 17118, .adv_w = 126, .box_w = 8, .box_h = 12, .ofs_x = 0, .ofs_y = 0},
    {.bitmap_index = 17166, .adv_w = 110, .box_w = 6, .box_h = 10, .ofs_x = 0, .ofs_y = 0},
    {.bitmap_index = 17196, .adv_w = 107, .box_w = 5, .box_h = 12, .ofs_x = 1, .ofs_y = -3},
    {.bitmap_index = 17226, .adv_w = 110, .box_w = 7, .box_h = 10, .ofs_x = 0, .ofs_y = -3},
    {.bitmap_index = 17261, .adv_w = 151, .box_w = 9, .box_h = 13, .ofs_x = 0, .ofs_y = 0},
    {.bitmap_index = 17320, .adv_w = 117, .box_w = 7, .box_h = 11, .ofs_x = 0, .ofs_y = 0},
    {.bitmap_index = 17359, .adv_w = 151, .box_w = 9, .box_h = 13, .ofs_x = 0, .ofs_y = 0},
    {.bitmap_index = 17418, .adv_w = 117, .box_w = 7, .box_h = 11, .ofs_x = 0, .ofs_y = 0},
    {.bitmap_index = 17457, .adv_w = 151, .box_w = 9, .box_h = 12, .ofs_x = 0, .ofs_y = 0},
    {.bitmap_index = 17511, .adv_w = 117, .box_w = 7, .box_h = 10, .ofs_x = 0, .ofs_y = 0},
    {.bitmap_index = 17546, .adv_w = 151, .box_w = 9, .box_h = 13, .ofs_x = 0, .ofs_y = 0},
    {.bitmap_index = 17605, .adv_w = 117, .box_w = 7, .box_h = 11, .ofs_x = 0, .ofs_y = 0},
    {.bitmap_index = 17644, .adv_w = 112, .box_w = 8, .box_h = 11, .ofs_x = 0, .ofs_y = 0},
    {.bitmap_index = 17688, .adv_w = 101, .box_w = 7, .box_h = 12, .ofs_x = 0, .ofs_y = -3},
    {.bitmap_index = 17730, .adv_w = 76, .box_w = 5, .box_h = 11, .ofs_x = 0, .ofs_y = -1},
    {.bitmap_index = 17758, .adv_w = 145, .box_w = 8, .box_h = 8, .ofs_x = 1, .ofs_y = -1},
    {.bitmap_index = 17790, .adv_w = 78, .box_w = 5, .box_h = 10, .ofs_x = 0, .ofs_y = -1},
    {.bitmap_index = 17815, .adv_w = 52, .box_w = 4, .box_h = 10, .ofs_x = -1, .ofs_y = -3},
    {.bitmap_index = 17835, .adv_w = 186, .box_w = 12, .box_h = 10, .ofs_x = 0, .ofs_y = 0},
    {.bitmap_index = 17895, .adv_w = 186, .box_w = 12, .box_h = 10, .ofs_x = 0, .ofs_y = -3},
    {.bitmap_index = 17955, .adv_w = 126, .box_w = 8, .box_h = 11, .ofs_x = 0, .ofs_y = -1},
    {.bitmap_index = 17999, .adv_w = 122, .box_w = 8, .box_h = 11, .ofs_x = 0, .ofs_y = -1},
    {.bitmap_index = 18043, .adv_w = 94, .box_w = 6, .box_h = 13, .ofs_x = 0, .ofs_y = -3},
    {.bitmap_index = 18082, .adv_w = 103, .box_w = 7, .box_h = 9, .ofs_x = 0, .ofs_y = 0},
    {.bitmap_index = 18114, .adv_w = 108, .box_w = 7, .box_h = 11, .ofs_x = 0, .ofs_y = -1},
    {.bitmap_index = 18153, .adv_w = 93, .box_w = 6, .box_h = 10, .ofs_x = 0, .ofs_y = -3},
    {.bitmap_index = 18183, .adv_w = 91, .box_w = 6, .box_h = 10, .ofs_x = 0, .ofs_y = -3},
    {.bitmap_index = 18213, .adv_w = 88, .box_w = 6, .box_h = 9, .ofs_x = 0, .ofs_y = 0},
    {.bitmap_index = 18240, .adv_w = 87, .box_w = 5, .box_h = 7, .ofs_x = 0, .ofs_y = 0},
    {.bitmap_index = 18258, .adv_w = 126, .box_w = 8, .box_h = 9, .ofs_x = 0, .ofs_y = 0},
    {.bitmap_index = 18294, .adv_w = 142, .box_w = 9, .box_h = 9, .ofs_x = 0, .ofs_y = 0},
    {.bitmap_index = 18335, .adv_w = 120, .box_w = 8, .box_h = 9, .ofs_x = 0, .ofs_y = 0},
    {.bitmap_index = 18371, .adv_w = 107, .box_w = 5, .box_h = 11, .ofs_x = 1, .ofs_y = -1},
    {.bitmap_index = 18399, .adv_w = 110, .box_w = 7, .box_h = 9, .ofs_x = 0, .ofs_y = -1},
    {.bitmap_index = 18431, .adv_w = 56, .box_w = 5, .box_h = 12, .ofs_x = -1, .ofs_y = -3},
    {.bitmap_index = 18461, .adv_w = 52, .box_w = 5, .box_h = 13, .ofs_x = -1, .ofs_y = -3},
    {.bitmap_index = 18494, .adv_w = 148, .box_w = 10, .box_h = 12, .ofs_x = 0, .ofs_y = -3},
    {.bitmap_index = 18554, .adv_w = 119, .box_w = 8, .box_h = 10, .ofs_x = 0, .ofs_y = -3},
    {.bitmap_index = 18594, .adv_w = 122, .box_w = 8, .box_h = 9, .ofs_x = 0, .ofs_y = 0},
    {.bitmap_index = 18630, .adv_w = 81, .box_w = 5, .box_h = 8, .ofs_x = 0, .ofs_y = 0},
    {.bitmap_index = 18650, .adv_w = 112, .box_w = 8, .box_h = 9, .ofs_x = 0, .ofs_y = 0},
    {.bitmap_index = 18686, .adv_w = 102, .box_w = 7, .box_h = 10, .ofs_x = 0, .ofs_y = -3},
    {.bitmap_index = 18721, .adv_w = 87, .box_w = 4, .box_h = 9, .ofs_x = 1, .ofs_y = 0},
    {.bitmap_index = 18739, .adv_w = 74, .box_w = 5, .box_h = 7, .ofs_x = 0, .ofs_y = 0},
    {.bitmap_index = 18757, .adv_w = 133, .box_w = 8, .box_h = 9, .ofs_x = 0, .ofs_y = 0},
    {.bitmap_index = 18793, .adv_w = 128, .box_w = 6, .box_h = 10, .ofs_x = 1, .ofs_y = 0},
    {.bitmap_index = 18823, .adv_w = 37, .box_w = 3, .box_h = 3, .ofs_x = 0, .ofs_y = 7},
    {.bitmap_index = 18828, .adv_w = 37, .box_w = 3, .box_h = 3, .ofs_x = -1, .ofs_y = -2},
    {.bitmap_index = 18833, .adv_w = 151, .box_w = 8, .box_h = 9, .ofs_x = 1, .ofs_y = 0},
    {.bitmap_index = 18869, .adv_w = 128, .box_w = 6, .box_h = 7, .ofs_x = 1, .ofs_y = 0},
    {.bitmap_index = 18890, .adv_w = 49, .box_w = 3, .box_h = 3, .ofs_x = 0, .ofs_y = -3},
    {.bitmap_index = 18895, .adv_w = 94, .box_w = 6, .box_h = 7, .ofs_x = 0, .ofs_y = 0},
    {.bitmap_index = 18916, .adv_w = 94, .box_w = 6, .box_h = 7, .ofs_x = 0, .ofs_y = 0},
    {.bitmap_index = 18937, .adv_w = 94, .box_w = 6, .box_h = 7, .ofs_x = 0, .ofs_y = 0},
    {.bitmap_index = 18958, .adv_w = 52, .box_w = 3, .box_h = 9, .ofs_x = 0, .ofs_y = -2},
    {.bitmap_index = 18972, .adv_w = 56, .box_w = 4, .box_h = 12, .ofs_x = -1, .ofs_y = -3},
    {.bitmap_index = 18996, .adv_w = 48, .box_w = 3, .box_h = 3, .ofs_x = 0, .ofs_y = 8},
    {.bitmap_index = 19001, .adv_w = 132, .box_w = 6, .box_h = 3, .ofs_x = 1, .ofs_y = 8},
    {.bitmap_index = 19010, .adv_w = 141, .box_w = 9, .box_h = 9, .ofs_x = 0, .ofs_y = 0},
    {.bitmap_index = 19051, .adv_w = 52, .box_w = 3, .box_h = 2, .ofs_x = 0, .ofs_y = 5},
    {.bitmap_index = 19054, .adv_w = 142, .box_w = 9, .box_h = 9, .ofs_x = 0, .ofs_y = 0},
    {.bitmap_index = 19095, .adv_w = 179, .box_w = 11, .box_h = 9, .ofs_x = 0, .ofs_y = 0},
    {.bitmap_index = 19145, .adv_w = 107, .box_w = 7, .box_h = 9, .ofs_x = 0, .ofs_y = 0},
    {.bitmap_index = 19177, .adv_w = 176, .box_w = 11, .box_h = 9, .ofs_x = 0, .ofs_y = 0},
    {.bitmap_index = 19227, .adv_w = 156, .box_w = 10, .box_h = 9, .ofs_x = 0, .ofs_y = 0},
    {.bitmap_index = 19272, .adv_w = 167, .box_w = 11, .box_h = 9, .ofs_x = 0, .ofs_y = 0},
    {.bitmap_index = 19322, .adv_w = 68, .box_w = 6, .box_h = 10, .ofs_x = -1, .ofs_y = 0},
    {.bitmap_index = 19352, .adv_w = 126, .box_w = 8, .box_h = 9, .ofs_x = 0, .ofs_y = 0},
    {.bitmap_index = 19388, .adv_w = 126, .box_w = 7, .box_h = 9, .ofs_x = 1, .ofs_y = 0},
    {.bitmap_index = 19420, .adv_w = 98, .box_w = 5, .box_h = 9, .ofs_x = 1, .ofs_y = 0},
    {.bitmap_index = 19443, .adv_w = 124, .box_w = 8, .box_h = 9, .ofs_x = 0, .ofs_y = 0},
    {.bitmap_index = 19479, .adv_w = 107, .box_w = 5, .box_h = 9, .ofs_x = 1, .ofs_y = 0},
    {.bitmap_index = 19502, .adv_w = 110, .box_w = 7, .box_h = 9, .ofs_x = 0, .ofs_y = 0},
    {.bitmap_index = 19534, .adv_w = 144, .box_w = 7, .box_h = 9, .ofs_x = 1, .ofs_y = 0},
    {.bitmap_index = 19566, .adv_w = 151, .box_w = 9, .box_h = 9, .ofs_x = 0, .ofs_y = 0},
    {.bitmap_index = 19607, .adv_w = 68, .box_w = 4, .box_h = 9, .ofs_x = 0, .ofs_y = 0},
    {.bitmap_index = 19625, .adv_w = 121, .box_w = 7, .box_h = 9, .ofs_x = 1, .ofs_y = 0},
    {.bitmap_index = 19657, .adv_w = 120, .box_w = 8, .box_h = 9, .ofs_x = 0, .ofs_y = 0},
    {.bitmap_index = 19693, .adv_w = 176, .box_w = 9, .box_h = 9, .ofs_x = 1, .ofs_y = 0},
    {.bitmap_index = 19734, .adv_w = 148, .box_w = 8, .box_h = 9, .ofs_x = 1, .ofs_y = 0},
    {.bitmap_index = 19770, .adv_w = 120, .box_w = 7, .box_h = 9, .ofs_x = 0, .ofs_y = 0},
    {.bitmap_index = 19802, .adv_w = 151, .box_w = 9, .box_h = 9, .ofs_x = 0, .ofs_y = 0},
    {.bitmap_index = 19843, .adv_w = 142, .box_w = 7, .box_h = 9, .ofs_x = 1, .ofs_y = 0},
    {.bitmap_index = 19875, .adv_w = 117, .box_w = 6, .box_h = 9, .ofs_x = 1, .ofs_y = 0},
    {.bitmap_index = 19902, .adv_w = 110, .box_w = 7, .box_h = 9, .ofs_x = 0, .ofs_y = 0},
    {.bitmap_index = 19934, .adv_w = 108, .box_w = 7, .box_h = 9, .ofs_x = 0, .ofs_y = 0},
    {.bitmap_index = 19966, .adv_w = 112, .box_w = 8, .box_h = 9, .ofs_x = 0, .ofs_y = 0},
    {.bitmap_index = 20002, .adv_w = 165, .box_w = 10, .box_h = 9, .ofs_x = 0, .ofs_y = 0},
    {.bitmap_index = 20047, .adv_w = 117, .box_w = 8, .box_h = 9, .ofs_x = 0, .ofs_y = 0},
    {.bitmap_index = 20083, .adv_w = 161, .box_w = 8, .box_h = 9, .ofs_x = 1, .ofs_y = 0},
    {.bitmap_index = 20119, .adv_w = 140, .box_w = 9, .box_h = 9, .ofs_x = 0, .ofs_y = 0},
    {.bitmap_index = 20160, .adv_w = 68, .box_w = 4, .box_h = 13, .ofs_x = 0, .ofs_y = 0},
    {.bitmap_index = 20186, .adv_w = 112, .box_w = 8, .box_h = 13, .ofs_x = 0, .ofs_y = 0},
    {.bitmap_index = 20238, .adv_w = 122, .box_w = 8, .box_h = 10, .ofs_x = 0, .ofs_y = 0},
    {.bitmap_index = 20278, .adv_w = 92, .box_w = 6, .box_h = 10, .ofs_x = 0, .ofs_y = 0},
    {.bitmap_index = 20308, .adv_w = 119, .box_w = 7, .box_h = 13, .ofs_x = 0, .ofs_y = -3},
    {.bitmap_index = 20354, .adv_w = 68, .box_w = 4, .box_h = 10, .ofs_x = 0, .ofs_y = 0},
    {.bitmap_index = 20374, .adv_w = 117, .box_w = 7, .box_h = 10, .ofs_x = 0, .ofs_y = 0},
    {.bitmap_index = 20409, .adv_w = 122, .box_w = 8, .box_h = 7, .ofs_x = 0, .ofs_y = 0},
    {.bitmap_index = 20437, .adv_w = 119, .box_w = 7, .box_h = 13, .ofs_x = 0, .ofs_y = -3},
    {.bitmap_index = 20483, .adv_w = 102, .box_w = 6, .box_h = 10, .ofs_x = 0, .ofs_y = -3},
    {.bitmap_index = 20513, .adv_w = 114, .box_w = 7, .box_h = 10, .ofs_x = 0, .ofs_y = 0},
    {.bitmap_index = 20548, .adv_w = 92, .box_w = 6, .box_h = 7, .ofs_x = 0, .ofs_y = 0},
    {.bitmap_index = 20569, .adv_w = 90, .box_w = 6, .box_h = 13, .ofs_x = 0, .ofs_y = -3},
    {.bitmap_index = 20608, .adv_w = 119, .box_w = 7, .box_h = 10, .ofs_x = 0, .ofs_y = -3},
    {.bitmap_index = 20643, .adv_w = 115, .box_w = 7, .box_h = 10, .ofs_x = 0, .ofs_y = 0},
    {.bitmap_index = 20678, .adv_w = 68, .box_w = 4, .box_h = 7, .ofs_x = 0, .ofs_y = 0},
    {.bitmap_index = 20692, .adv_w = 107, .box_w = 6, .box_h = 7, .ofs_x = 1, .ofs_y = 0},
    {.bitmap_index = 20713, .adv_w = 103, .box_w = 7, .box_h = 10, .ofs_x = 0, .ofs_y = 0},
    {.bitmap_index = 20748, .adv_w = 123, .box_w = 8, .box_h = 10, .ofs_x = 0, .ofs_y = -3},
    {.bitmap_index = 20788, .adv_w = 102, .box_w = 6, .box_h = 7, .ofs_x = 0, .ofs_y = 0},
    {.bitmap_index = 20809, .adv_w = 96, .box_w = 6, .box_h = 13, .ofs_x = 0, .ofs_y = -3},
    {.bitmap_index = 20848, .adv_w = 117, .box_w = 7, .box_h = 7, .ofs_x = 0, .ofs_y = 0},
    {.bitmap_index = 20873, .adv_w = 131, .box_w = 8, .box_h = 7, .ofs_x = 0, .ofs_y = 0},
    {.bitmap_index = 20901, .adv_w = 116, .box_w = 7, .box_h = 10, .ofs_x = 0, .ofs_y = -3},
    {.bitmap_index = 20936, .adv_w = 95, .box_w = 6, .box_h = 10, .ofs_x = 0, .ofs_y = -3},
    {.bitmap_index = 20966, .adv_w = 120, .box_w = 8, .box_h = 7, .ofs_x = 0, .ofs_y = 0},
    {.bitmap_index = 20994, .adv_w = 97, .box_w = 6, .box_h = 7, .ofs_x = 0, .ofs_y = 0},
    {.bitmap_index = 21015, .adv_w = 117, .box_w = 7, .box_h = 7, .ofs_x = 0, .ofs_y = 0},
    {.bitmap_index = 21040, .adv_w = 144, .box_w = 9, .box_h = 13, .ofs_x = 0, .ofs_y = -3},
    {.bitmap_index = 21099, .adv_w = 116, .box_w = 8, .box_h = 10, .ofs_x = 0, .ofs_y = -3},
    {.bitmap_index = 21139, .adv_w = 148, .box_w = 9, .box_h = 13, .ofs_x = 0, .ofs_y = -3},
    {.bitmap_index = 21198, .adv_w = 157, .box_w = 10, .box_h = 7, .ofs_x = 0, .ofs_y = 0},
    {.bitmap_index = 21233, .adv_w = 68, .box_w = 5, .box_h = 9, .ofs_x = -1, .ofs_y = 0},
    {.bitmap_index = 21256, .adv_w = 117, .box_w = 7, .box_h = 9, .ofs_x = 0, .ofs_y = 0},
    {.bitmap_index = 21288, .adv_w = 117, .box_w = 7, .box_h = 10, .ofs_x = 0, .ofs_y = 0},
    {.bitmap_index = 21323, .adv_w = 117, .box_w = 7, .box_h = 10, .ofs_x = 0, .ofs_y = 0},
    {.bitmap_index = 21358, .adv_w = 158, .box_w = 10, .box_h = 10, .ofs_x = 0, .ofs_y = 0},
    {.bitmap_index = 21408, .adv_w = 121, .box_w = 7, .box_h = 12, .ofs_x = 1, .ofs_y = -3},
    {.bitmap_index = 21450, .adv_w = 124, .box_w = 7, .box_h = 10, .ofs_x = 1, .ofs_y = 0},
    {.bitmap_index = 21485, .adv_w = 126, .box_w = 8, .box_h = 10, .ofs_x = 0, .ofs_y = 0},
    {.bitmap_index = 21525, .adv_w = 117, .box_w = 8, .box_h = 9, .ofs_x = 0, .ofs_y = 0},
    {.bitmap_index = 21561, .adv_w = 161, .box_w = 10, .box_h = 9, .ofs_x = 0, .ofs_y = 0},
    {.bitmap_index = 21606, .adv_w = 117, .box_w = 8, .box_h = 13, .ofs_x = 0, .ofs_y = 0},
    {.bitmap_index = 21658, .adv_w = 144, .box_w = 9, .box_h = 13, .ofs_x = 0, .ofs_y = -3},
    {.bitmap_index = 21717, .adv_w = 174, .box_w = 11, .box_h = 7, .ofs_x = 0, .ofs_y = 0},
    {.bitmap_index = 21756, .adv_w = 108, .box_w = 6, .box_h = 9, .ofs_x = 1, .ofs_y = -2},
    {.bitmap_index = 21783, .adv_w = 148, .box_w = 9, .box_h = 9, .ofs_x = 0, .ofs_y = 0},
    {.bitmap_index = 21824, .adv_w = 117, .box_w = 7, .box_h = 10, .ofs_x = 0, .ofs_y = -3},
    {.bitmap_index = 21859, .adv_w = 122, .box_w = 8, .box_h = 9, .ofs_x = 0, .ofs_y = 0},
    {.bitmap_index = 21895, .adv_w = 94, .box_w = 6, .box_h = 10, .ofs_x = 0, .ofs_y = -3},
    {.bitmap_index = 21925, .adv_w = 100, .box_w = 5, .box_h = 9, .ofs_x = 1, .ofs_y = 0},
    {.bitmap_index = 21948, .adv_w = 101, .box_w = 5, .box_h = 10, .ofs_x = 1, .ofs_y = -3},
    {.bitmap_index = 21973, .adv_w = 95, .box_w = 7, .box_h = 9, .ofs_x = -1, .ofs_y = 0},
    {.bitmap_index = 22005, .adv_w = 107, .box_w = 7, .box_h = 13, .ofs_x = 0, .ofs_y = -3},
    {.bitmap_index = 22051, .adv_w = 114, .box_w = 8, .box_h = 9, .ofs_x = -1, .ofs_y = 0},
    {.bitmap_index = 22087, .adv_w = 99, .box_w = 8, .box_h = 13, .ofs_x = -2, .ofs_y = -3},
    {.bitmap_index = 22139, .adv_w = 130, .box_w = 8, .box_h = 7, .ofs_x = 0, .ofs_y = 0},
    {.bitmap_index = 22167, .adv_w = 116, .box_w = 7, .box_h = 10, .ofs_x = 0, .ofs_y = -3},
    {.bitmap_index = 22202, .adv_w = 94, .box_w = 6, .box_h = 7, .ofs_x = 0, .ofs_y = 0},
    {.bitmap_index = 22223, .adv_w = 52, .box_w = 4, .box_h = 13, .ofs_x = -1, .ofs_y = -3},
    {.bitmap_index = 22249, .adv_w = 151, .box_w = 9, .box_h = 9, .ofs_x = 0, .ofs_y = 0},
    {.bitmap_index = 22290, .adv_w = 97, .box_w = 6, .box_h = 7, .ofs_x = 0, .ofs_y = 0},
    {.bitmap_index = 22311, .adv_w = 96, .box_w = 6, .box_h = 7, .ofs_x = 0, .ofs_y = 0},
    {.bitmap_index = 22332, .adv_w = 118, .box_w = 6, .box_h = 9, .ofs_x = 1, .ofs_y = 0},
    {.bitmap_index = 22359, .adv_w = 119, .box_w = 7, .box_h = 13, .ofs_x = 0, .ofs_y = -3},
    {.bitmap_index = 22405, .adv_w = 122, .box_w = 8, .box_h = 9, .ofs_x = 0, .ofs_y = 0},
    {.bitmap_index = 22441, .adv_w = 176, .box_w = 9, .box_h = 9, .ofs_x = 1, .ofs_y = 0},
    {.bitmap_index = 22482, .adv_w = 145, .box_w = 8, .box_h = 10, .ofs_x = 1, .ofs_y = -3},
    {.bitmap_index = 22522, .adv_w = 117, .box_w = 7, .box_h = 10, .ofs_x = 0, .ofs_y = -3},
    {.bitmap_index = 22557, .adv_w = 122, .box_w = 7, .box_h = 9, .ofs_x = 0, .ofs_y = 0},
    {.bitmap_index = 22589, .adv_w = 122, .box_w = 8, .box_h = 9, .ofs_x = 0, .ofs_y = 0},
    {.bitmap_index = 22625, .adv_w = 122, .box_w = 7, .box_h = 9, .ofs_x = 0, .ofs_y = 0},
    {.bitmap_index = 22657, .adv_w = 107, .box_w = 5, .box_h = 12, .ofs_x = 1, .ofs_y = 0},
    {.bitmap_index = 22687, .adv_w = 107, .box_w = 5, .box_h = 12, .ofs_x = 1, .ofs_y = 0},
    {.bitmap_index = 22717, .adv_w = 140, .box_w = 9, .box_h = 9, .ofs_x = 0, .ofs_y = 0},
    {.bitmap_index = 22758, .adv_w = 101, .box_w = 5, .box_h = 12, .ofs_x = 1, .ofs_y = 0},
    {.bitmap_index = 22788, .adv_w = 123, .box_w = 8, .box_h = 9, .ofs_x = 0, .ofs_y = 0},
    {.bitmap_index = 22824, .adv_w = 105, .box_w = 7, .box_h = 9, .ofs_x = 0, .ofs_y = 0},
    {.bitmap_index = 22856, .adv_w = 57, .box_w = 2, .box_h = 9, .ofs_x = 1, .ofs_y = 0},
    {.bitmap_index = 22865, .adv_w = 57, .box_w = 4, .box_h = 12, .ofs_x = 0, .ofs_y = 0},
    {.bitmap_index = 22889, .adv_w = 56, .box_w = 4, .box_h = 12, .ofs_x = -1, .ofs_y = -3},
    {.bitmap_index = 22913, .adv_w = 195, .box_w = 12, .box_h = 9, .ofs_x = 0, .ofs_y = 0},
    {.bitmap_index = 22967, .adv_w = 199, .box_w = 11, .box_h = 9, .ofs_x = 1, .ofs_y = 0},
    {.bitmap_index = 23017, .adv_w = 141, .box_w = 9, .box_h = 9, .ofs_x = 0, .ofs_y = 0},
    {.bitmap_index = 23058, .adv_w = 123, .box_w = 7, .box_h = 12, .ofs_x = 1, .ofs_y = 0},
    {.bitmap_index = 23100, .adv_w = 147, .box_w = 8, .box_h = 12, .ofs_x = 1, .ofs_y = 0},
    {.bitmap_index = 23148, .adv_w = 120, .box_w = 8, .box_h = 12, .ofs_x = 0, .ofs_y = 0},
    {.bitmap_index = 23196, .adv_w = 142, .box_w = 7, .box_h = 11, .ofs_x = 1, .ofs_y = -2},
    {.bitmap_index = 23235, .adv_w = 126, .box_w = 8, .box_h = 9, .ofs_x = 0, .ofs_y = 0},
    {.bitmap_index = 23271, .adv_w = 120, .box_w = 6, .box_h = 9, .ofs_x = 1, .ofs_y = 0},
    {.bitmap_index = 23298, .adv_w = 126, .box_w = 7, .box_h = 9, .ofs_x = 1, .ofs_y = 0},
    {.bitmap_index = 23330, .adv_w = 101, .box_w = 5, .box_h = 9, .ofs_x = 1, .ofs_y = 0},
    {.bitmap_index = 23353, .adv_w = 143, .box_w = 9, .box_h = 11, .ofs_x = 0, .ofs_y = -2},
    {.bitmap_index = 23403, .adv_w = 107, .box_w = 5, .box_h = 9, .ofs_x = 1, .ofs_y = 0},
    {.bitmap_index = 23426, .adv_w = 179, .box_w = 12, .box_h = 9, .ofs_x = 0, .ofs_y = 0},
    {.bitmap_index = 23480, .adv_w = 112, .box_w = 7, .box_h = 9, .ofs_x = 0, .ofs_y = 0},
    {.bitmap_index = 23512, .adv_w = 147, .box_w = 8, .box_h = 9, .ofs_x = 1, .ofs_y = 0},
    {.bitmap_index = 23548, .adv_w = 147, .box_w = 8, .box_h = 12, .ofs_x = 1, .ofs_y = 0},
    {.bitmap_index = 23596, .adv_w = 124, .box_w = 7, .box_h = 9, .ofs_x = 1, .ofs_y = 0},
    {.bitmap_index = 23628, .adv_w = 136, .box_w = 8, .box_h = 9, .ofs_x = 0, .ofs_y = 0},
    {.bitmap_index = 23664, .adv_w = 176, .box_w = 9, .box_h = 9, .ofs_x = 1, .ofs_y = 0},
    {.bitmap_index = 23705, .adv_w = 144, .box_w = 7, .box_h = 9, .ofs_x = 1, .ofs_y = 0},
    {.bitmap_index = 23737, .adv_w = 147, .box_w = 9, .box_h = 9, .ofs_x = 0, .ofs_y = 0},
    {.bitmap_index = 23778, .adv_w = 142, .box_w = 7, .box_h = 9, .ofs_x = 1, .ofs_y = 0},
    {.bitmap_index = 23810, .adv_w = 117, .box_w = 6, .box_h = 9, .ofs_x = 1, .ofs_y = 0},
    {.bitmap_index = 23837, .adv_w = 123, .box_w = 8, .box_h = 9, .ofs_x = 0, .ofs_y = 0},
    {.bitmap_index = 23873, .adv_w = 108, .box_w = 7, .box_h = 9, .ofs_x = 0, .ofs_y = 0},
    {.bitmap_index = 23905, .adv_w = 120, .box_w = 8, .box_h = 9, .ofs_x = 0, .ofs_y = 0},
    {.bitmap_index = 23941, .adv_w = 162, .box_w = 10, .box_h = 9, .ofs_x = 0, .ofs_y = 0},
    {.bitmap_index = 23986, .adv_w = 117, .box_w = 8, .box_h = 9, .ofs_x = 0, .ofs_y = 0},
    {.bitmap_index = 24022, .adv_w = 144, .box_w = 8, .box_h = 11, .ofs_x = 1, .ofs_y = -2},
    {.bitmap_index = 24066, .adv_w = 132, .box_w = 8, .box_h = 9, .ofs_x = 0, .ofs_y = 0},
    {.bitmap_index = 24102, .adv_w = 201, .box_w = 11, .box_h = 9, .ofs_x = 1, .ofs_y = 0},
    {.bitmap_index = 24152, .adv_w = 200, .box_w = 12, .box_h = 12, .ofs_x = 1, .ofs_y = -3},
    {.bitmap_index = 24224, .adv_w = 135, .box_w = 8, .box_h = 9, .ofs_x = 0, .ofs_y = 0},
    {.bitmap_index = 24260, .adv_w = 167, .box_w = 9, .box_h = 9, .ofs_x = 1, .ofs_y = 0},
    {.bitmap_index = 24301, .adv_w = 119, .box_w = 6, .box_h = 9, .ofs_x = 1, .ofs_y = 0},
    {.bitmap_index = 24328, .adv_w = 125, .box_w = 8, .box_h = 9, .ofs_x = 0, .ofs_y = 0},
    {.bitmap_index = 24364, .adv_w = 193, .box_w = 11, .box_h = 9, .ofs_x = 1, .ofs_y = 0},
    {.bitmap_index = 24414, .adv_w = 125, .box_w = 7, .box_h = 9, .ofs_x = 0, .ofs_y = 0},
    {.bitmap_index = 24446, .adv_w = 109, .box_w = 6, .box_h = 7, .ofs_x = 0, .ofs_y = 0},
    {.bitmap_index = 24467, .adv_w = 116, .box_w = 7, .box_h = 11, .ofs_x = 0, .ofs_y = 0},
    {.bitmap_index = 24506, .adv_w = 110, .box_w = 7, .box_h = 7, .ofs_x = 0, .ofs_y = 0},
    {.bitmap_index = 24531, .adv_w = 86, .box_w = 5, .box_h = 7, .ofs_x = 1, .ofs_y = 0},
    {.bitmap_index = 24549, .adv_w = 118, .box_w = 8, .box_h = 9, .ofs_x = 0, .ofs_y = -2},
    {.bitmap_index = 24585, .adv_w = 108, .box_w = 7, .box_h = 7, .ofs_x = 0, .ofs_y = 0},
    {.bitmap_index = 24610, .adv_w = 152, .box_w = 10, .box_h = 7, .ofs_x = 0, .ofs_y = 0},
    {.bitmap_index = 24645, .adv_w = 95, .box_w = 6, .box_h = 7, .ofs_x = 0, .ofs_y = 0},
    {.bitmap_index = 24666, .adv_w = 122, .box_w = 6, .box_h = 7, .ofs_x = 1, .ofs_y = 0},
    {.bitmap_index = 24687, .adv_w = 122, .box_w = 6, .box_h = 10, .ofs_x = 1, .ofs_y = 0},
    {.bitmap_index = 24717, .adv_w = 107, .box_w = 6, .box_h = 7, .ofs_x = 1, .ofs_y = 0},
    {.bitmap_index = 24738, .adv_w = 115, .box_w = 7, .box_h = 7, .ofs_x = 0, .ofs_y = 0},
    {.bitmap_index = 24763, .adv_w = 151, .box_w = 8, .box_h = 7, .ofs_x = 1, .ofs_y = 0},
    {.bitmap_index = 24791, .adv_w = 120, .box_w = 6, .box_h = 7, .ofs_x = 1, .ofs_y = 0},
    {.bitmap_index = 24812, .adv_w = 116, .box_w = 7, .box_h = 7, .ofs_x = 0, .ofs_y = 0},
    {.bitmap_index = 24837, .adv_w = 119, .box_w = 6, .box_h = 7, .ofs_x = 1, .ofs_y = 0},
    {.bitmap_index = 24858, .adv_w = 118, .box_w = 6, .box_h = 10, .ofs_x = 1, .ofs_y = -3},
    {.bitmap_index = 24888, .adv_w = 96, .box_w = 6, .box_h = 7, .ofs_x = 0, .ofs_y = 0},
    {.bitmap_index = 24909, .adv_w = 92, .box_w = 6, .box_h = 7, .ofs_x = 0, .ofs_y = 0},
    {.bitmap_index = 24930, .adv_w = 101, .box_w = 7, .box_h = 10, .ofs_x = 0, .ofs_y = -3},
    {.bitmap_index = 24965, .adv_w = 146, .box_w = 9, .box_h = 13, .ofs_x = 0, .ofs_y = -3},
    {.bitmap_index = 25024, .adv_w = 102, .box_w = 7, .box_h = 7, .ofs_x = 0, .ofs_y = 0},
    {.bitmap_index = 25049, .adv_w = 120, .box_w = 8, .box_h = 9, .ofs_x = 0, .ofs_y = -2},
    {.bitmap_index = 25085, .adv_w = 116, .box_w = 7, .box_h = 7, .ofs_x = 0, .ofs_y = 0},
    {.bitmap_index = 25110, .adv_w = 175, .box_w = 10, .box_h = 7, .ofs_x = 0, .ofs_y = 0},
    {.bitmap_index = 25145, .adv_w = 175, .box_w = 10, .box_h = 9, .ofs_x = 1, .ofs_y = -2},
    {.bitmap_index = 25190, .adv_w = 122, .box_w = 8, .box_h = 7, .ofs_x = 0, .ofs_y = 0},
    {.bitmap_index = 25218, .adv_w = 151, .box_w = 8, .box_h = 7, .ofs_x = 1, .ofs_y = 0},
    {.bitmap_index = 25246, .adv_w = 107, .box_w = 6, .box_h = 7, .ofs_x = 1, .ofs_y = 0},
    {.bitmap_index = 25267, .adv_w = 97, .box_w = 6, .box_h = 7, .ofs_x = 0, .ofs_y = 0},
    {.bitmap_index = 25288, .adv_w = 156, .box_w = 9, .box_h = 7, .ofs_x = 1, .ofs_y = 0},
    {.bitmap_index = 25320, .adv_w = 112, .box_w = 7, .box_h = 7, .ofs_x = 0, .ofs_y = 0},
    {.bitmap_index = 25345, .adv_w = 108, .box_w = 7, .box_h = 10, .ofs_x = 0, .ofs_y = 0},
    {.bitmap_index = 25380, .adv_w = 108, .box_w = 7, .box_h = 9, .ofs_x = 0, .ofs_y = 0},
    {.bitmap_index = 25412, .adv_w = 121, .box_w = 7, .box_h = 13, .ofs_x = 0, .ofs_y = -3},
    {.bitmap_index = 25458, .adv_w = 86, .box_w = 5, .box_h = 10, .ofs_x = 1, .ofs_y = 0},
    {.bitmap_index = 25483, .adv_w = 96, .box_w = 6, .box_h = 7, .ofs_x = 0, .ofs_y = 0},
    {.bitmap_index = 25504, .adv_w = 92, .box_w = 6, .box_h = 7, .ofs_x = 0, .ofs_y = 0},
    {.bitmap_index = 25525, .adv_w = 52, .box_w = 3, .box_h = 9, .ofs_x = 0, .ofs_y = 0},
    {.bitmap_index = 25539, .adv_w = 52, .box_w = 4, .box_h = 9, .ofs_x = 0, .ofs_y = 0},
    {.bitmap_index = 25557, .adv_w = 52, .box_w = 4, .box_h = 12, .ofs_x = -1, .ofs_y = -3},
    {.bitmap_index = 25581, .adv_w = 167, .box_w = 10, .box_h = 7, .ofs_x = 0, .ofs_y = 0},
    {.bitmap_index = 25616, .adv_w = 173, .box_w = 10, .box_h = 7, .ofs_x = 1, .ofs_y = 0},
    {.bitmap_index = 25651, .adv_w = 121, .box_w = 7, .box_h = 10, .ofs_x = 0, .ofs_y = 0},
    {.bitmap_index = 25686, .adv_w = 107, .box_w = 6, .box_h = 10, .ofs_x = 1, .ofs_y = 0},
    {.bitmap_index = 25716, .adv_w = 122, .box_w = 6, .box_h = 10, .ofs_x = 1, .ofs_y = 0},
    {.bitmap_index = 25746, .adv_w = 101, .box_w = 7, .box_h = 13, .ofs_x = 0, .ofs_y = -3},
    {.bitmap_index = 25792, .adv_w = 119, .box_w = 6, .box_h = 9, .ofs_x = 1, .ofs_y = -2},
    {.bitmap_index = 25819, .adv_w = 178, .box_w = 11, .box_h = 9, .ofs_x = 0, .ofs_y = 0},
    {.bitmap_index = 25869, .adv_w = 157, .box_w = 10, .box_h = 7, .ofs_x = 0, .ofs_y = 0},
    {.bitmap_index = 25904, .adv_w = 129, .box_w = 8, .box_h = 9, .ofs_x = 0, .ofs_y = 0},
    {.bitmap_index = 25940, .adv_w = 123, .box_w = 8, .box_h = 9, .ofs_x = 0, .ofs_y = 0},
    {.bitmap_index = 25976, .adv_w = 179, .box_w = 10, .box_h = 9, .ofs_x = 1, .ofs_y = 0},
    {.bitmap_index = 26021, .adv_w = 146, .box_w = 9, .box_h = 7, .ofs_x = 0, .ofs_y = 0},
    {.bitmap_index = 26053, .adv_w = 134, .box_w = 9, .box_h = 9, .ofs_x = 0, .ofs_y = 0},
    {.bitmap_index = 26094, .adv_w = 114, .box_w = 8, .box_h = 7, .ofs_x = 0, .ofs_y = 0},
    {.bitmap_index = 26122, .adv_w = 183, .box_w = 11, .box_h = 9, .ofs_x = 1, .ofs_y = 0},
    {.bitmap_index = 26172, .adv_w = 157, .box_w = 9, .box_h = 7, .ofs_x = 1, .ofs_y = 0},
    {.bitmap_index = 26204, .adv_w = 144, .box_w = 9, .box_h = 9, .ofs_x = 0, .ofs_y = 0},
    {.bitmap_index = 26245, .adv_w = 122, .box_w = 8, .box_h = 7, .ofs_x = 0, .ofs_y = 0},
    {.bitmap_index = 26273, .adv_w = 194, .box_w = 12, .box_h = 9, .ofs_x = 1, .ofs_y = 0},
    {.bitmap_index = 26327, .adv_w = 165, .box_w = 10, .box_h = 7, .ofs_x = 1, .ofs_y = 0},
    {.bitmap_index = 26362, .adv_w = 115, .box_w = 7, .box_h = 14, .ofs_x = 0, .ofs_y = -3},
    {.bitmap_index = 26411, .adv_w = 98, .box_w = 6, .box_h = 12, .ofs_x = 0, .ofs_y = -3},
    {.bitmap_index = 26447, .adv_w = 159, .box_w = 8, .box_h = 9, .ofs_x = 1, .ofs_y = 0},
    {.bitmap_index = 26483, .adv_w = 151, .box_w = 9, .box_h = 13, .ofs_x = 0, .ofs_y = -3},
    {.bitmap_index = 26542, .adv_w = 151, .box_w = 9, .box_h = 9, .ofs_x = 0, .ofs_y = 0},
    {.bitmap_index = 26583, .adv_w = 117, .box_w = 7, .box_h = 7, .ofs_x = 0, .ofs_y = 0},
    {.bitmap_index = 26608, .adv_w = 127, .box_w = 9, .box_h = 9, .ofs_x = 0, .ofs_y = 0},
    {.bitmap_index = 26649, .adv_w = 104, .box_w = 7, .box_h = 7, .ofs_x = 0, .ofs_y = 0},
    {.bitmap_index = 26674, .adv_w = 127, .box_w = 9, .box_h = 12, .ofs_x = 0, .ofs_y = 0},
    {.bitmap_index = 26728, .adv_w = 104, .box_w = 7, .box_h = 10, .ofs_x = 0, .ofs_y = 0},
    {.bitmap_index = 26763, .adv_w = 240, .box_w = 15, .box_h = 12, .ofs_x = 0, .ofs_y = -3},
    {.bitmap_index = 26853, .adv_w = 215, .box_w = 14, .box_h = 10, .ofs_x = 0, .ofs_y = -3},
    {.bitmap_index = 26923, .adv_w = 158, .box_w = 10, .box_h = 11, .ofs_x = 0, .ofs_y = -1},
    {.bitmap_index = 26978, .adv_w = 128, .box_w = 8, .box_h = 9, .ofs_x = 0, .ofs_y = -1},
    {.bitmap_index = 27014, .adv_w = 200, .box_w = 12, .box_h = 13, .ofs_x = 0, .ofs_y = 0},
    {.bitmap_index = 27092, .adv_w = 177, .box_w = 11, .box_h = 11, .ofs_x = 0, .ofs_y = 0},
    {.bitmap_index = 27153, .adv_w = 179, .box_w = 11, .box_h = 12, .ofs_x = 0, .ofs_y = 0},
    {.bitmap_index = 27219, .adv_w = 157, .box_w = 10, .box_h = 9, .ofs_x = 0, .ofs_y = 0},
    {.bitmap_index = 27264, .adv_w = 125, .box_w = 8, .box_h = 12, .ofs_x = 0, .ofs_y = -3},
    {.bitmap_index = 27312, .adv_w = 96, .box_w = 6, .box_h = 10, .ofs_x = 0, .ofs_y = -3},
    {.bitmap_index = 27342, .adv_w = 117, .box_w = 7, .box_h = 10, .ofs_x = 0, .ofs_y = -1},
    {.bitmap_index = 27377, .adv_w = 0, .box_w = 5, .box_h = 3, .ofs_x = -6, .ofs_y = 7},
    {.bitmap_index = 27385, .adv_w = 0, .box_w = 5, .box_h = 2, .ofs_x = -6, .ofs_y = 8},
    {.bitmap_index = 27390, .adv_w = 0, .box_w = 3, .box_h = 3, .ofs_x = -5, .ofs_y = 7},
    {.bitmap_index = 27395, .adv_w = 0, .box_w = 3, .box_h = 3, .ofs_x = -5, .ofs_y = 7},
    {.bitmap_index = 27400, .adv_w = 0, .box_w = 6, .box_h = 2, .ofs_x = -3, .ofs_y = 10},
    {.bitmap_index = 27406, .adv_w = 0, .box_w = 14, .box_h = 14, .ofs_x = -7, .ofs_y = -4},
    {.bitmap_index = 27504, .adv_w = 0, .box_w = 14, .box_h = 14, .ofs_x = -7, .ofs_y = -4},
    {.bitmap_index = 27602, .adv_w = 158, .box_w = 9, .box_h = 15, .ofs_x = 1, .ofs_y = -3},
    {.bitmap_index = 27670, .adv_w = 135, .box_w = 8, .box_h = 13, .ofs_x = 1, .ofs_y = -3},
    {.bitmap_index = 27722, .adv_w = 119, .box_w = 7, .box_h = 9, .ofs_x = 0, .ofs_y = 0},
    {.bitmap_index = 27754, .adv_w = 115, .box_w = 7, .box_h = 10, .ofs_x = 0, .ofs_y = 0},
    {.bitmap_index = 27789, .adv_w = 118, .box_w = 6, .box_h = 9, .ofs_x = 1, .ofs_y = 0},
    {.bitmap_index = 27816, .adv_w = 119, .box_w = 6, .box_h = 10, .ofs_x = 1, .ofs_y = -3},
    {.bitmap_index = 27846, .adv_w = 105, .box_w = 6, .box_h = 11, .ofs_x = 1, .ofs_y = 0},
    {.bitmap_index = 27879, .adv_w = 88, .box_w = 5, .box_h = 9, .ofs_x = 1, .ofs_y = 0},
    {.bitmap_index = 27902, .adv_w = 103, .box_w = 7, .box_h = 9, .ofs_x = 0, .ofs_y = 0},
    {.bitmap_index = 27934, .adv_w = 87, .box_w = 6, .box_h = 7, .ofs_x = 0, .ofs_y = 0},
    {.bitmap_index = 27955, .adv_w = 130, .box_w = 7, .box_h = 12, .ofs_x = 1, .ofs_y = -3},
    {.bitmap_index = 27997, .adv_w = 106, .box_w = 6, .box_h = 10, .ofs_x = 1, .ofs_y = -3},
    {.bitmap_index = 28027, .adv_w = 181, .box_w = 12, .box_h = 12, .ofs_x = 0, .ofs_y = -3},
    {.bitmap_index = 28099, .adv_w = 161, .box_w = 10, .box_h = 10, .ofs_x = 0, .ofs_y = -3},
    {.bitmap_index = 28149, .adv_w = 112, .box_w = 7, .box_h = 12, .ofs_x = 0, .ofs_y = -3},
    {.bitmap_index = 28191, .adv_w = 95, .box_w = 6, .box_h = 10, .ofs_x = 0, .ofs_y = -3},
    {.bitmap_index = 28221, .adv_w = 133, .box_w = 8, .box_h = 12, .ofs_x = 1, .ofs_y = -3},
    {.bitmap_index = 28269, .adv_w = 113, .box_w = 7, .box_h = 10, .ofs_x = 0, .ofs_y = -3},
    {.bitmap_index = 28304, .adv_w = 122, .box_w = 7, .box_h = 9, .ofs_x = 1, .ofs_y = 0},
    {.bitmap_index = 28336, .adv_w = 107, .box_w = 7, .box_h = 7, .ofs_x = 0, .ofs_y = 0},
    {.bitmap_index = 28361, .adv_w = 124, .box_w = 8, .box_h = 9, .ofs_x = 0, .ofs_y = 0},
    {.bitmap_index = 28397, .adv_w = 108, .box_w = 7, .box_h = 10, .ofs_x = 0, .ofs_y = 0},
    {.bitmap_index = 28432, .adv_w = 135, .box_w = 9, .box_h = 9, .ofs_x = 0, .ofs_y = 0},
    {.bitmap_index = 28473, .adv_w = 124, .box_w = 8, .box_h = 7, .ofs_x = 0, .ofs_y = 0},
    {.bitmap_index = 28501, .adv_w = 150, .box_w = 9, .box_h = 12, .ofs_x = 1, .ofs_y = -3},
    {.bitmap_index = 28555, .adv_w = 131, .box_w = 7, .box_h = 10, .ofs_x = 1, .ofs_y = -3},
    {.bitmap_index = 28590, .adv_w = 158, .box_w = 9, .box_h = 9, .ofs_x = 1, .ofs_y = 0},
    {.bitmap_index = 28631, .adv_w = 143, .box_w = 8, .box_h = 7, .ofs_x = 1, .ofs_y = 0},
    {.bitmap_index = 28659, .adv_w = 207, .box_w = 12, .box_h = 12, .ofs_x = 1, .ofs_y = -3},
    {.bitmap_index = 28731, .adv_w = 167, .box_w = 10, .box_h = 10, .ofs_x = 1, .ofs_y = -3},
    {.bitmap_index = 28781, .adv_w = 149, .box_w = 9, .box_h = 10, .ofs_x = 0, .ofs_y = -1},
    {.bitmap_index = 28826, .adv_w = 124, .box_w = 8, .box_h = 7, .ofs_x = 0, .ofs_y = 0},
    {.bitmap_index = 28854, .adv_w = 122, .box_w = 8, .box_h = 12, .ofs_x = 0, .ofs_y = -3},
    {.bitmap_index = 28902, .adv_w = 94, .box_w = 6, .box_h = 10, .ofs_x = 0, .ofs_y = -3},
    {.bitmap_index = 28932, .adv_w = 108, .box_w = 7, .box_h = 12, .ofs_x = 0, .ofs_y = -3},
    {.bitmap_index = 28974, .adv_w = 95, .box_w = 6, .box_h = 10, .ofs_x = 0, .ofs_y = -3},
    {.bitmap_index = 29004, .adv_w = 112, .box_w = 8, .box_h = 9, .ofs_x = 0, .ofs_y = 0},
    {.bitmap_index = 29040, .adv_w = 101, .box_w = 7, .box_h = 10, .ofs_x = 0, .ofs_y = -3},
    {.bitmap_index = 29075, .adv_w = 112, .box_w = 8, .box_h = 9, .ofs_x = 0, .ofs_y = 0},
    {.bitmap_index = 29111, .adv_w = 101, .box_w = 7, .box_h = 10, .ofs_x = 0, .ofs_y = -3},
    {.bitmap_index = 29146, .adv_w = 127, .box_w = 8, .box_h = 12, .ofs_x = 0, .ofs_y = -3},
    {.bitmap_index = 29194, .adv_w = 111, .box_w = 7, .box_h = 10, .ofs_x = 0, .ofs_y = -3},
    {.bitmap_index = 29229, .adv_w = 169, .box_w = 11, .box_h = 12, .ofs_x = 0, .ofs_y = -3},
    {.bitmap_index = 29295, .adv_w = 143, .box_w = 9, .box_h = 10, .ofs_x = 0, .ofs_y = -3},
    {.bitmap_index = 29340, .adv_w = 141, .box_w = 9, .box_h = 12, .ofs_x = 0, .ofs_y = -3},
    {.bitmap_index = 29394, .adv_w = 125, .box_w = 8, .box_h = 10, .ofs_x = 0, .ofs_y = -3},
    {.bitmap_index = 29434, .adv_w = 136, .box_w = 8, .box_h = 9, .ofs_x = 0, .ofs_y = 0},
    {.bitmap_index = 29470, .adv_w = 119, .box_w = 7, .box_h = 7, .ofs_x = 0, .ofs_y = 0},
    {.bitmap_index = 29495, .adv_w = 136, .box_w = 7, .box_h = 9, .ofs_x = 1, .ofs_y = 0},
    {.bitmap_index = 29527, .adv_w = 120, .box_w = 7, .box_h = 10, .ofs_x = 0, .ofs_y = 0},
    {.bitmap_index = 29562, .adv_w = 169, .box_w = 10, .box_h = 9, .ofs_x = 0, .ofs_y = 0},
    {.bitmap_index = 29607, .adv_w = 130, .box_w = 8, .box_h = 7, .ofs_x = 0, .ofs_y = 0},
    {.bitmap_index = 29635, .adv_w = 169, .box_w = 10, .box_h = 12, .ofs_x = 0, .ofs_y = -3},
    {.bitmap_index = 29695, .adv_w = 130, .box_w = 8, .box_h = 10, .ofs_x = 0, .ofs_y = -3},
    {.bitmap_index = 29735, .adv_w = 68, .box_w = 4, .box_h = 9, .ofs_x = 0, .ofs_y = 0},
    {.bitmap_index = 29753, .adv_w = 179, .box_w = 12, .box_h = 12, .ofs_x = 0, .ofs_y = 0},
    {.bitmap_index = 29825, .adv_w = 152, .box_w = 10, .box_h = 10, .ofs_x = 0, .ofs_y = 0},
    {.bitmap_index = 29875, .adv_w = 137, .box_w = 7, .box_h = 12, .ofs_x = 1, .ofs_y = -3},
    {.bitmap_index = 29917, .adv_w = 113, .box_w = 6, .box_h = 10, .ofs_x = 1, .ofs_y = -3},
    {.bitmap_index = 29947, .adv_w = 145, .box_w = 9, .box_h = 12, .ofs_x = 0, .ofs_y = -3},
    {.bitmap_index = 30001, .adv_w = 121, .box_w = 8, .box_h = 10, .ofs_x = 0, .ofs_y = -3},
    {.bitmap_index = 30041, .adv_w = 142, .box_w = 7, .box_h = 12, .ofs_x = 1, .ofs_y = -3},
    {.bitmap_index = 30083, .adv_w = 122, .box_w = 6, .box_h = 10, .ofs_x = 1, .ofs_y = -3},
    {.bitmap_index = 30113, .adv_w = 151, .box_w = 9, .box_h = 12, .ofs_x = 1, .ofs_y = -3},
    {.bitmap_index = 30167, .adv_w = 132, .box_w = 8, .box_h = 10, .ofs_x = 1, .ofs_y = -3},
    {.bitmap_index = 30207, .adv_w = 136, .box_w = 8, .box_h = 12, .ofs_x = 0, .ofs_y = -3},
    {.bitmap_index = 30255, .adv_w = 120, .box_w = 7, .box_h = 10, .ofs_x = 0, .ofs_y = -3},
    {.bitmap_index = 30290, .adv_w = 183, .box_w = 11, .box_h = 12, .ofs_x = 1, .ofs_y = -3},
    {.bitmap_index = 30356, .adv_w = 155, .box_w = 9, .box_h = 10, .ofs_x = 1, .ofs_y = -3},
    {.bitmap_index = 30401, .adv_w = 68, .box_w = 4, .box_h = 9, .ofs_x = 0, .ofs_y = 0},
    {.bitmap_index = 30419, .adv_w = 126, .box_w = 8, .box_h = 12, .ofs_x = 0, .ofs_y = 0},
    {.bitmap_index = 30467, .adv_w = 110, .box_w = 6, .box_h = 10, .ofs_x = 0, .ofs_y = 0},
    {.bitmap_index = 30497, .adv_w = 126, .box_w = 8, .box_h = 13, .ofs_x = 0, .ofs_y = 0},
    {.bitmap_index = 30549, .adv_w = 110, .box_w = 6, .box_h = 9, .ofs_x = 0, .ofs_y = 0},
    {.bitmap_index = 30576, .adv_w = 173, .box_w = 12, .box_h = 9, .ofs_x = -1, .ofs_y = 0},
    {.bitmap_index = 30630, .adv_w = 169, .box_w = 10, .box_h = 7, .ofs_x = 0, .ofs_y = 0},
    {.bitmap_index = 30665, .adv_w = 107, .box_w = 5, .box_h = 12, .ofs_x = 1, .ofs_y = 0},
    {.bitmap_index = 30695, .adv_w = 110, .box_w = 7, .box_h = 10, .ofs_x = 0, .ofs_y = 0},
    {.bitmap_index = 30730, .adv_w = 146, .box_w = 9, .box_h = 9, .ofs_x = 0, .ofs_y = 0},
    {.bitmap_index = 30771, .adv_w = 110, .box_w = 7, .box_h = 7, .ofs_x = 0, .ofs_y = 0},
    {.bitmap_index = 30796, .adv_w = 146, .box_w = 9, .box_h = 13, .ofs_x = 0, .ofs_y = 0},
    {.bitmap_index = 30855, .adv_w = 110, .box_w = 7, .box_h = 9, .ofs_x = 0, .ofs_y = 0},
    {.bitmap_index = 30887, .adv_w = 179, .box_w = 12, .box_h = 13, .ofs_x = 0, .ofs_y = 0},
    {.bitmap_index = 30965, .adv_w = 152, .box_w = 10, .box_h = 9, .ofs_x = 0, .ofs_y = 0},
    {.bitmap_index = 31010, .adv_w = 112, .box_w = 7, .box_h = 13, .ofs_x = 0, .ofs_y = 0},
    {.bitmap_index = 31056, .adv_w = 95, .box_w = 6, .box_h = 9, .ofs_x = 0, .ofs_y = 0},
    {.bitmap_index = 31083, .adv_w = 113, .box_w = 7, .box_h = 9, .ofs_x = 0, .ofs_y = 0},
    {.bitmap_index = 31115, .adv_w = 100, .box_w = 6, .box_h = 10, .ofs_x = 0, .ofs_y = -3},
    {.bitmap_index = 31145, .adv_w = 147, .box_w = 8, .box_h = 11, .ofs_x = 1, .ofs_y = 0},
    {.bitmap_index = 31189, .adv_w = 122, .box_w = 6, .box_h = 9, .ofs_x = 1, .ofs_y = 0},
    {.bitmap_index = 31216, .adv_w = 147, .box_w = 8, .box_h = 13, .ofs_x = 1, .ofs_y = 0},
    {.bitmap_index = 31268, .adv_w = 122, .box_w = 6, .box_h = 9, .ofs_x = 1, .ofs_y = 0},
    {.bitmap_index = 31295, .adv_w = 151, .box_w = 9, .box_h = 13, .ofs_x = 0, .ofs_y = 0},
    {.bitmap_index = 31354, .adv_w = 117, .box_w = 7, .box_h = 9, .ofs_x = 0, .ofs_y = 0},
    {.bitmap_index = 31386, .adv_w = 151, .box_w = 9, .box_h = 9, .ofs_x = 0, .ofs_y = 0},
    {.bitmap_index = 31427, .adv_w = 117, .box_w = 7, .box_h = 7, .ofs_x = 0, .ofs_y = 0},
    {.bitmap_index = 31452, .adv_w = 151, .box_w = 9, .box_h = 13, .ofs_x = 0, .ofs_y = 0},
    {.bitmap_index = 31511, .adv_w = 117, .box_w = 7, .box_h = 9, .ofs_x = 0, .ofs_y = 0},
    {.bitmap_index = 31543, .adv_w = 124, .box_w = 8, .box_h = 13, .ofs_x = 0, .ofs_y = 0},
    {.bitmap_index = 31595, .adv_w = 97, .box_w = 6, .box_h = 9, .ofs_x = 0, .ofs_y = 0},
    {.bitmap_index = 31622, .adv_w = 120, .box_w = 8, .box_h = 11, .ofs_x = 0, .ofs_y = 0},
    {.bitmap_index = 31666, .adv_w = 101, .box_w = 7, .box_h = 12, .ofs_x = 0, .ofs_y = -3},
    {.bitmap_index = 31708, .adv_w = 120, .box_w = 8, .box_h = 13, .ofs_x = 0, .ofs_y = 0},
    {.bitmap_index = 31760, .adv_w = 101, .box_w = 7, .box_h = 12, .ofs_x = 0, .ofs_y = -3},
    {.bitmap_index = 31802, .adv_w = 120, .box_w = 8, .box_h = 13, .ofs_x = 0, .ofs_y = 0},
    {.bitmap_index = 31854, .adv_w = 101, .box_w = 7, .box_h = 13, .ofs_x = 0, .ofs_y = -3},
    {.bitmap_index = 31900, .adv_w = 132, .box_w = 8, .box_h = 13, .ofs_x = 0, .ofs_y = 0},
    {.bitmap_index = 31952, .adv_w = 116, .box_w = 7, .box_h = 9, .ofs_x = 0, .ofs_y = 0},
    {.bitmap_index = 31984, .adv_w = 103, .box_w = 6, .box_h = 12, .ofs_x = 1, .ofs_y = -3},
    {.bitmap_index = 32020, .adv_w = 86, .box_w = 5, .box_h = 10, .ofs_x = 1, .ofs_y = -3},
    {.bitmap_index = 32045, .adv_w = 167, .box_w = 9, .box_h = 13, .ofs_x = 1, .ofs_y = 0},
    {.bitmap_index = 32104, .adv_w = 151, .box_w = 8, .box_h = 9, .ofs_x = 1, .ofs_y = 0},
    {.bitmap_index = 32140, .adv_w = 103, .box_w = 7, .box_h = 13, .ofs_x = 0, .ofs_y = -4},
    {.bitmap_index = 32186, .adv_w = 87, .box_w = 6, .box_h = 10, .ofs_x = 0, .ofs_y = -3},
    {.bitmap_index = 32216, .adv_w = 127, .box_w = 8, .box_h = 13, .ofs_x = 0, .ofs_y = -4},
    {.bitmap_index = 32268, .adv_w = 111, .box_w = 7, .box_h = 10, .ofs_x = 0, .ofs_y = -3},
    {.bitmap_index = 32303, .adv_w = 117, .box_w = 8, .box_h = 9, .ofs_x = 0, .ofs_y = 0},
    {.bitmap_index = 32339, .adv_w = 104, .box_w = 7, .box_h = 7, .ofs_x = 0, .ofs_y = 0},
    {.bitmap_index = 32364, .adv_w = 119, .box_w = 7, .box_h = 9, .ofs_x = 0, .ofs_y = 0},
    {.bitmap_index = 32396, .adv_w = 119, .box_w = 7, .box_h = 10, .ofs_x = 0, .ofs_y = 0},
    {.bitmap_index = 32431, .adv_w = 175, .box_w = 10, .box_h = 9, .ofs_x = 0, .ofs_y = 0},
    {.bitmap_index = 32476, .adv_w = 174, .box_w = 10, .box_h = 10, .ofs_x = 0, .ofs_y = 0},
    {.bitmap_index = 32526, .adv_w = 174, .box_w = 10, .box_h = 9, .ofs_x = 0, .ofs_y = 0},
    {.bitmap_index = 32571, .adv_w = 159, .box_w = 9, .box_h = 7, .ofs_x = 0, .ofs_y = 0},
    {.bitmap_index = 32603, .adv_w = 125, .box_w = 8, .box_h = 12, .ofs_x = 0, .ofs_y = -3},
    {.bitmap_index = 32651, .adv_w = 110, .box_w = 7, .box_h = 10, .ofs_x = 0, .ofs_y = -3},
    {.bitmap_index = 32686, .adv_w = 192, .box_w = 11, .box_h = 9, .ofs_x = 0, .ofs_y = 0},
    {.bitmap_index = 32736, .adv_w = 169, .box_w = 10, .box_h = 7, .ofs_x = 0, .ofs_y = 0},
    {.bitmap_index = 32771, .adv_w = 196, .box_w = 11, .box_h = 9, .ofs_x = 1, .ofs_y = 0},
    {.bitmap_index = 32821, .adv_w = 178, .box_w = 10, .box_h = 7, .ofs_x = 1, .ofs_y = 0},
    {.bitmap_index = 32856, .adv_w = 148, .box_w = 9, .box_h = 9, .ofs_x = 0, .ofs_y = 0},
    {.bitmap_index = 32897, .adv_w = 124, .box_w = 8, .box_h = 7, .ofs_x = 0, .ofs_y = 0},
    {.bitmap_index = 32925, .adv_w = 140, .box_w = 8, .box_h = 9, .ofs_x = 0, .ofs_y = 0},
    {.bitmap_index = 32961, .adv_w = 130, .box_w = 8, .box_h = 7, .ofs_x = 0, .ofs_y = 0},
    {.bitmap_index = 32989, .adv_w = 116, .box_w = 7, .box_h = 9, .ofs_x = 0, .ofs_y = 0},
    {.bitmap_index = 33021, .adv_w = 97, .box_w = 6, .box_h = 7, .ofs_x = 0, .ofs_y = 0},
    {.bitmap_index = 33042, .adv_w = 143, .box_w = 9, .box_h = 13, .ofs_x = 0, .ofs_y = -4},
    {.bitmap_index = 33101, .adv_w = 120, .box_w = 8, .box_h = 10, .ofs_x = 0, .ofs_y = -3},
    {.bitmap_index = 33141, .adv_w = 186, .box_w = 12, .box_h = 9, .ofs_x = 0, .ofs_y = 0},
    {.bitmap_index = 33195, .adv_w = 159, .box_w = 10, .box_h = 7, .ofs_x = 0, .ofs_y = 0},
    {.bitmap_index = 33230, .adv_w = 158, .box_w = 9, .box_h = 9, .ofs_x = 1, .ofs_y = 0},
    {.bitmap_index = 33271, .adv_w = 160, .box_w = 10, .box_h = 10, .ofs_x = 0, .ofs_y = -3},
    {.bitmap_index = 33321, .adv_w = 173, .box_w = 11, .box_h = 9, .ofs_x = 0, .ofs_y = 0},
    {.bitmap_index = 33371, .adv_w = 170, .box_w = 11, .box_h = 7, .ofs_x = 0, .ofs_y = 0},
    {.bitmap_index = 33410, .adv_w = 151, .box_w = 9, .box_h = 11, .ofs_x = 0, .ofs_y = -2},
    {.bitmap_index = 33460, .adv_w = 119, .box_w = 7, .box_h = 10, .ofs_x = 0, .ofs_y = -3},
    {.bitmap_index = 33495, .adv_w = 181, .box_w = 12, .box_h = 9, .ofs_x = 0, .ofs_y = 0},
    {.bitmap_index = 33549, .adv_w = 155, .box_w = 10, .box_h = 7, .ofs_x = 0, .ofs_y = 0},
    {.bitmap_index = 33584, .adv_w = 124, .box_w = 7, .box_h = 9, .ofs_x = 1, .ofs_y = 0},
    {.bitmap_index = 33616, .adv_w = 107, .box_w = 6, .box_h = 8, .ofs_x = 1, .ofs_y = 0},
    {.bitmap_index = 33640, .adv_w = 200, .box_w = 12, .box_h = 12, .ofs_x = 0, .ofs_y = -3},
    {.bitmap_index = 33712, .adv_w = 160, .box_w = 10, .box_h = 10, .ofs_x = 0, .ofs_y = -3},
    {.bitmap_index = 33762, .adv_w = 213, .box_w = 12, .box_h = 12, .ofs_x = 1, .ofs_y = -3},
    {.bitmap_index = 33834, .adv_w = 170, .box_w = 10, .box_h = 10, .ofs_x = 1, .ofs_y = -3},
    {.bitmap_index = 33884, .adv_w = 147, .box_w = 8, .box_h = 12, .ofs_x = 1, .ofs_y = -3},
    {.bitmap_index = 33932, .adv_w = 128, .box_w = 7, .box_h = 10, .ofs_x = 1, .ofs_y = -3},
    {.bitmap_index = 33967, .adv_w = 147, .box_w = 8, .box_h = 12, .ofs_x = 1, .ofs_y = -3},
    {.bitmap_index = 34015, .adv_w = 128, .box_w = 8, .box_h = 13, .ofs_x = 0, .ofs_y = -3},
    {.bitmap_index = 34067, .adv_w = 142, .box_w = 9, .box_h = 13, .ofs_x = -1, .ofs_y = -4},
    {.bitmap_index = 34126, .adv_w = 122, .box_w = 8, .box_h = 10, .ofs_x = -1, .ofs_y = -3},
    {.bitmap_index = 34166, .adv_w = 276, .box_w = 18, .box_h = 11, .ofs_x = 0, .ofs_y = -2},
    {.bitmap_index = 34265, .adv_w = 237, .box_w = 15, .box_h = 9, .ofs_x = 0, .ofs_y = -2},
    {.bitmap_index = 34333, .adv_w = 137, .box_w = 9, .box_h = 12, .ofs_x = 0, .ofs_y = -3},
    {.bitmap_index = 34387, .adv_w = 119, .box_w = 8, .box_h = 10, .ofs_x = 0, .ofs_y = -3},
    {.bitmap_index = 34427, .adv_w = 140, .box_w = 9, .box_h = 12, .ofs_x = 0, .ofs_y = -3},
    {.bitmap_index = 34481, .adv_w = 117, .box_w = 8, .box_h = 10, .ofs_x = 0, .ofs_y = -3},
    {.bitmap_index = 34521, .adv_w = 181, .box_w = 12, .box_h = 12, .ofs_x = 0, .ofs_y = 0},
    {.bitmap_index = 34593, .adv_w = 155, .box_w = 10, .box_h = 10, .ofs_x = 0, .ofs_y = 0},
    {.bitmap_index = 34643, .adv_w = 181, .box_w = 12, .box_h = 12, .ofs_x = 0, .ofs_y = 0},
    {.bitmap_index = 34715, .adv_w = 155, .box_w = 10, .box_h = 10, .ofs_x = 0, .ofs_y = 0},
    {.bitmap_index = 34765, .adv_w = 181, .box_w = 12, .box_h = 13, .ofs_x = 0, .ofs_y = 0},
    {.bitmap_index = 34843, .adv_w = 155, .box_w = 10, .box_h = 9, .ofs_x = 0, .ofs_y = 0},
    {.bitmap_index = 34888, .adv_w = 139, .box_w = 8, .box_h = 9, .ofs_x = 1, .ofs_y = 0},
    {.bitmap_index = 34924, .adv_w = 112, .box_w = 8, .box_h = 12, .ofs_x = 0, .ofs_y = 0},
    {.bitmap_index = 34972, .adv_w = 101, .box_w = 7, .box_h = 13, .ofs_x = 0, .ofs_y = -3},
    {.bitmap_index = 35018, .adv_w = 62, .box_w = 4, .box_h = 2, .ofs_x = 0, .ofs_y = 2},
    {.bitmap_index = 35022, .adv_w = 62, .box_w = 4, .box_h = 2, .ofs_x = 0, .ofs_y = 2},
    {.bitmap_index = 35026, .adv_w = 110, .box_w = 7, .box_h = 2, .ofs_x = 0, .ofs_y = 3},
    {.bitmap_index = 35033, .adv_w = 96, .box_w = 6, .box_h = 2, .ofs_x = 0, .ofs_y = 2},
    {.bitmap_index = 35039, .adv_w = 192, .box_w = 12, .box_h = 2, .ofs_x = 0, .ofs_y = 2},
    {.bitmap_index = 35051, .adv_w = 192, .box_w = 12, .box_h = 2, .ofs_x = 0, .ofs_y = 2},
    {.bitmap_index = 35063, .adv_w = 106, .box_w = 5, .box_h = 13, .ofs_x = 1, .ofs_y = -3},
    {.bitmap_index = 35096, .adv_w = 79, .box_w = 6, .box_h = 3, .ofs_x = -1, .ofs_y = -3},
    {.bitmap_index = 35105, .adv_w = 36, .box_w = 3, .box_h = 4, .ofs_x = 0, .ofs_y = 5},
    {.bitmap_index = 35111, .adv_w = 36, .box_w = 3, .box_h = 4, .ofs_x = 0, .ofs_y = 5},
    {.bitmap_index = 35117, .adv_w = 50, .box_w = 3, .box_h = 4, .ofs_x = 0, .ofs_y = -2},
    {.bitmap_index = 35123, .adv_w = 36, .box_w = 3, .box_h = 4, .ofs_x = 0, .ofs_y = 5},
    {.bitmap_index = 35129, .adv_w = 74, .box_w = 5, .box_h = 4, .ofs_x = 0, .ofs_y = 5},
    {.bitmap_index = 35139, .adv_w = 74, .box_w = 5, .box_h = 4, .ofs_x = 0, .ofs_y = 5},
    {.bitmap_index = 35149, .adv_w = 85, .box_w = 5, .box_h = 4, .ofs_x = 0, .ofs_y = -2},
    {.bitmap_index = 35159, .adv_w = 74, .box_w = 5, .box_h = 4, .ofs_x = 0, .ofs_y = 5},
    {.bitmap_index = 35169, .adv_w = 98, .box_w = 6, .box_h = 10, .ofs_x = 0, .ofs_y = 0},
    {.bitmap_index = 35199, .adv_w = 99, .box_w = 6, .box_h = 10, .ofs_x = 0, .ofs_y = 0},
    {.bitmap_index = 35229, .adv_w = 72, .box_w = 4, .box_h = 4, .ofs_x = 0, .ofs_y = 3},
    {.bitmap_index = 35237, .adv_w = 71, .box_w = 5, .box_h = 5, .ofs_x = 0, .ofs_y = 2},
    {.bitmap_index = 35250, .adv_w = 96, .box_w = 2, .box_h = 2, .ofs_x = 2, .ofs_y = 0},
    {.bitmap_index = 35252, .adv_w = 105, .box_w = 6, .box_h = 2, .ofs_x = 0, .ofs_y = 0},
    {.bitmap_index = 35258, .adv_w = 156, .box_w = 9, .box_h = 2, .ofs_x = 0, .ofs_y = 0},
    {.bitmap_index = 35267, .adv_w = 52, .box_w = 3, .box_h = 2, .ofs_x = 0, .ofs_y = 2},
    {.bitmap_index = 35270, .adv_w = 232, .box_w = 14, .box_h = 9, .ofs_x = 0, .ofs_y = 0},
    {.bitmap_index = 35333, .adv_w = 63, .box_w = 4, .box_h = 7, .ofs_x = 0, .ofs_y = 0},
    {.bitmap_index = 35347, .adv_w = 63, .box_w = 4, .box_h = 7, .ofs_x = 0, .ofs_y = 0},
    {.bitmap_index = 35361, .adv_w = 110, .box_w = 7, .box_h = 9, .ofs_x = 0, .ofs_y = 0},
    {.bitmap_index = 35393, .adv_w = 182, .box_w = 11, .box_h = 11, .ofs_x = 0, .ofs_y = -2},
    {.bitmap_index = 35454, .adv_w = 110, .box_w = 7, .box_h = 9, .ofs_x = 0, .ofs_y = 0},
    {.bitmap_index = 35486, .adv_w = 156, .box_w = 10, .box_h = 9, .ofs_x = 0, .ofs_y = 0},
    {.bitmap_index = 35531, .adv_w = 165, .box_w = 10, .box_h = 9, .ofs_x = 0, .ofs_y = 0},
    {.bitmap_index = 35576, .adv_w = 132, .box_w = 9, .box_h = 9, .ofs_x = 0, .ofs_y = 0},
    {.bitmap_index = 35617, .adv_w = 160, .box_w = 9, .box_h = 9, .ofs_x = 1, .ofs_y = 0},
    {.bitmap_index = 35658, .adv_w = 120, .box_w = 8, .box_h = 12, .ofs_x = 0, .ofs_y = -2},
    {.bitmap_index = 35706, .adv_w = 110, .box_w = 7, .box_h = 9, .ofs_x = 0, .ofs_y = 0},
    {.bitmap_index = 35738, .adv_w = 110, .box_w = 7, .box_h = 9, .ofs_x = 0, .ofs_y = 0},
    {.bitmap_index = 35770, .adv_w = 110, .box_w = 7, .box_h = 9, .ofs_x = 0, .ofs_y = 0},
    {.bitmap_index = 35802, .adv_w = 189, .box_w = 12, .box_h = 12, .ofs_x = 0, .ofs_y = -3},
    {.bitmap_index = 35874, .adv_w = 112, .box_w = 7, .box_h = 12, .ofs_x = 0, .ofs_y = -3},
    {.bitmap_index = 35916, .adv_w = 110, .box_w = 7, .box_h = 9, .ofs_x = 0, .ofs_y = 0},
    {.bitmap_index = 35948, .adv_w = 140, .box_w = 8, .box_h = 11, .ofs_x = 0, .ofs_y = -1},
    {.bitmap_index = 35992, .adv_w = 119, .box_w = 8, .box_h = 9, .ofs_x = 0, .ofs_y = 0},
    {.bitmap_index = 36028, .adv_w = 107, .box_w = 7, .box_h = 9, .ofs_x = 0, .ofs_y = 0},
    {.bitmap_index = 36060, .adv_w = 122, .box_w = 8, .box_h = 11, .ofs_x = 0, .ofs_y = -1},
    {.bitmap_index = 36104, .adv_w = 123, .box_w = 8, .box_h = 9, .ofs_x = 0, .ofs_y = 0},
    {.bitmap_index = 36140, .adv_w = 140, .box_w = 9, .box_h = 10, .ofs_x = 0, .ofs_y = -1},
    {.bitmap_index = 36185, .adv_w = 106, .box_w = 7, .box_h = 9, .ofs_x = 0, .ofs_y = 0},
    {.bitmap_index = 36217, .adv_w = 110, .box_w = 6, .box_h = 9, .ofs_x = 0, .ofs_y = 0},
    {.bitmap_index = 36244, .adv_w = 110, .box_w = 7, .box_h = 9, .ofs_x = 0, .ofs_y = 0},
    {.bitmap_index = 36276, .adv_w = 152, .box_w = 10, .box_h = 9, .ofs_x = 0, .ofs_y = 0},
    {.bitmap_index = 36321, .adv_w = 159, .box_w = 10, .box_h = 9, .ofs_x = 0, .ofs_y = 0},
    {.bitmap_index = 36366, .adv_w = 113, .box_w = 7, .box_h = 9, .ofs_x = 0, .ofs_y = 0},
    {.bitmap_index = 36398, .adv_w = 149, .box_w = 9, .box_h = 10, .ofs_x = 0, .ofs_y = 0},
    {.bitmap_index = 36443, .adv_w = 110, .box_w = 6, .box_h = 12, .ofs_x = 1, .ofs_y = -1},
    {.bitmap_index = 36479, .adv_w = 196, .box_w = 11, .box_h = 9, .ofs_x = 1, .ofs_y = 0},
    {.bitmap_index = 36529, .adv_w = 148, .box_w = 9, .box_h = 5, .ofs_x = 0, .ofs_y = 4},
    {.bitmap_index = 36552, .adv_w = 192, .box_w = 12, .box_h = 13, .ofs_x = 0, .ofs_y = -2},
    {.bitmap_index = 36630, .adv_w = 216, .box_w = 14, .box_h = 13, .ofs_x = 0, .ofs_y = -2},
    {.bitmap_index = 36721, .adv_w = 192, .box_w = 12, .box_h = 9, .ofs_x = 0, .ofs_y = 0},
    {.bitmap_index = 36775, .adv_w = 192, .box_w = 12, .box_h = 11, .ofs_x = 0, .ofs_y = -1},
    {.bitmap_index = 36841, .adv_w = 192, .box_w = 12, .box_h = 9, .ofs_x = 0, .ofs_y = 0},
    {.bitmap_index = 36895, .adv_w = 132, .box_w = 9, .box_h = 9, .ofs_x = 0, .ofs_y = 0},
    {.bitmap_index = 36936, .adv_w = 192, .box_w = 12, .box_h = 13, .ofs_x = 0, .ofs_y = -2},
    {.bitmap_index = 37014, .adv_w = 192, .box_w = 12, .box_h = 13, .ofs_x = 0, .ofs_y = -2},
    {.bitmap_index = 37092, .adv_w = 216, .box_w = 14, .box_h = 11, .ofs_x = 0, .ofs_y = -1},
    {.bitmap_index = 37169, .adv_w = 192, .box_w = 12, .box_h = 13, .ofs_x = 0, .ofs_y = -2},
    {.bitmap_index = 37247, .adv_w = 192, .box_w = 12, .box_h = 13, .ofs_x = 0, .ofs_y = -2},
    {.bitmap_index = 37325, .adv_w = 216, .box_w = 14, .box_h = 9, .ofs_x = 0, .ofs_y = 0},
    {.bitmap_index = 37388, .adv_w = 192, .box_w = 12, .box_h = 13, .ofs_x = 0, .ofs_y = -2},
    {.bitmap_index = 37466, .adv_w = 192, .box_w = 13, .box_h = 13, .ofs_x = 0, .ofs_y = -2},
    {.bitmap_index = 37551, .adv_w = 96, .box_w = 6, .box_h = 10, .ofs_x = 0, .ofs_y = -1},
    {.bitmap_index = 37581, .adv_w = 144, .box_w = 9, .box_h = 10, .ofs_x = 0, .ofs_y = -1},
    {.bitmap_index = 37626, .adv_w = 216, .box_w = 14, .box_h = 13, .ofs_x = 0, .ofs_y = -2},
    {.bitmap_index = 37717, .adv_w = 192, .box_w = 12, .box_h = 9, .ofs_x = 0, .ofs_y = 0},
    {.bitmap_index = 37771, .adv_w = 132, .box_w = 9, .box_h = 13, .ofs_x = 0, .ofs_y = -2},
    {.bitmap_index = 37830, .adv_w = 168, .box_w = 8, .box_h = 12, .ofs_x = 1, .ofs_y = -2},
    {.bitmap_index = 37878, .adv_w = 168, .box_w = 11, .box_h = 13, .ofs_x = 0, .ofs_y = -2},
    {.bitmap_index = 37950, .adv_w = 168, .box_w = 11, .box_h = 11, .ofs_x = 0, .ofs_y = -1},
    {.bitmap_index = 38011, .adv_w = 168, .box_w = 11, .box_h = 11, .ofs_x = 0, .ofs_y = -1},
    {.bitmap_index = 38072, .adv_w = 168, .box_w = 8, .box_h = 12, .ofs_x = 1, .ofs_y = -2},
    {.bitmap_index = 38120, .adv_w = 168, .box_w = 12, .box_h = 11, .ofs_x = -1, .ofs_y = -1},
    {.bitmap_index = 38186, .adv_w = 120, .box_w = 7, .box_h = 11, .ofs_x = 0, .ofs_y = -1},
    {.bitmap_index = 38225, .adv_w = 120, .box_w = 7, .box_h = 11, .ofs_x = 0, .ofs_y = -1},
    {.bitmap_index = 38264, .adv_w = 168, .box_w = 11, .box_h = 11, .ofs_x = 0, .ofs_y = -1},
    {.bitmap_index = 38325, .adv_w = 168, .box_w = 11, .box_h = 3, .ofs_x = 0, .ofs_y = 3},
    {.bitmap_index = 38342, .adv_w = 216, .box_w = 14, .box_h = 9, .ofs_x = 0, .ofs_y = 0},
    {.bitmap_index = 38405, .adv_w = 240, .box_w = 16, .box_h = 13, .ofs_x = 0, .ofs_y = -2},
    {.bitmap_index = 38509, .adv_w = 216, .box_w = 15, .box_h = 13, .ofs_x = -1, .ofs_y = -2},
    {.bitmap_index = 38607, .adv_w = 192, .box_w = 12, .box_h = 11, .ofs_x = 0, .ofs_y = -1},
    {.bitmap_index = 38673, .adv_w = 168, .box_w = 11, .box_h = 7, .ofs_x = 0, .ofs_y = 1},
    {.bitmap_index = 38712, .adv_w = 168, .box_w = 11, .box_h = 7, .ofs_x = 0, .ofs_y = 1},
    {.bitmap_index = 38751, .adv_w = 240, .box_w = 16, .box_h = 10, .ofs_x = -1, .ofs_y = 0},
    {.bitmap_index = 38831, .adv_w = 192, .box_w = 12, .box_h = 9, .ofs_x = 0, .ofs_y = 0},
    {.bitmap_index = 38885, .adv_w = 192, .box_w = 12, .box_h = 9, .ofs_x = 0, .ofs_y = 0},
    {.bitmap_index = 38939, .adv_w = 192, .box_w = 12, .box_h = 13, .ofs_x = 0, .ofs_y = -2},
    {.bitmap_index = 39017, .adv_w = 144, .box_w = 9, .box_h = 13, .ofs_x = 0, .ofs_y = -2},
    {.bitmap_index = 39076, .adv_w = 192, .box_w = 12, .box_h = 13, .ofs_x = 0, .ofs_y = -2},
    {.bitmap_index = 39154, .adv_w = 192, .box_w = 13, .box_h = 13, .ofs_x = -1, .ofs_y = -2},
    {.bitmap_index = 39239, .adv_w = 186, .box_w = 12, .box_h = 13, .ofs_x = 0, .ofs_y = -2},
    {.bitmap_index = 39317, .adv_w = 240, .box_w = 15, .box_h = 11, .ofs_x = 0, .ofs_y = -1},
    {.bitmap_index = 39400, .adv_w = 168, .box_w = 11, .box_h = 11, .ofs_x = 0, .ofs_y = -1},
    {.bitmap_index = 39461, .adv_w = 168, .box_w = 11, .box_h = 13, .ofs_x = 0, .ofs_y = -2},
    {.bitmap_index = 39533, .adv_w = 168, .box_w = 11, .box_h = 11, .ofs_x = 0, .ofs_y = -1},
    {.bitmap_index = 39594, .adv_w = 168, .box_w = 11, .box_h = 11, .ofs_x = 0, .ofs_y = -1},
    {.bitmap_index = 39655, .adv_w = 192, .box_w = 12, .box_h = 9, .ofs_x = 0, .ofs_y = 0},
    {.bitmap_index = 39709, .adv_w = 120, .box_w = 9, .box_h = 13, .ofs_x = -1, .ofs_y = -2},
    {.bitmap_index = 39768, .adv_w = 168, .box_w = 11, .box_h = 13, .ofs_x = 0, .ofs_y = -2},
    {.bitmap_index = 39840, .adv_w = 168, .box_w = 11, .box_h = 13, .ofs_x = 0, .ofs_y = -2},
    {.bitmap_index = 39912, .adv_w = 216, .box_w = 14, .box_h = 9, .ofs_x = 0, .ofs_y = 0},
    {.bitmap_index = 39975, .adv_w = 192, .box_w = 14, .box_h = 13, .ofs_x = -1, .ofs_y = -2},
    {.bitmap_index = 40066, .adv_w = 186, .box_w = 12, .box_h = 13, .ofs_x = 0, .ofs_y = -2},
    {.bitmap_index = 40144, .adv_w = 144, .box_w = 9, .box_h = 13, .ofs_x = 0, .ofs_y = -2},
    {.bitmap_index = 40203, .adv_w = 240, .box_w = 15, .box_h = 12, .ofs_x = 0, .ofs_y = -1},
    {.bitmap_index = 40293, .adv_w = 240, .box_w = 15, .box_h = 9, .ofs_x = 0, .ofs_y = 0},
    {.bitmap_index = 40361, .adv_w = 240, .box_w = 15, .box_h = 9, .ofs_x = 0, .ofs_y = 0},
    {.bitmap_index = 40429, .adv_w = 240, .box_w = 15, .box_h = 9, .ofs_x = 0, .ofs_y = 0},
    {.bitmap_index = 40497, .adv_w = 240, .box_w = 15, .box_h = 9, .ofs_x = 0, .ofs_y = 0},
    {.bitmap_index = 40565, .adv_w = 240, .box_w = 15, .box_h = 9, .ofs_x = 0, .ofs_y = 0},
    {.bitmap_index = 40633, .adv_w = 216, .box_w = 14, .box_h = 11, .ofs_x = 0, .ofs_y = -1},
    {.bitmap_index = 40710, .adv_w = 240, .box_w = 16, .box_h = 11, .ofs_x = 0, .ofs_y = -1},
    {.bitmap_index = 40798, .adv_w = 168, .box_w = 10, .box_h = 13, .ofs_x = 0, .ofs_y = -2},
    {.bitmap_index = 40863, .adv_w = 168, .box_w = 11, .box_h = 13, .ofs_x = 0, .ofs_y = -2},
    {.bitmap_index = 40935, .adv_w = 168, .box_w = 11, .box_h = 13, .ofs_x = 0, .ofs_y = -2},
    {.bitmap_index = 41007, .adv_w = 192, .box_w = 13, .box_h = 13, .ofs_x = -1, .ofs_y = -2},
    {.bitmap_index = 41092, .adv_w = 144, .box_w = 9, .box_h = 13, .ofs_x = 0, .ofs_y = -2},
    {.bitmap_index = 41151, .adv_w = 192, .box_w = 12, .box_h = 13, .ofs_x = 0, .ofs_y = -2},
    {.bitmap_index = 41229, .adv_w = 240, .box_w = 15, .box_h = 13, .ofs_x = 0, .ofs_y = -2},
    {.bitmap_index = 41327, .adv_w = 240, .box_w = 15, .box_h = 9, .ofs_x = 0, .ofs_y = 0},
    {.bitmap_index = 41395, .adv_w = 192, .box_w = 13, .box_h = 10, .ofs_x = 0, .ofs_y = -1},
    {.bitmap_index = 41460, .adv_w = 144, .box_w = 9, .box_h = 13, .ofs_x = 0, .ofs_y = -2},
    {.bitmap_index = 41519, .adv_w = 193, .box_w = 13, .box_h = 9, .ofs_x = 0, .ofs_y = 0}
};

/*---------------------
 *  CHARACTER MAPPING
 *--------------------*/

static const uint8_t glyph_id_ofs_list_3[] = {
    0, 1, 2, 3, 4, 5, 6, 7,
    0, 0, 8, 9, 10, 11, 12, 13,
    0, 0, 0, 0, 14, 15, 16, 17,
    18, 19, 20, 0, 21
};

static const uint16_t unicode_list_8[] = {
    0x0, 0x1, 0x2, 0x3, 0x4, 0x5, 0x1e, 0x72,
    0x73
};

static const uint16_t unicode_list_10[] = {
    0x0, 0x9, 0xa
};

static const uint16_t unicode_list_12[] = {
    0x0, 0xc, 0xceeb, 0xceef, 0xcef2, 0xcef5, 0xcef6, 0xcef7,
    0xcefb, 0xcefd, 0xceff, 0xcf01, 0xcf03, 0xcf06, 0xcf0b, 0xcf0e,
    0xcf10, 0xcf11, 0xcf12, 0xcf28, 0xcf2d, 0xcf32, 0xcf35, 0xcf36,
    0xcf37, 0xcf3b, 0xcf3c, 0xcf3d, 0xcf3e, 0xcf51, 0xcf52, 0xcf58,
    0xcf5a, 0xcf5b, 0xcf5e, 0xcf61, 0xcf62, 0xcf63, 0xcf65, 0xcf6a,
    0xcf6e, 0xcf77, 0xcf7d, 0xcf7f, 0xcf96, 0xcfaa, 0xcfae, 0xcfaf,
    0xcfb1, 0xcfb3, 0xcfca, 0xcfd1, 0xcfd4, 0xcfdd, 0xd006, 0xd00e,
    0xd038, 0xd045, 0xd0d5, 0xd12a, 0xd12b, 0xd12c, 0xd12d, 0xd12e,
    0xd163, 0xd171, 0xd17d, 0xd1d7, 0xd1dc, 0xd1ee, 0xd2af, 0xd3c1,
    0xd403, 0xd444, 0xd593, 0xd6ac, 0xd78c
};

/*Collect the unicode lists and glyph_id offsets*/
static const lv_font_fmt_txt_cmap_t cmaps[] =
{
    {
        .range_start = 32, .range_length = 95, .glyph_id_start = 1,
        .unicode_list = NULL, .glyph_id_ofs_list = NULL, .list_length = 0, .type = LV_FONT_FMT_TXT_CMAP_FORMAT0_TINY
    },
    {
        .range_start = 160, .range_length = 176, .glyph_id_start = 96,
        .unicode_list = NULL, .glyph_id_ofs_list = NULL, .list_length = 0, .type = LV_FONT_FMT_TXT_CMAP_FORMAT0_TINY
    },
    {
        .range_start = 336, .range_length = 256, .glyph_id_start = 272,
        .unicode_list = NULL, .glyph_id_ofs_list = NULL, .list_length = 0, .type = LV_FONT_FMT_TXT_CMAP_FORMAT0_TINY
    },
    {
        .range_start = 880, .range_length = 29, .glyph_id_start = 528,
        .unicode_list = NULL, .glyph_id_ofs_list = glyph_id_ofs_list_3, .list_length = 29, .type = LV_FONT_FMT_TXT_CMAP_FORMAT0_FULL
    },
    {
        .range_start = 910, .range_length = 20, .glyph_id_start = 550,
        .unicode_list = NULL, .glyph_id_ofs_list = NULL, .list_length = 0, .type = LV_FONT_FMT_TXT_CMAP_FORMAT0_TINY
    },
    {
        .range_start = 931, .range_length = 63, .glyph_id_start = 570,
        .unicode_list = NULL, .glyph_id_ofs_list = NULL, .list_length = 0, .type = LV_FONT_FMT_TXT_CMAP_FORMAT0_TINY
    },
    {
        .range_start = 1008, .range_length = 64, .glyph_id_start = 633,
        .unicode_list = NULL, .glyph_id_ofs_list = NULL, .list_length = 0, .type = LV_FONT_FMT_TXT_CMAP_FORMAT0_TINY
    },
    {
        .range_start = 1072, .range_length = 256, .glyph_id_start = 697,
        .unicode_list = NULL, .glyph_id_ofs_list = NULL, .list_length = 0, .type = LV_FONT_FMT_TXT_CMAP_FORMAT0_TINY
    },
    {
        .range_start = 7808, .range_length = 116, .glyph_id_start = 953,
        .unicode_list = unicode_list_8, .glyph_id_ofs_list = NULL, .list_length = 9, .type = LV_FONT_FMT_TXT_CMAP_SPARSE_TINY
    },
    {
        .range_start = 8208, .range_length = 24, .glyph_id_start = 962,
        .unicode_list = NULL, .glyph_id_ofs_list = NULL, .list_length = 0, .type = LV_FONT_FMT_TXT_CMAP_FORMAT0_TINY
    },
    {
        .range_start = 8240, .range_length = 11, .glyph_id_start = 986,
        .unicode_list = unicode_list_10, .glyph_id_ofs_list = NULL, .list_length = 3, .type = LV_FONT_FMT_TXT_CMAP_SPARSE_TINY
    },
    {
        .range_start = 8356, .range_length = 28, .glyph_id_start = 989,
        .unicode_list = NULL, .glyph_id_ofs_list = NULL, .list_length = 0, .type = LV_FONT_FMT_TXT_CMAP_FORMAT0_TINY
    },
    {
        .range_start = 8470, .range_length = 55181, .glyph_id_start = 1017,
        .unicode_list = unicode_list_12, .glyph_id_ofs_list = NULL, .list_length = 77, .type = LV_FONT_FMT_TXT_CMAP_SPARSE_TINY
    }
};

/*-----------------
 *    KERNING
 *----------------*/


/*Map glyph_ids to kern left classes*/
static const uint8_t kern_left_class_mapping[] =
{
    0, 0, 0, 0, 0, 0, 0, 1,
    0, 2, 0, 0, 0, 3, 4, 3,
    0, 0, 0, 0, 0, 0, 0, 0,
    0, 0, 0, 5, 0, 0, 0, 0,
    0, 0, 6, 7, 8, 9, 10, 11,
    0, 0, 0, 0, 8, 12, 0, 0,
    9, 13, 9, 14, 0, 15, 16, 17,
    17, 8, 18, 19, 2, 0, 0, 0,
    20, 0, 21, 22, 23, 0, 22, 24,
    0, 21, 0, 0, 0, 0, 21, 21,
    22, 22, 0, 25, 0, 23, 0, 26,
    26, 27, 26, 0, 2, 0, 0, 0,
    0, 28, 0, 0, 0, 0, 0, 0,
    0, 0, 0, 29, 0, 0, 0, 0,
    0, 0, 0, 0, 0, 0, 0, 0,
    0, 0, 0, 30, 0, 0, 0, 31,
    6, 6, 6, 6, 6, 6, 10, 8,
    10, 10, 10, 10, 0, 0, 0, 0,
    9, 0, 9, 9, 9, 9, 9, 0,
    9, 16, 16, 16, 16, 18, 13, 0,
    21, 21, 21, 21, 21, 21, 22, 0,
    22, 22, 22, 22, 0, 0, 32, 32,
    22, 0, 22, 22, 22, 22, 22, 0,
    22, 0, 0, 0, 0, 26, 22, 26,
    6, 21, 6, 21, 33, 21, 8, 0,
    8, 0, 8, 0, 8, 0, 9, 34,
    9, 0, 10, 22, 10, 22, 10, 22,
    10, 22, 10, 22, 0, 0, 0, 0,
    0, 0, 0, 0, 0, 21, 0, 0,
    0, 35, 0, 32, 0, 0, 36, 0,
    0, 0, 0, 0, 0, 0, 8, 0,
    27, 12, 0, 12, 0, 12, 34, 12,
    0, 12, 0, 0, 21, 0, 21, 0,
    0, 21, 0, 21, 9, 22, 9, 22,
    9, 22, 10, 22, 0, 25, 0, 25,
    0, 25, 0, 0, 0, 0, 0, 0,
    0, 0, 15, 23, 15, 37, 15, 23,
    16, 0, 16, 0, 16, 0, 16, 0,
    16, 0, 16, 0, 17, 26, 18, 26,
    18, 19, 0, 19, 0, 19, 0, 0,
    0, 0, 0, 0, 0, 0, 0, 0,
    0, 0, 0, 0, 0, 0, 0, 0,
    0, 0, 0, 0, 0, 0, 0, 0,
    0, 0, 0, 0, 0, 0, 0, 0,
    38, 39, 0, 0, 0, 0, 0, 0,
    0, 0, 0, 0, 0, 0, 0, 40,
    41, 0, 0, 0, 0, 0, 0, 0,
    0, 0, 0, 0, 0, 0, 0, 0,
    0, 0, 0, 0, 0, 0, 0, 0,
    0, 0, 0, 0, 0, 0, 0, 0,
    0, 0, 0, 0, 0, 0, 0, 0,
    0, 0, 0, 0, 0, 0, 0, 0,
    0, 0, 0, 0, 0, 0, 0, 0,
    0, 0, 0, 0, 0, 0, 0, 0,
    0, 0, 0, 0, 0, 0, 0, 0,
    0, 0, 6, 21, 10, 22, 9, 0,
    0, 0, 0, 0, 0, 0, 0, 0,
    0, 0, 0, 32, 0, 0, 0, 0,
    0, 0, 0, 0, 0, 0, 0, 0,
    0, 0, 15, 23, 0, 0, 0, 0,
    0, 0, 0, 0, 0, 0, 0, 0,
    0, 0, 0, 0, 0, 0, 0, 0,
    0, 0, 0, 0, 0, 0, 0, 0,
    0, 0, 0, 0, 0, 0, 0, 0,
    0, 0, 0, 0, 0, 0, 0, 0,
    0, 0, 0, 0, 0, 0, 0, 0,
    0, 0, 0, 0, 0, 0, 0, 0,
    0, 0, 0, 0, 0, 0, 42, 7,
    42, 0, 0, 0, 0, 43, 44, 0,
    45, 42, 7, 46, 42, 0, 47, 0,
    43, 0, 48, 42, 0, 0, 0, 43,
    0, 0, 47, 49, 44, 43, 0, 44,
    0, 0, 44, 50, 51, 52, 45, 53,
    50, 54, 55, 56, 51, 57, 52, 58,
    45, 0, 59, 50, 55, 60, 56, 51,
    56, 0, 61, 62, 53, 56, 63, 53,
    56, 45, 53, 56, 53, 56, 48, 0,
    0, 0, 0, 0, 56, 0, 0, 0,
    0, 0, 0, 0, 0, 0, 0, 0,
    0, 0, 0, 0, 0, 0, 0, 0,
    0, 0, 0, 0, 0, 0, 0, 0,
    0, 64, 64, 65, 66, 67, 68, 0,
    0, 0, 69, 69, 65, 70, 0, 71,
    0, 72, 73, 74, 66, 75, 64, 70,
    74, 0, 0, 70, 0, 0, 0, 76,
    0, 77, 67, 66, 71, 78, 70, 75,
    0, 0, 75, 69, 0, 69, 76, 76,
    0, 79, 80, 81, 82, 83, 84, 85,
    81, 86, 86, 85, 86, 86, 86, 84,
    86, 84, 87, 82, 88, 84, 85, 83,
    86, 86, 83, 89, 86, 89, 84, 84,
    86, 84, 84, 90, 91, 87, 92, 0,
    93, 94, 89, 89, 95, 85, 86, 88,
    86, 76, 96, 97, 89, 67, 87, 72,
    98, 72, 98, 99, 0, 99, 0, 100,
    0, 0, 84, 76, 84, 71, 96, 71,
    96, 88, 88, 76, 84, 76, 84, 76,
    96, 67, 0, 0, 0, 0, 0, 0,
    0, 0, 0, 75, 83, 97, 89, 77,
    84, 101, 102, 103, 104, 0, 0, 105,
    106, 100, 81, 105, 106, 70, 85, 70,
    85, 70, 85, 75, 83, 103, 102, 0,
    0, 0, 84, 67, 87, 101, 102, 107,
    108, 107, 108, 105, 106, 75, 83, 75,
    83, 0, 0, 0, 0, 109, 110, 109,
    110, 0, 70, 85, 0, 0, 75, 83,
    0, 0, 75, 83, 0, 0, 75, 83,
    0, 72, 79, 72, 79, 64, 110, 64,
    110, 76, 84, 76, 84, 70, 85, 100,
    81, 0, 0, 0, 86, 0, 86, 76,
    84, 76, 84, 76, 84, 76, 84, 71,
    88, 71, 88, 71, 88, 0, 86, 101,
    102, 0, 86, 103, 104, 105, 106, 70,
    106, 0, 0, 111, 112, 111, 112, 75,
    83, 111, 112, 111, 112, 0, 0, 0,
    112, 0, 0, 75, 83, 0, 0, 0,
    0, 0, 0, 0, 0, 0, 0, 70,
    0, 0, 0, 0, 0, 0, 0, 0,
    0, 0, 0, 70, 85, 0, 0, 0,
    83, 17, 26, 17, 26, 17, 26, 0,
    18, 26, 0, 0, 0, 4, 4, 4,
    0, 0, 0, 0, 3, 0, 0, 0,
    3, 0, 0, 0, 0, 0, 0, 0,
    0, 0, 0, 29, 30, 0, 0, 0,
    0, 0, 0, 0, 0, 0, 0, 0,
    0, 0, 0, 0, 0, 0, 0, 0,
    0, 0, 0, 0, 0, 0, 0, 0,
    0, 0, 0, 0, 0, 0, 0, 0,
    0, 0, 0, 0, 0, 0, 0, 0,
    0, 0, 0, 0, 0, 0, 0, 0,
    0, 0, 0, 0, 0, 0, 0, 0,
    0, 0, 0, 0, 0, 0, 0, 0,
    0, 0, 0, 0, 0, 0, 0, 0,
    0, 0, 0, 0, 0, 0, 0, 0,
    0, 0, 0, 0, 0, 0, 0, 0,
    0, 0, 0, 0, 0, 0, 0, 0,
    0, 0, 0, 0, 0, 0
};

/*Map glyph_ids to kern right classes*/
static const uint8_t kern_right_class_mapping[] =
{
    0, 0, 1, 2, 0, 0, 0, 3,
    2, 0, 4, 0, 0, 5, 6, 5,
    0, 0, 0, 0, 0, 0, 0, 0,
    0, 0, 0, 7, 7, 0, 0, 0,
    8, 0, 9, 0, 10, 0, 0, 0,
    10, 0, 11, 12, 0, 0, 0, 0,
    10, 0, 10, 0, 0, 13, 14, 15,
    15, 16, 17, 18, 0, 0, 4, 0,
    0, 0, 19, 20, 21, 21, 21, 22,
    23, 20, 0, 24, 20, 20, 25, 25,
    21, 25, 21, 25, 26, 22, 25, 27,
    27, 27, 27, 28, 0, 0, 4, 0,
    0, 0, 0, 0, 0, 0, 0, 0,
    0, 0, 0, 29, 0, 0, 0, 0,
    0, 0, 0, 0, 0, 0, 0, 0,
    0, 0, 0, 30, 0, 0, 0, 0,
    9, 9, 9, 9, 9, 9, 31, 10,
    0, 0, 0, 0, 0, 0, 0, 0,
    0, 0, 10, 10, 10, 10, 10, 0,
    10, 14, 14, 14, 14, 17, 0, 0,
    21, 19, 19, 19, 19, 19, 19, 21,
    21, 21, 21, 21, 0, 0, 0, 0,
    0, 0, 21, 21, 21, 21, 21, 0,
    21, 25, 25, 25, 25, 27, 20, 27,
    9, 19, 9, 19, 9, 19, 10, 21,
    10, 21, 10, 21, 10, 21, 0, 21,
    0, 21, 0, 21, 0, 21, 0, 21,
    0, 21, 0, 21, 10, 23, 10, 23,
    10, 23, 10, 23, 0, 20, 0, 32,
    0, 33, 0, 0, 0, 0, 0, 0,
    0, 0, 0, 0, 0, 0, 0, 20,
    25, 0, 20, 0, 20, 0, 20, 0,
    20, 0, 0, 0, 25, 0, 25, 0,
    0, 0, 0, 25, 10, 21, 10, 21,
    10, 21, 10, 21, 0, 25, 0, 25,
    0, 0, 0, 26, 0, 0, 0, 26,
    0, 0, 13, 22, 13, 22, 13, 22,
    14, 25, 14, 25, 14, 25, 14, 25,
    14, 25, 14, 25, 15, 27, 17, 27,
    17, 18, 28, 18, 28, 18, 28, 0,
    0, 0, 0, 0, 0, 0, 0, 0,
    0, 0, 0, 0, 0, 0, 0, 0,
    0, 0, 0, 0, 0, 0, 0, 0,
    0, 0, 0, 0, 0, 0, 0, 0,
    10, 21, 0, 0, 0, 0, 0, 0,
    0, 0, 0, 0, 0, 0, 0, 14,
    25, 0, 0, 0, 0, 0, 0, 0,
    0, 0, 0, 0, 0, 0, 0, 0,
    0, 0, 0, 0, 0, 0, 0, 0,
    0, 0, 0, 0, 0, 0, 0, 0,
    0, 0, 0, 0, 0, 0, 0, 0,
    0, 0, 0, 0, 0, 0, 0, 0,
    0, 0, 0, 0, 0, 0, 0, 0,
    0, 0, 0, 0, 0, 0, 0, 0,
    0, 0, 0, 0, 0, 0, 0, 0,
    0, 0, 9, 19, 31, 19, 10, 21,
    0, 0, 0, 0, 0, 0, 0, 0,
    0, 0, 0, 0, 0, 0, 0, 0,
    0, 0, 0, 0, 0, 0, 0, 0,
    0, 26, 13, 22, 0, 0, 0, 0,
    0, 0, 0, 0, 0, 0, 0, 0,
    0, 0, 0, 0, 0, 0, 0, 0,
    0, 0, 0, 0, 0, 0, 0, 0,
    0, 0, 0, 0, 0, 0, 0, 0,
    0, 0, 0, 0, 0, 0, 0, 0,
    0, 0, 0, 0, 0, 0, 0, 0,
    0, 0, 0, 0, 0, 0, 0, 0,
    0, 0, 0, 0, 0, 0, 34, 0,
    34, 0, 0, 0, 0, 35, 36, 0,
    37, 34, 0, 0, 34, 0, 38, 0,
    35, 0, 0, 34, 0, 0, 0, 35,
    0, 0, 38, 39, 36, 35, 40, 36,
    0, 0, 36, 41, 42, 0, 37, 43,
    41, 44, 45, 41, 42, 46, 0, 47,
    37, 44, 48, 44, 45, 49, 41, 50,
    44, 41, 41, 51, 43, 41, 52, 43,
    41, 37, 43, 41, 43, 41, 0, 0,
    0, 0, 0, 0, 41, 0, 0, 0,
    0, 0, 0, 0, 0, 0, 0, 0,
    0, 0, 0, 0, 0, 0, 0, 0,
    0, 0, 0, 0, 0, 0, 0, 0,
    0, 0, 0, 53, 0, 54, 55, 0,
    0, 56, 57, 0, 53, 0, 0, 58,
    0, 59, 0, 0, 0, 60, 0, 61,
    62, 0, 0, 0, 57, 0, 0, 54,
    0, 0, 54, 53, 58, 63, 61, 0,
    64, 0, 0, 53, 0, 0, 62, 0,
    65, 66, 67, 68, 68, 69, 70, 71,
    72, 68, 68, 68, 73, 68, 68, 70,
    68, 68, 70, 74, 75, 70, 71, 68,
    76, 68, 68, 74, 68, 68, 72, 68,
    77, 70, 70, 78, 68, 70, 79, 0,
    80, 81, 73, 68, 78, 68, 68, 75,
    68, 82, 83, 84, 0, 0, 85, 59,
    69, 0, 85, 0, 0, 0, 85, 62,
    0, 64, 0, 82, 66, 86, 83, 86,
    83, 82, 66, 82, 66, 82, 66, 82,
    83, 82, 66, 0, 0, 0, 0, 0,
    0, 0, 0, 0, 85, 84, 78, 0,
    85, 0, 85, 84, 0, 0, 85, 61,
    71, 62, 72, 0, 85, 0, 85, 0,
    78, 87, 74, 0, 85, 0, 85, 0,
    85, 82, 66, 82, 66, 53, 74, 88,
    89, 88, 89, 61, 71, 87, 74, 64,
    76, 64, 76, 0, 85, 90, 91, 90,
    91, 0, 61, 71, 0, 85, 92, 69,
    0, 85, 0, 85, 64, 76, 0, 85,
    0, 59, 93, 59, 93, 59, 93, 0,
    66, 94, 93, 94, 93, 61, 71, 62,
    72, 0, 0, 0, 68, 0, 68, 82,
    66, 82, 66, 82, 66, 62, 72, 58,
    75, 58, 75, 58, 75, 64, 76, 0,
    85, 0, 68, 84, 0, 61, 71, 61,
    71, 95, 66, 95, 66, 96, 97, 96,
    97, 92, 69, 0, 85, 82, 66, 87,
    74, 0, 66, 92, 69, 0, 0, 0,
    0, 0, 0, 0, 0, 0, 0, 0,
    68, 0, 0, 0, 0, 0, 0, 0,
    0, 0, 0, 60, 69, 0, 0, 57,
    73, 15, 27, 15, 27, 15, 27, 0,
    17, 0, 0, 0, 0, 6, 6, 6,
    0, 0, 98, 2, 5, 0, 98, 2,
    5, 0, 0, 0, 0, 0, 0, 0,
    5, 0, 0, 29, 30, 0, 0, 0,
    0, 0, 0, 0, 0, 0, 0, 0,
    0, 0, 0, 0, 0, 0, 0, 0,
    0, 0, 0, 0, 0, 0, 0, 0,
    0, 0, 0, 0, 0, 0, 0, 0,
    0, 0, 0, 0, 0, 0, 0, 0,
    0, 0, 0, 0, 0, 0, 0, 0,
    0, 0, 0, 0, 0, 0, 0, 0,
    0, 0, 0, 0, 0, 0, 0, 0,
    0, 0, 0, 0, 0, 0, 0, 0,
    0, 0, 0, 0, 0, 0, 0, 0,
    0, 0, 0, 0, 0, 0, 0, 0,
    0, 0, 0, 0, 0, 0, 0, 0,
    0, 0, 0, 0, 0, 0
};

/*Kern values between classes*/
static const int8_t kern_class_values[] =
{
    0, 0, 0, 0, 0, 0, 0, 0,
    0, 0, 0, 0, -12, 0, -4, 0,
    -6, 0, 0, 0, 0, 0, 0, 0,
    0, 0, 0, 0, 0, 0, 0, 0,
    0, 0, 0, 0, 0, 0, 0, 0,
    0, 0, 0, 0, 0, 0, 0, 0,
    0, 0, 0, 0, 0, 0, 0, 0,
    0, 0, 0, 0, 0, 0, 0, 0,
    0, 0, 0, 0, 0, 0, 0, 0,
    0, 0, 0, 0, 0, 0, 0, 0,
    0, 0, 0, 0, 0, 0, 0, 0,
    0, 0, 0, 0, 0, 0, 0, 0,
    0, 0, 0, 0, 0, 0, 0, 0,
    0, 0, 0, 0, 0, 17, 0, 0,
    0, 0, 0, 0, 0, 0, 0, 0,
    0, 8, 0, 0, 0, 0, 0, 0,
    0, 0, 0, 0, 0, 0, 0, 0,
    0, 0, 0, 0, 0, 0, 0, 0,
    0, 0, 0, 0, 0, 0, 0, 0,
    0, 19, 0, 0, 0, 0, 0, 0,
    -6, 0, 0, 0, 0, 0, 0, 0,
    0, 0, 0, 0, 0, 0, 0, 0,
    0, 0, 12, 0, 0, 0, 0, 0,
    0, 0, 0, 0, 0, 0, 0, 0,
    0, 0, 0, 0, 0, 0, 0, 0,
    0, 0, 0, 0, 0, -10, 0, 0,
    -13, -4, -12, 0, -12, 0, 0, 0,
    0, 0, 0, 0, 0, 0, 0, 0,
    0, 0, 0, 0, 0, 0, -10, -12,
    0, 0, -13, 0, 0, 0, 0, 0,
    0, 0, 0, 0, 0, 0, 0, 0,
    -10, 0, 0, 12, 0, -4, 0, 0,
    0, 0, -8, -15, 0, 0, 0, 0,
    0, 0, 0, 0, 0, -8, 0, -12,
    0, 0, 0, 0, 0, -10, 0, 0,
    0, -12, -13, -12, 0, -12, 0, 0,
    0, 0, 0, -13, -10, 0, 0, 0,
    0, 0, 0, 0, 0, 0, 0, 0,
    0, 0, -8, 0, 0, 0, 0, 0,
    0, 0, 0, 0, 0, 0, 0, 0,
    0, 0, 0, 0, 0, 0, 0, 0,
    0, 0, 0, 0, -8, 0, 0, 0,
    0, 0, 0, 0, 0, 0, 0, 0,
    0, 0, -8, 0, 0, 0, 0, -4,
    0, 0, -2, 0, 0, 0, 0, 0,
    0, 0, 0, 0, -2, 0, 0, -4,
    0, 0, 0, 0, 0, 0, 0, 0,
    0, 0, 0, 0, -8, 0, 0, 0,
    0, 0, 0, 0, 0, 0, 0, 0,
    0, 0, 0, 0, 0, 0, 0, 0,
    0, 0, 0, 0, 0, 0, 0, 0,
    0, 0, 0, 0, 0, 0, 0, 0,
    0, 0, 0, 0, 0, 0, 0, 0,
    0, 0, 0, 0, 0, 0, 0, 0,
    0, 0, 0, 0, 0, 0, 0, 0,
    0, 0, 0, 0, -5, 0, 0, 0,
    0, 0, 0, 0, -2, 0, -2, -2,
    0, 0, 0, 0, 0, 0, 0, 0,
    0, 0, 0, -2, 0, 0, 0, 0,
    0, 0, 0, 0, 0, 0, 0, 0,
    0, 0, 0, 0, 0, 0, 0, 0,
    0, 0, 0, -13, 0, 0, 0, 0,
    0, 0, 0, -4, 0, 10, -13, 0,
    -8, 0, -12, 0, 0, 0, 0, 0,
    0, 0, 0, 0, 0, 0, 0, 0,
    0, 0, 0, 0, 0, 0, 0, 0,
    0, 0, 0, 0, 0, 0, 0, 0,
    0, 0, 0, 0, 0, 0, 0, 0,
    0, 0, 0, 0, 0, 0, 0, 0,
    0, 0, 0, 0, 0, 0, 0, 0,
    0, 0, 0, 0, 0, 0, 0, 0,
    0, 0, 0, 0, 0, 0, 0, 0,
    0, 0, 0, 0, 0, 0, 0, 0,
    0, 0, 0, 0, 0, 0, 0, 0,
    -2, 0, 0, 0, 0, 0, 0, 0,
    0, 0, 0, 0, 0, 0, 0, 0,
    0, 0, 0, 0, 0, 0, 0, 0,
    0, 0, 0, 0, 0, 0, 0, 0,
    0, 0, 0, 0, 0, 0, 0, 0,
    0, 0, 0, 0, 0, 0, 0, 0,
    0, 0, 0, 0, 0, 0, 0, 0,
    0, 0, 0, 0, 0, 0, 0, 0,
    0, 0, 0, 0, 0, 0, 0, 0,
    0, 0, 0, 0, 0, 0, 0, 0,
    0, 0, 0, 0, 0, 0, 0, 0,
    0, 0, 0, 0, 0, 0, 0, 0,
    0, 0, 0, 0, 0, 0, 0, -4,
    0, 0, 0, 0, 0, 0, 0, 0,
    0, 0, 0, 0, 0, 0, 0, 0,
    0, 0, -4, 0, 0, 0, 0, 0,
    0, 0, 0, 0, 0, 0, 0, 0,
    0, 0, 0, 0, 0, 0, 0, 0,
    0, 0, 0, 0, 0, 0, 0, 0,
    0, 0, 0, 0, 0, 0, 0, 0,
    0, 0, 0, 0, 0, 0, 0, 0,
    0, 0, 0, 0, 0, 0, 0, 0,
    0, 0, 0, 0, 0, 0, 0, 0,
    0, 0, 0, 0, 0, 0, 0, 0,
    0, 0, 0, 0, -8, 0, 0, 0,
    -4, 0, 0, 0, -6, 0, -2, -4,
    -2, -2, 0, 0, 0, 0, 0, 0,
    0, 0, 0, 0, 0, 0, 0, 0,
    0, 0, 0, 0, 0, 0, 0, 0,
    0, 0, 0, 0, 0, 0, 0, 0,
    0, 0, 0, 0, 0, 0, 0, 0,
    0, 0, 0, 0, 0, 0, 0, 0,
    0, 0, 0, 0, 0, 0, 0, 0,
    0, 0, 0, 0, 0, 0, 0, 0,
    0, 0, 0, 0, 0, 0, 0, 0,
    0, 0, 0, 0, 0, 0, 0, 0,
    0, 0, 0, 0, 0, 0, 0, 0,
    0, 0, 0, 0, 0, 12, 0, 0,
    0, 0, 0, 0, 0, 0, 0, 0,
    0, 0, 0, 0, 0, 0, 0, 0,
    0, 0, 0, 0, 0, 0, 0, 0,
    0, 0, 0, 0, 0, 0, 0, 0,
    0, 0, 0, 0, 0, 0, 0, 0,
    0, 0, 0, 0, 0, 0, 0, 0,
    0, 0, 0, 0, 0, 0, 0, 0,
    0, 0, 0, 0, 0, 0, 0, 0,
    0, 0, 0, 0, 0, 0, 0, 0,
    0, 0, 0, 0, 0, 0, 0, 0,
    0, 0, 0, 0, 0, 0, 0, 4,
    -12, 0, 0, 4, -4, 0, 0, 0,
    0, 0, 0, 0, 0, 0, 0, 0,
    0, 0, 0, 0, 0, 0, 0, 0,
    0, 0, 0, 0, 0, 0, 0, 0,
    0, 0, 0, 0, 0, 0, 0, 0,
    0, 0, 0, 0, 0, 0, 0, 0,
    0, 0, 0, 0, 0, 0, 0, 0,
    0, 0, 0, 0, 0, 0, 0, 0,
    0, 0, 0, 0, 0, 0, 0, 0,
    0, 0, 0, 0, 0, 0, 0, 0,
    0, 0, 0, 0, 0, 0, 0, 0,
    0, 0, 0, 0, 0, 0, 0, -15,
    0, 0, 0, 0, 0, 0, 0, -4,
    0, 0, -4, -2, -4, 0, -6, 0,
    0, 0, 0, 0, 0, 0, 0, 0,
    0, 0, 0, 0, 0, 0, 0, 0,
    0, 0, 0, 0, 0, 0, 0, 0,
    0, 0, 0, 0, 0, 0, 0, 0,
    0, 0, 0, 0, 0, 0, 0, 0,
    0, 0, 0, 0, 0, 0, 0, 0,
    0, 0, 0, 0, 0, 0, 0, 0,
    0, 0, 0, 0, 0, 0, 0, 0,
    0, 0, 0, 0, 0, 0, 0, 0,
    0, 0, 0, 0, 0, 0, 0, 0,
    0, 0, -2, 0, -25, 0, 0, 0,
    -10, 0, 0, 0, 0, 0, 0, -4,
    0, -2, 0, 0, 0, 0, 0, 0,
    0, 0, 0, 0, -4, 0, -6, 0,
    0, 0, 0, 0, 0, 0, 0, 0,
    0, 0, 0, 0, 0, 0, 0, 0,
    0, 0, 0, 0, 0, 0, 0, 0,
    0, 0, 0, 0, 0, 0, 0, 0,
    0, 0, 0, 0, 0, 0, 0, 0,
    0, 0, 0, 0, 0, 0, 0, 0,
    0, 0, 0, 0, 0, 0, 0, 0,
    0, 0, 0, 0, 0, 0, 0, 0,
    0, 0, 0, 0, 0, 0, 0, 0,
    0, 0, 0, 0, 0, 0, 0, 0,
    0, 0, 0, 0, 0, 0, 0, 0,
    0, 0, 0, 0, 0, 0, -2, 0,
    0, 0, 0, 0, 0, 0, 0, 0,
    0, 0, 0, 0, 0, 0, 0, 0,
    0, 0, 0, 0, 0, 0, 0, 0,
    0, 0, 0, 0, 0, 0, 0, 0,
    0, 0, 0, 0, 0, 0, 0, 0,
    0, 0, 0, 0, 0, 0, 0, 0,
    0, 0, 0, 0, 0, 0, 0, 0,
    0, 0, 0, 0, 0, 0, 0, 0,
    0, 0, 0, 0, 0, 0, -4, 0,
    -12, -8, 0, 4, -13, -4, 0, 0,
    4, 0, 0, 0, 0, 0, -15, 0,
    -13, 0, -13, 0, -10, -12, -4, -8,
    -12, -6, 0, 0, 0, 0, 0, 0,
    0, 0, 0, 0, 0, 0, 0, 0,
    0, 0, 0, 0, 0, 0, 0, 0,
    0, 0, 0, 0, 0, 0, 0, 0,
    0, 0, 0, 0, 0, 0, 0, 0,
    0, 0, 0, 0, 0, 0, 0, 0,
    0, 0, 0, 0, 0, 0, 0, 0,
    0, 0, 0, 0, 0, 0, 0, 0,
    0, 0, 0, 0, 0, 0, 0, 0,
    0, 0, -4, 0, 0, 0, -2, 0,
    0, 0, 0, 0, 0, 0, 0, 0,
    0, 0, 0, 0, 0, 0, 0, 0,
    0, 0, 0, 0, 0, 0, 0, 0,
    0, 0, 0, 0, 0, 0, 0, 0,
    0, 0, 0, 0, 0, 0, 0, 0,
    0, 0, 0, 0, 0, 0, 0, 0,
    0, 0, 0, 0, 0, 0, 0, 0,
    0, 0, 0, 0, 0, 0, 0, 0,
    0, 0, 0, 0, 0, 0, 0, 0,
    0, 0, 0, 0, 0, 0, 0, 0,
    0, 0, 0, 0, 0, 0, 0, 0,
    0, 0, 0, 0, -10, 0, 0, 4,
    -8, -2, 0, 0, 0, 0, 0, 0,
    0, 0, -4, 0, -4, 0, -2, 0,
    -2, -2, 0, 0, -6, -2, 0, 0,
    0, 0, 0, 0, 0, 0, 0, 0,
    0, 0, 0, 0, 0, 0, 0, 0,
    0, 0, 0, 0, 0, 0, 0, 0,
    0, 0, 0, 0, 0, 0, 0, 0,
    0, 0, 0, 0, 0, 0, 0, 0,
    0, 0, 0, 0, 0, 0, 0, 0,
    0, 0, 0, 0, 0, 0, 0, 0,
    0, 0, 0, 0, 0, 0, 0, 0,
    0, 0, 0, 0, -6, 0, -12, 0,
    0, 4, -12, -4, 0, 0, 0, 0,
    0, 0, 0, 0, -10, 0, -10, 0,
    -10, 0, -6, -8, 0, -4, -15, -6,
    0, 0, 0, 0, 0, 0, 0, 0,
    0, 0, 0, 0, 0, 0, 0, 0,
    0, 0, 0, 0, 0, 0, 0, 0,
    0, 0, 0, 0, 0, 0, 0, 0,
    0, 0, 0, 0, 0, 0, 0, 0,
    0, 0, 0, 0, 0, 0, 0, 0,
    0, 0, 0, 0, 0, 0, 0, 0,
    0, 0, 0, 0, 0, 0, 0, 0,
    0, 0, 0, 0, 0, 0, 0, 0,
    0, 0, 0, 0, 0, -2, 0, 0,
    0, 0, 0, 0, 0, 0, 0, 0,
    0, 0, 0, 0, 0, 0, 0, 0,
    -4, 0, 0, 0, 0, 0, 0, 0,
    0, 0, 0, 0, 0, 0, 0, 0,
    0, 0, 0, 0, 0, 0, 0, 0,
    0, 0, 0, 0, 0, 0, 0, 0,
    0, 0, 0, 0, 0, 0, 0, 0,
    0, 0, 0, 0, 0, 0, 0, 0,
    0, 0, 0, 0, 0, 0, 0, 0,
    0, 0, 0, 0, 0, 0, 0, 0,
    0, 0, 0, 0, 0, 0, 0, 0,
    0, 0, 0, 0, 0, 0, 0, 0,
    0, 18, 0, 0, 0, 0, 0, 0,
    0, 0, 0, 0, 0, 0, 0, 0,
    0, 0, 0, 0, 0, 0, 0, 0,
    0, 0, 0, 0, 0, 0, 0, 0,
    0, 0, 0, 0, 0, 0, 0, 0,
    0, 0, 0, 0, 0, 0, 0, 0,
    0, 0, 0, 0, 0, 0, 0, 0,
    0, 0, 0, 0, 0, 0, 0, 0,
    0, 0, 0, 0, 0, 0, 0, 0,
    0, 0, 0, 0, 0, 0, 0, 0,
    0, 0, 0, 0, 0, 0, 0, 0,
    0, -2, 0, 0, 0, 0, 0, 0,
    0, 0, 0, 0, 0, 0, 0, 0,
    0, 0, 0, 0, 0, 0, 0, 0,
    0, 0, 0, 0, 0, 0, 0, 0,
    0, 0, 0, 0, 0, 0, 0, 0,
    0, 0, 0, 0, 0, 0, 0, 0,
    0, 0, 0, 0, 0, 0, 0, 0,
    0, 0, 0, 0, 0, 0, 0, 0,
    0, 0, 0, 0, 0, 0, 0, 0,
    0, 0, 0, 0, 0, 0, 0, 0,
    0, 0, 0, 0, 0, 0, 0, 0,
    0, 0, 0, 0, 0, 0, 0, 0,
    0, 0, 0, -2, 0, 0, 0, 0,
    0, 0, 0, 0, 0, 0, 0, 0,
    0, 0, 0, 0, 0, 0, 0, 0,
    0, 0, 0, 0, -4, -2, 0, 0,
    0, 0, 0, 0, 0, 0, 0, 0,
    0, 0, 0, 0, 0, 0, 0, 0,
    0, 0, 0, 0, 0, 0, 0, 0,
    0, 0, 0, 0, 0, 0, 0, 0,
    0, 0, 0, 0, 0, 0, 0, 0,
    0, 0, 0, 0, 0, 0, 0, 0,
    0, 0, 0, 0, 0, 0, 0, 0,
    0, 0, 0, 0, 0, 0, 0, 0,
    0, 0, 0, 0, 0, 4, 0, 0,
    0, 0, 0, 0, 0, 0, 0, 0,
    0, 0, 0, 0, 0, 0, 0, 0,
    0, 0, 0, 0, 0, 0, 0, 0,
    0, 0, 0, 0, 0, 0, 0, 0,
    0, 0, 0, 0, 0, 0, 0, 0,
    0, 0, 0, 0, 0, 0, 0, 0,
    0, 0, 0, 0, 0, 0, 0, 0,
    0, 0, 0, 0, 0, 0, 0, 0,
    0, 0, 0, 0, 0, 0, 0, 0,
    0, 0, 0, 0, 0, 0, 0, 0,
    0, 0, 0, 0, 0, 0, 0, 0,
    0, 0, 0, 0, 0, 0, 0, 12,
    0, 8, -4, 0, 0, 0, 0, 0,
    0, 0, 0, 0, 0, 0, 0, 0,
    0, 0, 0, 0, 0, 0, 0, 0,
    0, 0, 0, 0, 0, 0, 0, 0,
    0, 0, 0, 0, 0, 0, 0, 0,
    0, 0, 0, 0, 0, 0, 0, 0,
    0, 0, 0, 0, 0, 0, 0, 0,
    0, 0, 0, 0, 0, 0, 0, 0,
    0, 0, 0, 0, 0, 0, 0, 0,
    0, 0, 0, 0, 0, 0, 0, 0,
    0, 0, 0, 0, 0, 0, 0, 0,
    0, 0, 0, 0, 0, 0, 0, 0,
    0, 8, 0, 0, -31, 0, 0, 0,
    0, 0, 0, 0, 0, 0, 0, 0,
    0, 0, -4, 0, -4, 0, -2, 0,
    0, 0, 0, 0, 0, 0, 0, 0,
    0, 0, 0, 0, 0, 0, 0, 0,
    0, 0, 0, 0, 0, 0, 0, 0,
    0, 0, 0, 0, 0, 0, 0, 0,
    0, 0, 0, 0, 0, 0, 0, 0,
    0, 0, 0, 0, 0, 0, 0, 0,
    0, 0, 0, 0, 0, 0, 0, 0,
    0, 0, 0, 0, 0, 0, 0, 0,
    0, 0, 0, 0, 0, 0, 0, 0,
    0, 0, 0, 8, 0, 0, -8, 0,
    0, 4, 0, 0, 0, 0, 0, 0,
    0, 0, 0, 0, 0, 0, 0, 0,
    0, 0, 0, 0, 0, 0, 0, 0,
    0, 0, 0, 0, 0, 0, 0, 0,
    0, 0, 0, 0, 0, 0, 0, 0,
    0, 0, 0, 0, 0, 0, 0, 0,
    0, 0, 0, 0, 0, 0, 0, 0,
    0, 0, 0, 0, 0, 0, 0, 0,
    0, 0, 0, 0, 0, 0, 0, 0,
    0, 0, 0, 0, 0, 0, 0, 0,
    0, 0, 0, 0, 0, 0, 0, 0,
    0, 0, 0, 0, 0, 0, 0, 0,
    0, 0, 0, 0, 0, 0, 0, 0,
    0, 0, 0, 0, 0, 0, 0, 0,
    -4, 0, 0, 0, 0, 0, 0, 0,
    0, 0, 0, 0, 0, 0, 0, 0,
    0, 0, 0, 0, 0, 0, 0, 0,
    0, 0, 0, 0, 0, 0, 0, 0,
    0, 0, 0, 0, 0, 0, 0, 0,
    0, 0, 0, 0, 0, 0, 0, 0,
    0, 0, 0, 0, 0, 0, 0, 0,
    0, 0, 0, 0, 0, 0, 0, 0,
    0, 0, 0, 0, 0, 0, 0, 0,
    0, 0, 0, 0, 0, 0, 0, 0,
    0, 0, 0, 0, 0, 0, 0, 0,
    0, 10, -4, 0, -2, 0, -6, 0,
    0, 0, 0, 0, 0, 0, 0, 0,
    0, 0, 0, 0, 0, 0, 0, 0,
    0, 0, 0, 0, 0, 0, 0, 0,
    0, 0, 0, 0, 0, 0, 0, 0,
    0, 0, 0, 0, 0, 0, 0, 0,
    0, 0, 0, 0, 0, 0, 0, 0,
    0, 0, 0, 0, 0, 0, 0, 0,
    0, 0, 0, 0, 0, 0, 0, 0,
    0, 0, 0, 0, 0, 0, 0, 0,
    0, 0, 0, 0, 0, 0, 0, 0,
    0, 0, 0, 0, 0, 0, 0, 0,
    0, 0, 0, 0, -6, 0, -2, 0,
    -6, 0, 0, 0, 0, 0, 0, 0,
    0, 0, 0, 0, 0, 0, 0, 0,
    0, 0, 0, -6, 0, 0, -6, 0,
    0, 0, 0, 0, 0, 0, 0, 0,
    0, 0, 0, 0, -6, 0, 0, 0,
    0, 0, -2, 0, 0, 0, 0, 0,
    0, 0, 0, 0, 0, 0, 0, 0,
    0, 0, 0, 0, 0, 0, 0, 0,
    0, 0, 0, 0, 0, 0, -2, 0,
    0, 0, 0, 0, 0, 0, 0, 0,
    0, 0, 0, 0, 0, 0, 0, 0,
    0, 0, 0, 0, 0, 0, -12, 0,
    -6, -4, -15, 0, 0, 0, 0, 0,
    0, 0, 0, 0, 0, 0, 0, 0,
    0, 0, 0, 0, 0, -15, 0, 0,
    -12, -4, 0, 0, 0, 0, 0, 0,
    0, 0, 0, 0, 0, 0, -12, 0,
    0, 0, 0, -4, 0, 0, -4, 0,
    0, -4, 0, 0, 0, 0, 0, 0,
    0, 0, 0, 0, 0, 0, 0, 0,
    0, 0, 0, 0, 0, 0, 0, 0,
    -8, 0, 0, 0, 0, 0, 0, 0,
    0, 0, 0, 0, 0, 0, 0, 0,
    0, 0, 0, 0, 0, 0, 0, 19,
    -8, 0, -6, 0, -8, 0, 0, 0,
    0, 0, 0, 0, 0, 0, 0, 0,
    0, 0, 0, 0, 0, 0, 0, 0,
    0, 0, 0, 0, 0, 0, 0, 0,
    0, 0, 0, 0, 0, 0, 0, 0,
    0, 0, 0, 0, 0, 0, 0, 0,
    0, 0, 0, 0, 0, 0, 0, 0,
    0, 0, 0, 0, 0, 0, 0, 0,
    0, 0, 0, 0, 0, 0, 0, 0,
    0, 0, 0, 0, 0, 0, 0, 0,
    0, 0, 0, 0, 0, 0, 0, 0,
    0, 10, 0, 0, 0, 0, 0, 0,
    0, 0, 0, 0, 0, 0, 0, 0,
    0, 0, 0, 0, 0, 0, 0, 0,
    0, 0, 0, 0, 0, 0, 0, 0,
    0, 0, 0, 0, 0, 0, 0, 0,
    0, 0, 0, 0, 0, 0, 0, 0,
    0, 0, 0, 0, 0, 0, 0, 0,
    0, 0, 0, 0, 0, 0, 0, 0,
    0, 0, 0, 0, 0, 0, 0, 0,
    0, 0, 0, 0, 0, 0, 0, 0,
    0, 0, 0, 0, 0, 0, 0, 0,
    0, 0, 0, 0, 0, 0, 0, 0,
    0, -13, 0, 0, 0, 0, 0, 0,
    0, -4, 0, 21, -13, 0, -8, 0,
    -12, 0, 0, 0, 0, 0, 0, 0,
    0, 0, 0, 0, 0, 0, 0, 0,
    0, 0, 0, 0, 0, 0, 0, 0,
    0, 0, 0, 0, 0, 0, 0, 0,
    0, 0, 0, 0, 0, 0, 0, 0,
    0, 0, 0, 0, 0, 0, 0, 0,
    0, 0, 0, 0, 0, 0, 0, 0,
    0, 0, 0, 0, 0, 0, 0, 0,
    0, 0, 0, 0, 0, 0, 0, 0,
    0, 0, 0, 0, 0, 0, 0, 0,
    0, 0, 13, 13, 0, 20, 0, 0,
    0, 20, 0, 0, 0, 0, 0, 0,
    0, 0, 0, 0, 0, 6, 0, 0,
    0, 0, 0, 0, 0, 0, 0, 0,
    0, 13, 0, 0, 0, 0, 0, 0,
    0, 0, 0, 0, 0, 0, 0, 0,
    0, 0, 0, 0, 0, 0, 0, 0,
    0, 0, 0, 0, 0, 0, 0, 0,
    0, 0, 0, 0, 0, 0, 0, 0,
    0, 0, 0, 0, 0, 0, 0, 0,
    0, 0, 0, 0, 0, 0, 0, 0,
    0, 0, 0, 0, 0, 0, 0, 0,
    0, 0, 0, 15, 0, 0, 0, 10,
    0, 0, 0, 0, 0, 0, 0, 0,
    0, 0, 0, 0, 0, 0, 0, 0,
    0, 0, 0, 0, 0, 0, 0, 0,
    0, 0, 0, 0, 24, 0, 0, 0,
    0, 0, 0, 0, 0, 0, 0, 0,
    0, 0, 0, 0, 0, 0, 0, 0,
    0, 0, 0, 0, 0, 0, 0, 0,
    0, 0, 0, 0, 0, 0, 0, 0,
    0, 0, 0, 0, 0, 0, 0, 0,
    0, 0, 0, 0, 0, 0, 0, 0,
    0, 0, 0, 0, 0, 0, 0, 0,
    0, 0, 0, 0, 0, 0, 0, 0,
    0, 0, 0, 0, 0, 0, 0, 0,
    0, 10, 0, 0, 0, 0, 0, 0,
    0, 0, 0, 0, 0, 0, 0, 0,
    0, 0, 0, 0, 0, 0, 0, 0,
    0, 0, 0, 0, 0, 0, 0, 0,
    0, 0, 0, 0, 0, 0, 0, 0,
    0, 0, 0, 0, 0, 0, 0, 0,
    0, 0, 0, 0, 0, 0, 0, 0,
    0, 0, 0, 0, 0, 0, 0, 0,
    0, 0, 0, 0, 0, 0, 0, 0,
    0, 0, 0, 0, 0, 0, 0, 0,
    0, 0, 0, 0, 0, 0, 0, 0,
    17, 19, 0, 26, 0, 0, 0, 23,
    0, 0, 0, 0, 0, 0, 0, 0,
    0, 0, 0, 0, 0, 0, 0, 0,
    0, 0, 0, 0, 0, 0, 0, 0,
    0, 0, 0, 0, 0, 0, 0, 0,
    0, 0, 0, 0, 0, 0, 0, 0,
    0, 0, 0, 0, 0, 0, 0, 0,
    0, 0, 0, 0, 0, 0, 0, 0,
    0, 0, 0, 0, 0, 0, 0, 0,
    0, 0, 0, 0, 0, 0, 0, 0,
    0, 0, 0, 0, 0, 0, 0, 0,
    0, 0, 0, 0, 0, 0, 0, 0,
    0, 15, 0, 0, 0, 0, 0, 0,
    0, 0, -4, 0, 4, 0, 12, 0,
    13, 10, 12, 0, 0, 0, 0, 0,
    0, 0, 0, 0, 0, 0, 0, 0,
    0, 0, 0, 0, 0, 0, 0, 0,
    0, 0, 0, 0, 0, 0, 0, 0,
    0, 0, 0, 0, 0, 0, 0, 0,
    0, 0, 0, 0, 0, 0, 0, 0,
    0, 0, 0, 0, 0, 0, 0, 0,
    0, 0, 0, 0, 0, 0, 0, 0,
    0, 0, 0, 0, 0, 0, 0, 0,
    0, 0, 0, 0, 0, 0, 0, 0,
    0, 0, 0, 0, 0, 0, 0, 0,
    0, 0, 0, 0, 0, 0, 0, 0,
    0, 0, 0, 0, 0, 0, 0, 4,
    0, 8, 0, 0, 0, 0, 10, 0,
    0, 0, 0, 0, 0, 0, 0, 0,
    0, 0, 0, 0, 0, 0, 0, 0,
    0, 0, 0, 0, 0, 0, 0, 0,
    0, 0, 0, 0, 0, 0, 0, 0,
    0, 0, 0, 0, 0, 0, 0, 0,
    0, 0, 0, 0, 0, 0, 0, 0,
    0, 0, 0, 0, 0, 0, 0, 0,
    0, 0, 0, 0, 0, 0, 0, 0,
    0, 0, 0, 0, 0, 0, 0, 0,
    0, 0, 0, 0, 0, 0, -6, -2,
    4, 0, 13, 0, 13, 10, 12, 0,
    -6, 0, -4, 0, -4, 0, 0, 0,
    0, 0, 0, 0, 0, 0, 0, 0,
    0, 0, 0, 0, 0, 0, 0, 0,
    0, 0, 0, 0, 0, 0, 0, 0,
    0, 0, 0, 0, 0, 0, 0, 0,
    0, 0, 0, 0, 0, 0, 0, 0,
    0, 0, 0, 0, 0, 0, 0, 0,
    0, 0, 0, 0, 0, 0, 0, 0,
    0, 0, 0, 0, 0, 0, 0, 0,
    0, 0, 0, 0, 0, 0, 0, 0,
    0, 0, 0, 0, 0, 0, 0, 0,
    0, 0, 0, 0, 0, 0, 0, 0,
    0, 0, 0, 4, 0, 10, 0, 0,
    0, 0, 10, 0, 0, 0, 0, 0,
    0, 0, 0, 0, 0, 0, 0, 0,
    0, 0, 0, 0, 0, 0, 0, 0,
    0, 0, 0, 0, 0, 0, 0, 0,
    0, 0, 0, 0, 0, 0, 0, 0,
    0, 0, 0, 0, 0, 0, 0, 0,
    0, 0, 0, 0, 0, 0, 0, 0,
    0, 0, 0, 0, 0, 0, 0, 0,
    0, 0, 0, 0, 0, 0, 0, 0,
    0, 0, 0, -13, 0, 0, 0, 0,
    0, 0, 0, 0, 0, 0, 0, 0,
    0, 0, 0, 0, 0, 0, 0, 0,
    0, 0, 0, 0, 0, 0, 0, 0,
    0, 0, 0, 0, -4, -12, 0, 0,
    -13, 0, 0, 0, 0, 0, 0, 0,
    0, 0, 0, 0, 0, 0, 0, 0,
    0, 0, 0, 0, 0, 0, 0, 0,
    0, 0, 0, 0, 0, 0, 0, 0,
    0, 0, 0, 0, 0, 0, 0, 0,
    0, 0, 0, 0, 0, 0, 0, 0,
    0, 0, 0, 0, 0, 0, 0, 0,
    0, 0, 0, 0, 0, 0, 0, 0,
    -8, 0, 0, 0, 0, 0, 0, 0,
    0, 0, 0, 0, 0, 0, 0, 0,
    0, 0, 0, 0, 0, 0, 0, 0,
    0, 0, 0, 0, 0, -4, 0, -2,
    0, -2, -6, -4, 0, 0, 0, 0,
    0, 0, 0, 0, 0, 0, 0, 0,
    0, 0, 0, 0, 0, 0, 0, 0,
    0, 0, 0, 0, 0, 0, 0, 0,
    0, 0, 0, 0, 0, 0, 0, 0,
    0, 0, 0, 0, 0, 0, 0, 0,
    0, 0, 0, 0, 0, 0, 0, 0,
    0, 0, 0, 0, 0, 0, 0, 0,
    0, 0, -12, 0, 0, 0, 0, 0,
    0, 0, 0, 0, 0, 0, 0, 0,
    0, 0, 0, 0, 0, 0, 0, 0,
    0, 0, -15, -6, 0, 0, 0, -12,
    -4, 0, -6, 0, 0, 0, -10, -10,
    -6, -6, 0, -10, 0, 0, -10, 0,
    0, 0, 0, 0, 0, 0, 0, 0,
    0, 0, 0, 0, 0, 0, 0, 0,
    0, 0, 0, 0, 0, 0, 0, 0,
    0, 0, 0, 0, 0, 0, 0, 0,
    0, 0, 0, 0, 0, 0, 0, 0,
    0, 0, 0, 0, 0, 0, 0, 0,
    0, 8, 0, 0, -4, 0, 0, 0,
    0, 0, 0, 0, 0, 0, 0, 0,
    0, 0, 0, 0, 0, 0, 0, 0,
    0, 0, 0, 0, 0, 0, 0, 0,
    0, 0, 0, 0, 0, 0, 0, 0,
    -4, -4, -2, 0, -4, -4, -4, 0,
    -4, -4, -4, -4, 0, 0, 0, 0,
    0, 0, 0, 0, 0, 0, 0, 0,
    0, 0, 0, 0, 0, 0, 0, 0,
    0, 0, 0, 0, 0, 0, 0, 0,
    0, 0, 0, 0, 0, 0, 0, 0,
    0, 0, 0, 0, 0, 0, 0, 0,
    0, 0, 0, 0, 0, 0, -15, -8,
    0, 0, 0, 0, 0, 0, 0, 0,
    0, 0, 0, 0, 0, 0, 0, 0,
    0, 0, 0, 0, 0, 0, -12, -6,
    0, 0, 0, -13, -4, 0, -10, 0,
    4, 0, -13, -13, -10, -10, -4, -13,
    0, -4, -13, 0, 0, -4, 0, 0,
    0, 0, 0, 0, 0, 0, 0, 0,
    0, 0, 0, 0, 0, 0, 0, 0,
    0, 0, 0, 0, 0, 0, 0, 0,
    0, 0, 0, 0, 0, 0, 0, 0,
    0, 0, 0, 0, 0, 0, 0, 0,
    0, 0, 0, 0, 0, 0, 0, 0,
    0, 0, 0, 0, 0, 0, 0, 0,
    0, 0, 0, 0, 0, 0, 0, 0,
    0, 0, 0, 0, 0, 0, 0, 0,
    -4, 0, 0, 0, 0, 0, -2, 0,
    0, 0, 0, 0, 0, 0, 0, 0,
    0, 0, 0, 0, 0, 0, 0, 0,
    0, 0, 0, 0, 0, 0, 0, 0,
    0, 0, 0, 0, 0, 0, 0, 0,
    0, 0, 0, 0, 0, 0, 0, 0,
    0, 0, 0, 0, 0, 0, 0, 0,
    0, 0, 0, 0, 0, 0, 0, 0,
    0, 0, 0, 0, 0, 0, 0, 0,
    0, 0, 0, 0, 0, 0, 0, 0,
    0, 0, 0, 0, 0, 0, 0, 0,
    0, 0, 0, 0, 0, 0, 0, 0,
    0, 0, -4, 0, 0, 0, 0, 0,
    -4, 0, 0, 0, 0, 0, 0, 0,
    0, 0, 0, 0, 0, 0, 0, 0,
    0, 0, 0, 0, 0, 0, 0, 0,
    0, 0, 0, 0, 0, 0, 0, 0,
    0, 0, 0, 0, 0, 0, 0, 0,
    0, 0, 0, 0, 0, 0, 0, 0,
    0, 0, 0, 0, 0, 0, 0, 0,
    0, 0, 0, 0, 0, 0, 0, 0,
    0, 0, 0, 0, -12, -8, 0, 0,
    0, 0, 0, 0, 0, 0, 0, 0,
    0, 0, 0, 0, 0, 0, 0, 0,
    0, 0, 0, 0, -12, -6, 0, 0,
    0, -13, -4, 0, -10, 0, 4, 0,
    -13, -13, -10, -10, -4, -13, 0, -4,
    -13, 0, 0, -4, 0, 0, 0, 0,
    0, 0, 0, 0, 0, 0, 0, 0,
    0, 0, 0, 0, 0, 0, 0, 0,
    0, 0, 0, 0, 0, 0, 0, 0,
    0, 0, 0, 0, 0, 0, 0, 0,
    0, 0, 0, 0, 0, 0, 0, 0,
    0, 0, 0, 8, 0, 0, -4, 0,
    0, 0, 0, 0, 0, 0, 0, 0,
    0, 0, 0, 0, 0, 0, 0, 0,
    0, 0, 0, 0, 0, 0, 0, 0,
    0, 0, 0, 0, 0, 0, 0, 0,
    0, 0, -2, -4, -2, 0, -1, -4,
    -2, 0, -4, -2, -2, -2, 0, 0,
    0, 0, 0, 0, 0, 0, 0, 0,
    0, 0, 0, 0, 0, 0, 0, 0,
    0, 0, 0, 0, 0, 0, 0, 0,
    0, 0, 0, 0, 0, 0, 0, 0,
    0, 0, 0, 0, 0, 0, 0, 0,
    0, 0, 0, 0, 0, 4, 0, 0,
    0, 0, 0, 0, 0, 0, 0, 0,
    0, 0, 0, 0, 0, 0, 0, 0,
    0, 0, 0, 0, 0, 0, 0, 0,
    0, 0, 0, 0, 0, 0, 0, 0,
    0, 0, 0, 0, -2, 0, 0, 0,
    0, 0, 0, 0, 0, 0, 0, 0,
    0, 0, 0, 0, 0, 0, 0, 0,
    0, 0, 0, 0, 0, 0, 0, 0,
    0, 0, 0, 0, 0, 0, 0, 0,
    0, 0, 0, 0, 0, 0, 0, 0,
    0, 0, 0, 0, 0, 0, 0, 0,
    0, 0, 0, 0, 0, 0, 0, -2,
    0, 0, 0, 0, 0, 0, 0, 0,
    0, 0, 0, 0, 0, 0, 0, 0,
    0, 0, 0, 0, 0, 0, 0, 0,
    0, 0, 0, 0, 0, 0, 0, 0,
    0, 0, 0, 0, 0, 0, 0, 0,
    0, 0, -1, 0, 0, 0, 0, -2,
    0, 0, 0, 0, 0, 0, 0, 0,
    0, 0, 0, 0, 0, 0, 0, 0,
    0, 0, 0, 0, 0, 0, 0, 0,
    0, 0, 0, 0, 0, 0, 0, 0,
    0, 0, 0, 0, 0, 0, 0, 0,
    0, 0, 0, 0, 0, 0, 0, 0,
    0, -2, 0, 0, 0, 0, 0, 0,
    0, 0, 0, 0, 0, 0, 0, 0,
    0, 0, 0, 0, 0, 0, 0, 0,
    0, 0, 0, 0, 0, 0, 0, 0,
    0, 0, 0, 0, 0, 0, 0, 0,
    0, 0, 0, 0, -4, 0, 0, -6,
    0, -2, -2, -4, 0, 0, 0, 0,
    0, 0, 0, 0, 0, 0, 0, 0,
    0, 0, 0, 0, 0, 0, 0, 0,
    0, 0, 0, 0, 0, 0, 0, 0,
    0, 0, 0, 0, 0, 0, 0, 0,
    0, 0, 0, 0, 0, 0, 0, 0,
    0, 0, 0, -2, 0, 0, 0, 0,
    0, 0, 0, 0, 0, 0, 0, 0,
    0, 0, 0, 0, 0, 0, 0, 0,
    0, 0, 0, 0, 0, 0, 0, 0,
    0, 0, 0, 0, 0, 0, 0, 0,
    0, 0, 0, 0, 0, 0, -4, 0,
    0, -4, 0, 0, 0, -4, 0, 0,
    0, 0, 0, 0, 0, 0, 0, 0,
    0, 0, 0, 0, 0, 0, 0, 0,
    0, 0, 0, 0, 0, 0, 0, 0,
    0, 0, 0, 0, 0, 0, 0, 0,
    0, 0, 0, 0, 0, 0, 0, 0,
    0, 0, 0, 0, 0, 8, 0, 0,
    -8, 0, 0, 0, 0, 0, 0, 0,
    0, 0, 0, 0, 0, 0, 0, 0,
    0, 0, 0, 0, 0, 0, 0, 0,
    0, 0, 0, 0, 0, 0, 0, 0,
    0, 0, 0, 0, -2, 0, 0, 0,
    0, 0, 0, -2, 0, 0, 0, 0,
    0, 0, 0, 0, 0, 0, 0, 0,
    0, 0, 0, 0, 0, 0, 0, 0,
    0, 0, 0, 0, 0, 0, 0, 0,
    0, 0, 0, 0, 0, 0, 0, 0,
    0, 0, 0, 0, 0, 0, 0, 0,
    0, 0, 0, 0, 0, 0, 0, -2,
    0, 0, 0, 0, 0, 0, 0, 0,
    0, 0, 0, 0, 0, 0, 0, 0,
    0, 0, 0, 0, 0, 0, 0, 0,
    0, 0, 0, 0, 0, 0, 0, 0,
    0, 0, 0, 0, 0, 0, 0, 0,
    0, 0, -4, 0, 0, -4, 0, -2,
    -2, -4, 0, 0, 0, 0, 0, 0,
    0, 0, 0, 0, 0, 0, 0, 0,
    0, 0, 0, 0, 0, 0, 0, 0,
    0, 0, 0, 0, 0, 0, 0, 0,
    0, 0, 0, 0, 0, 0, 0, 0,
    0, 0, 0, 0, 0, 0, 0, 0,
    0, 4, 0, 0, 0, 0, 0, 0,
    0, 0, 0, 0, 0, 0, 0, 0,
    0, 0, 0, 0, 0, 0, 0, 0,
    0, 0, 0, 0, 0, 0, 0, 0,
    0, 0, 0, 0, 0, 0, 0, 0,
    -5, -2, 0, 0, 0, 0, 0, 0,
    0, 0, -2, 0, 0, 0, 0, 0,
    0, 0, 0, 0, 0, 0, 0, 0,
    0, 0, 0, 0, 0, 0, 0, 0,
    0, 0, 0, 0, 0, 0, 0, 0,
    0, 0, 0, 0, 0, 0, 0, 0,
    0, 0, 0, 0, 0, 0, 0, 0,
    0, 0, 0, 0, 0, 0, 0, 0,
    0, 0, 0, 0, 0, 0, 0, 0,
    0, 0, 0, 0, 0, 0, 0, 0,
    0, 0, 0, 0, 0, 0, 0, 0,
    0, 0, 0, 0, 0, 0, 0, 0,
    0, 0, 0, -2, 0, 0, 0, 0,
    0, -4, 0, 0, 0, 0, 0, 0,
    0, 0, 0, 0, 0, 0, 0, 0,
    0, 0, 0, 0, 0, 0, 0, 0,
    0, 0, 0, 0, 0, 0, 0, 0,
    0, 0, 0, 0, 0, 0, 0, 0,
    0, 0, 0, 0, 0, 0, 0, 0,
    0, 0, 0, 0, 0, 8, 0, 0,
    -4, 0, 0, 0, 0, 0, 0, 0,
    0, 0, 0, 0, 0, 0, 0, 0,
    0, 0, 0, 0, 0, 0, 0, 0,
    0, 0, 0, 0, 0, 0, 0, 0,
    0, 0, 0, 0, -2, 0, 0, 0,
    -4, 0, -4, 0, -2, -2, -4, -10,
    0, 0, 0, 0, 0, 0, 0, 0,
    0, 0, 0, 0, 0, 0, 0, 0,
    0, 0, 0, 0, 0, 0, 0, 0,
    0, 0, 0, 0, 0, 0, 0, 0,
    0, 0, 0, 0, 0, 0, 0, 0,
    0, 0, 0, 0, 0, 0, 0, 4,
    0, 0, 0, 0, 0, 0, 0, 0,
    0, 0, 0, 0, 0, 0, 0, 0,
    0, 0, 0, 0, 0, 0, 0, 0,
    0, 0, 0, 0, 0, 0, 0, 0,
    0, 0, -2, 0, 0, 0, -2, 0,
    -4, 0, 0, 0, 0, 0, 0, 0,
    0, 0, 0, 0, 0, 0, 0, 0,
    0, 0, 0, 0, 0, 0, 0, 0,
    0, 0, 0, 0, 0, 0, 0, 0,
    0, 0, 0, 0, 0, 0, 0, 0,
    0, 0, 0, 0, 0, 0, 0, 0,
    0, 0, 0, 0, 0, 0, 0, 0,
    0, 8, 0, 0, -8, 0, 0, 0,
    0, 0, 0, 0, 0, 0, 0, 0,
    0, 0, 0, 0, 0, 0, 0, 0,
    0, 0, 0, 0, 0, 0, 0, 0,
    0, 0, 0, 0, 0, 0, 0, 0,
    -4, -4, 0, 0, 0, -4, 0, 0,
    -4, 0, 0, 0, 0, 0, 0, 0,
    0, 0, 0, 0, 0, 0, 0, 0,
    0, 0, 0, 0, 0, 0, 0, 0,
    0, 0, 0, 0, 0, 0, 0, 0,
    0, 0, 0, 0, 0, 0, 0, 0,
    0, 0, 0, 0, 0, 0, 0, 0,
    0, 0, 0, 8, 0, 0, -4, 0,
    0, 0, 0, 0, 0, 0, 0, 0,
    0, 0, 0, 0, 0, 0, 0, 0,
    0, 0, 0, 0, 0, 0, 0, 0,
    0, 0, 0, 0, 0, 0, 0, 0,
    0, 0, -4, -4, 0, 0, 0, -4,
    0, 0, -4, 0, 0, 0, 0, 0,
    0, 0, 0, 0, 0, 0, 0, 0,
    0, 0, 0, 0, 0, 0, 0, 0,
    0, 0, 0, 0, 0, 0, 0, 0,
    0, 0, 0, 0, 0, 0, 0, 0,
    0, 0, 0, 0, 0, 0, 0, 0,
    0, 0, 0, 0, 0, 8, 0, 0,
    0, 0, 0, 0, 0, 0, 0, 0,
    0, 0, 0, 0, 0, 0, 0, 0,
    0, 0, 0, 0, 0, 0, 0, 0,
    0, 0, 0, 0, 0, 0, 0, 0,
    0, 0, 0, 0, -6, -4, -2, 0,
    0, 0, 0, -6, 0, 0, 0, 0,
    0, 0, 0, 0, 0, 0, 0, 0,
    0, 0, 0, 0, 0, 0, 0, 0,
    0, 0, 0, 0, 0, 0, 0, 0,
    0, 0, 0, 0, 0, 0, 0, 0,
    0, 0, 0, 0, 0, 0, 0, 0,
    0, 0, 0, 0, 0, 0, 0, 0,
    0, 0, 0, 0, 0, 0, 0, 0,
    0, 0, 0, 0, 0, 0, 0, 0,
    0, 0, 0, 0, 0, 0, 0, 0,
    0, 0, 0, 0, 0, 0, 0, 0,
    0, 0, 0, 0, 0, 0, 0, 0,
    0, 0, 0, 0, 0, 0, 0, 0,
    0, 0, 0, 0, 0, 10, 0, 0,
    0, 0, 0, 0, 0, 0, 0, 0,
    0, 0, 0, 0, 0, 0, 0, 0,
    0, 0, 0, 0, 0, 0, 0, 0,
    0, 0, 0, 0, 0, 0, 0, 0,
    0, 0, 0, 0, 0, 0, 0, 0,
    0, -13, 0, 0, 0, 0, 0, 0,
    0, 0, 0, 0, 0, 0, 0, 0,
    0, 0, 0, 0, 0, 0, 0, 0,
    0, 0, 0, 0, 0, 0, 0, 0,
    0, 0, 0, 0, 0, 0, 0, 0,
    0, 0, 0, 0, 0, 0, 0, 0,
    0, 0, 0, 0, -10, 0, 0, 0,
    0, -4, 0, 0, 0, 0, 0, -6,
    0, 0, 0, 0, 0, 0, 0, 0,
    0, -4, -4, -4, 0, 0, 0, 0,
    0, 0, 0, -4, 0, -8, -12, -10,
    -4, 0, 0, 0, 0, 0, 0, -10,
    -6, -6, 0, 4, 0, 0, -10, -8,
    -6, 0, 0, 0, 0, 0, 0, 0,
    0, 0, 0, 0, 0, 0, 0, 0,
    0, 0, 0, 0, 0, 0, 0, -6,
    0, 0, 0, 0, 0, 0, 0, 0,
    0, 0, 0, 0, 0, 0, 0, 0,
    0, 0, 0, 0, 0, 0, 4, -4,
    0, 0, -5, 0, -13, -5, 0, 0,
    -7, 0, 0, -8, -4, -6, -8, -8,
    -2, -2, -6, -2, -3, -6, -8, 0,
    -4, 0, 0, 0, 0, 0, 0, 0,
    2, 0, 0, 0, 0, 0, 0, 0,
    0, 0, 0, 0, 0, 0, 0, 0,
    0, 0, 0, 0, 0, 0, 0, 0,
    0, 0, 0, 0, 0, 0, 0, 0,
    0, 0, 0, 0, 0, 0, 0, 0,
    -4, 0, 0, 0, 0, 0, 0, 0,
    0, 0, 0, 0, 0, 0, 0, 0,
    0, 0, 0, 0, 0, 0, 0, 0,
    0, -4, 0, 0, 0, 0, 0, 0,
    0, 0, -6, 0, 0, 0, 0, 0,
    0, 0, 0, 0, 0, 0, 0, -4,
    0, 0, 0, 0, 0, -4, 0, 0,
    0, 0, 0, 0, 0, -4, 0, 0,
    0, 0, -4, 0, -4, 0, 0, 0,
    0, 0, -4, 0, 0, 0, 0, 0,
    0, 0, 0, 0, 0, 0, 0, 0,
    0, 0, 0, 0, 0, 0, 0, 0,
    0, 0, 0, 0, 0, 0, 0, 0,
    0, 0, 0, 0, 0, 0, 0, 0,
    0, 0, 0, 0, 0, 0, 0, 0,
    0, 0, 0, 0, 0, 0, 0, 0,
    0, 0, 0, 0, -2, 0, 0, 0,
    0, 0, 0, 0, 0, 0, 0, 0,
    0, 0, 0, 0, 0, 0, 0, 0,
    0, 0, 0, 0, 0, 0, 0, 0,
    0, 0, 0, 0, 0, 0, 0, 0,
    0, -17, 0, 0, -2, 0, 0, 0,
    0, 0, 0, 0, 0, 0, 0, 0,
    0, 0, 0, 0, 0, 0, 0, 0,
    0, 0, 0, 0, 0, 0, 0, 0,
    0, 0, 0, 0, 0, 0, 0, 0,
    0, 0, 0, 0, 0, 0, 0, 0,
    0, 0, 0, 0, -12, 0, 0, 0,
    0, -4, 0, 0, 0, 0, 0, -6,
    0, 0, 0, 0, 0, 0, -4, 0,
    0, -4, -4, 0, -4, 0, 0, 0,
    0, 0, 0, 0, 0, 0, -6, 0,
    0, 0, 0, 0, 0, 0, 0, 0,
    0, -12, 0, 4, 0, 0, 0, -2,
    -2, 0, 0, 0, 0, 0, 0, 0,
    0, 0, 0, 0, 0, 0, 0, 0,
    0, 0, 0, 0, 0, 0, -4, 0,
    0, 0, 0, 0, 0, 0, 0, 0,
    0, 0, 0, 0, 0, 0, 0, 0,
    0, 0, 0, 0, 0, 0, 0, -4,
    0, 0, 0, 0, 0, 0, 0, 0,
    -8, -2, 0, -2, -4, 0, 0, -4,
    0, 0, 0, -2, -2, -4, 0, 0,
    0, 0, 0, -4, 0, 0, 0, 0,
    0, 0, 0, -10, 0, 0, 0, 0,
    -4, 0, -4, 0, 0, 4, 0, 0,
    -13, -4, -2, 0, 0, 0, 0, 0,
    0, 0, 0, 0, 0, 0, 0, 0,
    0, 0, 0, 0, 0, 0, 0, 0,
    -10, -4, 0, 0, 0, 0, 0, 0,
    0, 0, 0, 0, 0, 0, 0, 0,
    0, 0, 0, 0, 0, 0, 0, 0,
    0, -8, -4, 0, -17, 0, -23, -20,
    0, 0, -6, 0, -6, -10, -8, -2,
    -19, -12, -6, -4, -10, 0, 0, -4,
    -10, 10, -6, 0, 0, -2, 0, 0,
    0, 0, 0, 0, 0, -4, -6, -10,
    0, 0, -13, 0, 0, 0, 0, -13,
    0, 0, 0, 0, 0, 0, 0, 0,
    0, 0, 0, 0, 0, 0, 0, 0,
    0, 0, 0, 0, 0, 0, 0, 0,
    0, 0, 0, -2, 0, 0, 0, 0,
    0, 0, 0, 0, 0, 0, 0, 0,
    0, 0, 0, 0, 0, 0, 0, 0,
    0, 0, -13, -4, 0, 10, 0, -5,
    0, 0, 0, 0, -7, -12, 0, 0,
    0, 0, 0, -2, 0, 0, 0, -6,
    -4, -6, 0, 0, 0, 0, 0, 0,
    0, -4, 0, -8, -10, -12, 0, -10,
    0, 0, 0, -2, 0, -13, -6, -8,
    0, 0, 0, 0, 0, 0, 0, 0,
    0, 0, 0, 0, 0, 0, 0, 0,
    0, 0, 0, 0, 0, 0, 0, 0,
    0, 0, 0, 0, 0, 0, 0, 0,
    0, 0, 0, 0, 0, 0, 0, 0,
    0, 0, 0, 0, 0, 0, 0, 0,
    0, 0, 0, 0, 0, 0, 0, 0,
    0, 0, 0, 0, 0, 0, 0, 0,
    0, 0, 0, 0, 0, 0, -2, 0,
    0, 0, -2, 0, 0, 0, 0, 0,
    0, 0, 0, 0, 0, 0, 0, 0,
    0, 0, 0, 0, 0, 0, 0, 0,
    0, 0, 0, 0, 0, -4, 0, 0,
    0, 0, 0, 0, 0, 0, 0, 0,
    0, 0, 0, 0, 0, 0, 0, 0,
    0, 0, 0, 0, 0, 0, 0, 0,
    0, 0, 0, 0, 0, 0, 0, 0,
    0, 0, 0, 0, 0, 0, 0, 0,
    0, 0, 0, 0, 0, 0, 0, 0,
    0, 0, 0, 0, 0, 0, 0, 0,
    0, 0, 0, 0, 0, 0, 0, 0,
    -2, 0, 0, 0, 0, -3, -2, 0,
    0, 0, 0, 0, 0, 0, 0, 0,
    0, 0, 0, 0, 0, 0, 0, 0,
    0, 0, 0, 0, 0, 0, 0, 0,
    6, 0, 0, 0, 0, 0, 0, 0,
    0, 0, 0, 0, 0, 0, 0, 0,
    0, 0, 0, 0, 0, 0, 0, 0,
    0, 0, 0, 0, 0, 0, 0, 0,
    0, 0, 0, 0, 0, 0, 0, 0,
    0, 0, 0, 0, 0, 0, 0, 0,
    0, 0, 0, 17, 6, 0, 0, 8,
    0, 0, -2, -5, 0, 0, 0, 0,
    6, 0, 0, 0, 6, -2, 6, -4,
    0, 0, 0, 0, 13, 0, 0, 0,
    0, 0, 0, 0, 0, 0, 0, 0,
    0, 0, 0, 0, -4, 0, 0, 0,
    0, 0, -8, 0, 0, 0, 0, 0,
    0, 0, 0, 0, 0, 0, 0, 0,
    0, 0, 0, 0, 0, 0, 0, 0,
    0, 0, 0, 0, 0, 0, 0, 0,
    0, 0, 0, 0, 0, 0, 0, 0,
    0, 0, 0, 0, 0, 0, 0, 0,
    0, 0, -4, 0, 0, 0, -2, -8,
    -4, -2, -4, -2, 0, 0, 0, 0,
    0, 0, -2, 0, -3, 0, -2, 0,
    0, 0, -2, 0, 0, 0, 0, 0,
    0, 0, 0, -2, -2, -2, 0, 0,
    0, -4, 0, 0, 0, -4, 0, 0,
    0, 0, 0, 0, -25, -2, -2, 0,
    0, 0, 0, 0, 0, 0, 0, 0,
    0, 0, 0, 0, 0, 0, 0, 0,
    0, 0, 0, 0, -4, -2, 0, 0,
    0, 0, 0, 0, 0, 0, 0, 0,
    0, 0, 0, 0, 0, 0, 0, 0,
    0, 0, 0, 0, 0, 0, 0, 0,
    -12, -4, -10, -12, -4, 0, -2, 0,
    0, -5, 0, 0, -10, -2, 0, 0,
    -8, 0, 0, 0, -2, 0, 0, 0,
    0, 0, 0, 0, 0, 0, 0, 0,
    0, 0, 0, -12, 0, 0, -8, 0,
    0, 0, 0, -2, 0, -5, -8, 0,
    -2, 0, 0, 0, 0, 0, 0, 0,
    0, 0, 0, 0, 0, 0, 0, 0,
    0, 0, 0, 0, 0, 0, 0, 0,
    0, 0, 0, 0, 0, 0, 0, 0,
    0, 0, 0, 0, 0, 0, 0, 0,
    0, 0, 0, 0, 0, 0, -7, 0,
    -2, 0, -4, -6, -7, -6, -8, -6,
    0, 0, -2, 0, 0, 0, -5, 0,
    -3, 0, -3, 0, 0, 0, -2, 0,
    0, 0, 0, 0, 0, 0, 0, 0,
    -4, 0, 0, 0, 0, 0, 0, 0,
    0, 0, 0, 0, 0, -2, 0, 0,
    0, 0, 0, 0, 0, 0, 0, 0,
    0, 0, 0, 0, 0, 0, 0, 0,
    0, 0, 0, 0, 0, 0, 0, 0,
    0, 0, 0, 0, 0, 0, 0, 0,
    0, 0, 0, 0, 0, 0, 0, 0,
    0, 0, 0, 0, 0, 0, 0, 0,
    -8, 0, 0, 0, 0, -7, 0, 0,
    0, 0, 0, 0, 0, 0, 0, 0,
    0, 0, -4, 0, 0, -2, -2, 0,
    0, 0, 0, 0, 0, 0, 0, 0,
    0, 0, 0, 0, 0, 0, 0, 0,
    0, 0, 0, 0, 0, 0, 0, 0,
    0, 0, 0, 0, 0, 0, 0, 0,
    0, 0, 0, 0, 0, 0, 0, 0,
    0, 0, 0, 0, 0, 0, 0, 0,
    0, 0, 0, 0, 0, 0, 0, 0,
    0, 0, 0, 0, 0, 0, 0, 0,
    0, 0, 0, 0, 0, 0, 0, 0,
    0, 0, -4, 0, 0, 0, 0, -7,
    -2, 0, -2, 0, 0, 0, -4, 0,
    0, 0, -2, 0, -4, 0, 0, -2,
    -6, -2, -2, 0, 0, 0, 0, 0,
    0, 0, 0, 0, 0, 0, 0, 0,
    0, 0, 0, 0, 0, 0, -2, 0,
    0, 0, 0, -2, 0, 0, 0, 0,
    0, 0, 0, 0, 0, 0, 0, 0,
    0, 0, 0, 0, 0, 0, 0, 0,
    0, 0, 0, 0, 0, 0, 0, 0,
    0, 0, 0, 0, 0, 0, 0, 0,
    0, 0, 0, 0, 0, 0, 0, 0,
    0, 0, 0, 0, -6, 0, 0, 0,
    0, -2, 0, 0, -2, 0, 0, 0,
    -2, 0, 0, 0, 0, 0, -4, 0,
    0, -2, -2, 0, 0, 0, 0, 0,
    0, 0, 0, 0, 0, 0, 0, 0,
    0, 0, 0, 0, 0, 0, 0, 0,
    0, 0, 0, 6, 0, 0, -8, -4,
    0, 0, 0, 0, 0, 0, 0, 0,
    0, 0, 0, 0, 0, 0, 0, 0,
    0, 0, 0, 0, 0, 0, 0, 0,
    0, 0, 0, 0, 0, 0, 0, 0,
    0, 0, 0, 0, 0, 0, 0, 0,
    0, 0, 0, 0, 0, 0, 0, 0,
    0, 0, -4, 0, -6, -6, -2, 0,
    0, 0, 0, 0, 0, 0, -8, -2,
    0, 0, -6, 0, 0, 0, 0, 0,
    0, 0, 0, 0, 0, 0, 0, 0,
    0, 0, 0, 0, 0, 0, 0, 0,
    0, 0, 0, 8, 0, -2, 0, 0,
    4, 0, 0, 0, 0, 0, 0, 0,
    0, 0, 0, 0, 0, 0, 0, 0,
    0, 0, 0, 0, 0, 0, 0, 0,
    0, 0, 0, 0, 0, 0, 0, 0,
    0, 0, 0, 0, 0, 0, 0, 0,
    0, 0, 0, 0, 0, 0, 0, 0,
    -6, 0, 0, 19, 4, 0, 0, 6,
    0, 0, 0, -3, 0, 0, 0, 0,
    4, 0, 0, 0, 5, -3, 0, -6,
    0, 0, 0, 0, 12, 0, 0, 0,
    0, 0, 0, 0, 0, 0, 0, 0,
    0, 0, 0, 0, 0, 0, 0, 0,
    0, 0, 0, 0, 0, 0, 0, 0,
    0, 0, 0, 0, 0, 0, 0, 0,
    0, 0, 0, 0, 0, 0, 0, 0,
    0, 0, 0, 0, 0, 0, 0, 0,
    0, 0, 0, 0, 0, 0, 0, 0,
    0, 0, 0, 0, 0, 0, 0, 0,
    0, 0, -8, 0, 0, 0, 0, -7,
    -2, 0, -4, 0, 0, 0, -4, 0,
    0, 0, -2, 0, -4, 0, 0, -2,
    -6, -2, -2, 0, 0, 0, 0, 0,
    0, 0, 0, 0, 0, 0, 0, 0,
    0, 0, 0, 0, 0, 0, -2, 0,
    0, 0, 0, 0, 0, -2, 0, 0,
    0, 0, 0, 0, 0, 0, 0, 0,
    0, 0, 0, 0, 0, 0, 0, 0,
    0, 0, 0, 0, 0, 0, 0, 0,
    0, 0, 0, 0, 0, 0, 0, 0,
    0, 0, 0, 0, 0, 0, 0, 0,
    0, 0, 0, 0, -2, -3, 0, 0,
    0, -2, 0, 0, 0, 0, -3, -2,
    0, -4, 0, 0, 0, -4, 0, 0,
    0, 0, 0, -4, -2, 0, 0, 0,
    0, 0, 0, 0, 0, 0, 0, 0,
    0, 0, -4, 0, 0, 0, 0, 0,
    0, 6, 0, 0, 0, 0, 0, 0,
    0, 0, 0, 0, 0, 0, 0, 0,
    0, 0, 0, 0, 0, 0, 0, 0,
    0, 0, 0, 0, 0, 0, 0, 0,
    0, 0, 0, 0, 0, 0, 0, 0,
    0, 0, 0, 0, 0, 0, 0, 0,
    0, 0, 0, 0, 0, 0, -6, 0,
    0, 0, 0, 0, 0, 0, 0, 0,
    0, 0, 0, 0, 0, 0, 0, 0,
    0, 0, 0, 0, 0, 0, 0, -1,
    0, 0, 0, 0, 0, 0, 0, 0,
    0, 0, 0, 0, 0, 0, 0, 0,
    0, 0, 0, 0, 0, 4, 0, 0,
    0, 0, 0, 0, 0, 0, 0, 0,
    0, 0, 0, 0, 0, 0, 0, 0,
    0, 0, 0, 0, 0, 0, 0, 0,
    0, 0, 0, 0, 0, 0, 0, 0,
    0, 0, 0, 0, 0, 0, 0, 0,
    0, 0, 0, 0, 0, 0, 0, 0,
    -4, 0, 0, 0, 0, 0, 0, 0,
    0, 0, 0, 0, 0, 0, 0, 0,
    0, -2, 0, 0, 0, 0, 0, 0,
    -2, 0, 0, 0, 0, 0, 0, 0,
    0, 0, 0, 0, 0, 0, 0, 0,
    0, 0, 0, 0, 0, 0, 0, 4,
    0, 0, -8, 0, 0, 0, 0, 0,
    0, 0, 0, 0, 0, 0, 0, 0,
    0, 0, 0, 0, 0, 0, 0, 0,
    0, 0, 0, 0, 0, 0, 0, 0,
    0, 0, 0, 0, 0, 0, 0, 0,
    0, 0, 0, 0, 0, 0, 0, 0,
    0, 0, 0, 0, 0, 0, -4, 0,
    -4, -6, -2, 0, 0, 0, 0, -2,
    0, 0, -10, -6, 0, 0, -10, 0,
    0, 0, -6, 0, 0, 0, 0, 0,
    0, 0, 0, 0, 0, 0, 0, 0,
    0, 0, 0, 0, 0, 0, 0, 8,
    0, -15, 0, 0, 0, 0, -2, 0,
    0, 0, 0, 0, 0, 0, 0, 0,
    0, 0, 0, 0, 0, 0, 0, 0,
    0, 0, 0, 0, 0, 0, 0, 0,
    0, 0, 0, 0, 0, 0, 0, 0,
    0, 0, 0, 0, 0, 0, 0, 0,
    0, 0, 0, 0, -12, 0, 0, 0,
    0, -4, -2, 0, -2, 0, -2, -13,
    -4, 0, 0, 0, 0, 0, -4, 0,
    0, -12, -9, -8, -4, 0, 0, 0,
    0, 0, -4, 0, 0, 0, 0, 0,
    -6, 0, -4, 0, 0, 0, 0, 0,
    -10, -6, 0, -2, 0, 0, 0, 0,
    0, 0, 0, 0, 0, 0, 0, 0,
    0, 0, 0, 0, 0, 0, 0, 0,
    0, 0, 0, 0, 0, 0, 0, 0,
    0, 0, 0, 0, 0, 0, 0, 0,
    0, 0, 0, 0, 0, 0, 0, 0,
    0, 0, 0, 0, 0, 0, -8, 0,
    0, 8, 0, 0, 0, 0, 0, 0,
    0, 0, 0, 0, 0, 0, 0, 0,
    0, 0, 0, -6, -10, 0, 0, 0,
    0, 0, 4, 0, 0, 0, 0, 0,
    0, 0, 0, 0, 0, 0, 0, 0,
    0, 0, -4, 0, 0, 6, 0, 0,
    -8, -4, 0, 0, 0, 0, 0, 0,
    0, 0, 0, 0, 0, 0, 0, 0,
    0, 0, 0, 0, 0, 0, 0, 0,
    0, 0, 0, 0, 0, 0, 0, 0,
    0, 0, 0, 0, 0, 0, 0, 0,
    0, 0, 0, 0, 0, 0, 0, 0,
    0, 0, 0, 0, -4, 1, -6, -6,
    -2, 0, 0, 0, 0, 0, 0, 0,
    -8, -2, 0, 0, -6, 0, 0, 0,
    0, 1, 0, 1, 0, 0, 0, 0,
    0, 0, 0, 0, 0, 0, 0, 0,
    0, 0, 0, 0, 0, 8, 0, 0,
    0, 0, 0, 0, 0, 0, 0, 0,
    0, 0, 0, 0, 0, 0, 0, 0,
    0, 0, 0, 0, 0, 0, 0, 0,
    0, 0, 0, 0, 0, 0, 0, 0,
    0, 0, 0, 0, 0, 0, 0, 0,
    0, 0, 0, 0, 0, 0, 0, 0,
    0, 0, -4, 0, 0, 0, 0, -6,
    0, 0, 0, 0, 0, 0, -2, 0,
    0, 0, 0, 0, 0, 0, 0, 0,
    0, 0, -4, 0, 0, 0, 0, 0,
    0, 0, 0, 0, 0, 0, 0, 0,
    0, 0, 0, 0, 0, 0, 0, 0,
    0, 6, 0, 0, 0, 0, 0, 0,
    0, 0, 0, 0, 0, 0, 0, 0,
    0, 0, 0, 0, 0, 0, 0, 0,
    0, 0, 0, 0, 0, 0, 0, 0,
    0, 0, 0, 0, 0, 0, 0, 0,
    0, 0, 0, 0, 0, 0, 0, 0,
    0, 0, 0, 0, 4, 0, 0, 0,
    0, 0, 0, 0, 0, 0, 0, 0,
    0, 0, 0, 0, 0, 0, 0, 0,
    0, 0, 0, 0, 0, 7, 0, 2,
    0, 0, 0, 0, 0, 0, 0, 0,
    0, 0, 0, 0, 0, 0, 0, 0,
    0, 0, 0, 0, 0, 0, 0, 0,
    0, 0, 0, 0, 0, 0, 0, 0,
    0, 0, 0, 0, 0, 0, 0, 0,
    0, 0, 0, 0, 0, 0, 0, 0,
    0, 0, 0, 0, 0, 0, 0, 0,
    0, 0, 0, 0, 0, 0, 0, 0,
    0, 0, 0, 0, 0, 0, 0, 0,
    0, 6, 0, 0, 0, 0, 0, 0,
    0, 0, 0, 0, 0, 0, 0, 0,
    0, 0, 0, 0, 0, 0, 0, 0,
    0, 0, 4, 0, 0, 0, 0, 0,
    0, 0, 0, 0, 0, 0, 0, 0,
    0, 0, 0, 0, 0, -2, 0, 0,
    0, 0, 0, 0, 0, 0, 0, 0,
    0, 0, 0, 0, 0, 0, 0, 0,
    0, 0, 0, 0, 0, 0, 0, 0,
    0, 0, 0, 0, 0, 0, 0, 0,
    0, 0, 0, 0, 0, 0, 0, 0,
    0, 0, 0, 0, 0, 0, 0, 0,
    -8, 0, 0, 8, 0, 0, 0, 0,
    0, 0, 0, 0, 0, 0, 0, 0,
    0, 0, 0, 0, 0, -6, -10, 0,
    0, 0, 0, 0, 0, 0, 0, 0,
    0, 0, 0, 0, 0, 0, 0, 0,
    0, 0, 0, 0, -4, 0, 0, 0,
    0, 0, -8, 0, 0, 0, 0, 0,
    0, 0, 0, 0, 0, 0, 0, 0,
    0, 0, 0, 0, 0, 0, 0, 0,
    0, 0, 0, 0, 0, 0, 0, 0,
    0, 0, 0, 0, 0, 0, 0, 0,
    0, 0, 0, 0, 0, 0, 0, 0,
    0, 0, 0, 0, 0, 0, 0, 0,
    0, 0, 0, 0, 0, 0, 0, 0,
    0, 0, -4, 0, 0, 0, 0, 0,
    0, 0, 0, 0, 0, 0, 0, 0,
    0, 0, 0, 0, 0, 0, 0, 0,
    0, 0, 0, 0, 0, 0, 0, 0,
    0, -8, 0, 0, 0, 0, 0, 0,
    0, 0, 0, 0, 0, 0, 0, 0,
    0, 0, 0, 0, 0, 0, 0, 0,
    0, 0, 0, 0, 0, 0, 0, 0,
    0, 0, 0, 0, 0, 0, 0, 0,
    0, 0, 0, 0, 0, 0, 0, 0,
    0, 0, 0, 0, -8, 0, 0, 0,
    0, 0, 0, 0, 0, 0, 0, -8,
    0, 0, 0, 0, 0, 0, 0, 0,
    0, -4, 0, 0, 0, 0, 0, 0,
    0, 0, 0, 0, 0, -6, -4, -6,
    0, 0, 0, 0, 0, 0, 0, -10,
    0, 0, 0, -13, 0, 0, 0, 0,
    0, 0, 0, 0, 0, 0, 0, 0,
    0, 0, 0, 0, 0, 0, 0, 0,
    0, 0, 0, 0, 0, 0, 0, 0,
    0, 0, 0, 0, 0, 0, 0, 0,
    0, 0, 0, 0, 0, 0, 0, 0,
    0, 0, 0, 0, 0, 0, 0, 0,
    0, 0, 0, 0, 0, 0, 0, 0,
    0, 0, 0, -4, 0, 0, 0, 0,
    0, 0, 0, -10, -6, -6, 0, 0,
    0, 0, 0, 0, -4, 0, 0, 0,
    0, 0, -4, 0, -4, 0, 0, 0,
    0, 0, -12, 0, 0, 0, 0, 0,
    0, 0, 0, 0, 0, 0, 0, 0,
    0, 0, 0, 0, 0, 0, 0, 0,
    0, 0, 0, 0, 0, 0, 0, 0,
    0, 0, 0, 0, 0, 0, 0, 0,
    0, 0, 0, 0, 0, 0, 0, 0,
    0, 0, 0, 0, 0, 0, 0, 0,
    0, 0, 0, 0, 0, 0, 0, 0,
    0, 0, 0, 0, 0, 0, 0, 0,
    0, 0, 0, 0, 0, 0, 0, 0,
    0, 0, 0, 0, 0, 0, 0, 0,
    0, 0, 0, 0, 0, 0, 0, 0,
    0, 0, 0, -2, 0, 0, 0, 0,
    0, 0, -8, 0, 0, 0, 0, 0,
    0, 0, 0, 0, 0, 0, 0, 0,
    0, 0, 0, 0, 0, 0, 0, 0,
    0, 0, 0, 0, 0, 0, 0, 0,
    0, 0, 0, 0, 0, 0, 0, 0,
    0, 0, 0, 0, 0, 0, 0, 0,
    0, 0, 0, 0, 0, 0, 0, 0,
    0, 0, 0, 0, 0, 0, 0, 0,
    0, 0, 0, 0, 0, 0, 0, 0,
    0, 0, 0, 0, 0, 0, 0, 0,
    0, 0, 0, -2, 0, -2, 0, 0,
    0, 0, 0, 0, 0, -4, 0, 0,
    0, 0, 0, 0, -12, -8, 0, 0,
    0, 0, 0, 0, 0, 0, 0, 0,
    0, 0, 0, 0, 0, 0, 0, 0,
    0, 0, 0, 0, -12, -6, 0, 0,
    0, 0, 0, 0, 0, 0, 0, 0,
    0, 0, 0, 0, 0, 0, 0, 0,
    0, 0, 0, 0, 4, -4, 0, 0,
    -8, 0, -13, -10, 0, 0, -6, 0,
    0, -13, 0, 0, -12, 0, -4, -4,
    0, -8, -8, -10, 0, 0, 0, 0,
    0, -4, -4, 0, -10, 0, 0, 0,
    -8, -10, -13, -10, -15, 0, -13, 0,
    -10, 0, 0, 0, 0, 0, -10, -4,
    0, 0, 0, 0, 0, 0, 0, 0,
    0, 0, 0, 0, 0, 0, 0, 0,
    0, 0, 0, 0, 0, 0, 0, 0,
    0, 0, 0, 0, 0, 0, 0, 0,
    0, 0, 0, 0, 0, 0, 0, 0,
    0, 0, 0, 0, 0, 0, 0, 0,
    0, 0, 0, 0, -6, 0, 0, 0,
    0, 0, 0, -2, 0, 0, -8, -2,
    0, 0, -6, 0, 0, 0, 0, 0,
    0, 0, 0, 0, 0, 0, 0, 0,
    0, 0, 0, 0, 0, 0, 0, 0,
    0, 0, 0, 0, 0, 0, 0, 0,
    -10, -4, 0, 0, 0, 0, 0, 0,
    0, 0, 0, 0, 0, 0, 0, 0,
    0, 0, 0, 0, 0, 0, 0, 0,
    0, 0, 0, 0, 0, 0, 0, 0,
    0, 0, 0, 0, 0, 0, 0, 0,
    0, 0, 0, 0, 0, 0, 0, 0,
    4, 0, 0, 0, 0, 0, -12, 0,
    0, 0, 0, 0, 0, -8, 0, 0,
    -10, 0, -4, -4, 0, 0, 0, -10,
    0, 4, 0, 0, 0, -4, 0, 0,
    -6, 0, 4, 0, 0, -4, -6, -8,
    0, 0, -10, 0, -4, 0, 0, 0,
    0, 0, -6, 0, 0, 0, 0, 0,
    0, 0, 0, 0, 0, 0, 0, 0,
    0, 0, 0, 0, 0, 0, 0, 0,
    0, 0, 0, 0, 0, 0, 0, 0,
    0, 0, 0, 0, 0, 0, 0, 0,
    0, 0, 0, 0, 0, 0, 0, 0,
    0, 0, 0, 0, 0, 0, 0, 0,
    0, 0, 0, 0, 0, 0, 0, -4,
    0, 0, -6, 0, 0, 0, 0, 0,
    0, 0, 0, 0, 0, 0, 0, 0,
    0, 0, 0, 0, 0, 0, 0, 0,
    0, 0, 0, 0, 0, 0, 0, 0,
    0, 0, 0, 0, 0, 0, 0, 0,
    0, 0, 0, 0, 0, 0, 0, 0,
    0, 0, 0, 0, 0, 0, 0, 0,
    0, 0, 0, 0, 0, 0, 0, 0,
    0, 0, 0, 0, 0, 0, 0, 0,
    0, 0, 0, 0, 0, 0, 0, 0,
    0, 0, 0, 0, 0, 0, 0, 0,
    0, 0, 0, 0, 0, 0, 0, 0,
    0, 0, 0, 0, 0, 0, 0, 0,
    0, -4, 0, -10, 0, 0, 0, 0,
    0, -4, 0, 0, 0, 0, 0, 0,
    0, -10, -4, 0, 0, 0, 0, 0,
    -4, 0, 0, 0, 0, 0, 0, 0,
    0, 0, 0, 0, 0, 0, 0, 0,
    0, 0, 0, 0, 0, 0, 0, 0,
    0, 0, 0, 0, 0, 0, 0, 0,
    0, 0, 0, 0, 0, 0, 0, 0,
    0, 0, 0, 0, 0, 0, 0, 0,
    0, 0, 0, 0, 0, 0, 0, 0,
    0, 0, 0, 0, 0, 0, 0, 0,
    0, 0, 0, -2, 0, 0, 0, 0,
    0, 0, 0, 0, 0, -2, 0, 0,
    0, 0, 0, 0, 0, 0, 0, 0,
    0, 0, 0, 0, 0, 0, 0, 0,
    0, 0, -4, 0, 0, 0, 0, 0,
    -12, 0, 0, 0, 0, 0, 0, 0,
    0, 0, 0, 0, 0, 0, 0, 0,
    0, 0, 0, 0, 0, 0, 0, 0,
    0, 0, 0, 0, 0, 0, 0, 0,
    0, 0, 0, 0, 0, 0, 0, 0,
    0, 0, 0, 0, 0, 0, 0, 0,
    0, 0, 0, 0, 0, 0, -12, 0,
    0, 0, 0, 0, 0, -10, 0, 0,
    -10, 0, 0, 0, 0, 0, 0, -8,
    0, 4, 0, 0, 0, -4, 0, 0,
    -6, 0, 0, 0, 0, 0, -8, -8,
    -8, -2, -8, 0, -4, 0, 0, 0,
    0, 0, -8, 0, 0, 0, 0, 0,
    0, 0, 0, 0, 0, 0, 0, 0,
    0, 0, 0, 0, 0, 0, 0, 0,
    0, 0, 0, 0, 0, 0, 0, 0,
    0, 0, 0, 0, 0, 0, 0, 0,
    0, 0, 0, 0, 0, 0, 0, 0,
    0, 0, 0, 0, 0, 0, 0, 0,
    0, 0, 0, 0, 0, 0, 0, 0,
    0, 0, -2, 0, 0, 0, 0, 0,
    0, 0, 0, 0, 0, 0, 0, 0,
    0, 0, 0, 0, 0, 0, 0, 0,
    0, 0, 0, 0, 0, 0, 0, 0,
    0, 0, 0, 0, 0, 0, 0, 0,
    0, 0, 0, 0, 0, 0, 0, 0,
    0, 0, 0, 0, 0, 0, 0, 0,
    0, 0, 0, 0, 0, 0, 0, 0,
    0, 0, 0, 0, 0, 0, 0, 0,
    0, 0, 0, 0, 0, 0, 0, 0,
    0, 0, 0, 0, -4, 0, 0, 0,
    0, 0, 0, 0, 0, 0, 0, 0,
    0, 0, 0, 0, 0, 0, 0, 0,
    0, 0, 0, 0, 0, 0, 0, 0,
    0, 0, 0, 0, 0, -2, 0, -2,
    0, 0, 0, 0, 0, 0, 0, -2,
    0, 0, 0, -2, 0, 0, 0, 0,
    0, 0, 0, 0, 0, 0, 0, 0,
    0, 0, 0, 0, 0, 0, 0, 0,
    0, 0, 0, 0, 0, 0, 0, 0,
    0, 0, 0, 0, 0, 0, 0, 0,
    0, 0, 0, 0, 0, 0, 0, 0,
    0, 0, 0, 0, 0, 0, 0, 0,
    0, 0, 0, 0, 0, 0, 0, 0,
    0, 0, 0, 0, 0, 0, 0, 0,
    -4, 0, 0, 0, -2, 0, 0, 0,
    0, 0, 0, 0, 0, 0, 0, 0,
    0, 0, 0, 0, 0, 0, 0, 0,
    0, 0, 0, 0, 0, -10, 0, 0,
    0, 0, 0, 0, 0, 0, 0, 0,
    0, 0, 0, 0, 0, 0, 0, 0,
    0, 0, 0, 0, 0, 0, 0, 0,
    0, 0, 0, 0, 0, 0, 0, 0,
    0, 0, 0, 0, 0, 0, 0, 0,
    0, 0, 0, 0, 0, 0, 0, 0,
    -13, 0, 0, 0, 0, -6, -6, 0,
    -6, 0, 0, -6, 0, 0, 0, 0,
    0, 0, -4, 0, 0, -6, 0, -4,
    0, 0, 0, 0, 0, 0, 0, 0,
    0, -6, -8, -8, 0, 0, 0, 0,
    0, 0, 0, -6, -4, 0, 0, -10,
    0, 0, 0, 0, 0, 0, 0, 0,
    0, 0, 0, 0, 0, 0, 0, 0,
    0, 0, 0, 0, 0, 0, 0, 0,
    0, 0, 0, 0, 0, 0, 0, 0,
    0, 0, 0, 0, 0, 0, 0, 0,
    0, 0, 0, 0, 0, 0, 0, 0,
    0, 0, 0, 0, 0, 0, 0, 0,
    0, 0, 0, 0, 0, 0, 0, 0,
    0, 0, 0, 0, -4, 0, 0, -6,
    -4, -4, 0, 0, 0, 0, 0, 0,
    0, 0, 0, 0, 0, 0, 0, 0,
    0, 0, 0, 0, 0, 0, -10, 0
};


/*Collect the kern class' data in one place*/
static const lv_font_fmt_txt_kern_classes_t kern_classes =
{
    .class_pair_values   = kern_class_values,
    .left_class_mapping  = kern_left_class_mapping,
    .right_class_mapping = kern_right_class_mapping,
    .left_class_cnt      = 112,
    .right_class_cnt     = 98,
};

/*--------------------
 *  ALL CUSTOM DATA
 *--------------------*/

#if LVGL_VERSION_MAJOR == 8
/*Store all the custom data of the font*/
static  lv_font_fmt_txt_glyph_cache_t cache;
#endif

#if LVGL_VERSION_MAJOR >= 8
static const lv_font_fmt_txt_dsc_t font_dsc = {
#else
static lv_font_fmt_txt_dsc_t font_dsc = {
#endif
    .glyph_bitmap = glyph_bitmap,
    .glyph_dsc = glyph_dsc,
    .cmaps = cmaps,
    .kern_dsc = &kern_classes,
    .kern_scale = 16,
    .cmap_num = 13,
    .bpp = 4,
    .kern_classes = 1,
    .bitmap_format = 0,
#if LVGL_VERSION_MAJOR == 8
    .cache = &cache
#endif
};



/*-----------------
 *  PUBLIC FONT
 *----------------*/

/*Initialize a public general font descriptor*/
#if LVGL_VERSION_MAJOR >= 8
const lv_font_t ui_font_12 = {
#else
lv_font_t ui_font_12 = {
#endif
    .get_glyph_dsc = lv_font_get_glyph_dsc_fmt_txt,    /*Function pointer to get glyph's data*/
    .get_glyph_bitmap = lv_font_get_bitmap_fmt_txt,    /*Function pointer to get glyph's bitmap*/
    .line_height = 18,          /*The maximum line height required by the font*/
    .base_line = 4,             /*Baseline measured from the bottom of the line*/
#if !(LVGL_VERSION_MAJOR == 6 && LVGL_VERSION_MINOR == 0)
    .subpx = LV_FONT_SUBPX_NONE,
#endif
#if LV_VERSION_CHECK(7, 4, 0) || LVGL_VERSION_MAJOR >= 8
    .underline_position = -1,
    .underline_thickness = 1,
#endif
    .dsc = &font_dsc,          /*The custom font data. Will be accessed by `get_glyph_bitmap/dsc` */
#if LV_VERSION_CHECK(8, 2, 0) || LVGL_VERSION_MAJOR >= 9
    .fallback = &ui_emoji_12,
#endif
    .user_data = NULL,
};



#endif /*#if UI_FONT_12*/

